Datetime,Adj Close,Close,High,Low,Open,Volume
2026-08-21 00:00:00+00:00,73048.6796875,73048.6796875,73106.4765625,73010.2734375,73010.2734375,0
2026-08-21 00:01:00+00:00,73117.9375,73117.9375,73119.546875,73053.7421875,73055.8203125,0
2026-08-21 00:02:00+00:00,73121.75,73121.75,73146.0625,73052.171875,73146.0625,0
2026-08-21 00:03:00+00:00,73100.890625,73100.890625,73142.6328125,73100.890625,73142.6328125,0
2026-08-21 00:04:00+00:00,73093.921875,73093.921875,73118.2578125,73076.5234375,73084.8984375,0
2026-08-21 00:05:00+00:00,73149.6015625,73149.6015625,73152.703125,73070.921875,73070.921875,0
2026-08-21 00:06:00+00:00,73265.03125,73265.03125,73281.828125,73156.7265625,73156.7265625,0
2026-08-21 00:07:00+00:00,73250.5078125,73250.5078125,73342.6171875,73240.328125,73303.09375,4464640
2026-08-21 00:08:00+00:00,73201.2265625,73201.2265625,73253.9921875,73196.9375,73253.9921875,0
2026-08-21 00:09:00+00:00,73265.6015625,73265.6015625,73265.6015625,73167.0,73167.0,0
2026-08-21 00:10:00+00:00,73316.640625,73316.640625,73325.609375,73259.34375,73259.34375,6774784
2026-08-21 00:11:00+00:00,73295.7578125,73295.7578125,73313.15625,73276.8125,73309.6875,0
2026-08-21 00:12:00+00:00,73372.3125,73372.3125,73372.3125,73292.28125,73292.28125,0
2026-08-21 00:13:00+00:00,73334.9375,73334.9375,73434.5,73330.09375,73365.3671875,21716992
2026-08-21 00:14:00+00:00,73478.6484375,73478.6484375,73478.6484375,73268.6875,73268.6875,18804736
2026-08-21 00:15:00+00:00,73346.5390625,73346.5390625,73454.8125,73346.5390625,73441.921875,22446080
2026-08-21 00:16:00+00:00,73421.03125,73421.03125,73434.953125,73360.0,73360.0,0
2026-08-21 00:17:00+00:00,73449.140625,73449.140625,73467.9609375,73396.7421875,73430.703125,0
2026-08-21 00:18:00+00:00,73682.046875,73682.046875,73833.34375,73455.2890625,73455.2890625,0
2026-08-21 00:19:00+00:00,73638.4609375,73638.4609375,73825.1015625,73638.4609375,73667.03125,0
2026-08-21 00:20:00+00:00,73640.2734375,73640.2734375,73643.75,73584.6015625,73584.6015625,91930624
2026-08-21 00:21:00+00:00,73709.8828125,73709.8828125,73742.609375,73657.671875,73657.671875,62136320
2026-08-21 00:22:00+00:00,73706.40625,73706.40625,73741.1875,73689.4921875,73741.1875,0
2026-08-21 00:23:00+00:00,73803.4921875,73803.4921875,73803.4921875,73697.7109375,73709.09375,242860032
2026-08-21 00:24:00+00:00,73773.2578125,73773.2578125,73833.1328125,73748.203125,73748.203125,30015488
2026-08-21 00:25:00+00:00,73820.640625,73820.640625,73835.703125,73782.96875,73800.359375,0
2026-08-21 00:26:00+00:00,73824.71875,73824.71875,73840.2421875,73793.3984375,73808.421875,0
2026-08-21 00:27:00+00:00,73855.703125,73855.703125,73856.1484375,73805.75,73850.4609375,72822784
2026-08-21 00:28:00+00:00,73855.6171875,73855.6171875,73855.6171875,73793.6484375,73814.28125,0
2026-08-21 00:29:00+00:00,73699.4296875,73699.4296875,73820.7109375,73669.171875,73807.328125,141578240
2026-08-21 00:30:00+00:00,73734.078125,73734.078125,73776.0,73673.84375,73694.390625,0
2026-08-21 00:31:00+00:00,73888.609375,73888.609375,73916.3515625,73737.71875,73742.53125,0
2026-08-21 00:32:00+00:00,73836.2578125,73836.2578125,73945.1796875,73817.640625,73882.8515625,246333440
2026-08-21 00:33:00+00:00,73751.6328125,73751.6328125,73852.5625,73750.3671875,73852.5625,0
2026-08-21 00:34:00+00:00,73726.5,73726.5,73732.2421875,73676.078125,73727.2890625,0
2026-08-21 00:35:00+00:00,73690.0625,73690.0625,73751.640625,73680.0,73716.6015625,47058944
2026-08-21 00:36:00+00:00,73577.3203125,73577.3203125,73684.6484375,73577.3203125,73684.6484375,0
2026-08-21 00:37:00+00:00,73528.9375,73528.9375,73608.9609375,73515.59375,73583.6875,12845056
2026-08-21 00:38:00+00:00,73685.5078125,73685.5078125,73685.5078125,73518.4921875,73518.4921875,0
2026-08-21 00:39:00+00:00,73625.0,73625.0,73711.4765625,73620.5078125,73711.4765625,0
2026-08-21 00:40:00+00:00,73553.28125,73553.28125,73617.4375,73551.3828125,73617.4375,14147584
2026-08-21 00:41:00+00:00,73546.328125,73546.328125,73584.6015625,73518.4765625,73578.328125,0
2026-08-21 00:42:00+00:00,73601.1796875,73601.1796875,73601.1796875,73530.0,73546.3203125,12222464
2026-08-21 00:43:00+00:00,73699.4375,73699.4375,73706.703125,73657.6875,73677.359375,19095552
2026-08-21 00:44:00+00:00,73685.0234375,73685.0234375,73705.84375,73676.9375,73694.8125,78839808
2026-08-21 00:45:00+00:00,73642.6328125,73642.6328125,73692.46875,73642.6328125,73673.9921875,0
2026-08-21 00:46:00+00:00,73640.1015625,73640.1015625,73640.1015625,73602.0078125,73629.9375,9146368
2026-08-21 00:47:00+00:00,73612.4296875,73612.4296875,73644.171875,73591.5625,73644.171875,0
2026-08-21 00:48:00+00:00,73743.046875,73743.046875,73772.5078125,73647.2421875,73647.2421875,167395328
2026-08-21 00:49:00+00:00,73736.328125,73736.328125,73796.8671875,73730.7578125,73730.7578125,0
2026-08-21 00:50:00+00:00,73732.6484375,73732.6484375,73737.71875,73692.4765625,73737.71875,0
2026-08-21 00:51:00+00:00,73744.6796875,73744.6796875,73772.90625,73734.1171875,73734.1171875,33693696
2026-08-21 00:52:00+00:00,73786.4375,73786.4375,73828.859375,73751.859375,73778.59375,85577728
2026-08-21 00:53:00+00:00,73748.2109375,73748.2109375,73780.203125,73748.171875,73780.203125,0
2026-08-21 00:54:00+00:00,73640.28125,73640.28125,73757.953125,73640.28125,73757.953125,0
2026-08-21 00:55:00+00:00,73619.40625,73619.40625,73652.046875,73575.171875,73633.328125,0
2026-08-21 00:56:00+00:00,73636.046875,73636.046875,73657.8515625,73578.5234375,73605.4765625,0
2026-08-21 00:57:00+00:00,73650.703125,73650.703125,73661.28125,73619.3984375,73633.3203125,0
2026-08-21 00:58:00+00:00,73698.3828125,73698.3828125,73702.1171875,73660.0234375,73660.0234375,7610368
2026-08-21 00:59:00+00:00,73692.40625,73692.40625,73692.46875,73666.046875,73680.0234375,0
2026-08-21 01:00:00+00:00,73675.0703125,73675.0703125,73678.546875,73650.7265625,73658.7734375,0
2026-08-21 01:01:00+00:00,73729.9609375,73729.9609375,73729.9609375,73648.796875,73689.0,0
2026-08-21 01:02:00+00:00,73800.3671875,73800.3671875,73821.2265625,73758.5234375,73758.5234375,0
2026-08-21 01:03:00+00:00,73863.0,73863.0,73863.0,73800.3671875,73817.7578125,0
2026-08-21 01:04:00+00:00,73817.8671875,73817.8671875,73905.859375,73817.8671875,73859.53125,0
2026-08-21 01:05:00+00:00,73808.7578125,73808.7578125,73838.640625,73783.421875,73793.3984375,0
2026-08-21 01:06:00+00:00,73869.9375,73869.9375,73869.9375,73807.328125,73814.8515625,0
2026-08-21 01:07:00+00:00,73859.5234375,73859.5234375,73874.2421875,73842.8515625,73859.5234375,19812352
2026-08-21 01:08:00+00:00,73856.03125,73856.03125,73912.953125,73844.4375,73869.9609375,0
2026-08-21 01:09:00+00:00,73911.71875,73911.71875,73911.71875,73849.078125,73861.390625,0
2026-08-21 01:10:00+00:00,73927.75,73927.75,73940.21875,73908.2265625,73908.2265625,6053888
2026-08-21 01:11:00+00:00,73932.59375,73932.59375,73932.59375,73889.78125,73895.6796875,0
2026-08-21 01:12:00+00:00,73905.0,73905.0,73963.90625,73905.0,73946.296875,552349696
2026-08-21 01:13:00+00:00,73961.1484375,73961.1484375,73969.2265625,73908.84375,73908.84375,0
2026-08-21 01:14:00+00:00,73943.03125,73943.03125,73953.4765625,73900.0,73953.4765625,0
2026-08-21 01:15:00+00:00,73946.421875,73946.421875,73971.7421875,73932.609375,73971.7421875,0
2026-08-21 01:16:00+00:00,74080.1015625,74080.1015625,74080.1015625,73936.0703125,73936.0703125,0
2026-08-21 01:17:00+00:00,74193.6015625,74193.6015625,74193.6015625,74060.0078125,74177.0078125,7598080
2026-08-21 01:18:00+00:00,74584.3671875,74584.3671875,74773.6796875,74242.53125,74242.53125,6246400
2026-08-21 01:19:00+00:00,74646.0,74646.0,74714.90625,74538.1875,74538.1875,0
2026-08-21 01:20:00+00:00,74506.25,74506.25,74660.921875,74501.0078125,74644.2109375,56205312
2026-08-21 01:21:00+00:00,74395.453125,74395.453125,74611.6484375,74350.84375,74472.0,0
2026-08-21 01:22:00+00:00,74287.6171875,74287.6171875,74403.6796875,74287.6171875,74341.5625,0
2026-08-21 01:23:00+00:00,74399.2265625,74399.2265625,74452.578125,74252.7578125,74252.7578125,0
2026-08-21 01:24:00+00:00,74499.8515625,74499.8515625,74543.3671875,74378.0390625,74408.3125,0
2026-08-21 01:25:00+00:00,74527.671875,74527.671875,74577.21875,74468.53125,74475.4765625,31748096
2026-08-21 01:26:00+00:00,74528.1171875,74528.1171875,74544.8984375,74497.75,74502.25,0
2026-08-21 01:27:00+00:00,74698.6875,74698.6875,74698.6875,74529.1171875,74529.1171875,0
2026-08-21 01:28:00+00:00,74724.546875,74724.546875,74724.546875,74635.5703125,74714.8671875,0
2026-08-21 01:29:00+00:00,74708.890625,74708.890625,74757.140625,74708.890625,74729.5390625,15134720
2026-08-21 01:30:00+00:00,74642.5234375,74642.5234375,74719.078125,74583.5078125,74719.078125,662589440
2026-08-21 01:31:00+00:00,74762.2109375,74762.2109375,74939.296875,74642.640625,74642.640625,12288000
2026-08-21 01:32:00+00:00,74895.109375,74895.109375,74897.4296875,74743.4609375,74780.890625,1636732928
2026-08-21 01:33:00+00:00,74727.546875,74727.546875,74964.171875,74727.546875,74964.171875,0
2026-08-21 01:34:00+00:00,74755.2890625,74755.2890625,74826.0703125,74662.421875,74723.6484375,95903744
2026-08-21 01:35:00+00:00,74681.28125,74681.28125,74739.9765625,74681.28125,74715.6015625,0
2026-08-21 01:36:00+00:00,74597.2578125,74597.2578125,74665.421875,74590.328125,74646.0,106102784
2026-08-21 01:37:00+00:00,74637.4609375,74637.4609375,74668.6171875,74555.53125,74586.859375,15798272
2026-08-21 01:38:00+00:00,74528.328125,74528.328125,74611.203125,74520.71875,74611.203125,0
2026-08-21 01:39:00+00:00,74581.28125,74581.28125,74581.28125,74534.640625,74551.71875,168845312
2026-08-21 01:40:00+00:00,74567.8671875,74567.8671875,74637.7265625,74567.8671875,74618.1484375,28499968
2026-08-21 01:41:00+00:00,74527.6875,74527.6875,74599.6015625,74520.7265625,74559.6328125,183570432
2026-08-21 01:42:00+00:00,74746.90625,74746.90625,74767.8984375,74565.9609375,74590.8203125,0
2026-08-21 01:43:00+00:00,74749.9921875,74749.9921875,74759.4296875,74695.5078125,74748.3671875,21073920
2026-08-21 01:44:00+00:00,74716.5,74716.5,74739.921875,74701.3828125,74733.0,68681728
2026-08-21 01:45:00+00:00,74726.0390625,74726.0390625,74754.78125,74697.1796875,74731.6171875,0
2026-08-21 01:46:00+00:00,74820.7578125,74820.7578125,74840.8671875,74689.609375,74689.609375,643072
2026-08-21 01:47:00+00:00,75312.34375,75312.34375,75462.2109375,74826.9609375,74826.9609375,0
2026-08-21 01:48:00+00:00,75376.796875,75376.796875,75704.40625,75361.34375,75361.34375,259141632
2026-08-21 01:49:00+00:00,75571.2890625,75571.2890625,75582.203125,75348.9609375,75348.9609375,606208
2026-08-21 01:50:00+00:00,75394.0625,75394.0625,75529.921875,75394.0625,75529.921875,22347776
2026-08-21 01:51:00+00:00,75531.3203125,75531.3203125,75566.53125,75411.6015625,75411.6015625,0
2026-08-21 01:52:00+00:00,75430.7578125,75430.7578125,75557.75,75403.34375,75557.75,0
2026-08-21 01:53:00+00:00,75404.6796875,75404.6796875,75486.546875,75394.9375,75449.8828125,499781632
2026-08-21 01:54:00+00:00,75373.296875,75373.296875,75406.8671875,75359.640625,75390.1484375,0
2026-08-21 01:55:00+00:00,75364.2109375,75364.2109375,75364.2109375,75298.90625,75341.578125,0
2026-08-21 01:56:00+00:00,75260.453125,75260.453125,75368.8828125,75260.453125,75364.203125,109137920
2026-08-21 01:57:00+00:00,75118.3984375,75118.3984375,75244.5625,75100.0,75244.5625,0
2026-08-21 01:58:00+00:00,75144.5625,75144.5625,75164.5078125,75077.5234375,75126.859375,20344832
2026-08-21 01:59:00+00:00,75107.890625,75107.890625,75161.1875,75061.2265625,75137.6328125,302366720
2026-08-21 02:00:00+00:00,75031.6015625,75031.6015625,75109.6484375,74962.9921875,75107.1328125,0
2026-08-21 02:01:00+00:00,74939.2265625,74939.2265625,75004.4375,74888.84375,74984.2890625,0
2026-08-21 02:02:00+00:00,74858.2890625,74858.2890625,74924.3984375,74830.5234375,74924.3984375,10596352
2026-08-21 02:03:00+00:00,74911.4296875,74911.4296875,74911.4296875,74773.2109375,74811.890625,0
2026-08-21 02:04:00+00:00,75043.0390625,75043.0390625,75043.0390625,74910.4765625,74910.4765625,66670592
2026-08-21 02:05:00+00:00,74980.078125,74980.078125,75014.8828125,74868.71875,75014.8828125,55533568
2026-08-21 02:06:00+00:00,75144.6328125,75144.6328125,75144.6328125,74974.296875,74974.296875,0
2026-08-21 02:07:00+00:00,75039.2421875,75039.2421875,75155.9765625,75035.7734375,75155.9765625,30404608
2026-08-21 02:08:00+00:00,74950.75,74950.75,75035.7265625,74950.75,75035.7265625,218353664
2026-08-21 02:09:00+00:00,74890.46875,74890.46875,74958.5078125,74882.6484375,74950.75,0
2026-08-21 02:10:00+00:00,74753.890625,74753.890625,74893.078125,74753.890625,74893.078125,4399104
2026-08-21 02:11:00+00:00,74735.2109375,74735.2109375,74788.5,74735.2109375,74741.9609375,0
2026-08-21 02:12:00+00:00,74709.6171875,74709.6171875,74780.4765625,74709.6171875,74753.8671875,156258304
2026-08-21 02:13:00+00:00,74762.9921875,74762.9921875,74762.9921875,74653.328125,74709.6796875,0
2026-08-21 02:14:00+00:00,74852.3828125,74852.3828125,74852.3828125,74729.140625,74729.140625,38842368
2026-08-21 02:15:00+00:00,74746.90625,74746.90625,74847.796875,74740.0,74820.0,0
2026-08-21 02:16:00+00:00,74753.8828125,74753.8828125,74753.8828125,74654.296875,74743.453125,0
2026-08-21 02:17:00+00:00,74765.65625,74765.65625,74875.671875,74715.6015625,74715.6015625,0
2026-08-21 02:18:00+00:00,74719.6328125,74719.6328125,74760.828125,74698.171875,74739.9609375,0
2026-08-21 02:19:00+00:00,74698.8671875,74698.8671875,74773.4921875,74698.8671875,74703.78125,0
2026-08-21 02:20:00+00:00,74726.0390625,74726.0390625,74726.0390625,74635.3125,74687.7734375,0
2026-08-21 02:21:00+00:00,74745.8671875,74745.8671875,74753.09375,74710.171875,74710.171875,0
2026-08-21 02:22:00+00:00,74692.65625,74692.65625,74748.7265625,74673.84375,74748.7265625,21864448
2026-08-21 02:23:00+00:00,74680.0,74680.0,74740.5703125,74673.8828125,74692.65625,0
2026-08-21 02:24:00+00:00,74652.9609375,74652.9609375,74673.359375,74622.640625,74666.359375,74129408
2026-08-21 02:25:00+00:00,74762.3203125,74762.3203125,74773.7578125,74665.46875,74665.46875,0
2026-08-21 02:26:00+00:00,74769.1875,74769.1875,74771.2734375,74736.4765625,74767.796875,269586432
2026-08-21 02:27:00+00:00,74844.0078125,74844.0078125,74844.0078125,74757.3515625,74764.15625,0
2026-08-21 02:28:00+00:00,74896.546875,74896.546875,74896.546875,74852.8125,74852.8125,0
2026-08-21 02:29:00+00:00,74949.9375,74949.9375,74952.2265625,74881.5234375,74889.09375,0
2026-08-21 02:30:00+00:00,74983.5625,74983.5625,75034.890625,74943.25,74955.7109375,0
2026-08-21 02:31:00+00:00,74986.5078125,74986.5078125,75010.7890625,74931.359375,74965.0,27865088
2026-08-21 02:32:00+00:00,74981.109375,74981.109375,75010.5078125,74958.7578125,74973.1171875,43413504
2026-08-21 02:33:00+00:00,74676.4375,74676.4375,74973.1328125,74591.671875,74973.1328125,0
2026-08-21 02:34:00+00:00,74739.9609375,74739.9609375,74739.9609375,74639.0390625,74649.4765625,0
2026-08-21 02:35:00+00:00,74678.0625,74678.0625,74767.7890625,74650.921875,74767.7890625,0
2026-08-21 02:36:00+00:00,74735.0,74735.0,74735.0,74677.3125,74677.3125,193683456
2026-08-21 02:37:00+00:00,74772.2890625,74772.2890625,74799.28125,74715.328125,74740.9609375,0
2026-08-21 02:38:00+00:00,74745.0,74745.0,74792.1484375,74745.0,74783.6328125,0
2026-08-21 02:39:00+00:00,74764.328125,74764.328125,74775.7734375,74722.5625,74722.5625,0
2026-08-21 02:40:00+00:00,74764.328125,74764.328125,74783.7734375,74730.6484375,74757.3515625,63565824
2026-08-21 02:41:00+00:00,74718.203125,74718.203125,74750.53125,74696.1015625,74750.53125,0
2026-08-21 02:42:00+00:00,74675.0,74675.0,74729.5234375,74675.0,74705.15625,0
2026-08-21 02:43:00+00:00,74680.796875,74680.796875,74719.078125,74680.796875,74693.5,0
2026-08-21 02:44:00+00:00,74678.96875,74678.96875,74694.46875,74675.0078125,74675.0078125,0
2026-08-21 02:45:00+00:00,74582.53125,74582.53125,74694.09375,74582.53125,74694.09375,0
2026-08-21 02:46:00+00:00,74558.40625,74558.40625,74589.7578125,74548.59375,74576.9375,0
2026-08-21 02:47:00+00:00,74565.5,74565.5,74565.5,74427.3515625,74516.078125,0
2026-08-21 02:48:00+00:00,74447.0,74447.0,74579.8671875,74430.25,74579.8671875,0
2026-08-21 02:49:00+00:00,74440.359375,74440.359375,74459.171875,74418.71875,74459.171875,0
2026-08-21 02:50:00+00:00,74426.2109375,74426.2109375,74482.96875,74409.359375,74451.2890625,654426112
2026-08-21 02:51:00+00:00,74436.7421875,74436.7421875,74436.7421875,74395.453125,74416.328125,0
2026-08-21 02:52:00+00:00,74476.9765625,74476.9765625,74496.859375,74444.171875,74446.4765625,169390080
2026-08-21 02:53:00+00:00,74381.9921875,74381.9921875,74447.6484375,74361.0078125,74447.6484375,0
2026-08-21 02:54:00+00:00,74385.0,74385.0,74412.0,74371.078125,74380.1015625,0
2026-08-21 02:55:00+00:00,74388.5,74388.5,74413.2109375,74388.5,74389.7734375,0
2026-08-21 02:56:00+00:00,74432.1796875,74432.1796875,74432.1796875,74378.109375,74378.109375,131514368
2026-08-21 02:57:00+00:00,74385.0078125,74385.0078125,74442.28125,74385.0078125,74428.3203125,0
2026-08-21 02:58:00+00:00,74364.1796875,74364.1796875,74433.7109375,74364.1796875,74395.3828125,0
2026-08-21 02:59:00+00:00,74409.7109375,74409.7109375,74413.140625,74358.859375,74374.5625,228171776
2026-08-21 03:00:00+00:00,74383.0,74383.0,74444.28125,74379.21875,74444.28125,0
2026-08-21 03:01:00+00:00,74384.1796875,74384.1796875,74410.2265625,74378.0390625,74385.6015625,13287424
2026-08-21 03:02:00+00:00,74419.7890625,74419.7890625,74430.2421875,74378.421875,74405.1015625,0
2026-08-21 03:03:00+00:00,74379.8203125,74379.8203125,74429.9921875,74379.8203125,74429.9921875,0
2026-08-21 03:04:00+00:00,74353.6875,74353.6875,74374.5625,74315.3984375,74370.0078125,0
2026-08-21 03:05:00+00:00,74343.2265625,74343.2265625,74348.1328125,74318.8828125,74344.2578125,394293248
2026-08-21 03:06:00+00:00,74266.4765625,74266.4765625,74329.3203125,74219.6328125,74329.3203125,0
2026-08-21 03:07:00+00:00,74265.65625,74265.65625,74333.5703125,74265.65625,74286.15625,0
2026-08-21 03:08:00+00:00,74284.078125,74284.078125,74308.4921875,74281.5,74281.5,0
2026-08-21 03:09:00+00:00,74309.2734375,74309.2734375,74312.9921875,74277.1328125,74300.0,0
2026-08-21 03:10:00+00:00,74357.1484375,74357.1484375,74357.1484375,74295.171875,74309.28125,0
2026-08-21 03:11:00+00:00,74430.25,74430.25,74447.640625,74360.6171875,74360.6171875,251994112
2026-08-21 03:12:00+00:00,74436.046875,74436.046875,74454.59375,74431.2421875,74431.2421875,8495104
2026-08-21 03:13:00+00:00,74421.796875,74421.796875,74459.109375,74421.796875,74437.1875,0
2026-08-21 03:14:00+00:00,74402.3984375,74402.3984375,74452.1015625,74402.3984375,74440.671875,0
2026-08-21 03:15:00+00:00,74370.609375,74370.609375,74422.796875,74357.15625,74422.796875,24227840
2026-08-21 03:16:00+00:00,74438.9296875,74438.9296875,74438.9296875,74287.5625,74357.15625,0
2026-08-21 03:17:00+00:00,74461.1171875,74461.1171875,74461.1171875,74423.28125,74448.1015625,0
2026-08-21 03:18:00+00:00,74407.5234375,74407.5234375,74456.7265625,74403.0078125,74456.7265625,2957312
2026-08-21 03:19:00+00:00,74405.8828125,74405.8828125,74451.109375,74405.8828125,74410.4765625,1114112
2026-08-21 03:20:00+00:00,74464.421875,74464.421875,74471.9921875,74405.8828125,74405.8828125,0
2026-08-21 03:21:00+00:00,74486.2890625,74486.2890625,74491.4609375,74455.0234375,74463.2890625,0
2026-08-21 03:22:00+00:00,74478.0078125,74478.0078125,74486.140625,74433.7265625,74486.140625,0
2026-08-21 03:23:00+00:00,74573.8125,74573.8125,74573.8125,74504.7890625,74516.296875,51687424
2026-08-21 03:24:00+00:00,74520.0625,74520.0625,74575.140625,74511.5,74568.40625,0
2026-08-21 03:25:00+00:00,74506.7890625,74506.7890625,74529.546875,74475.4765625,74522.4609375,0
2026-08-21 03:26:00+00:00,74527.671875,74527.671875,74527.671875,74502.8515625,74506.7890625,8171520
2026-08-21 03:27:00+00:00,74572.9296875,74572.9296875,74584.109375,74518.5390625,74527.65625,0
2026-08-21 03:28:00+00:00,74565.9609375,74565.9609375,74606.3515625,74565.9609375,74593.6875,43786240
2026-08-21 03:29:00+00:00,74576.390625,74576.390625,74581.53125,74555.0,74562.1015625,296087552
2026-08-21 03:30:00+00:00,74602.28125,74602.28125,74605.2265625,74550.0078125,74571.1796875,4042752
2026-08-21 03:31:00+00:00,74590.9921875,74590.9921875,74617.0703125,74584.359375,74589.0390625,0
2026-08-21 03:32:00+00:00,74602.0390625,74602.0390625,74620.53125,74602.0234375,74606.890625,0
2026-08-21 03:33:00+00:00,74576.40625,74576.40625,74602.0390625,74576.40625,74602.0390625,0
2026-08-21 03:34:00+00:00,74542.2421875,74542.2421875,74576.3984375,74542.2421875,74576.3984375,0
2026-08-21 03:35:00+00:00,74561.8515625,74561.8515625,74570.9296875,74541.8203125,74548.5625,3764224
2026-08-21 03:36:00+00:00,74492.8671875,74492.8671875,74554.4921875,74487.8515625,74554.4921875,0
2026-08-21 03:37:00+00:00,74447.53125,74447.53125,74499.84375,74412.5078125,74499.84375,0
2026-08-21 03:38:00+00:00,74489.5234375,74489.5234375,74489.5234375,74399.2578125,74448.7890625,0
2026-08-21 03:39:00+00:00,74487.171875,74487.171875,74511.578125,74474.1171875,74511.578125,221315072
2026-08-21 03:40:00+00:00,74518.453125,74518.453125,74527.671875,74444.5,74444.5,11059200
2026-08-21 03:41:00+00:00,74557.140625,74557.140625,74557.140625,74507.4375,74507.4375,0
2026-08-21 03:42:00+00:00,74618.6484375,74618.6484375,74618.6484375,74575.40625,74575.40625,0
2026-08-21 03:43:00+00:00,74608.3671875,74608.3671875,74619.640625,74565.65625,74618.2734375,12087296
2026-08-21 03:44:00+00:00,74673.359375,74673.359375,74678.28125,74602.5625,74602.5625,0
2026-08-21 03:45:00+00:00,74667.5390625,74667.5390625,74689.5234375,74628.6015625,74628.6015625,0
2026-08-21 03:46:00+00:00,74698.203125,74698.203125,74715.8671875,74673.578125,74673.59375,0
2026-08-21 03:47:00+00:00,74756.4921875,74756.4921875,74757.3984375,74702.5,74705.1484375,60485632
2026-08-21 03:48:00+00:00,74780.609375,74780.609375,74808.7734375,74765.90625,74765.90625,1331200
2026-08-21 03:49:00+00:00,74747.0390625,74747.0390625,74771.2890625,74722.953125,74771.2890625,0
2026-08-21 03:50:00+00:00,74792.796875,74792.796875,74799.078125,74757.3515625,74757.3515625,0
2026-08-21 03:51:00+00:00,74812.0078125,74812.0078125,74832.65625,74794.453125,74794.453125,0
2026-08-21 03:52:00+00:00,74722.5625,74722.5625,74806.09375,74712.1328125,74806.09375,0
2026-08-21 03:53:00+00:00,74714.15625,74714.15625,74773.2890625,74704.8515625,74717.2421875,1576960
2026-08-21 03:54:00+00:00,74635.453125,74635.453125,74726.859375,74632.078125,74726.859375,20426752
2026-08-21 03:55:00+00:00,74637.921875,74637.921875,74694.7109375,74630.9296875,74630.9296875,0
2026-08-21 03:56:00+00:00,74626.0,74626.0,74663.7578125,74625.1328125,74637.921875,6713344
2026-08-21 03:57:00+00:00,74606.640625,74606.640625,74637.5703125,74586.8515625,74626.0,9146368
2026-08-21 03:58:00+00:00,74546.328125,74546.328125,74604.2265625,74542.546875,74604.2265625,0
2026-08-21 03:59:00+00:00,74478.2734375,74478.2734375,74559.9921875,74470.7421875,74559.9921875,99651584
2026-08-21 04:00:00+00:00,74569.453125,74569.453125,74586.84375,74499.828125,74499.828125,0
2026-08-21 04:01:00+00:00,74570.9296875,74570.9296875,74588.9765625,74545.09375,74588.9765625,0
2026-08-21 04:02:00+00:00,74740.328125,74740.328125,74740.328125,74555.5234375,74568.25,0
2026-08-21 04:03:00+00:00,74764.3203125,74764.3203125,74797.859375,74734.796875,74734.796875,0
2026-08-21 04:04:00+00:00,74753.890625,74753.890625,74801.9921875,74753.890625,74782.5703125,99196928
2026-08-21 04:05:00+00:00,74681.03125,74681.03125,74760.8984375,74681.03125,74760.828125,0
2026-08-21 04:06:00+00:00,74692.6875,74692.6875,74706.78125,74677.5703125,74701.671875,285261824
2026-08-21 04:07:00+00:00,74734.2578125,74734.2578125,74734.2578125,74687.7578125,74705.1484375,0
2026-08-21 04:08:00+00:00,74811.3671875,74811.3671875,74811.3671875,74736.46875,74736.46875,97214464
2026-08-21 04:09:00+00:00,74821.90625,74821.90625,74830.4296875,74808.5,74811.3828125,0
2026-08-21 04:10:00+00:00,74806.09375,74806.09375,74872.4921875,74806.09375,74841.359375,0
2026-08-21 04:11:00+00:00,74767.796875,74767.796875,74802.5234375,74767.796875,74767.8125,0
2026-08-21 04:12:00+00:00,74802.21875,74802.21875,74802.21875,74733.0,74767.796875,0
2026-08-21 04:13:00+00:00,74817.8203125,74817.8203125,74817.8203125,74795.6484375,74813.03125,64966656
2026-08-21 04:14:00+00:00,74845.9296875,74845.9296875,74845.9296875,74803.109375,74819.9765625,0
2026-08-21 04:15:00+00:00,74863.890625,74863.890625,74863.890625,74821.96875,74842.5703125,0
2026-08-21 04:16:00+00:00,74815.0078125,74815.0078125,74878.15625,74804.796875,74863.890625,2748416
2026-08-21 04:17:00+00:00,74793.7890625,74793.7890625,74820.2109375,74781.7265625,74809.671875,0
2026-08-21 04:18:00+00:00,74873.140625,74873.140625,74873.140625,74810.7421875,74810.7421875,60088320
2026-08-21 04:19:00+00:00,74844.3671875,74844.3671875,74896.546875,74844.3671875,74865.25,0
2026-08-21 04:20:00+00:00,74853.1171875,74853.1171875,74853.1171875,74833.3828125,74833.9296875,0
2026-08-21 04:21:00+00:00,74854.8125,74854.8125,74875.84375,74853.109375,74853.109375,197828608
2026-08-21 04:22:00+00:00,74853.1171875,74853.1171875,74883.359375,74853.109375,74862.359375,3383296
2026-08-21 04:23:00+00:00,74886.1328125,74886.1328125,74917.5390625,74858.2890625,74862.9609375,0
2026-08-21 04:24:00+00:00,74827.203125,74827.203125,74877.2734375,74827.203125,74872.2109375,0
2026-08-21 04:25:00+00:00,74775.1796875,74775.1796875,74830.3984375,74772.1796875,74806.09375,0
2026-08-21 04:26:00+00:00,74820.0,74820.0,74861.7578125,74760.65625,74775.1796875,0
2026-08-21 04:27:00+00:00,74812.5390625,74812.5390625,74813.046875,74781.7265625,74813.046875,0
2026-08-21 04:28:00+00:00,74809.75,74809.75,74823.4765625,74799.7890625,74823.4765625,1556480
2026-08-21 04:29:00+00:00,74792.1796875,74792.1796875,74792.1796875,74754.90625,74788.6796875,0
2026-08-21 04:30:00+00:00,74762.8203125,74762.8203125,74788.3984375,74753.8828125,74787.7890625,273186816
2026-08-21 04:31:00+00:00,74891.1015625,74891.1015625,74891.1015625,74794.9921875,74794.9921875,1163264
2026-08-21 04:32:00+00:00,74938.328125,74938.328125,74957.2265625,74894.9921875,74894.9921875,0
2026-08-21 04:33:00+00:00,74879.2578125,74879.2578125,74966.1484375,74879.2578125,74941.7890625,0
2026-08-21 04:34:00+00:00,74938.1015625,74938.1015625,74938.1015625,74908.109375,74910.0,0
2026-08-21 04:35:00+00:00,74948.7421875,74948.7421875,74959.6328125,74924.03125,74935.9921875,17489920
2026-08-21 04:36:00+00:00,74931.9296875,74931.9296875,74959.203125,74931.921875,74952.2265625,0
2026-08-21 04:37:00+00:00,74945.2734375,74945.2734375,74946.3125,74919.4296875,74921.890625,0
2026-08-21 04:38:00+00:00,74937.0625,74937.0625,74944.328125,74910.4921875,74943.03125,0
2026-08-21 04:39:00+00:00,74896.5703125,74896.5703125,74937.0703125,74896.5625,74937.0703125,8073216
2026-08-21 04:40:00+00:00,74859.40625,74859.40625,74907.0,74858.2890625,74907.0,6316032
2026-08-21 04:41:00+00:00,74879.15625,74879.15625,74903.5234375,74879.15625,74892.921875,33370112
2026-08-21 04:42:00+00:00,74868.71875,74868.71875,74868.71875,74832.1875,74856.359375,0
2026-08-21 04:43:00+00:00,74912.90625,74912.90625,74924.3984375,74858.4921875,74870.21875,0
2026-08-21 04:44:00+00:00,74928.9921875,74928.9921875,74935.5625,74912.8984375,74912.8984375,3846144
2026-08-21 04:45:00+00:00,74917.890625,74917.890625,74924.9609375,74895.171875,74917.4375,0
2026-08-21 04:46:00+00:00,74987.03125,74987.03125,74997.71875,74917.890625,74917.890625,0
2026-08-21 04:47:00+00:00,74982.3125,74982.3125,75001.0,74978.921875,74980.0,230129664
2026-08-21 04:48:00+00:00,75008.9921875,75008.9921875,75010.3828125,74986.2421875,74987.03125,0
2026-08-21 04:49:00+00:00,74956.0703125,74956.0703125,75008.28125,74956.0703125,75000.9609375,3514368
2026-08-21 04:50:00+00:00,74969.640625,74969.640625,74983.546875,74961.640625,74961.640625,0
2026-08-21 04:51:00+00:00,74943.1328125,74943.1328125,74966.5625,74911.109375,74966.5625,0
2026-08-21 04:52:00+00:00,74947.7890625,74947.7890625,74962.6796875,74941.796875,74947.21875,0
2026-08-21 04:53:00+00:00,74954.1171875,74954.1171875,74967.0,74929.5234375,74949.65625,0
2026-08-21 04:54:00+00:00,75000.9921875,75000.9921875,75006.7109375,74966.9921875,74966.9921875,66179072
2026-08-21 04:55:00+00:00,75013.0703125,75013.0703125,75015.9609375,75004.3203125,75007.3671875,0
2026-08-21 04:56:00+00:00,74975.890625,74975.890625,75023.03125,74969.046875,75013.4921875,0
2026-08-21 04:57:00+00:00,74999.9921875,74999.9921875,74999.9921875,74975.890625,74975.890625,0
2026-08-21 04:58:00+00:00,74974.6015625,74974.6015625,75002.7109375,74974.6015625,74994.0,2355200
2026-08-21 04:59:00+00:00,74999.9921875,74999.9921875,74999.9921875,74973.0390625,74974.578125,0
2026-08-21 05:00:00+00:00,74952.25,74952.25,74999.9921875,74952.25,74999.9921875,0
2026-08-21 05:01:00+00:00,75000.953125,75000.953125,75000.953125,74958.109375,74958.109375,0
2026-08-21 05:02:00+00:00,75012.2734375,75012.2734375,75012.2734375,74998.40625,75000.953125,0
2026-08-21 05:03:00+00:00,75011.8984375,75011.8984375,75052.1484375,75009.453125,75012.5234375,0
2026-08-21 05:04:00+00:00,74913.8828125,74913.8828125,75018.3671875,74888.2265625,75018.3671875,0
2026-08-21 05:05:00+00:00,75147.1171875,75147.1171875,75148.4921875,74924.3984375,74924.3984375,0
2026-08-21 05:06:00+00:00,75067.0703125,75067.0703125,75137.703125,75067.0703125,75137.703125,33914880
2026-08-21 05:07:00+00:00,75084.4765625,75084.4765625,75108.0078125,75067.078125,75072.109375,0
2026-08-21 05:08:00+00:00,75081.0078125,75081.0078125,75098.46875,75079.6484375,75084.4765625,18231296
2026-08-21 05:09:00+00:00,75119.171875,75119.171875,75119.171875,75056.640625,75075.53125,0
2026-08-21 05:10:00+00:00,75212.421875,75212.421875,75212.421875,75113.75,75119.171875,0
2026-08-21 05:11:00+00:00,75219.9765625,75219.9765625,75224.7265625,75153.546875,75224.7265625,0
2026-08-21 05:12:00+00:00,75188.296875,75188.296875,75240.9921875,75185.890625,75219.9765625,43094016
2026-08-21 05:13:00+00:00,75246.9921875,75246.9921875,75246.9921875,75188.296875,75188.296875,0
2026-08-21 05:14:00+00:00,75292.2421875,75292.2421875,75298.640625,75235.0390625,75253.078125,0
2026-08-21 05:15:00+00:00,75311.3984375,75311.3984375,75311.3984375,75191.4296875,75255.3203125,0
2026-08-21 05:16:00+00:00,75315.0078125,75315.0078125,75316.9765625,75271.1484375,75280.5,0
2026-08-21 05:17:00+00:00,75352.59375,75352.59375,75352.59375,75314.171875,75331.09375,11296768
2026-08-21 05:18:00+00:00,75408.1171875,75408.1171875,75450.4375,75352.59375,75352.59375,114528256
2026-08-21 05:19:00+00:00,75355.90625,75355.90625,75390.71875,75345.4765625,75390.71875,11309056
2026-08-21 05:20:00+00:00,75389.296875,75389.296875,75482.921875,75345.4765625,75345.4765625,0
2026-08-21 05:21:00+00:00,75361.9609375,75361.9609375,75425.5234375,75361.9609375,75394.4296875,0
2026-08-21 05:22:00+00:00,75379.5078125,75379.5078125,75404.6328125,75362.5234375,75362.5234375,10473472
2026-08-21 05:23:00+00:00,75289.7890625,75289.7890625,75387.5078125,75257.25,75383.75,48754688
2026-08-21 05:24:00+00:00,75262.046875,75262.046875,75300.2265625,75262.046875,75293.28125,8028160
2026-08-21 05:25:00+00:00,75195.84375,75195.84375,75265.453125,75178.4296875,75265.453125,565248
2026-08-21 05:26:00+00:00,75126.25,75126.25,75221.09375,75126.25,75198.8515625,0
2026-08-21 05:27:00+00:00,75159.171875,75159.171875,75159.171875,75035.7578125,75126.2109375,0
2026-08-21 05:28:00+00:00,75230.640625,75230.640625,75230.640625,75122.75,75129.7265625,36782080
2026-08-21 05:29:00+00:00,75174.953125,75174.953125,75254.9765625,75165.8671875,75254.9765625,0
2026-08-21 05:30:00+00:00,75119.296875,75119.296875,75167.4375,75119.296875,75167.4375,0
2026-08-21 05:31:00+00:00,75154.1171875,75154.1171875,75155.2109375,75108.8515625,75119.3125,214777856
2026-08-21 05:32:00+00:00,75074.0390625,75074.0390625,75143.6484375,75074.0390625,75143.6484375,0
2026-08-21 05:33:00+00:00,75153.53125,75153.53125,75157.546875,75067.0703125,75067.0703125,89985024
2026-08-21 05:34:00+00:00,75179.359375,75179.359375,75241.078125,75146.3203125,75146.3203125,0
2026-08-21 05:35:00+00:00,75143.8515625,75143.8515625,75195.828125,75143.8515625,75188.890625,0
2026-08-21 05:36:00+00:00,75199.296875,75199.296875,75200.078125,75157.546875,75157.546875,91631616
2026-08-21 05:37:00+00:00,75222.9921875,75222.9921875,75242.703125,75199.03125,75199.03125,0
2026-08-21 05:38:00+00:00,75218.859375,75218.859375,75224.2734375,75174.96875,75224.2734375,312733696
2026-08-21 05:39:00+00:00,75298.34375,75298.34375,75308.78125,75223.671875,75223.6796875,19578880
2026-08-21 05:40:00+00:00,75247.890625,75247.890625,75335.0390625,75247.890625,75314.1484375,0
2026-08-21 05:41:00+00:00,75185.3984375,75185.3984375,75255.1875,75178.4375,75244.5703125,0
2026-08-21 05:42:00+00:00,75248.203125,75248.203125,75304.4375,75216.7109375,75216.7109375,0
2026-08-21 05:43:00+00:00,75213.6015625,75213.6015625,75241.0703125,75213.2421875,75234.21875,63881216
2026-08-21 05:44:00+00:00,75244.546875,75244.546875,75275.8671875,75237.6015625,75251.5078125,0
2026-08-21 05:45:00+00:00,75203.34375,75203.34375,75244.546875,75203.34375,75244.546875,0
2026-08-21 05:46:00+00:00,75188.703125,75188.703125,75218.9765625,75188.703125,75199.328125,0
2026-08-21 05:47:00+00:00,75227.1484375,75227.1484375,75227.1484375,75182.4921875,75193.2265625,0
2026-08-21 05:48:00+00:00,75227.171875,75227.171875,75234.1171875,75202.8125,75234.1171875,0
2026-08-21 05:49:00+00:00,75227.15625,75227.15625,75250.0,75220.0234375,75230.6328125,0
2026-08-21 05:50:00+00:00,75328.078125,75328.078125,75331.546875,75241.0703125,75241.0703125,0
2026-08-21 05:51:00+00:00,75258.46875,75258.46875,75345.578125,75251.53125,75322.4921875,0
2026-08-21 05:52:00+00:00,75319.8203125,75319.8203125,75319.8203125,75270.15625,75270.6171875,0
2026-08-21 05:53:00+00:00,75348.9609375,75348.9609375,75373.3203125,75328.078125,75345.4921875,0
2026-08-21 05:54:00+00:00,75323.609375,75323.609375,75348.9609375,75323.609375,75348.9609375,0
2026-08-21 05:55:00+00:00,75400.453125,75400.453125,75400.703125,75336.4375,75336.4375,6049792
2026-08-21 05:56:00+00:00,75371.890625,75371.890625,75394.1875,75352.4375,75369.84375,0
2026-08-21 05:57:00+00:00,75385.046875,75385.046875,75387.0078125,75362.890625,75362.890625,94367744
2026-08-21 05:58:00+00:00,75359.5234375,75359.5234375,75405.609375,75346.5078125,75405.140625,3592192
2026-08-21 05:59:00+00:00,75438.078125,75438.078125,75438.078125,75376.796875,75380.34375,0
2026-08-21 06:00:00+00:00,75360.7734375,75360.7734375,75399.4296875,75360.7734375,75391.1484375,0
2026-08-21 06:01:00+00:00,75370.1015625,75370.1015625,75371.3125,75360.78125,75369.8515625,22581248
2026-08-21 06:02:00+00:00,75315.171875,75315.171875,75383.75,75314.171875,75379.3203125,0
2026-08-21 06:03:00+00:00,75431.640625,75431.640625,75431.640625,75345.46875,75345.46875,87547904
2026-08-21 06:04:00+00:00,75396.3671875,75396.3671875,75432.46875,75394.203125,75425.953125,0
2026-08-21 06:05:00+00:00,75448.296875,75448.296875,75448.296875,75358.0,75396.359375,0
2026-08-21 06:06:00+00:00,75436.65625,75436.65625,75436.65625,75369.046875,75429.0078125,2269184
2026-08-21 06:07:00+00:00,75469.03125,75469.03125,75477.703125,75435.96875,75460.3125,0
2026-08-21 06:08:00+00:00,75397.671875,75397.671875,75470.09375,75339.0234375,75470.09375,0
2026-08-21 06:09:00+00:00,75421.0390625,75421.0390625,75431.03125,75383.7734375,75401.1484375,0
2026-08-21 06:10:00+00:00,75350.8125,75350.8125,75412.9296875,75350.8125,75412.9296875,0
2026-08-21 06:11:00+00:00,75275.8671875,75275.8671875,75330.65625,75262.078125,75303.7109375,0
2026-08-21 06:12:00+00:00,75268.2890625,75268.2890625,75293.28125,75248.828125,75269.390625,0
2026-08-21 06:13:00+00:00,75268.9296875,75268.9296875,75281.78125,75244.5703125,75271.78125,0
2026-08-21 06:14:00+00:00,75257.2734375,75257.2734375,75275.8671875,75255.0078125,75269.34375,37257216
2026-08-21 06:15:00+00:00,75331.546875,75331.546875,75331.546875,75261.578125,75261.578125,0
2026-08-21 06:16:00+00:00,75345.46875,75345.46875,75345.46875,75303.7265625,75315.0078125,0
2026-08-21 06:17:00+00:00,75401.15625,75401.15625,75408.1171875,75314.171875,75314.171875,0
2026-08-21 06:18:00+00:00,75323.6171875,75323.6171875,75362.890625,75323.6171875,75362.890625,0
2026-08-21 06:19:00+00:00,75272.171875,75272.171875,75318.8125,75249.0078125,75314.171875,2293760
2026-08-21 06:20:00+00:00,75241.5234375,75241.5234375,75268.9296875,75230.65625,75268.9296875,172941312
2026-08-21 06:21:00+00:00,75282.8515625,75282.8515625,75331.40625,75230.65625,75230.65625,0
2026-08-21 06:22:00+00:00,75108.8515625,75108.8515625,75277.59375,75108.8515625,75277.59375,0
2026-08-21 06:23:00+00:00,75116.390625,75116.390625,75129.7109375,75065.3515625,75108.8515625,0
2026-08-21 06:24:00+00:00,75185.9765625,75185.9765625,75185.9765625,75076.46875,75098.40625,0
2026-08-21 06:25:00+00:00,75227.1484375,75227.1484375,75227.1484375,75172.9609375,75205.546875,0
2026-08-21 06:26:00+00:00,75379.8515625,75379.8515625,75395.890625,75246.3828125,75246.3828125,0
2026-08-21 06:27:00+00:00,75426.6875,75426.6875,75454.21875,75377.90625,75377.90625,0
2026-08-21 06:28:00+00:00,75355.9296875,75355.9296875,75421.0703125,75355.9296875,75415.09375,0
2026-08-21 06:29:00+00:00,75298.7421875,75298.7421875,75369.84375,75298.7265625,75360.0078125,304459776
2026-08-21 06:30:00+00:00,75372.890625,75372.890625,75373.5078125,75289.8203125,75302.8515625,6832128
2026-08-21 06:31:00+00:00,75425.4921875,75425.4921875,75435.9609375,75385.5,75385.5,0
2026-08-21 06:32:00+00:00,75550.7890625,75550.7890625,75550.7890625,75420.03125,75420.03125,0
2026-08-21 06:33:00+00:00,75604.578125,75604.578125,75607.859375,75536.921875,75561.2265625,15159296
2026-08-21 06:34:00+00:00,75604.0234375,75604.0234375,75604.0234375,75540.6328125,75592.578125,0
2026-08-21 06:35:00+00:00,75578.640625,75578.640625,75589.09375,75526.453125,75589.09375,1487032320
2026-08-21 06:36:00+00:00,75485.578125,75485.578125,75576.0234375,75463.8125,75576.0234375,17739776
2026-08-21 06:37:00+00:00,75525.03125,75525.03125,75533.15625,75489.046875,75506.828125,0
2026-08-21 06:38:00+00:00,75568.203125,75568.203125,75568.203125,75498.6015625,75514.21875,12697600
2026-08-21 06:39:00+00:00,75669.1328125,75669.1328125,75679.171875,75571.6796875,75571.6796875,0
2026-08-21 06:40:00+00:00,75655.0,75655.0,75700.1171875,75655.0,75655.2109375,0
2026-08-21 06:41:00+00:00,75540.359375,75540.359375,75658.1328125,75540.359375,75644.7734375,118050816
2026-08-21 06:42:00+00:00,75352.453125,75352.453125,75547.4921875,75352.453125,75547.4921875,0
2026-08-21 06:43:00+00:00,75335.0390625,75335.0390625,75365.2109375,75292.5390625,75331.578125,38690816
2026-08-21 06:44:00+00:00,75365.0,75365.0,75467.8515625,75359.6484375,75359.6484375,7467008
2026-08-21 06:45:00+00:00,75279.3828125,75279.3828125,75355.203125,75261.2421875,75355.203125,0
2026-08-21 06:46:00+00:00,75276.890625,75276.890625,75293.0234375,75275.171875,75275.171875,0
2026-08-21 06:47:00+00:00,75355.1171875,75355.1171875,75373.3203125,75273.796875,75273.796875,49823744
2026-08-21 06:48:00+00:00,75425.5234375,75425.5234375,75425.5234375,75354.640625,75354.640625,76234752
2026-08-21 06:49:00+00:00,75488.5703125,75488.5703125,75516.0,75453.8203125,75453.8203125,0
2026-08-21 06:50:00+00:00,75450.5234375,75450.5234375,75515.9921875,75446.078125,75509.03125,269729792
2026-08-21 06:51:00+00:00,75429.2265625,75429.2265625,75457.0234375,75429.2265625,75443.7734375,0
2026-08-21 06:52:00+00:00,75389.0390625,75389.0390625,75474.1484375,75389.0390625,75474.1484375,0
2026-08-21 06:53:00+00:00,75455.5,75455.5,75481.3828125,75380.7109375,75380.7109375,21106688
2026-08-21 06:54:00+00:00,75509.453125,75509.453125,75535.578125,75460.7734375,75460.7734375,35954688
2026-08-21 06:55:00+00:00,75542.8515625,75542.8515625,75588.109375,75520.3828125,75520.3828125,10162176
2026-08-21 06:56:00+00:00,75597.296875,75597.296875,75598.9296875,75512.953125,75512.953125,0
2026-08-21 06:57:00+00:00,75568.2109375,75568.2109375,75597.296875,75550.0,75597.296875,80609280
2026-08-21 06:58:00+00:00,75565.2265625,75565.2265625,75565.2265625,75541.4375,75550.0,9666560
2026-08-21 06:59:00+00:00,75615.7890625,75615.7890625,75615.7890625,75575.9375,75575.9375,24129536
2026-08-21 07:00:00+00:00,75683.0390625,75683.0390625,75683.0390625,75596.9921875,75600.0,2371584
2026-08-21 07:01:00+00:00,75630.84375,75630.84375,75683.03125,75623.890625,75666.203125,0
2026-08-21 07:02:00+00:00,75792.3203125,75792.3203125,75806.3125,75632.6875,75632.6875,15228928
2026-08-21 07:03:00+00:00,75790.921875,75790.921875,75790.921875,75731.7734375,75790.90625,0
2026-08-21 07:04:00+00:00,75693.4921875,75693.4921875,75780.4765625,75675.4609375,75780.4765625,16338944
2026-08-21 07:05:00+00:00,75613.453125,75613.453125,75703.921875,75613.453125,75693.4921875,0
2026-08-21 07:06:00+00:00,75699.2890625,75699.2890625,75735.2421875,75626.5625,75626.5625,0
2026-08-21 07:07:00+00:00,75773.8203125,75773.8203125,75799.453125,75675.90625,75675.90625,3579904
2026-08-21 07:08:00+00:00,75825.7109375,75825.7109375,75825.7109375,75783.9921875,75804.84375,19787776
2026-08-21 07:09:00+00:00,75830.6796875,75830.6796875,75864.0234375,75820.6171875,75843.1171875,4681728
2026-08-21 07:10:00+00:00,75881.3984375,75881.3984375,75924.3203125,75825.71875,75827.7265625,0
2026-08-21 07:11:00+00:00,75967.140625,75967.140625,75967.140625,75881.2890625,75916.203125,0
2026-08-21 07:12:00+00:00,75891.84375,75891.84375,75964.921875,75887.7890625,75964.921875,215621632
2026-08-21 07:13:00+00:00,75878.328125,75878.328125,75901.46875,75878.328125,75898.796875,7925760
2026-08-21 07:14:00+00:00,75908.3125,75908.3125,75908.3125,75832.6875,75867.7421875,0
2026-08-21 07:15:00+00:00,76246.8125,76246.8125,76348.5,75903.2578125,75935.4921875,0
2026-08-21 07:16:00+00:00,76572.9375,76572.9375,76825.46875,76212.0078125,76212.0078125,130637824
2026-08-21 07:17:00+00:00,76564.7421875,76564.7421875,76845.359375,76492.921875,76621.4296875,0
2026-08-21 07:18:00+00:00,76460.1171875,76460.1171875,76591.328125,76460.1171875,76569.8203125,0
2026-08-21 07:19:00+00:00,76431.2421875,76431.2421875,76526.4375,76431.2421875,76525.2109375,16908288
2026-08-21 07:20:00+00:00,76419.4375,76419.4375,76479.9609375,76372.078125,76462.5625,0
2026-08-21 07:21:00+00:00,76344.9921875,76344.9921875,76424.2578125,76344.9921875,76363.8125,395976704
2026-08-21 07:22:00+00:00,76257.5390625,76257.5390625,76386.0078125,76242.0234375,76366.65625,30105600
2026-08-21 07:23:00+00:00,76304.96875,76304.96875,76367.7421875,76229.84375,76229.84375,516759552
2026-08-21 07:24:00+00:00,76229.8125,76229.8125,76365.109375,76229.8125,76306.9921875,0
2026-08-21 07:25:00+00:00,76305.9609375,76305.9609375,76323.3515625,76242.8515625,76242.8515625,9965568
2026-08-21 07:26:00+00:00,76299.25,76299.25,76330.3125,76291.6171875,76305.1171875,24211456
2026-08-21 07:27:00+00:00,76243.3203125,76243.3203125,76302.6328125,76243.3203125,76302.6328125,200962048
2026-08-21 07:28:00+00:00,76345.421875,76345.421875,76345.421875,76218.9609375,76239.8515625,31465472
2026-08-21 07:29:00+00:00,76372.6484375,76372.6484375,76420.8125,76354.6875,76367.71875,0
2026-08-21 07:30:00+00:00,76410.359375,76410.359375,76437.96875,76330.3203125,76371.078125,390045696
2026-08-21 07:31:00+00:00,76368.6015625,76368.6015625,76434.0078125,76368.6015625,76413.8515625,0
2026-08-21 07:32:00+00:00,76455.2734375,76455.2734375,76457.1796875,76338.7109375,76389.46875,117456896
2026-08-21 07:33:00+00:00,76267.6875,76267.6875,76486.90625,76267.6875,76461.6015625,0
2026-08-21 07:34:00+00:00,76347.7421875,76347.7421875,76347.7421875,76249.6171875,76254.9609375,0
2026-08-21 07:35:00+00:00,76349.171875,76349.171875,76442.4921875,76330.6015625,76347.7421875,0
2026-08-21 07:36:00+00:00,76349.9609375,76349.9609375,76393.703125,76330.0390625,76393.703125,210161664
2026-08-21 07:37:00+00:00,76288.6875,76288.6875,76344.40625,76253.0390625,76330.03125,0
2026-08-21 07:38:00+00:00,76362.0078125,76362.0078125,76387.5,76280.0078125,76295.640625,28147712
2026-08-21 07:39:00+00:00,76494.75,76494.75,76513.0078125,76352.25,76352.25,86380544
2026-08-21 07:40:00+00:00,76520.9609375,76520.9609375,76532.6484375,76410.0,76497.546875,15949824
2026-08-21 07:41:00+00:00,76522.9609375,76522.9609375,76522.9609375,76460.0078125,76522.640625,0
2026-08-21 07:42:00+00:00,76614.9609375,76614.9609375,76614.9609375,76478.0703125,76493.859375,32604160
2026-08-21 07:43:00+00:00,76678.7578125,76678.7578125,76720.3671875,76600.421875,76671.421875,10940416
2026-08-21 07:44:00+00:00,76581.3515625,76581.3515625,76649.5703125,76552.8203125,76649.5703125,0
2026-08-21 07:45:00+00:00,76511.2890625,76511.2890625,76602.046875,76494.75,76555.0,0
2026-08-21 07:46:00+00:00,76513.84375,76513.84375,76547.4609375,76400.0234375,76497.953125,30916608
2026-08-21 07:47:00+00:00,76505.9765625,76505.9765625,76542.25,76473.171875,76523.15625,0
2026-08-21 07:48:00+00:00,76458.578125,76458.578125,76542.6875,76443.3515625,76542.6875,97619968
2026-08-21 07:49:00+00:00,76417.1171875,76417.1171875,76461.8671875,76372.203125,76461.8671875,15548416
2026-08-21 07:50:00+00:00,76366.453125,76366.453125,76452.8984375,76366.453125,76426.09375,0
2026-08-21 07:51:00+00:00,76323.8984375,76323.8984375,76361.9921875,76322.921875,76350.0078125,108204032
2026-08-21 07:52:00+00:00,76306.53125,76306.53125,76320.2265625,76290.0,76318.4765625,0
2026-08-21 07:53:00+00:00,76276.953125,76276.953125,76310.390625,76265.703125,76291.0078125,23846912
2026-08-21 07:54:00+00:00,76305.2109375,76305.2109375,76332.7109375,76271.5625,76272.7890625,0
2026-08-21 07:55:00+00:00,76356.0234375,76356.0234375,76365.7421875,76286.171875,76286.171875,1007616
2026-08-21 07:56:00+00:00,76372.609375,76372.609375,76411.4609375,76352.171875,76352.171875,0
2026-08-21 07:57:00+00:00,76376.75,76376.75,76413.21875,76336.34375,76413.21875,99594240
2026-08-21 07:58:00+00:00,76203.1171875,76203.1171875,76379.7265625,76197.25,76379.7265625,0
2026-08-21 07:59:00+00:00,76306.328125,76306.328125,76306.328125,76188.40625,76239.4296875,37507072
2026-08-21 08:00:00+00:00,76319.9921875,76319.9921875,76350.890625,76267.5078125,76299.171875,0
2026-08-21 08:01:00+00:00,76449.7734375,76449.7734375,76449.7734375,76305.0,76305.0,97554432
2026-08-21 08:02:00+00:00,76468.59375,76468.59375,76485.0,76437.2890625,76437.2890625,23306240
2026-08-21 08:03:00+00:00,76733.9921875,76733.9921875,76733.9921875,76470.0234375,76470.0234375,0
2026-08-21 08:04:00+00:00,76597.40625,76597.40625,76675.0,76597.40625,76675.0,593920
2026-08-21 08:05:00+00:00,76548.75,76548.75,76620.9296875,76548.75,76599.921875,0
2026-08-21 08:06:00+00:00,76480.0,76480.0,76537.8984375,76472.640625,76537.8984375,77475840
2026-08-21 08:07:00+00:00,76657.3671875,76657.3671875,76657.3671875,76477.2734375,76477.2734375,0
2026-08-21 08:08:00+00:00,76811.609375,76811.609375,76815.15625,76672.546875,76672.546875,40427520
2026-08-21 08:09:00+00:00,76747.2890625,76747.2890625,76778.8828125,76666.25,76778.8828125,0
2026-08-21 08:10:00+00:00,76685.171875,76685.171875,76737.25,76656.2890625,76737.25,9785344
2026-08-21 08:11:00+00:00,76691.8828125,76691.8828125,76723.9921875,76665.7890625,76671.7421875,7352320
2026-08-21 08:12:00+00:00,76861.34375,76861.34375,76861.34375,76682.2421875,76682.2421875,0
2026-08-21 08:13:00+00:00,76992.65625,76992.65625,76992.65625,76848.59375,76935.9296875,0
2026-08-21 08:14:00+00:00,76866.0234375,76866.0234375,77083.5078125,76824.4921875,77083.5078125,0
2026-08-21 08:15:00+00:00,76931.34375,76931.34375,76938.9609375,76839.890625,76856.421875,0
2026-08-21 08:16:00+00:00,76992.7265625,76992.7265625,77140.171875,76840.34375,76910.0703125,1379336192
2026-08-21 08:17:00+00:00,77103.3828125,77103.3828125,77120.6328125,76954.7421875,76985.0,0
2026-08-21 08:18:00+00:00,77177.546875,77177.546875,77181.71875,77062.75,77085.3125,35160064
2026-08-21 08:19:00+00:00,77071.8984375,77071.8984375,77231.328125,77071.8984375,77174.21875,0
2026-08-21 08:20:00+00:00,77108.1875,77108.1875,77166.953125,77087.75,77113.5625,0
2026-08-21 08:21:00+00:00,76962.046875,76962.046875,77106.78125,76962.046875,77095.0390625,884736
2026-08-21 08:22:00+00:00,77083.21875,77083.21875,77083.21875,76947.7109375,76959.296875,10731520
2026-08-21 08:23:00+00:00,76969.5,76969.5,77072.7890625,76917.8828125,77072.7890625,0
2026-08-21 08:24:00+00:00,76998.609375,76998.609375,77040.2265625,76966.09375,76977.4921875,0
2026-08-21 08:25:00+00:00,77187.7421875,77187.7421875,77187.7421875,77020.0703125,77020.0703125,0
2026-08-21 08:26:00+00:00,77170.1015625,77170.1015625,77291.59375,77157.84375,77213.2109375,53710848
2026-08-21 08:27:00+00:00,77055.40625,77055.40625,77134.453125,77009.7734375,77100.1484375,0
2026-08-21 08:28:00+00:00,77054.40625,77054.40625,77190.7265625,77054.40625,77075.0,0
2026-08-21 08:29:00+00:00,77205.9375,77205.9375,77205.9375,77018.796875,77018.796875,0
2026-08-21 08:30:00+00:00,77229.0,77229.0,77253.078125,77169.1328125,77182.796875,138702848
2026-08-21 08:31:00+00:00,77407.5,77407.5,77407.5,77145.09375,77200.0625,0
2026-08-21 08:32:00+00:00,77442.3984375,77442.3984375,77453.0234375,77378.421875,77378.421875,5926912
2026-08-21 08:33:00+00:00,77503.109375,77503.109375,77509.6328125,77364.9921875,77438.453125,0
2026-08-21 08:34:00+00:00,77536.7578125,77536.7578125,77536.7578125,77437.921875,77513.4296875,123928576
2026-08-21 08:35:00+00:00,77621.9765625,77621.9765625,77626.5078125,77510.9609375,77534.7421875,0
2026-08-21 08:36:00+00:00,77475.7109375,77475.7109375,77616.0,77415.5390625,77616.0,0
2026-08-21 08:37:00+00:00,77549.1796875,77549.1796875,77569.109375,77451.3828125,77455.0,0
2026-08-21 08:38:00+00:00,77506.5078125,77506.5078125,77632.7578125,77506.5078125,77552.421875,0
2026-08-21 08:39:00+00:00,77518.4921875,77518.4921875,77532.0,77435.9921875,77527.7421875,104501248
2026-08-21 08:40:00+00:00,77504.640625,77504.640625,77587.1015625,77488.5078125,77488.5078125,0
2026-08-21 08:41:00+00:00,77679.0078125,77679.0078125,77715.0625,77543.46875,77555.4921875,454656
2026-08-21 08:42:00+00:00,77710.828125,77710.828125,77770.3984375,77640.046875,77683.109375,0
2026-08-21 08:43:00+00:00,77614.7890625,77614.7890625,77745.65625,77614.7890625,77745.65625,90292224
2026-08-21 08:44:00+00:00,77627.7421875,77627.7421875,77736.6171875,77610.2109375,77616.2421875,0
2026-08-21 08:45:00+00:00,77747.9921875,77747.9921875,77747.9921875,77562.84375,77625.34375,85811200
2026-08-21 08:46:00+00:00,77812.5234375,77812.5234375,77842.4765625,77711.0234375,77711.0234375,0
2026-08-21 08:47:00+00:00,77887.3125,77887.3125,78012.6328125,77845.390625,77845.390625,27873280
2026-08-21 08:48:00+00:00,77964.6015625,77964.6015625,78071.046875,77853.5625,77894.078125,154443776
2026-08-21 08:49:00+00:00,77942.6796875,77942.6796875,78084.7421875,77929.640625,77929.640625,0
2026-08-21 08:50:00+00:00,78124.5234375,78124.5234375,78232.203125,77967.0078125,77967.0078125,134950912
2026-08-21 08:51:00+00:00,78278.7265625,78278.7265625,78334.8515625,78153.5234375,78153.5234375,0
2026-08-21 08:52:00+00:00,78447.71875,78447.71875,78482.8671875,78301.078125,78301.078125,8605696
2026-08-21 08:53:00+00:00,78480.3203125,78480.3203125,78513.2265625,78421.4765625,78464.96875,0
2026-08-21 08:54:00+00:00,78631.03125,78631.03125,78649.140625,78480.59375,78519.21875,138674176
2026-08-21 08:55:00+00:00,78634.1796875,78634.1796875,78682.34375,78585.53125,78650.296875,0
2026-08-21 08:56:00+00:00,78760.4921875,78760.4921875,78760.4921875,78486.390625,78610.0234375,259719168
2026-08-21 08:57:00+00:00,78955.2578125,78955.2578125,78979.53125,78715.3203125,78776.328125,0
2026-08-21 08:58:00+00:00,79276.109375,79276.109375,79276.109375,78832.2734375,78972.5234375,37580800
2026-08-21 08:59:00+00:00,79224.703125,79224.703125,79442.859375,79138.8203125,79270.7578125,0
2026-08-21 09:00:00+00:00,78737.5390625,78737.5390625,79326.21875,78584.59375,79189.2734375,0
2026-08-21 09:01:00+00:00,78406.6796875,78406.6796875,78694.796875,78307.96875,78694.796875,0
2026-08-21 09:02:00+00:00,78359.7421875,78359.7421875,78359.7421875,78179.6484375,78345.0078125,454832128
2026-08-21 09:03:00+00:00,77906.2890625,77906.2890625,78443.671875,77619.078125,78443.671875,169107456
2026-08-21 09:04:00+00:00,77843.0234375,77843.0234375,78036.71875,77786.0,78036.71875,0
2026-08-21 09:05:00+00:00,77706.0390625,77706.0390625,78119.6015625,77682.2421875,77945.46875,0
2026-08-21 09:06:00+00:00,77681.75,77681.75,77690.6171875,77469.6484375,77649.4375,60342272
2026-08-21 09:07:00+00:00,77634.921875,77634.921875,77634.921875,77267.3984375,77577.8671875,0
2026-08-21 09:08:00+00:00,77677.5390625,77677.5390625,77677.5390625,77510.5625,77605.6171875,0
2026-08-21 09:09:00+00:00,77845.421875,77845.421875,77903.90625,77726.8125,77726.8125,3215347712
2026-08-21 09:10:00+00:00,77923.71875,77923.71875,77973.0,77843.109375,77927.4921875,0
2026-08-21 09:11:00+00:00,78023.0703125,78023.0703125,78023.0703125,77854.5703125,78009.8984375,15024128
2026-08-21 09:12:00+00:00,78141.7578125,78141.7578125,78141.7578125,77972.8828125,77972.8828125,0
2026-08-21 09:13:00+00:00,78112.640625,78112.640625,78118.078125,78032.046875,78050.8984375,826613760
2026-08-21 09:14:00+00:00,77885.0078125,77885.0078125,78059.890625,77847.0390625,78059.890625,0
2026-08-21 09:15:00+00:00,77607.4765625,77607.4765625,77851.3125,77463.21875,77851.3125,0
2026-08-21 09:16:00+00:00,77724.0234375,77724.0234375,77735.8515625,77650.4921875,77712.09375,0
2026-08-21 09:17:00+00:00,77811.15625,77811.15625,77811.15625,77594.140625,77687.84375,0
2026-08-21 09:18:00+00:00,77713.953125,77713.953125,77899.796875,77713.953125,77849.0,0
2026-08-21 09:19:00+00:00,77579.7265625,77579.7265625,77684.546875,77579.25,77673.59375,0
2026-08-21 09:20:00+00:00,77750.8671875,77750.8671875,77750.8671875,77550.578125,77571.4609375,0
2026-08-21 09:21:00+00:00,77650.1171875,77650.1171875,77795.3984375,77622.140625,77733.8828125,996175872
2026-08-21 09:22:00+00:00,77635.3203125,77635.3203125,77680.75,77557.0,77680.5625,39337984
2026-08-21 09:23:00+00:00,77610.0234375,77610.0234375,77711.8828125,77610.0234375,77646.5703125,0
2026-08-21 09:24:00+00:00,77637.1796875,77637.1796875,77690.8984375,77614.4375,77614.4375,188448768
2026-08-21 09:25:00+00:00,77603.9921875,77603.9921875,77698.2265625,77576.171875,77629.5078125,0
2026-08-21 09:26:00+00:00,77572.6796875,77572.6796875,77674.6171875,77564.3984375,77594.2421875,0
2026-08-21 09:27:00+00:00,77804.859375,77804.859375,77804.859375,77562.2265625,77562.2265625,0
2026-08-21 09:28:00+00:00,77746.671875,77746.671875,77832.3984375,77656.203125,77832.3984375,1564733440
2026-08-21 09:29:00+00:00,77697.953125,77697.953125,77781.703125,77654.0,77781.703125,0
2026-08-21 09:30:00+00:00,77673.9921875,77673.9921875,77699.9921875,77624.8828125,77699.9921875,416755712
2026-08-21 09:31:00+00:00,77800.421875,77800.421875,77800.421875,77635.3203125,77696.5390625,0
2026-08-21 09:32:00+00:00,77917.2421875,77917.2421875,77939.25,77812.7890625,77812.7890625,0
2026-08-21 09:33:00+00:00,77847.6015625,77847.6015625,77927.6328125,77791.921875,77907.0390625,59936768
2026-08-21 09:34:00+00:00,77886.9296875,77886.9296875,77942.0078125,77854.5625,77854.5625,0
2026-08-21 09:35:00+00:00,77853.6484375,77853.6484375,77901.59375,77812.1328125,77868.4765625,0
2026-08-21 09:36:00+00:00,77871.71875,77871.71875,77871.71875,77784.9609375,77865.2265625,0
2026-08-21 09:37:00+00:00,77925.0,77925.0,77975.5,77899.0390625,77899.0390625,193196032
2026-08-21 09:38:00+00:00,77866.25,77866.25,77945.03125,77804.7265625,77945.03125,0
2026-08-21 09:39:00+00:00,77914.5625,77914.5625,77941.5390625,77862.296875,77862.296875,43986944
2026-08-21 09:40:00+00:00,77878.921875,77878.921875,77913.71875,77871.3125,77905.5625,0
2026-08-21 09:41:00+00:00,77960.0,77960.0,77978.328125,77889.921875,77915.296875,49205248
2026-08-21 09:42:00+00:00,78041.65625,78041.65625,78056.390625,77917.1328125,77934.6015625,0
2026-08-21 09:43:00+00:00,78254.75,78254.75,78254.75,78035.6796875,78035.6796875,0
2026-08-21 09:44:00+00:00,78180.15625,78180.15625,78330.0703125,78180.15625,78272.6328125,0
2026-08-21 09:45:00+00:00,78289.546875,78289.546875,78289.546875,78173.90625,78198.640625,17330176
2026-08-21 09:46:00+00:00,78208.5234375,78208.5234375,78350.1015625,78188.96875,78286.078125,42147840
2026-08-21 09:47:00+00:00,78284.5703125,78284.5703125,78294.5625,78122.5234375,78154.2109375,0
2026-08-21 09:48:00+00:00,78132.0078125,78132.0078125,78326.421875,78101.96875,78237.359375,58691584
2026-08-21 09:49:00+00:00,78223.421875,78223.421875,78270.171875,78185.8828125,78185.8828125,0
2026-08-21 09:50:00+00:00,78096.59375,78096.59375,78256.75,78096.59375,78256.75,13803520
2026-08-21 09:51:00+00:00,78151.2109375,78151.2109375,78151.2109375,78026.359375,78026.359375,0
2026-08-21 09:52:00+00:00,78077.5,78077.5,78226.90625,78077.5,78157.3203125,0
2026-08-21 09:53:00+00:00,78008.2265625,78008.2265625,78108.6015625,78008.2265625,78108.6015625,0
2026-08-21 09:54:00+00:00,78082.8984375,78082.8984375,78147.046875,78004.5234375,78004.5234375,451907584
2026-08-21 09:55:00+00:00,77993.7578125,77993.7578125,78101.6328125,77993.7578125,78086.7578125,0
2026-08-21 09:56:00+00:00,78028.546875,78028.546875,78028.546875,77951.6015625,78009.0078125,0
2026-08-21 09:57:00+00:00,77710.046875,77710.046875,77980.9765625,77623.1015625,77980.9765625,0
2026-08-21 09:58:00+00:00,77730.0,77730.0,77800.6015625,77711.890625,77711.890625,404893696
2026-08-21 09:59:00+00:00,77888.171875,77888.171875,77897.453125,77749.1875,77749.1875,0
2026-08-21 10:00:00+00:00,77823.1171875,77823.1171875,77922.203125,77743.296875,77861.5234375,0
2026-08-21 10:01:00+00:00,77802.28125,77802.28125,77872.1484375,77789.671875,77829.1796875,0
2026-08-21 10:02:00+00:00,77790.5625,77790.5625,77891.2578125,77774.5234375,77774.5234375,3448832
2026-08-21 10:03:00+00:00,77711.0703125,77711.0703125,77825.7890625,77711.0703125,77799.65625,0
2026-08-21 10:04:00+00:00,77613.0078125,77613.0078125,77720.796875,77606.1171875,77714.9765625,0
2026-08-21 10:05:00+00:00,77739.7890625,77739.7890625,77789.1484375,77660.1328125,77660.1328125,283234304
2026-08-21 10:06:00+00:00,77742.7890625,77742.7890625,77750.4765625,77644.2109375,77750.4765625,0
2026-08-21 10:07:00+00:00,77700.53125,77700.53125,77753.140625,77642.8203125,77753.140625,327979008
2026-08-21 10:08:00+00:00,77697.2421875,77697.2421875,77713.6796875,77669.8515625,77697.71875,0
2026-08-21 10:09:00+00:00,77764.0703125,77764.0703125,77764.0703125,77671.53125,77671.53125,0
2026-08-21 10:10:00+00:00,77908.328125,77908.328125,77955.4765625,77809.3203125,77809.3203125,396013568
2026-08-21 10:11:00+00:00,78028.5625,78028.5625,78047.546875,77920.671875,77938.0703125,0
2026-08-21 10:12:00+00:00,77957.2578125,77957.2578125,78021.59375,77948.5234375,78004.2109375,28176384
2026-08-21 10:13:00+00:00,78061.828125,78061.828125,78075.0078125,77952.03125,77952.03125,24002560
2026-08-21 10:14:00+00:00,78049.4296875,78049.4296875,78085.8125,78028.5625,78059.140625,0
2026-08-21 10:15:00+00:00,78039.0,78039.0,78079.03125,78018.1171875,78018.1171875,34349056
2026-08-21 10:16:00+00:00,78211.953125,78211.953125,78224.9375,78059.3515625,78059.3515625,0
2026-08-21 10:17:00+00:00,78158.546875,78158.546875,78214.7109375,78158.546875,78195.1875,0
2026-08-21 10:18:00+00:00,78166.328125,78166.328125,78166.328125,78136.2421875,78157.7734375,105009152
2026-08-21 10:19:00+00:00,78230.1328125,78230.1328125,78236.171875,78167.171875,78175.4609375,0
2026-08-21 10:20:00+00:00,78065.828125,78065.828125,78225.0234375,78065.828125,78225.0234375,44077056
2026-08-21 10:21:00+00:00,77997.578125,77997.578125,78095.2265625,77997.578125,78051.7421875,0
2026-08-21 10:22:00+00:00,77969.390625,77969.390625,78045.0,77969.390625,78013.796875,884736
2026-08-21 10:23:00+00:00,77983.3125,77983.3125,78033.859375,77955.4921875,78020.3984375,0
2026-08-21 10:24:00+00:00,78004.171875,78004.171875,78015.0,77963.953125,78015.0,0
2026-08-21 10:25:00+00:00,77994.2578125,77994.2578125,78003.453125,77932.25,78003.453125,0
2026-08-21 10:26:00+00:00,77743.203125,77743.203125,77984.4296875,77684.0390625,77984.4296875,0
2026-08-21 10:27:00+00:00,77816.28125,77816.28125,77816.28125,77660.6796875,77678.2734375,0
2026-08-21 10:28:00+00:00,77842.1328125,77842.1328125,77858.0390625,77805.09375,77805.09375,0
2026-08-21 10:29:00+00:00,77903.2890625,77903.2890625,77911.828125,77837.09375,77837.09375,0
2026-08-21 10:30:00+00:00,77837.171875,77837.171875,77948.5078125,77837.171875,77918.21875,0
2026-08-21 10:31:00+00:00,77880.0,77880.0,77948.5078125,77841.0390625,77845.0625,83103744
2026-08-21 10:32:00+00:00,77853.4296875,77853.4296875,77894.7265625,77835.6015625,77894.7265625,0
2026-08-21 10:33:00+00:00,77725.796875,77725.796875,77843.0390625,77697.84375,77843.0390625,0
2026-08-21 10:34:00+00:00,77655.78125,77655.78125,77723.0234375,77655.78125,77723.0234375,0
2026-08-21 10:35:00+00:00,77688.3203125,77688.3203125,77688.3203125,77624.890625,77656.1015625,15458304
2026-08-21 10:36:00+00:00,77723.53125,77723.53125,77772.8828125,77687.6015625,77690.9921875,0
2026-08-21 10:37:00+00:00,77734.0625,77734.0625,77745.0703125,77701.453125,77713.0625,0
2026-08-21 10:38:00+00:00,77705.9296875,77705.9296875,77754.8828125,77695.3203125,77754.4296875,0
2026-08-21 10:39:00+00:00,77705.25,77705.25,77727.2109375,77659.6796875,77727.2109375,0
2026-08-21 10:40:00+00:00,77790.3203125,77790.3203125,77817.8203125,77697.9609375,77697.9609375,522096640
2026-08-21 10:41:00+00:00,77811.90625,77811.90625,77811.90625,77759.7890625,77759.7890625,0
2026-08-21 10:42:00+00:00,77687.7578125,77687.7578125,77809.8203125,77687.7578125,77805.828125,11616256
2026-08-21 10:43:00+00:00,77833.6875,77833.6875,77840.6328125,77710.34375,77727.5625,0
2026-08-21 10:44:00+00:00,77829.0,77829.0,77838.6171875,77809.3203125,77817.03125,0
2026-08-21 10:45:00+00:00,77924.1484375,77924.1484375,77924.1484375,77828.859375,77828.859375,0
2026-08-21 10:46:00+00:00,77986.78125,77986.78125,77986.78125,77910.2421875,77917.2578125,65339392
2026-08-21 10:47:00+00:00,77928.578125,77928.578125,77982.5703125,77928.578125,77965.921875,0
2026-08-21 10:48:00+00:00,77791.921875,77791.921875,77951.9921875,77791.921875,77924.7890625,0
2026-08-21 10:49:00+00:00,77788.9921875,77788.9921875,77819.7578125,77785.3203125,77798.796875,29466624
2026-08-21 10:50:00+00:00,77742.203125,77742.203125,77774.5234375,77738.609375,77774.5234375,0
2026-08-21 10:51:00+00:00,77744.0625,77744.0625,77784.953125,77741.28125,77746.6796875,116457472
2026-08-21 10:52:00+00:00,77791.3984375,77791.3984375,77791.3984375,77758.5234375,77765.5234375,0
2026-08-21 10:53:00+00:00,77809.28125,77809.28125,77825.0625,77781.4921875,77817.890625,0
2026-08-21 10:54:00+00:00,77808.109375,77808.109375,77842.0625,77776.078125,77791.90625,0
2026-08-21 10:55:00+00:00,77821.7734375,77821.7734375,77837.421875,77805.8515625,77837.421875,946176
2026-08-21 10:56:00+00:00,77839.4921875,77839.4921875,77877.6796875,77837.2265625,77840.6328125,0
2026-08-21 10:57:00+00:00,77848.1015625,77848.1015625,77861.5234375,77842.0,77844.8203125,89288704
2026-08-21 10:58:00+00:00,77816.6171875,77816.6171875,77880.3671875,77816.6171875,77880.3671875,11190272
2026-08-21 10:59:00+00:00,77802.359375,77802.359375,77812.7890625,77767.5625,77805.0,0
2026-08-21 11:00:00+00:00,77729.28125,77729.28125,77814.40625,77725.8125,77814.40625,275156992
2026-08-21 11:01:00+00:00,77716.9921875,77716.9921875,77746.6796875,77668.140625,77746.6796875,0
2026-08-21 11:02:00+00:00,77588.6875,77588.6875,77691.09375,77588.6875,77691.09375,5644288
2026-08-21 11:03:00+00:00,77558.7578125,77558.7578125,77649.390625,77558.7578125,77604.2421875,0
2026-08-21 11:04:00+00:00,77802.9296875,77802.9296875,77802.9296875,77599.046875,77599.046875,0
2026-08-21 11:05:00+00:00,77785.0078125,77785.0078125,77840.640625,77767.6171875,77767.6171875,0
2026-08-21 11:06:00+00:00,77739.8828125,77739.8828125,77787.7421875,77728.2578125,77787.7421875,0
2026-08-21 11:07:00+00:00,77703.9609375,77703.9609375,77738.7890625,77701.0078125,77728.921875,0
2026-08-21 11:08:00+00:00,77738.9921875,77738.9921875,77747.5,77699.0625,77729.28125,8941568
2026-08-21 11:09:00+00:00,77723.1796875,77723.1796875,77740.4296875,77722.3203125,77729.2890625,74141696
2026-08-21 11:10:00+00:00,77774.5078125,77774.5078125,77774.5078125,77689.2734375,77718.84375,0
2026-08-21 11:11:00+00:00,77749.7734375,77749.7734375,77778.0,77748.6328125,77763.8984375,0
2026-08-21 11:12:00+00:00,77424.3828125,77424.3828125,77716.9296875,77347.4765625,77715.3671875,0
2026-08-21 11:13:00+00:00,77367.359375,77367.359375,77431.03125,77318.671875,77431.03125,0
2026-08-21 11:14:00+00:00,77520.46875,77520.46875,77520.46875,77395.203125,77395.203125,0
2026-08-21 11:15:00+00:00,77469.8203125,77469.8203125,77503.2890625,77413.0703125,77503.2890625,0
2026-08-21 11:16:00+00:00,77341.3671875,77341.3671875,77523.9609375,77341.3671875,77521.03125,0
2026-08-21 11:17:00+00:00,77405.9921875,77405.9921875,77412.6015625,77347.59375,77400.3671875,0
2026-08-21 11:18:00+00:00,77346.4765625,77346.4765625,77460.390625,77346.4765625,77412.1484375,204406784
2026-08-21 11:19:00+00:00,77294.28125,77294.28125,77344.0,77277.40625,77344.0,0
2026-08-21 11:20:00+00:00,77434.3125,77434.3125,77434.3125,77302.046875,77302.046875,208019456
2026-08-21 11:21:00+00:00,77549.6875,77549.6875,77549.6875,77426.5234375,77426.5234375,0
2026-08-21 11:22:00+00:00,77606.7890625,77606.7890625,77650.7265625,77510.0390625,77529.5703125,1859584
2026-08-21 11:23:00+00:00,77636.75,77636.75,77643.5390625,77588.2890625,77603.4765625,0
2026-08-21 11:24:00+00:00,77470.1484375,77470.1484375,77647.3515625,77422.09375,77647.3515625,33083392
2026-08-21 11:25:00+00:00,77433.46875,77433.46875,77495.203125,77377.796875,77495.203125,0
2026-08-21 11:26:00+00:00,77430.7890625,77430.7890625,77476.8671875,77430.7890625,77446.4765625,9814016
2026-08-21 11:27:00+00:00,77366.0,77366.0,77415.53125,77359.859375,77399.0625,187379712
2026-08-21 11:28:00+00:00,77374.34375,77374.34375,77374.34375,77287.453125,77352.171875,0
2026-08-21 11:29:00+00:00,77386.0078125,77386.0078125,77417.109375,77374.2734375,77376.3828125,5984256
2026-08-21 11:30:00+00:00,77315.15625,77315.15625,77409.3984375,77304.7421875,77407.8515625,0
2026-08-21 11:31:00+00:00,77137.890625,77137.890625,77319.53125,77137.890625,77319.53125,0
2026-08-21 11:32:00+00:00,76793.8125,76793.8125,77120.28125,76700.703125,77120.28125,0
2026-08-21 11:33:00+00:00,76765.3203125,76765.3203125,76901.21875,76632.546875,76820.6875,1929445376
2026-08-21 11:34:00+00:00,76445.5078125,76445.5078125,76786.890625,76416.4765625,76786.890625,0
2026-08-21 11:35:00+00:00,76789.6875,76789.6875,76813.3515625,76496.25,76496.25,13258752
2026-08-21 11:36:00+00:00,76866.2421875,76866.2421875,76900.2109375,76773.578125,76817.5234375,0
2026-08-21 11:37:00+00:00,76918.21875,76918.21875,76958.25,76890.6015625,76891.3203125,34783232
2026-08-21 11:38:00+00:00,77015.0078125,77015.0078125,77064.7109375,76919.171875,76919.171875,272314368
2026-08-21 11:39:00+00:00,76967.9609375,76967.9609375,77015.8828125,76967.9609375,77005.453125,0
2026-08-21 11:40:00+00:00,77005.859375,77005.859375,77007.2890625,76965.8828125,76965.8828125,29388800
2026-08-21 11:41:00+00:00,76960.953125,76960.953125,76992.140625,76950.0,76984.5625,0
2026-08-21 11:42:00+00:00,76814.609375,76814.609375,76970.6328125,76810.5703125,76967.1484375,187629568
2026-08-21 11:43:00+00:00,76831.1171875,76831.1171875,76831.1171875,76762.4921875,76824.4921875,0
2026-08-21 11:44:00+00:00,76854.5,76854.5,76854.5,76761.6171875,76814.0390625,2895872
2026-08-21 11:45:00+00:00,76875.0,76875.0,76925.390625,76823.921875,76823.921875,0
2026-08-21 11:46:00+00:00,76827.96875,76827.96875,76890.59375,76822.9296875,76890.59375,0
2026-08-21 11:47:00+00:00,76640.0390625,76640.0390625,76830.5,76640.0390625,76801.8984375,33419264
2026-08-21 11:48:00+00:00,76694.5234375,76694.5234375,76695.703125,76605.09375,76631.6328125,0
2026-08-21 11:49:00+00:00,76681.7578125,76681.7578125,76681.7578125,76611.0,76664.3984375,84635648
2026-08-21 11:50:00+00:00,76772.2734375,76772.2734375,76772.2734375,76644.34375,76694.84375,0
2026-08-21 11:51:00+00:00,76793.1484375,76793.1484375,76793.1484375,76688.7734375,76736.4921875,0
2026-08-21 11:52:00+00:00,76872.6875,76872.6875,76872.6875,76793.2578125,76796.2578125,33513472
2026-08-21 11:53:00+00:00,76930.0,76930.0,76970.640625,76911.4921875,76913.78125,0
2026-08-21 11:54:00+00:00,76987.5,76987.5,77012.0078125,76946.2890625,76959.0078125,0
2026-08-21 11:55:00+00:00,76925.40625,76925.40625,76994.2421875,76895.0078125,76994.2421875,0
2026-08-21 11:56:00+00:00,76807.9296875,76807.9296875,76914.9609375,76807.9296875,76914.9609375,28635136
2026-08-21 11:57:00+00:00,76866.9375,76866.9375,76868.3203125,76789.140625,76814.8125,0
2026-08-21 11:58:00+00:00,76721.0078125,76721.0078125,76872.8125,76689.921875,76866.9375,43606016
2026-08-21 11:59:00+00:00,76709.6171875,76709.6171875,76717.578125,76664.3984375,76702.1328125,0
2026-08-21 12:00:00+00:00,76622.171875,76622.171875,76740.953125,76622.171875,76740.953125,0
2026-08-21 12:01:00+00:00,76688.7578125,76688.7578125,76713.6328125,76648.6328125,76648.6328125,0
2026-08-21 12:02:00+00:00,76558.9765625,76558.9765625,76688.75,76521.2890625,76671.3671875,336580608
2026-08-21 12:03:00+00:00,76760.3671875,76760.3671875,76789.6796875,76642.390625,76652.4609375,1617481728
2026-08-21 12:04:00+00:00,76629.59375,76629.59375,76741.6328125,76535.90625,76741.6328125,0
2026-08-21 12:05:00+00:00,76754.1171875,76754.1171875,76758.359375,76667.8828125,76667.8828125,38735872
2026-08-21 12:06:00+00:00,76868.359375,76868.359375,76868.359375,76786.1875,76786.1875,241725440
2026-08-21 12:07:00+00:00,76944.7421875,76944.7421875,76944.7421875,76871.1484375,76878.5078125,0
2026-08-21 12:08:00+00:00,76800.1171875,76800.1171875,76935.84375,76793.15625,76935.84375,0
2026-08-21 12:09:00+00:00,76758.3671875,76758.3671875,76824.078125,76758.359375,76814.59375,1398747136
2026-08-21 12:10:00+00:00,76715.578125,76715.578125,76775.7578125,76715.578125,76758.9765625,36929536
2026-08-21 12:11:00+00:00,76812.9921875,76812.9921875,76812.9921875,76734.0,76734.0,0
2026-08-21 12:12:00+00:00,76807.1328125,76807.1328125,76836.203125,76761.4609375,76814.203125,0
2026-08-21 12:13:00+00:00,76994.671875,76994.671875,76994.671875,76800.0,76800.1171875,0
2026-08-21 12:14:00+00:00,76901.3203125,76901.3203125,76969.21875,76901.3203125,76957.171875,0
2026-08-21 12:15:00+00:00,76841.890625,76841.890625,76875.6484375,76822.9921875,76875.6484375,0
2026-08-21 12:16:00+00:00,76771.453125,76771.453125,76829.6328125,76771.453125,76820.4296875,32759808
2026-08-21 12:17:00+00:00,76839.3515625,76839.3515625,76862.75,76747.921875,76764.0390625,0
2026-08-21 12:18:00+00:00,76811.1328125,76811.1328125,76876.6796875,76800.0,76840.4375,73793536
2026-08-21 12:19:00+00:00,76821.0,76821.0,76837.640625,76796.6328125,76812.8203125,0
2026-08-21 12:20:00+00:00,76788.5,76788.5,76845.8828125,76785.0078125,76845.8828125,80732160
2026-08-21 12:21:00+00:00,76734.796875,76734.796875,76843.59375,76734.796875,76778.09375,0
2026-08-21 12:22:00+00:00,76756.4296875,76756.4296875,76756.5078125,76736.7421875,76755.40625,0
2026-08-21 12:23:00+00:00,76643.5703125,76643.5703125,76788.1796875,76643.5703125,76735.5078125,537313280
2026-08-21 12:24:00+00:00,76771.9296875,76771.9296875,76803.6015625,76621.6484375,76678.09375,0
2026-08-21 12:25:00+00:00,76674.0,76674.0,76723.546875,76645.421875,76716.609375,55001088
2026-08-21 12:26:00+00:00,76718.8515625,76718.8515625,76766.3515625,76677.90625,76691.0234375,0
2026-08-21 12:27:00+00:00,76753.90625,76753.90625,76753.90625,76690.0,76716.7734375,46604288
2026-08-21 12:28:00+00:00,76723.546875,76723.546875,76778.2734375,76723.546875,76736.1015625,0
2026-08-21 12:29:00+00:00,76667.9296875,76667.9296875,76721.0234375,76667.6015625,76719.546875,0
2026-08-21 12:30:00+00:00,76647.859375,76647.859375,76669.6328125,76615.453125,76668.3984375,0
2026-08-21 12:31:00+00:00,76712.3828125,76712.3828125,76712.3828125,76639.453125,76682.296875,12345344
2026-08-21 12:32:00+00:00,76672.703125,76672.703125,76720.3671875,76630.578125,76720.3671875,0
2026-08-21 12:33:00+00:00,76687.671875,76687.671875,76738.671875,76677.4375,76714.6328125,113655808
2026-08-21 12:34:00+00:00,76676.6875,76676.6875,76688.4921875,76627.2109375,76688.4921875,0
2026-08-21 12:35:00+00:00,76792.4765625,76792.4765625,76820.453125,76676.703125,76676.703125,351862784
2026-08-21 12:36:00+00:00,76884.7265625,76884.7265625,76892.90625,76816.4921875,76831.71875,0
2026-08-21 12:37:00+00:00,76944.171875,76944.171875,76962.3984375,76877.6328125,76877.6328125,0
2026-08-21 12:38:00+00:00,77020.5625,77020.5625,77050.6484375,76956.84375,76956.84375,14827520
2026-08-21 12:39:00+00:00,77207.1015625,77207.1015625,77207.1015625,77001.1875,77001.1875,0
2026-08-21 12:40:00+00:00,77289.1875,77289.1875,77289.1875,77186.84375,77199.03125,5242880
2026-08-21 12:41:00+00:00,77388.96875,77388.96875,77388.96875,77276.0625,77294.46875,0
2026-08-21 12:42:00+00:00,77291.453125,77291.453125,77393.4609375,77267.2265625,77393.4609375,185999360
2026-08-21 12:43:00+00:00,77389.2421875,77389.2421875,77393.6015625,77288.7578125,77288.7578125,11837440
2026-08-21 12:44:00+00:00,77409.90625,77409.90625,77423.4296875,77387.75,77387.75,17145856
2026-08-21 12:45:00+00:00,77380.703125,77380.703125,77457.5,77370.4765625,77377.4765625,0
2026-08-21 12:46:00+00:00,77292.953125,77292.953125,77371.8671875,77280.75,77371.8671875,14442496
2026-08-21 12:47:00+00:00,77312.828125,77312.828125,77339.6015625,77286.3515625,77326.15625,0
2026-08-21 12:48:00+00:00,77368.71875,77368.71875,77368.71875,77253.9921875,77309.90625,0
2026-08-21 12:49:00+00:00,77354.5,77354.5,77382.8515625,77332.4765625,77344.453125,0
2026-08-21 12:50:00+00:00,77367.0078125,77367.0078125,77430.546875,77367.0078125,77371.703125,0
2026-08-21 12:51:00+00:00,77307.3515625,77307.3515625,77356.359375,77291.921875,77356.359375,13819904
2026-08-21 12:52:00+00:00,77280.75,77280.75,77339.6015625,77264.71875,77309.0,0
2026-08-21 12:53:00+00:00,77252.0078125,77252.0078125,77279.203125,77252.0078125,77274.671875,0
2026-08-21 12:54:00+00:00,77143.78125,77143.78125,77238.6171875,77079.0,77238.6171875,0
2026-08-21 12:55:00+00:00,77179.75,77179.75,77222.921875,77143.78125,77143.78125,94986240
2026-08-21 12:56:00+00:00,77106.578125,77106.578125,77176.140625,77100.0,77176.140625,0
2026-08-21 12:57:00+00:00,77125.59375,77125.59375,77168.2421875,77110.09375,77141.640625,0
2026-08-21 12:58:00+00:00,77146.96875,77146.96875,77157.4765625,77141.6484375,77144.0234375,0
2026-08-21 12:59:00+00:00,77195.1484375,77195.1484375,77195.1484375,77146.96875,77146.96875,0
2026-08-21 13:00:00+00:00,77152.34375,77152.34375,77229.71875,77120.390625,77229.71875,81879040
2026-08-21 13:01:00+00:00,77078.75,77078.75,77134.2421875,77078.75,77115.109375,0
2026-08-21 13:02:00+00:00,77099.40625,77099.40625,77104.203125,77075.0078125,77093.5,20283392
2026-08-21 13:03:00+00:00,77155.921875,77155.921875,77168.3125,77077.046875,77077.5,0
2026-08-21 13:04:00+00:00,77282.828125,77282.828125,77282.828125,77147.0,77163.390625,0
2026-08-21 13:05:00+00:00,77255.0,77255.0,77278.28125,77230.28125,77278.28125,0
2026-08-21 13:06:00+00:00,77337.453125,77337.453125,77360.9296875,77237.9609375,77237.9609375,0
2026-08-21 13:07:00+00:00,77328.90625,77328.90625,77371.703125,77318.203125,77336.9765625,23560192
2026-08-21 13:08:00+00:00,77197.4921875,77197.4921875,77355.7109375,77184.453125,77339.6015625,0
2026-08-21 13:09:00+00:00,77234.2109375,77234.2109375,77254.0234375,77180.8125,77197.2109375,0
2026-08-21 13:10:00+00:00,77138.390625,77138.390625,77213.03125,77138.390625,77213.03125,0
2026-08-21 13:11:00+00:00,77104.8515625,77104.8515625,77150.4765625,77006.6875,77150.4765625,4333568
2026-08-21 13:12:00+00:00,77120.34375,77120.34375,77152.3515625,77107.0,77107.0,0
2026-08-21 13:13:00+00:00,77088.140625,77088.140625,77098.859375,77045.359375,77098.859375,0
2026-08-21 13:14:00+00:00,77168.3984375,77168.3984375,77177.2734375,77084.71875,77114.8984375,206053376
2026-08-21 13:15:00+00:00,77072.1015625,77072.1015625,77165.0625,77072.1015625,77165.0625,0
2026-08-21 13:16:00+00:00,77052.9765625,77052.9765625,77093.4765625,77050.7109375,77082.609375,332619776
2026-08-21 13:17:00+00:00,76916.5,76916.5,77051.5390625,76886.71875,77048.390625,0
2026-08-21 13:18:00+00:00,76858.109375,76858.109375,76965.9296875,76851.96875,76941.34375,13131776
2026-08-21 13:19:00+00:00,76941.75,76941.75,76956.4375,76858.09375,76858.09375,0
2026-08-21 13:20:00+00:00,76857.828125,76857.828125,76927.7578125,76816.9375,76927.7578125,29278208
2026-08-21 13:21:00+00:00,76853.046875,76853.046875,76876.8671875,76820.84375,76820.84375,0
2026-08-21 13:22:00+00:00,76869.8984375,76869.8984375,76885.9765625,76828.2734375,76842.0078125,0
2026-08-21 13:23:00+00:00,76835.8671875,76835.8671875,76901.6015625,76813.09375,76887.84375,0
2026-08-21 13:24:00+00:00,76924.1484375,76924.1484375,76924.1484375,76843.71875,76843.71875,0
2026-08-21 13:25:00+00:00,77005.8828125,77005.8828125,77005.8828125,76893.1796875,76893.1796875,0
2026-08-21 13:26:00+00:00,77099.0234375,77099.0234375,77099.0234375,76977.7421875,76986.5,110682112
2026-08-21 13:27:00+00:00,77130.9375,77130.9375,77157.453125,77075.890625,77079.40625,0
2026-08-21 13:28:00+00:00,77051.03125,77051.03125,77100.0,77028.890625,77100.0,884736
2026-08-21 13:29:00+00:00,77067.9609375,77067.9609375,77078.6328125,77045.3515625,77074.3515625,0
2026-08-21 13:30:00+00:00,76874.2265625,76874.2265625,76954.3984375,76767.1484375,76950.0078125,0
2026-08-21 13:31:00+00:00,76712.7734375,76712.7734375,76906.25,76687.109375,76906.25,0
2026-08-21 13:32:00+00:00,76681.8671875,76681.8671875,76701.7421875,76535.9921875,76664.3828125,0
2026-08-21 13:33:00+00:00,76618.578125,76618.578125,76745.5625,76607.9765625,76718.890625,12713984
2026-08-21 13:34:00+00:00,76564.453125,76564.453125,76684.75,76564.453125,76645.3828125,0
2026-08-21 13:35:00+00:00,76308.328125,76308.328125,76570.1171875,76308.328125,76570.1171875,181510144
2026-08-21 13:36:00+00:00,76495.5,76495.5,76495.5,76225.8125,76225.8125,0
2026-08-21 13:37:00+00:00,76579.5390625,76579.5390625,76600.890625,76491.6796875,76545.1484375,0
2026-08-21 13:38:00+00:00,76792.890625,76792.890625,76831.921875,76594.828125,76594.828125,174669824
2026-08-21 13:39:00+00:00,76927.15625,76927.15625,76927.15625,76737.8125,76737.8125,0
2026-08-21 13:40:00+00:00,77016.9609375,77016.9609375,77057.6328125,76960.7734375,76960.7734375,100966400
2026-08-21 13:41:00+00:00,77134.28125,77134.28125,77134.28125,77015.0078125,77034.9296875,0
2026-08-21 13:42:00+00:00,77253.0234375,77253.0234375,77273.84375,77126.40625,77126.40625,0
2026-08-21 13:43:00+00:00,77237.5703125,77237.5703125,77237.5703125,77137.2578125,77217.4921875,0
2026-08-21 13:44:00+00:00,77283.390625,77283.390625,77283.390625,77209.84375,77231.0234375,145186816
2026-08-21 13:45:00+00:00,77312.9921875,77312.9921875,77429.4609375,77250.0,77250.0,0
2026-08-21 13:46:00+00:00,77216.1328125,77216.1328125,77282.4296875,77125.1796875,77282.4296875,113975296
2026-08-21 13:47:00+00:00,77266.3984375,77266.3984375,77299.921875,77214.5,77216.3515625,0
2026-08-21 13:48:00+00:00,77395.078125,77395.078125,77395.078125,77222.5390625,77253.5,18276352
2026-08-21 13:49:00+00:00,77444.453125,77444.453125,77506.578125,77409.921875,77409.921875,80642048
2026-08-21 13:50:00+00:00,77633.859375,77633.859375,77649.15625,77497.0,77497.0,0
2026-08-21 13:51:00+00:00,77628.6015625,77628.6015625,77671.5078125,77595.046875,77615.0,0
2026-08-21 13:52:00+00:00,77460.0,77460.0,77584.3828125,77399.9296875,77584.3828125,0
2026-08-21 13:53:00+00:00,77412.3125,77412.3125,77501.890625,77403.3984375,77405.5703125,296026112
2026-08-21 13:54:00+00:00,77282.9765625,77282.9765625,77385.5625,77225.84375,77371.1484375,0
2026-08-21 13:55:00+00:00,77328.2734375,77328.2734375,77388.0,77282.5234375,77284.8671875,0
2026-08-21 13:56:00+00:00,77385.5625,77385.5625,77385.5625,77251.21875,77296.421875,0
2026-08-21 13:57:00+00:00,77277.046875,77277.046875,77431.3984375,77270.9765625,77408.4765625,0
2026-08-21 13:58:00+00:00,77178.9375,77178.9375,77197.921875,77112.953125,77167.6875,0
2026-08-21 13:59:00+00:00,77244.2265625,77244.2265625,77314.671875,77205.3203125,77205.3203125,0
2026-08-21 14:00:00+00:00,77104.65625,77104.65625,77217.75,77104.65625,77217.4921875,812318720
2026-08-21 14:01:00+00:00,77061.9375,77061.9375,77104.6875,77026.96875,77087.6015625,0
2026-08-21 14:02:00+00:00,76900.0234375,76900.0234375,77042.4921875,76834.890625,77042.4921875,33021952
2026-08-21 14:03:00+00:00,76873.6796875,76873.6796875,76942.4375,76831.40625,76873.2890625,0
2026-08-21 14:04:00+00:00,76724.7421875,76724.7421875,76833.6328125,76724.7421875,76824.03125,0
2026-08-21 14:05:00+00:00,76923.3515625,76923.3515625,76934.7890625,76801.09375,76801.09375,0
2026-08-21 14:06:00+00:00,77045.578125,77045.578125,77110.96875,76940.34375,76940.34375,0
2026-08-21 14:07:00+00:00,76948.796875,76948.796875,77064.671875,76937.6328125,77064.671875,0
2026-08-21 14:08:00+00:00,77070.609375,77070.609375,77104.0,76963.5,76963.5,0
2026-08-21 14:09:00+00:00,76965.4375,76965.4375,77071.5625,76951.8125,77071.5625,0
2026-08-21 14:10:00+00:00,77048.453125,77048.453125,77048.453125,76973.0,76973.0,0
2026-08-21 14:11:00+00:00,76992.1015625,76992.1015625,77065.5625,76984.4609375,77038.2265625,0
2026-08-21 14:12:00+00:00,76866.8984375,76866.8984375,77065.2890625,76855.296875,77011.1328125,0
2026-08-21 14:13:00+00:00,76824.0625,76824.0625,76915.7109375,76824.0625,76902.15625,151928832
2026-08-21 14:14:00+00:00,76759.09375,76759.09375,76835.4765625,76696.6796875,76835.4765625,0
2026-08-21 14:15:00+00:00,76862.2265625,76862.2265625,76862.2265625,76759.078125,76824.71875,0
2026-08-21 14:16:00+00:00,76854.2265625,76854.2265625,76901.6171875,76771.078125,76878.2265625,77283328
2026-08-21 14:17:00+00:00,76749.046875,76749.046875,76867.609375,76730.9921875,76858.421875,0
2026-08-21 14:18:00+00:00,76765.328125,76765.328125,76836.7109375,76757.90625,76836.7109375,240893952
2026-08-21 14:19:00+00:00,76654.34375,76654.34375,76763.90625,76540.7421875,76708.1328125,20619264
2026-08-21 14:20:00+00:00,76588.5078125,76588.5078125,76620.5625,76526.828125,76620.5625,0
2026-08-21 14:21:00+00:00,76629.609375,76629.609375,76653.3203125,76577.203125,76581.5703125,0
2026-08-21 14:22:00+00:00,76990.828125,76990.828125,77058.53125,76680.2421875,76681.53125,125575168
2026-08-21 14:23:00+00:00,76837.921875,76837.921875,76985.7734375,76837.921875,76978.5703125,136544256
2026-08-21 14:24:00+00:00,76992.1328125,76992.1328125,77026.4765625,76860.2109375,76860.2109375,0
2026-08-21 14:25:00+00:00,77082.2109375,77082.2109375,77113.5625,77001.78125,77005.4765625,0
2026-08-21 14:26:00+00:00,77058.5703125,77058.5703125,77075.1484375,76973.8984375,77075.1484375,0
2026-08-21 14:27:00+00:00,77116.1875,77116.1875,77171.5078125,77059.6484375,77059.6484375,132669440
2026-08-21 14:28:00+00:00,77087.6015625,77087.6015625,77131.2265625,77078.1171875,77100.328125,0
2026-08-21 14:29:00+00:00,77043.3828125,77043.3828125,77113.6171875,77029.6328125,77084.6796875,0
2026-08-21 14:30:00+00:00,77115.4609375,77115.4609375,77132.578125,77038.7265625,77068.5,0
2026-08-21 14:31:00+00:00,77133.1875,77133.1875,77167.7734375,77091.4296875,77091.4296875,442613760
2026-08-21 14:32:00+00:00,77187.328125,77187.328125,77191.09375,77074.46875,77129.71875,0
2026-08-21 14:33:00+00:00,77122.0,77122.0,77202.203125,77121.9921875,77202.203125,0
2026-08-21 14:34:00+00:00,77073.3671875,77073.3671875,77115.7734375,77072.9765625,77109.140625,0
2026-08-21 14:35:00+00:00,77000.0078125,77000.0078125,77069.78125,77000.0078125,77069.78125,0
2026-08-21 14:36:00+00:00,77185.359375,77185.359375,77202.5625,77019.8828125,77019.8828125,0
2026-08-21 14:37:00+00:00,77041.859375,77041.859375,77168.0703125,77041.859375,77159.5078125,0
2026-08-21 14:38:00+00:00,76941.3671875,76941.3671875,77018.84375,76896.6015625,77018.84375,182468608
2026-08-21 14:39:00+00:00,76854.6015625,76854.6015625,76975.3671875,76854.6015625,76975.3671875,0
2026-08-21 14:40:00+00:00,76895.59375,76895.59375,76925.0078125,76840.03125,76840.03125,92192768
2026-08-21 14:41:00+00:00,76944.53125,76944.53125,76980.640625,76894.1328125,76900.2109375,0
2026-08-21 14:42:00+00:00,76997.8203125,76997.8203125,76997.828125,76943.3125,76957.7109375,0
2026-08-21 14:43:00+00:00,77072.40625,77072.40625,77104.203125,76988.296875,76997.8203125,81977344
2026-08-21 14:44:00+00:00,77110.5,77110.5,77116.75,77065.421875,77102.90625,0
2026-08-21 14:45:00+00:00,77198.0234375,77198.0234375,77198.0234375,77106.7109375,77106.7109375,0
2026-08-21 14:46:00+00:00,77278.8515625,77278.8515625,77287.3671875,77204.6328125,77204.6328125,0
2026-08-21 14:47:00+00:00,77312.9765625,77312.9765625,77327.09375,77270.96875,77301.5234375,67198976
2026-08-21 14:48:00+00:00,77269.328125,77269.328125,77301.9609375,77244.71875,77301.9609375,0
2026-08-21 14:49:00+00:00,77312.9765625,77312.9765625,77324.4375,77274.921875,77276.5234375,0
2026-08-21 14:50:00+00:00,77411.4765625,77411.4765625,77411.4765625,77329.8984375,77329.8984375,0
2026-08-21 14:51:00+00:00,77402.1484375,77402.1484375,77417.1328125,77378.3984375,77416.078125,0
2026-08-21 14:52:00+00:00,77365.546875,77365.546875,77406.2109375,77365.546875,77389.3828125,1927708672
2026-08-21 14:53:00+00:00,77323.09375,77323.09375,77365.5390625,77313.15625,77365.5390625,6488064
2026-08-21 14:54:00+00:00,77288.3671875,77288.3671875,77351.0703125,77283.21875,77330.5,42786816
2026-08-21 14:55:00+00:00,77255.6875,77255.6875,77278.1796875,77244.2265625,77259.5078125,0
2026-08-21 14:56:00+00:00,77352.3828125,77352.3828125,77352.9921875,77249.6171875,77249.6171875,0
2026-08-21 14:57:00+00:00,77322.90625,77322.90625,77369.90625,77301.5078125,77369.90625,28909568
2026-08-21 14:58:00+00:00,77330.0,77330.0,77350.109375,77320.6328125,77320.6328125,8232960
2026-08-21 14:59:00+00:00,77374.78125,77374.78125,77432.6484375,77330.0,77330.0,0
2026-08-21 15:00:00+00:00,77341.65625,77341.65625,77403.0625,77312.28125,77403.0625,221716480
2026-08-21 15:01:00+00:00,77352.3515625,77352.3515625,77404.078125,77320.4921875,77385.1484375,0
2026-08-21 15:02:00+00:00,77458.9609375,77458.9609375,77469.6015625,77328.2578125,77335.9921875,0
2026-08-21 15:03:00+00:00,77432.8125,77432.8125,77458.78125,77416.1328125,77439.15625,0
2026-08-21 15:04:00+00:00,77500.171875,77500.171875,77550.359375,77473.796875,77481.0625,0
2026-08-21 15:05:00+00:00,77618.2578125,77618.2578125,77618.2578125,77465.8125,77465.8125,21839872
2026-08-21 15:06:00+00:00,77634.53125,77634.53125,77697.109375,77617.09375,77617.09375,0
2026-08-21 15:07:00+00:00,77540.3828125,77540.3828125,77624.921875,77515.75,77624.921875,0
2026-08-21 15:08:00+00:00,77591.2734375,77591.2734375,77593.921875,77519.2578125,77561.28125,0
2026-08-21 15:09:00+00:00,77686.859375,77686.859375,77686.859375,77573.03125,77576.1171875,0
2026-08-21 15:10:00+00:00,77637.6875,77637.6875,77719.8671875,77637.6875,77692.3125,0
2026-08-21 15:11:00+00:00,77639.8203125,77639.8203125,77691.1875,77609.671875,77672.0625,0
2026-08-21 15:12:00+00:00,77610.953125,77610.953125,77633.96875,77582.46875,77633.96875,286916608
2026-08-21 15:13:00+00:00,77677.8671875,77677.8671875,77686.296875,77619.609375,77626.21875,0
2026-08-21 15:14:00+00:00,77694.96875,77694.96875,77769.5390625,77651.96875,77664.75,0
2026-08-21 15:15:00+00:00,77683.5234375,77683.5234375,77843.2734375,77683.5234375,77720.9921875,0
2026-08-21 15:16:00+00:00,77709.0703125,77709.0703125,77751.671875,77674.8125,77725.6796875,13656064
2026-08-21 15:17:00+00:00,77568.8671875,77568.8671875,77679.0390625,77565.0234375,77679.0390625,0
2026-08-21 15:18:00+00:00,77571.5078125,77571.5078125,77602.75,77534.546875,77602.75,0
2026-08-21 15:19:00+00:00,77585.546875,77585.546875,77643.3203125,77574.1171875,77574.1171875,0
2026-08-21 15:20:00+00:00,77584.1328125,77584.1328125,77633.1484375,77584.1328125,77623.9375,281042944
2026-08-21 15:21:00+00:00,77549.8203125,77549.8203125,77575.328125,77513.171875,77575.328125,0
2026-08-21 15:22:00+00:00,77693.3125,77693.3125,77693.3125,77547.1796875,77547.1796875,11788288
2026-08-21 15:23:00+00:00,77645.171875,77645.171875,77740.8203125,77633.9609375,77684.8515625,0
2026-08-21 15:24:00+00:00,77618.6015625,77618.6015625,77652.921875,77618.6015625,77651.953125,0
2026-08-21 15:25:00+00:00,77718.8828125,77718.8828125,77729.3203125,77610.9609375,77610.9609375,0
2026-08-21 15:26:00+00:00,77763.5234375,77763.5234375,77763.5234375,77654.390625,77715.09375,0
2026-08-21 15:27:00+00:00,77675.6875,77675.6875,77782.953125,77675.6875,77759.96875,0
2026-08-21 15:28:00+00:00,77683.578125,77683.578125,77746.1328125,77683.578125,77708.8828125,0
2026-08-21 15:29:00+00:00,77603.328125,77603.328125,77667.953125,77594.296875,77667.953125,843776
2026-08-21 15:30:00+00:00,77649.203125,77649.203125,77649.203125,77581.6015625,77604.0625,0
2026-08-21 15:31:00+00:00,77652.9609375,77652.9609375,77694.9921875,77643.1015625,77668.28125,83918848
2026-08-21 15:32:00+00:00,77716.1875,77716.1875,77742.0703125,77664.421875,77664.421875,0
2026-08-21 15:33:00+00:00,77626.21875,77626.21875,77729.359375,77607.7578125,77729.359375,0
2026-08-21 15:34:00+00:00,77523.7890625,77523.7890625,77639.9609375,77523.7890625,77633.703125,0
2026-08-21 15:35:00+00:00,77477.40625,77477.40625,77591.8203125,77461.96875,77548.671875,0
2026-08-21 15:36:00+00:00,77588.0234375,77588.0234375,77589.9296875,77528.8671875,77547.5,0
2026-08-21 15:37:00+00:00,77527.390625,77527.390625,77618.5625,77515.21875,77591.2734375,0
2026-08-21 15:38:00+00:00,77643.9296875,77643.9296875,77643.9296875,77536.15625,77536.15625,0
2026-08-21 15:39:00+00:00,77599.6796875,77599.6796875,77644.6328125,77599.6796875,77624.703125,0
2026-08-21 15:40:00+00:00,77581.96875,77581.96875,77603.296875,77574.46875,77603.296875,0
2026-08-21 15:41:00+00:00,77626.2109375,77626.2109375,77642.578125,77586.2890625,77603.296875,0
2026-08-21 15:42:00+00:00,77639.9375,77639.9375,77639.9375,77588.03125,77629.1171875,1781456896
2026-08-21 15:43:00+00:00,77533.359375,77533.359375,77623.2734375,77528.2265625,77623.2734375,12304384
2026-08-21 15:44:00+00:00,77480.1796875,77480.1796875,77519.2890625,77463.296875,77519.2890625,0
2026-08-21 15:45:00+00:00,77461.5703125,77461.5703125,77526.8984375,77461.5703125,77490.71875,0
2026-08-21 15:46:00+00:00,77472.078125,77472.078125,77481.5703125,77461.609375,77469.46875,0
2026-08-21 15:47:00+00:00,77408.8515625,77408.8515625,77472.078125,77366.203125,77472.078125,0
2026-08-21 15:48:00+00:00,77358.3828125,77358.3828125,77401.296875,77353.4609375,77401.296875,0
2026-08-21 15:49:00+00:00,77343.546875,77343.546875,77451.7265625,77343.546875,77358.3828125,223379456
2026-08-21 15:50:00+00:00,77423.7578125,77423.7578125,77423.7578125,77301.71875,77301.71875,0
2026-08-21 15:51:00+00:00,77423.7734375,77423.7734375,77439.078125,77380.546875,77416.1171875,0
2026-08-21 15:52:00+00:00,77394.0703125,77394.0703125,77423.75,77374.1015625,77423.75,0
2026-08-21 15:53:00+00:00,77328.71875,77328.71875,77398.796875,77309.1796875,77398.796875,0
2026-08-21 15:54:00+00:00,77266.671875,77266.671875,77362.640625,77266.671875,77352.796875,0
2026-08-21 15:55:00+00:00,77258.5234375,77258.5234375,77306.4375,77253.203125,77269.5078125,0
2026-08-21 15:56:00+00:00,77225.0703125,77225.0703125,77257.0,77201.5234375,77257.0,0
2026-08-21 15:57:00+00:00,77225.1171875,77225.1171875,77273.6328125,77217.4921875,77236.2578125,0
2026-08-21 15:58:00+00:00,77236.3671875,77236.3671875,77237.7578125,77203.4296875,77237.7578125,0
2026-08-21 15:59:00+00:00,77178.828125,77178.828125,77236.7265625,77136.0234375,77232.8515625,0
2026-08-21 16:00:00+00:00,77250.328125,77250.328125,77256.9921875,77190.75,77190.75,0
2026-08-21 16:01:00+00:00,77148.21875,77148.21875,77281.0078125,77148.21875,77250.890625,0
2026-08-21 16:02:00+00:00,77154.8984375,77154.8984375,77160.09375,77095.25,77152.9375,0
2026-08-21 16:03:00+00:00,77101.6015625,77101.6015625,77186.640625,77098.0078125,77186.640625,0
2026-08-21 16:04:00+00:00,77052.25,77052.25,77118.5078125,77052.25,77108.46875,0
2026-08-21 16:05:00+00:00,77046.5703125,77046.5703125,77102.5703125,77021.0078125,77070.0625,0
2026-08-21 16:06:00+00:00,76991.421875,76991.421875,77062.421875,76991.421875,77059.6171875,0
2026-08-21 16:07:00+00:00,76923.5703125,76923.5703125,77017.078125,76911.8828125,77000.859375,0
2026-08-21 16:08:00+00:00,76927.171875,76927.171875,76937.84375,76885.4921875,76930.9765625,0
2026-08-21 16:09:00+00:00,76922.359375,76922.359375,77044.2890625,76893.71875,76933.046875,0
2026-08-21 16:10:00+00:00,77046.546875,77046.546875,77110.40625,76915.0703125,76917.1015625,0
2026-08-21 16:11:00+00:00,76925.2890625,76925.2890625,77048.1171875,76919.5234375,77048.1171875,12787712
2026-08-21 16:12:00+00:00,76988.203125,76988.203125,76995.15625,76944.9765625,76944.9765625,1846599680
2026-08-21 16:13:00+00:00,76829.96875,76829.96875,76976.8203125,76829.96875,76976.8203125,0
2026-08-21 16:14:00+00:00,76823.0078125,76823.0078125,76857.40625,76823.0078125,76857.40625,0
2026-08-21 16:15:00+00:00,76932.9609375,76932.9609375,76933.0234375,76795.3671875,76795.3671875,298885120
2026-08-21 16:16:00+00:00,76972.5625,76972.5625,76972.5625,76915.7109375,76934.40625,0
2026-08-21 16:17:00+00:00,77076.75,77076.75,77076.75,76984.2578125,76998.0,0
2026-08-21 16:18:00+00:00,77083.78125,77083.78125,77155.78125,77038.7265625,77086.53125,144113664
2026-08-21 16:19:00+00:00,77108.3515625,77108.3515625,77108.3515625,77053.21875,77080.9296875,0
2026-08-21 16:20:00+00:00,77057.0390625,77057.0390625,77091.421875,77035.0,77091.421875,5144576
2026-08-21 16:21:00+00:00,77065.203125,77065.203125,77185.90625,77055.828125,77055.828125,0
2026-08-21 16:22:00+00:00,77031.4296875,77031.4296875,77098.2109375,77031.4296875,77067.8125,0
2026-08-21 16:23:00+00:00,77125.546875,77125.546875,77125.7734375,77030.296875,77030.296875,0
2026-08-21 16:24:00+00:00,77108.8203125,77108.8203125,77163.4296875,77105.2421875,77148.7265625,0
2026-08-21 16:25:00+00:00,77086.3828125,77086.3828125,77138.7265625,77061.0078125,77110.9296875,247480320
2026-08-21 16:26:00+00:00,77098.859375,77098.859375,77099.046875,77064.6796875,77086.3671875,0
2026-08-21 16:27:00+00:00,77240.390625,77240.390625,77240.390625,77098.8125,77098.8125,91512832
2026-08-21 16:28:00+00:00,77326.40625,77326.40625,77326.40625,77240.359375,77240.359375,0
2026-08-21 16:29:00+00:00,77339.171875,77339.171875,77347.359375,77301.53125,77307.3203125,0
2026-08-21 16:30:00+00:00,77274.7578125,77274.7578125,77359.6328125,77274.7578125,77359.6328125,0
2026-08-21 16:31:00+00:00,77273.90625,77273.90625,77308.96875,77237.28125,77308.96875,291717120
2026-08-21 16:32:00+00:00,77297.6328125,77297.6328125,77319.9296875,77263.90625,77263.90625,0
2026-08-21 16:33:00+00:00,77309.15625,77309.15625,77328.2578125,77258.78125,77294.453125,0
2026-08-21 16:34:00+00:00,77297.7109375,77297.7109375,77345.921875,77297.7109375,77301.5234375,0
2026-08-21 16:35:00+00:00,77293.8828125,77293.8828125,77312.8125,77259.5,77297.7109375,10223616
2026-08-21 16:36:00+00:00,77259.5,77259.5,77293.8828125,77246.5390625,77293.8828125,0
2026-08-21 16:37:00+00:00,77289.390625,77289.390625,77295.609375,77211.34375,77259.5,0
2026-08-21 16:38:00+00:00,77227.859375,77227.859375,77267.1484375,77209.8515625,77267.1484375,10649600
2026-08-21 16:39:00+00:00,77277.15625,77277.15625,77283.6796875,77230.7890625,77274.78125,0
2026-08-21 16:40:00+00:00,77267.390625,77267.390625,77292.6015625,77250.921875,77292.6015625,16539648
2026-08-21 16:41:00+00:00,77303.046875,77303.046875,77303.046875,77255.6796875,77275.8515625,0
2026-08-21 16:42:00+00:00,77245.1328125,77245.1328125,77321.8125,77245.1328125,77321.8125,49512448
2026-08-21 16:43:00+00:00,77305.3671875,77305.3671875,77316.6015625,77255.4375,77255.4375,0
2026-08-21 16:44:00+00:00,77338.2890625,77338.2890625,77342.7578125,77289.8671875,77299.59375,217284608
2026-08-21 16:45:00+00:00,77302.34375,77302.34375,77338.5625,77287.171875,77338.5625,0
2026-08-21 16:46:00+00:00,77383.5625,77383.5625,77409.6328125,77312.96875,77312.96875,0
2026-08-21 16:47:00+00:00,77393.1875,77393.1875,77416.390625,77356.21875,77370.6484375,0
2026-08-21 16:48:00+00:00,77390.03125,77390.03125,77430.0,77384.15625,77416.5,0
2026-08-21 16:49:00+00:00,77496.3125,77496.3125,77500.171875,77387.671875,77404.640625,0
2026-08-21 16:50:00+00:00,77497.7890625,77497.7890625,77516.71875,77475.421875,77509.7265625,0
2026-08-21 16:51:00+00:00,77492.5078125,77492.5078125,77496.3515625,77469.40625,77496.3515625,0
2026-08-21 16:52:00+00:00,77445.46875,77445.46875,77492.5078125,77410.2421875,77492.5078125,0
2026-08-21 16:53:00+00:00,77438.7109375,77438.7109375,77467.7734375,77435.03125,77435.03125,0
2026-08-21 16:54:00+00:00,77435.21875,77435.21875,77498.6484375,77430.6796875,77467.3125,0
2026-08-21 16:55:00+00:00,77442.0078125,77442.0078125,77465.0703125,77415.8828125,77415.8828125,0
2026-08-21 16:56:00+00:00,77467.7890625,77467.7890625,77507.6328125,77451.59375,77461.9609375,6782976
2026-08-21 16:57:00+00:00,77493.1484375,77493.1484375,77494.03125,77450.5078125,77456.3515625,159883264
2026-08-21 16:58:00+00:00,77491.6171875,77491.6171875,77511.6171875,77490.1875,77492.3125,0
2026-08-21 16:59:00+00:00,77451.34375,77451.34375,77477.2421875,77451.34375,77477.2421875,0
2026-08-21 17:00:00+00:00,77504.2421875,77504.2421875,77504.2421875,77434.9921875,77472.65625,7774208
2026-08-21 17:01:00+00:00,77476.6171875,77476.6171875,77496.34375,77458.171875,77469.6015625,0
2026-08-21 17:02:00+00:00,77530.7578125,77530.7578125,77588.0703125,77476.6171875,77476.6171875,0
2026-08-21 17:03:00+00:00,77520.46875,77520.46875,77555.703125,77520.46875,77534.53125,0
2026-08-21 17:04:00+00:00,77491.78125,77491.78125,77514.4765625,77463.890625,77496.34375,0
2026-08-21 17:05:00+00:00,77523.109375,77523.109375,77523.109375,77467.4296875,77491.7734375,7102464
2026-08-21 17:06:00+00:00,77568.40625,77568.40625,77576.8828125,77515.4375,77527.1484375,0
2026-08-21 17:07:00+00:00,77600.0,77600.0,77639.9296875,77577.4609375,77577.4609375,0
2026-08-21 17:08:00+00:00,77652.2109375,77652.2109375,77695.6796875,77569.1875,77594.671875,0
2026-08-21 17:09:00+00:00,77591.25,77591.25,77679.6875,77591.25,77653.453125,0
2026-08-21 17:10:00+00:00,77581.96875,77581.96875,77630.90625,77581.96875,77592.8125,0
2026-08-21 17:11:00+00:00,77603.90625,77603.90625,77630.03125,77572.8125,77572.8125,25821184
2026-08-21 17:12:00+00:00,77500.78125,77500.78125,77594.6015625,77500.78125,77594.6015625,0
2026-08-21 17:13:00+00:00,77511.6171875,77511.6171875,77538.5703125,77493.8671875,77538.5703125,0
2026-08-21 17:14:00+00:00,77534.296875,77534.296875,77540.7890625,77511.609375,77511.609375,0
2026-08-21 17:15:00+00:00,77481.0625,77481.0625,77544.609375,77459.28125,77544.609375,0
2026-08-21 17:16:00+00:00,77377.921875,77377.921875,77488.703125,77343.828125,77462.90625,0
2026-08-21 17:17:00+00:00,77389.3671875,77389.3671875,77419.9296875,77353.5234375,77366.46875,0
2026-08-21 17:18:00+00:00,77458.1328125,77458.1328125,77460.578125,77399.7421875,77419.0078125,6832128
2026-08-21 17:19:00+00:00,77366.46875,77366.46875,77465.796875,77366.46875,77465.796875,0
2026-08-21 17:20:00+00:00,77282.4375,77282.4375,77366.46875,77231.5234375,77366.46875,270336
2026-08-21 17:21:00+00:00,77278.8828125,77278.8828125,77305.328125,77257.5078125,77271.0,0
2026-08-21 17:22:00+00:00,77235.0078125,77235.0078125,77270.96875,77235.0078125,77270.96875,0
2026-08-21 17:23:00+00:00,77226.2421875,77226.2421875,77240.390625,77206.96875,77232.578125,0
2026-08-21 17:24:00+00:00,77192.4296875,77192.4296875,77224.203125,77167.8203125,77224.203125,0
2026-08-21 17:25:00+00:00,77248.0390625,77248.0390625,77286.2265625,77219.03125,77219.03125,0
2026-08-21 17:26:00+00:00,77351.859375,77351.859375,77351.859375,77255.671875,77255.671875,0
2026-08-21 17:27:00+00:00,77442.8515625,77442.8515625,77442.8515625,77339.203125,77339.203125,4849664
2026-08-21 17:28:00+00:00,77484.8828125,77484.8828125,77499.9921875,77450.5,77450.5,0
2026-08-21 17:29:00+00:00,77541.53125,77541.53125,77541.53125,77497.0234375,77497.0234375,0
2026-08-21 17:30:00+00:00,77561.9921875,77561.9921875,77561.9921875,77505.8828125,77535.859375,65609728
2026-08-21 17:31:00+00:00,77571.7578125,77571.7578125,77571.7578125,77511.6171875,77557.5234375,266592256
2026-08-21 17:32:00+00:00,77618.46875,77618.46875,77630.671875,77571.5390625,77573.859375,0
2026-08-21 17:33:00+00:00,77599.7109375,77599.7109375,77625.9921875,77576.5625,77576.5625,0
2026-08-21 17:34:00+00:00,77618.578125,77618.578125,77618.578125,77588.03125,77603.296875,0
2026-08-21 17:35:00+00:00,77512.296875,77512.296875,77611.6015625,77503.2890625,77607.0234375,0
2026-08-21 17:36:00+00:00,77496.34375,77496.34375,77524.6171875,77473.421875,77515.6171875,0
2026-08-21 17:37:00+00:00,77546.71875,77546.71875,77546.71875,77492.53125,77493.453125,8249344
2026-08-21 17:38:00+00:00,77530.71875,77530.71875,77584.21875,77515.8203125,77540.5390625,7946240
2026-08-21 17:39:00+00:00,77532.78125,77532.78125,77543.921875,77508.171875,77520.1484375,0
2026-08-21 17:40:00+00:00,77493.46875,77493.46875,77536.0703125,77473.21875,77523.0078125,47513600
2026-08-21 17:41:00+00:00,77458.1328125,77458.1328125,77486.8984375,77435.0234375,77443.5,0
2026-08-21 17:42:00+00:00,77357.21875,77357.21875,77440.0078125,77353.40625,77429.28125,0
2026-08-21 17:43:00+00:00,77370.28125,77370.28125,77383.8671875,77314.6171875,77340.421875,0
2026-08-21 17:44:00+00:00,77359.578125,77359.578125,77387.1875,77328.4296875,77377.171875,3342336
2026-08-21 17:45:00+00:00,77294.3984375,77294.3984375,77339.046875,77294.3984375,77334.2890625,0
2026-08-21 17:46:00+00:00,77347.4921875,77347.4921875,77347.4921875,77300.3984375,77300.4921875,0
2026-08-21 17:47:00+00:00,77410.2265625,77410.2265625,77442.2734375,77347.4921875,77347.4921875,0
2026-08-21 17:48:00+00:00,77420.3515625,77420.3515625,77493.546875,77416.140625,77426.6484375,0
2026-08-21 17:49:00+00:00,77388.9921875,77388.9921875,77415.0,77381.75,77415.0,29425664
2026-08-21 17:50:00+00:00,77429.28125,77429.28125,77429.28125,77379.7734375,77400.828125,835584
2026-08-21 17:51:00+00:00,77404.65625,77404.65625,77429.2890625,77387.359375,77429.2890625,0
2026-08-21 17:52:00+00:00,77402.78125,77402.78125,77427.5703125,77392.9765625,77392.9765625,222281728
2026-08-21 17:53:00+00:00,77399.9921875,77399.9921875,77408.4765625,77373.953125,77393.921875,516096
2026-08-21 17:54:00+00:00,77351.171875,77351.171875,77394.203125,77324.2734375,77394.203125,0
2026-08-21 17:55:00+00:00,77364.9296875,77364.9296875,77374.046875,77335.90625,77335.90625,0
2026-08-21 17:56:00+00:00,77419.4375,77419.4375,77419.4375,77364.9921875,77364.9921875,0
2026-08-21 17:57:00+00:00,77416.2109375,77416.2109375,77442.859375,77409.953125,77409.953125,0
2026-08-21 17:58:00+00:00,77409.9921875,77409.9921875,77454.3125,77395.3671875,77454.3125,7151616
2026-08-21 17:59:00+00:00,77370.28125,77370.28125,77416.6875,77359.4609375,77416.6875,176947200
2026-08-21 18:00:00+00:00,77372.2421875,77372.2421875,77395.2578125,77362.65625,77380.25,0
2026-08-21 18:01:00+00:00,77405.7578125,77405.7578125,77419.3984375,77380.7890625,77404.6484375,0
2026-08-21 18:02:00+00:00,77448.1015625,77448.1015625,77450.171875,77381.2421875,77399.28125,28999680
2026-08-21 18:03:00+00:00,77437.7734375,77437.7734375,77461.71875,77427.578125,77460.1875,0
2026-08-21 18:04:00+00:00,77423.7109375,77423.7109375,77427.578125,77412.3125,77427.2578125,0
2026-08-21 18:05:00+00:00,77467.03125,77467.03125,77468.8984375,77413.8125,77418.5078125,0
2026-08-21 18:06:00+00:00,77519.7578125,77519.7578125,77519.7578125,77467.0234375,77467.0234375,0
2026-08-21 18:07:00+00:00,77447.40625,77447.40625,77500.1484375,77447.40625,77494.203125,0
2026-08-21 18:08:00+00:00,77362.640625,77362.640625,77463.0078125,77362.640625,77452.640625,0
2026-08-21 18:09:00+00:00,77332.09375,77332.09375,77408.4765625,77332.09375,77389.7890625,23896064
2026-08-21 18:10:00+00:00,77310.890625,77310.890625,77328.109375,77305.9765625,77328.109375,0
2026-08-21 18:11:00+00:00,77286.28125,77286.28125,77315.65625,77255.7734375,77294.0234375,28819456
2026-08-21 18:12:00+00:00,77320.6171875,77320.6171875,77320.6171875,77252.59375,77286.9296875,0
2026-08-21 18:13:00+00:00,77344.4921875,77344.4921875,77366.4609375,77324.453125,77324.453125,0
2026-08-21 18:14:00+00:00,77297.7109375,77297.7109375,77344.4921875,77297.7109375,77344.4921875,0
2026-08-21 18:15:00+00:00,77320.6328125,77320.6328125,77348.03125,77290.0625,77290.0625,0
2026-08-21 18:16:00+00:00,77324.4296875,77324.4296875,77377.921875,77305.703125,77320.5703125,0
2026-08-21 18:17:00+00:00,77244.421875,77244.421875,77313.0234375,77244.421875,77313.0234375,43802624
2026-08-21 18:18:00+00:00,77266.3203125,77266.3203125,77267.140625,77233.6171875,77257.5625,0
2026-08-21 18:19:00+00:00,77408.390625,77408.390625,77408.390625,77284.3125,77285.4609375,18866176
2026-08-21 18:20:00+00:00,77460.2734375,77460.2734375,77475.9375,77394.7890625,77394.7890625,0
2026-08-21 18:21:00+00:00,77411.6796875,77411.6796875,77469.5078125,77400.8515625,77469.5078125,0
2026-08-21 18:22:00+00:00,77435.21875,77435.21875,77435.21875,77393.2109375,77403.3828125,7512064
2026-08-21 18:23:00+00:00,77409.5390625,77409.5390625,77416.1171875,77404.171875,77405.1796875,0
2026-08-21 18:24:00+00:00,77395.6796875,77395.6796875,77412.59375,77394.203125,77399.0078125,4677632
2026-08-21 18:25:00+00:00,77396.90625,77396.90625,77409.78125,77389.390625,77395.6796875,0
2026-08-21 18:26:00+00:00,77409.1015625,77409.1015625,77424.3984375,77349.640625,77387.90625,0
2026-08-21 18:27:00+00:00,77391.5,77391.5,77412.9296875,77385.5703125,77409.1015625,234840064
2026-08-21 18:28:00+00:00,77396.578125,77396.578125,77450.0,77391.5,77391.5,7290880
2026-08-21 18:29:00+00:00,77361.2734375,77361.2734375,77408.359375,77355.2109375,77387.9921875,0
2026-08-21 18:30:00+00:00,77326.3515625,77326.3515625,77360.0703125,77305.46875,77360.0703125,0
2026-08-21 18:31:00+00:00,77410.328125,77410.328125,77411.5703125,77335.453125,77335.453125,524288
2026-08-21 18:32:00+00:00,77310.40625,77310.40625,77423.59375,77310.40625,77423.59375,0
2026-08-21 18:33:00+00:00,77313.7265625,77313.7265625,77313.7265625,77256.1484375,77300.0078125,11763712
2026-08-21 18:34:00+00:00,77278.609375,77278.609375,77328.2578125,77278.609375,77313.7265625,761856
2026-08-21 18:35:00+00:00,77154.828125,77154.828125,77267.6328125,77154.828125,77267.6328125,0
2026-08-21 18:36:00+00:00,77124.84375,77124.84375,77126.59375,77091.8984375,77126.59375,0
2026-08-21 18:37:00+00:00,77121.9921875,77121.9921875,77152.53125,77109.46875,77109.46875,0
2026-08-21 18:38:00+00:00,77136.8984375,77136.8984375,77153.921875,77118.171875,77121.9921875,0
2026-08-21 18:39:00+00:00,77183.890625,77183.890625,77183.890625,77138.9765625,77144.8984375,0
2026-08-21 18:40:00+00:00,77156.3671875,77156.3671875,77199.0234375,77156.3671875,77199.0234375,145702912
2026-08-21 18:41:00+00:00,77102.8828125,77102.8828125,77136.890625,77091.421875,77136.890625,0
2026-08-21 18:42:00+00:00,77015.921875,77015.921875,77114.34375,76972.8984375,77114.34375,140976128
2026-08-21 18:43:00+00:00,76950.25,76950.25,76992.8671875,76933.4609375,76970.0078125,0
2026-08-21 18:44:00+00:00,76902.5234375,76902.5234375,76969.6484375,76837.84375,76969.6484375,0
2026-08-21 18:45:00+00:00,76709.421875,76709.421875,76900.4296875,76623.4296875,76900.4296875,105046016
2026-08-21 18:46:00+00:00,76762.8984375,76762.8984375,76762.8984375,76686.7109375,76725.4765625,0
2026-08-21 18:47:00+00:00,76743.0703125,76743.0703125,76743.8125,76685.6875,76743.8125,4743168
2026-08-21 18:48:00+00:00,76712.796875,76712.796875,76751.4375,76686.5078125,76733.21875,0
2026-08-21 18:49:00+00:00,76667.1796875,76667.1796875,76720.8828125,76637.53125,76720.8828125,11239424
2026-08-21 18:50:00+00:00,76736.8515625,76736.8515625,76751.4375,76686.5078125,76692.15625,0
2026-08-21 18:51:00+00:00,76839.296875,76839.296875,76839.296875,76739.9765625,76739.9765625,162521088
2026-08-21 18:52:00+00:00,76904.2421875,76904.2421875,76904.2421875,76816.3984375,76835.4921875,0
2026-08-21 18:53:00+00:00,76781.6875,76781.6875,76917.1796875,76750.1796875,76893.578125,0
2026-08-21 18:54:00+00:00,76802.8203125,76802.8203125,76804.2578125,76746.8125,76776.8203125,0
2026-08-21 18:55:00+00:00,76888.3125,76888.3125,76888.9609375,76797.2890625,76797.2890625,0
2026-08-21 18:56:00+00:00,76939.296875,76939.296875,76939.296875,76891.2421875,76891.2421875,0
2026-08-21 18:57:00+00:00,76932.1796875,76932.1796875,76968.59375,76928.0703125,76944.796875,15695872
2026-08-21 18:58:00+00:00,77042.953125,77042.953125,77049.3984375,76928.4375,76928.4375,0
2026-08-21 18:59:00+00:00,77110.5234375,77110.5234375,77110.5234375,77030.34375,77030.34375,19513344
2026-08-21 19:00:00+00:00,77046.953125,77046.953125,77148.7265625,77046.953125,77144.8984375,70737920
2026-08-21 19:01:00+00:00,77022.671875,77022.671875,77053.21875,77022.671875,77053.21875,0
2026-08-21 19:02:00+00:00,77020.5625,77020.5625,77045.59375,77003.5703125,77022.3203125,27598848
2026-08-21 19:03:00+00:00,76946.0234375,76946.0234375,77024.7421875,76946.0234375,77024.7421875,0
2026-08-21 19:04:00+00:00,76884.8515625,76884.8515625,76939.0,76864.3984375,76932.3984375,0
2026-08-21 19:05:00+00:00,76896.2421875,76896.2421875,76957.71875,76879.2421875,76879.2421875,0
2026-08-21 19:06:00+00:00,76850.75,76850.75,76896.3125,76840.3828125,76896.3125,1854668800
2026-08-21 19:07:00+00:00,76891.2890625,76891.2890625,76891.2890625,76837.8125,76862.21875,0
2026-08-21 19:08:00+00:00,77023.1796875,77023.1796875,77023.1796875,76895.03125,76895.03125,0
2026-08-21 19:09:00+00:00,77034.9765625,77034.9765625,77040.2109375,77007.390625,77028.65625,293093376
2026-08-21 19:10:00+00:00,77016.7421875,77016.7421875,77032.578125,76992.46875,77032.578125,0
2026-08-21 19:11:00+00:00,77079.0390625,77079.0390625,77079.0390625,77039.0390625,77039.8828125,6422528
2026-08-21 19:12:00+00:00,77158.0078125,77158.0078125,77158.0078125,77076.1484375,77076.1484375,0
2026-08-21 19:13:00+00:00,77096.78125,77096.78125,77141.09375,77089.6875,77141.09375,0
2026-08-21 19:14:00+00:00,77114.3515625,77114.3515625,77131.890625,77105.328125,77105.328125,0
2026-08-21 19:15:00+00:00,77051.0390625,77051.0390625,77117.078125,77051.0390625,77117.078125,92372992
2026-08-21 19:16:00+00:00,77020.3984375,77020.3984375,77065.5390625,77007.578125,77057.0390625,0
2026-08-21 19:17:00+00:00,76971.640625,76971.640625,76986.5234375,76938.6328125,76974.8671875,4907008
2026-08-21 19:18:00+00:00,77037.9375,77037.9375,77060.65625,76991.8671875,76991.8671875,62218240
2026-08-21 19:19:00+00:00,77088.2578125,77088.2578125,77088.2578125,77031.0234375,77044.1484375,0
2026-08-21 19:20:00+00:00,77083.90625,77083.90625,77083.90625,77030.4609375,77076.828125,0
2026-08-21 19:21:00+00:00,77064.578125,77064.578125,77110.15625,77027.578125,77110.15625,36970496
2026-08-21 19:22:00+00:00,77128.21875,77128.21875,77150.421875,77083.7734375,77083.7734375,0
2026-08-21 19:23:00+00:00,77154.84375,77154.84375,77154.84375,77121.9765625,77127.546875,0
2026-08-21 19:24:00+00:00,77173.25,77173.25,77207.0703125,77158.2265625,77158.2265625,24330240
2026-08-21 19:25:00+00:00,77231.8828125,77231.8828125,77240.8515625,77180.2265625,77180.2265625,0
2026-08-21 19:26:00+00:00,77239.921875,77239.921875,77258.7734375,77228.953125,77234.6796875,128352256
2026-08-21 19:27:00+00:00,77287.9609375,77287.9609375,77287.9609375,77235.53125,77235.53125,0
2026-08-21 19:28:00+00:00,77272.25,77272.25,77309.75,77236.578125,77309.75,29212672
2026-08-21 19:29:00+00:00,77303.34375,77303.34375,77303.34375,77267.0625,77272.96875,4505600
2026-08-21 19:30:00+00:00,77297.3125,77297.3125,77338.90625,77270.96875,77302.4296875,0
2026-08-21 19:31:00+00:00,77249.7265625,77249.7265625,77297.1875,77247.1796875,77285.0703125,4055040
2026-08-21 19:32:00+00:00,77229.671875,77229.671875,77287.2578125,77228.953125,77263.1015625,0
2026-08-21 19:33:00+00:00,77217.4921875,77217.4921875,77232.2734375,77197.2421875,77198.390625,25575424
2026-08-21 19:34:00+00:00,77170.5625,77170.5625,77211.5625,77170.5625,77211.5625,0
2026-08-21 19:35:00+00:00,77210.078125,77210.078125,77216.9921875,77173.7578125,77173.7578125,0
2026-08-21 19:36:00+00:00,77129.6171875,77129.6171875,77198.390625,77105.546875,77198.390625,0
2026-08-21 19:37:00+00:00,77195.6015625,77195.6015625,77195.6015625,77140.3828125,77143.1328125,0
2026-08-21 19:38:00+00:00,77224.9765625,77224.9765625,77224.9765625,77171.6484375,77200.3671875,647168
2026-08-21 19:39:00+00:00,77190.75,77190.75,77231.703125,77190.75,77231.0078125,0
2026-08-21 19:40:00+00:00,77093.2578125,77093.2578125,77139.953125,77069.140625,77135.046875,0
2026-08-21 19:41:00+00:00,77170.5390625,77170.5390625,77171.3515625,77106.703125,77106.703125,0
2026-08-21 19:42:00+00:00,77106.890625,77106.890625,77189.6015625,77106.890625,77154.421875,305455104
2026-08-21 19:43:00+00:00,77141.09375,77141.09375,77162.6015625,77104.7734375,77104.7734375,0
2026-08-21 19:44:00+00:00,77155.3671875,77155.3671875,77156.3828125,77118.6015625,77146.1875,9732096
2026-08-21 19:45:00+00:00,77132.65625,77132.65625,77150.8671875,77119.6796875,77136.1328125,0
2026-08-21 19:46:00+00:00,77095.2421875,77095.2421875,77107.359375,77068.8671875,77107.359375,0
2026-08-21 19:47:00+00:00,77206.953125,77206.953125,77210.4765625,77087.609375,77087.609375,0
2026-08-21 19:48:00+00:00,77203.859375,77203.859375,77227.4921875,77167.828125,77194.546875,0
2026-08-21 19:49:00+00:00,77192.6484375,77192.6484375,77208.078125,77174.5234375,77180.4296875,0
2026-08-21 19:50:00+00:00,77145.0,77145.0,77179.9609375,77087.578125,77179.9609375,0
2026-08-21 19:51:00+00:00,77186.9296875,77186.9296875,77201.0,77114.3515625,77126.609375,0
2026-08-21 19:52:00+00:00,77139.75,77139.75,77177.4375,77137.2734375,77174.7109375,267919360
2026-08-21 19:53:00+00:00,77118.78125,77118.78125,77141.34375,77099.5,77132.8984375,57344
2026-08-21 19:54:00+00:00,77147.8203125,77147.8203125,77152.5234375,77099.0625,77099.0625,105840640
2026-08-21 19:55:00+00:00,77115.96875,77115.96875,77118.671875,77101.078125,77118.671875,2629632
2026-08-21 19:56:00+00:00,77084.640625,77084.640625,77099.4296875,77053.890625,77098.3828125,0
2026-08-21 19:57:00+00:00,77041.8125,77041.8125,77087.65625,77041.8125,77087.65625,18227200
2026-08-21 19:58:00+00:00,77018.453125,77018.453125,77045.578125,76991.890625,77045.578125,360448
2026-08-21 19:59:00+00:00,76995.203125,76995.203125,77030.2578125,76990.859375,77017.3203125,0
2026-08-21 20:00:00+00:00,76930.7734375,76930.7734375,77028.0,76837.75,77028.0,0
2026-08-21 20:01:00+00:00,76911.03125,76911.03125,76970.609375,76900.421875,76970.609375,11616256
2026-08-21 20:02:00+00:00,77000.1484375,77000.1484375,77000.1484375,76913.6171875,76918.34375,5750784
2026-08-21 20:03:00+00:00,77064.7578125,77064.7578125,77064.8125,77017.1015625,77017.1015625,0
2026-08-21 20:04:00+00:00,77124.6796875,77124.6796875,77125.4765625,77041.7734375,77058.1171875,12640256
2026-08-21 20:05:00+00:00,77025.859375,77025.859375,77105.796875,77022.0078125,77105.796875,0
2026-08-21 20:06:00+00:00,76942.4296875,76942.4296875,76969.546875,76938.6484375,76969.546875,0
2026-08-21 20:07:00+00:00,77066.9375,77066.9375,77066.9375,76965.9609375,76965.9609375,0
2026-08-21 20:08:00+00:00,77133.34375,77133.34375,77133.34375,77004.0078125,77057.046875,284418048
2026-08-21 20:09:00+00:00,77099.9921875,77099.9921875,77135.6171875,77099.9921875,77104.5703125,0
2026-08-21 20:10:00+00:00,77267.0,77267.0,77275.8515625,77045.59375,77065.2734375,9338880
2026-08-21 20:11:00+00:00,77196.3828125,77196.3828125,77244.640625,77196.3828125,77244.640625,0
2026-08-21 20:12:00+00:00,77277.7890625,77277.7890625,77277.7890625,77185.859375,77185.859375,0
2026-08-21 20:13:00+00:00,77231.1328125,77231.1328125,77280.5,77231.1328125,77280.5,0
2026-08-21 20:14:00+00:00,77251.21875,77251.21875,77251.8984375,77218.6484375,77239.6328125,17899520
2026-08-21 20:15:00+00:00,77355.2890625,77355.2890625,77355.2890625,77256.2421875,77256.2421875,173047808
2026-08-21 20:16:00+00:00,77392.640625,77392.640625,77400.0,77364.84375,77364.84375,0
2026-08-21 20:17:00+00:00,77479.3984375,77479.3984375,77481.7109375,77434.3984375,77442.859375,6586368
2026-08-21 20:18:00+00:00,77416.609375,77416.609375,77475.46875,77416.5234375,77475.46875,0
2026-08-21 20:19:00+00:00,77395.3828125,77395.3828125,77433.0,77395.3828125,77411.890625,10616832
2026-08-21 20:20:00+00:00,77370.25,77370.25,77416.1171875,77370.25,77412.296875,0
2026-08-21 20:21:00+00:00,77449.0234375,77449.0234375,77449.0234375,77366.1796875,77366.1796875,0
2026-08-21 20:22:00+00:00,77420.2890625,77420.2890625,77471.671875,77392.5234375,77450.2890625,4546560
2026-08-21 20:23:00+00:00,77405.859375,77405.859375,77460.28125,77371.109375,77460.28125,0
2026-08-21 20:24:00+00:00,77506.5390625,77506.5390625,77513.0,77419.40625,77419.40625,0
2026-08-21 20:25:00+00:00,77421.328125,77421.328125,77496.3515625,77409.4765625,77490.90625,46915584
2026-08-21 20:26:00+00:00,77425.0,77425.0,77443.8828125,77412.046875,77416.5078125,0
2026-08-21 20:27:00+00:00,77495.609375,77495.609375,77495.609375,77379.15625,77389.9609375,0
2026-08-21 20:28:00+00:00,77429.0234375,77429.0234375,77473.40625,77419.953125,77449.03125,0
2026-08-21 20:29:00+00:00,77479.328125,77479.328125,77479.328125,77399.8984375,77423.90625,0
2026-08-21 20:30:00+00:00,77486.140625,77486.140625,77495.3828125,77473.34375,77473.34375,148930560
2026-08-21 20:31:00+00:00,77508.3515625,77508.3515625,77518.40625,77480.34375,77501.3203125,0
2026-08-21 20:32:00+00:00,77496.296875,77496.296875,77508.3515625,77468.3671875,77508.3515625,7479296
2026-08-21 20:33:00+00:00,77485.3984375,77485.3984375,77511.6171875,77478.1015625,77501.90625,0
2026-08-21 20:34:00+00:00,77497.5390625,77497.5390625,77497.546875,77473.6875,77488.2890625,408641536
2026-08-21 20:35:00+00:00,77468.3671875,77468.3671875,77505.9296875,77468.3515625,77505.9296875,0
2026-08-21 20:36:00+00:00,77496.296875,77496.296875,77508.3515625,77468.59375,77468.59375,232095744
2026-08-21 20:37:00+00:00,77450.5,77450.5,77518.203125,77427.8671875,77518.203125,0
2026-08-21 20:38:00+00:00,77369.0234375,77369.0234375,77450.1171875,77369.0234375,77450.1171875,0
2026-08-21 20:39:00+00:00,77387.1796875,77387.1796875,77393.21875,77332.453125,77332.453125,4595712
2026-08-21 20:40:00+00:00,77434.3203125,77434.3203125,77434.328125,77375.6484375,77375.6484375,0
2026-08-21 20:41:00+00:00,77451.1328125,77451.1328125,77485.8671875,77434.3125,77439.2578125,0
2026-08-21 20:42:00+00:00,77488.6875,77488.6875,77488.6875,77446.6875,77449.703125,0
2026-08-21 20:43:00+00:00,77473.5703125,77473.5703125,77488.6796875,77460.6328125,77488.6796875,0
2026-08-21 20:44:00+00:00,77458.8671875,77458.8671875,77511.7734375,77458.8671875,77477.796875,0
2026-08-21 20:45:00+00:00,77423.7578125,77423.7578125,77462.9921875,77408.4765625,77462.9921875,0
2026-08-21 20:46:00+00:00,77365.1015625,77365.1015625,77445.140625,77365.1015625,77442.3515625,218079232
2026-08-21 20:47:00+00:00,77353.3828125,77353.3828125,77373.7734375,77328.2734375,77355.046875,0
2026-08-21 20:48:00+00:00,77389.4921875,77389.4921875,77389.4921875,77296.5,77354.40625,31989760
2026-08-21 20:49:00+00:00,77415.53125,77415.53125,77416.546875,77377.6328125,77393.1875,0
2026-08-21 20:50:00+00:00,77442.5390625,77442.5390625,77451.5703125,77397.03125,77397.03125,0
2026-08-21 20:51:00+00:00,77503.9765625,77503.9765625,77503.9765625,77450.4921875,77450.4921875,0
2026-08-21 20:52:00+00:00,77481.90625,77481.90625,77491.9921875,77454.359375,77473.3671875,0
2026-08-21 20:53:00+00:00,77503.4765625,77503.4765625,77508.6328125,77476.7265625,77476.7265625,0
2026-08-21 20:54:00+00:00,77477.0078125,77477.0078125,77518.2421875,77475.7578125,77512.9765625,20242432
2026-08-21 20:55:00+00:00,77499.65625,77499.65625,77499.65625,77473.421875,77477.0078125,0
2026-08-21 20:56:00+00:00,77496.34375,77496.34375,77497.4921875,77474.28125,77497.4921875,0
2026-08-21 20:57:00+00:00,77473.6171875,77473.6171875,77492.1484375,77440.84375,77477.0078125,10936320
2026-08-21 20:58:00+00:00,77496.609375,77496.609375,77501.1484375,77472.3828125,77480.3515625,0
2026-08-21 20:59:00+00:00,77497.96875,77497.96875,77497.96875,77470.421875,77481.0703125,9289728
2026-08-21 21:00:00+00:00,77453.046875,77453.046875,77492.390625,77443.828125,77492.390625,0
2026-08-21 21:01:00+00:00,77477.25,77477.25,77489.0390625,77436.140625,77439.046875,0
2026-08-21 21:02:00+00:00,77446.6796875,77446.6796875,77476.453125,77431.2734375,77434.359375,1809620992
2026-08-21 21:03:00+00:00,77446.6875,77446.6875,77465.78125,77446.6796875,77446.6875,0
2026-08-21 21:04:00+00:00,77464.2109375,77464.2109375,77469.6015625,77449.7265625,77449.7265625,0
2026-08-21 21:05:00+00:00,77443.078125,77443.078125,77468.9921875,77442.8671875,77468.9921875,0
2026-08-21 21:06:00+00:00,77423.7578125,77423.7578125,77467.5625,77423.7578125,77450.40625,0
2026-08-21 21:07:00+00:00,77443.1015625,77443.1015625,77450.0,77363.09375,77385.71875,0
2026-08-21 21:08:00+00:00,77405.578125,77405.578125,77449.2578125,77400.0078125,77449.2578125,0
2026-08-21 21:09:00+00:00,77407.5390625,77407.5390625,77426.5390625,77395.2265625,77402.9609375,0
2026-08-21 21:10:00+00:00,77564.5078125,77564.5078125,77567.5234375,77411.59375,77416.1171875,0
2026-08-21 21:11:00+00:00,77694.078125,77694.078125,77701.1875,77571.6875,77593.328125,0
2026-08-21 21:12:00+00:00,77590.9609375,77590.9609375,77766.0,77578.9921875,77679.796875,0
2026-08-21 21:13:00+00:00,77717.8984375,77717.8984375,77718.203125,77617.46875,77617.46875,0
2026-08-21 21:14:00+00:00,77664.8984375,77664.8984375,77759.40625,77664.8984375,77717.0703125,0
2026-08-21 21:15:00+00:00,77656.59375,77656.59375,77664.90625,77588.0234375,77664.90625,20406272
2026-08-21 21:16:00+00:00,77654.8828125,77654.8828125,77670.7421875,77609.9765625,77657.4609375,0
2026-08-21 21:17:00+00:00,77647.75,77647.75,77678.9921875,77633.859375,77633.859375,102121472
2026-08-21 21:18:00+00:00,77664.40625,77664.40625,77664.40625,77641.2734375,77663.3515625,0
2026-08-21 21:19:00+00:00,77701.6484375,77701.6484375,77701.6484375,77652.6875,77658.140625,1753088
2026-08-21 21:20:00+00:00,77660.0,77660.0,77700.7265625,77571.7265625,77653.9765625,77930496
2026-08-21 21:21:00+00:00,77721.5,77721.5,77721.5,77663.9765625,77663.9765625,0
2026-08-21 21:22:00+00:00,77771.671875,77771.671875,77771.671875,77694.9765625,77694.9765625,0
2026-08-21 21:23:00+00:00,77901.4375,77901.4375,77946.9375,77757.7421875,77766.75,0
2026-08-21 21:24:00+00:00,78023.5,78023.5,78023.5,77922.703125,77922.703125,0
2026-08-21 21:25:00+00:00,77950.921875,77950.921875,77951.609375,77912.71875,77947.1015625,123379712
2026-08-21 21:26:00+00:00,78004.390625,78004.390625,78019.6796875,77923.5390625,77931.8203125,0
2026-08-21 21:27:00+00:00,78114.59375,78114.59375,78158.84375,77992.34375,77992.34375,0
2026-08-21 21:28:00+00:00,78161.0078125,78161.0078125,78188.3984375,78116.03125,78134.28125,646430720
2026-08-21 21:29:00+00:00,78061.1875,78061.1875,78152.4609375,78023.59375,78152.4609375,0
2026-08-21 21:30:00+00:00,78152.15625,78152.15625,78248.8671875,78088.5078125,78088.5078125,185499648
2026-08-21 21:31:00+00:00,78163.890625,78163.890625,78176.2734375,78096.09375,78151.40625,0
2026-08-21 21:32:00+00:00,78277.5625,78277.5625,78277.5625,78126.6484375,78159.3125,206626816
2026-08-21 21:33:00+00:00,78344.390625,78344.390625,78486.71875,78322.4609375,78322.4609375,0
2026-08-21 21:34:00+00:00,78384.1875,78384.1875,78420.0390625,78329.109375,78367.296875,0
2026-08-21 21:35:00+00:00,78265.9296875,78265.9296875,78433.453125,78265.9296875,78416.4375,157597696
2026-08-21 21:36:00+00:00,78164.8515625,78164.8515625,78218.3203125,78100.0078125,78218.3203125,0
2026-08-21 21:37:00+00:00,78168.671875,78168.671875,78204.2265625,78119.0,78119.0,71835648
2026-08-21 21:38:00+00:00,78068.3671875,78068.3671875,78167.46875,78068.3671875,78125.5390625,0
2026-08-21 21:39:00+00:00,78034.96875,78034.96875,78096.53125,78034.96875,78068.359375,16777216
2026-08-21 21:40:00+00:00,78134.859375,78134.859375,78181.2890625,77972.5390625,77995.46875,0
2026-08-21 21:41:00+00:00,78153.3984375,78153.3984375,78165.1015625,78124.7109375,78126.640625,72048640
2026-08-21 21:42:00+00:00,78181.7890625,78181.7890625,78191.6171875,78119.0,78152.1171875,0
2026-08-21 21:43:00+00:00,78244.2890625,78244.2890625,78246.140625,78196.0078125,78203.03125,0
2026-08-21 21:44:00+00:00,78220.8125,78220.8125,78225.9609375,78181.796875,78225.9609375,7168000
2026-08-21 21:45:00+00:00,78394.8515625,78394.8515625,78394.8515625,78237.4296875,78262.703125,0
2026-08-21 21:46:00+00:00,78247.40625,78247.40625,78384.03125,78224.0078125,78384.03125,99024896
2026-08-21 21:47:00+00:00,78228.8671875,78228.8671875,78264.1484375,78228.8671875,78235.6328125,0
2026-08-21 21:48:00+00:00,78342.5234375,78342.5234375,78342.5234375,78215.59375,78225.9609375,0
2026-08-21 21:49:00+00:00,78329.1015625,78329.1015625,78355.7109375,78288.4921875,78338.6875,0
2026-08-21 21:50:00+00:00,78355.140625,78355.140625,78355.140625,78265.8203125,78325.2890625,20733952
2026-08-21 21:51:00+00:00,78292.3125,78292.3125,78376.1328125,78271.8125,78371.3671875,0
2026-08-21 21:52:00+00:00,78546.8515625,78546.8515625,78560.9921875,78317.7734375,78317.7734375,397549568
2026-08-21 21:53:00+00:00,78428.421875,78428.421875,78506.453125,78381.0625,78506.453125,7094272
2026-08-21 21:54:00+00:00,78650.71875,78650.71875,78650.71875,78418.3515625,78420.78125,0
2026-08-21 21:55:00+00:00,78526.421875,78526.421875,78664.171875,78526.421875,78625.28125,106094592
2026-08-21 21:56:00+00:00,78419.6875,78419.6875,78589.453125,78419.6875,78589.453125,0
2026-08-21 21:57:00+00:00,78462.7890625,78462.7890625,78464.9921875,78409.328125,78414.1796875,9691136
2026-08-21 21:58:00+00:00,78443.8984375,78443.8984375,78487.15625,78431.953125,78443.703125,0
2026-08-21 21:59:00+00:00,78495.390625,78495.390625,78504.8125,78436.296875,78436.5078125,1966456832
2026-08-21 22:00:00+00:00,78447.5078125,78447.5078125,78503.3828125,78433.296875,78503.3828125,0
2026-08-21 22:01:00+00:00,78172.4921875,78172.4921875,78428.796875,78172.4921875,78428.796875,92831744
2026-08-21 22:02:00+00:00,78332.90625,78332.90625,78332.90625,78195.828125,78195.828125,34783232
2026-08-21 22:03:00+00:00,78442.1015625,78442.1015625,78470.0,78371.1171875,78371.1171875,33800192
2026-08-21 22:04:00+00:00,78394.046875,78394.046875,78416.9609375,78374.953125,78397.8671875,0
2026-08-21 22:05:00+00:00,78514.4296875,78514.4296875,78514.4296875,78332.296875,78371.5703125,0
2026-08-21 22:06:00+00:00,78588.8671875,78588.8671875,78609.71875,78493.3671875,78493.3671875,49790976
2026-08-21 22:07:00+00:00,78711.0078125,78711.0078125,78724.859375,78604.8828125,78604.8828125,0
2026-08-21 22:08:00+00:00,78600.1484375,78600.1484375,78694.9296875,78600.0078125,78694.9296875,9486336
2026-08-21 22:09:00+00:00,78747.0625,78747.0625,78747.0625,78577.671875,78577.671875,0
2026-08-21 22:10:00+00:00,78607.5078125,78607.5078125,78730.46875,78578.7890625,78719.9296875,128655360
2026-08-21 22:11:00+00:00,78639.640625,78639.640625,78669.3828125,78606.0078125,78606.0078125,0
2026-08-21 22:12:00+00:00,78662.296875,78662.296875,78689.9765625,78599.0625,78629.140625,0
2026-08-21 22:13:00+00:00,78676.8671875,78676.8671875,78676.8671875,78597.5078125,78649.7109375,0
2026-08-21 22:14:00+00:00,78718.7421875,78718.7421875,78718.7421875,78639.328125,78686.3515625,0
2026-08-21 22:15:00+00:00,78606.6328125,78606.6328125,78714.9296875,78606.6328125,78714.9296875,163364864
2026-08-21 22:16:00+00:00,78588.8671875,78588.8671875,78708.203125,78577.40625,78611.7890625,0
2026-08-21 22:17:00+00:00,78553.0390625,78553.0390625,78595.2265625,78464.4296875,78595.2265625,27533312
2026-08-21 22:18:00+00:00,78600.328125,78600.328125,78611.609375,78509.140625,78531.5703125,0
2026-08-21 22:19:00+00:00,78592.703125,78592.703125,78610.7890625,78536.0390625,78610.7890625,2218295296
2026-08-21 22:20:00+00:00,78504.109375,78504.109375,78588.890625,78472.8515625,78588.890625,0
2026-08-21 22:21:00+00:00,78478.078125,78478.078125,78486.2734375,78340.5703125,78486.2734375,0
2026-08-21 22:22:00+00:00,78616.5,78616.5,78616.5,78445.8671875,78472.6328125,0
2026-08-21 22:23:00+00:00,78491.21875,78491.21875,78673.4296875,78488.25,78653.7734375,0
2026-08-21 22:24:00+00:00,78501.0078125,78501.0078125,78616.96875,78498.4921875,78498.4921875,157638656
2026-08-21 22:25:00+00:00,78623.2421875,78623.2421875,78623.2421875,78501.0,78511.046875,0
2026-08-21 22:26:00+00:00,78596.5078125,78596.5078125,78648.96875,78596.5078125,78628.296875,22904832
2026-08-21 22:27:00+00:00,78526.3515625,78526.3515625,78611.5,78517.9296875,78588.859375,0
2026-08-21 22:28:00+00:00,78483.421875,78483.421875,78524.2890625,78458.75,78504.828125,0
2026-08-21 22:29:00+00:00,78494.8203125,78494.8203125,78494.8203125,78451.34375,78478.09375,0
2026-08-21 22:30:00+00:00,78249.65625,78249.65625,78508.640625,78249.65625,78501.0078125,382353408
2026-08-21 22:31:00+00:00,78245.0703125,78245.0703125,78260.34375,78106.6015625,78233.609375,8044544
2026-08-21 22:32:00+00:00,78277.4765625,78277.4765625,78277.4765625,78183.9375,78207.09375,0
2026-08-21 22:33:00+00:00,78357.2265625,78357.2265625,78357.2265625,78286.8828125,78295.6484375,125345792
2026-08-21 22:34:00+00:00,78302.34375,78302.34375,78371.1171875,78297.6171875,78371.1171875,0
2026-08-21 22:35:00+00:00,78279.453125,78279.453125,78319.5,78265.78125,78265.78125,0
2026-08-21 22:36:00+00:00,78411.40625,78411.40625,78431.5390625,78318.078125,78320.9921875,0
2026-08-21 22:37:00+00:00,78425.8671875,78425.8671875,78455.65625,78416.9609375,78424.609375,4538368
2026-08-21 22:38:00+00:00,78454.8515625,78454.8515625,78497.921875,78423.9375,78423.9375,0
2026-08-21 22:39:00+00:00,78445.828125,78445.828125,78515.6484375,78441.46875,78477.7109375,37937152
2026-08-21 22:40:00+00:00,78492.1328125,78492.1328125,78506.9375,78471.1015625,78477.3671875,10788864
2026-08-21 22:41:00+00:00,78481.890625,78481.890625,78509.109375,78472.5078125,78494.7890625,0
2026-08-21 22:42:00+00:00,78520.109375,78520.109375,78541.59375,78431.796875,78478.1875,92905472
2026-08-21 22:43:00+00:00,78485.65625,78485.65625,78567.3203125,78485.65625,78505.5234375,0
2026-08-21 22:44:00+00:00,78504.3203125,78504.3203125,78530.4921875,78493.3671875,78498.0234375,15171584
2026-08-21 22:45:00+00:00,78349.59375,78349.59375,78481.7578125,78349.59375,78469.2109375,256204800
2026-08-21 22:46:00+00:00,78409.3515625,78409.3515625,78413.0390625,78309.6484375,78359.9921875,37650432
2026-08-21 22:47:00+00:00,78407.703125,78407.703125,78416.9609375,78378.7734375,78389.5625,0
2026-08-21 22:48:00+00:00,78373.6171875,78373.6171875,78409.328125,78346.46875,78409.328125,0
2026-08-21 22:49:00+00:00,78279.0078125,78279.0078125,78367.90625,78271.3125,78367.90625,925696
2026-08-21 22:50:00+00:00,78242.7578125,78242.7578125,78283.609375,78242.7578125,78283.609375,0
2026-08-21 22:51:00+00:00,78444.671875,78444.671875,78444.671875,78279.4375,78279.4375,93962240
2026-08-21 22:52:00+00:00,78534.75,78534.75,78583.9765625,78447.5234375,78447.5234375,0
2026-08-21 22:53:00+00:00,78555.4609375,78555.4609375,78581.59375,78511.3203125,78511.3203125,360448
2026-08-21 22:54:00+00:00,78545.171875,78545.171875,78579.0703125,78541.4296875,78547.5625,0
2026-08-21 22:55:00+00:00,78520.1171875,78520.1171875,78544.6796875,78520.1171875,78537.0234375,100712448
2026-08-21 22:56:00+00:00,78540.859375,78540.859375,78573.578125,78497.1875,78541.5078125,0
2026-08-21 22:57:00+00:00,78481.8984375,78481.8984375,78535.40625,78471.71875,78535.40625,36503552
2026-08-21 22:58:00+00:00,78457.8671875,78457.8671875,78508.640625,78457.8671875,78483.5625,0
2026-08-21 22:59:00+00:00,78432.7734375,78432.7734375,78489.921875,78418.171875,78464.5703125,0
2026-08-21 23:00:00+00:00,78360.9375,78360.9375,78459.7734375,78355.8515625,78459.7734375,0
2026-08-21 23:01:00+00:00,78407.390625,78407.390625,78446.2109375,78325.5234375,78325.5234375,0
2026-08-21 23:02:00+00:00,78395.71875,78395.71875,78425.6484375,78376.796875,78410.9765625,0
2026-08-21 23:03:00+00:00,78375.5234375,78375.5234375,78448.59375,78375.5234375,78401.671875,0
2026-08-21 23:04:00+00:00,78355.15625,78355.15625,78418.9375,78340.5703125,78403.9609375,0
2026-08-21 23:05:00+00:00,78443.3984375,78443.3984375,78452.046875,78378.7578125,78382.359375,22601728
2026-08-21 23:06:00+00:00,78451.3515625,78451.3515625,78459.921875,78428.4296875,78446.53125,0
2026-08-21 23:07:00+00:00,78526.3828125,78526.3828125,78526.3828125,78463.9375,78463.9375,0
2026-08-21 23:08:00+00:00,78520.796875,78520.796875,78520.796875,78451.5078125,78510.828125,104022016
2026-08-21 23:09:00+00:00,78516.34375,78516.34375,78544.4375,78462.8125,78517.859375,11296768
2026-08-21 23:10:00+00:00,78490.34375,78490.34375,78524.7109375,78490.34375,78508.640625,0
2026-08-21 23:11:00+00:00,78578.421875,78578.421875,78614.9921875,78503.59375,78503.59375,0
2026-08-21 23:12:00+00:00,78535.84375,78535.84375,78558.3125,78519.2890625,78558.3125,114597888
2026-08-21 23:13:00+00:00,78482.328125,78482.328125,78533.7421875,78482.328125,78533.7421875,0
2026-08-21 23:14:00+00:00,78539.2109375,78539.2109375,78551.3671875,78493.3125,78493.3125,0
2026-08-21 23:15:00+00:00,78607.9609375,78607.9609375,78607.9609375,78531.578125,78531.578125,0
2026-08-21 23:16:00+00:00,78620.6875,78620.6875,78653.8125,78596.5078125,78605.796875,358440960
2026-08-21 23:17:00+00:00,78642.34375,78642.34375,78703.5625,78629.203125,78642.34375,0
2026-08-21 23:18:00+00:00,78667.2109375,78667.2109375,78672.8984375,78627.0703125,78672.8984375,0
2026-08-21 23:19:00+00:00,78630.6484375,78630.6484375,78658.34375,78630.6484375,78649.921875,7118848
2026-08-21 23:20:00+00:00,78626.7109375,78626.7109375,78699.3125,78626.7109375,78661.4375,0
2026-08-21 23:21:00+00:00,78625.3984375,78625.3984375,78625.671875,78585.7734375,78611.7890625,0
2026-08-21 23:22:00+00:00,78680.5625,78680.5625,78711.09375,78648.90625,78648.90625,0
2026-08-21 23:23:00+00:00,78659.078125,78659.078125,78660.5625,78627.0703125,78643.1171875,0
2026-08-21 23:24:00+00:00,78679.4375,78679.4375,78679.4375,78620.0,78630.8828125,0
2026-08-21 23:25:00+00:00,78608.03125,78608.03125,78688.1796875,78608.03125,78667.78125,10100736
2026-08-21 23:26:00+00:00,78573.578125,78573.578125,78624.3515625,78573.578125,78604.9609375,0
2026-08-21 23:27:00+00:00,78430.65625,78430.65625,78535.3671875,78430.65625,78521.546875,60784640
2026-08-21 23:28:00+00:00,78390.3203125,78390.3203125,78421.15625,78355.6015625,78421.15625,0
2026-08-21 23:29:00+00:00,78400.2734375,78400.2734375,78413.90625,78384.546875,78413.1328125,0
2026-08-21 23:30:00+00:00,78402.609375,78402.609375,78429.4296875,78398.6875,78398.6875,0
2026-08-21 23:31:00+00:00,78489.2890625,78489.2890625,78504.15625,78413.140625,78413.140625,0
2026-08-21 23:32:00+00:00,78443.703125,78443.703125,78493.8203125,78401.6796875,78451.34375,0
2026-08-21 23:33:00+00:00,78413.7734375,78413.7734375,78461.0,78413.7734375,78436.0625,0
2026-08-21 23:34:00+00:00,78378.7578125,78378.7578125,78400.84375,78350.7265625,78400.84375,0
2026-08-21 23:35:00+00:00,78374.3828125,78374.3828125,78422.8125,78359.65625,78396.6796875,0
2026-08-21 23:36:00+00:00,78319.8984375,78319.8984375,78367.296875,78317.7265625,78367.296875,0
2026-08-21 23:37:00+00:00,78290.328125,78290.328125,78337.7578125,78290.328125,78319.296875,0
2026-08-21 23:38:00+00:00,78289.1015625,78289.1015625,78317.6328125,78284.546875,78287.6015625,0
2026-08-21 23:39:00+00:00,78210.84375,78210.84375,78270.4921875,78207.21875,78270.4921875,0
2026-08-21 23:40:00+00:00,78206.859375,78206.859375,78302.2890625,78163.34375,78251.4765625,20258816
2026-08-21 23:41:00+00:00,78186.2421875,78186.2421875,78229.7734375,78186.2421875,78218.3203125,4382720
2026-08-21 23:42:00+00:00,78157.21875,78157.21875,78187.9921875,78144.0078125,78180.1171875,0
2026-08-21 23:43:00+00:00,78298.546875,78298.546875,78310.0078125,78153.5,78157.03125,0
2026-08-21 23:44:00+00:00,78384.0078125,78384.0078125,78388.328125,78295.9765625,78311.0,0
2026-08-21 23:45:00+00:00,78339.6875,78339.6875,78394.03125,78336.75,78386.3984375,4644864
2026-08-21 23:46:00+00:00,78310.0078125,78310.0078125,78348.0390625,78308.9921875,78348.0390625,0
2026-08-21 23:47:00+00:00,78248.890625,78248.890625,78290.90625,78248.8671875,78290.90625,6381568
2026-08-21 23:48:00+00:00,78248.6875,78248.6875,78265.203125,78239.21875,78241.2421875,0
2026-08-21 23:49:00+00:00,78254.7890625,78254.7890625,78279.4375,78241.2421875,78252.7109375,34693120
2026-08-21 23:50:00+00:00,78168.640625,78168.640625,78248.8828125,78168.640625,78248.8828125,0
2026-08-21 23:51:00+00:00,78221.46875,78221.46875,78221.46875,78122.8203125,78141.9296875,0
2026-08-21 23:52:00+00:00,78291.1875,78291.1875,78292.9609375,78238.4765625,78238.4765625,207708160
2026-08-21 23:53:00+00:00,78325.0234375,78325.0234375,78348.7734375,78294.7109375,78294.71875,0
2026-08-21 23:54:00+00:00,78309.9921875,78309.9921875,78309.9921875,78267.0234375,78294.71875,0
2026-08-21 23:55:00+00:00,78271.0,78271.0,78302.1171875,78258.34375,78300.2265625,0
2026-08-21 23:56:00+00:00,78287.171875,78287.171875,78287.171875,78260.6171875,78271.9765625,25632768
2026-08-21 23:57:00+00:00,78317.171875,78317.171875,78361.8125,78306.1796875,78306.1796875,0
2026-08-21 23:58:00+00:00,78350.0,78350.0,78350.0,78306.1875,78326.203125,58728448
2026-08-22 00:00:00+00:00,78288.8125,78288.8125,78325.5390625,78264.9765625,78325.5390625,0
2026-08-22 00:01:00+00:00,78440.1328125,78440.1328125,78440.1328125,78285.3671875,78285.3671875,0
2026-08-22 00:02:00+00:00,78446.2578125,78446.2578125,78495.5,78426.40625,78426.40625,0
2026-08-22 00:03:00+00:00,78183.1796875,78183.1796875,78470.03125,78183.1796875,78470.03125,0
2026-08-22 00:04:00+00:00,78179.0703125,78179.0703125,78179.0703125,78097.6796875,78172.4921875,0
2026-08-22 00:05:00+00:00,77997.5078125,77997.5078125,78128.9921875,77997.5078125,78128.9921875,19005440
2026-08-22 00:06:00+00:00,77870.703125,77870.703125,77941.59375,77835.390625,77941.59375,0
2026-08-22 00:07:00+00:00,77801.953125,77801.953125,77876.34375,77753.6875,77813.40625,0
2026-08-22 00:08:00+00:00,77873.96875,77873.96875,77873.96875,77745.3203125,77755.859375,0
2026-08-22 00:09:00+00:00,77879.7265625,77879.7265625,77885.9765625,77847.78125,77861.0703125,0
2026-08-22 00:10:00+00:00,77992.9296875,77992.9296875,77992.9296875,77862.7421875,77862.7421875,0
2026-08-22 00:11:00+00:00,77912.84375,77912.84375,77983.5078125,77912.84375,77983.5078125,0
2026-08-22 00:12:00+00:00,77870.7109375,77870.7109375,77924.2734375,77870.7109375,77924.2734375,0
2026-08-22 00:13:00+00:00,77814.703125,77814.703125,77866.5,77803.296875,77850.0078125,106217472
2026-08-22 00:14:00+00:00,77893.6171875,77893.6171875,77947.890625,77823.578125,77823.578125,0
2026-08-22 00:15:00+00:00,77977.65625,77977.65625,77977.65625,77849.8125,77904.6484375,3907584
2026-08-22 00:16:00+00:00,78059.3671875,78059.3671875,78059.3671875,77981.4921875,77984.2890625,0
2026-08-22 00:17:00+00:00,77983.2265625,77983.2265625,78059.9375,77983.2265625,78059.9375,0
2026-08-22 00:18:00+00:00,78013.4765625,78013.4765625,78015.859375,77963.8984375,77970.03125,0
2026-08-22 00:19:00+00:00,78057.0234375,78057.0234375,78057.0234375,78014.1484375,78014.1484375,243367936
2026-08-22 00:20:00+00:00,78069.8828125,78069.8828125,78096.078125,78045.8515625,78063.0,0
2026-08-22 00:21:00+00:00,78061.953125,78061.953125,78079.15625,78053.9921875,78059.4765625,0
2026-08-22 00:22:00+00:00,78063.2890625,78063.2890625,78070.1171875,78029.28125,78059.453125,0
2026-08-22 00:23:00+00:00,78066.171875,78066.171875,78095.609375,78051.453125,78057.890625,0
2026-08-22 00:24:00+00:00,78092.203125,78092.203125,78095.7109375,78033.2421875,78061.7109375,0
2026-08-22 00:25:00+00:00,78067.3984375,78067.3984375,78079.2734375,78053.8515625,78079.2734375,0
2026-08-22 00:26:00+00:00,77943.2890625,77943.2890625,78073.15625,77943.2890625,78064.28125,0
2026-08-22 00:27:00+00:00,78042.796875,78042.796875,78048.28125,77950.921875,77950.921875,0
2026-08-22 00:28:00+00:00,78051.2734375,78051.2734375,78057.1171875,78019.6875,78033.8125,272498688
2026-08-22 00:29:00+00:00,77910.0078125,77910.0078125,78065.5234375,77910.0078125,78062.296875,0
2026-08-22 00:30:00+00:00,77995.328125,77995.328125,77995.328125,77910.0,77910.0,0
2026-08-22 00:31:00+00:00,78027.3203125,78027.3203125,78027.3203125,77985.3125,77985.3125,0
2026-08-22 00:32:00+00:00,77928.0078125,77928.0078125,78012.046875,77928.0078125,78012.046875,0
2026-08-22 00:33:00+00:00,78003.0078125,78003.0078125,78003.0078125,77886.0234375,77931.828125,0
2026-08-22 00:34:00+00:00,77902.25,77902.25,78043.5,77888.0703125,78001.453125,0
2026-08-22 00:35:00+00:00,77947.9609375,77947.9609375,77947.9609375,77897.453125,77897.453125,0
2026-08-22 00:36:00+00:00,77977.671875,77977.671875,78011.2734375,77935.6484375,77935.6484375,0
2026-08-22 00:37:00+00:00,77944.109375,77944.109375,77967.0234375,77925.8515625,77967.0234375,0
2026-08-22 00:38:00+00:00,77975.640625,77975.640625,77975.640625,77939.4609375,77939.4609375,0
2026-08-22 00:39:00+00:00,77934.71875,77934.71875,77984.40625,77934.71875,77962.390625,1804656640
2026-08-22 00:40:00+00:00,77904.5,77904.5,77928.0,77904.5,77924.1875,0
2026-08-22 00:41:00+00:00,77772.34375,77772.34375,77885.2734375,77772.34375,77885.2734375,0
2026-08-22 00:42:00+00:00,77778.34375,77778.34375,77817.21875,77766.1328125,77811.7109375,0
2026-08-22 00:43:00+00:00,77767.5625,77767.5625,77813.4375,77743.2421875,77800.6015625,0
2026-08-22 00:44:00+00:00,77829.328125,77829.328125,77837.1484375,77804.2734375,77804.2734375,0
2026-08-22 00:45:00+00:00,77741.1015625,77741.1015625,77811.2265625,77741.1015625,77801.953125,0
2026-08-22 00:46:00+00:00,77818.8828125,77818.8828125,77821.03125,77774.0703125,77774.0703125,0
2026-08-22 00:47:00+00:00,77842.78125,77842.78125,77884.140625,77839.8984375,77859.2421875,0
2026-08-22 00:48:00+00:00,77708.2890625,77708.2890625,77837.96875,77695.40625,77837.96875,0
2026-08-22 00:49:00+00:00,77811.1015625,77811.1015625,77821.7578125,77732.4296875,77732.4296875,0
2026-08-22 00:50:00+00:00,77798.1171875,77798.1171875,77852.9921875,77790.5390625,77790.5390625,1130496
2026-08-22 00:51:00+00:00,77752.109375,77752.109375,77795.6796875,77747.59375,77781.7578125,0
2026-08-22 00:52:00+00:00,77813.21875,77813.21875,77824.859375,77788.03125,77788.03125,210124800
2026-08-22 00:53:00+00:00,77852.4765625,77852.4765625,77852.4765625,77809.59375,77821.0390625,0
2026-08-22 00:54:00+00:00,77828.6796875,77828.6796875,77852.0390625,77813.0625,77852.0390625,0
2026-08-22 00:55:00+00:00,77940.109375,77940.109375,77940.109375,77840.140625,77840.140625,107200512
2026-08-22 00:56:00+00:00,77962.078125,77962.078125,77966.203125,77941.9296875,77941.9296875,0
2026-08-22 00:57:00+00:00,77962.9921875,77962.9921875,77976.5,77929.2109375,77943.15625,0
2026-08-22 00:58:00+00:00,77898.2890625,77898.2890625,77963.0,77863.0703125,77963.0,0
2026-08-22 00:59:00+00:00,77934.0625,77934.0625,77945.3984375,77912.71875,77912.71875,19283968
2026-08-22 01:00:00+00:00,77949.171875,77949.171875,77949.171875,77931.828125,77938.3671875,275980288
2026-08-22 01:01:00+00:00,77992.109375,77992.109375,77992.109375,77897.6484375,77953.71875,0
2026-08-22 01:02:00+00:00,77975.7734375,77975.7734375,77992.9375,77965.109375,77977.671875,0
2026-08-22 01:03:00+00:00,78006.390625,78006.390625,78006.390625,77957.890625,77968.546875,0
2026-08-22 01:04:00+00:00,78060.1484375,78060.1484375,78060.1484375,77985.3515625,78000.0625,0
2026-08-22 01:05:00+00:00,78115.9296875,78115.9296875,78120.2109375,78054.0703125,78067.7734375,0
2026-08-22 01:06:00+00:00,78077.8203125,78077.8203125,78127.1484375,78077.8203125,78122.5234375,0
2026-08-22 01:07:00+00:00,78122.7734375,78122.7734375,78122.7734375,78061.7109375,78070.5234375,13582336
2026-08-22 01:08:00+00:00,78104.7578125,78104.7578125,78124.2109375,78088.453125,78124.2109375,0
2026-08-22 01:09:00+00:00,78073.15625,78073.15625,78103.7109375,78061.7265625,78103.7109375,0
2026-08-22 01:10:00+00:00,78164.8515625,78164.8515625,78179.3203125,78068.4296875,78083.921875,0
2026-08-22 01:11:00+00:00,78145.75,78145.75,78157.203125,78129.40625,78149.5703125,0
2026-08-22 01:12:00+00:00,78099.15625,78099.15625,78116.46875,78084.6171875,78097.5625,224075776
2026-08-22 01:13:00+00:00,78161.8515625,78161.8515625,78161.8515625,78088.7578125,78088.78125,0
2026-08-22 01:14:00+00:00,78101.3984375,78101.3984375,78153.390625,78092.2734375,78153.390625,16777216
2026-08-22 01:15:00+00:00,78130.46875,78130.46875,78153.3828125,78100.5234375,78100.5234375,0
2026-08-22 01:16:00+00:00,78125.6015625,78125.6015625,78160.078125,78103.7421875,78138.1015625,37814272
2026-08-22 01:17:00+00:00,78040.328125,78040.328125,78079.2109375,78019.7578125,78068.8828125,0
2026-08-22 01:18:00+00:00,78023.6171875,78023.6171875,78023.703125,77999.1171875,78023.5078125,0
2026-08-22 01:19:00+00:00,77998.3984375,77998.3984375,78031.1484375,77978.0390625,78025.7734375,0
2026-08-22 01:20:00+00:00,77970.03125,77970.03125,78021.140625,77970.03125,77992.953125,0
2026-08-22 01:21:00+00:00,77977.03125,77977.03125,77984.8828125,77941.5234375,77943.2890625,0
2026-08-22 01:22:00+00:00,77943.28125,77943.28125,77972.671875,77890.2421875,77972.671875,0
2026-08-22 01:23:00+00:00,77946.09375,77946.09375,77955.6015625,77913.0234375,77919.5390625,0
2026-08-22 01:24:00+00:00,77994.9609375,77994.9609375,78007.609375,77939.46875,77946.09375,0
2026-08-22 01:25:00+00:00,78023.5234375,78023.5234375,78038.78125,77995.5625,77995.5625,0
2026-08-22 01:26:00+00:00,78012.96875,78012.96875,78036.7265625,77972.25,78021.75,0
2026-08-22 01:27:00+00:00,78034.671875,78034.671875,78034.671875,78004.9765625,78023.5,0
2026-08-22 01:28:00+00:00,78015.5234375,78015.5234375,78040.1796875,78014.6171875,78033.7109375,0
2026-08-22 01:29:00+00:00,77998.53125,77998.53125,78016.6015625,77995.6875,78016.6015625,0
2026-08-22 01:30:00+00:00,78026.7109375,78026.7109375,78026.7109375,78000.0,78000.0,180584448
2026-08-22 01:31:00+00:00,78027.328125,78027.328125,78043.7734375,78021.5703125,78039.0,0
2026-08-22 01:32:00+00:00,78161.0234375,78161.0234375,78161.0234375,78042.3984375,78042.3984375,0
2026-08-22 01:33:00+00:00,78195.0390625,78195.0390625,78220.59375,78162.6484375,78173.3671875,0
2026-08-22 01:34:00+00:00,78111.3671875,78111.3671875,78213.671875,78111.3671875,78195.0390625,0
2026-08-22 01:35:00+00:00,78101.65625,78101.65625,78119.0,78081.15625,78113.4921875,0
2026-08-22 01:36:00+00:00,78127.4375,78127.4375,78161.2265625,78117.359375,78117.359375,0
2026-08-22 01:37:00+00:00,78061.703125,78061.703125,78161.828125,78047.2109375,78127.4296875,0
2026-08-22 01:38:00+00:00,78050.2578125,78050.2578125,78114.9921875,78050.2578125,78069.34375,0
2026-08-22 01:39:00+00:00,77999.9921875,77999.9921875,78043.0703125,77992.953125,78043.0703125,0
2026-08-22 01:40:00+00:00,78032.75,78032.75,78032.75,77992.953125,77999.890625,51257344
2026-08-22 01:41:00+00:00,77984.296875,77984.296875,78048.8515625,77981.5703125,78036.3125,172032
2026-08-22 01:42:00+00:00,78000.0,78000.0,78000.0,77937.0703125,77984.296875,0
2026-08-22 01:43:00+00:00,77921.1875,77921.1875,78000.0,77921.1875,78000.0,0
2026-08-22 01:44:00+00:00,77912.71875,77912.71875,77927.609375,77896.109375,77908.90625,0
2026-08-22 01:45:00+00:00,77947.109375,77947.109375,77967.2109375,77905.8671875,77905.8671875,0
2026-08-22 01:46:00+00:00,77940.2890625,77940.2890625,77950.9296875,77905.9296875,77939.609375,0
2026-08-22 01:47:00+00:00,77936.0234375,77936.0234375,77963.2578125,77936.0234375,77937.453125,0
2026-08-22 01:48:00+00:00,77851.6171875,77851.6171875,77924.1875,77851.6171875,77924.1875,0
2026-08-22 01:49:00+00:00,77834.9609375,77834.9609375,77882.15625,77830.578125,77880.453125,0
2026-08-22 01:50:00+00:00,77860.5,77860.5,77860.5,77825.390625,77834.5390625,0
2026-08-22 01:51:00+00:00,77870.4765625,77870.4765625,77887.703125,77858.2421875,77866.9375,0
2026-08-22 01:52:00+00:00,77835.2890625,77835.2890625,77859.2265625,77805.34375,77855.40625,0
2026-08-22 01:53:00+00:00,77852.8125,77852.8125,77863.3984375,77827.1875,77828.6875,0
2026-08-22 01:54:00+00:00,77880.171875,77880.171875,77880.171875,77855.4375,77860.7421875,0
2026-08-22 01:55:00+00:00,77924.8984375,77924.8984375,77924.8984375,77892.8515625,77897.4375,0
2026-08-22 01:56:00+00:00,77980.0,77980.0,77980.0,77916.3125,77927.3828125,0
2026-08-22 01:57:00+00:00,77958.5625,77958.5625,77992.9375,77952.71875,77985.296875,0
2026-08-22 01:58:00+00:00,77965.2890625,77965.2890625,77981.46875,77948.5703125,77963.09375,0
2026-08-22 01:59:00+00:00,77821.046875,77821.046875,77998.296875,77821.046875,77964.34375,5029888
2026-08-22 02:00:00+00:00,77908.4921875,77908.4921875,77908.4921875,77783.4609375,77840.703125,143515648
2026-08-22 02:01:00+00:00,77891.203125,77891.203125,77906.3515625,77852.328125,77894.5234375,0
2026-08-22 02:02:00+00:00,77906.0,77906.0,77906.0,77885.9765625,77889.8125,0
2026-08-22 02:03:00+00:00,77970.0234375,77970.0234375,77970.0234375,77905.078125,77905.078125,0
2026-08-22 02:04:00+00:00,77960.3203125,77960.3203125,77985.296875,77943.28125,77966.2109375,0
2026-08-22 02:05:00+00:00,77999.609375,77999.609375,78000.0,77960.4609375,77960.4609375,123092992
2026-08-22 02:06:00+00:00,77920.3671875,77920.3671875,78044.421875,77920.3671875,78000.0,0
2026-08-22 02:07:00+00:00,78018.390625,78018.390625,78028.921875,77952.4609375,77954.5078125,0
2026-08-22 02:08:00+00:00,78000.453125,78000.453125,78003.90625,77985.3125,77996.7734375,0
2026-08-22 02:09:00+00:00,78013.40625,78013.40625,78020.6875,77985.296875,77998.8828125,0
2026-08-22 02:10:00+00:00,78044.90625,78044.90625,78044.90625,78009.203125,78009.203125,0
2026-08-22 02:11:00+00:00,78069.0625,78069.0625,78069.0625,78036.53125,78036.53125,7372800
2026-08-22 02:12:00+00:00,78057.8828125,78057.8828125,78069.0625,78036.53125,78069.0625,267829248
2026-08-22 02:13:00+00:00,78091.2265625,78091.2265625,78101.4296875,78046.4296875,78064.46875,0
2026-08-22 02:14:00+00:00,78046.0703125,78046.0703125,78096.6328125,78042.609375,78082.5,0
2026-08-22 02:15:00+00:00,78149.546875,78149.546875,78149.546875,78027.328125,78046.0625,0
2026-08-22 02:16:00+00:00,78149.546875,78149.546875,78149.546875,78103.7109375,78140.3515625,0
2026-08-22 02:17:00+00:00,78179.9609375,78179.9609375,78183.9296875,78150.2734375,78150.2734375,0
2026-08-22 02:18:00+00:00,78142.6328125,78142.6328125,78184.703125,78130.5703125,78180.0234375,0
2026-08-22 02:19:00+00:00,78100.0,78100.0,78134.09375,78100.0,78134.09375,0
2026-08-22 02:20:00+00:00,78138.109375,78138.109375,78144.8828125,78096.09375,78116.1171875,0
2026-08-22 02:21:00+00:00,78141.90625,78141.90625,78192.2734375,78134.2890625,78145.7421875,0
2026-08-22 02:22:00+00:00,78178.0078125,78178.0078125,78178.0078125,78134.0234375,78138.3984375,0
2026-08-22 02:23:00+00:00,78149.5625,78149.5625,78162.5,78130.46875,78157.2109375,190070784
2026-08-22 02:24:00+00:00,78180.546875,78180.546875,78189.6796875,78141.0234375,78141.0234375,0
2026-08-22 02:25:00+00:00,78256.4765625,78256.4765625,78256.4765625,78176.3125,78176.3125,2351104
2026-08-22 02:26:00+00:00,78271.796875,78271.796875,78271.796875,78237.4296875,78263.9921875,0
2026-08-22 02:27:00+00:00,78320.7265625,78320.7265625,78345.7734375,78278.453125,78278.453125,0
2026-08-22 02:28:00+00:00,78408.84375,78408.84375,78412.0390625,78307.0,78312.0234375,0
2026-08-22 02:29:00+00:00,78374.3515625,78374.3515625,78461.1171875,78374.3515625,78414.359375,0
2026-08-22 02:30:00+00:00,78439.8828125,78439.8828125,78439.8828125,78367.4921875,78367.4921875,0
2026-08-22 02:31:00+00:00,78471.859375,78471.859375,78473.8515625,78428.4296875,78428.4296875,0
2026-08-22 02:32:00+00:00,78365.0234375,78365.0234375,78493.8515625,78365.0234375,78458.9921875,15196160
2026-08-22 02:33:00+00:00,78287.09375,78287.09375,78381.3828125,78287.09375,78367.3125,0
2026-08-22 02:34:00+00:00,78272.078125,78272.078125,78287.0703125,78267.9921875,78276.3671875,20242432
2026-08-22 02:35:00+00:00,78237.0,78237.0,78260.3515625,78143.859375,78260.3515625,0
2026-08-22 02:36:00+00:00,78293.0234375,78293.0234375,78293.3828125,78232.0703125,78232.0703125,0
2026-08-22 02:37:00+00:00,78300.296875,78300.296875,78321.4609375,78287.8203125,78292.2265625,0
2026-08-22 02:38:00+00:00,78362.0625,78362.0625,78376.5625,78265.7421875,78294.7265625,48340992
2026-08-22 02:39:00+00:00,78397.9921875,78397.9921875,78397.9921875,78367.296875,78367.296875,97304576
2026-08-22 02:40:00+00:00,78403.359375,78403.359375,78403.359375,78382.59375,78402.6875,0
2026-08-22 02:41:00+00:00,78405.5078125,78405.5078125,78445.4921875,78405.5078125,78445.4921875,44761088
2026-08-22 02:42:00+00:00,78380.0078125,78380.0078125,78409.3203125,78380.0078125,78405.5,0
2026-08-22 02:43:00+00:00,78439.8671875,78439.8671875,78439.890625,78341.59375,78365.5234375,14065664
2026-08-22 02:44:00+00:00,78492.0078125,78492.0078125,78494.5,78444.7109375,78444.7109375,0
2026-08-22 02:45:00+00:00,78432.2734375,78432.2734375,78524.1015625,78414.09375,78506.890625,0
2026-08-22 02:46:00+00:00,78390.1484375,78390.1484375,78432.0234375,78377.953125,78420.7890625,16744448
2026-08-22 02:47:00+00:00,78319.6015625,78319.6015625,78390.6015625,78317.6484375,78390.6015625,0
2026-08-22 02:48:00+00:00,78344.953125,78344.953125,78344.953125,78298.546875,78336.7421875,0
2026-08-22 02:49:00+00:00,78359.65625,78359.65625,78360.9765625,78325.2890625,78339.140625,0
2026-08-22 02:50:00+00:00,78420.0,78420.0,78420.0,78340.5703125,78364.859375,0
2026-08-22 02:51:00+00:00,78436.2109375,78436.2109375,78436.2109375,78385.5078125,78420.546875,0
2026-08-22 02:52:00+00:00,78439.8984375,78439.8984375,78448.421875,78397.8671875,78428.3984375,0
2026-08-22 02:53:00+00:00,78478.7890625,78478.7890625,78478.7890625,78420.7890625,78436.5390625,0
2026-08-22 02:54:00+00:00,78428.4609375,78428.4609375,78469.421875,78428.4296875,78469.421875,0
2026-08-22 02:55:00+00:00,78423.8984375,78423.8984375,78447.0,78413.140625,78428.4296875,0
2026-08-22 02:56:00+00:00,78492.0,78492.0,78499.9921875,78441.6015625,78451.3515625,0
2026-08-22 02:57:00+00:00,78522.15625,78522.15625,78543.8671875,78481.3984375,78493.9609375,0
2026-08-22 02:58:00+00:00,78420.7890625,78420.7890625,78474.921875,78420.7890625,78474.921875,0
2026-08-22 02:59:00+00:00,78462.796875,78462.796875,78462.796875,78436.0625,78436.0625,0
2026-08-22 03:00:00+00:00,78443.09375,78443.09375,78481.8984375,78412.0,78481.8984375,11190272
2026-08-22 03:01:00+00:00,78504.8203125,78504.8203125,78504.8203125,78432.25,78447.796875,46202880
2026-08-22 03:02:00+00:00,78523.921875,78523.921875,78523.921875,78497.6015625,78508.640625,0
2026-08-22 03:03:00+00:00,78554.4921875,78554.4921875,78565.9375,78524.9921875,78526.7734375,0
2026-08-22 03:04:00+00:00,78573.59375,78573.59375,78583.4375,78558.0703125,78558.0703125,0
2026-08-22 03:05:00+00:00,78574.5078125,78574.5078125,78610.046875,78562.7421875,78564.0390625,0
2026-08-22 03:06:00+00:00,78665.25,78665.25,78676.8515625,78579.5703125,78579.5703125,0
2026-08-22 03:07:00+00:00,78608.46875,78608.46875,78690.953125,78608.46875,78665.2265625,0
2026-08-22 03:08:00+00:00,78585.890625,78585.890625,78604.4609375,78585.890625,78587.5625,3997696
2026-08-22 03:09:00+00:00,78550.671875,78550.671875,78604.1328125,78550.671875,78565.0625,0
2026-08-22 03:10:00+00:00,78497.171875,78497.171875,78550.3515625,78476.2265625,78550.3515625,0
2026-08-22 03:11:00+00:00,78445.7578125,78445.7578125,78502.75,78437.9921875,78493.3125,0
2026-08-22 03:12:00+00:00,78420.390625,78420.390625,78438.328125,78409.3125,78438.328125,2002608128
2026-08-22 03:13:00+00:00,78412.1328125,78412.1328125,78420.390625,78371.1328125,78420.390625,0
2026-08-22 03:14:00+00:00,78388.5234375,78388.5234375,78434.9765625,78388.5234375,78412.1328125,0
2026-08-22 03:15:00+00:00,78443.7734375,78443.7734375,78443.7734375,78351.6015625,78382.578125,0
2026-08-22 03:16:00+00:00,78472.1484375,78472.1484375,78487.890625,78450.3125,78450.3125,0
2026-08-22 03:17:00+00:00,78523.890625,78523.890625,78523.890625,78474.7734375,78474.7734375,0
2026-08-22 03:18:00+00:00,78536.4921875,78536.4921875,78549.5625,78525.5625,78525.5625,0
2026-08-22 03:19:00+00:00,78577.40625,78577.40625,78590.140625,78537.2265625,78551.2734375,43466752
2026-08-22 03:20:00+00:00,78500.6328125,78500.6328125,78606.0234375,78500.6328125,78606.0234375,0
2026-08-22 03:21:00+00:00,78573.59375,78573.59375,78588.0078125,78494.78125,78495.296875,0
2026-08-22 03:22:00+00:00,78598.0625,78598.0625,78598.0625,78578.0390625,78593.328125,0
2026-08-22 03:23:00+00:00,78574.5078125,78574.5078125,78599.9921875,78574.5078125,78594.328125,50536448
2026-08-22 03:24:00+00:00,78589.6875,78589.6875,78589.6875,78560.359375,78574.3828125,0
2026-08-22 03:25:00+00:00,78703.4609375,78703.4609375,78713.703125,78615.609375,78623.890625,13778944
2026-08-22 03:26:00+00:00,78688.1796875,78688.1796875,78724.0625,78655.3671875,78719.9765625,0
2026-08-22 03:27:00+00:00,78728.7265625,78728.7265625,78743.890625,78684.359375,78699.640625,5857280
2026-08-22 03:28:00+00:00,78719.4375,78719.4375,78738.9765625,78712.546875,78726.0390625,0
2026-08-22 03:29:00+00:00,78763.3125,78763.3125,78782.3125,78700.96875,78700.96875,0
2026-08-22 03:30:00+00:00,78768.3984375,78768.3984375,78768.3984375,78740.953125,78756.640625,0
2026-08-22 03:31:00+00:00,78746.8671875,78746.8671875,78814.4921875,78746.8671875,78780.7890625,91308032
2026-08-22 03:32:00+00:00,78706.4921875,78706.4921875,78755.9609375,78706.4921875,78753.1328125,5300224
2026-08-22 03:33:00+00:00,78671.9765625,78671.9765625,78692.0078125,78665.2578125,78692.0078125,0
2026-08-22 03:34:00+00:00,78657.3671875,78657.3671875,78675.5,78650.140625,78675.5,0
2026-08-22 03:35:00+00:00,78737.9296875,78737.9296875,78753.109375,78665.25,78665.25,0
2026-08-22 03:36:00+00:00,78718.7421875,78718.7421875,78740.4609375,78684.3828125,78726.3828125,1785532416
2026-08-22 03:37:00+00:00,78700.3828125,78700.3828125,78726.25,78699.078125,78718.7421875,0
2026-08-22 03:38:00+00:00,78694.28125,78694.28125,78706.140625,78691.7265625,78706.140625,0
2026-08-22 03:39:00+00:00,78684.640625,78684.640625,78694.3125,78673.9296875,78694.2890625,0
2026-08-22 03:40:00+00:00,78635.328125,78635.328125,78681.5,78627.6171875,78681.5,0
2026-08-22 03:41:00+00:00,78573.96875,78573.96875,78634.7109375,78550.671875,78634.7109375,0
2026-08-22 03:42:00+00:00,78629.5703125,78629.5703125,78659.359375,78592.65625,78592.65625,323125248
2026-08-22 03:43:00+00:00,78608.5078125,78608.5078125,78632.671875,78579.2109375,78630.890625,0
2026-08-22 03:44:00+00:00,78638.5078125,78638.5078125,78638.5078125,78599.0703125,78601.328125,0
2026-08-22 03:45:00+00:00,78563.03125,78563.03125,78628.0703125,78557.8671875,78625.0625,0
2026-08-22 03:46:00+00:00,78582.65625,78582.65625,78630.8828125,78582.65625,78585.34375,0
2026-08-22 03:47:00+00:00,78606.2265625,78606.2265625,78606.2265625,78581.1171875,78592.6796875,250273792
2026-08-22 03:48:00+00:00,78582.390625,78582.390625,78602.671875,78582.390625,78596.5234375,0
2026-08-22 03:49:00+00:00,78548.21875,78548.21875,78582.390625,78541.1796875,78582.390625,0
2026-08-22 03:50:00+00:00,78627.0625,78627.0625,78627.0625,78558.0,78558.0,0
2026-08-22 03:51:00+00:00,78657.6328125,78657.6328125,78681.609375,78630.8828125,78630.8828125,0
2026-08-22 03:52:00+00:00,78578.0,78578.0,78649.9765625,78578.0,78642.3515625,0
2026-08-22 03:53:00+00:00,78602.0625,78602.0625,78621.0,78581.21875,78592.4921875,0
2026-08-22 03:54:00+00:00,78535.390625,78535.390625,78597.0234375,78535.390625,78597.0234375,0
2026-08-22 03:55:00+00:00,78485.9296875,78485.9296875,78544.65625,78485.9296875,78537.1328125,0
2026-08-22 03:56:00+00:00,78432.2265625,78432.2265625,78468.2578125,78401.6875,78459.0,0
2026-08-22 03:57:00+00:00,78464.3671875,78464.3671875,78488.5390625,78438.09375,78443.703125,66084864
2026-08-22 03:58:00+00:00,78397.8671875,78397.8671875,78462.8125,78397.8671875,78458.2109375,0
2026-08-22 03:59:00+00:00,78402.6171875,78402.6171875,78409.3203125,78394.046875,78394.5234375,0
2026-08-22 04:00:00+00:00,78446.9921875,78446.9921875,78446.9921875,78402.6171875,78402.6171875,0
2026-08-22 04:01:00+00:00,78386.40625,78386.40625,78457.671875,78374.953125,78454.8828125,0
2026-08-22 04:02:00+00:00,78283.2734375,78283.2734375,78361.9765625,78260.3515625,78360.0234375,248635392
2026-08-22 04:03:00+00:00,78295.5703125,78295.5703125,78295.5703125,78233.2109375,78234.0625,0
2026-08-22 04:04:00+00:00,78378.6875,78378.6875,78378.6875,78285.0390625,78290.0390625,0
2026-08-22 04:05:00+00:00,78393.8203125,78393.8203125,78421.6328125,78388.6015625,78388.6015625,0
2026-08-22 04:06:00+00:00,78279.0,78279.0,78395.171875,78271.0234375,78395.171875,12730368
2026-08-22 04:07:00+00:00,78276.5390625,78276.5390625,78282.6328125,78245.71875,78265.8671875,12206080
2026-08-22 04:08:00+00:00,78292.4765625,78292.4765625,78325.28125,78273.203125,78282.0625,0
2026-08-22 04:09:00+00:00,78313.8203125,78313.8203125,78313.8203125,78283.2734375,78289.5,0
2026-08-22 04:10:00+00:00,78347.1328125,78347.1328125,78358.0,78313.8203125,78313.8203125,0
2026-08-22 04:11:00+00:00,78374.296875,78374.296875,78374.296875,78327.21875,78354.7265625,0
2026-08-22 04:12:00+00:00,78371.921875,78371.921875,78390.578125,78363.171875,78386.140625,0
2026-08-22 04:13:00+00:00,78374.15625,78374.15625,78380.9765625,78366.296875,78366.296875,0
2026-08-22 04:14:00+00:00,78378.7734375,78378.7734375,78401.6796875,78373.8125,78374.15625,1642496
2026-08-22 04:15:00+00:00,78344.390625,78344.390625,78384.21875,78329.109375,78384.21875,1486909440
2026-08-22 04:16:00+00:00,78292.5078125,78292.5078125,78358.71875,78276.6328125,78337.4765625,0
2026-08-22 04:17:00+00:00,78285.3671875,78285.3671875,78313.8203125,78271.171875,78306.3515625,0
2026-08-22 04:18:00+00:00,78229.796875,78229.796875,78272.2109375,78225.96875,78253.7890625,0
2026-08-22 04:19:00+00:00,78251.0703125,78251.0703125,78255.7265625,78195.40625,78222.1484375,301547520
2026-08-22 04:20:00+00:00,78336.7421875,78336.7421875,78336.7421875,78252.9296875,78252.9296875,0
2026-08-22 04:21:00+00:00,78391.4921875,78391.4921875,78393.5625,78290.90625,78321.46875,36634624
2026-08-22 04:22:00+00:00,78446.703125,78446.703125,78457.7890625,78360.78125,78389.75,0
2026-08-22 04:23:00+00:00,78497.1875,78497.1875,78520.1015625,78451.34375,78451.34375,7004160
2026-08-22 04:24:00+00:00,78473.7578125,78473.7578125,78506.578125,78473.7578125,78497.1875,31309824
2026-08-22 04:25:00+00:00,78509.53125,78509.53125,78525.21875,78483.9765625,78483.9765625,0
2026-08-22 04:26:00+00:00,78546.84375,78546.84375,78561.140625,78516.0,78516.0,270336
2026-08-22 04:27:00+00:00,78507.640625,78507.640625,78547.328125,78507.640625,78547.328125,32940032
2026-08-22 04:28:00+00:00,78512.4609375,78512.4609375,78535.3671875,78505.6875,78505.6875,0
2026-08-22 04:29:00+00:00,78581.2109375,78581.2109375,78581.21875,78520.09375,78520.09375,0
2026-08-22 04:30:00+00:00,78517.71875,78517.71875,78590.65625,78511.578125,78590.65625,0
2026-08-22 04:31:00+00:00,78569.65625,78569.65625,78583.5234375,78512.4609375,78520.7890625,0
2026-08-22 04:32:00+00:00,78633.359375,78633.359375,78653.7890625,78576.0703125,78576.0703125,208035840
2026-08-22 04:33:00+00:00,78631.859375,78631.859375,78664.53125,78631.859375,78643.203125,0
2026-08-22 04:34:00+00:00,78695.828125,78695.828125,78718.71875,78615.609375,78615.609375,0
2026-08-22 04:35:00+00:00,78677.640625,78677.640625,78677.640625,78600.0078125,78676.7265625,0
2026-08-22 04:36:00+00:00,78681.859375,78681.859375,78734.4765625,78681.859375,78683.9921875,20709376
2026-08-22 04:37:00+00:00,78717.25,78717.25,78726.3671875,78678.0390625,78692.0234375,0
2026-08-22 04:38:00+00:00,78749.296875,78749.296875,78758.7109375,78707.2890625,78720.59375,0
2026-08-22 04:39:00+00:00,78666.4921875,78666.4921875,78744.8125,78666.4921875,78730.2109375,123715584
2026-08-22 04:40:00+00:00,78690.5078125,78690.5078125,78698.609375,78645.8515625,78655.5234375,0
2026-08-22 04:41:00+00:00,78776.0390625,78776.0390625,78782.6796875,78697.5078125,78697.5078125,0
2026-08-22 04:42:00+00:00,78755.5703125,78755.5703125,78795.140625,78755.390625,78760.921875,0
2026-08-22 04:43:00+00:00,78718.7734375,78718.7734375,78756.8984375,78698.4921875,78756.8984375,19857408
2026-08-22 04:44:00+00:00,78657.6171875,78657.6171875,78717.0234375,78640.6484375,78717.0234375,83091456
2026-08-22 04:45:00+00:00,78656.171875,78656.171875,78674.3203125,78561.96875,78630.890625,0
2026-08-22 04:46:00+00:00,78630.21875,78630.21875,78684.453125,78623.3984375,78665.2578125,3891200
2026-08-22 04:47:00+00:00,78605.609375,78605.609375,78662.890625,78605.609375,78638.5234375,0
2026-08-22 04:48:00+00:00,78533.546875,78533.546875,78571.9921875,78532.3125,78571.9921875,25739264
2026-08-22 04:49:00+00:00,78561.8203125,78561.8203125,78579.9765625,78525.6328125,78536.5625,0
2026-08-22 04:50:00+00:00,78522.828125,78522.828125,78565.28125,78512.46875,78550.671875,0
2026-08-22 04:51:00+00:00,78499.4765625,78499.4765625,78546.8203125,78480.640625,78546.8203125,14057472
2026-08-22 04:52:00+00:00,78501.0,78501.0,78510.6875,78481.109375,78507.859375,226189312
2026-08-22 04:53:00+00:00,78526.703125,78526.703125,78548.3125,78482.6875,78500.0,76423168
2026-08-22 04:54:00+00:00,78525.9296875,78525.9296875,78532.859375,78512.46875,78532.859375,0
2026-08-22 04:55:00+00:00,78524.9765625,78524.9765625,78524.9765625,78493.28125,78522.5234375,1646592
2026-08-22 04:56:00+00:00,78509.671875,78509.671875,78541.140625,78496.5078125,78541.140625,0
2026-08-22 04:57:00+00:00,78508.6484375,78508.6484375,78523.90625,78474.2578125,78512.9609375,20209664
2026-08-22 04:58:00+00:00,78485.7578125,78485.7578125,78514.1328125,78450.671875,78514.1328125,0
2026-08-22 04:59:00+00:00,78475.7109375,78475.7109375,78485.71875,78462.3125,78485.71875,322748416
2026-08-22 05:00:00+00:00,78515.4609375,78515.4609375,78515.4609375,78440.0,78440.0,0
2026-08-22 05:01:00+00:00,78532.3984375,78532.3984375,78541.4296875,78497.1796875,78526.828125,1228800
2026-08-22 05:02:00+00:00,78554.4765625,78554.4765625,78554.4765625,78489.5390625,78530.296875,0
2026-08-22 05:03:00+00:00,78526.078125,78526.078125,78562.9296875,78526.078125,78555.859375,0
2026-08-22 05:04:00+00:00,78494.796875,78494.796875,78558.296875,78494.796875,78526.09375,0
2026-08-22 05:05:00+00:00,78516.0,78516.0,78516.0,78436.0703125,78493.3515625,31907840
2026-08-22 05:06:00+00:00,78510.6328125,78510.6328125,78546.3515625,78505.921875,78513.6484375,0
2026-08-22 05:07:00+00:00,78273.25,78273.25,78510.6796875,78266.8125,78510.6796875,0
2026-08-22 05:08:00+00:00,78141.0,78141.0,78258.328125,78136.4375,78258.328125,11411456
2026-08-22 05:09:00+00:00,77796.421875,77796.421875,78157.203125,77796.421875,78157.203125,0
2026-08-22 05:10:00+00:00,76726.703125,76726.703125,77814.03125,76726.703125,77814.03125,0
2026-08-22 05:11:00+00:00,77007.3828125,77007.3828125,77007.3828125,76650.2734375,76922.59375,0
2026-08-22 05:12:00+00:00,77381.7265625,77381.7265625,77381.7265625,77135.5,77135.5,0
2026-08-22 05:13:00+00:00,77282.40625,77282.40625,77364.9765625,77211.8125,77364.75,235372544
2026-08-22 05:14:00+00:00,77319.0234375,77319.0234375,77374.328125,77274.7890625,77274.7890625,0
2026-08-22 05:15:00+00:00,77474.7578125,77474.7578125,77515.4296875,77323.0234375,77323.0234375,1335582720
2026-08-22 05:16:00+00:00,77042.1796875,77042.1796875,77367.546875,76722.34375,77367.546875,0
2026-08-22 05:17:00+00:00,77253.6328125,77253.6328125,77278.6015625,77017.828125,77056.9765625,125894656
2026-08-22 05:18:00+00:00,77113.5078125,77113.5078125,77261.390625,77113.5078125,77257.7890625,585023488
2026-08-22 05:19:00+00:00,76956.3515625,76956.3515625,77112.53125,76956.3515625,77110.53125,91103232
2026-08-22 05:20:00+00:00,77164.0,77164.0,77171.640625,76972.9921875,76972.9921875,0
2026-08-22 05:21:00+00:00,76939.46875,76939.46875,77269.640625,76907.5703125,77209.828125,1262223360
2026-08-22 05:22:00+00:00,76812.5625,76812.5625,76957.328125,76758.25,76921.28125,19677184
2026-08-22 05:23:00+00:00,77024.53125,77024.53125,77024.53125,76848.390625,76872.0,0
2026-08-22 05:24:00+00:00,77050.03125,77050.03125,77098.171875,77050.03125,77071.78125,1020493824
2026-08-22 05:25:00+00:00,77137.109375,77137.109375,77137.109375,77048.9765625,77048.9765625,0
2026-08-22 05:26:00+00:00,77236.5703125,77236.5703125,77236.5703125,77121.9921875,77127.078125,145375232
2026-08-22 05:27:00+00:00,77220.953125,77220.953125,77251.8671875,77206.7265625,77221.2890625,0
2026-08-22 05:28:00+00:00,77267.140625,77267.140625,77278.6015625,77173.0390625,77173.0390625,881524736
2026-08-22 05:29:00+00:00,77289.6796875,77289.6796875,77298.6875,77248.046875,77250.40625,0
2026-08-22 05:30:00+00:00,77027.25,77027.25,77276.84375,77027.25,77274.0234375,505733120
2026-08-22 05:31:00+00:00,77032.4921875,77032.4921875,77087.4765625,76930.9765625,77076.140625,0
2026-08-22 05:32:00+00:00,77167.8125,77167.8125,77167.8125,77057.046875,77099.71875,0
2026-08-22 05:33:00+00:00,77236.59375,77236.59375,77267.140625,77141.09375,77205.640625,0
2026-08-22 05:34:00+00:00,77306.921875,77306.921875,77327.09375,77220.7578125,77270.2578125,131702784
2026-08-22 05:35:00+00:00,77469.59375,77469.59375,77469.59375,77316.0234375,77333.9921875,22167552
2026-08-22 05:36:00+00:00,77408.46875,77408.46875,77535.34375,77408.46875,77481.0625,0
2026-08-22 05:37:00+00:00,77195.6328125,77195.6328125,77377.921875,77195.6328125,77377.921875,270909440
2026-08-22 05:38:00+00:00,77217.4765625,77217.4765625,77238.4609375,77181.6484375,77181.6484375,208519168
2026-08-22 05:39:00+00:00,77118.9609375,77118.9609375,77254.15625,77118.9609375,77227.171875,0
2026-08-22 05:40:00+00:00,77102.8828125,77102.8828125,77203.8828125,77102.8828125,77117.0,0
2026-08-22 05:41:00+00:00,77086.4375,77086.4375,77171.6328125,77073.1796875,77140.4765625,0
2026-08-22 05:42:00+00:00,77037.9375,77037.9375,77083.78125,76990.2421875,77083.78125,0
2026-08-22 05:43:00+00:00,77024.109375,77024.109375,77076.0,76993.15625,77076.0,146800640
2026-08-22 05:44:00+00:00,77150.2734375,77150.2734375,77150.2734375,77036.9375,77036.9375,11755520
2026-08-22 05:45:00+00:00,77122.2421875,77122.2421875,77174.828125,77107.3125,77174.828125,0
2026-08-22 05:46:00+00:00,77223.8671875,77223.8671875,77230.2890625,77068.5,77092.84375,0
2026-08-22 05:47:00+00:00,77309.15625,77309.15625,77309.15625,77242.5,77242.5,0
2026-08-22 05:48:00+00:00,77369.6484375,77369.6484375,77369.6484375,77281.1015625,77281.1015625,453492736
2026-08-22 05:49:00+00:00,77370.2890625,77370.2890625,77417.2265625,77362.6484375,77362.6484375,0
2026-08-22 05:50:00+00:00,77374.1015625,77374.1015625,77413.1796875,77359.7734375,77359.7734375,45588480
2026-08-22 05:51:00+00:00,77459.1328125,77459.1328125,77468.671875,77343.84375,77343.84375,0
2026-08-22 05:52:00+00:00,77349.84375,77349.84375,77481.0703125,77335.5234375,77474.59375,38920192
2026-08-22 05:53:00+00:00,77360.3671875,77360.3671875,77360.3671875,77320.109375,77324.453125,15745024
2026-08-22 05:54:00+00:00,77314.0,77314.0,77362.640625,77244.2265625,77362.640625,0
2026-08-22 05:55:00+00:00,77389.4296875,77389.4296875,77422.5078125,77324.453125,77343.6171875,83001344
2026-08-22 05:56:00+00:00,77370.2890625,77370.2890625,77393.203125,77334.7734375,77393.203125,0
2026-08-22 05:57:00+00:00,77419.953125,77419.953125,77449.8125,77364.8203125,77385.1171875,28008448
2026-08-22 05:58:00+00:00,77461.9609375,77461.9609375,77461.9609375,77374.109375,77393.640625,0
2026-08-22 05:59:00+00:00,77351.1875,77351.1875,77424.171875,77351.1875,77424.171875,30408704
2026-08-22 06:00:00+00:00,77421.78125,77421.78125,77421.78125,77332.09375,77343.546875,0
2026-08-22 06:01:00+00:00,77393.2109375,77393.2109375,77423.7578125,77352.3515625,77423.7578125,0
2026-08-22 06:02:00+00:00,77326.1796875,77326.1796875,77385.5625,77326.1796875,77362.6484375,0
2026-08-22 06:03:00+00:00,77295.1875,77295.1875,77379.0078125,77293.890625,77324.4609375,0
2026-08-22 06:04:00+00:00,77300.6171875,77300.6171875,77318.859375,77287.9921875,77318.859375,0
2026-08-22 06:05:00+00:00,77185.5,77185.5,77274.7890625,77165.171875,77274.7890625,0
2026-08-22 06:06:00+00:00,77146.3984375,77146.3984375,77183.890625,77144.1484375,77183.890625,90382336
2026-08-22 06:07:00+00:00,77204.953125,77204.953125,77208.4921875,77156.2265625,77158.140625,0
2026-08-22 06:08:00+00:00,77290.0703125,77290.0703125,77332.5078125,77242.1328125,77242.1328125,0
2026-08-22 06:09:00+00:00,77313.1015625,77313.1015625,77341.109375,77304.109375,77341.109375,0
2026-08-22 06:10:00+00:00,77194.5703125,77194.5703125,77314.953125,77194.5703125,77314.953125,0
2026-08-22 06:11:00+00:00,77274.78125,77274.78125,77274.78125,77242.046875,77274.78125,0
2026-08-22 06:12:00+00:00,77198.390625,77198.390625,77229.8203125,77198.390625,77221.3125,220962816
2026-08-22 06:13:00+00:00,77194.5703125,77194.5703125,77209.84375,77164.0234375,77189.203125,35815424
2026-08-22 06:14:00+00:00,77155.96875,77155.96875,77194.5703125,77155.96875,77194.5703125,0
2026-08-22 06:15:00+00:00,77210.6484375,77210.6484375,77224.7578125,77164.0,77164.0,0
2026-08-22 06:16:00+00:00,77272.140625,77272.140625,77308.3828125,77218.5,77218.5,91553792
2026-08-22 06:17:00+00:00,77238.59375,77238.59375,77342.9921875,77238.59375,77282.421875,0
2026-08-22 06:18:00+00:00,77209.8515625,77209.8515625,77235.0234375,77179.2890625,77235.0234375,0
2026-08-22 06:19:00+00:00,77209.84375,77209.84375,77218.796875,77194.5625,77218.796875,15687680
2026-08-22 06:20:00+00:00,77304.0078125,77304.0078125,77309.7421875,77217.4765625,77217.4765625,54452224
2026-08-22 06:21:00+00:00,77253.0,77253.0,77305.34375,77250.1328125,77305.34375,0
2026-08-22 06:22:00+00:00,77269.9296875,77269.9296875,77275.4609375,77236.796875,77267.2421875,0
2026-08-22 06:23:00+00:00,77319.6015625,77319.6015625,77324.4375,77276.90625,77276.90625,0
2026-08-22 06:24:00+00:00,77366.453125,77366.453125,77366.453125,77320.828125,77320.828125,0
2026-08-22 06:25:00+00:00,77370.7890625,77370.7890625,77389.3203125,77339.7265625,77358.71875,0
2026-08-22 06:26:00+00:00,77295.359375,77295.359375,77347.3671875,77286.25,77347.3671875,0
2026-08-22 06:27:00+00:00,77259.6015625,77259.6015625,77293.8828125,77253.859375,77290.5,173383680
2026-08-22 06:28:00+00:00,77223.59375,77223.59375,77263.3125,77206.03125,77244.2265625,245506048
2026-08-22 06:29:00+00:00,77235.0234375,77235.0234375,77255.6796875,77223.59375,77223.59375,0
2026-08-22 06:30:00+00:00,77212.21875,77212.21875,77231.7734375,77209.84375,77217.4921875,0
2026-08-22 06:31:00+00:00,77150.0078125,77150.0078125,77209.84375,77150.0078125,77207.03125,0
2026-08-22 06:32:00+00:00,77100.0,77100.0,77175.9375,76992.3515625,77150.0078125,170745856
2026-08-22 06:33:00+00:00,77099.9921875,77099.9921875,77133.4375,77068.5078125,77121.59375,0
2026-08-22 06:34:00+00:00,77083.7890625,77083.7890625,77124.4296875,77076.1484375,77102.8828125,0
2026-08-22 06:35:00+00:00,77145.6484375,77145.6484375,77158.671875,77079.9609375,77079.9609375,0
2026-08-22 06:36:00+00:00,77241.5,77241.5,77241.5,77175.4609375,77175.4609375,35610624
2026-08-22 06:37:00+00:00,77404.328125,77404.328125,77404.328125,77231.78125,77245.953125,0
2026-08-22 06:38:00+00:00,77481.0703125,77481.0703125,77500.171875,77401.6796875,77434.5390625,0
2026-08-22 06:39:00+00:00,77507.8125,77507.8125,77525.53125,77473.4375,77477.25,0
2026-08-22 06:40:00+00:00,77540.0390625,77540.0390625,77560.6875,77456.0703125,77496.34375,14303232
2026-08-22 06:41:00+00:00,77465.7890625,77465.7890625,77553.59375,77465.7890625,77553.59375,0
2026-08-22 06:42:00+00:00,77445.296875,77445.296875,77458.140625,77404.671875,77458.140625,0
2026-08-22 06:43:00+00:00,77431.390625,77431.390625,77461.9609375,77419.2734375,77443.5625,0
2026-08-22 06:44:00+00:00,77406.4609375,77406.4609375,77423.75,77393.203125,77421.4296875,0
2026-08-22 06:45:00+00:00,77458.1328125,77458.1328125,77463.7578125,77383.1171875,77383.1171875,232914944
2026-08-22 06:46:00+00:00,77429.2734375,77429.2734375,77465.78125,77422.671875,77440.5625,0
2026-08-22 06:47:00+00:00,77441.5390625,77441.5390625,77441.5390625,77381.75,77412.3125,0
2026-08-22 06:48:00+00:00,77445.609375,77445.609375,77461.953125,77440.859375,77440.859375,210755584
2026-08-22 06:49:00+00:00,77439.0390625,77439.0390625,77456.3515625,77435.2109375,77444.890625,0
2026-08-22 06:50:00+00:00,77519.2734375,77519.2734375,77529.1875,77452.0625,77452.0625,0
2026-08-22 06:51:00+00:00,77522.6484375,77522.6484375,77523.6328125,77504.3671875,77507.8125,0
2026-08-22 06:52:00+00:00,77454.0078125,77454.0078125,77504.15625,77388.3828125,77504.15625,167657472
2026-08-22 06:53:00+00:00,77477.9609375,77477.9609375,77477.9609375,77423.7578125,77439.046875,0
2026-08-22 06:54:00+00:00,77452.5,77452.5,77477.4609375,77446.6875,77477.4609375,0
2026-08-22 06:55:00+00:00,77439.046875,77439.046875,77453.7265625,77397.03125,77430.7890625,0
2026-08-22 06:56:00+00:00,77442.796875,77442.796875,77449.2421875,77419.9609375,77419.9609375,2490368
2026-08-22 06:57:00+00:00,77427.59375,77427.59375,77454.3203125,77427.59375,77446.4921875,0
2026-08-22 06:58:00+00:00,77458.1484375,77458.1484375,77468.15625,77438.0078125,77450.5,15851520
2026-08-22 06:59:00+00:00,77477.25,77477.25,77489.2265625,77458.140625,77458.140625,0
2026-08-22 07:00:00+00:00,77483.2578125,77483.2578125,77496.0703125,77446.6875,77475.5703125,254517248
2026-08-22 07:01:00+00:00,77511.25,77511.25,77511.25,77471.71875,77482.171875,0
2026-08-22 07:02:00+00:00,77565.109375,77565.109375,77594.828125,77507.8203125,77513.703125,0
2026-08-22 07:03:00+00:00,77607.1328125,77607.1328125,77634.53125,77572.96875,77572.96875,0
2026-08-22 07:04:00+00:00,77609.0,77609.0,77635.4375,77588.03125,77608.28125,0
2026-08-22 07:05:00+00:00,77557.71875,77557.71875,77645.3203125,77538.3671875,77625.6328125,15532032
2026-08-22 07:06:00+00:00,77580.3984375,77580.3984375,77601.40625,77542.1875,77542.1875,0
2026-08-22 07:07:00+00:00,77641.8203125,77641.8203125,77641.8203125,77580.390625,77580.390625,0
2026-08-22 07:08:00+00:00,77521.640625,77521.640625,77607.1171875,77519.2734375,77607.1171875,0
2026-08-22 07:09:00+00:00,77400.8515625,77400.8515625,77521.6171875,77382.46875,77521.6171875,0
2026-08-22 07:10:00+00:00,77377.9296875,77377.9296875,77424.96875,77367.9921875,77385.5703125,0
2026-08-22 07:11:00+00:00,77316.796875,77316.796875,77366.46875,77295.59375,77366.46875,0
2026-08-22 07:12:00+00:00,77284.359375,77284.359375,77381.6328125,77284.359375,77324.4375,0
2026-08-22 07:13:00+00:00,77270.96875,77270.96875,77291.6171875,77267.1484375,77291.6171875,332922880
2026-08-22 07:14:00+00:00,77362.6484375,77362.6484375,77383.390625,77270.96875,77270.96875,0
2026-08-22 07:15:00+00:00,77312.9921875,77312.9921875,77385.5625,77312.9921875,77385.5625,21282816
2026-08-22 07:16:00+00:00,77293.4921875,77293.4921875,77331.296875,77280.2890625,77311.609375,0
2026-08-22 07:17:00+00:00,77225.1328125,77225.1328125,77278.578125,77225.1328125,77278.578125,0
2026-08-22 07:18:00+00:00,77244.21875,77244.21875,77264.328125,77209.8515625,77255.671875,0
2026-08-22 07:19:00+00:00,77257.4375,77257.4375,77257.4375,77208.1796875,77217.4921875,0
2026-08-22 07:20:00+00:00,77371.4921875,77371.4921875,77371.4921875,77260.9375,77260.9375,0
2026-08-22 07:21:00+00:00,77423.7734375,77423.7734375,77449.640625,77377.9296875,77377.9296875,0
2026-08-22 07:22:00+00:00,77362.5078125,77362.5078125,77424.34375,77358.828125,77397.03125,0
2026-08-22 07:23:00+00:00,77425.03125,77425.03125,77425.2265625,77375.359375,77375.359375,0
2026-08-22 07:24:00+00:00,77422.2265625,77422.2265625,77435.109375,77419.9375,77419.953125,0
2026-08-22 07:25:00+00:00,77393.203125,77393.203125,77458.3203125,77390.328125,77432.0234375,0
2026-08-22 07:26:00+00:00,77377.9296875,77377.9296875,77412.84375,77377.9296875,77397.15625,0
2026-08-22 07:27:00+00:00,77435.28125,77435.28125,77439.0390625,77398.546875,77398.546875,0
2026-08-22 07:28:00+00:00,77427.59375,77427.59375,77437.40625,77423.5625,77427.59375,0
2026-08-22 07:29:00+00:00,77475.890625,77475.890625,77475.890625,77427.6015625,77427.6015625,0
2026-08-22 07:30:00+00:00,77446.6875,77446.6875,77484.8828125,77446.6875,77484.640625,0
2026-08-22 07:31:00+00:00,77458.1875,77458.1875,77462.1015625,77414.9296875,77414.9296875,0
2026-08-22 07:32:00+00:00,77452.7734375,77452.7734375,77492.046875,77435.2265625,77461.9609375,0
2026-08-22 07:33:00+00:00,77477.25,77477.25,77496.34375,77435.2265625,77435.2265625,0
2026-08-22 07:34:00+00:00,77431.453125,77431.453125,77467.4296875,77431.453125,77446.6875,0
2026-08-22 07:35:00+00:00,77439.0390625,77439.0390625,77460.7265625,77404.640625,77460.7265625,0
2026-08-22 07:36:00+00:00,77419.3515625,77419.3515625,77439.0390625,77414.578125,77415.28125,0
2026-08-22 07:37:00+00:00,77454.3203125,77454.3203125,77454.3203125,77381.171875,77389.3671875,1941504
2026-08-22 07:38:00+00:00,77398.4765625,77398.4765625,77448.71875,77393.2109375,77448.71875,0
2026-08-22 07:39:00+00:00,77397.0234375,77397.0234375,77407.1171875,77374.0625,77399.0703125,65191936
2026-08-22 07:40:00+00:00,77339.65625,77339.65625,77419.21875,77335.90625,77404.6484375,0
2026-08-22 07:41:00+00:00,77372.6328125,77372.6328125,77372.6328125,77286.25,77339.65625,0
2026-08-22 07:42:00+00:00,77412.296875,77412.296875,77412.296875,77368.5234375,77368.5234375,0
2026-08-22 07:43:00+00:00,77416.109375,77416.109375,77419.9375,77385.5703125,77398.96875,0
2026-08-22 07:44:00+00:00,77401.7890625,77401.7890625,77426.421875,77393.2109375,77416.109375,0
2026-08-22 07:45:00+00:00,77392.6484375,77392.6484375,77435.21875,77382.1328125,77401.7890625,0
2026-08-22 07:46:00+00:00,77383.5078125,77383.5078125,77397.0234375,77381.75,77397.0234375,0
2026-08-22 07:47:00+00:00,77335.8984375,77335.8984375,77396.8515625,77316.8125,77396.8515625,0
2026-08-22 07:48:00+00:00,77335.90625,77335.90625,77339.71875,77308.2109375,77339.71875,0
2026-08-22 07:49:00+00:00,77333.640625,77333.640625,77343.53125,77303.0703125,77303.0703125,0
2026-08-22 07:50:00+00:00,77349.78125,77349.78125,77349.78125,77309.171875,77324.4375,0
2026-08-22 07:51:00+00:00,77303.0703125,77303.0703125,77347.21875,77286.65625,77347.21875,0
2026-08-22 07:52:00+00:00,77311.453125,77311.453125,77335.890625,77286.25,77304.609375,0
2026-08-22 07:53:00+00:00,77317.28125,77317.28125,77332.078125,77296.6796875,77316.8203125,0
2026-08-22 07:54:00+00:00,77338.328125,77338.328125,77362.25,77336.0078125,77339.71875,0
2026-08-22 07:55:00+00:00,77355.0,77355.0,77355.0,77325.546875,77338.7734375,0
2026-08-22 07:56:00+00:00,77314.3515625,77314.3515625,77355.1484375,77314.3515625,77355.1484375,0
2026-08-22 07:57:00+00:00,77316.5078125,77316.5078125,77325.90625,77308.0625,77314.3515625,0
2026-08-22 07:58:00+00:00,77284.9375,77284.9375,77314.90625,77284.9375,77314.90625,0
2026-08-22 07:59:00+00:00,77286.2421875,77286.2421875,77309.15625,77258.59375,77293.40625,0
2026-08-22 08:00:00+00:00,77323.15625,77323.15625,77329.7734375,77258.4296875,77293.890625,0
2026-08-22 08:01:00+00:00,77342.9921875,77342.9921875,77374.1015625,77337.0078125,77352.9375,0
2026-08-22 08:02:00+00:00,77377.90625,77377.90625,77384.4609375,77351.1796875,77351.1796875,0
2026-08-22 08:03:00+00:00,77338.609375,77338.609375,77371.21875,77332.078125,77370.2890625,0
2026-08-22 08:04:00+00:00,77253.0078125,77253.0078125,77366.4609375,77253.0078125,77351.1796875,16080896
2026-08-22 08:05:00+00:00,77228.953125,77228.953125,77270.953125,77186.3203125,77270.953125,0
2026-08-22 08:06:00+00:00,77299.09375,77299.09375,77304.71875,77258.9921875,77258.9921875,0
2026-08-22 08:07:00+00:00,77290.6015625,77290.6015625,77290.6015625,77248.59375,77274.7890625,0
2026-08-22 08:08:00+00:00,77347.359375,77347.359375,77347.359375,77280.15625,77293.8828125,0
2026-08-22 08:09:00+00:00,77326.703125,77326.703125,77383.4765625,77326.703125,77350.0,0
2026-08-22 08:10:00+00:00,77377.9296875,77377.9296875,77402.7734375,77326.703125,77326.703125,0
2026-08-22 08:11:00+00:00,77366.46875,77366.46875,77397.0234375,77366.46875,77387.078125,0
2026-08-22 08:12:00+00:00,77388.7109375,77388.7109375,77415.3203125,77344.5234375,77351.1875,19046400
2026-08-22 08:13:00+00:00,77346.8828125,77346.8828125,77399.8515625,77346.8828125,77388.6875,0
2026-08-22 08:14:00+00:00,77413.046875,77413.046875,77420.9921875,77388.15625,77388.15625,0
2026-08-22 08:15:00+00:00,77423.7578125,77423.7578125,77429.1328125,77404.859375,77413.046875,0
2026-08-22 08:16:00+00:00,77361.578125,77361.578125,77423.7734375,77361.578125,77423.7734375,0
2026-08-22 08:17:00+00:00,77343.5625,77343.5625,77376.2421875,77343.546875,77361.578125,0
2026-08-22 08:18:00+00:00,77319.2265625,77319.2265625,77355.0,77319.2265625,77348.703125,0
2026-08-22 08:19:00+00:00,77328.2734375,77328.2734375,77351.1796875,77295.71875,77331.0,0
2026-08-22 08:20:00+00:00,77297.7109375,77297.7109375,77350.046875,77297.7109375,77312.2734375,0
2026-08-22 08:21:00+00:00,77311.15625,77311.15625,77326.6171875,77289.0078125,77297.7109375,0
2026-08-22 08:22:00+00:00,77293.8828125,77293.8828125,77317.6796875,77293.8828125,77316.8125,0
2026-08-22 08:23:00+00:00,77288.8515625,77288.8515625,77309.1484375,77288.84375,77304.078125,0
2026-08-22 08:24:00+00:00,77267.203125,77267.203125,77295.328125,77255.6796875,77282.4296875,0
2026-08-22 08:25:00+00:00,77274.6015625,77274.6015625,77288.9921875,77274.6015625,77282.40625,32890880
2026-08-22 08:26:00+00:00,77195.8671875,77195.8671875,77260.78125,77191.4765625,77260.78125,132218880
2026-08-22 08:27:00+00:00,77131.046875,77131.046875,77203.796875,77123.03125,77197.171875,170377216
2026-08-22 08:28:00+00:00,77225.5,77225.5,77225.5,77102.8828125,77131.046875,0
2026-08-22 08:29:00+00:00,77210.0,77210.0,77259.5,77210.0,77259.5,0
2026-08-22 08:30:00+00:00,77113.1015625,77113.1015625,77215.078125,77083.7890625,77215.078125,0
2026-08-22 08:31:00+00:00,77127.8828125,77127.8828125,77165.0,77127.8828125,77141.078125,0
2026-08-22 08:32:00+00:00,77114.34375,77114.34375,77142.2109375,77094.0078125,77112.4609375,0
2026-08-22 08:33:00+00:00,77078.046875,77078.046875,77114.328125,77072.296875,77114.328125,39927808
2026-08-22 08:34:00+00:00,77098.4765625,77098.4765625,77114.328125,77064.6796875,77083.921875,0
2026-08-22 08:35:00+00:00,77156.359375,77156.359375,77174.9765625,77110.5078125,77110.5078125,0
2026-08-22 08:36:00+00:00,77084.9921875,77084.9921875,77159.15625,77084.9921875,77137.2578125,0
2026-08-22 08:37:00+00:00,77114.328125,77114.328125,77128.4921875,77070.0,77087.578125,0
2026-08-22 08:38:00+00:00,77104.703125,77104.703125,77129.2421875,77093.546875,77129.2421875,0
2026-08-22 08:39:00+00:00,77129.6171875,77129.6171875,77129.6171875,77106.3203125,77109.0078125,0
2026-08-22 08:40:00+00:00,77123.9921875,77123.9921875,77148.7109375,77116.546875,77129.609375,0
2026-08-22 08:41:00+00:00,77129.6875,77129.6875,77137.25,77102.8828125,77122.796875,0
2026-08-22 08:42:00+00:00,77101.65625,77101.65625,77124.3125,77021.546875,77124.3125,180551680
2026-08-22 08:43:00+00:00,77263.3203125,77263.3203125,77263.3203125,77095.25,77104.6796875,0
2026-08-22 08:44:00+00:00,77282.4296875,77282.4296875,77309.15625,77259.5234375,77297.703125,0
2026-08-22 08:45:00+00:00,77136.7578125,77136.7578125,77267.140625,77136.7578125,77267.140625,0
2026-08-22 08:46:00+00:00,77138.328125,77138.328125,77138.34375,77098.4921875,77127.7265625,0
2026-08-22 08:47:00+00:00,77156.3515625,77156.3515625,77156.3515625,77137.21875,77152.53125,0
2026-08-22 08:48:00+00:00,77164.0,77164.0,77164.0,77137.2734375,77147.921875,0
2026-08-22 08:49:00+00:00,77173.6328125,77173.6328125,77174.96875,77135.703125,77166.9765625,0
2026-08-22 08:50:00+00:00,77186.921875,77186.921875,77200.078125,77178.6328125,77178.6328125,0
2026-08-22 08:51:00+00:00,77194.5625,77194.5625,77194.5625,77146.9375,77188.796875,0
2026-08-22 08:52:00+00:00,77167.828125,77167.828125,77199.0078125,77157.9765625,77183.109375,0
2026-08-22 08:53:00+00:00,77161.703125,77161.703125,77169.46875,77155.640625,77160.1796875,0
2026-08-22 08:54:00+00:00,77172.0234375,77172.0234375,77181.6171875,77164.4609375,77169.46875,0
2026-08-22 08:55:00+00:00,77137.2578125,77137.2578125,77165.53125,77137.2578125,77165.53125,0
2026-08-22 08:56:00+00:00,77164.0078125,77164.0078125,77172.296875,77125.796875,77125.796875,0
2026-08-22 08:57:00+00:00,77177.7109375,77177.7109375,77177.7109375,77147.9765625,77171.2734375,0
2026-08-22 08:58:00+00:00,77153.71875,77153.71875,77199.9921875,77144.8984375,77180.65625,0
2026-08-22 08:59:00+00:00,77195.4921875,77195.4921875,77199.453125,77153.71875,77153.71875,0
2026-08-22 09:00:00+00:00,77156.3671875,77156.3671875,77219.3515625,77156.3671875,77195.4921875,0
2026-08-22 09:01:00+00:00,77141.09375,77141.09375,77158.90625,77123.1328125,77127.0234375,0
2026-08-22 09:02:00+00:00,77133.0234375,77133.0234375,77145.6796875,77122.34375,77124.7265625,0
2026-08-22 09:03:00+00:00,77050.0234375,77050.0234375,77102.8828125,77050.0234375,77102.8828125,0
2026-08-22 09:04:00+00:00,77106.0703125,77106.0703125,77106.5234375,77050.96875,77068.4921875,0
2026-08-22 09:05:00+00:00,77128.296875,77128.296875,77128.296875,77070.203125,77102.890625,0
2026-08-22 09:06:00+00:00,77110.5,77110.5,77156.046875,77099.46875,77128.5,0
2026-08-22 09:07:00+00:00,77087.609375,77087.609375,77119.8671875,77083.7734375,77119.8671875,0
2026-08-22 09:08:00+00:00,77133.4296875,77133.4296875,77133.8828125,77083.7578125,77083.78125,0
2026-08-22 09:09:00+00:00,77228.953125,77228.953125,77244.1875,77146.0078125,77146.0078125,0
2026-08-22 09:10:00+00:00,77209.59375,77209.59375,77255.6796875,77201.5390625,77228.9375,0
2026-08-22 09:11:00+00:00,77280.8671875,77280.8671875,77305.328125,77201.9296875,77201.9296875,0
2026-08-22 09:12:00+00:00,77353.6875,77353.6875,77353.6875,77293.8828125,77293.8828125,0
2026-08-22 09:13:00+00:00,77351.1796875,77351.1796875,77351.1796875,77327.8203125,77348.7265625,0
2026-08-22 09:14:00+00:00,77359.6171875,77359.6171875,77359.6171875,77335.90625,77352.8984375,0
2026-08-22 09:15:00+00:00,77339.71875,77339.71875,77366.7421875,77320.6328125,77366.7421875,0
2026-08-22 09:16:00+00:00,77328.25,77328.25,77332.09375,77305.640625,77332.078125,0
2026-08-22 09:17:00+00:00,77332.9375,77332.9375,77347.3515625,77310.3515625,77310.3515625,0
2026-08-22 09:18:00+00:00,77313.40625,77313.40625,77356.1328125,77310.78125,77332.09375,0
2026-08-22 09:19:00+00:00,77267.1328125,77267.1328125,77309.171875,77263.328125,77309.171875,0
2026-08-22 09:20:00+00:00,77270.9609375,77270.9609375,77286.2421875,77259.5078125,77267.1328125,0
2026-08-22 09:21:00+00:00,77338.7265625,77338.7265625,77343.84375,77271.1015625,77282.40625,0
2026-08-22 09:22:00+00:00,77290.296875,77290.296875,77355.0,77290.296875,77339.3984375,120598528
2026-08-22 09:23:00+00:00,77255.6875,77255.6875,77290.96875,77255.6875,77282.4296875,0
2026-08-22 09:24:00+00:00,77221.296875,77221.296875,77255.6796875,77221.296875,77255.6796875,0
2026-08-22 09:25:00+00:00,77240.390625,77240.390625,77240.390625,77179.640625,77226.4375,0
2026-08-22 09:26:00+00:00,77202.1875,77202.1875,77232.328125,77185.6171875,77232.328125,0
2026-08-22 09:27:00+00:00,77164.0,77164.0,77194.546875,77164.0,77191.0625,134594560
2026-08-22 09:28:00+00:00,77198.3671875,77198.3671875,77198.3671875,77167.953125,77167.953125,7573504
2026-08-22 09:29:00+00:00,77197.0703125,77197.0703125,77217.4765625,77197.0703125,77202.671875,0
2026-08-22 09:30:00+00:00,77200.8515625,77200.8515625,77203.7578125,77169.96875,77203.328125,0
2026-08-22 09:31:00+00:00,77220.28125,77220.28125,77221.296875,77181.609375,77203.1328125,0
2026-08-22 09:32:00+00:00,77204.1015625,77204.1015625,77226.328125,77198.3671875,77226.328125,0
2026-08-22 09:33:00+00:00,77232.7734375,77232.7734375,77242.640625,77196.8828125,77206.0234375,0
2026-08-22 09:34:00+00:00,77183.09375,77183.09375,77217.4921875,77171.6484375,77217.4921875,0
2026-08-22 09:35:00+00:00,77201.578125,77201.578125,77206.59375,77186.90625,77186.90625,0
2026-08-22 09:36:00+00:00,77221.2890625,77221.2890625,77221.2890625,77201.578125,77201.578125,0
2026-08-22 09:37:00+00:00,77183.7109375,77183.7109375,77202.28125,77182.453125,77202.28125,0
2026-08-22 09:38:00+00:00,77165.171875,77165.171875,77194.546875,77165.171875,77175.75,0
2026-08-22 09:39:00+00:00,77152.5390625,77152.5390625,77165.171875,77138.890625,77165.15625,0
2026-08-22 09:40:00+00:00,77178.328125,77178.328125,77182.2578125,77165.15625,77165.15625,0
2026-08-22 09:41:00+00:00,77171.640625,77171.640625,77190.2265625,77171.640625,77178.3203125,0
2026-08-22 09:42:00+00:00,77155.1875,77155.1875,77155.203125,77144.8984375,77149.5,0
2026-08-22 09:43:00+00:00,77184.9921875,77184.9921875,77184.9921875,77156.359375,77163.9921875,110059520
2026-08-22 09:44:00+00:00,77188.859375,77188.859375,77190.7421875,77175.46875,77189.0078125,0
2026-08-22 09:45:00+00:00,77081.609375,77081.609375,77184.75,77076.140625,77184.75,0
2026-08-22 09:46:00+00:00,77041.7578125,77041.7578125,77082.34375,77041.7578125,77069.0,0
2026-08-22 09:47:00+00:00,76888.9609375,76888.9609375,77007.3828125,76835.4921875,77007.3828125,0
2026-08-22 09:48:00+00:00,76988.2890625,76988.2890625,77005.4375,76928.453125,76959.1171875,0
2026-08-22 09:49:00+00:00,76957.0234375,76957.0234375,76969.1875,76923.1171875,76969.1875,0
2026-08-22 09:50:00+00:00,77003.5625,77003.5625,77022.65625,76969.171875,76969.171875,0
2026-08-22 09:51:00+00:00,76848.6171875,76848.6171875,76995.921875,76848.6171875,76995.921875,0
2026-08-22 09:52:00+00:00,76906.1796875,76906.1796875,76953.109375,76896.59375,76896.59375,0
2026-08-22 09:53:00+00:00,76984.4609375,76984.4609375,77009.75,76912.0625,76912.0625,0
2026-08-22 09:54:00+00:00,76911.890625,76911.890625,76988.15625,76911.890625,76974.75,0
2026-08-22 09:55:00+00:00,76960.1875,76960.1875,76960.1875,76908.078125,76919.53125,0
2026-08-22 09:56:00+00:00,76946.2578125,76946.2578125,76965.359375,76930.671875,76955.65625,0
2026-08-22 09:57:00+00:00,76980.640625,76980.640625,77014.7890625,76950.0703125,76950.0703125,0
2026-08-22 09:58:00+00:00,77015.7421875,77015.7421875,77026.4296875,76953.8984375,76986.9375,0
2026-08-22 09:59:00+00:00,77049.3984375,77049.3984375,77049.3984375,77021.953125,77021.953125,0
2026-08-22 10:00:00+00:00,76995.921875,76995.921875,77064.671875,76995.921875,77049.390625,114114560
2026-08-22 10:01:00+00:00,76968.6015625,76968.6015625,76995.9296875,76929.8828125,76995.9296875,0
2026-08-22 10:02:00+00:00,76909.15625,76909.15625,76953.6796875,76909.15625,76942.453125,0
2026-08-22 10:03:00+00:00,76804.140625,76804.140625,76929.8828125,76804.140625,76881.6171875,0
2026-08-22 10:04:00+00:00,76919.171875,76919.171875,76919.171875,76796.4296875,76850.75,0
2026-08-22 10:05:00+00:00,76889.5625,76889.5625,76925.359375,76877.5078125,76925.359375,0
2026-08-22 10:06:00+00:00,76858.390625,76858.390625,76892.4375,76827.8515625,76892.4375,0
2026-08-22 10:07:00+00:00,76860.296875,76860.296875,76894.0078125,76860.296875,76885.140625,0
2026-08-22 10:08:00+00:00,76809.96875,76809.96875,76904.2421875,76809.96875,76872.203125,0
2026-08-22 10:09:00+00:00,76774.3515625,76774.3515625,76816.3671875,76739.2109375,76816.3671875,35385344
2026-08-22 10:10:00+00:00,76849.9609375,76849.9609375,76864.2890625,76766.71875,76783.4921875,0
2026-08-22 10:11:00+00:00,76783.21875,76783.21875,76829.0234375,76774.3671875,76829.0078125,0
2026-08-22 10:12:00+00:00,76729.7109375,76729.7109375,76776.3828125,76728.4921875,76774.359375,97370112
2026-08-22 10:13:00+00:00,76686.5,76686.5,76713.90625,76681.9765625,76713.90625,0
2026-08-22 10:14:00+00:00,76701.78125,76701.78125,76734.6796875,76682.6796875,76706.1328125,4055040
2026-08-22 10:15:00+00:00,76772.8984375,76772.8984375,76772.8984375,76700.2109375,76700.2109375,0
2026-08-22 10:16:00+00:00,76789.6171875,76789.6171875,76806.2109375,76751.390625,76751.390625,0
2026-08-22 10:17:00+00:00,76815.3828125,76815.3828125,76827.84375,76800.546875,76800.546875,0
2026-08-22 10:18:00+00:00,76709.5234375,76709.5234375,76819.390625,76689.328125,76819.390625,0
2026-08-22 10:19:00+00:00,76658.8671875,76658.8671875,76736.171875,76658.8671875,76726.15625,0
2026-08-22 10:20:00+00:00,76698.78125,76698.78125,76710.8984375,76678.8984375,76678.8984375,0
2026-08-22 10:21:00+00:00,76743.328125,76743.328125,76745.6875,76705.7734375,76721.1171875,0
2026-08-22 10:22:00+00:00,76626.34375,76626.34375,76745.6796875,76589.0078125,76745.6796875,0
2026-08-22 10:23:00+00:00,76644.296875,76644.296875,76701.6015625,76524.3515625,76652.1328125,1364787200
2026-08-22 10:24:00+00:00,76602.4609375,76602.4609375,76660.75,76597.7265625,76625.3828125,0
2026-08-22 10:25:00+00:00,76609.2421875,76609.2421875,76625.59375,76569.6484375,76605.2578125,0
2026-08-22 10:26:00+00:00,76652.1328125,76652.1328125,76671.859375,76623.03125,76640.6484375,0
2026-08-22 10:27:00+00:00,76804.921875,76804.921875,76861.1328125,76654.78125,76654.78125,8523776
2026-08-22 10:28:00+00:00,76937.0078125,76937.0078125,76937.0078125,76806.796875,76806.796875,0
2026-08-22 10:29:00+00:00,76918.4765625,76918.4765625,76941.1875,76902.109375,76918.7265625,158830592
2026-08-22 10:30:00+00:00,76904.140625,76904.140625,76915.6875,76851.46875,76905.046875,0
2026-08-22 10:31:00+00:00,76902.2734375,76902.2734375,76944.578125,76902.2734375,76919.5390625,157319168
2026-08-22 10:32:00+00:00,76953.8984375,76953.8984375,76963.9296875,76908.0703125,76908.0703125,0
2026-08-22 10:33:00+00:00,76900.40625,76900.40625,76938.6328125,76871.390625,76938.6328125,0
2026-08-22 10:34:00+00:00,76927.546875,76927.546875,76943.28125,76900.40625,76900.40625,0
2026-08-22 10:35:00+00:00,76975.78125,76975.78125,76975.7890625,76917.5,76917.5,0
2026-08-22 10:36:00+00:00,76974.4375,76974.4375,76978.7578125,76957.7734375,76975.78125,15306752
2026-08-22 10:37:00+00:00,76992.4765625,76992.4765625,77009.0234375,76967.5625,76974.453125,0
2026-08-22 10:38:00+00:00,77032.078125,77032.078125,77032.078125,76991.4765625,76991.4765625,25284608
2026-08-22 10:39:00+00:00,77068.5078125,77068.5078125,77099.0625,77039.4765625,77048.296875,0
2026-08-22 10:40:00+00:00,77137.2578125,77137.2578125,77137.2578125,77066.671875,77066.671875,0
2026-08-22 10:41:00+00:00,77160.171875,77160.171875,77160.171875,77140.4375,77140.4375,9424896
2026-08-22 10:42:00+00:00,77108.328125,77108.328125,77151.359375,77108.328125,77151.359375,0
2026-08-22 10:43:00+00:00,77140.25,77140.25,77144.8984375,77108.3203125,77108.3203125,196186112
2026-08-22 10:44:00+00:00,77144.5625,77144.5625,77158.75,77121.9921875,77133.2109375,0
2026-08-22 10:45:00+00:00,77108.5234375,77108.5234375,77179.3125,77108.5234375,77154.9921875,0
2026-08-22 10:46:00+00:00,77049.3984375,77049.3984375,77108.21875,77030.296875,77108.21875,0
2026-08-22 10:47:00+00:00,77101.0703125,77101.0703125,77106.0,77033.75,77051.4375,0
2026-08-22 10:48:00+00:00,77043.5078125,77043.5078125,77095.2421875,77039.8828125,77095.2421875,0
2026-08-22 10:49:00+00:00,77042.421875,77042.421875,77045.578125,77032.28125,77045.5703125,0
2026-08-22 10:50:00+00:00,77059.5078125,77059.5078125,77072.2890625,77057.0390625,77057.0390625,0
2026-08-22 10:51:00+00:00,77034.4375,77034.4375,77059.5078125,77030.3125,77059.5078125,0
2026-08-22 10:52:00+00:00,77032.28125,77032.28125,77056.59375,77032.2421875,77046.453125,260616192
2026-08-22 10:53:00+00:00,77030.46875,77030.46875,77042.0078125,77030.4609375,77042.0078125,0
2026-08-22 10:54:00+00:00,76981.1484375,76981.1484375,77041.6015625,76976.9921875,77041.6015625,0
2026-08-22 10:55:00+00:00,76931.0078125,76931.0078125,76996.1875,76921.53125,76996.1875,0
2026-08-22 10:56:00+00:00,76900.421875,76900.421875,76944.859375,76892.78125,76944.859375,0
2026-08-22 10:57:00+00:00,76892.2734375,76892.2734375,76915.703125,76887.1328125,76902.1328125,0
2026-08-22 10:58:00+00:00,76946.2578125,76946.2578125,76946.2578125,76892.640625,76892.640625,336539648
2026-08-22 10:59:00+00:00,76964.8828125,76964.8828125,76999.75,76949.0703125,76949.0703125,0
2026-08-22 11:00:00+00:00,76923.3515625,76923.3515625,76982.1015625,76923.3515625,76961.5390625,0
2026-08-22 11:01:00+00:00,76886.2265625,76886.2265625,76900.0,76869.8515625,76900.0,0
2026-08-22 11:02:00+00:00,76855.1015625,76855.1015625,76886.2265625,76854.59375,76886.2265625,18968576
2026-08-22 11:03:00+00:00,76839.6171875,76839.6171875,76854.578125,76809.96875,76854.578125,0
2026-08-22 11:04:00+00:00,76953.8984375,76953.8984375,76953.8984375,76828.0234375,76828.0234375,0
2026-08-22 11:05:00+00:00,77044.9921875,77044.9921875,77044.9921875,76968.421875,76968.421875,0
2026-08-22 11:06:00+00:00,76988.2890625,76988.2890625,77055.0,76988.2890625,77039.7734375,0
2026-08-22 11:07:00+00:00,77006.7265625,77006.7265625,77006.7265625,76973.0,76990.953125,0
2026-08-22 11:08:00+00:00,76903.46875,76903.46875,76995.921875,76903.46875,76995.921875,0
2026-08-22 11:09:00+00:00,76874.46875,76874.46875,76935.5234375,76874.46875,76927.1484375,0
2026-08-22 11:10:00+00:00,76950.3125,76950.3125,76950.3125,76886.46875,76886.46875,0
2026-08-22 11:11:00+00:00,76905.6875,76905.6875,76940.78125,76896.6015625,76930.6015625,0
2026-08-22 11:12:00+00:00,76908.0625,76908.0625,76919.5078125,76906.7109375,76906.7109375,0
2026-08-22 11:13:00+00:00,76884.5390625,76884.5390625,76898.2265625,76884.2265625,76886.09375,0
2026-08-22 11:14:00+00:00,76881.328125,76881.328125,76897.5,76881.328125,76884.546875,0
2026-08-22 11:15:00+00:00,76862.2421875,76862.2421875,76862.2421875,76813.53125,76855.5390625,0
2026-08-22 11:16:00+00:00,76827.84375,76827.84375,76882.25,76822.3125,76882.25,131395584
2026-08-22 11:17:00+00:00,76828.1796875,76828.1796875,76862.296875,76828.1796875,76841.9921875,0
2026-08-22 11:18:00+00:00,76846.4765625,76846.4765625,76853.578125,76822.0078125,76843.1171875,0
2026-08-22 11:19:00+00:00,76820.203125,76820.203125,76852.5390625,76808.7578125,76852.5390625,0
2026-08-22 11:20:00+00:00,76881.3125,76881.3125,76881.3125,76820.1875,76820.1875,0
2026-08-22 11:21:00+00:00,76888.9609375,76888.9609375,76892.7890625,76877.5078125,76881.3125,0
2026-08-22 11:22:00+00:00,76839.359375,76839.359375,76919.28125,76839.359375,76919.28125,0
2026-08-22 11:23:00+00:00,76873.6875,76873.6875,76881.609375,76837.0234375,76837.0234375,28766208
2026-08-22 11:24:00+00:00,76837.9296875,76837.9296875,76879.6796875,76837.9296875,76879.6796875,0
2026-08-22 11:25:00+00:00,76908.0625,76908.0625,76908.0625,76834.3671875,76834.3671875,0
2026-08-22 11:26:00+00:00,76896.59375,76896.59375,76935.078125,76880.7578125,76915.6875,30048256
2026-08-22 11:27:00+00:00,76924.8984375,76924.8984375,76924.8984375,76902.859375,76902.859375,0
2026-08-22 11:28:00+00:00,76942.4375,76942.4375,76967.5234375,76897.2421875,76924.8984375,100061184
2026-08-22 11:29:00+00:00,76974.8203125,76974.8203125,76982.1484375,76942.4375,76942.4375,0
2026-08-22 11:30:00+00:00,76952.203125,76952.203125,76969.1875,76950.09375,76969.1875,0
2026-08-22 11:31:00+00:00,77080.53125,77080.53125,77087.6171875,76937.578125,76950.53125,129490944
2026-08-22 11:32:00+00:00,77035.65625,77035.65625,77077.46875,77026.390625,77077.46875,9977856
2026-08-22 11:33:00+00:00,77046.7890625,77046.7890625,77052.0078125,77030.6484375,77041.4921875,0
2026-08-22 11:34:00+00:00,77087.359375,77087.359375,77087.6015625,77045.7890625,77053.5078125,0
2026-08-22 11:35:00+00:00,77114.34375,77114.34375,77137.2578125,77087.3671875,77087.3671875,0
2026-08-22 11:36:00+00:00,77146.171875,77146.171875,77146.53125,77108.25,77108.25,0
2026-08-22 11:37:00+00:00,77153.296875,77153.296875,77179.2890625,77096.5625,77135.578125,0
2026-08-22 11:38:00+00:00,77134.90625,77134.90625,77152.2890625,77134.8984375,77148.7265625,0
2026-08-22 11:39:00+00:00,77122.0,77122.0,77152.1875,77121.9921875,77134.90625,0
2026-08-22 11:40:00+00:00,77150.9609375,77150.9609375,77150.9609375,77110.53125,77121.9921875,0
2026-08-22 11:41:00+00:00,77132.796875,77132.796875,77155.09375,77132.796875,77144.90625,0
2026-08-22 11:42:00+00:00,77116.9765625,77116.9765625,77123.84375,77107.5390625,77110.5234375,0
2026-08-22 11:43:00+00:00,77126.8125,77126.8125,77137.2578125,77116.96875,77116.96875,0
2026-08-22 11:44:00+00:00,77161.640625,77161.640625,77166.6328125,77118.7109375,77121.9765625,0
2026-08-22 11:45:00+00:00,77187.71875,77187.71875,77196.96875,77144.90625,77159.1484375,0
2026-08-22 11:46:00+00:00,77186.8984375,77186.8984375,77206.0234375,77141.09375,77193.8671875,0
2026-08-22 11:47:00+00:00,77149.7578125,77149.7578125,77196.1015625,77139.34375,77186.890625,0
2026-08-22 11:48:00+00:00,77122.84375,77122.84375,77165.2109375,77099.0625,77149.75,0
2026-08-22 11:49:00+00:00,77094.671875,77094.671875,77122.84375,77094.65625,77122.828125,0
2026-08-22 11:50:00+00:00,77076.7421875,77076.7421875,77087.609375,77065.6484375,77087.609375,0
2026-08-22 11:51:00+00:00,77082.90625,77082.90625,77082.90625,77050.5078125,77065.59375,0
2026-08-22 11:52:00+00:00,77057.0625,77057.0625,77086.59375,77057.0625,77086.59375,0
2026-08-22 11:53:00+00:00,77092.5234375,77092.5234375,77100.3125,77057.046875,77057.0625,0
2026-08-22 11:54:00+00:00,77081.0390625,77081.0390625,77093.7578125,77077.5078125,77092.9375,0
2026-08-22 11:55:00+00:00,77077.5078125,77077.5078125,77087.59375,77077.5,77087.59375,92024832
2026-08-22 11:56:00+00:00,77157.7890625,77157.7890625,77173.5078125,77126.1328125,77131.65625,0
2026-08-22 11:57:00+00:00,77102.890625,77102.890625,77172.6484375,77102.890625,77157.7890625,0
2026-08-22 11:58:00+00:00,77140.59375,77140.59375,77140.59375,77106.7109375,77110.7265625,0
2026-08-22 11:59:00+00:00,77114.3515625,77114.3515625,77134.5078125,77114.3515625,77134.5078125,0
2026-08-22 12:00:00+00:00,77094.0078125,77094.0078125,77120.8671875,77091.4296875,77119.921875,0
2026-08-22 12:01:00+00:00,77186.921875,77186.921875,77186.921875,77069.0078125,77085.4375,0
2026-08-22 12:02:00+00:00,77199.28125,77199.28125,77262.453125,77190.7421875,77190.7421875,0
2026-08-22 12:03:00+00:00,77129.6171875,77129.6171875,77183.109375,77129.6171875,77171.6484375,0
2026-08-22 12:04:00+00:00,77133.9765625,77133.9765625,77137.9375,77106.7109375,77137.9375,0
2026-08-22 12:05:00+00:00,77154.0625,77154.0625,77154.0625,77125.15625,77125.15625,0
2026-08-22 12:06:00+00:00,77234.34375,77234.34375,77234.3515625,77154.0625,77154.0625,0
2026-08-22 12:07:00+00:00,77255.7578125,77255.7578125,77262.171875,77209.8515625,77209.8515625,0
2026-08-22 12:08:00+00:00,77255.6796875,77255.6796875,77256.2734375,77228.9296875,77248.0234375,0
2026-08-22 12:09:00+00:00,77231.7734375,77231.7734375,77255.6796875,77209.8515625,77255.6796875,0
2026-08-22 12:10:00+00:00,77255.6875,77255.6875,77261.4296875,77233.09375,77233.09375,13692928
2026-08-22 12:11:00+00:00,77248.3125,77248.3125,77270.796875,77212.9765625,77228.953125,0
2026-08-22 12:12:00+00:00,77228.953125,77228.953125,77249.59375,77228.953125,77245.09375,0
2026-08-22 12:13:00+00:00,77213.7578125,77213.7578125,77230.09375,77212.9765625,77228.953125,13799424
2026-08-22 12:14:00+00:00,77239.03125,77239.03125,77255.671875,77217.2578125,77217.2578125,0
2026-08-22 12:15:00+00:00,77243.4609375,77243.4609375,77247.828125,77229.7265625,77239.03125,0
2026-08-22 12:16:00+00:00,77266.671875,77266.671875,77273.171875,77235.0078125,77243.4609375,0
2026-08-22 12:17:00+00:00,77221.5625,77221.5625,77262.71875,77221.5625,77262.71875,0
2026-08-22 12:18:00+00:00,77206.0234375,77206.0234375,77217.921875,77194.5703125,77213.7734375,0
2026-08-22 12:19:00+00:00,77238.0,77238.0,77262.078125,77202.796875,77202.796875,16842752
2026-08-22 12:20:00+00:00,77259.5078125,77259.5078125,77269.8125,77251.859375,77255.6796875,0
2026-08-22 12:21:00+00:00,77297.6875,77297.6875,77306.96875,77263.7578125,77266.25,0
2026-08-22 12:22:00+00:00,77274.7890625,77274.7890625,77300.7578125,77274.7890625,77291.3203125,0
2026-08-22 12:23:00+00:00,77265.9375,77265.9375,77280.65625,77257.9375,77262.34375,0
2026-08-22 12:24:00+00:00,77274.46875,77274.46875,77297.703125,77267.953125,77277.640625,0
2026-08-22 12:25:00+00:00,77273.5625,77273.5625,77316.796875,77273.5625,77274.3671875,0
2026-08-22 12:26:00+00:00,77293.65625,77293.65625,77299.1328125,77244.2265625,77263.953125,0
2026-08-22 12:27:00+00:00,77328.2578125,77328.2578125,77333.5234375,77268.40625,77268.40625,0
2026-08-22 12:28:00+00:00,77310.0,77310.0,77335.078125,77310.0,77322.65625,17911808
2026-08-22 12:29:00+00:00,77321.90625,77321.90625,77333.328125,77301.53125,77301.53125,0
2026-08-22 12:30:00+00:00,77300.296875,77300.296875,77324.4375,77287.7890625,77321.8984375,0
2026-08-22 12:31:00+00:00,77254.671875,77254.671875,77328.2578125,77254.671875,77299.8828125,165588992
2026-08-22 12:32:00+00:00,77235.2421875,77235.2421875,77274.78125,77217.4921875,77255.6875,0
2026-08-22 12:33:00+00:00,77243.0625,77243.0625,77247.8515625,77225.1328125,77243.4375,0
2026-08-22 12:34:00+00:00,77217.46875,77217.46875,77243.0703125,77206.0625,77243.0703125,0
2026-08-22 12:35:00+00:00,77200.28125,77200.28125,77225.109375,77193.4765625,77225.109375,0
2026-08-22 12:36:00+00:00,77235.71875,77235.71875,77241.296875,77216.78125,77216.78125,0
2026-08-22 12:37:00+00:00,77259.5,77259.5,77273.5234375,77235.7265625,77235.7265625,0
2026-08-22 12:38:00+00:00,77245.2578125,77245.2578125,77255.28125,77230.3125,77253.8671875,0
2026-08-22 12:39:00+00:00,77251.46875,77251.46875,77251.46875,77223.578125,77247.90625,0
2026-08-22 12:40:00+00:00,77274.7734375,77274.7734375,77274.7734375,77251.9765625,77252.5390625,5832704
2026-08-22 12:41:00+00:00,77278.46875,77278.46875,77278.4765625,77257.140625,77274.78125,0
2026-08-22 12:42:00+00:00,77287.109375,77287.109375,77293.09375,77278.4609375,77278.46875,0
2026-08-22 12:43:00+00:00,77309.9921875,77309.9921875,77309.9921875,77285.5625,77285.5625,0
2026-08-22 12:44:00+00:00,77344.390625,77344.390625,77347.328125,77320.546875,77320.546875,0
2026-08-22 12:45:00+00:00,77360.859375,77360.859375,77362.3671875,77335.90625,77335.90625,0
2026-08-22 12:46:00+00:00,77327.078125,77327.078125,77360.796875,77326.75,77360.796875,0
2026-08-22 12:47:00+00:00,77352.7109375,77352.7109375,77357.7265625,77326.75,77326.75,90419200
2026-08-22 12:48:00+00:00,77356.578125,77356.578125,77373.046875,77354.8125,77356.75,0
2026-08-22 12:49:00+00:00,77343.5625,77343.5625,77347.3671875,77333.0,77347.3671875,0
2026-08-22 12:50:00+00:00,77278.859375,77278.859375,77343.2734375,77277.4765625,77335.90625,0
2026-08-22 12:51:00+00:00,77256.4296875,77256.4296875,77282.5234375,77256.4296875,77278.859375,0
2026-08-22 12:52:00+00:00,77270.3671875,77270.3671875,77293.0234375,77251.8671875,77267.1484375,0
2026-08-22 12:53:00+00:00,77302.7421875,77302.7421875,77303.203125,77267.40625,77272.96875,26836992
2026-08-22 12:54:00+00:00,77312.9609375,77312.9609375,77312.9609375,77293.890625,77303.203125,0
2026-08-22 12:55:00+00:00,77300.7890625,77300.7890625,77317.71875,77293.890625,77301.5234375,122761216
2026-08-22 12:56:00+00:00,77320.6328125,77320.6328125,77329.1015625,77293.890625,77293.890625,0
2026-08-22 12:57:00+00:00,77340.6796875,77340.6796875,77340.6875,77317.3671875,77317.3671875,0
2026-08-22 12:58:00+00:00,77307.8984375,77307.8984375,77338.28125,77307.3515625,77338.28125,0
2026-08-22 12:59:00+00:00,77300.0078125,77300.0078125,77307.8984375,77300.0078125,77307.8984375,4681728
2026-08-22 13:00:00+00:00,77295.5703125,77295.5703125,77307.6328125,77295.5703125,77300.0078125,0
2026-08-22 13:01:00+00:00,77254.6484375,77254.6484375,77286.2421875,77245.4921875,77286.2421875,0
2026-08-22 13:02:00+00:00,77251.859375,77251.859375,77267.1328125,77225.1171875,77245.4921875,0
2026-08-22 13:03:00+00:00,77198.3828125,77198.3828125,77239.171875,77193.7578125,77228.953125,0
2026-08-22 13:04:00+00:00,77220.640625,77220.640625,77224.1171875,77201.671875,77201.671875,0
2026-08-22 13:05:00+00:00,77199.1796875,77199.1796875,77240.9765625,77197.3203125,77231.828125,0
2026-08-22 13:06:00+00:00,77191.1015625,77191.1015625,77220.296875,77190.7421875,77220.296875,0
2026-08-22 13:07:00+00:00,77215.609375,77215.609375,77238.546875,77198.359375,77198.359375,66990080
2026-08-22 13:08:00+00:00,77209.890625,77209.890625,77232.2890625,77209.890625,77215.609375,0
2026-08-22 13:09:00+00:00,77252.7890625,77252.7890625,77252.7890625,77214.65625,77217.2890625,0
2026-08-22 13:10:00+00:00,77242.859375,77242.859375,77252.7890625,77233.3515625,77252.7890625,40902656
2026-08-22 13:11:00+00:00,77227.2421875,77227.2421875,77242.8671875,77205.1796875,77242.8671875,0
2026-08-22 13:12:00+00:00,77241.40625,77241.40625,77241.40625,77228.96875,77232.78125,0
2026-08-22 13:13:00+00:00,77221.5390625,77221.5390625,77239.46875,77213.6796875,77239.46875,0
2026-08-22 13:14:00+00:00,77217.578125,77217.578125,77232.7578125,77217.578125,77232.7578125,0
2026-08-22 13:15:00+00:00,77225.1328125,77225.1328125,77241.078125,77214.7109375,77226.453125,0
2026-08-22 13:16:00+00:00,77238.296875,77238.296875,77248.03125,77225.1171875,77225.1328125,0
2026-08-22 13:17:00+00:00,77159.3125,77159.3125,77238.296875,77151.2421875,77238.296875,80625664
2026-08-22 13:18:00+00:00,77158.109375,77158.109375,77165.5625,77143.453125,77143.453125,0
2026-08-22 13:19:00+00:00,77137.2890625,77137.2890625,77158.109375,77129.6171875,77158.1015625,0
2026-08-22 13:20:00+00:00,77125.7890625,77125.7890625,77137.2890625,77116.8671875,77137.2890625,0
2026-08-22 13:21:00+00:00,77168.1171875,77168.1171875,77168.1171875,77120.0,77120.0,0
2026-08-22 13:22:00+00:00,77129.6171875,77129.6171875,77162.46875,77129.6171875,77162.4609375,0
2026-08-22 13:23:00+00:00,77143.2421875,77143.2421875,77152.5390625,77125.8125,77127.0625,0
2026-08-22 13:24:00+00:00,77170.46875,77170.46875,77174.0625,77143.21875,77143.21875,0
2026-08-22 13:25:00+00:00,77203.5078125,77203.5078125,77244.421875,77170.46875,77170.46875,0
2026-08-22 13:26:00+00:00,77234.0390625,77234.0390625,77235.0,77203.5078125,77215.3515625,15679488
2026-08-22 13:27:00+00:00,77183.078125,77183.078125,77234.0390625,77175.2109375,77234.0390625,0
2026-08-22 13:28:00+00:00,77180.0,77180.0,77184.4609375,77175.46875,77175.46875,1201852416
2026-08-22 13:29:00+00:00,77162.3828125,77162.3828125,77183.3515625,77156.4765625,77179.9921875,0
2026-08-22 13:30:00+00:00,77186.0625,77186.0625,77193.90625,77162.3828125,77162.3828125,0
2026-08-22 13:31:00+00:00,77170.21875,77170.21875,77186.46875,77170.2109375,77186.0625,0
2026-08-22 13:32:00+00:00,77144.0625,77144.0625,77167.828125,77141.09375,77167.828125,0
2026-08-22 13:33:00+00:00,77137.1796875,77137.1796875,77155.3203125,77121.7421875,77142.1484375,0
2026-08-22 13:34:00+00:00,77123.8828125,77123.8828125,77137.171875,77123.8828125,77137.171875,0
2026-08-22 13:35:00+00:00,77118.15625,77118.15625,77133.4375,77115.0234375,77123.8828125,0
2026-08-22 13:36:00+00:00,77112.953125,77112.953125,77123.609375,77104.0234375,77123.609375,0
2026-08-22 13:37:00+00:00,77124.9921875,77124.9921875,77125.0,77101.390625,77106.953125,0
2026-08-22 13:38:00+00:00,77159.09375,77159.09375,77184.3515625,77124.75,77124.75,0
2026-08-22 13:39:00+00:00,77115.953125,77115.953125,77157.890625,77106.0,77157.859375,0
2026-08-22 13:40:00+00:00,77132.7265625,77132.7265625,77133.3125,77114.0390625,77118.1484375,0
2026-08-22 13:41:00+00:00,77165.9921875,77165.9921875,77171.640625,77134.4296875,77134.4296875,0
2026-08-22 13:42:00+00:00,77154.46875,77154.46875,77154.46875,77130.9765625,77152.546875,0
2026-08-22 13:43:00+00:00,77141.703125,77141.703125,77157.7734375,77140.3515625,77154.46875,0
2026-08-22 13:44:00+00:00,77158.4765625,77158.4765625,77158.4765625,77130.0078125,77141.6875,62599168
2026-08-22 13:45:00+00:00,77183.1796875,77183.1796875,77183.1796875,77141.3671875,77148.71875,64397312
2026-08-22 13:46:00+00:00,77189.1015625,77189.1015625,77191.921875,77182.3203125,77191.921875,0
2026-08-22 13:47:00+00:00,77221.21875,77221.21875,77221.5625,77179.4921875,77189.1015625,11247616
2026-08-22 13:48:00+00:00,77267.078125,77267.078125,77278.6015625,77221.2421875,77221.2421875,0
2026-08-22 13:49:00+00:00,77239.1484375,77239.1484375,77256.0,77209.5078125,77256.0,0
2026-08-22 13:50:00+00:00,77287.1171875,77287.1171875,77287.1171875,77255.0078125,77255.0078125,0
2026-08-22 13:51:00+00:00,77335.1875,77335.1875,77335.1875,77267.140625,77278.609375,0
2026-08-22 13:52:00+00:00,77336.21875,77336.21875,77336.2265625,77302.3515625,77309.171875,0
2026-08-22 13:53:00+00:00,77328.2734375,77328.2734375,77359.6328125,77326.7578125,77339.6796875,0
2026-08-22 13:54:00+00:00,77295.71875,77295.71875,77322.15625,77283.640625,77322.15625,0
2026-08-22 13:55:00+00:00,77268.5625,77268.5625,77291.0078125,77267.09375,77286.2421875,0
2026-08-22 13:56:00+00:00,77251.859375,77251.859375,77274.2890625,77251.859375,77274.2890625,0
2026-08-22 13:57:00+00:00,77294.96875,77294.96875,77301.5234375,77251.859375,77251.859375,593920
2026-08-22 13:58:00+00:00,77294.859375,77294.859375,77306.3828125,77290.078125,77294.96875,0
2026-08-22 13:59:00+00:00,77277.296875,77277.296875,77301.5078125,77277.296875,77293.9375,1388544
2026-08-22 14:00:00+00:00,77306.453125,77306.453125,77315.703125,77277.2890625,77277.2890625,0
2026-08-22 14:01:00+00:00,77297.703125,77297.703125,77306.453125,77278.609375,77306.453125,0
2026-08-22 14:02:00+00:00,77249.7421875,77249.7421875,77297.7109375,77248.046875,77297.7109375,0
2026-08-22 14:03:00+00:00,77237.578125,77237.578125,77250.0625,77237.578125,77244.2265625,0
2026-08-22 14:04:00+00:00,77195.59375,77195.59375,77237.578125,77179.28125,77237.578125,0
2026-08-22 14:05:00+00:00,77152.3984375,77152.3984375,77209.28125,77152.3984375,77196.0703125,0
2026-08-22 14:06:00+00:00,77053.3125,77053.3125,77141.578125,77053.3125,77141.578125,0
2026-08-22 14:07:00+00:00,76998.109375,76998.109375,77050.7265625,76992.6328125,77050.7265625,0
2026-08-22 14:08:00+00:00,77049.40625,77049.40625,77053.21875,77019.328125,77019.328125,0
2026-08-22 14:09:00+00:00,77072.328125,77072.328125,77095.109375,77059.859375,77059.859375,0
2026-08-22 14:10:00+00:00,77022.65625,77022.65625,77086.9375,77022.65625,77072.328125,0
2026-08-22 14:11:00+00:00,77077.828125,77077.828125,77077.828125,77025.8828125,77025.8828125,0
2026-08-22 14:12:00+00:00,77058.78125,77058.78125,77074.5078125,77049.296875,77074.5078125,0
2026-08-22 14:13:00+00:00,77079.703125,77079.703125,77087.59375,77053.2265625,77057.21875,13385728
2026-08-22 14:14:00+00:00,77018.9921875,77018.9921875,77061.0,77012.28125,77061.0,0
2026-08-22 14:15:00+00:00,77054.3828125,77054.3828125,77067.390625,77029.3125,77029.3125,0
2026-08-22 14:16:00+00:00,77022.203125,77022.203125,77053.7890625,77008.3515625,77053.7890625,0
2026-08-22 14:17:00+00:00,76974.0625,76974.0625,77022.5390625,76950.078125,77022.5390625,0
2026-08-22 14:18:00+00:00,76984.609375,76984.609375,76984.609375,76954.90625,76975.640625,0
2026-08-22 14:19:00+00:00,76989.796875,76989.796875,77004.8671875,76980.640625,76988.03125,62775296
2026-08-22 14:20:00+00:00,77011.2109375,77011.2109375,77046.1328125,77000.0,77001.3828125,0
2026-08-22 14:21:00+00:00,77034.1171875,77034.1171875,77034.1171875,76999.7421875,76999.7421875,0
2026-08-22 14:22:00+00:00,77001.9375,77001.9375,77030.296875,77001.9375,77030.296875,0
2026-08-22 14:23:00+00:00,77039.09375,77039.09375,77039.09375,76997.7578125,77023.6484375,0
2026-08-22 14:24:00+00:00,77011.609375,77011.609375,77040.6484375,76988.2890625,77040.6484375,0
2026-08-22 14:25:00+00:00,77007.3828125,77007.3828125,77021.28125,77007.3828125,77019.7734375,0
2026-08-22 14:26:00+00:00,77011.5078125,77011.5078125,77020.8671875,77011.5,77020.703125,0
2026-08-22 14:27:00+00:00,77025.0078125,77025.0078125,77025.0078125,76997.0,77011.5078125,0
2026-08-22 14:28:00+00:00,77077.8671875,77077.8671875,77079.9609375,77025.0078125,77025.0078125,0
2026-08-22 14:29:00+00:00,77081.359375,77081.359375,77086.3671875,77073.203125,77073.203125,0
2026-08-22 14:30:00+00:00,77084.0,77084.0,77111.953125,77064.7734375,77086.3671875,0
2026-08-22 14:31:00+00:00,77056.21875,77056.21875,77056.21875,77029.5625,77037.9375,0
2026-08-22 14:32:00+00:00,77084.6875,77084.6875,77090.1015625,77030.1875,77054.2890625,0
2026-08-22 14:33:00+00:00,77112.703125,77112.703125,77146.828125,77079.9609375,77079.9609375,0
2026-08-22 14:34:00+00:00,77133.4296875,77133.4296875,77135.3515625,77111.8828125,77111.8828125,0
2026-08-22 14:35:00+00:00,77075.1796875,77075.1796875,77148.8125,77075.1796875,77133.7265625,0
2026-08-22 14:36:00+00:00,77093.109375,77093.109375,77107.3515625,77077.1328125,77077.1328125,0
2026-08-22 14:37:00+00:00,77090.28125,77090.28125,77098.8828125,77083.7890625,77098.8828125,0
2026-08-22 14:38:00+00:00,77012.6328125,77012.6328125,77092.2109375,77012.6328125,77088.3515625,0
2026-08-22 14:39:00+00:00,76980.5,76980.5,77025.0,76979.3203125,77020.203125,0
2026-08-22 14:40:00+00:00,77016.25,77016.25,77044.609375,76980.6328125,76980.6328125,229687296
2026-08-22 14:41:00+00:00,77007.109375,77007.109375,77016.25,77007.109375,77016.25,0
2026-08-22 14:42:00+00:00,76976.8203125,76976.8203125,77007.1015625,76976.8203125,77007.1015625,0
2026-08-22 14:43:00+00:00,76965.0390625,76965.0390625,77017.8515625,76964.390625,76988.28125,0
2026-08-22 14:44:00+00:00,76947.71875,76947.71875,76982.0234375,76940.2109375,76976.8125,0
2026-08-22 14:45:00+00:00,76963.2890625,76963.2890625,76983.78125,76936.25,76983.78125,0
2026-08-22 14:46:00+00:00,76988.2734375,76988.2734375,76988.2734375,76957.71875,76963.84375,0
2026-08-22 14:47:00+00:00,76976.703125,76976.703125,76994.7421875,76973.0390625,76994.7421875,0
2026-08-22 14:48:00+00:00,76957.7109375,76957.7109375,76981.140625,76947.5390625,76981.140625,0
2026-08-22 14:49:00+00:00,76950.421875,76950.421875,76964.0078125,76950.0,76953.3515625,0
2026-08-22 14:50:00+00:00,76955.703125,76955.703125,76995.921875,76948.5625,76953.15625,0
2026-08-22 14:51:00+00:00,76970.4765625,76970.4765625,76971.9765625,76946.703125,76964.7890625,0
2026-08-22 14:52:00+00:00,76942.078125,76942.078125,76980.640625,76942.078125,76980.640625,0
2026-08-22 14:53:00+00:00,76964.140625,76964.140625,76966.046875,76927.1796875,76937.2578125,0
2026-08-22 14:54:00+00:00,76935.078125,76935.078125,76976.0078125,76935.078125,76964.6875,0
2026-08-22 14:55:00+00:00,76951.0,76951.0,76956.7890625,76937.3828125,76942.3984375,0
2026-08-22 14:56:00+00:00,77015.03125,77015.03125,77023.3828125,76948.78125,76948.78125,0
2026-08-22 14:57:00+00:00,77037.953125,77037.953125,77072.21875,76999.7578125,77007.390625,0
2026-08-22 14:58:00+00:00,76963.796875,76963.796875,77026.4921875,76963.796875,77026.4921875,0
2026-08-22 14:59:00+00:00,76995.59375,76995.59375,76995.921875,76963.7890625,76963.7890625,0
2026-08-22 15:00:00+00:00,76969.1875,76969.1875,77007.3828125,76969.1875,77007.3828125,165179392
2026-08-22 15:01:00+00:00,77022.2109375,77022.2109375,77022.2109375,76942.4375,76942.4375,0
2026-08-22 15:02:00+00:00,77062.140625,77062.140625,77076.140625,77015.03125,77015.03125,0
2026-08-22 15:03:00+00:00,77075.2265625,77075.2265625,77079.8125,77040.859375,77041.8671875,0
2026-08-22 15:04:00+00:00,77007.1875,77007.1875,77079.8203125,76988.2890625,77079.8203125,0
2026-08-22 15:05:00+00:00,77034.109375,77034.109375,77034.109375,76992.109375,77018.84375,0
2026-08-22 15:06:00+00:00,77011.2109375,77011.2109375,77045.578125,77011.2109375,77044.84375,0
2026-08-22 15:07:00+00:00,76997.4921875,76997.4921875,77016.7109375,76978.5390625,77016.7109375,0
2026-08-22 15:08:00+00:00,76986.5234375,76986.5234375,76995.953125,76963.1328125,76995.953125,0
2026-08-22 15:09:00+00:00,76949.40625,76949.40625,76995.921875,76946.890625,76986.5078125,0
2026-08-22 15:10:00+00:00,76990.5625,76990.5625,76990.5625,76934.796875,76949.9765625,0
2026-08-22 15:11:00+00:00,76998.2265625,76998.2265625,77022.6484375,76969.1328125,77018.828125,0
2026-08-22 15:12:00+00:00,76968.796875,76968.796875,76988.84375,76952.46875,76988.3125,0
2026-08-22 15:13:00+00:00,76934.796875,76934.796875,76973.0,76934.796875,76946.828125,0
2026-08-22 15:14:00+00:00,76940.546875,76940.546875,76961.53125,76934.796875,76934.796875,0
2026-08-22 15:15:00+00:00,76921.6171875,76921.6171875,76934.8125,76914.6015625,76934.8125,0
2026-08-22 15:16:00+00:00,76977.296875,76977.296875,76980.640625,76938.40625,76938.40625,0
2026-08-22 15:17:00+00:00,76976.6015625,76976.6015625,76992.1015625,76953.890625,76977.3125,0
2026-08-22 15:18:00+00:00,76943.7421875,76943.7421875,76973.0,76934.8125,76973.0,0
2026-08-22 15:19:00+00:00,76937.1796875,76937.1796875,76947.421875,76937.1796875,76938.921875,0
2026-08-22 15:20:00+00:00,76948.5078125,76948.5078125,76950.0703125,76936.5390625,76937.1875,0
2026-08-22 15:21:00+00:00,76969.7421875,76969.7421875,76969.7421875,76938.6328125,76956.3515625,66625536
2026-08-22 15:22:00+00:00,76887.1328125,76887.1328125,76979.9921875,76887.1328125,76979.9921875,0
2026-08-22 15:23:00+00:00,76963.671875,76963.671875,76963.671875,76884.0078125,76884.0078125,0
2026-08-22 15:24:00+00:00,76984.46875,76984.46875,77007.296875,76972.546875,76972.546875,0
2026-08-22 15:25:00+00:00,76984.453125,76984.453125,76986.4609375,76953.9609375,76986.4609375,0
2026-08-22 15:26:00+00:00,76999.1484375,76999.1484375,77013.8828125,76956.75,76982.5234375,0
2026-08-22 15:27:00+00:00,76984.046875,76984.046875,76992.90625,76973.0078125,76992.90625,0
2026-08-22 15:28:00+00:00,77002.9765625,77002.9765625,77002.9765625,76979.171875,76984.046875,0
2026-08-22 15:29:00+00:00,76965.359375,76965.359375,77008.078125,76965.359375,77008.078125,0
2026-08-22 15:30:00+00:00,76980.6484375,76980.6484375,76996.34375,76962.78125,76971.8984375,0
2026-08-22 15:31:00+00:00,77003.5625,77003.5625,77003.5625,76975.046875,76976.46875,0
2026-08-22 15:32:00+00:00,77018.453125,77018.453125,77031.0390625,77003.546875,77003.5625,0
2026-08-22 15:33:00+00:00,77093.828125,77093.828125,77093.828125,77015.0234375,77024.0078125,0
2026-08-22 15:34:00+00:00,77080.46875,77080.46875,77093.2421875,77057.046875,77093.2421875,219742208
2026-08-22 15:35:00+00:00,77061.3671875,77061.3671875,77087.6015625,77057.3203125,77082.328125,0
2026-08-22 15:36:00+00:00,77010.3828125,77010.3828125,77058.8828125,77000.9296875,77058.8828125,0
2026-08-22 15:37:00+00:00,77054.3203125,77054.3203125,77064.1484375,77022.65625,77022.65625,6266880
2026-08-22 15:38:00+00:00,77015.046875,77015.046875,77049.3984375,77015.0234375,77049.3984375,0
2026-08-22 15:39:00+00:00,77039.8828125,77039.8828125,77039.8828125,77015.0390625,77015.0390625,20381696
2026-08-22 15:40:00+00:00,76999.6328125,76999.6328125,77038.9296875,76997.25,77038.9296875,0
2026-08-22 15:41:00+00:00,77019.4609375,77019.4609375,77039.4609375,77002.703125,77002.703125,0
2026-08-22 15:42:00+00:00,77028.3125,77028.3125,77034.328125,77024.1875,77024.1875,0
2026-08-22 15:43:00+00:00,77023.4375,77023.4375,77032.1171875,77011.0078125,77029.5625,9416704
2026-08-22 15:44:00+00:00,77049.5078125,77049.5078125,77065.53125,77030.2890625,77030.2890625,0
2026-08-22 15:45:00+00:00,77083.5078125,77083.5078125,77084.390625,77064.7265625,77065.828125,0
2026-08-22 15:46:00+00:00,77058.1875,77058.1875,77077.8984375,77058.1875,77076.2421875,0
2026-08-22 15:47:00+00:00,77023.2578125,77023.2578125,77045.59375,77023.25,77045.59375,62816256
2026-08-22 15:48:00+00:00,77033.75,77033.75,77064.0078125,77023.25,77023.25,0
2026-08-22 15:49:00+00:00,76985.609375,76985.609375,77033.75,76980.328125,77033.7421875,0
2026-08-22 15:50:00+00:00,76972.2421875,76972.2421875,76994.671875,76972.2421875,76994.4921875,0
2026-08-22 15:51:00+00:00,76949.5390625,76949.5390625,76985.6484375,76916.2734375,76985.6484375,69414912
2026-08-22 15:52:00+00:00,76950.9765625,76950.9765625,76952.53125,76925.453125,76926.7734375,0
2026-08-22 15:53:00+00:00,76926.7109375,76926.7109375,76959.59375,76926.25,76959.59375,0
2026-08-22 15:54:00+00:00,76950.84375,76950.84375,76966.0234375,76950.828125,76954.5703125,0
2026-08-22 15:55:00+00:00,76984.6015625,76984.6015625,76999.5078125,76957.7578125,76957.7578125,0
2026-08-22 15:56:00+00:00,76976.640625,76976.640625,76988.59375,76955.078125,76984.6015625,0
2026-08-22 15:57:00+00:00,77000.6171875,77000.6171875,77009.9609375,76988.2734375,76988.2734375,0
2026-08-22 15:58:00+00:00,76990.1796875,76990.1796875,77013.6015625,76986.578125,77000.609375,0
2026-08-22 15:59:00+00:00,76970.5625,76970.5625,76990.171875,76963.1875,76990.171875,0
2026-08-22 16:00:00+00:00,76980.6328125,76980.6328125,76994.5390625,76970.859375,76972.4765625,0
2026-08-22 16:01:00+00:00,76967.1484375,76967.1484375,76970.0703125,76945.171875,76967.859375,0
2026-08-22 16:02:00+00:00,76999.75,76999.75,77007.390625,76953.90625,76953.90625,0
2026-08-22 16:03:00+00:00,77012.9375,77012.9375,77018.2265625,76988.921875,76999.75,0
2026-08-22 16:04:00+00:00,77056.1484375,77056.1484375,77056.1484375,77012.9375,77012.9375,0
2026-08-22 16:05:00+00:00,77016.390625,77016.390625,77056.140625,77007.7890625,77056.140625,0
2026-08-22 16:06:00+00:00,77035.0625,77035.0625,77035.0625,77003.5703125,77019.1875,0
2026-08-22 16:07:00+00:00,77034.859375,77034.859375,77053.46875,77034.8515625,77035.0703125,0
2026-08-22 16:08:00+00:00,77041.7734375,77041.7734375,77053.21875,77033.3125,77033.3125,0
2026-08-22 16:09:00+00:00,77010.0703125,77010.0703125,77041.7734375,77010.0703125,77041.7734375,0
2026-08-22 16:10:00+00:00,77007.3828125,77007.3828125,77018.84375,77000.0234375,77010.0703125,65732608
2026-08-22 16:11:00+00:00,77021.75,77021.75,77021.75,77000.0,77003.5703125,0
2026-08-22 16:12:00+00:00,76969.65625,76969.65625,77018.84375,76969.65625,77018.84375,4558848
2026-08-22 16:13:00+00:00,77053.21875,77053.21875,77053.21875,76944.0,76968.671875,0
2026-08-22 16:14:00+00:00,77036.8515625,77036.8515625,77062.59375,77036.8515625,77058.9765625,0
2026-08-22 16:15:00+00:00,77071.53125,77071.53125,77088.9921875,77040.890625,77044.21875,0
2026-08-22 16:16:00+00:00,77095.46875,77095.46875,77110.5078125,77067.40625,77067.40625,0
2026-08-22 16:17:00+00:00,77137.2578125,77137.2578125,77137.2578125,77091.421875,77091.421875,0
2026-08-22 16:18:00+00:00,77146.53125,77146.53125,77156.3671875,77127.140625,77156.3671875,0
2026-08-22 16:19:00+00:00,77164.5703125,77164.5703125,77167.8203125,77130.1328125,77141.453125,0
2026-08-22 16:20:00+00:00,77195.1875,77195.1875,77195.1875,77148.71875,77156.3671875,0
2026-08-22 16:21:00+00:00,77178.8125,77178.8125,77229.0703125,77178.8125,77194.9375,0
2026-08-22 16:22:00+00:00,77202.2109375,77202.2109375,77215.4921875,77173.8828125,77174.3828125,0
2026-08-22 16:23:00+00:00,77202.2421875,77202.2421875,77205.09375,77186.921875,77205.09375,0
2026-08-22 16:24:00+00:00,77197.0078125,77197.0078125,77214.859375,77190.0703125,77198.6484375,0
2026-08-22 16:25:00+00:00,77182.3984375,77182.3984375,77202.09375,77182.3984375,77197.0,0
2026-08-22 16:26:00+00:00,77156.3671875,77156.3671875,77182.40625,77152.546875,77182.40625,0
2026-08-22 16:27:00+00:00,77175.4609375,77175.4609375,77193.46875,77158.28125,77158.28125,0
2026-08-22 16:28:00+00:00,77216.96875,77216.96875,77228.9296875,77179.71875,77179.71875,0
2026-08-22 16:29:00+00:00,77183.90625,77183.90625,77221.2890625,77183.90625,77217.0234375,70295552
2026-08-22 16:30:00+00:00,77194.5625,77194.5625,77194.5625,77168.8671875,77186.9375,0
2026-08-22 16:31:00+00:00,77213.2421875,77213.2421875,77219.2890625,77184.2265625,77184.2265625,0
2026-08-22 16:32:00+00:00,77185.140625,77185.140625,77212.8828125,77184.84375,77212.8828125,0
2026-08-22 16:33:00+00:00,77193.0390625,77193.0390625,77193.0390625,77171.640625,77183.6328125,125321216
2026-08-22 16:34:00+00:00,77186.15625,77186.15625,77200.0,77183.9765625,77194.9765625,0
2026-08-22 16:35:00+00:00,77218.0703125,77218.0703125,77221.0625,77185.0703125,77185.0703125,4993024
2026-08-22 16:36:00+00:00,77292.5703125,77292.5703125,77292.5703125,77232.5703125,77232.5703125,0
2026-08-22 16:37:00+00:00,77282.890625,77282.890625,77282.890625,77255.671875,77278.6015625,0
2026-08-22 16:38:00+00:00,77292.921875,77292.921875,77305.6171875,77271.4609375,77271.4609375,0
2026-08-22 16:39:00+00:00,77306.71875,77306.71875,77323.0390625,77301.53125,77307.953125,0
2026-08-22 16:40:00+00:00,77378.9765625,77378.9765625,77378.9921875,77309.4609375,77309.4609375,0
2026-08-22 16:41:00+00:00,77334.578125,77334.578125,77459.40625,77334.578125,77389.1796875,0
2026-08-22 16:42:00+00:00,77375.3125,77375.3125,77384.0078125,77332.078125,77332.078125,0
2026-08-22 16:43:00+00:00,77400.8515625,77400.8515625,77416.1171875,77370.2890625,77370.2890625,0
2026-08-22 16:44:00+00:00,77380.0078125,77380.0078125,77400.84375,77380.0078125,77400.84375,0
2026-08-22 16:45:00+00:00,77457.8828125,77457.8828125,77457.8828125,77380.0,77380.0,0
2026-08-22 16:46:00+00:00,77458.140625,77458.140625,77534.4921875,77458.140625,77471.578125,0
2026-08-22 16:47:00+00:00,77454.3203125,77454.3203125,77463.78125,77454.3203125,77463.78125,32538624
2026-08-22 16:48:00+00:00,77456.296875,77456.296875,77475.3203125,77455.03125,77458.140625,0
2026-08-22 16:49:00+00:00,77427.59375,77427.59375,77457.8671875,77416.8203125,77457.8671875,0
2026-08-22 16:50:00+00:00,77343.546875,77343.546875,77429.546875,77343.546875,77429.546875,1169268736
2026-08-22 16:51:00+00:00,77363.25,77363.25,77381.75,77354.28125,77354.28125,0
2026-08-22 16:52:00+00:00,77361.640625,77361.640625,77362.2265625,77326.203125,77352.4921875,0
2026-08-22 16:53:00+00:00,77319.6328125,77319.6328125,77365.203125,77319.6328125,77365.203125,0
2026-08-22 16:54:00+00:00,77310.9375,77310.9375,77327.828125,77310.9375,77323.3125,0
2026-08-22 16:55:00+00:00,77316.796875,77316.796875,77336.7265625,77316.796875,77322.6328125,0
2026-08-22 16:56:00+00:00,77308.1328125,77308.1328125,77316.8984375,77303.4375,77312.9921875,0
2026-08-22 16:57:00+00:00,77338.1015625,77338.1015625,77340.9921875,77308.1328125,77308.140625,166305792
2026-08-22 16:58:00+00:00,77340.921875,77340.921875,77343.6171875,77337.453125,77337.453125,71340032
2026-08-22 16:59:00+00:00,77282.4609375,77282.4609375,77328.2734375,77282.4609375,77328.2734375,0
2026-08-22 17:00:00+00:00,77290.75,77290.75,77305.34375,77272.078125,77272.078125,0
2026-08-22 17:01:00+00:00,77320.6171875,77320.6171875,77324.4375,77290.828125,77297.6875,0
2026-08-22 17:02:00+00:00,77290.8671875,77290.8671875,77327.0390625,77285.0078125,77320.609375,0
2026-08-22 17:03:00+00:00,77300.796875,77300.796875,77300.796875,77270.96875,77290.8671875,0
2026-08-22 17:04:00+00:00,77258.453125,77258.453125,77296.046875,77258.453125,77296.046875,0
2026-08-22 17:05:00+00:00,77265.390625,77265.390625,77272.140625,77228.953125,77258.5703125,0
2026-08-22 17:06:00+00:00,77288.7734375,77288.7734375,77293.8828125,77259.5,77259.5,0
2026-08-22 17:07:00+00:00,77298.9765625,77298.9765625,77300.078125,77282.421875,77295.7265625,0
2026-08-22 17:08:00+00:00,77279.5625,77279.5625,77311.8984375,77253.2421875,77310.3515625,0
2026-08-22 17:09:00+00:00,77286.1484375,77286.1484375,77286.1484375,77258.2265625,77279.5703125,63344640
2026-08-22 17:10:00+00:00,77273.71875,77273.71875,77293.8828125,77268.0,77293.8828125,0
2026-08-22 17:11:00+00:00,77292.0625,77292.0625,77293.8828125,77273.2890625,77273.7265625,0
2026-08-22 17:12:00+00:00,77270.9765625,77270.9765625,77297.4921875,77270.96875,77292.0625,0
2026-08-22 17:13:00+00:00,77274.78125,77274.78125,77274.78125,77266.0,77270.9765625,26603520
2026-08-22 17:14:00+00:00,77268.40625,77268.40625,77274.78125,77263.328125,77274.78125,0
2026-08-22 17:15:00+00:00,77278.6015625,77278.6015625,77278.6015625,77270.7265625,77270.7265625,0
2026-08-22 17:16:00+00:00,77283.5,77283.5,77303.640625,77259.5078125,77272.8125,0
2026-08-22 17:17:00+00:00,77271.0234375,77271.0234375,77278.5703125,77270.8515625,77278.5703125,5038080
2026-08-22 17:18:00+00:00,77298.2734375,77298.2734375,77300.203125,77271.0234375,77271.0234375,0
2026-08-22 17:19:00+00:00,77318.0078125,77318.0078125,77318.0078125,77298.2578125,77298.2734375,16916480
2026-08-22 17:20:00+00:00,77294.3515625,77294.3515625,77328.2578125,77282.4296875,77328.2578125,0
2026-08-22 17:21:00+00:00,77310.0078125,77310.0078125,77321.421875,77293.5390625,77305.328125,0
2026-08-22 17:22:00+00:00,77274.953125,77274.953125,77311.453125,77273.5,77310.0234375,0
2026-08-22 17:23:00+00:00,77277.6015625,77277.6015625,77290.046875,77273.1484375,77281.421875,0
2026-08-22 17:24:00+00:00,77275.1796875,77275.1796875,77283.796875,77271.0234375,77277.59375,0
2026-08-22 17:25:00+00:00,77278.6015625,77278.6015625,77286.2578125,77275.171875,77275.171875,0
2026-08-22 17:26:00+00:00,77280.7734375,77280.7734375,77290.859375,77270.9609375,77270.9609375,4911104
2026-08-22 17:27:00+00:00,77268.7421875,77268.7421875,77276.6796875,77264.296875,77276.6796875,0
2026-08-22 17:28:00+00:00,77129.6171875,77129.6171875,77268.7421875,77105.5234375,77268.7265625,158511104
2026-08-22 17:29:00+00:00,77081.53125,77081.53125,77135.2890625,77072.328125,77135.2890625,0
2026-08-22 17:30:00+00:00,77151.8671875,77151.8671875,77151.8671875,77095.2421875,77095.2421875,5099520
2026-08-22 17:31:00+00:00,77185.75,77185.75,77185.75,77142.2421875,77142.2421875,0
2026-08-22 17:32:00+00:00,77191.4765625,77191.4765625,77191.4765625,77167.8203125,77185.7578125,0
2026-08-22 17:33:00+00:00,77175.5625,77175.5625,77183.96875,77164.5625,77183.96875,0
2026-08-22 17:34:00+00:00,77161.5234375,77161.5234375,77177.2265625,77156.359375,77175.6328125,0
2026-08-22 17:35:00+00:00,77193.328125,77193.328125,77193.328125,77165.0625,77165.0625,0
2026-08-22 17:36:00+00:00,77164.4921875,77164.4921875,77191.046875,77164.4921875,77191.046875,0
2026-08-22 17:37:00+00:00,77148.0234375,77148.0234375,77161.5078125,77146.65625,77160.1875,0
2026-08-22 17:38:00+00:00,77160.171875,77160.171875,77162.9921875,77146.65625,77148.328125,0
2026-08-22 17:39:00+00:00,77114.3515625,77114.3515625,77160.1796875,77114.3515625,77160.1796875,0
2026-08-22 17:40:00+00:00,77172.5390625,77172.5390625,77175.3671875,77100.71875,77100.71875,19984384
2026-08-22 17:41:00+00:00,77193.53125,77193.53125,77195.4609375,77181.421875,77181.421875,0
2026-08-22 17:42:00+00:00,77194.5703125,77194.5703125,77211.546875,77193.53125,77193.53125,0
2026-08-22 17:43:00+00:00,77197.2109375,77197.2109375,77202.84375,77167.84375,77197.6796875,0
2026-08-22 17:44:00+00:00,77212.796875,77212.796875,77212.796875,77197.203125,77197.203125,0
2026-08-22 17:45:00+00:00,77234.1796875,77234.1796875,77234.1796875,77208.2421875,77212.7890625,0
2026-08-22 17:46:00+00:00,77239.96875,77239.96875,77244.2265625,77224.828125,77234.171875,12406784
2026-08-22 17:47:00+00:00,77263.7109375,77263.7109375,77266.3515625,77240.3984375,77248.5625,0
2026-08-22 17:48:00+00:00,77274.7265625,77274.7265625,77278.5,77267.8984375,77267.8984375,0
2026-08-22 17:49:00+00:00,77280.1875,77280.1875,77302.34375,77265.0,77267.1484375,0
2026-08-22 17:50:00+00:00,77344.25,77344.25,77344.25,77276.2109375,77276.2109375,0
2026-08-22 17:51:00+00:00,77361.421875,77361.421875,77367.140625,77351.171875,77351.171875,0
2026-08-22 17:52:00+00:00,77307.7265625,77307.7265625,77343.546875,77307.7265625,77343.546875,0
2026-08-22 17:53:00+00:00,77295.9921875,77295.9921875,77297.7109375,77271.421875,77297.7109375,83513344
2026-08-22 17:54:00+00:00,77296.8125,77296.8125,77296.8125,77286.0078125,77291.7265625,0
2026-08-22 17:55:00+00:00,77278.8125,77278.8125,77299.0078125,77278.8125,77298.359375,0
2026-08-22 17:56:00+00:00,77278.1796875,77278.1796875,77286.2265625,77263.828125,77267.1484375,0
2026-08-22 17:57:00+00:00,77290.0703125,77290.0703125,77297.8515625,77276.2265625,77276.6171875,0
2026-08-22 17:58:00+00:00,77277.84375,77277.84375,77291.90625,77273.4296875,77287.59375,114294784
2026-08-22 17:59:00+00:00,77270.5234375,77270.5234375,77283.28125,77265.359375,77280.8828125,0
2026-08-22 18:00:00+00:00,77268.78125,77268.78125,77283.2578125,77265.0078125,77270.53125,59555840
2026-08-22 18:01:00+00:00,77286.1875,77286.1875,77286.203125,77276.078125,77285.7890625,0
2026-08-22 18:02:00+00:00,77299.0,77299.0,77299.0078125,77276.5390625,77286.203125,0
2026-08-22 18:03:00+00:00,77310.890625,77310.890625,77310.890625,77299.0,77299.0078125,0
2026-08-22 18:04:00+00:00,77347.1875,77347.1875,77353.5,77316.4296875,77316.4296875,0
2026-08-22 18:05:00+00:00,77355.0625,77355.0625,77355.1875,77351.15625,77353.4921875,0
2026-08-22 18:06:00+00:00,77333.0,77333.0,77357.5,77333.0,77357.5,17604608
2026-08-22 18:07:00+00:00,77303.328125,77303.328125,77339.6484375,77303.328125,77333.0,0
2026-08-22 18:08:00+00:00,77284.4921875,77284.4921875,77309.46875,77284.4921875,77302.7734375,0
2026-08-22 18:09:00+00:00,77242.703125,77242.703125,77291.890625,77242.703125,77291.6875,0
2026-08-22 18:10:00+00:00,77237.9921875,77237.9921875,77268.34375,77237.9921875,77242.7109375,0
2026-08-22 18:11:00+00:00,77209.8515625,77209.8515625,77232.7734375,77209.8515625,77232.7734375,0
2026-08-22 18:12:00+00:00,77216.2109375,77216.2109375,77216.2109375,77212.7421875,77215.5390625,0
2026-08-22 18:13:00+00:00,77240.390625,77240.390625,77240.390625,77213.1796875,77213.1796875,174669824
2026-08-22 18:14:00+00:00,77240.390625,77240.390625,77240.390625,77236.5,77236.578125,0
2026-08-22 18:15:00+00:00,77266.0625,77266.0625,77270.5703125,77238.84375,77238.84375,0
2026-08-22 18:16:00+00:00,77283.5,77283.5,77291.6875,77263.5,77266.0625,0
2026-08-22 18:17:00+00:00,77263.890625,77263.890625,77283.5,77243.03125,77283.5,0
2026-08-22 18:18:00+00:00,77267.3671875,77267.3671875,77294.421875,77263.890625,77263.890625,125411328
2026-08-22 18:19:00+00:00,77280.578125,77280.578125,77294.40625,77274.84375,77274.84375,0
2026-08-22 18:20:00+00:00,77282.96875,77282.96875,77293.8671875,77267.1484375,77267.1484375,66150400
2026-08-22 18:21:00+00:00,77293.84375,77293.84375,77293.84375,77282.96875,77284.5390625,0
2026-08-22 18:22:00+00:00,77332.09375,77332.09375,77342.8984375,77293.84375,77293.84375,0
2026-08-22 18:23:00+00:00,77311.71875,77311.71875,77329.1171875,77311.71875,77328.2734375,0
2026-08-22 18:24:00+00:00,77310.0,77310.0,77311.7109375,77305.3515625,77311.7109375,0
2026-08-22 18:25:00+00:00,77309.9765625,77309.9765625,77309.9765625,77303.2734375,77303.2734375,0
2026-08-22 18:26:00+00:00,77306.78125,77306.78125,77329.8828125,77306.78125,77309.9765625,0
2026-08-22 18:27:00+00:00,77308.4765625,77308.4765625,77308.4765625,77301.2421875,77306.78125,0
2026-08-22 18:28:00+00:00,77301.53125,77301.53125,77312.9765625,77301.5234375,77309.8828125,0
2026-08-22 18:29:00+00:00,77295.28125,77295.28125,77300.0234375,77278.6015625,77299.5078125,0
2026-08-22 18:30:00+00:00,77288.5078125,77288.5078125,77295.6875,77288.5078125,77295.28125,0
2026-08-22 18:31:00+00:00,77290.046875,77290.046875,77290.0625,77275.59375,77288.5234375,147185664
2026-08-22 18:32:00+00:00,77286.7734375,77286.7734375,77290.046875,77275.578125,77278.609375,0
2026-08-22 18:33:00+00:00,77272.1328125,77272.1328125,77306.6015625,77272.1328125,77289.2734375,0
2026-08-22 18:34:00+00:00,77324.796875,77324.796875,77324.796875,77280.0390625,77280.0390625,0
2026-08-22 18:35:00+00:00,77290.046875,77290.046875,77316.6171875,77272.671875,77309.171875,23191552
2026-08-22 18:36:00+00:00,77271.6875,77271.6875,77291.8515625,77255.6875,77291.7578125,0
2026-08-22 18:37:00+00:00,77283.0234375,77283.0234375,77294.78125,77258.390625,77271.6796875,0
2026-08-22 18:38:00+00:00,77273.6015625,77273.6015625,77280.328125,77267.1484375,77275.7578125,0
2026-08-22 18:39:00+00:00,77256.921875,77256.921875,77276.453125,77256.921875,77273.6015625,0
2026-08-22 18:40:00+00:00,77218.0078125,77218.0078125,77263.3125,77218.0078125,77263.3125,0
2026-08-22 18:41:00+00:00,77252.2265625,77252.2265625,77274.78125,77236.4921875,77236.4921875,0
2026-08-22 18:42:00+00:00,77259.390625,77259.390625,77267.140625,77256.03125,77256.03125,0
2026-08-22 18:43:00+00:00,77253.609375,77253.609375,77259.8828125,77248.046875,77259.3984375,0
2026-08-22 18:44:00+00:00,77218.0078125,77218.0078125,77244.2265625,77218.0078125,77244.2265625,0
2026-08-22 18:45:00+00:00,77180.171875,77180.171875,77234.46875,77179.28125,77216.7890625,0
2026-08-22 18:46:00+00:00,77221.296875,77221.296875,77221.296875,77183.109375,77191.28125,0
2026-08-22 18:47:00+00:00,77206.03125,77206.03125,77215.5234375,77194.5625,77202.203125,0
2026-08-22 18:48:00+00:00,77198.3671875,77198.3671875,77208.84375,77175.0703125,77208.84375,0
2026-08-22 18:49:00+00:00,77208.5,77208.5,77220.109375,77198.359375,77198.359375,0
2026-08-22 18:50:00+00:00,77187.5625,77187.5625,77202.2109375,77179.390625,77202.2109375,0
2026-08-22 18:51:00+00:00,77168.3515625,77168.3515625,77189.703125,77163.2578125,77184.0625,0
2026-08-22 18:52:00+00:00,77152.9375,77152.9375,77169.6328125,77152.9375,77168.3515625,0
2026-08-22 18:53:00+00:00,77133.9609375,77133.9609375,77157.140625,77133.9609375,77157.140625,0
2026-08-22 18:54:00+00:00,77203.8984375,77203.8984375,77207.75,77133.9765625,77133.9765625,0
2026-08-22 18:55:00+00:00,77191.8828125,77191.8828125,77203.90625,77191.8828125,77203.90625,0
2026-08-22 18:56:00+00:00,77228.4375,77228.4375,77228.9296875,77193.4296875,77193.4296875,0
2026-08-22 18:57:00+00:00,77230.0,77230.0,77230.0,77228.921875,77228.921875,0
2026-08-22 18:58:00+00:00,77250.9609375,77250.9609375,77250.9609375,77229.9921875,77229.9921875,0
2026-08-22 18:59:00+00:00,77261.921875,77261.921875,77268.6875,77250.953125,77250.953125,0
2026-08-22 19:00:00+00:00,77277.4296875,77277.4296875,77277.4296875,77245.4921875,77261.921875,0
2026-08-22 19:01:00+00:00,77280.0,77280.0,77280.0,77240.3984375,77240.3984375,66289664
2026-08-22 19:02:00+00:00,77288.546875,77288.546875,77294.8984375,77279.9921875,77280.0,0
2026-08-22 19:03:00+00:00,77278.28125,77278.28125,77284.8671875,77271.1015625,77277.140625,0
2026-08-22 19:04:00+00:00,77250.890625,77250.890625,77279.0390625,77250.890625,77279.0390625,0
2026-08-22 19:05:00+00:00,77262.4296875,77262.4296875,77265.21875,77250.890625,77250.890625,81539072
2026-08-22 19:06:00+00:00,77240.90625,77240.90625,77262.4296875,77240.40625,77262.4296875,0
2026-08-22 19:07:00+00:00,77221.3125,77221.3125,77236.578125,77221.3125,77236.578125,0
2026-08-22 19:08:00+00:00,77209.84375,77209.84375,77231.8125,77196.7265625,77229.0078125,0
2026-08-22 19:09:00+00:00,77263.3125,77263.3125,77263.3125,77211.25,77211.25,0
2026-08-22 19:10:00+00:00,77275.671875,77275.671875,77275.671875,77240.3984375,77270.953125,67411968
2026-08-22 19:11:00+00:00,77282.421875,77282.421875,77282.421875,77267.140625,77275.671875,0
2026-08-22 19:12:00+00:00,77282.4296875,77282.4296875,77298.6875,77277.3828125,77277.3828125,0
2026-08-22 19:13:00+00:00,77327.140625,77327.140625,77330.703125,77288.3515625,77288.3515625,311296
2026-08-22 19:14:00+00:00,77328.0078125,77328.0078125,77345.890625,77327.1328125,77327.546875,0
2026-08-22 19:15:00+00:00,77338.9375,77338.9375,77339.71875,77328.0,77328.0,165863424
2026-08-22 19:16:00+00:00,77304.5078125,77304.5078125,77343.53125,77301.53125,77339.703125,0
2026-08-22 19:17:00+00:00,77303.4609375,77303.4609375,77316.7890625,77301.53125,77302.90625,3796992
2026-08-22 19:18:00+00:00,77328.25,77328.25,77328.25,77293.890625,77293.890625,0
2026-08-22 19:19:00+00:00,77286.2421875,77286.2421875,77328.6875,77263.328125,77320.34375,0
2026-08-22 19:20:00+00:00,77285.34375,77285.34375,77291.2421875,77277.3671875,77291.2421875,0
2026-08-22 19:21:00+00:00,77270.296875,77270.296875,77285.34375,77270.0078125,77285.34375,0
2026-08-22 19:22:00+00:00,77261.34375,77261.34375,77273.78125,77260.4765625,77270.296875,0
2026-08-22 19:23:00+00:00,77289.9921875,77289.9921875,77290.0,77261.328125,77261.328125,5091328
2026-08-22 19:24:00+00:00,77275.890625,77275.890625,77301.6015625,77271.7578125,77290.0,0
2026-08-22 19:25:00+00:00,77262.9765625,77262.9765625,77276.9296875,77262.96875,77267.421875,0
2026-08-22 19:26:00+00:00,77293.28125,77293.28125,77293.8671875,77250.0,77262.96875,59518976
2026-08-22 19:27:00+00:00,77287.9765625,77287.9765625,77306.4375,77275.796875,77297.703125,0
2026-08-22 19:28:00+00:00,77288.046875,77288.046875,77294.0234375,77284.390625,77284.390625,123027456
2026-08-22 19:29:00+00:00,77284.5625,77284.5625,77289.6796875,77278.6015625,77289.6796875,0
2026-08-22 19:30:00+00:00,77293.8828125,77293.8828125,77297.703125,77283.0,77283.0078125,0
2026-08-22 19:31:00+00:00,77315.03125,77315.03125,77315.03125,77299.9921875,77300.0,0
2026-08-22 19:32:00+00:00,77341.90625,77341.90625,77341.90625,77317.078125,77317.078125,68354048
2026-08-22 19:33:00+00:00,77324.4375,77324.4375,77350.8515625,77324.4375,77340.3125,0
2026-08-22 19:34:00+00:00,77323.0078125,77323.0078125,77332.078125,77323.0078125,77324.453125,0
2026-08-22 19:35:00+00:00,77339.109375,77339.109375,77339.7265625,77329.0390625,77330.8984375,0
2026-08-22 19:36:00+00:00,77332.078125,77332.078125,77340.453125,77332.078125,77339.109375,0
2026-08-22 19:37:00+00:00,77357.6796875,77357.6796875,77357.6796875,77332.078125,77332.078125,0
2026-08-22 19:38:00+00:00,77378.15625,77378.15625,77382.296875,77357.6796875,77357.6796875,0
2026-08-22 19:39:00+00:00,77362.59375,77362.59375,77380.8515625,77342.6328125,77380.8515625,17453056
2026-08-22 19:40:00+00:00,77377.9296875,77377.9296875,77377.9296875,77349.1015625,77349.1015625,0
2026-08-22 19:41:00+00:00,77350.96875,77350.96875,77379.8671875,77350.3125,77379.8671875,0
2026-08-22 19:42:00+00:00,77357.328125,77357.328125,77365.8203125,77352.8125,77352.8125,0
2026-08-22 19:43:00+00:00,77424.75,77424.75,77424.75,77355.0078125,77357.34375,0
2026-08-22 19:44:00+00:00,77422.8515625,77422.8515625,77422.8515625,77395.46875,77419.953125,0
2026-08-22 19:45:00+00:00,77415.7890625,77415.7890625,77429.359375,77412.84375,77427.9609375,0
2026-08-22 19:46:00+00:00,77449.3671875,77449.3671875,77449.3671875,77404.65625,77404.65625,12681216
2026-08-22 19:47:00+00:00,77444.71875,77444.71875,77451.90625,77439.046875,77450.15625,0
2026-08-22 19:48:00+00:00,77435.953125,77435.953125,77445.6328125,77430.2265625,77444.7109375,0
2026-08-22 19:49:00+00:00,77437.109375,77437.109375,77445.453125,77435.9609375,77435.9609375,0
2026-08-22 19:50:00+00:00,77458.8203125,77458.8203125,77458.8203125,77437.109375,77437.109375,0
2026-08-22 19:51:00+00:00,77468.8984375,77468.8984375,77475.78125,77458.8203125,77458.8203125,0
2026-08-22 19:52:00+00:00,77454.59375,77454.59375,77463.0703125,77446.4921875,77462.84375,0
2026-08-22 19:53:00+00:00,77464.453125,77464.453125,77468.5625,77449.5,77454.578125,7860224
2026-08-22 19:54:00+00:00,77453.3828125,77453.3828125,77462.53125,77449.5,77462.53125,0
2026-08-22 19:55:00+00:00,77453.5078125,77453.5078125,77453.5078125,77453.3671875,77453.3671875,0
2026-08-22 19:56:00+00:00,77461.1484375,77461.1484375,77461.1484375,77440.0078125,77458.1328125,0
2026-08-22 19:57:00+00:00,77450.4765625,77450.4765625,77458.40625,77450.4375,77452.0234375,0
2026-08-22 19:58:00+00:00,77445.7265625,77445.7265625,77453.59375,77445.7265625,77450.46875,0
2026-08-22 19:59:00+00:00,77419.9375,77419.9375,77442.3203125,77419.9375,77442.3203125,0
2026-08-22 20:00:00+00:00,77408.4765625,77408.4765625,77435.0,77408.4765625,77421.578125,77516800
2026-08-22 20:01:00+00:00,77400.0078125,77400.0078125,77410.1015625,77400.0,77408.4921875,0
2026-08-22 20:02:00+00:00,77375.1171875,77375.1171875,77400.0,77375.1171875,77400.0,73519104
2026-08-22 20:03:00+00:00,77368.84375,77368.84375,77383.4609375,77363.578125,77375.1171875,0
2026-08-22 20:04:00+00:00,77397.171875,77397.171875,77404.078125,77371.5078125,77371.5078125,0
2026-08-22 20:05:00+00:00,77377.921875,77377.921875,77398.21875,77377.921875,77398.2109375,0
2026-08-22 20:06:00+00:00,77408.1328125,77408.1328125,77408.1328125,77376.7578125,77376.7578125,0
2026-08-22 20:07:00+00:00,77412.25,77412.25,77413.6875,77401.2109375,77408.7734375,76886016
2026-08-22 20:08:00+00:00,77431.3984375,77431.3984375,77431.3984375,77412.2421875,77412.2421875,0
2026-08-22 20:09:00+00:00,77425.3125,77425.3125,77442.859375,77425.296875,77431.3984375,0
2026-08-22 20:10:00+00:00,77450.5,77450.5,77450.5,77425.3125,77425.3125,0
2026-08-22 20:11:00+00:00,77459.640625,77459.640625,77459.640625,77446.40625,77450.4921875,0
2026-08-22 20:12:00+00:00,77433.6875,77433.6875,77448.84375,77427.6015625,77448.84375,0
2026-08-22 20:13:00+00:00,77439.640625,77439.640625,77458.7109375,77433.703125,77433.703125,0
2026-08-22 20:14:00+00:00,77411.4609375,77411.4609375,77432.9921875,77411.453125,77432.9921875,0
2026-08-22 20:15:00+00:00,77412.65625,77412.65625,77427.578125,77411.453125,77419.9375,0
2026-08-22 20:16:00+00:00,77415.1015625,77415.1015625,77425.5625,77406.96875,77412.671875,0
2026-08-22 20:17:00+00:00,77381.75,77381.75,77427.1328125,77381.75,77423.7578125,0
2026-08-22 20:18:00+00:00,77353.6328125,77353.6328125,77382.1171875,77349.4296875,77382.1171875,67686400
2026-08-22 20:19:00+00:00,77344.1875,77344.1875,77357.25,77344.1875,77349.9296875,66150400
2026-08-22 20:20:00+00:00,77329.140625,77329.140625,77341.84375,77328.2734375,77341.84375,0
2026-08-22 20:21:00+00:00,77321.2265625,77321.2265625,77330.75,77321.2265625,77329.140625,0
2026-08-22 20:22:00+00:00,77324.09375,77324.09375,77328.2578125,77321.2265625,77321.2265625,0
2026-08-22 20:23:00+00:00,77339.71875,77339.71875,77341.4921875,77322.0,77322.0,64040960
2026-08-22 20:24:00+00:00,77331.71875,77331.71875,77337.546875,77320.640625,77337.546875,0
2026-08-22 20:25:00+00:00,77347.2890625,77347.2890625,77347.3125,77331.7109375,77331.7109375,0
2026-08-22 20:26:00+00:00,77343.9765625,77343.9765625,77347.296875,77343.9765625,77347.296875,0
2026-08-22 20:27:00+00:00,77325.328125,77325.328125,77343.9921875,77325.3203125,77343.9921875,14917632
2026-08-22 20:28:00+00:00,77311.578125,77311.578125,77325.4375,77304.78125,77325.3203125,39862272
2026-08-22 20:29:00+00:00,77298.5,77298.5,77309.9765625,77298.5,77309.96875,0
2026-08-22 20:30:00+00:00,77323.421875,77323.421875,77324.4296875,77300.0234375,77300.0234375,0
2026-08-22 20:31:00+00:00,77278.4609375,77278.4609375,77320.59375,77278.4609375,77320.59375,0
2026-08-22 20:32:00+00:00,77278.9296875,77278.9296875,77286.2265625,77276.9921875,77278.46875,0
2026-08-22 20:33:00+00:00,77269.28125,77269.28125,77290.0625,77260.0078125,77290.046875,0
2026-08-22 20:34:00+00:00,77274.7890625,77274.7890625,77285.3125,77271.2421875,77279.953125,0
2026-08-22 20:35:00+00:00,77278.9609375,77278.9609375,77289.78125,77271.2421875,77279.9609375,4005888
2026-08-22 20:36:00+00:00,77299.6484375,77299.6484375,77299.6484375,77273.96875,77278.9609375,0
2026-08-22 20:37:00+00:00,77309.1484375,77309.1484375,77309.15625,77299.640625,77299.640625,1216512
2026-08-22 20:38:00+00:00,77312.8515625,77312.8515625,77312.8515625,77292.28125,77309.15625,0
2026-08-22 20:39:00+00:00,77382.6875,77382.6875,77382.6875,77314.3984375,77314.3984375,0
2026-08-22 20:40:00+00:00,77355.8125,77355.8125,77400.84375,77347.6796875,77380.84375,0
2026-08-22 20:41:00+00:00,77358.6328125,77358.6328125,77371.5390625,77350.828125,77350.828125,68456448
2026-08-22 20:42:00+00:00,77338.1796875,77338.1796875,77378.8828125,77338.1796875,77355.0,0
2026-08-22 20:43:00+00:00,77351.171875,77351.171875,77354.0,77340.90625,77340.90625,0
2026-08-22 20:44:00+00:00,77358.8125,77358.8125,77358.8125,77343.5390625,77353.109375,0
2026-08-22 20:45:00+00:00,77376.6875,77376.6875,77376.6875,77358.8125,77358.8125,19488768
2026-08-22 20:46:00+00:00,77358.859375,77358.859375,77379.5234375,77358.859375,77365.53125,2736128
2026-08-22 20:47:00+00:00,77347.359375,77347.359375,77362.8671875,77347.359375,77358.859375,0
2026-08-22 20:48:00+00:00,77346.7890625,77346.7890625,77347.3671875,77346.7734375,77347.3671875,45412352
2026-08-22 20:49:00+00:00,77348.2734375,77348.2734375,77348.2734375,77344.390625,77346.78125,73240576
2026-08-22 20:50:00+00:00,77331.0390625,77331.0390625,77348.2734375,77331.03125,77348.2734375,454656
2026-08-22 20:51:00+00:00,77330.3828125,77330.3828125,77331.03125,77323.3203125,77331.03125,0
2026-08-22 20:52:00+00:00,77328.6328125,77328.6328125,77330.7578125,77328.6328125,77330.75,0
2026-08-22 20:53:00+00:00,77317.59375,77317.59375,77323.21875,77316.4765625,77316.4765625,1024000
2026-08-22 20:54:00+00:00,77319.046875,77319.046875,77324.4375,77317.59375,77317.6015625,38617088
2026-08-22 20:55:00+00:00,77310.109375,77310.109375,77317.6015625,77293.890625,77317.6015625,0
2026-08-22 20:56:00+00:00,77269.9296875,77269.9296875,77310.109375,77264.2890625,77310.1015625,0
2026-08-22 20:57:00+00:00,77293.8671875,77293.8671875,77296.953125,77263.328125,77274.9296875,0
2026-08-22 20:58:00+00:00,77305.34375,77305.34375,77305.34375,77293.8671875,77293.8671875,0
2026-08-22 20:59:00+00:00,77312.9765625,77312.9765625,77326.4921875,77309.09375,77309.09375,9490432
2026-08-22 21:00:00+00:00,77267.140625,77267.140625,77312.2109375,77267.140625,77311.2265625,0
2026-08-22 21:01:00+00:00,77199.140625,77199.140625,77251.953125,77198.359375,77251.953125,226533376
2026-08-22 21:02:00+00:00,77125.8125,77125.8125,77186.9296875,77112.140625,77186.9296875,0
2026-08-22 21:03:00+00:00,77111.0625,77111.0625,77126.3984375,77095.25,77113.4921875,0
2026-08-22 21:04:00+00:00,77080.59375,77080.59375,77119.9921875,77040.21875,77116.53125,95727616
2026-08-22 21:05:00+00:00,77115.4296875,77115.4296875,77126.9765625,77084.859375,77084.859375,0
2026-08-22 21:06:00+00:00,77101.5234375,77101.5234375,77124.53125,77100.0078125,77115.4296875,0
2026-08-22 21:07:00+00:00,77118.15625,77118.15625,77126.9765625,77114.703125,77115.34375,0
2026-08-22 21:08:00+00:00,77148.5390625,77148.5390625,77155.1484375,77106.703125,77106.703125,0
2026-08-22 21:09:00+00:00,77136.9609375,77136.9609375,77145.0,77133.4375,77145.0,0
2026-08-22 21:10:00+00:00,77146.171875,77146.171875,77148.7109375,77136.9609375,77136.9609375,0
2026-08-22 21:11:00+00:00,77076.1484375,77076.1484375,77124.0,77063.5390625,77124.0,0
2026-08-22 21:12:00+00:00,77057.046875,77057.046875,77079.953125,77046.0,77066.6484375,83255296
2026-08-22 21:13:00+00:00,77085.171875,77085.171875,77087.8203125,77066.828125,77066.828125,0
2026-08-22 21:14:00+00:00,77048.140625,77048.140625,77076.140625,77046.6796875,77071.609375,0
2026-08-22 21:15:00+00:00,77103.7578125,77103.7578125,77103.7578125,77060.3203125,77060.3203125,0
2026-08-22 21:16:00+00:00,77136.109375,77136.109375,77141.0703125,77110.46875,77110.46875,2600960
2026-08-22 21:17:00+00:00,77165.703125,77165.703125,77165.703125,77121.9921875,77136.109375,64602112
2026-08-22 21:18:00+00:00,77175.71875,77175.71875,77199.109375,77170.8125,77199.109375,0
2026-08-22 21:19:00+00:00,77190.2421875,77190.2421875,77190.2421875,77166.7109375,77175.71875,0
2026-08-22 21:20:00+00:00,77204.6796875,77204.6796875,77209.6015625,77190.2421875,77190.2421875,0
2026-08-22 21:21:00+00:00,77149.0234375,77149.0234375,77208.703125,77138.6484375,77204.6796875,201617408
2026-08-22 21:22:00+00:00,77178.25,77178.25,77178.25,77143.59375,77144.03125,0
2026-08-22 21:23:00+00:00,77171.640625,77171.640625,77172.8828125,77155.671875,77172.8828125,0
2026-08-22 21:24:00+00:00,77129.6171875,77129.6171875,77177.5078125,77129.6171875,77171.640625,21504000
2026-08-22 21:25:00+00:00,77133.5,77133.5,77133.5078125,77118.15625,77129.6328125,0
2026-08-22 21:26:00+00:00,77168.796875,77168.796875,77172.6015625,77133.5078125,77133.5078125,0
2026-08-22 21:27:00+00:00,77202.6328125,77202.6328125,77202.6328125,77168.8125,77168.8125,0
2026-08-22 21:28:00+00:00,77193.0625,77193.0625,77202.640625,77179.2890625,77202.640625,0
2026-08-22 21:29:00+00:00,77179.578125,77179.578125,77188.1484375,77175.4609375,77186.2890625,0
2026-08-22 21:30:00+00:00,77201.171875,77201.171875,77201.1796875,77179.5703125,77179.5703125,0
2026-08-22 21:31:00+00:00,77088.703125,77088.703125,77201.171875,77088.703125,77201.171875,0
2026-08-22 21:32:00+00:00,77112.78125,77112.78125,77114.953125,77080.0078125,77080.0078125,0
2026-08-22 21:33:00+00:00,77112.6015625,77112.6015625,77124.6484375,77080.0,77080.0,0
2026-08-22 21:34:00+00:00,77115.1015625,77115.1015625,77121.9765625,77106.7109375,77121.9765625,0
2026-08-22 21:35:00+00:00,77079.96875,77079.96875,77118.1484375,77079.96875,77118.1484375,0
2026-08-22 21:36:00+00:00,77032.5234375,77032.5234375,77076.1484375,77007.3671875,77076.1484375,627093504
2026-08-22 21:37:00+00:00,77008.921875,77008.921875,77032.53125,77007.3828125,77032.53125,0
2026-08-22 21:38:00+00:00,77047.671875,77047.671875,77047.6796875,76980.53125,77015.8515625,0
2026-08-22 21:39:00+00:00,76992.8984375,76992.8984375,77037.9375,76992.890625,77037.9375,0
2026-08-22 21:40:00+00:00,76944.0,76944.0,76990.859375,76944.0,76990.859375,0
2026-08-22 21:41:00+00:00,76961.546875,76961.546875,76986.0703125,76961.4765625,76961.4765625,0
2026-08-22 21:42:00+00:00,76913.0078125,76913.0078125,76961.5390625,76913.0078125,76961.5390625,0
2026-08-22 21:43:00+00:00,76934.3984375,76934.3984375,76961.5390625,76927.15625,76927.15625,0
2026-08-22 21:44:00+00:00,77025.2734375,77025.2734375,77025.28125,76962.2890625,76965.2890625,0
2026-08-22 21:45:00+00:00,76971.90625,76971.90625,77025.28125,76971.90625,77025.28125,0
2026-08-22 21:46:00+00:00,76930.9921875,76930.9921875,76971.8984375,76924.65625,76971.8984375,0
2026-08-22 21:47:00+00:00,76927.2265625,76927.2265625,76944.296875,76888.9609375,76929.0234375,0
2026-08-22 21:48:00+00:00,76942.4375,76942.4375,76960.3671875,76936.546875,76956.1171875,110342144
2026-08-22 21:49:00+00:00,76962.6015625,76962.6015625,76972.421875,76957.3828125,76957.7109375,0
2026-08-22 21:50:00+00:00,76955.6484375,76955.6484375,76973.15625,76930.9765625,76962.6015625,0
2026-08-22 21:51:00+00:00,76940.671875,76940.671875,76961.5390625,76936.4609375,76942.453125,0
2026-08-22 21:52:00+00:00,76946.21875,76946.21875,76952.78125,76929.140625,76952.78125,0
2026-08-22 21:53:00+00:00,76946.578125,76946.578125,76952.46875,76934.796875,76946.1796875,0
2026-08-22 21:54:00+00:00,76935.2734375,76935.2734375,76948.1015625,76923.3515625,76942.453125,23162880
2026-08-22 21:55:00+00:00,76915.7109375,76915.7109375,76944.5703125,76915.7109375,76935.2578125,42319872
2026-08-22 21:56:00+00:00,76852.09375,76852.09375,76896.609375,76839.796875,76896.609375,0
2026-08-22 21:57:00+00:00,76883.4921875,76883.4921875,76904.1015625,76858.3984375,76858.3984375,0
2026-08-22 21:58:00+00:00,76903.4921875,76903.4921875,76903.4921875,76889.5625,76892.7734375,53776384
2026-08-22 21:59:00+00:00,76847.3671875,76847.3671875,76903.3828125,76847.3671875,76903.3828125,0
2026-08-22 22:00:00+00:00,76891.3515625,76891.3515625,76923.34375,76873.6796875,76873.6796875,0
2026-08-22 22:01:00+00:00,76859.328125,76859.328125,76905.5,76859.328125,76905.5,0
2026-08-22 22:02:00+00:00,76793.5234375,76793.5234375,76855.0078125,76770.53125,76855.0078125,1236992
2026-08-22 22:03:00+00:00,76963.6015625,76963.6015625,76963.6015625,76839.3125,76854.578125,0
2026-08-22 22:04:00+00:00,76965.2578125,76965.2578125,76965.2578125,76890.0390625,76953.8984375,0
2026-08-22 22:05:00+00:00,77095.171875,77095.171875,77095.171875,76969.171875,76969.171875,0
2026-08-22 22:06:00+00:00,77057.0390625,77057.0390625,77102.8828125,77034.1328125,77070.703125,147628032
2026-08-22 22:07:00+00:00,77086.8125,77086.8125,77088.609375,77065.96875,77066.21875,0
2026-08-22 22:08:00+00:00,77133.1171875,77133.1171875,77138.9765625,77068.5,77079.9609375,0
2026-08-22 22:09:00+00:00,77110.5234375,77110.5234375,77144.5625,77110.5234375,77133.1171875,0
2026-08-22 22:10:00+00:00,77076.140625,77076.140625,77107.5703125,77067.6171875,77099.0703125,0
2026-08-22 22:11:00+00:00,77063.046875,77063.046875,77079.953125,77057.1796875,77076.1328125,0
2026-08-22 22:12:00+00:00,77087.6328125,77087.6328125,77087.6328125,77079.9609375,77079.9609375,0
2026-08-22 22:13:00+00:00,77067.5078125,77067.5078125,77139.1328125,77067.5078125,77087.640625,0
2026-08-22 22:14:00+00:00,77097.5703125,77097.5703125,77097.5703125,77071.1171875,77076.140625,0
2026-08-22 22:15:00+00:00,77081.5078125,77081.5078125,77106.703125,77067.140625,77087.78125,0
2026-08-22 22:16:00+00:00,77106.703125,77106.703125,77115.7109375,77072.328125,77072.328125,0
2026-08-22 22:17:00+00:00,77095.2421875,77095.2421875,77121.96875,77087.2421875,77111.2421875,0
2026-08-22 22:18:00+00:00,77083.7890625,77083.7890625,77102.2421875,77083.7890625,77102.2421875,158539776
2026-08-22 22:19:00+00:00,77050.359375,77050.359375,77069.0078125,77034.1171875,77069.0078125,0
2026-08-22 22:20:00+00:00,77133.453125,77133.453125,77144.171875,77046.8515625,77046.8515625,0
2026-08-22 22:21:00+00:00,77111.7890625,77111.7890625,77118.921875,77100.0078125,77100.0078125,0
2026-08-22 22:22:00+00:00,77078.1328125,77078.1328125,77109.1171875,77062.84375,77107.28125,0
2026-08-22 22:23:00+00:00,77045.3828125,77045.3828125,77072.1328125,77045.3671875,77072.1328125,0
2026-08-22 22:24:00+00:00,77115.9609375,77115.9609375,77115.9609375,77050.34375,77050.34375,0
2026-08-22 22:25:00+00:00,77146.4765625,77146.4765625,77146.4921875,77115.9609375,77115.9609375,53612544
2026-08-22 22:26:00+00:00,77119.453125,77119.453125,77137.2578125,77113.796875,77137.2578125,0
2026-08-22 22:27:00+00:00,77127.046875,77127.046875,77141.0703125,77121.9765625,77121.9765625,0
2026-08-22 22:28:00+00:00,77075.703125,77075.703125,77127.0390625,77074.609375,77127.0390625,0
2026-08-22 22:29:00+00:00,77045.578125,77045.578125,77091.421875,77045.578125,77082.59375,0
2026-08-22 22:30:00+00:00,77032.5390625,77032.5390625,77056.0,77030.3125,77037.953125,65814528
2026-08-22 22:31:00+00:00,77023.046875,77023.046875,77044.34375,77023.0390625,77044.34375,0
2026-08-22 22:32:00+00:00,76990.703125,76990.703125,77019.921875,76976.8828125,77016.96875,0
2026-08-22 22:33:00+00:00,76894.203125,76894.203125,76999.0234375,76887.78125,76990.6875,0
2026-08-22 22:34:00+00:00,76945.7890625,76945.7890625,76945.7890625,76908.0625,76908.0625,0
2026-08-22 22:35:00+00:00,76979.9921875,76979.9921875,76979.9921875,76955.1328125,76955.1328125,49983488
2026-08-22 22:36:00+00:00,76971.0,76971.0,76989.0,76953.890625,76966.203125,0
2026-08-22 22:37:00+00:00,77023.4921875,77023.4921875,77023.4921875,76990.578125,76995.7890625,0
2026-08-22 22:38:00+00:00,77024.2421875,77024.2421875,77035.03125,77013.6796875,77023.4921875,0
2026-08-22 22:39:00+00:00,76975.4609375,76975.4609375,77019.5390625,76965.4296875,77019.5390625,0
2026-08-22 22:40:00+00:00,76991.9921875,76991.9921875,76991.9921875,76971.0078125,76982.9921875,0
2026-08-22 22:41:00+00:00,76983.59375,76983.59375,76994.9921875,76976.9921875,76994.9921875,210972672
2026-08-22 22:42:00+00:00,77013.8203125,77013.8203125,77013.8203125,76974.859375,76980.1328125,0
2026-08-22 22:43:00+00:00,77058.640625,77058.640625,77064.828125,77051.9921875,77054.8515625,0
2026-08-22 22:44:00+00:00,77041.5,77041.5,77066.96875,77040.0078125,77066.1328125,55709696
2026-08-22 22:45:00+00:00,77041.75,77041.75,77072.9765625,77040.0234375,77072.3671875,0
2026-08-22 22:46:00+00:00,77066.6484375,77066.6484375,77075.4765625,77018.84375,77028.4921875,0
2026-08-22 22:47:00+00:00,77045.9921875,77045.9921875,77069.7578125,77035.28125,77069.7578125,0
2026-08-22 22:48:00+00:00,77031.7890625,77031.7890625,77048.75,77028.25,77046.0,101625856
2026-08-22 22:49:00+00:00,77035.9296875,77035.9296875,77039.3984375,77024.7890625,77031.7890625,0
2026-08-22 22:50:00+00:00,77032.3515625,77032.3515625,77034.7109375,77026.4921875,77031.78125,0
2026-08-22 22:51:00+00:00,77099.9921875,77099.9921875,77099.9921875,77029.59375,77032.96875,0
2026-08-22 22:52:00+00:00,77091.421875,77091.421875,77133.8828125,77091.421875,77106.6875,48254976
2026-08-22 22:53:00+00:00,77060.8671875,77060.8671875,77101.5,77060.8671875,77087.6015625,0
2026-08-22 22:54:00+00:00,77099.3125,77099.3125,77099.3203125,77077.15625,77077.15625,0
2026-08-22 22:55:00+00:00,77050.0,77050.0,77109.6328125,77050.0,77094.7890625,0
2026-08-22 22:56:00+00:00,77028.171875,77028.171875,77041.7578125,77024.7109375,77041.7578125,0
2026-08-22 22:57:00+00:00,76988.7421875,76988.7421875,77028.2578125,76988.7421875,77028.25,0
2026-08-22 22:58:00+00:00,76955.609375,76955.609375,76978.34375,76948.6875,76978.34375,0
2026-08-22 22:59:00+00:00,76989.453125,76989.453125,76995.5234375,76954.078125,76954.078125,62390272
2026-08-22 23:00:00+00:00,76956.96875,76956.96875,77005.953125,76956.9609375,77005.953125,0
2026-08-22 23:01:00+00:00,77013.0078125,77013.0078125,77013.0078125,76942.7578125,76956.96875,0
2026-08-22 23:02:00+00:00,77022.671875,77022.671875,77037.9296875,77012.3671875,77015.0078125,0
2026-08-22 23:03:00+00:00,77039.203125,77039.203125,77040.4921875,77015.03125,77022.671875,0
2026-08-22 23:04:00+00:00,77046.3203125,77046.3203125,77046.3203125,77022.671875,77039.203125,0
2026-08-22 23:05:00+00:00,77022.65625,77022.65625,77059.203125,77022.65625,77045.203125,0
2026-08-22 23:06:00+00:00,77027.640625,77027.640625,77037.03125,77022.671875,77022.671875,0
2026-08-22 23:07:00+00:00,77033.390625,77033.390625,77039.140625,77027.6328125,77027.640625,159367168
2026-08-22 23:08:00+00:00,77066.859375,77066.859375,77072.046875,77033.390625,77033.390625,0
2026-08-22 23:09:00+00:00,77018.0,77018.0,77075.0,77018.0,77066.8515625,0
2026-08-22 23:10:00+00:00,77026.2578125,77026.2578125,77026.2578125,76984.828125,76984.828125,0
2026-08-22 23:11:00+00:00,76990.640625,76990.640625,77026.2734375,76973.9921875,77026.2734375,0
2026-08-22 23:12:00+00:00,76974.34375,76974.34375,76998.203125,76974.0,76997.3671875,0
2026-08-22 23:13:00+00:00,76962.0,76962.0,76974.34375,76962.0,76974.34375,0
2026-08-22 23:14:00+00:00,76962.40625,76962.40625,76962.40625,76934.25,76962.0,55128064
2026-08-22 23:15:00+00:00,76992.8984375,76992.8984375,76992.90625,76964.4765625,76971.4921875,0
2026-08-22 23:16:00+00:00,76985.03125,76985.03125,76992.8984375,76963.828125,76992.8984375,0
2026-08-22 23:17:00+00:00,77003.546875,77003.546875,77003.546875,76985.0390625,76988.46875,0
2026-08-22 23:18:00+00:00,77003.578125,77003.578125,77003.59375,76985.0390625,77002.7578125,0
2026-08-22 23:19:00+00:00,77003.6015625,77003.6015625,77003.90625,77003.5703125,77003.5703125,0
2026-08-22 23:20:00+00:00,77015.0078125,77015.0078125,77015.0234375,77001.0078125,77001.0078125,0
2026-08-22 23:21:00+00:00,77006.2265625,77006.2265625,77015.0234375,77002.3125,77012.859375,0
2026-08-22 23:22:00+00:00,76980.6484375,76980.6484375,76993.1328125,76980.6484375,76993.1328125,0
2026-08-22 23:23:00+00:00,77016.703125,77016.703125,77016.703125,76980.65625,76980.65625,0
2026-08-22 23:24:00+00:00,76990.4921875,76990.4921875,77007.3828125,76973.0,77007.3828125,0
2026-08-22 23:25:00+00:00,76986.203125,76986.203125,76999.7421875,76980.640625,76988.953125,56119296
2026-08-22 23:26:00+00:00,76997.140625,76997.140625,77008.3203125,76988.796875,77003.296875,0
2026-08-22 23:27:00+00:00,76993.828125,76993.828125,76995.921875,76985.8828125,76995.921875,0
2026-08-22 23:28:00+00:00,76925.4296875,76925.4296875,76993.828125,76925.4296875,76993.828125,0
2026-08-22 23:29:00+00:00,76933.4765625,76933.4765625,76933.4921875,76931.8515625,76931.8515625,0
2026-08-22 23:30:00+00:00,76938.890625,76938.890625,76961.53125,76938.6328125,76946.2578125,0
2026-08-22 23:31:00+00:00,76963.8203125,76963.8203125,76965.359375,76942.5,76942.5078125,0
2026-08-22 23:32:00+00:00,76926.96875,76926.96875,76963.8125,76926.96875,76960.3515625,0
2026-08-22 23:33:00+00:00,76924.453125,76924.453125,76935.859375,76922.421875,76932.859375,0
2026-08-22 23:34:00+00:00,76897.3828125,76897.3828125,76924.4609375,76896.6015625,76924.4609375,0
2026-08-22 23:35:00+00:00,76919.5234375,76919.5234375,76919.5234375,76895.0234375,76895.0234375,0
2026-08-22 23:36:00+00:00,76901.3828125,76901.3828125,76915.4921875,76901.3828125,76915.4921875,0
2026-08-22 23:37:00+00:00,76946.921875,76946.921875,76946.921875,76888.96875,76888.96875,53129216
2026-08-22 23:38:00+00:00,76969.171875,76969.171875,76969.171875,76938.6171875,76949.421875,0
2026-08-22 23:39:00+00:00,76976.3515625,76976.3515625,76977.53125,76954.0703125,76961.5390625,0
2026-08-22 23:40:00+00:00,76993.9609375,76993.9609375,76997.6875,76974.5703125,76974.5703125,0
2026-08-22 23:41:00+00:00,77013.0078125,77013.0078125,77017.921875,76992.078125,76993.9609375,0
2026-08-22 23:42:00+00:00,77024.203125,77024.203125,77024.9921875,77016.6328125,77016.6328125,0
2026-08-22 23:43:00+00:00,77021.5078125,77021.5078125,77022.0703125,77001.4921875,77007.3828125,0
2026-08-22 23:44:00+00:00,77008.4609375,77008.4609375,77018.96875,77007.5390625,77018.9609375,0
2026-08-22 23:45:00+00:00,77011.1875,77011.1875,77011.1875,76989.96875,77000.0078125,0
2026-08-22 23:46:00+00:00,77018.09375,77018.09375,77018.96875,77014.1484375,77014.1484375,0
2026-08-22 23:47:00+00:00,77018.09375,77018.09375,77018.09375,77018.078125,77018.078125,0
2026-08-22 23:48:00+00:00,77043.1015625,77043.1015625,77045.71875,77018.078125,77018.09375,0
2026-08-22 23:49:00+00:00,77098.328125,77098.328125,77098.328125,77051.1328125,77051.140625,25137152
2026-08-22 23:50:00+00:00,77087.0390625,77087.0390625,77104.4609375,77066.0234375,77104.4609375,0
2026-08-22 23:51:00+00:00,77084.71875,77084.71875,77121.96875,77084.71875,77085.109375,0
2026-08-22 23:52:00+00:00,77057.046875,77057.046875,77095.25,77057.046875,77087.9921875,0
2026-08-22 23:53:00+00:00,77107.5078125,77107.5078125,77114.328125,77053.21875,77053.21875,6316032
2026-08-22 23:54:00+00:00,77077.0234375,77077.0234375,77089.0078125,77075.1015625,77089.0,0
2026-08-22 23:55:00+00:00,77090.5390625,77090.5390625,77094.453125,77081.8125,77082.75,0
2026-08-22 23:56:00+00:00,77081.8203125,77081.8203125,77081.8203125,77078.40625,77080.421875,0
2026-08-22 23:57:00+00:00,77083.0,77083.0,77095.828125,77081.8203125,77081.828125,175517696
2026-08-22 23:58:00+00:00,77083.0,77083.0,77083.0,77082.9921875,77083.0,56172544
2026-08-23 00:00:00+00:00,77106.796875,77106.796875,77106.8125,77054.4609375,77054.4609375,0
2026-08-23 00:01:00+00:00,77110.90625,77110.90625,77112.796875,77102.890625,77107.5078125,0
2026-08-23 00:02:00+00:00,77119.9921875,77119.9921875,77119.9921875,77102.8828125,77107.390625,57282560
2026-08-23 00:03:00+00:00,77121.9765625,77121.9765625,77121.9765625,77100.9921875,77119.9921875,0
2026-08-23 00:04:00+00:00,77124.640625,77124.640625,77131.0,77107.359375,77124.0625,0
2026-08-23 00:05:00+00:00,77131.0078125,77131.0078125,77131.0078125,77103.109375,77121.9765625,23203840
2026-08-23 00:06:00+00:00,77114.3515625,77114.3515625,77131.0078125,77111.8203125,77131.0,0
2026-08-23 00:07:00+00:00,77125.15625,77125.15625,77130.0625,77125.15625,77130.046875,0
2026-08-23 00:08:00+00:00,77118.171875,77118.171875,77124.140625,77118.171875,77123.609375,0
2026-08-23 00:09:00+00:00,77083.1171875,77083.1171875,77109.7109375,77083.109375,77109.7109375,49147904
2026-08-23 00:10:00+00:00,77064.6875,77064.6875,77083.1171875,77064.6796875,77083.1171875,0
2026-08-23 00:11:00+00:00,77070.2734375,77070.2734375,77087.578125,77062.25,77062.25,0
2026-08-23 00:12:00+00:00,77068.46875,77068.46875,77068.4921875,77053.21875,77053.21875,0
2026-08-23 00:13:00+00:00,77068.2578125,77068.2578125,77068.4921875,77041.5234375,77068.4921875,0
2026-08-23 00:14:00+00:00,77079.4921875,77079.4921875,77079.4921875,77071.5,77071.5,18653184
2026-08-23 00:15:00+00:00,77041.7734375,77041.7734375,77061.0234375,77041.75,77061.0234375,0
2026-08-23 00:16:00+00:00,77047.2890625,77047.2890625,77060.859375,77037.9375,77047.5,0
2026-08-23 00:17:00+00:00,77064.4609375,77064.4609375,77071.6328125,77047.296875,77047.296875,0
2026-08-23 00:18:00+00:00,77109.1875,77109.1875,77109.1875,77062.4609375,77064.46875,0
2026-08-23 00:19:00+00:00,77093.0625,77093.0625,77119.4765625,77089.96875,77119.4765625,0
2026-08-23 00:20:00+00:00,77087.6015625,77087.6015625,77117.1328125,77087.6015625,77093.0625,14962688
2026-08-23 00:21:00+00:00,77091.4375,77091.4375,77113.0078125,77076.1484375,77107.5078125,0
2026-08-23 00:22:00+00:00,77083.7890625,77083.7890625,77105.6171875,77081.7421875,77087.609375,0
2026-08-23 00:23:00+00:00,77119.9921875,77119.9921875,77119.9921875,77095.2421875,77095.2421875,0
2026-08-23 00:24:00+00:00,77189.9921875,77189.9921875,77189.9921875,77116.21875,77116.21875,0
2026-08-23 00:25:00+00:00,77177.0,77177.0,77177.0,77155.5703125,77176.9921875,138989568
2026-08-23 00:26:00+00:00,77205.3203125,77205.3203125,77213.671875,77179.2890625,77187.0,0
2026-08-23 00:27:00+00:00,77233.2890625,77233.2890625,77243.8828125,77196.0,77196.0,0
2026-08-23 00:28:00+00:00,77215.2421875,77215.2421875,77239.4609375,77202.203125,77232.0,0
2026-08-23 00:29:00+00:00,77213.078125,77213.078125,77223.546875,77211.359375,77219.4609375,0
2026-08-23 00:30:00+00:00,77224.0703125,77224.0703125,77224.0703125,77209.7734375,77213.0703125,0
2026-08-23 00:31:00+00:00,77224.53125,77224.53125,77250.0,77224.53125,77236.5234375,0
2026-08-23 00:32:00+00:00,77237.5,77237.5,77245.2265625,77228.34375,77232.75,0
2026-08-23 00:33:00+00:00,77273.1484375,77273.1484375,77273.1484375,77231.8125,77237.5,133206016
2026-08-23 00:34:00+00:00,77261.0390625,77261.0390625,77273.1484375,77257.5078125,77273.1484375,0
2026-08-23 00:35:00+00:00,77267.9921875,77267.9921875,77280.0625,77261.03125,77261.03125,0
2026-08-23 00:36:00+00:00,77236.59375,77236.59375,77269.4921875,77233.4921875,77268.0,0
2026-08-23 00:37:00+00:00,77282.421875,77282.421875,77282.9921875,77244.578125,77255.578125,0
2026-08-23 00:38:00+00:00,77263.3125,77263.3125,77343.5625,77220.2890625,77284.890625,53719040
2026-08-23 00:39:00+00:00,77271.4921875,77271.4921875,77277.5703125,77263.3203125,77270.9609375,0
2026-08-23 00:40:00+00:00,77224.9609375,77224.9609375,77298.7734375,77224.9609375,77274.1328125,0
2026-08-23 00:41:00+00:00,77227.140625,77227.140625,77259.4609375,77227.140625,77233.046875,0
2026-08-23 00:42:00+00:00,77251.8671875,77251.8671875,77265.84375,77232.7578125,77232.7578125,71610368
2026-08-23 00:43:00+00:00,77271.34375,77271.34375,77271.34375,77244.2265625,77244.2265625,0
2026-08-23 00:44:00+00:00,77267.1484375,77267.1484375,77303.5390625,77267.1484375,77276.21875,26664960
2026-08-23 00:45:00+00:00,77271.921875,77271.921875,77293.8671875,77259.5078125,77263.84375,0
2026-08-23 00:46:00+00:00,77240.390625,77240.390625,77270.9609375,77238.84375,77270.9609375,0
2026-08-23 00:47:00+00:00,77251.859375,77251.859375,77251.859375,77238.8984375,77248.03125,0
2026-08-23 00:48:00+00:00,77263.671875,77263.671875,77265.21875,77245.4921875,77256.1484375,33267712
2026-08-23 00:49:00+00:00,77308.4609375,77308.4609375,77320.609375,77263.3203125,77263.671875,61108224
2026-08-23 00:50:00+00:00,77302.078125,77302.078125,77307.328125,77295.7109375,77307.328125,0
2026-08-23 00:51:00+00:00,77317.4921875,77317.4921875,77333.9765625,77307.171875,77307.171875,0
2026-08-23 00:52:00+00:00,77332.078125,77332.078125,77332.078125,77314.0234375,77317.4921875,0
2026-08-23 00:53:00+00:00,77331.140625,77331.140625,77337.3984375,77322.7265625,77322.7421875,0
2026-08-23 00:54:00+00:00,77318.6015625,77318.6015625,77337.421875,77318.6015625,77337.40625,0
2026-08-23 00:55:00+00:00,77324.5390625,77324.5390625,77328.2734375,77307.2890625,77316.796875,0
2026-08-23 00:56:00+00:00,77314.3984375,77314.3984375,77324.5390625,77303.9375,77324.5390625,0
2026-08-23 00:57:00+00:00,77305.3515625,77305.3515625,77325.1171875,77305.34375,77314.3984375,14413824
2026-08-23 00:58:00+00:00,77329.9609375,77329.9609375,77329.9609375,77309.2109375,77309.2109375,0
2026-08-23 00:59:00+00:00,77289.0,77289.0,77329.953125,77289.0,77329.953125,19963904
2026-08-23 01:00:00+00:00,77251.84375,77251.84375,77287.4375,77249.890625,77287.4375,0
2026-08-23 01:01:00+00:00,77245.359375,77245.359375,77265.1015625,77225.1328125,77255.703125,0
2026-08-23 01:02:00+00:00,77240.0,77240.0,77245.3671875,77240.0,77245.359375,0
2026-08-23 01:03:00+00:00,77209.8203125,77209.8203125,77240.0,77194.5625,77240.0,0
2026-08-23 01:04:00+00:00,77172.8984375,77172.8984375,77206.28125,77172.8984375,77206.28125,0
2026-08-23 01:05:00+00:00,77251.859375,77251.859375,77251.859375,77195.4765625,77195.4765625,0
2026-08-23 01:06:00+00:00,77209.6796875,77209.6796875,77251.8515625,77199.0234375,77251.8515625,0
2026-08-23 01:07:00+00:00,77209.6484375,77209.6484375,77214.9921875,77195.203125,77206.03125,0
2026-08-23 01:08:00+00:00,77241.0625,77241.0625,77241.0625,77171.6484375,77202.2109375,0
2026-08-23 01:09:00+00:00,77239.4921875,77239.4921875,77251.5078125,77232.7578125,77248.7734375,0
2026-08-23 01:10:00+00:00,77251.9296875,77251.9296875,77256.1015625,77247.0078125,77247.0078125,0
2026-08-23 01:11:00+00:00,77233.9921875,77233.9921875,77258.640625,77233.9921875,77258.640625,0
2026-08-23 01:12:00+00:00,77240.0078125,77240.0078125,77240.0234375,77233.9765625,77235.609375,86646784
2026-08-23 01:13:00+00:00,77286.640625,77286.640625,77286.640625,77251.921875,77251.921875,0
2026-08-23 01:14:00+00:00,77390.9921875,77390.9921875,77393.46875,77281.4921875,77281.4921875,0
2026-08-23 01:15:00+00:00,77355.0078125,77355.0078125,77397.3828125,77355.0078125,77397.3828125,0
2026-08-23 01:16:00+00:00,77315.1171875,77315.1171875,77351.703125,77313.0234375,77351.703125,0
2026-08-23 01:17:00+00:00,77306.40625,77306.40625,77310.59375,77296.703125,77310.59375,9261056
2026-08-23 01:18:00+00:00,77288.25,77288.25,77300.0625,77288.25,77300.0,0
2026-08-23 01:19:00+00:00,77300.5234375,77300.5234375,77300.5234375,77288.25,77288.2578125,949981184
2026-08-23 01:20:00+00:00,77322.03125,77322.03125,77322.0390625,77300.5234375,77300.5234375,0
2026-08-23 01:21:00+00:00,77305.3515625,77305.3515625,77323.8515625,77305.3515625,77322.0390625,0
2026-08-23 01:22:00+00:00,77318.546875,77318.546875,77320.0,77301.5234375,77305.3515625,528384
2026-08-23 01:23:00+00:00,77294.7421875,77294.7421875,77312.8203125,77293.890625,77312.8203125,0
2026-08-23 01:24:00+00:00,77296.9375,77296.9375,77303.5234375,77288.9921875,77288.9921875,0
2026-08-23 01:25:00+00:00,77258.1328125,77258.1328125,77295.6171875,77237.5078125,77295.6171875,0
2026-08-23 01:26:00+00:00,77271.1875,77271.1875,77272.7421875,77258.1328125,77258.140625,0
2026-08-23 01:27:00+00:00,77248.4921875,77248.4921875,77271.203125,77244.3125,77271.203125,0
2026-08-23 01:28:00+00:00,77242.6796875,77242.6796875,77252.9609375,77242.6796875,77248.4921875,47501312
2026-08-23 01:29:00+00:00,77261.4609375,77261.4609375,77261.4609375,77242.6875,77242.6875,0
2026-08-23 01:30:00+00:00,77292.0,77292.0,77292.0,77261.4609375,77266.328125,0
2026-08-23 01:31:00+00:00,77259.5078125,77259.5078125,77306.7265625,77259.5078125,77298.1484375,0
2026-08-23 01:32:00+00:00,77217.4921875,77217.4921875,77251.8671875,77217.4921875,77251.8671875,0
2026-08-23 01:33:00+00:00,77181.96875,77181.96875,77213.65625,77174.2578125,77213.65625,78082048
2026-08-23 01:34:00+00:00,77201.1484375,77201.1484375,77215.7421875,77177.6015625,77177.6015625,0
2026-08-23 01:35:00+00:00,77209.828125,77209.828125,77209.84375,77183.109375,77205.3984375,0
2026-08-23 01:36:00+00:00,77236.5078125,77236.5078125,77236.5078125,77202.203125,77209.84375,0
2026-08-23 01:37:00+00:00,77226.5390625,77226.5390625,77242.9921875,77217.0234375,77239.4765625,0
2026-08-23 01:38:00+00:00,77233.8828125,77233.8828125,77247.953125,77229.4375,77235.15625,0
2026-08-23 01:39:00+00:00,77247.9375,77247.9375,77247.9375,77240.3984375,77240.3984375,0
2026-08-23 01:40:00+00:00,77240.40625,77240.40625,77274.78125,77240.40625,77247.953125,0
2026-08-23 01:41:00+00:00,77228.9375,77228.9375,77240.40625,77214.1015625,77240.40625,0
2026-08-23 01:42:00+00:00,77185.4609375,77185.4609375,77217.4921875,77167.828125,77217.4921875,0
2026-08-23 01:43:00+00:00,77198.7734375,77198.7734375,77215.390625,77174.09375,77174.09375,49618944
2026-08-23 01:44:00+00:00,77238.640625,77238.640625,77246.6328125,77193.578125,77198.7734375,0
2026-08-23 01:45:00+00:00,77264.140625,77264.140625,77264.1484375,77232.0,77239.171875,3121152
2026-08-23 01:46:00+00:00,77297.703125,77297.703125,77320.5078125,77259.1015625,77259.1015625,81920
2026-08-23 01:47:00+00:00,77270.828125,77270.828125,77300.6171875,77260.0078125,77290.0625,0
2026-08-23 01:48:00+00:00,77226.3671875,77226.3671875,77269.28125,77225.40625,77269.28125,9228288
2026-08-23 01:49:00+00:00,77230.953125,77230.953125,77245.5234375,77226.359375,77226.359375,0
2026-08-23 01:50:00+00:00,77248.03125,77248.03125,77248.03125,77190.96875,77229.953125,10510336
2026-08-23 01:51:00+00:00,77236.421875,77236.421875,77254.09375,77236.421875,77248.5078125,0
2026-08-23 01:52:00+00:00,77267.6015625,77267.6015625,77274.0,77245.5078125,77247.40625,0
2026-08-23 01:53:00+00:00,77263.3203125,77263.3203125,77263.3203125,77240.3984375,77255.6796875,0
2026-08-23 01:54:00+00:00,77245.8515625,77245.8515625,77273.5625,77239.9375,77263.3203125,0
2026-08-23 01:55:00+00:00,77206.4609375,77206.4609375,77236.578125,77206.4609375,77236.578125,54243328
2026-08-23 01:56:00+00:00,77175.0,77175.0,77204.8671875,77167.8203125,77204.859375,0
2026-08-23 01:57:00+00:00,77167.8203125,77167.8203125,77190.53125,77160.171875,77175.0,0
2026-08-23 01:58:00+00:00,77195.9921875,77195.9921875,77196.5234375,77152.5390625,77177.8125,0
2026-08-23 01:59:00+00:00,77184.53125,77184.53125,77202.203125,77184.5234375,77202.203125,0
2026-08-23 02:00:00+00:00,77179.671875,77179.671875,77184.5390625,77171.6484375,77184.5390625,0
2026-08-23 02:01:00+00:00,77183.09375,77183.09375,77187.703125,77167.828125,77167.828125,0
2026-08-23 02:02:00+00:00,77164.0,77164.0,77206.5,77164.0,77186.75,0
2026-08-23 02:03:00+00:00,77181.71875,77181.71875,77186.90625,77160.1875,77160.1875,44449792
2026-08-23 02:04:00+00:00,77125.5234375,77125.5234375,77175.4375,77125.5078125,77175.4375,0
2026-08-23 02:05:00+00:00,77122.578125,77122.578125,77140.546875,77122.5703125,77125.5234375,0
2026-08-23 02:06:00+00:00,77106.0,77106.0,77122.5703125,77084.8828125,77122.5703125,0
2026-08-23 02:07:00+00:00,77101.7578125,77101.7578125,77124.9296875,77101.75,77124.9296875,103297024
2026-08-23 02:08:00+00:00,77106.703125,77106.703125,77117.75,77101.5390625,77101.5390625,880640
2026-08-23 02:09:00+00:00,77098.7578125,77098.7578125,77116.859375,77098.75,77106.7109375,0
2026-08-23 02:10:00+00:00,77091.1171875,77091.1171875,77099.0625,77085.6171875,77094.09375,0
2026-08-23 02:11:00+00:00,77059.75,77059.75,77092.109375,77059.75,77086.09375,19820544
2026-08-23 02:12:00+00:00,77124.171875,77124.171875,77124.6796875,77067.8671875,77067.8671875,0
2026-08-23 02:13:00+00:00,77127.7890625,77127.7890625,77127.7890625,77115.0390625,77120.03125,0
2026-08-23 02:14:00+00:00,77043.1796875,77043.1796875,77118.15625,77043.1796875,77118.15625,0
2026-08-23 02:15:00+00:00,77106.703125,77106.703125,77106.703125,77059.859375,77059.859375,28794880
2026-08-23 02:16:00+00:00,77101.1328125,77101.1328125,77122.1484375,77097.640625,77097.640625,0
2026-08-23 02:17:00+00:00,77106.3828125,77106.3828125,77112.9765625,77100.4609375,77112.9765625,0
2026-08-23 02:18:00+00:00,77102.8984375,77102.8984375,77112.0234375,77102.5703125,77106.3828125,0
2026-08-23 02:19:00+00:00,77097.1015625,77097.1015625,77111.6875,77072.328125,77083.7890625,49717248
2026-08-23 02:20:00+00:00,77079.59375,77079.59375,77100.0078125,77079.59375,77091.90625,0
2026-08-23 02:21:00+00:00,77050.40625,77050.40625,77069.0078125,77043.171875,77069.0078125,0
2026-08-23 02:22:00+00:00,77041.7734375,77041.7734375,77050.4296875,77037.953125,77050.4296875,0
2026-08-23 02:23:00+00:00,77033.4609375,77033.4609375,77044.328125,76992.1015625,77042.1015625,1323008
2026-08-23 02:24:00+00:00,77053.65625,77053.65625,77053.65625,77026.9609375,77037.1796875,0
2026-08-23 02:25:00+00:00,77089.4765625,77089.4765625,77089.4765625,77055.84375,77055.84375,0
2026-08-23 02:26:00+00:00,77099.0703125,77099.0703125,77107.8125,77089.4765625,77089.4921875,0
2026-08-23 02:27:00+00:00,77101.0,77101.0,77101.0,77075.2109375,77083.7890625,9768960
2026-08-23 02:28:00+00:00,77090.578125,77090.578125,77095.1328125,77076.1484375,77087.609375,0
2026-08-23 02:29:00+00:00,77104.4921875,77104.4921875,77104.4921875,77094.8125,77094.96875,0
2026-08-23 02:30:00+00:00,77122.3828125,77122.3828125,77122.3828125,77098.5234375,77104.4765625,0
2026-08-23 02:31:00+00:00,77164.2109375,77164.2109375,77164.2109375,77127.78125,77127.78125,0
2026-08-23 02:32:00+00:00,77184.3984375,77184.3984375,77185.4921875,77183.5390625,77183.5390625,0
2026-08-23 02:33:00+00:00,77183.09375,77183.09375,77184.40625,77173.4375,77184.3984375,18911232
2026-08-23 02:34:00+00:00,77195.6796875,77195.6796875,77202.9375,77191.46875,77198.859375,0
2026-08-23 02:35:00+00:00,77171.6484375,77171.6484375,77195.6796875,77167.5234375,77195.6796875,0
2026-08-23 02:36:00+00:00,77182.6015625,77182.6015625,77182.609375,77160.1796875,77171.640625,0
2026-08-23 02:37:00+00:00,77201.1171875,77201.1171875,77201.1171875,77171.8125,77171.8125,0
2026-08-23 02:38:00+00:00,77172.0390625,77172.0390625,77188.8515625,77172.0390625,77188.8515625,0
2026-08-23 02:39:00+00:00,77172.046875,77172.046875,77180.9765625,77172.046875,77175.90625,0
2026-08-23 02:40:00+00:00,77185.4765625,77185.4765625,77190.7265625,77175.4609375,77175.4609375,0
2026-08-23 02:41:00+00:00,77179.2890625,77179.2890625,77192.859375,77179.28125,77185.4921875,0
2026-08-23 02:42:00+00:00,77159.21875,77159.21875,77186.921875,77148.6875,77179.2578125,902504448
2026-08-23 02:43:00+00:00,77165.90625,77165.90625,77167.1328125,77158.953125,77159.2265625,0
2026-08-23 02:44:00+00:00,77164.21875,77164.21875,77169.25,77163.9921875,77169.2421875,0
2026-08-23 02:45:00+00:00,77167.5234375,77167.5234375,77169.25,77149.7890625,77169.25,0
2026-08-23 02:46:00+00:00,77156.2578125,77156.2578125,77162.0390625,77150.6171875,77162.0390625,0
2026-08-23 02:47:00+00:00,77181.9375,77181.9375,77183.546875,77149.703125,77156.2578125,0
2026-08-23 02:48:00+00:00,77196.453125,77196.453125,77196.453125,77184.46875,77185.4765625,0
2026-08-23 02:49:00+00:00,77175.4609375,77175.4609375,77199.9921875,77175.4609375,77189.9765625,0
2026-08-23 02:50:00+00:00,77136.0234375,77136.0234375,77176.4609375,77133.5078125,77176.453125,0
2026-08-23 02:51:00+00:00,77104.28125,77104.28125,77124.03125,77103.7890625,77124.03125,1282048
2026-08-23 02:52:00+00:00,77106.7109375,77106.7109375,77188.4609375,77095.2421875,77104.28125,0
2026-08-23 02:53:00+00:00,77057.0078125,77057.0078125,77118.140625,77057.0078125,77095.2421875,0
2026-08-23 02:54:00+00:00,77062.25,77062.25,77064.671875,77053.25,77064.671875,0
2026-08-23 02:55:00+00:00,77060.8671875,77060.8671875,77083.78125,77055.609375,77062.2578125,0
2026-08-23 02:56:00+00:00,77072.5625,77072.5625,77079.9375,77058.0078125,77059.5234375,0
2026-08-23 02:57:00+00:00,77066.203125,77066.203125,77079.953125,77064.4765625,77072.5390625,0
2026-08-23 02:58:00+00:00,77068.078125,77068.078125,77074.5703125,77057.25,77058.296875,0
2026-08-23 02:59:00+00:00,77064.6875,77064.6875,77076.1328125,77064.6875,77068.078125,0
2026-08-23 03:00:00+00:00,77078.78125,77078.78125,77082.2421875,77072.7421875,77072.7421875,0
2026-08-23 03:01:00+00:00,77091.40625,77091.40625,77099.046875,77074.5234375,77080.328125,0
2026-08-23 03:02:00+00:00,77082.328125,77082.328125,77102.9921875,77078.2890625,77099.9765625,0
2026-08-23 03:03:00+00:00,77060.859375,77060.859375,77102.8828125,77060.859375,77099.0625,793997312
2026-08-23 03:04:00+00:00,77061.0234375,77061.0234375,77072.8125,77060.859375,77060.859375,0
2026-08-23 03:05:00+00:00,77049.40625,77049.40625,77063.96875,77049.3984375,77063.96875,0
2026-08-23 03:06:00+00:00,77040.1796875,77040.1796875,77049.3984375,77035.640625,77049.3984375,0
2026-08-23 03:07:00+00:00,77034.1171875,77034.1171875,77042.9921875,77034.109375,77040.6015625,0
2026-08-23 03:08:00+00:00,77018.8203125,77018.8203125,77028.0078125,77014.390625,77028.0078125,53870592
2026-08-23 03:09:00+00:00,77007.40625,77007.40625,77017.453125,77007.3828125,77007.390625,0
2026-08-23 03:10:00+00:00,77018.828125,77018.828125,77018.828125,77000.0,77007.40625,0
2026-08-23 03:11:00+00:00,77013.0078125,77013.0078125,77022.5234375,77007.390625,77007.390625,1970176
2026-08-23 03:12:00+00:00,77015.0234375,77015.0234375,77033.7890625,77012.2734375,77026.4765625,0
2026-08-23 03:13:00+00:00,77066.2421875,77066.2421875,77066.2421875,77040.0,77040.0,0
2026-08-23 03:14:00+00:00,77074.0234375,77074.0234375,77087.59375,77071.21875,77072.3125,0
2026-08-23 03:15:00+00:00,77057.03125,77057.03125,77083.78125,77045.578125,77074.0234375,0
2026-08-23 03:16:00+00:00,77104.609375,77104.609375,77110.5078125,77068.921875,77068.921875,0
2026-08-23 03:17:00+00:00,77099.5703125,77099.5703125,77121.078125,77095.25,77104.609375,44867584
2026-08-23 03:18:00+00:00,77118.21875,77118.21875,77133.4296875,77102.7265625,77105.9765625,0
2026-08-23 03:19:00+00:00,77095.3125,77095.3125,77118.2265625,77091.421875,77118.2265625,0
2026-08-23 03:20:00+00:00,77067.96875,77067.96875,77094.359375,77064.2890625,77094.359375,0
2026-08-23 03:21:00+00:00,77041.7734375,77041.7734375,77067.9609375,77041.7734375,77067.9609375,0
2026-08-23 03:22:00+00:00,77042.7578125,77042.7578125,77042.7578125,77010.9296875,77036.0390625,8556544
2026-08-23 03:23:00+00:00,77007.0,77007.0,77060.8515625,77007.0,77048.9921875,0
2026-08-23 03:24:00+00:00,77005.828125,77005.828125,77014.7421875,76994.3984375,77006.078125,0
2026-08-23 03:25:00+00:00,77018.8515625,77018.8515625,77029.6796875,77005.828125,77005.828125,0
2026-08-23 03:26:00+00:00,77013.2265625,77013.2265625,77028.0703125,77011.203125,77018.8515625,8101888
2026-08-23 03:27:00+00:00,77009.9375,77009.9375,77013.2421875,77003.46875,77013.2421875,0
2026-08-23 03:28:00+00:00,76999.7421875,76999.7421875,76999.7421875,76991.7109375,76991.7109375,0
2026-08-23 03:29:00+00:00,76984.0234375,76984.0234375,76999.7265625,76984.0234375,76999.7265625,0
2026-08-23 03:30:00+00:00,76948.9765625,76948.9765625,76977.828125,76948.9765625,76976.828125,0
2026-08-23 03:31:00+00:00,76925.1015625,76925.1015625,76947.921875,76925.1015625,76947.0078125,0
2026-08-23 03:32:00+00:00,76950.078125,76950.078125,76959.59375,76920.03125,76920.03125,1220608
2026-08-23 03:33:00+00:00,76900.0078125,76900.0078125,76945.7421875,76900.0,76945.7421875,701108224
2026-08-23 03:34:00+00:00,76929.2265625,76929.2265625,76934.796875,76907.9765625,76907.9765625,0
2026-08-23 03:35:00+00:00,76938.0,76938.0,76942.2265625,76927.5,76942.2265625,0
2026-08-23 03:36:00+00:00,76942.640625,76942.640625,76978.5703125,76927.5078125,76940.2421875,0
2026-08-23 03:37:00+00:00,76946.0625,76946.0625,76948.7265625,76942.453125,76942.453125,29323264
2026-08-23 03:38:00+00:00,76957.5078125,76957.5078125,76965.359375,76946.453125,76946.5390625,0
2026-08-23 03:39:00+00:00,76915.8203125,76915.8203125,76961.9921875,76911.890625,76961.9921875,60194816
2026-08-23 03:40:00+00:00,76884.8515625,76884.8515625,76918.4765625,76876.046875,76914.0078125,0
2026-08-23 03:41:00+00:00,76888.09375,76888.09375,76893.78125,76882.90625,76882.90625,0
2026-08-23 03:42:00+00:00,76861.34375,76861.34375,76881.328125,76861.34375,76881.328125,0
2026-08-23 03:43:00+00:00,76847.640625,76847.640625,76864.640625,76847.640625,76860.203125,0
2026-08-23 03:44:00+00:00,76839.3125,76839.3125,76847.640625,76824.03125,76847.640625,47972352
2026-08-23 03:45:00+00:00,76900.328125,76900.328125,76900.328125,76847.25,76847.25,0
2026-08-23 03:46:00+00:00,76929.0703125,76929.0703125,76930.96875,76893.140625,76904.2421875,0
2026-08-23 03:47:00+00:00,76921.890625,76921.890625,76934.28125,76920.796875,76934.28125,0
2026-08-23 03:48:00+00:00,76948.0234375,76948.0234375,76962.328125,76912.5,76912.5,9056256
2026-08-23 03:49:00+00:00,76973.59375,76973.59375,76979.5625,76948.0234375,76948.0234375,84070400
2026-08-23 03:50:00+00:00,76934.8125,76934.8125,76967.5234375,76934.8125,76965.3671875,45899776
2026-08-23 03:51:00+00:00,76924.78125,76924.78125,76955.9921875,76924.78125,76934.8125,0
2026-08-23 03:52:00+00:00,76931.890625,76931.890625,76936.6328125,76924.7421875,76924.7421875,0
2026-08-23 03:53:00+00:00,76945.4609375,76945.4609375,76950.078125,76924.0078125,76924.7421875,0
2026-08-23 03:54:00+00:00,76945.4609375,76945.4609375,76957.7421875,76945.4609375,76945.4609375,0
2026-08-23 03:55:00+00:00,76932.0625,76932.0625,76945.4609375,76932.0625,76945.4609375,0
2026-08-23 03:56:00+00:00,76932.15625,76932.15625,76940.9921875,76899.0234375,76927.171875,0
2026-08-23 03:57:00+00:00,76923.3515625,76923.3515625,76934.7890625,76912.5625,76927.171875,0
2026-08-23 03:58:00+00:00,76924.2890625,76924.2890625,76924.3203125,76908.1328125,76908.1484375,0
2026-08-23 03:59:00+00:00,76914.7265625,76914.7265625,76920.9296875,76914.7265625,76920.9296875,0
2026-08-23 04:00:00+00:00,76888.9609375,76888.9609375,76914.7265625,76888.9609375,76914.7265625,0
2026-08-23 04:01:00+00:00,76914.3828125,76914.3828125,76914.3828125,76880.703125,76884.390625,73940992
2026-08-23 04:02:00+00:00,76884.421875,76884.421875,76940.4765625,76884.421875,76923.34375,0
2026-08-23 04:03:00+00:00,76879.5,76879.5,76884.421875,76868.2578125,76884.421875,0
2026-08-23 04:04:00+00:00,76835.7109375,76835.7109375,76889.0390625,76832.078125,76879.4921875,0
2026-08-23 04:05:00+00:00,76873.71875,76873.71875,76873.71875,76836.5390625,76840.5234375,0
2026-08-23 04:06:00+00:00,76898.5078125,76898.5078125,76919.53125,76874.71875,76874.71875,0
2026-08-23 04:07:00+00:00,76859.6328125,76859.6328125,76889.3671875,76850.0078125,76889.3671875,0
2026-08-23 04:08:00+00:00,76774.328125,76774.328125,76854.59375,76721.0703125,76854.59375,0
2026-08-23 04:09:00+00:00,76816.3828125,76816.3828125,76821.953125,76759.4921875,76774.5078125,1740800
2026-08-23 04:10:00+00:00,76845.8828125,76845.8828125,76845.8828125,76808.75,76808.75,0
2026-08-23 04:11:00+00:00,76835.7265625,76835.7265625,76856.96875,76835.7265625,76846.0390625,0
2026-08-23 04:12:00+00:00,76861.6484375,76861.6484375,76862.5703125,76836.7421875,76836.7421875,0
2026-08-23 04:13:00+00:00,76940.9921875,76940.9921875,76940.9921875,76848.1015625,76858.40625,0
2026-08-23 04:14:00+00:00,76992.84375,76992.84375,77009.0625,76948.4921875,76948.4921875,0
2026-08-23 04:15:00+00:00,76984.46875,76984.46875,77025.0,76984.46875,77003.5625,0
2026-08-23 04:16:00+00:00,76968.953125,76968.953125,76972.4921875,76945.5234375,76970.1171875,50376704
2026-08-23 04:17:00+00:00,76927.171875,76927.171875,76988.4921875,76927.171875,76986.890625,4837376
2026-08-23 04:18:00+00:00,76891.9375,76891.9375,76930.421875,76889.8125,76924.5078125,2572288
2026-08-23 04:19:00+00:00,76818.6171875,76818.6171875,76893.46875,76818.6171875,76893.46875,110256128
2026-08-23 04:20:00+00:00,76789.6484375,76789.6484375,76824.03125,76789.6484375,76819.8203125,0
2026-08-23 04:21:00+00:00,76816.171875,76816.171875,76823.9609375,76797.28125,76797.28125,0
2026-08-23 04:22:00+00:00,76873.671875,76873.671875,76880.296875,76816.1796875,76816.1796875,0
2026-08-23 04:23:00+00:00,76873.6875,76873.6875,76891.84375,76873.4609375,76873.4609375,0
2026-08-23 04:24:00+00:00,76894.4921875,76894.4921875,76894.4921875,76866.8125,76866.8125,0
2026-08-23 04:25:00+00:00,76908.7421875,76908.7421875,76919.53125,76897.0,76897.0,107356160
2026-08-23 04:26:00+00:00,76935.8515625,76935.8515625,76942.4296875,76918.15625,76918.15625,0
2026-08-23 04:27:00+00:00,76927.15625,76927.15625,76952.7890625,76927.15625,76942.1171875,0
2026-08-23 04:28:00+00:00,76961.5390625,76961.5390625,76986.3828125,76940.46875,76940.46875,0
2026-08-23 04:29:00+00:00,76952.7109375,76952.7109375,76959.6171875,76950.796875,76955.046875,0
2026-08-23 04:30:00+00:00,76930.9921875,76930.9921875,76966.6875,76930.9921875,76952.7109375,0
2026-08-23 04:31:00+00:00,76907.9921875,76907.9921875,76912.7421875,76889.4375,76908.75,0
2026-08-23 04:32:00+00:00,76879.0234375,76879.0234375,76908.75,76872.6796875,76908.75,52305920
2026-08-23 04:33:00+00:00,76879.6875,76879.6875,76887.296875,76873.6875,76885.1484375,0
2026-08-23 04:34:00+00:00,76858.6015625,76858.6015625,76863.7890625,76827.8515625,76863.0,54693888
2026-08-23 04:35:00+00:00,76820.2109375,76820.2109375,76858.6015625,76818.4609375,76858.6015625,0
2026-08-23 04:36:00+00:00,76839.390625,76839.390625,76846.9296875,76808.7578125,76820.203125,0
2026-08-23 04:37:00+00:00,76845.21875,76845.21875,76845.21875,76820.2109375,76839.390625,0
2026-08-23 04:38:00+00:00,76839.328125,76839.328125,76849.5078125,76839.3203125,76845.21875,62492672
2026-08-23 04:39:00+00:00,76845.03125,76845.03125,76854.0,76839.328125,76839.328125,0
2026-08-23 04:40:00+00:00,76880.03125,76880.03125,76880.03125,76844.1015625,76845.03125,0
2026-08-23 04:41:00+00:00,76847.5625,76847.5625,76893.3984375,76833.9609375,76893.3984375,0
2026-08-23 04:42:00+00:00,76831.671875,76831.671875,76867.2421875,76831.671875,76860.2265625,59650048
2026-08-23 04:43:00+00:00,76813.5,76813.5,76831.671875,76813.5,76831.671875,794624
2026-08-23 04:44:00+00:00,76811.9921875,76811.9921875,76813.5,76801.109375,76813.5,0
2026-08-23 04:45:00+00:00,76740.0,76740.0,76812.0,76740.0,76812.0,0
2026-08-23 04:46:00+00:00,76733.9921875,76733.9921875,76734.0,76672.546875,76709.4296875,0
2026-08-23 04:47:00+00:00,76714.8671875,76714.8671875,76755.6328125,76702.5078125,76733.9921875,0
2026-08-23 04:48:00+00:00,76613.9296875,76613.9296875,76702.109375,76589.0,76697.6484375,0
2026-08-23 04:49:00+00:00,76629.203125,76629.203125,76667.390625,76569.109375,76569.109375,0
2026-08-23 04:50:00+00:00,76701.7734375,76701.7734375,76728.5078125,76621.5625,76621.5625,0
2026-08-23 04:51:00+00:00,76690.71875,76690.71875,76744.4765625,76663.578125,76663.578125,0
2026-08-23 04:52:00+00:00,76665.0,76665.0,76686.4296875,76659.7734375,76682.671875,13688832
2026-08-23 04:53:00+00:00,76706.25,76706.25,76718.90625,76671.21875,76671.21875,0
2026-08-23 04:54:00+00:00,76688.3828125,76688.3828125,76705.2734375,76667.421875,76705.2734375,70717440
2026-08-23 04:55:00+00:00,76656.5390625,76656.5390625,76686.078125,76645.8828125,76678.8671875,0
2026-08-23 04:56:00+00:00,76627.859375,76627.859375,76649.328125,76627.859375,76649.328125,503808
2026-08-23 04:57:00+00:00,76579.546875,76579.546875,76625.390625,76579.546875,76625.390625,0
2026-08-23 04:58:00+00:00,76594.046875,76594.046875,76607.1875,76584.2890625,76584.2890625,131051520
2026-08-23 04:59:00+00:00,76602.46875,76602.46875,76641.6875,76495.4765625,76586.28125,0
2026-08-23 05:00:00+00:00,76682.828125,76682.828125,76699.890625,76564.2734375,76564.2734375,0
2026-08-23 05:01:00+00:00,76635.0078125,76635.0078125,76707.0390625,76633.75,76667.40625,0
2026-08-23 05:02:00+00:00,76514.609375,76514.609375,76639.8125,76514.609375,76630.53125,9388032
2026-08-23 05:03:00+00:00,76518.421875,76518.421875,76530.28125,76487.8671875,76510.7734375,0
2026-08-23 05:04:00+00:00,76571.90625,76571.90625,76601.796875,76495.5078125,76495.5078125,0
2026-08-23 05:05:00+00:00,76533.8515625,76533.8515625,76627.96875,76533.8515625,76572.71875,0
2026-08-23 05:06:00+00:00,76507.140625,76507.140625,76533.8515625,76491.6796875,76533.8515625,0
2026-08-23 05:07:00+00:00,76481.7734375,76481.7734375,76587.5625,76481.7734375,76520.3203125,2904064
2026-08-23 05:08:00+00:00,76358.8515625,76358.8515625,76498.609375,76335.7578125,76498.609375,0
2026-08-23 05:09:00+00:00,76288.7421875,76288.7421875,76384.5234375,76250.953125,76338.890625,0
2026-08-23 05:10:00+00:00,76369.453125,76369.453125,76415.28125,76296.8515625,76296.8515625,995328
2026-08-23 05:11:00+00:00,76372.9609375,76372.9609375,76372.9609375,76312.078125,76362.5625,0
2026-08-23 05:12:00+00:00,76371.1328125,76371.1328125,76371.1328125,76335.65625,76351.0234375,0
2026-08-23 05:13:00+00:00,76281.578125,76281.578125,76398.03125,76281.578125,76396.1796875,0
2026-08-23 05:14:00+00:00,75865.203125,75865.203125,76270.5234375,75865.203125,76270.5234375,0
2026-08-23 05:15:00+00:00,76000.203125,76000.203125,76030.7421875,75956.3515625,75986.40625,0
2026-08-23 05:16:00+00:00,75833.71875,75833.71875,76026.0,75833.71875,76026.0,0
2026-08-23 05:17:00+00:00,75726.0078125,75726.0078125,75802.15625,75601.5703125,75802.15625,0
2026-08-23 05:18:00+00:00,75974.2421875,75974.2421875,75975.078125,75679.7421875,75781.171875,0
2026-08-23 05:19:00+00:00,76035.25,76035.25,76035.25,75956.890625,75983.5703125,0
2026-08-23 05:20:00+00:00,76126.59375,76126.59375,76132.9765625,76023.7578125,76023.7578125,0
2026-08-23 05:21:00+00:00,76136.421875,76136.421875,76178.6015625,76071.4921875,76178.6015625,0
2026-08-23 05:22:00+00:00,76163.171875,76163.171875,76170.796875,76113.7421875,76113.7421875,0
2026-08-23 05:23:00+00:00,76176.1328125,76176.1328125,76181.59375,76139.2421875,76159.5078125,0
2026-08-23 05:24:00+00:00,76269.2265625,76269.2265625,76269.2265625,76180.890625,76180.890625,0
2026-08-23 05:25:00+00:00,76268.03125,76268.03125,76304.953125,76268.03125,76269.203125,0
2026-08-23 05:26:00+00:00,76193.6875,76193.6875,76266.296875,76178.109375,76251.03125,0
2026-08-23 05:27:00+00:00,76249.5625,76249.5625,76275.7265625,76190.40625,76190.40625,0
2026-08-23 05:28:00+00:00,76267.9375,76267.9375,76296.78125,76249.5,76249.5,0
2026-08-23 05:29:00+00:00,76216.6328125,76216.6328125,76265.46875,76198.9921875,76265.46875,0
2026-08-23 05:30:00+00:00,76222.2421875,76222.2421875,76319.7890625,76209.0078125,76209.0078125,0
2026-08-23 05:31:00+00:00,76220.9921875,76220.9921875,76231.921875,76199.3125,76216.640625,0
2026-08-23 05:32:00+00:00,76280.8671875,76280.8671875,76305.078125,76204.4375,76210.1875,2400256
2026-08-23 05:33:00+00:00,76285.0234375,76285.0234375,76289.21875,76213.703125,76277.953125,0
2026-08-23 05:34:00+00:00,76236.3671875,76236.3671875,76285.4296875,76236.0234375,76285.4296875,0
2026-08-23 05:35:00+00:00,76296.46875,76296.46875,76301.359375,76219.453125,76247.40625,0
2026-08-23 05:36:00+00:00,76201.3671875,76201.3671875,76285.40625,76201.3671875,76285.40625,0
2026-08-23 05:37:00+00:00,76220.46875,76220.46875,76244.1328125,76197.453125,76208.65625,0
2026-08-23 05:38:00+00:00,76203.71875,76203.71875,76239.546875,76198.8671875,76223.9921875,9234432
2026-08-23 05:39:00+00:00,76212.8203125,76212.8203125,76219.5,76174.640625,76219.5,0
2026-08-23 05:40:00+00:00,76186.078125,76186.078125,76251.0,76162.21875,76241.3515625,0
2026-08-23 05:41:00+00:00,76209.0078125,76209.0078125,76235.7421875,76179.4765625,76217.9921875,0
2026-08-23 05:42:00+00:00,76158.03125,76158.03125,76243.5,76152.0234375,76231.921875,0
2026-08-23 05:43:00+00:00,76140.2421875,76140.2421875,76151.7109375,76130.140625,76151.7109375,1628160
2026-08-23 05:44:00+00:00,76155.6171875,76155.6171875,76155.6171875,76090.59375,76131.2890625,0
2026-08-23 05:45:00+00:00,76138.71875,76138.71875,76197.296875,76132.609375,76176.0703125,0
2026-08-23 05:46:00+00:00,76159.3515625,76159.3515625,76169.0,76130.2265625,76130.2265625,0
2026-08-23 05:47:00+00:00,76119.7421875,76119.7421875,76155.0078125,76100.7109375,76144.0703125,0
2026-08-23 05:48:00+00:00,76144.0703125,76144.0703125,76159.34375,76127.59375,76128.75,55885824
2026-08-23 05:49:00+00:00,76164.0234375,76164.0234375,76187.5703125,76153.4921875,76167.3203125,0
2026-08-23 05:50:00+00:00,76166.9765625,76166.9765625,76235.7421875,76163.171875,76163.171875,0
2026-08-23 05:51:00+00:00,76069.5078125,76069.5078125,76188.2265625,76069.5078125,76184.0078125,0
2026-08-23 05:52:00+00:00,76088.9765625,76088.9765625,76088.9765625,76022.1015625,76060.7734375,0
2026-08-23 05:53:00+00:00,76102.0390625,76102.0390625,76118.0625,76085.9765625,76096.4921875,0
2026-08-23 05:54:00+00:00,76138.328125,76138.328125,76138.5,76100.453125,76109.6796875,0
2026-08-23 05:55:00+00:00,76123.8125,76123.8125,76170.796875,76103.6328125,76155.0,0
2026-08-23 05:56:00+00:00,76115.9765625,76115.9765625,76123.8125,76102.5078125,76123.8125,0
2026-08-23 05:57:00+00:00,76121.1484375,76121.1484375,76128.78125,76102.046875,76116.3828125,0
2026-08-23 05:58:00+00:00,76098.2421875,76098.2421875,76113.9296875,76098.2421875,76113.5078125,0
2026-08-23 05:59:00+00:00,76048.5703125,76048.5703125,76106.40625,76048.5703125,76100.953125,0
2026-08-23 06:00:00+00:00,76067.328125,76067.328125,76100.0,76052.2265625,76100.0,0
2026-08-23 06:01:00+00:00,76034.7109375,76034.7109375,76061.2578125,76015.9765625,76035.4375,0
2026-08-23 06:02:00+00:00,76086.7578125,76086.7578125,76086.7578125,76014.8515625,76030.5078125,0
2026-08-23 06:03:00+00:00,76076.40625,76076.40625,76087.5078125,76071.4921875,76087.5078125,0
2026-08-23 06:04:00+00:00,76109.6796875,76109.6796875,76109.6796875,76048.5703125,76056.2109375,0
2026-08-23 06:05:00+00:00,76084.40625,76084.40625,76111.4921875,76075.3125,76098.21875,0
2026-08-23 06:06:00+00:00,76042.4921875,76042.4921875,76084.296875,76009.5078125,76084.296875,0
2026-08-23 06:07:00+00:00,75994.71875,75994.71875,76060.7578125,75993.0,76042.4921875,0
2026-08-23 06:08:00+00:00,75936.0,75936.0,75984.0078125,75899.578125,75984.0078125,8198144
2026-08-23 06:09:00+00:00,75914.8671875,75914.8671875,75926.3203125,75902.7578125,75914.8828125,0
2026-08-23 06:10:00+00:00,75944.9921875,75944.9921875,75944.9921875,75903.40625,75904.1484375,0
2026-08-23 06:11:00+00:00,75906.578125,75906.578125,75978.0078125,75906.578125,75956.8828125,14893056
2026-08-23 06:12:00+00:00,75956.890625,75956.890625,75960.2734375,75909.0078125,75909.0078125,0
2026-08-23 06:13:00+00:00,76020.9609375,76020.9609375,76020.9609375,75947.8203125,75968.34375,0
2026-08-23 06:14:00+00:00,76071.7734375,76071.7734375,76132.1875,76051.546875,76051.546875,0
2026-08-23 06:15:00+00:00,76131.65625,76131.65625,76163.15625,76062.0078125,76062.0078125,0
2026-08-23 06:16:00+00:00,76135.4921875,76135.4921875,76164.09375,76121.1484375,76129.2109375,0
2026-08-23 06:17:00+00:00,76174.640625,76174.640625,76174.640625,76113.5,76121.140625,0
2026-08-23 06:18:00+00:00,76178.4375,76178.4375,76178.4375,76147.8828125,76178.4375,27420672
2026-08-23 06:19:00+00:00,76261.171875,76261.171875,76261.171875,76176.859375,76176.859375,0
2026-08-23 06:20:00+00:00,76281.578125,76281.578125,76289.09375,76258.671875,76272.0,12826624
2026-08-23 06:21:00+00:00,76231.9296875,76231.9296875,76281.578125,76178.1171875,76281.578125,0
2026-08-23 06:22:00+00:00,76239.5625,76239.5625,76255.4921875,76205.1875,76255.4921875,634880
2026-08-23 06:23:00+00:00,76281.828125,76281.828125,76288.4765625,76239.5625,76239.5625,0
2026-08-23 06:24:00+00:00,76261.3984375,76261.3984375,76281.828125,76253.0078125,76281.828125,7055360
2026-08-23 06:25:00+00:00,76234.1171875,76234.1171875,76261.3984375,76212.828125,76254.0078125,3426304
2026-08-23 06:26:00+00:00,76218.0078125,76218.0078125,76258.5390625,76218.0078125,76233.8125,0
2026-08-23 06:27:00+00:00,76184.828125,76184.828125,76218.0,76174.6171875,76218.0,148908032
2026-08-23 06:28:00+00:00,76182.2734375,76182.2734375,76208.390625,76162.71875,76180.46875,0
2026-08-23 06:29:00+00:00,76219.5078125,76219.5078125,76219.5078125,76166.9921875,76197.1875,0
2026-08-23 06:30:00+00:00,76293.671875,76293.671875,76309.390625,76219.5078125,76219.5078125,0
2026-08-23 06:31:00+00:00,76319.7421875,76319.7421875,76330.296875,76296.8671875,76302.3125,2138112
2026-08-23 06:32:00+00:00,76318.5078125,76318.5078125,76334.5,76318.5,76323.9609375,0
2026-08-23 06:33:00+00:00,76334.421875,76334.421875,76339.5078125,76315.53125,76318.5078125,0
2026-08-23 06:34:00+00:00,76323.609375,76323.609375,76334.0625,76323.609375,76328.25,8921088
2026-08-23 06:35:00+00:00,76303.4375,76303.4375,76336.4765625,76303.4375,76317.84375,0
2026-08-23 06:36:00+00:00,76268.7734375,76268.7734375,76301.203125,76243.390625,76291.8515625,0
2026-08-23 06:37:00+00:00,76239.5703125,76239.5703125,76268.7734375,76239.5703125,76268.7734375,0
2026-08-23 06:38:00+00:00,76221.7265625,76221.7265625,76231.90625,76220.46875,76231.6171875,0
2026-08-23 06:39:00+00:00,76220.390625,76220.390625,76233.4296875,76166.9921875,76216.6484375,0
2026-08-23 06:40:00+00:00,76256.796875,76256.796875,76256.796875,76228.1015625,76228.1015625,0
2026-08-23 06:41:00+00:00,76262.4921875,76262.4921875,76284.2421875,76256.796875,76256.796875,10850304
2026-08-23 06:42:00+00:00,76262.4921875,76262.4921875,76281.546875,76262.4765625,76262.4765625,0
2026-08-23 06:43:00+00:00,76235.75,76235.75,76265.9296875,76235.7421875,76262.4765625,0
2026-08-23 06:44:00+00:00,76246.5078125,76246.5078125,76262.4921875,76230.78125,76230.78125,0
2026-08-23 06:45:00+00:00,76201.3671875,76201.3671875,76258.65625,76201.3671875,76249.9765625,0
2026-08-23 06:46:00+00:00,76265.2421875,76265.2421875,76266.4609375,76209.0078125,76210.34375,0
2026-08-23 06:47:00+00:00,76231.96875,76231.96875,76258.671875,76231.9609375,76258.65625,0
2026-08-23 06:48:00+00:00,76204.8828125,76204.8828125,76234.5078125,76200.84375,76234.5078125,0
2026-08-23 06:49:00+00:00,76182.390625,76182.390625,76204.8671875,76182.390625,76204.8671875,0
2026-08-23 06:50:00+00:00,76212.0078125,76212.0078125,76212.0078125,76165.140625,76182.390625,0
2026-08-23 06:51:00+00:00,76174.6328125,76174.6328125,76211.6875,76174.6328125,76211.6875,0
2026-08-23 06:52:00+00:00,76186.09375,76186.09375,76197.5390625,76176.78125,76176.78125,24573952
2026-08-23 06:53:00+00:00,76159.2421875,76159.2421875,76186.09375,76151.7109375,76186.078125,0
2026-08-23 06:54:00+00:00,76136.7421875,76136.7421875,76138.1796875,76128.78125,76138.1796875,0
2026-08-23 06:55:00+00:00,76117.328125,76117.328125,76160.8515625,76117.328125,76145.9921875,0
2026-08-23 06:56:00+00:00,76091.109375,76091.109375,76105.8671875,76082.9375,76105.8671875,0
2026-08-23 06:57:00+00:00,76094.40625,76094.40625,76120.109375,76092.2109375,76094.15625,0
2026-08-23 06:58:00+00:00,76038.640625,76038.640625,76094.40625,76014.5390625,76094.40625,0
2026-08-23 06:59:00+00:00,76089.0,76089.0,76094.3984375,76038.640625,76038.640625,2095104
2026-08-23 07:00:00+00:00,76044.75,76044.75,76094.3984375,76044.75,76090.8203125,0
2026-08-23 07:01:00+00:00,76080.6875,76080.6875,76080.6875,76025.6484375,76044.75,0
2026-08-23 07:02:00+00:00,76028.7421875,76028.7421875,76097.7734375,76028.7421875,76080.6796875,0
2026-08-23 07:03:00+00:00,76053.34375,76053.34375,76075.046875,76030.4921875,76048.5625,0
2026-08-23 07:04:00+00:00,76109.328125,76109.328125,76109.328125,76045.03125,76051.2109375,0
2026-08-23 07:05:00+00:00,76188.2421875,76188.2421875,76192.4921875,76113.4921875,76113.4921875,0
2026-08-23 07:06:00+00:00,76228.203125,76228.203125,76228.203125,76186.84375,76186.84375,133586944
2026-08-23 07:07:00+00:00,76242.9921875,76242.9921875,76254.171875,76207.796875,76229.53125,0
2026-08-23 07:08:00+00:00,76214.1796875,76214.1796875,76237.8125,76213.9921875,76235.7421875,0
2026-08-23 07:09:00+00:00,76223.78125,76223.78125,76229.390625,76214.0078125,76216.09375,0
2026-08-23 07:10:00+00:00,76230.1171875,76230.1171875,76230.1328125,76220.53125,76223.8515625,3577856
2026-08-23 07:11:00+00:00,76251.4921875,76251.4921875,76254.4296875,76230.109375,76230.1171875,0
2026-08-23 07:12:00+00:00,76270.7578125,76270.7578125,76274.8671875,76242.4765625,76246.5703125,0
2026-08-23 07:13:00+00:00,76300.6796875,76300.6796875,76307.9921875,76268.328125,76268.328125,0
2026-08-23 07:14:00+00:00,76289.0703125,76289.0703125,76297.5,76281.578125,76289.2265625,5402624
2026-08-23 07:15:00+00:00,76321.5,76321.5,76321.5,76284.4609375,76284.4609375,0
2026-08-23 07:16:00+00:00,76327.0390625,76327.0390625,76335.0078125,76319.7890625,76321.5,0
2026-08-23 07:17:00+00:00,76313.6015625,76313.6015625,76321.5,76312.140625,76319.7890625,0
2026-08-23 07:18:00+00:00,76313.5,76313.5,76318.4921875,76305.9296875,76318.4609375,0
2026-08-23 07:19:00+00:00,76319.0234375,76319.0234375,76331.2421875,76310.859375,76310.859375,0
2026-08-23 07:20:00+00:00,76266.3125,76266.3125,76319.03125,76266.3125,76319.03125,0
2026-08-23 07:21:00+00:00,76237.1171875,76237.1171875,76262.890625,76234.109375,76262.890625,0
2026-08-23 07:22:00+00:00,76235.75,76235.75,76258.5078125,76235.1015625,76235.109375,0
2026-08-23 07:23:00+00:00,76257.2265625,76257.2265625,76261.171875,76228.109375,76228.109375,0
2026-08-23 07:24:00+00:00,76220.453125,76220.453125,76257.2265625,76220.453125,76257.2265625,77881344
2026-08-23 07:25:00+00:00,76264.90625,76264.90625,76264.90625,76228.1015625,76228.1015625,0
2026-08-23 07:26:00+00:00,76239.5703125,76239.5703125,76263.0703125,76239.5703125,76263.0703125,9510912
2026-08-23 07:27:00+00:00,76226.9765625,76226.9765625,76249.5078125,76219.0234375,76249.5078125,0
2026-08-23 07:28:00+00:00,76239.2109375,76239.2109375,76239.2109375,76212.828125,76226.96875,0
2026-08-23 07:29:00+00:00,76216.6484375,76216.6484375,76243.3671875,76216.6484375,76239.2109375,0
2026-08-23 07:30:00+00:00,76209.0234375,76209.0234375,76222.8515625,76203.1015625,76203.1015625,0
2026-08-23 07:31:00+00:00,76173.7421875,76173.7421875,76212.7109375,76159.3515625,76212.7109375,0
2026-08-23 07:32:00+00:00,76179.953125,76179.953125,76180.5078125,76173.7421875,76173.7421875,0
2026-08-23 07:33:00+00:00,76147.890625,76147.890625,76179.953125,76147.8828125,76179.9375,0
2026-08-23 07:34:00+00:00,76081.6171875,76081.6171875,76134.0234375,76081.6171875,76134.0234375,0
2026-08-23 07:35:00+00:00,76117.9609375,76117.9609375,76117.9609375,76063.8515625,76071.0234375,0
2026-08-23 07:36:00+00:00,76124.9609375,76124.9609375,76124.9609375,76101.6328125,76102.046875,0
2026-08-23 07:37:00+00:00,76091.34375,76091.34375,76113.4921875,76086.7734375,76109.6875,0
2026-08-23 07:38:00+00:00,76074.3515625,76074.3515625,76098.046875,76067.671875,76096.84375,0
2026-08-23 07:39:00+00:00,76113.4921875,76113.4921875,76113.5,76074.3515625,76074.3515625,0
2026-08-23 07:40:00+00:00,76079.90625,76079.90625,76114.4921875,76075.40625,76100.390625,0
2026-08-23 07:41:00+00:00,76062.9765625,76062.9765625,76068.6796875,76056.2109375,76067.1484375,0
2026-08-23 07:42:00+00:00,76060.46875,76060.46875,76063.90625,76056.2109375,76063.90625,0
2026-08-23 07:43:00+00:00,76036.5,76036.5,76060.46875,76034.0625,76060.46875,0
2026-08-23 07:44:00+00:00,76049.8828125,76049.8828125,76052.3828125,76035.9765625,76035.9765625,0
2026-08-23 07:45:00+00:00,76041.078125,76041.078125,76071.46875,76041.078125,76049.8828125,0
2026-08-23 07:46:00+00:00,76053.9296875,76053.9296875,76075.296875,76033.2890625,76040.9296875,0
2026-08-23 07:47:00+00:00,76056.203125,76056.203125,76057.4765625,76045.1171875,76053.9296875,2039808
2026-08-23 07:48:00+00:00,76061.84375,76061.84375,76062.96875,76033.359375,76053.7265625,0
2026-08-23 07:49:00+00:00,76086.7578125,76086.7578125,76086.7578125,76060.46875,76065.1015625,0
2026-08-23 07:50:00+00:00,76076.8203125,76076.8203125,76108.7265625,76067.2421875,76101.5703125,0
2026-08-23 07:51:00+00:00,76102.046875,76102.046875,76118.8515625,76078.640625,76078.640625,632832
2026-08-23 07:52:00+00:00,76117.3203125,76117.3203125,76131.0078125,76102.046875,76102.046875,0
2026-08-23 07:53:00+00:00,76104.0078125,76104.0078125,76132.6015625,76104.0078125,76117.3203125,1124352
2026-08-23 07:54:00+00:00,76036.6171875,76036.6171875,76105.71875,76036.6171875,76104.0078125,0
2026-08-23 07:55:00+00:00,75990.2109375,75990.2109375,76033.25,75990.2109375,76010.3984375,0
2026-08-23 07:56:00+00:00,75960.703125,75960.703125,75982.09375,75930.140625,75982.09375,13049856
2026-08-23 07:57:00+00:00,75926.6328125,75926.6328125,75955.6875,75926.6171875,75934.5234375,92160000
2026-08-23 07:58:00+00:00,75899.2734375,75899.2734375,75930.15625,75899.2734375,75926.359375,0
2026-08-23 07:59:00+00:00,75986.9921875,75986.9921875,75986.9921875,75907.2109375,75907.2109375,3117056
2026-08-23 08:00:00+00:00,75992.0,75992.0,75992.0,75967.5234375,75987.7890625,6709248
2026-08-23 08:01:00+00:00,75945.296875,75945.296875,75993.4921875,75933.96875,75993.4921875,0
2026-08-23 08:02:00+00:00,76006.796875,76006.796875,76006.796875,75956.8828125,75956.8828125,0
2026-08-23 08:03:00+00:00,75973.15625,75973.15625,76016.8125,75954.0234375,75995.09375,12261376
2026-08-23 08:04:00+00:00,76024.5,76024.5,76024.5,75966.828125,75973.4765625,0
2026-08-23 08:05:00+00:00,76054.4921875,76054.4921875,76054.4921875,76018.0703125,76028.9921875,0
2026-08-23 08:06:00+00:00,76081.3515625,76081.3515625,76090.46875,76043.796875,76054.4921875,0
2026-08-23 08:07:00+00:00,76086.4765625,76086.4765625,76094.3984375,76075.3125,76081.3515625,0
2026-08-23 08:08:00+00:00,76138.4609375,76138.4609375,76138.4765625,76098.2109375,76098.2109375,520192
2026-08-23 08:09:00+00:00,76209.7578125,76209.7578125,76226.5390625,76148.7578125,76148.7578125,0
2026-08-23 08:10:00+00:00,76230.0234375,76230.0234375,76271.5390625,76230.0234375,76247.203125,0
2026-08-23 08:11:00+00:00,76195.9375,76195.9375,76239.5625,76182.25,76228.109375,0
2026-08-23 08:12:00+00:00,76241.6484375,76241.6484375,76257.0,76215.75,76215.75,0
2026-08-23 08:13:00+00:00,76186.09375,76186.09375,76220.7421875,76178.453125,76220.46875,0
2026-08-23 08:14:00+00:00,76190.9921875,76190.9921875,76191.0078125,76183.84375,76191.0078125,0
2026-08-23 08:15:00+00:00,76199.1484375,76199.1484375,76210.4765625,76182.96875,76191.0078125,0
2026-08-23 08:16:00+00:00,76207.34375,76207.34375,76228.1015625,76198.3125,76198.3125,146462720
2026-08-23 08:17:00+00:00,76279.7890625,76279.7890625,76280.953125,76206.328125,76208.6328125,0
2026-08-23 08:18:00+00:00,76276.03125,76276.03125,76280.6484375,76262.4921875,76272.0234375,0
2026-08-23 08:19:00+00:00,76246.109375,76246.109375,76256.703125,76244.25,76244.25,38385664
2026-08-23 08:20:00+00:00,76229.796875,76229.796875,76246.109375,76226.6796875,76246.109375,0
2026-08-23 08:21:00+00:00,76220.4609375,76220.4609375,76235.7421875,76209.1796875,76224.4765625,0
2026-08-23 08:22:00+00:00,76209.1796875,76209.1796875,76220.4765625,76209.1796875,76211.9765625,0
2026-08-23 08:23:00+00:00,76207.640625,76207.640625,76209.65625,76203.171875,76203.171875,0
2026-08-23 08:24:00+00:00,76227.0390625,76227.0390625,76233.3984375,76223.9765625,76223.9765625,0
2026-08-23 08:25:00+00:00,76216.8515625,76216.8515625,76228.09375,76210.03125,76228.09375,40278016
2026-08-23 08:26:00+00:00,76205.1875,76205.1875,76235.7265625,76205.1875,76220.4609375,1808384
2026-08-23 08:27:00+00:00,76237.4921875,76237.4921875,76237.4921875,76205.1796875,76205.1796875,0
2026-08-23 08:28:00+00:00,76232.671875,76232.671875,76243.3828125,76232.671875,76243.3828125,84312064
2026-08-23 08:29:00+00:00,76219.4921875,76219.4921875,76236.0078125,76213.5,76232.6796875,0
2026-08-23 08:30:00+00:00,76237.78125,76237.78125,76242.390625,76231.453125,76231.453125,0
2026-08-23 08:31:00+00:00,76264.7109375,76264.7109375,76264.7109375,76239.5625,76239.5625,0
2026-08-23 08:32:00+00:00,76272.15625,76272.15625,76272.15625,76258.671875,76269.5078125,0
2026-08-23 08:33:00+00:00,76283.25,76283.25,76294.3828125,76268.1015625,76268.1015625,0
2026-08-23 08:34:00+00:00,76289.890625,76289.890625,76303.1796875,76251.0234375,76266.3125,0
2026-08-23 08:35:00+00:00,76320.4296875,76320.4296875,76320.4296875,76277.78125,76304.5,0
2026-08-23 08:36:00+00:00,76315.96875,76315.96875,76329.28125,76313.578125,76313.578125,0
2026-08-23 08:37:00+00:00,76421.9921875,76421.9921875,76421.9921875,76327.421875,76327.421875,0
2026-08-23 08:38:00+00:00,76453.4765625,76453.4765625,76455.34375,76380.90625,76380.90625,0
2026-08-23 08:39:00+00:00,76425.78125,76425.78125,76457.296875,76415.2578125,76455.0078125,0
2026-08-23 08:40:00+00:00,76476.390625,76476.390625,76476.390625,76411.46875,76415.2890625,0
2026-08-23 08:41:00+00:00,76522.2421875,76522.2421875,76583.3671875,76494.03125,76494.03125,0
2026-08-23 08:42:00+00:00,76523.59375,76523.59375,76569.0,76506.96875,76546.4921875,0
2026-08-23 08:43:00+00:00,76506.96875,76506.96875,76533.0,76506.96875,76523.7734375,0
2026-08-23 08:44:00+00:00,76506.4921875,76506.4921875,76516.5,76503.1484375,76514.9921875,0
2026-08-23 08:45:00+00:00,76587.1796875,76587.1796875,76587.1796875,76506.4921875,76506.4921875,0
2026-08-23 08:46:00+00:00,76554.546875,76554.546875,76605.8828125,76554.546875,76575.7265625,0
2026-08-23 08:47:00+00:00,76504.2265625,76504.2265625,76537.0390625,76495.8125,76522.2421875,49152
2026-08-23 08:48:00+00:00,76491.671875,76491.671875,76517.2734375,76477.5234375,76498.828125,0
2026-08-23 08:49:00+00:00,76473.6796875,76473.6796875,76507.5078125,76473.6796875,76491.3984375,840790016
2026-08-23 08:50:00+00:00,76456.96875,76456.96875,76474.4921875,76456.96875,76473.6796875,4599808
2026-08-23 08:51:00+00:00,76495.5,76495.5,76495.5,76447.859375,76456.96875,0
2026-08-23 08:52:00+00:00,76514.609375,76514.609375,76525.8125,76504.4921875,76504.4921875,0
2026-08-23 08:53:00+00:00,76494.5,76494.5,76522.2421875,76494.5,76519.09375,0
2026-08-23 08:54:00+00:00,76499.3203125,76499.3203125,76499.3203125,76484.8203125,76494.5,0
2026-08-23 08:55:00+00:00,76493.203125,76493.203125,76493.203125,76471.4921875,76492.5,0
2026-08-23 08:56:00+00:00,76442.0078125,76442.0078125,76504.4921875,76442.0078125,76493.71875,0
2026-08-23 08:57:00+00:00,76447.2265625,76447.2265625,76454.7109375,76446.1484375,76453.4765625,0
2026-08-23 08:58:00+00:00,76453.4765625,76453.4765625,76453.4765625,76434.390625,76447.2265625,0
2026-08-23 08:59:00+00:00,76464.9375,76464.9375,76476.0703125,76453.4765625,76453.4765625,0
2026-08-23 09:00:00+00:00,76449.671875,76449.671875,76468.46875,76449.671875,76468.46875,2523136
2026-08-23 09:01:00+00:00,76526.9296875,76526.9296875,76528.5,76449.671875,76449.671875,0
2026-08-23 09:02:00+00:00,76575.71875,76575.71875,76575.71875,76528.5,76528.5,0
2026-08-23 09:03:00+00:00,76510.7890625,76510.7890625,76600.5234375,76510.7890625,76575.71875,0
2026-08-23 09:04:00+00:00,76583.828125,76583.828125,76591.0,76522.2421875,76522.2421875,0
2026-08-23 09:05:00+00:00,76592.8515625,76592.8515625,76592.8515625,76563.8515625,76563.8515625,0
2026-08-23 09:06:00+00:00,76575.7265625,76575.7265625,76593.8828125,76575.7265625,76593.8828125,0
2026-08-23 09:07:00+00:00,76592.8984375,76592.8984375,76629.203125,76575.7265625,76575.7265625,0
2026-08-23 09:08:00+00:00,76591.0078125,76591.0078125,76608.0,76566.7890625,76585.5234375,0
2026-08-23 09:09:00+00:00,76572.8515625,76572.8515625,76594.4765625,76567.65625,76568.09375,0
2026-08-23 09:10:00+00:00,76568.6484375,76568.6484375,76584.7578125,76556.6328125,76575.71875,0
2026-08-23 09:11:00+00:00,76552.8125,76552.8125,76568.9921875,76552.8125,76560.453125,33001472
2026-08-23 09:12:00+00:00,76534.3515625,76534.3515625,76545.15625,76526.0703125,76541.3515625,0
2026-08-23 09:13:00+00:00,76547.7421875,76547.7421875,76547.7421875,76534.3515625,76534.3515625,0
2026-08-23 09:14:00+00:00,76568.140625,76568.140625,76570.40625,76541.3515625,76549.2734375,0
2026-08-23 09:15:00+00:00,76591.6015625,76591.6015625,76594.7890625,76568.140625,76569.671875,0
2026-08-23 09:16:00+00:00,76540.0625,76540.0625,76594.8203125,76540.0625,76591.6015625,0
2026-08-23 09:17:00+00:00,76522.25,76522.25,76531.7109375,76495.5078125,76518.4296875,0
2026-08-23 09:18:00+00:00,76512.9765625,76512.9765625,76528.828125,76500.0,76528.828125,0
2026-08-23 09:19:00+00:00,76524.4609375,76524.4609375,76540.3515625,76518.421875,76518.421875,0
2026-08-23 09:20:00+00:00,76496.546875,76496.546875,76529.8828125,76496.546875,76521.390625,0
2026-08-23 09:21:00+00:00,76491.0078125,76491.0078125,76494.390625,76461.1328125,76494.390625,0
2026-08-23 09:22:00+00:00,76529.9921875,76529.9921875,76529.9921875,76485.6171875,76491.6796875,0
2026-08-23 09:23:00+00:00,76526.0625,76526.0625,76529.9921875,76508.9375,76529.9921875,0
2026-08-23 09:24:00+00:00,76479.328125,76479.328125,76526.0625,76479.328125,76526.0625,0
2026-08-23 09:25:00+00:00,76501.921875,76501.921875,76501.921875,76479.328125,76479.328125,0
2026-08-23 09:26:00+00:00,76539.0078125,76539.0078125,76539.0078125,76514.6015625,76514.6015625,0
2026-08-23 09:27:00+00:00,76541.359375,76541.359375,76567.4921875,76540.953125,76540.953125,2656256
2026-08-23 09:28:00+00:00,76553.53125,76553.53125,76564.2578125,76533.7109375,76541.3515625,0
2026-08-23 09:29:00+00:00,76537.53125,76537.53125,76557.71875,76537.5234375,76557.71875,0
2026-08-23 09:30:00+00:00,76469.9921875,76469.9921875,76541.8515625,76464.953125,76541.8515625,0
2026-08-23 09:31:00+00:00,76468.6171875,76468.6171875,76481.25,76461.2265625,76464.953125,0
2026-08-23 09:32:00+00:00,76489.609375,76489.609375,76489.609375,76476.6796875,76476.6796875,0
2026-08-23 09:33:00+00:00,76485.53125,76485.53125,76487.4296875,76476.6875,76481.7890625,0
2026-08-23 09:34:00+00:00,76482.0078125,76482.0078125,76495.5078125,76482.0078125,76485.53125,0
2026-08-23 09:35:00+00:00,76476.671875,76476.671875,76485.859375,76476.671875,76482.2734375,0
2026-08-23 09:36:00+00:00,76531.53125,76531.53125,76531.53125,76492.65625,76498.5078125,0
2026-08-23 09:37:00+00:00,76530.5703125,76530.5703125,76537.078125,76526.0703125,76529.9375,0
2026-08-23 09:38:00+00:00,76499.34375,76499.34375,76530.59375,76494.609375,76530.59375,2729984
2026-08-23 09:39:00+00:00,76521.8125,76521.8125,76521.8125,76498.9296875,76499.328125,0
2026-08-23 09:40:00+00:00,76540.4765625,76540.4765625,76540.4765625,76526.0625,76526.0703125,0
2026-08-23 09:41:00+00:00,76547.1484375,76547.1484375,76557.3203125,76542.609375,76542.609375,0
2026-08-23 09:42:00+00:00,76548.03125,76548.03125,76548.03125,76530.921875,76545.6015625,0
2026-08-23 09:43:00+00:00,76555.046875,76555.046875,76556.6171875,76548.0234375,76548.03125,4100096
2026-08-23 09:44:00+00:00,76559.59375,76559.59375,76559.59375,76553.5234375,76555.046875,0
2026-08-23 09:45:00+00:00,76556.09375,76556.09375,76579.5390625,76556.09375,76559.59375,7065600
2026-08-23 09:46:00+00:00,76529.3671875,76529.3671875,76559.9296875,76529.3671875,76559.9296875,0
2026-08-23 09:47:00+00:00,76536.0703125,76536.0703125,76545.15625,76499.3515625,76516.8515625,0
2026-08-23 09:48:00+00:00,76583.359375,76583.359375,76583.359375,76548.9765625,76548.9765625,0
2026-08-23 09:49:00+00:00,76591.0078125,76591.0078125,76600.0,76590.2421875,76591.25,0
2026-08-23 09:50:00+00:00,76610.1015625,76610.1015625,76610.1015625,76583.2734375,76583.359375,0
2026-08-23 09:51:00+00:00,76612.3984375,76612.3984375,76612.3984375,76612.390625,76612.3984375,0
2026-08-23 09:52:00+00:00,76598.5625,76598.5625,76625.3828125,76598.5625,76612.3984375,0
2026-08-23 09:53:00+00:00,76583.3671875,76583.3671875,76625.3828125,76583.3671875,76606.28125,0
2026-08-23 09:54:00+00:00,76588.1015625,76588.1015625,76594.828125,76576.890625,76583.3671875,0
2026-08-23 09:55:00+00:00,76580.1015625,76580.1015625,76594.828125,76580.1015625,76594.828125,0
2026-08-23 09:56:00+00:00,76566.609375,76566.609375,76587.40625,76566.609375,76584.5234375,0
2026-08-23 09:57:00+00:00,76579.53125,76579.53125,76579.53125,76566.609375,76566.609375,47071232
2026-08-23 09:58:00+00:00,76568.078125,76568.078125,76583.5703125,76565.6171875,76579.5390625,0
2026-08-23 09:59:00+00:00,76540.0078125,76540.0078125,76575.71875,76540.0078125,76575.71875,0
2026-08-23 10:00:00+00:00,76580.328125,76580.328125,76587.1796875,76533.7109375,76533.7109375,0
2026-08-23 10:01:00+00:00,76552.8125,76552.8125,76584.109375,76552.8125,76580.34375,0
2026-08-23 10:02:00+00:00,76586.421875,76586.421875,76586.421875,76555.8203125,76555.8203125,0
2026-08-23 10:03:00+00:00,76622.7109375,76622.7109375,76622.7109375,76586.421875,76586.421875,0
2026-08-23 10:04:00+00:00,76610.1015625,76610.1015625,76625.3828125,76600.7578125,76613.9296875,0
2026-08-23 10:05:00+00:00,76656.0,76656.0,76656.0,76616.140625,76616.140625,0
2026-08-23 10:06:00+00:00,76701.7890625,76701.7890625,76724.6015625,76640.65625,76640.65625,0
2026-08-23 10:07:00+00:00,76704.3671875,76704.3671875,76717.0625,76663.578125,76663.578125,0
2026-08-23 10:08:00+00:00,76665.1328125,76665.1328125,76704.3828125,76663.59375,76704.3828125,0
2026-08-23 10:09:00+00:00,76667.3984375,76667.3984375,76667.3984375,76655.953125,76659.7734375,0
2026-08-23 10:10:00+00:00,76640.671875,76640.671875,76682.671875,76640.671875,76682.671875,0
2026-08-23 10:11:00+00:00,76623.21875,76623.21875,76635.921875,76622.65625,76635.921875,0
2026-08-23 10:12:00+00:00,76617.75,76617.75,76655.5390625,76617.75,76625.3828125,0
2026-08-23 10:13:00+00:00,76598.6484375,76598.6484375,76630.671875,76598.6484375,76613.9296875,1157120
2026-08-23 10:14:00+00:00,76642.3515625,76642.3515625,76648.2890625,76591.0078125,76598.65625,0
2026-08-23 10:15:00+00:00,76656.328125,76656.328125,76669.03125,76653.34375,76669.03125,0
2026-08-23 10:16:00+00:00,76632.65625,76632.65625,76656.328125,76632.65625,76656.328125,0
2026-08-23 10:17:00+00:00,76644.03125,76644.03125,76644.03125,76630.5625,76638.6171875,0
2026-08-23 10:18:00+00:00,76647.9296875,76647.9296875,76647.9296875,76644.0390625,76644.0390625,0
2026-08-23 10:19:00+00:00,76647.921875,76647.921875,76647.921875,76633.03125,76642.5625,0
2026-08-23 10:20:00+00:00,76728.546875,76728.546875,76728.546875,76639.6796875,76639.6796875,0
2026-08-23 10:21:00+00:00,76840.609375,76840.609375,76847.3125,76746.578125,76746.578125,0
2026-08-23 10:22:00+00:00,76827.828125,76827.828125,76869.203125,76766.7265625,76840.6328125,0
2026-08-23 10:23:00+00:00,76804.9296875,76804.9296875,76833.84375,76792.453125,76833.84375,0
2026-08-23 10:24:00+00:00,76787.4921875,76787.4921875,76809.5703125,76782.0078125,76809.5703125,0
2026-08-23 10:25:00+00:00,76788.4296875,76788.4296875,76846.953125,76778.1875,76831.4609375,0
2026-08-23 10:26:00+00:00,76785.828125,76785.828125,76812.5625,76785.828125,76788.4296875,0
2026-08-23 10:27:00+00:00,76794.640625,76794.640625,76804.90625,76785.828125,76785.828125,0
2026-08-23 10:28:00+00:00,76743.8125,76743.8125,76788.1328125,76743.8125,76788.1328125,0
2026-08-23 10:29:00+00:00,76738.703125,76738.703125,76755.25,76729.5703125,76755.25,0
2026-08-23 10:30:00+00:00,76732.3515625,76732.3515625,76766.71875,76732.34375,76750.890625,0
2026-08-23 10:31:00+00:00,76766.5625,76766.5625,76766.5625,76724.7109375,76738.140625,0
2026-08-23 10:32:00+00:00,76789.953125,76789.953125,76802.9296875,76756.7265625,76762.90625,3661824
2026-08-23 10:33:00+00:00,76862.21875,76862.21875,76862.21875,76801.109375,76811.0234375,0
2026-08-23 10:34:00+00:00,76876.5625,76876.5625,76885.140625,76860.7890625,76862.21875,0
2026-08-23 10:35:00+00:00,76855.9609375,76855.9609375,76896.609375,76855.9609375,76896.609375,0
2026-08-23 10:36:00+00:00,76866.046875,76866.046875,76876.546875,76856.1015625,76856.1015625,174489600
2026-08-23 10:37:00+00:00,76812.5625,76812.5625,76854.6484375,76802.609375,76854.6484375,0
2026-08-23 10:38:00+00:00,76828.9765625,76828.9765625,76828.9765625,76801.1015625,76812.5625,0
2026-08-23 10:39:00+00:00,76810.578125,76810.578125,76827.828125,76782.0234375,76812.546875,29016064
2026-08-23 10:40:00+00:00,76814.6171875,76814.6171875,76820.203125,76785.828125,76808.75,0
2026-08-23 10:41:00+00:00,76827.84375,76827.84375,76840.703125,76811.140625,76811.140625,0
2026-08-23 10:42:00+00:00,76831.671875,76831.671875,76858.390625,76827.8515625,76827.8515625,0
2026-08-23 10:43:00+00:00,76834.4375,76834.4375,76839.2890625,76808.75,76831.65625,0
2026-08-23 10:44:00+00:00,76841.453125,76841.453125,76842.453125,76827.8515625,76827.8515625,0
2026-08-23 10:45:00+00:00,76851.3671875,76851.3671875,76862.21875,76841.453125,76841.453125,0
2026-08-23 10:46:00+00:00,76854.3203125,76854.3203125,76862.21875,76846.953125,76854.578125,0
2026-08-23 10:47:00+00:00,76824.03125,76824.03125,76839.140625,76824.03125,76835.4921875,0
2026-08-23 10:48:00+00:00,76818.359375,76818.359375,76835.40625,76818.359375,76824.03125,0
2026-08-23 10:49:00+00:00,76792.921875,76792.921875,76805.9921875,76792.921875,76805.9921875,0
2026-08-23 10:50:00+00:00,76814.7734375,76814.7734375,76814.78125,76793.46875,76801.1015625,0
2026-08-23 10:51:00+00:00,76812.5703125,76812.5703125,76842.9921875,76798.0703125,76814.78125,0
2026-08-23 10:52:00+00:00,76804.9296875,76804.9296875,76829.046875,76804.9296875,76812.5703125,0
2026-08-23 10:53:00+00:00,76789.6484375,76789.6484375,76817.203125,76789.6484375,76814.390625,0
2026-08-23 10:54:00+00:00,76805.046875,76805.046875,76809.828125,76792.921875,76792.921875,0
2026-08-23 10:55:00+00:00,76772.3828125,76772.3828125,76805.046875,76772.3828125,76805.046875,0
2026-08-23 10:56:00+00:00,76773.25,76773.25,76778.8828125,76768.0,76772.3828125,0
2026-08-23 10:57:00+00:00,76775.828125,76775.828125,76775.828125,76762.8984375,76773.25,0
2026-08-23 10:58:00+00:00,76766.8125,76766.8125,76787.3203125,76762.90625,76775.8203125,0
2026-08-23 10:59:00+00:00,76776.9296875,76776.9296875,76781.3984375,76766.8125,76766.8125,0
2026-08-23 11:00:00+00:00,76808.5,76808.5,76812.6875,76776.9375,76776.9375,0
2026-08-23 11:01:00+00:00,76811.421875,76811.421875,76834.5703125,76804.9296875,76804.9296875,0
2026-08-23 11:02:00+00:00,76788.3515625,76788.3515625,76823.6171875,76788.3515625,76811.421875,0
2026-08-23 11:03:00+00:00,76742.4375,76742.4375,76788.3515625,76740.8984375,76788.3515625,0
2026-08-23 11:04:00+00:00,76729.578125,76729.578125,76750.5234375,76729.578125,76750.5234375,0
2026-08-23 11:05:00+00:00,76766.7109375,76766.7109375,76766.7109375,76729.578125,76729.578125,0
2026-08-23 11:06:00+00:00,76770.90625,76770.90625,76800.2421875,76770.5390625,76770.5390625,0
2026-08-23 11:07:00+00:00,76801.0703125,76801.0703125,76801.078125,76766.4296875,76766.4296875,0
2026-08-23 11:08:00+00:00,76822.0703125,76822.0703125,76824.0234375,76801.078125,76801.078125,0
2026-08-23 11:09:00+00:00,76794.3515625,76794.3515625,76812.5703125,76785.828125,76812.5703125,0
2026-08-23 11:10:00+00:00,76796.25,76796.25,76803.921875,76792.890625,76801.0703125,0
2026-08-23 11:11:00+00:00,76821.6328125,76821.6328125,76821.6328125,76796.25,76796.25,0
2026-08-23 11:12:00+00:00,76835.46875,76835.46875,76835.4765625,76816.3828125,76821.6328125,0
2026-08-23 11:13:00+00:00,76855.0,76855.0,76855.0,76835.4765625,76835.4765625,0
2026-08-23 11:14:00+00:00,76862.21875,76862.21875,76869.671875,76855.0234375,76855.0234375,7102464
2026-08-23 11:15:00+00:00,76835.4921875,76835.4921875,76874.3671875,76835.4921875,76873.8515625,0
2026-08-23 11:16:00+00:00,76865.0390625,76865.0390625,76865.0390625,76805.7734375,76831.671875,0
2026-08-23 11:17:00+00:00,76854.578125,76854.578125,76863.6015625,76847.046875,76856.359375,0
2026-08-23 11:18:00+00:00,76914.9296875,76914.9296875,76914.9296875,76839.3125,76843.1171875,0
2026-08-23 11:19:00+00:00,76956.5703125,76956.5703125,76956.5703125,76918.1328125,76918.1328125,0
2026-08-23 11:20:00+00:00,77177.8125,77177.8125,77195.8828125,76958.6015625,76958.6015625,0
2026-08-23 11:21:00+00:00,77222.25,77222.25,77229.8125,77157.1171875,77157.1171875,0
2026-08-23 11:22:00+00:00,77183.109375,77183.109375,77228.9375,77179.2890625,77206.03125,0
2026-08-23 11:23:00+00:00,77163.7734375,77163.7734375,77173.6171875,77143.0234375,77164.0,0
2026-08-23 11:24:00+00:00,77269.34375,77269.34375,77301.5234375,77163.7734375,77163.7734375,0
2026-08-23 11:25:00+00:00,77253.1015625,77253.1015625,77281.6875,77253.1015625,77265.2734375,0
2026-08-23 11:26:00+00:00,77184.4375,77184.4375,77236.7890625,77184.4375,77234.921875,6373376
2026-08-23 11:27:00+00:00,77151.7578125,77151.7578125,77198.59375,77151.7578125,77194.5625,0
2026-08-23 11:28:00+00:00,77144.921875,77144.921875,77152.5390625,77141.09375,77141.09375,0
2026-08-23 11:29:00+00:00,77145.953125,77145.953125,77154.2421875,77129.6328125,77154.1015625,62427136
2026-08-23 11:30:00+00:00,77180.921875,77180.921875,77180.921875,77113.4921875,77133.453125,138045440
2026-08-23 11:31:00+00:00,77213.9765625,77213.9765625,77213.9765625,77171.6328125,77171.6328125,0
2026-08-23 11:32:00+00:00,77197.75,77197.75,77229.6015625,77185.6484375,77198.03125,0
2026-08-23 11:33:00+00:00,77169.953125,77169.953125,77197.7421875,77162.2578125,77197.7421875,0
2026-08-23 11:34:00+00:00,77183.7578125,77183.7578125,77183.7578125,77160.1875,77164.0078125,37163008
2026-08-23 11:35:00+00:00,77215.8515625,77215.8515625,77223.3984375,77183.109375,77183.109375,1449984
2026-08-23 11:36:00+00:00,77251.8671875,77251.8671875,77278.6015625,77215.0625,77215.0625,3196928
2026-08-23 11:37:00+00:00,77218.6015625,77218.6015625,77307.3671875,77218.6015625,77231.9921875,0
2026-08-23 11:38:00+00:00,77290.0625,77290.0625,77290.0625,77216.6484375,77216.6484375,0
2026-08-23 11:39:00+00:00,77364.578125,77364.578125,77368.203125,77284.84375,77284.84375,4110336
2026-08-23 11:40:00+00:00,77289.9609375,77289.9609375,77364.59375,77289.9609375,77364.59375,0
2026-08-23 11:41:00+00:00,77292.3125,77292.3125,77300.609375,77267.453125,77290.0625,0
2026-08-23 11:42:00+00:00,77301.5234375,77301.5234375,77306.4375,77277.71875,77293.8828125,0
2026-08-23 11:43:00+00:00,77264.7734375,77264.7734375,77295.1796875,77256.6796875,77295.1796875,17321984
2026-08-23 11:44:00+00:00,77257.1015625,77257.1015625,77280.96875,77257.1015625,77269.2109375,0
2026-08-23 11:45:00+00:00,77280.9921875,77280.9921875,77293.8828125,77261.5,77262.84375,58818560
2026-08-23 11:46:00+00:00,77255.703125,77255.703125,77283.421875,77251.640625,77270.9609375,0
2026-08-23 11:47:00+00:00,77213.6796875,77213.6796875,77262.03125,77205.609375,77259.5,7172096
2026-08-23 11:48:00+00:00,77191.7421875,77191.7421875,77206.03125,77183.1171875,77206.03125,0
2026-08-23 11:49:00+00:00,77197.5625,77197.5625,77202.203125,77169.0078125,77202.203125,0
2026-08-23 11:50:00+00:00,77190.5390625,77190.5390625,77198.3828125,77183.2421875,77198.3828125,30332928
2026-08-23 11:51:00+00:00,77186.9375,77186.9375,77212.25,77183.1015625,77198.71875,0
2026-08-23 11:52:00+00:00,77251.890625,77251.890625,77251.890625,77186.921875,77186.921875,0
2026-08-23 11:53:00+00:00,77335.15625,77335.15625,77335.8984375,77244.2265625,77244.2265625,0
2026-08-23 11:54:00+00:00,77343.140625,77343.140625,77369.140625,77333.3984375,77335.15625,837632
2026-08-23 11:55:00+00:00,77305.359375,77305.359375,77344.5,77305.359375,77344.5,0
2026-08-23 11:56:00+00:00,77300.0078125,77300.0078125,77310.703125,77298.2265625,77302.1484375,81600512
2026-08-23 11:57:00+00:00,77280.1015625,77280.1015625,77300.0078125,77280.1015625,77300.0078125,0
2026-08-23 11:58:00+00:00,77293.890625,77293.890625,77309.15625,77283.0703125,77293.109375,0
2026-08-23 11:59:00+00:00,77288.15625,77288.15625,77300.9921875,77286.25,77286.25,31713280
2026-08-23 12:00:00+00:00,77279.078125,77279.078125,77288.15625,77268.71875,77288.15625,0
2026-08-23 12:01:00+00:00,77224.453125,77224.453125,77270.0078125,77224.453125,77270.0078125,0
2026-08-23 12:02:00+00:00,77242.9921875,77242.9921875,77242.9921875,77221.5,77231.8125,0
2026-08-23 12:03:00+00:00,77200.0,77200.0,77239.421875,77183.109375,77239.421875,0
2026-08-23 12:04:00+00:00,77176.453125,77176.453125,77199.4609375,77166.4375,77199.4609375,0
2026-08-23 12:05:00+00:00,77170.9921875,77170.9921875,77186.921875,77164.0078125,77176.453125,0
2026-08-23 12:06:00+00:00,77099.0703125,77099.0703125,77168.6328125,77068.5078125,77168.6328125,0
2026-08-23 12:07:00+00:00,77127.0078125,77127.0078125,77127.0078125,77083.7890625,77100.0078125,0
2026-08-23 12:08:00+00:00,77136.2890625,77136.2890625,77160.203125,77106.4609375,77126.578125,854016
2026-08-23 12:09:00+00:00,77127.8125,77127.8125,77148.7109375,77118.1796875,77136.8515625,0
2026-08-23 12:10:00+00:00,77071.9609375,77071.9609375,77127.8125,77066.828125,77127.8125,0
2026-08-23 12:11:00+00:00,77026.4765625,77026.4765625,77077.953125,77007.390625,77068.5234375,0
2026-08-23 12:12:00+00:00,77027.53125,77027.53125,77033.2109375,76999.75,77010.2109375,6506496
2026-08-23 12:13:00+00:00,77049.3984375,77049.3984375,77054.6875,77026.2890625,77027.53125,64446464
2026-08-23 12:14:00+00:00,77068.40625,77068.40625,77072.3203125,77045.59375,77045.59375,0
2026-08-23 12:15:00+00:00,77036.7578125,77036.7578125,77062.53125,77035.6328125,77062.53125,81174528
2026-08-23 12:16:00+00:00,77064.6796875,77064.6796875,77064.6796875,77045.578125,77045.578125,0
2026-08-23 12:17:00+00:00,77085.171875,77085.171875,77087.203125,77057.109375,77070.15625,0
2026-08-23 12:18:00+00:00,77073.5625,77073.5625,77078.2734375,77053.4296875,77078.2734375,0
2026-08-23 12:19:00+00:00,77076.03125,77076.03125,77087.6015625,77073.546875,77073.5625,127524864
2026-08-23 12:20:00+00:00,77096.328125,77096.328125,77096.328125,77076.3828125,77076.3828125,0
2026-08-23 12:21:00+00:00,77096.9609375,77096.9609375,77096.9609375,77079.96875,77079.96875,0
2026-08-23 12:22:00+00:00,77092.1796875,77092.1796875,77116.9921875,77092.1796875,77110.0,0
2026-08-23 12:23:00+00:00,77113.46875,77113.46875,77115.046875,77092.1796875,77092.1796875,27283456
2026-08-23 12:24:00+00:00,77095.25,77095.25,77118.15625,77095.25,77116.9765625,0
2026-08-23 12:25:00+00:00,77064.6875,77064.6875,77095.2578125,77064.6875,77095.25,0
2026-08-23 12:26:00+00:00,77021.671875,77021.671875,77064.6875,77021.671875,77057.046875,0
2026-08-23 12:27:00+00:00,77009.7421875,77009.7421875,77018.5,77002.53125,77015.7578125,0
2026-08-23 12:28:00+00:00,77041.7578125,77041.7578125,77041.7578125,77009.7421875,77009.7421875,0
2026-08-23 12:29:00+00:00,77030.296875,77030.296875,77041.7578125,77028.21875,77041.7578125,0
2026-08-23 12:30:00+00:00,77045.578125,77045.578125,77045.578125,77031.0,77031.0,0
2026-08-23 12:31:00+00:00,77051.8671875,77051.8671875,77053.421875,77044.03125,77044.03125,0
2026-08-23 12:32:00+00:00,77059.96875,77059.96875,77072.3203125,77051.8671875,77051.8671875,0
2026-08-23 12:33:00+00:00,77064.6796875,77064.6796875,77085.96875,77053.2265625,77059.9765625,66451456
2026-08-23 12:34:00+00:00,77072.0234375,77072.0234375,77076.1875,77057.046875,77064.6796875,0
2026-08-23 12:35:00+00:00,77063.640625,77063.640625,77073.3828125,77053.21875,77053.21875,0
2026-08-23 12:36:00+00:00,77054.578125,77054.578125,77063.6328125,77041.78125,77063.6328125,0
2026-08-23 12:37:00+00:00,77051.8515625,77051.8515625,77063.640625,77040.0078125,77054.578125,0
2026-08-23 12:38:00+00:00,77049.3984375,77049.3984375,77063.640625,77040.0078125,77063.640625,0
2026-08-23 12:39:00+00:00,77127.8125,77127.8125,77127.8125,77057.0390625,77057.0390625,0
2026-08-23 12:40:00+00:00,77142.15625,77142.15625,77161.1484375,77123.8828125,77127.8125,0
2026-08-23 12:41:00+00:00,77199.953125,77199.953125,77199.953125,77152.546875,77156.3515625,0
2026-08-23 12:42:00+00:00,77160.6875,77160.6875,77199.9375,77158.203125,77199.9375,0
2026-08-23 12:43:00+00:00,77228.953125,77228.953125,77241.75,77167.8203125,77167.8203125,14217216
2026-08-23 12:44:00+00:00,77228.9375,77228.9375,77228.953125,77221.0234375,77228.953125,2142208
2026-08-23 12:45:00+00:00,77215.1484375,77215.1484375,77228.953125,77207.3984375,77228.953125,0
2026-08-23 12:46:00+00:00,77250.0,77250.0,77250.0,77186.9296875,77198.390625,0
2026-08-23 12:47:00+00:00,77213.5625,77213.5625,77244.5703125,77213.5625,77244.5703125,3465216
2026-08-23 12:48:00+00:00,77190.0078125,77190.0078125,77205.1875,77190.0078125,77205.1875,2017280
2026-08-23 12:49:00+00:00,77194.2578125,77194.2578125,77205.2265625,77183.109375,77190.0078125,0
2026-08-23 12:50:00+00:00,77205.0,77205.0,77205.0,77194.25,77194.2578125,1579008
2026-08-23 12:51:00+00:00,77202.203125,77202.203125,77205.0,77194.2578125,77205.0,118994944
2026-08-23 12:52:00+00:00,77198.59375,77198.59375,77202.203125,77198.59375,77202.203125,2658304
2026-08-23 12:53:00+00:00,77171.6484375,77171.6484375,77190.6328125,77171.6484375,77190.6328125,0
2026-08-23 12:54:00+00:00,77151.8828125,77151.8828125,77165.25,77144.9296875,77165.25,0
2026-08-23 12:55:00+00:00,77195.0234375,77195.0234375,77195.0234375,77160.1796875,77160.1796875,0
2026-08-23 12:56:00+00:00,77204.53125,77204.53125,77204.53125,77201.046875,77201.046875,0
2026-08-23 12:57:00+00:00,77202.9765625,77202.9765625,77216.75,77202.9765625,77204.53125,11603968
2026-08-23 12:58:00+00:00,77200.703125,77200.703125,77203.0,77199.140625,77202.9921875,0
2026-08-23 12:59:00+00:00,77201.59375,77201.59375,77213.640625,77194.2421875,77204.15625,0
2026-08-23 13:00:00+00:00,77209.171875,77209.171875,77209.171875,77201.59375,77201.59375,0
2026-08-23 13:01:00+00:00,77215.5703125,77215.5703125,77215.6328125,77209.15625,77209.171875,0
2026-08-23 13:02:00+00:00,77212.859375,77212.859375,77223.4921875,77212.0703125,77215.5625,0
2026-08-23 13:03:00+00:00,77215.0,77215.0,77215.0,77206.671875,77211.421875,0
2026-08-23 13:04:00+00:00,77194.703125,77194.703125,77215.0,77194.703125,77215.0,0
2026-08-23 13:05:00+00:00,77205.0703125,77205.0703125,77205.0703125,77198.96875,77205.0703125,5627904
2026-08-23 13:06:00+00:00,77208.25,77208.25,77211.1015625,77205.0625,77205.0625,0
2026-08-23 13:07:00+00:00,77203.046875,77203.046875,77208.8125,77200.5625,77208.25,0
2026-08-23 13:08:00+00:00,77184.8828125,77184.8828125,77203.0625,77184.8828125,77203.0625,165888
2026-08-23 13:09:00+00:00,77226.6171875,77226.6171875,77226.6875,77184.8828125,77184.8828125,0
2026-08-23 13:10:00+00:00,77270.9609375,77270.9609375,77280.0,77244.0,77244.0,11542528
2026-08-23 13:11:00+00:00,77311.5078125,77311.5078125,77311.5078125,77266.8125,77266.8125,0
2026-08-23 13:12:00+00:00,77320.0,77320.0,77320.0,77312.9765625,77312.9765625,16003072
2026-08-23 13:13:00+00:00,77316.78125,77316.78125,77319.9921875,77312.390625,77315.0078125,0
2026-08-23 13:14:00+00:00,77318.359375,77318.359375,77320.0,77315.2265625,77315.2265625,0
2026-08-23 13:15:00+00:00,77322.65625,77322.65625,77322.65625,77318.359375,77318.359375,0
2026-08-23 13:16:00+00:00,77318.8203125,77318.8203125,77324.9921875,77312.9921875,77322.65625,0
2026-08-23 13:17:00+00:00,77385.5625,77385.5625,77405.4921875,77321.6328125,77325.0,0
2026-08-23 13:18:00+00:00,77442.5234375,77442.5234375,77508.9921875,77387.40625,77387.40625,0
2026-08-23 13:19:00+00:00,77664.421875,77664.421875,77715.546875,77511.6171875,77511.6171875,0
2026-08-23 13:20:00+00:00,77526.90625,77526.90625,77664.421875,77526.90625,77631.0625,0
2026-08-23 13:21:00+00:00,77458.140625,77458.140625,77495.34375,77408.4921875,77495.34375,0
2026-08-23 13:22:00+00:00,77523.078125,77523.078125,77523.078125,77447.7890625,77462.34375,58339328
2026-08-23 13:23:00+00:00,77525.8125,77525.8125,77593.53125,77522.25,77522.25,34922496
2026-08-23 13:24:00+00:00,77623.796875,77623.796875,77623.796875,77534.5390625,77534.5390625,0
2026-08-23 13:25:00+00:00,77500.0078125,77500.0078125,77574.078125,77500.0078125,77574.078125,195487744
2026-08-23 13:26:00+00:00,77529.828125,77529.828125,77552.28125,77521.3203125,77526.8984375,0
2026-08-23 13:27:00+00:00,77515.421875,77515.421875,77549.8203125,77515.421875,77530.71875,169400320
2026-08-23 13:28:00+00:00,77474.7265625,77474.7265625,77519.7109375,77474.7265625,77519.7109375,0
2026-08-23 13:29:00+00:00,77425.6328125,77425.6328125,77467.4921875,77419.953125,77467.4921875,11687936
2026-08-23 13:30:00+00:00,77388.34375,77388.34375,77410.921875,77368.3515625,77368.3515625,0
2026-08-23 13:31:00+00:00,77436.40625,77436.40625,77488.703125,77355.390625,77379.9296875,190918656
2026-08-23 13:32:00+00:00,77402.0703125,77402.0703125,77481.0703125,77402.0703125,77469.6015625,0
2026-08-23 13:33:00+00:00,77416.6171875,77416.6171875,77419.9375,77372.5234375,77393.2109375,0
2026-08-23 13:34:00+00:00,77376.4609375,77376.4609375,77404.59375,77372.4921875,77385.5703125,18313216
2026-08-23 13:35:00+00:00,77351.953125,77351.953125,77380.5234375,77346.2890625,77369.6171875,2990080
2026-08-23 13:36:00+00:00,77457.6015625,77457.6015625,77467.609375,77366.4609375,77366.4609375,29227008
2026-08-23 13:37:00+00:00,77494.1171875,77494.1171875,77494.1171875,77450.4609375,77461.9609375,0
2026-08-23 13:38:00+00:00,77500.75,77500.75,77507.7890625,77473.4296875,77492.28125,19073024
2026-08-23 13:39:00+00:00,77583.140625,77583.140625,77583.140625,77498.0625,77498.0625,39786496
2026-08-23 13:40:00+00:00,77556.7421875,77556.7421875,77595.65625,77542.1875,77564.46875,0
2026-08-23 13:41:00+00:00,77515.4765625,77515.4765625,77559.859375,77515.4765625,77559.859375,0
2026-08-23 13:42:00+00:00,77486.0078125,77486.0078125,77511.6171875,77486.0078125,77501.71875,0
2026-08-23 13:43:00+00:00,77488.8828125,77488.8828125,77495.2734375,77473.4296875,77491.53125,136701952
2026-08-23 13:44:00+00:00,77510.2890625,77510.2890625,77510.2890625,77481.0703125,77490.34375,0
2026-08-23 13:45:00+00:00,77455.7734375,77455.7734375,77515.4375,77396.2734375,77500.171875,45903872
2026-08-23 13:46:00+00:00,77492.5,77492.5,77492.5,77439.046875,77450.5234375,0
2026-08-23 13:47:00+00:00,77550.9296875,77550.9296875,77557.4609375,77500.171875,77504.2890625,0
2026-08-23 13:48:00+00:00,77510.7890625,77510.7890625,77542.1875,77510.7890625,77542.1875,0
2026-08-23 13:49:00+00:00,77454.328125,77454.328125,77519.25,77454.328125,77519.25,24055808
2026-08-23 13:50:00+00:00,77456.21875,77456.21875,77477.203125,77446.7578125,77455.8828125,0
2026-08-23 13:51:00+00:00,77381.75,77381.75,77450.4921875,77381.75,77440.2421875,0
2026-08-23 13:52:00+00:00,77380.3515625,77380.3515625,77431.28125,77380.3515625,77384.9609375,0
2026-08-23 13:53:00+00:00,77415.828125,77415.828125,77423.7578125,77365.59375,77377.390625,0
2026-08-23 13:54:00+00:00,77480.2734375,77480.2734375,77484.4921875,77416.1171875,77416.1171875,0
2026-08-23 13:55:00+00:00,77461.421875,77461.421875,77484.890625,77442.2109375,77484.890625,2473984
2026-08-23 13:56:00+00:00,77439.328125,77439.328125,77468.75,77439.046875,77451.0625,0
2026-08-23 13:57:00+00:00,77444.9296875,77444.9296875,77448.609375,77435.2265625,77439.328125,0
2026-08-23 13:58:00+00:00,77461.96875,77461.96875,77473.421875,77440.28125,77449.9375,29415424
2026-08-23 13:59:00+00:00,77477.2421875,77477.2421875,77477.2421875,77456.8125,77456.8125,0
2026-08-23 14:00:00+00:00,77502.2890625,77502.2890625,77508.34375,77478.3203125,77481.78125,36982784
2026-08-23 14:01:00+00:00,77559.953125,77559.953125,77559.953125,77507.796875,77507.796875,0
2026-08-23 14:02:00+00:00,77572.75,77572.75,77598.28125,77565.71875,77565.71875,1644544
2026-08-23 14:03:00+00:00,77530.7265625,77530.7265625,77575.1328125,77530.7265625,77572.7578125,0
2026-08-23 14:04:00+00:00,77546.0078125,77546.0078125,77555.9921875,77511.453125,77528.1171875,0
2026-08-23 14:05:00+00:00,77461.0625,77461.0625,77554.0078125,77459.0625,77544.1171875,90531840
2026-08-23 14:06:00+00:00,77366.4609375,77366.4609375,77474.5234375,77340.7265625,77474.5234375,3420160
2026-08-23 14:07:00+00:00,77348.640625,77348.640625,77393.1875,77320.6328125,77366.46875,0
2026-08-23 14:08:00+00:00,77416.1171875,77416.1171875,77418.90625,77343.5390625,77343.5390625,0
2026-08-23 14:09:00+00:00,77408.2734375,77408.2734375,77429.890625,77397.7109375,77429.890625,51437568
2026-08-23 14:10:00+00:00,77473.421875,77473.421875,77473.421875,77408.546875,77408.546875,0
2026-08-23 14:11:00+00:00,77466.78125,77466.78125,77505.5390625,77466.78125,77482.3984375,9850880
2026-08-23 14:12:00+00:00,77511.6328125,77511.6328125,77511.6328125,77473.796875,77500.6484375,0
2026-08-23 14:13:00+00:00,77565.1015625,77565.1015625,77565.1015625,77526.8984375,77526.8984375,0
2026-08-23 14:14:00+00:00,77541.8828125,77541.8828125,77556.25,77530.7265625,77556.25,0
2026-08-23 14:15:00+00:00,77587.15625,77587.15625,77595.3515625,77541.8828125,77541.8828125,0
2026-08-23 14:16:00+00:00,77609.1328125,77609.1328125,77630.578125,77587.15625,77595.3515625,0
2026-08-23 14:17:00+00:00,77557.46875,77557.46875,77609.1328125,77557.46875,77609.1328125,14458880
2026-08-23 14:18:00+00:00,77505.359375,77505.359375,77571.390625,77505.3515625,77559.0,0
2026-08-23 14:19:00+00:00,77467.5390625,77467.5390625,77515.171875,77449.1328125,77515.171875,0
2026-08-23 14:20:00+00:00,77489.3671875,77489.3671875,77497.578125,77467.5390625,77467.5390625,14278656
2026-08-23 14:21:00+00:00,77490.90625,77490.90625,77492.5078125,77466.828125,77482.078125,0
2026-08-23 14:22:00+00:00,77426.7890625,77426.7890625,77488.703125,77426.7890625,77485.1796875,16453632
2026-08-23 14:23:00+00:00,77427.4921875,77427.4921875,77455.96875,77418.296875,77426.3125,0
2026-08-23 14:24:00+00:00,77414.859375,77414.859375,77440.8984375,77410.03125,77440.109375,21432320
2026-08-23 14:25:00+00:00,77446.6875,77446.6875,77461.0,77392.6875,77421.3828125,0
2026-08-23 14:26:00+00:00,77463.5078125,77463.5078125,77481.78125,77446.6875,77446.6875,9259008
2026-08-23 14:27:00+00:00,77461.96875,77461.96875,77478.609375,77461.96875,77463.5078125,140689408
2026-08-23 14:28:00+00:00,77480.609375,77480.609375,77484.8828125,77463.46875,77463.46875,0
2026-08-23 14:29:00+00:00,77439.2421875,77439.2421875,77482.1484375,77416.078125,77482.140625,0
2026-08-23 14:30:00+00:00,77442.3828125,77442.3828125,77459.609375,77417.78125,77417.78125,0
2026-08-23 14:31:00+00:00,77443.34375,77443.34375,77454.3203125,77431.40625,77431.40625,5574656
2026-08-23 14:32:00+00:00,77412.3125,77412.3125,77441.71875,77412.3125,77441.71875,0
2026-08-23 14:33:00+00:00,77433.0078125,77433.0078125,77433.0078125,77403.1796875,77423.7578125,58071040
2026-08-23 14:34:00+00:00,77412.75,77412.75,77433.1171875,77408.5390625,77433.1171875,0
2026-08-23 14:35:00+00:00,77432.4609375,77432.4609375,77438.046875,77416.4921875,77416.4921875,0
2026-08-23 14:36:00+00:00,77432.8203125,77432.8203125,77435.1796875,77420.09375,77426.15625,0
2026-08-23 14:37:00+00:00,77446.671875,77446.671875,77446.6796875,77416.1328125,77416.1328125,0
2026-08-23 14:38:00+00:00,77452.75,77452.75,77478.9921875,77437.390625,77437.390625,0
2026-08-23 14:39:00+00:00,77426.671875,77426.671875,77458.4609375,77420.3203125,77458.4296875,497664
2026-08-23 14:40:00+00:00,77440.328125,77440.328125,77450.7421875,77419.953125,77426.671875,0
2026-08-23 14:41:00+00:00,77390.1171875,77390.1171875,77450.203125,77390.1171875,77444.2109375,0
2026-08-23 14:42:00+00:00,76857.390625,76857.390625,77390.1171875,76857.390625,77390.1171875,0
2026-08-23 14:43:00+00:00,77045.3515625,77045.3515625,77045.3515625,76829.4296875,76850.7265625,0
2026-08-23 14:44:00+00:00,77004.2890625,77004.2890625,77089.0,76999.75,77087.5390625,0
2026-08-23 14:45:00+00:00,77018.84375,77018.84375,77175.4609375,77017.3828125,77044.2421875,0
2026-08-23 14:46:00+00:00,77043.9375,77043.9375,77090.828125,77026.359375,77072.3203125,0
2026-08-23 14:47:00+00:00,77074.0078125,77074.0078125,77129.2265625,77069.2734375,77069.2734375,157362176
2026-08-23 14:48:00+00:00,77145.3671875,77145.3671875,77161.1171875,77092.8515625,77092.8515625,0
2026-08-23 14:49:00+00:00,77190.7421875,77190.7421875,77190.7421875,77137.2890625,77137.2890625,470386688
2026-08-23 14:50:00+00:00,77237.2109375,77237.2109375,77237.2109375,77179.28125,77179.28125,0
2026-08-23 14:51:00+00:00,77179.0390625,77179.0390625,77243.3515625,77171.6484375,77240.3984375,166414336
2026-08-23 14:52:00+00:00,77188.53125,77188.53125,77203.75,77175.46875,77193.0078125,0
2026-08-23 14:53:00+00:00,77184.046875,77184.046875,77202.5234375,77167.2578125,77183.5703125,0
2026-08-23 14:54:00+00:00,77255.3203125,77255.3203125,77308.2578125,77179.2890625,77179.2890625,13860864
2026-08-23 14:55:00+00:00,77180.828125,77180.828125,77238.2734375,77141.09375,77238.2734375,93446144
2026-08-23 14:56:00+00:00,77175.46875,77175.46875,77217.4921875,77175.4609375,77175.4609375,0
2026-08-23 14:57:00+00:00,77194.546875,77194.546875,77194.546875,77129.671875,77177.28125,43681792
2026-08-23 14:58:00+00:00,77159.1796875,77159.1796875,77183.75,77148.7265625,77179.2890625,0
2026-08-23 14:59:00+00:00,77180.453125,77180.453125,77180.453125,77145.328125,77172.4375,0
2026-08-23 15:00:00+00:00,77080.5,77080.5,77212.0078125,77071.7109375,77212.0078125,132734976
2026-08-23 15:01:00+00:00,77254.7421875,77254.7421875,77254.7421875,77121.9765625,77121.9765625,0
2026-08-23 15:02:00+00:00,77167.8203125,77167.8203125,77261.359375,77153.71875,77254.7421875,13475840
2026-08-23 15:03:00+00:00,77182.0234375,77182.0234375,77236.578125,77154.6796875,77175.4609375,0
2026-08-23 15:04:00+00:00,77251.859375,77251.859375,77251.859375,77190.7421875,77190.7421875,0
2026-08-23 15:05:00+00:00,77295.2734375,77295.2734375,77295.2734375,77235.921875,77251.859375,0
2026-08-23 15:06:00+00:00,77300.6484375,77300.6484375,77320.0625,77276.2890625,77305.34375,132587520
2026-08-23 15:07:00+00:00,77301.53125,77301.53125,77318.140625,77272.2890625,77282.4296875,0
2026-08-23 15:08:00+00:00,77247.90625,77247.90625,77290.09375,77239.4609375,77290.09375,0
2026-08-23 15:09:00+00:00,77263.3125,77263.3125,77263.3125,77221.3125,77246.4921875,0
2026-08-23 15:10:00+00:00,77285.203125,77285.203125,77292.8125,77274.9296875,77274.9296875,126111744
2026-08-23 15:11:00+00:00,77232.7734375,77232.7734375,77282.421875,77232.7734375,77272.609375,0
2026-08-23 15:12:00+00:00,77219.828125,77219.828125,77238.53125,77202.2109375,77224.25,0
2026-08-23 15:13:00+00:00,77181.171875,77181.171875,77219.828125,77166.953125,77219.828125,0
2026-08-23 15:14:00+00:00,77144.90625,77144.90625,77184.6484375,77144.90625,77183.1015625,0
2026-08-23 15:15:00+00:00,77150.0078125,77150.0078125,77163.8984375,77114.3515625,77144.90625,0
2026-08-23 15:16:00+00:00,77098.546875,77098.546875,77148.7265625,77068.5,77148.7265625,0
2026-08-23 15:17:00+00:00,77099.0703125,77099.0703125,77125.796875,77098.15625,77098.15625,0
2026-08-23 15:18:00+00:00,77079.9609375,77079.9609375,77102.921875,77072.328125,77102.453125,0
2026-08-23 15:19:00+00:00,76992.1015625,76992.1015625,77076.1484375,76917.921875,77076.1484375,0
2026-08-23 15:20:00+00:00,77072.0625,77072.0625,77076.140625,76989.359375,77007.390625,0
2026-08-23 15:21:00+00:00,77145.140625,77145.140625,77145.140625,77078.046875,77078.046875,17342464
2026-08-23 15:22:00+00:00,77200.6484375,77200.6484375,77213.6484375,77133.4375,77137.25,0
2026-08-23 15:23:00+00:00,77150.7578125,77150.7578125,77225.1171875,77134.9375,77209.84375,0
2026-08-23 15:24:00+00:00,77206.0234375,77206.0234375,77206.0234375,77153.609375,77153.609375,0
2026-08-23 15:25:00+00:00,77208.59375,77208.59375,77215.390625,77197.6328125,77197.6328125,18198528
2026-08-23 15:26:00+00:00,77207.046875,77207.046875,77211.28125,77183.109375,77198.390625,9592832
2026-08-23 15:27:00+00:00,77194.5625,77194.5625,77209.828125,77184.0,77208.921875,18018304
2026-08-23 15:28:00+00:00,77170.96875,77170.96875,77187.40625,77169.2734375,77187.40625,0
2026-08-23 15:29:00+00:00,77185.390625,77185.390625,77185.390625,77170.96875,77170.96875,0
2026-08-23 15:30:00+00:00,77210.3671875,77210.3671875,77212.359375,77199.203125,77199.203125,40761344
2026-08-23 15:31:00+00:00,77244.2265625,77244.2265625,77259.0,77232.7890625,77232.7890625,0
2026-08-23 15:32:00+00:00,77152.546875,77152.546875,77236.59375,77152.546875,77236.59375,0
2026-08-23 15:33:00+00:00,77123.28125,77123.28125,77152.546875,77123.28125,77137.2734375,0
2026-08-23 15:34:00+00:00,77151.4609375,77151.4609375,77159.4296875,77118.171875,77118.171875,13688832
2026-08-23 15:35:00+00:00,77198.390625,77198.390625,77206.546875,77159.078125,77159.078125,0
2026-08-23 15:36:00+00:00,77184.71875,77184.71875,77200.53125,77181.546875,77198.203125,0
2026-08-23 15:37:00+00:00,77202.5625,77202.5625,77202.5625,77180.3125,77190.7421875,0
2026-08-23 15:38:00+00:00,77232.7578125,77232.7578125,77232.7578125,77192.2109375,77202.5703125,9883648
2026-08-23 15:39:00+00:00,77259.0,77259.0,77259.0,77232.3984375,77244.21875,0
2026-08-23 15:40:00+00:00,77252.53125,77252.53125,77263.3203125,77242.609375,77258.328125,89452544
2026-08-23 15:41:00+00:00,77255.6328125,77255.6328125,77262.8828125,77245.5625,77255.6796875,0
2026-08-23 15:42:00+00:00,77251.1015625,77251.1015625,77255.6328125,77251.09375,77255.6328125,0
2026-08-23 15:43:00+00:00,77284.6875,77284.6875,77284.6875,77244.2265625,77244.2265625,0
2026-08-23 15:44:00+00:00,77255.640625,77255.640625,77289.1171875,77255.640625,77284.6875,0
2026-08-23 15:45:00+00:00,77188.3671875,77188.3671875,77250.0,77188.3671875,77250.0,6031360
2026-08-23 15:46:00+00:00,77211.859375,77211.859375,77231.3671875,77185.1484375,77185.1484375,0
2026-08-23 15:47:00+00:00,77206.03125,77206.03125,77225.1171875,77195.9375,77202.2109375,1089536
2026-08-23 15:48:00+00:00,77207.1171875,77207.1171875,77207.1171875,77166.296875,77206.03125,0
2026-08-23 15:49:00+00:00,77180.0078125,77180.0078125,77200.5234375,77172.546875,77200.5234375,1232896
2026-08-23 15:50:00+00:00,77166.203125,77166.203125,77173.0625,77166.203125,77172.9765625,0
2026-08-23 15:51:00+00:00,77191.140625,77191.140625,77192.6796875,77160.1875,77160.1875,5023744
2026-08-23 15:52:00+00:00,77168.2421875,77168.2421875,77197.3828125,77168.2421875,77186.9296875,0
2026-08-23 15:53:00+00:00,77159.703125,77159.703125,77186.921875,77159.703125,77172.03125,88741888
2026-08-23 15:54:00+00:00,77166.8671875,77166.8671875,77173.140625,77156.359375,77158.828125,0
2026-08-23 15:55:00+00:00,77148.71875,77148.71875,77166.8671875,77148.25,77166.8671875,0
2026-08-23 15:56:00+00:00,77192.5,77192.5,77195.4765625,77148.7265625,77148.7265625,0
2026-08-23 15:57:00+00:00,77136.9375,77136.9375,77192.5,77134.828125,77192.5,0
2026-08-23 15:58:00+00:00,77116.890625,77116.890625,77141.09375,77116.890625,77135.5703125,0
2026-08-23 15:59:00+00:00,77133.453125,77133.453125,77148.71875,77122.8125,77122.8125,0
2026-08-23 16:00:00+00:00,77180.0,77180.0,77184.109375,77133.453125,77133.453125,0
2026-08-23 16:01:00+00:00,77198.3828125,77198.3828125,77198.3828125,77179.9921875,77179.9921875,0
2026-08-23 16:02:00+00:00,77209.84375,77209.84375,77209.84375,77198.3671875,77198.3828125,0
2026-08-23 16:03:00+00:00,77244.2265625,77244.2265625,77260.6015625,77209.921875,77213.0703125,0
2026-08-23 16:04:00+00:00,77248.046875,77248.046875,77255.6796875,77244.21875,77248.03125,0
2026-08-23 16:05:00+00:00,77244.203125,77244.203125,77246.1796875,77222.0390625,77246.1796875,0
2026-08-23 16:06:00+00:00,77221.3203125,77221.3203125,77246.6171875,77221.3203125,77244.1875,0
2026-08-23 16:07:00+00:00,77210.28125,77210.28125,77223.109375,77202.2109375,77223.109375,0
2026-08-23 16:08:00+00:00,77230.9296875,77230.9296875,77237.4765625,77210.28125,77210.28125,0
2026-08-23 16:09:00+00:00,77191.5390625,77191.5390625,77230.7421875,77191.5390625,77228.953125,87977984
2026-08-23 16:10:00+00:00,77230.15625,77230.15625,77230.15625,77202.203125,77202.203125,0
2026-08-23 16:11:00+00:00,77258.359375,77258.359375,77263.3203125,77240.28125,77240.28125,0
2026-08-23 16:12:00+00:00,77248.0390625,77248.0390625,77274.7578125,77232.7734375,77258.359375,0
2026-08-23 16:13:00+00:00,77263.6015625,77263.6015625,77263.6015625,77240.3984375,77240.3984375,0
2026-08-23 16:14:00+00:00,77259.4765625,77259.4765625,77263.6015625,77255.6875,77263.6015625,0
2026-08-23 16:15:00+00:00,77234.6328125,77234.6328125,77262.4609375,77230.640625,77259.4921875,0
2026-08-23 16:16:00+00:00,77279.7109375,77279.7109375,77301.5234375,77238.8671875,77238.8671875,0
2026-08-23 16:17:00+00:00,77244.2421875,77244.2421875,77296.5703125,77244.2421875,77281.3828125,0
2026-08-23 16:18:00+00:00,77222.859375,77222.859375,77250.109375,77221.3125,77250.109375,0
2026-08-23 16:19:00+00:00,77222.8671875,77222.8671875,77264.671875,77222.8671875,77227.3984375,0
2026-08-23 16:20:00+00:00,77266.2109375,77266.2109375,77266.2109375,77194.5625,77215.15625,0
2026-08-23 16:21:00+00:00,77253.7578125,77253.7578125,77263.3203125,77251.109375,77255.6796875,0
2026-08-23 16:22:00+00:00,77238.5234375,77238.5234375,77253.7578125,77238.5234375,77253.7578125,27502592
2026-08-23 16:23:00+00:00,77258.5390625,77258.5390625,77259.1015625,77240.2890625,77243.71875,0
2026-08-23 16:24:00+00:00,77257.1328125,77257.1328125,77261.6015625,77251.8515625,77255.5390625,0
2026-08-23 16:25:00+00:00,77296.6484375,77296.6484375,77299.0,77245.65625,77256.5625,0
2026-08-23 16:26:00+00:00,77280.546875,77280.546875,77298.9375,77272.7734375,77298.9375,2105344
2026-08-23 16:27:00+00:00,77286.2265625,77286.2265625,77286.2265625,77272.7578125,77280.546875,0
2026-08-23 16:28:00+00:00,77297.703125,77297.703125,77297.703125,77286.2265625,77286.2265625,0
2026-08-23 16:29:00+00:00,77306.3203125,77306.3203125,77316.7890625,77290.0703125,77297.703125,0
2026-08-23 16:30:00+00:00,77301.53125,77301.53125,77312.7890625,77291.4609375,77306.3203125,0
2026-08-23 16:31:00+00:00,77316.7890625,77316.7890625,77316.796875,77300.1484375,77302.53125,0
2026-08-23 16:32:00+00:00,77358.8203125,77358.8203125,77358.8203125,77320.2109375,77320.2109375,0
2026-08-23 16:33:00+00:00,77336.4609375,77336.4609375,77381.7421875,77336.4609375,77362.71875,0
2026-08-23 16:34:00+00:00,77397.84375,77397.84375,77403.3671875,77342.7421875,77342.7421875,0
2026-08-23 16:35:00+00:00,77392.2109375,77392.2109375,77402.7109375,77392.203125,77393.2109375,0
2026-08-23 16:36:00+00:00,77374.109375,77374.109375,77395.5390625,77358.828125,77395.5390625,0
2026-08-23 16:37:00+00:00,77320.6171875,77320.6171875,77379.671875,77305.3515625,77379.671875,0
2026-08-23 16:38:00+00:00,77354.0078125,77354.0078125,77355.0,77320.6171875,77320.6171875,0
2026-08-23 16:39:00+00:00,77371.5390625,77371.5390625,77374.9765625,77349.3125,77354.0078125,0
2026-08-23 16:40:00+00:00,77364.203125,77364.203125,77371.0,77362.6484375,77370.8984375,20951040
2026-08-23 16:41:00+00:00,77371.5390625,77371.5390625,77371.5390625,77347.3671875,77358.828125,0
2026-08-23 16:42:00+00:00,77409.65625,77409.65625,77409.65625,77374.859375,77374.8671875,57718784
2026-08-23 16:43:00+00:00,77392.09375,77392.09375,77425.2890625,77392.09375,77412.0,0
2026-08-23 16:44:00+00:00,77362.6484375,77362.6484375,77392.09375,77362.6484375,77392.09375,0
2026-08-23 16:45:00+00:00,77384.5625,77384.5625,77386.4921875,77339.7265625,77347.3671875,0
2026-08-23 16:46:00+00:00,77389.3828125,77389.3828125,77397.0234375,77376.78125,77376.78125,0
2026-08-23 16:47:00+00:00,77399.171875,77399.171875,77404.65625,77381.75,77397.0234375,0
2026-08-23 16:48:00+00:00,77376.7421875,77376.7421875,77399.171875,77366.46875,77399.171875,0
2026-08-23 16:49:00+00:00,77359.9921875,77359.9921875,77385.5625,77359.9921875,77378.8984375,0
2026-08-23 16:50:00+00:00,77383.703125,77383.703125,77384.3125,77360.1796875,77360.1796875,0
2026-08-23 16:51:00+00:00,77430.609375,77430.609375,77450.5,77383.703125,77383.703125,35106816
2026-08-23 16:52:00+00:00,77400.0078125,77400.0078125,77454.0,77400.0,77434.921875,0
2026-08-23 16:53:00+00:00,77400.8515625,77400.8515625,77411.8828125,77397.03125,77397.03125,0
2026-08-23 16:54:00+00:00,77381.0,77381.0,77400.3203125,77381.0,77400.3203125,0
2026-08-23 16:55:00+00:00,77389.3828125,77389.3828125,77398.9609375,77381.0,77381.0,0
2026-08-23 16:56:00+00:00,77400.84375,77400.84375,77406.640625,77389.390625,77389.390625,3848192
2026-08-23 16:57:00+00:00,77423.28125,77423.28125,77423.28125,77397.03125,77400.84375,0
2026-08-23 16:58:00+00:00,77416.3515625,77416.3515625,77435.21875,77414.59375,77423.7578125,0
2026-08-23 16:59:00+00:00,77405.671875,77405.671875,77420.0,77404.671875,77416.3515625,0
2026-08-23 17:00:00+00:00,77433.1171875,77433.1171875,77433.1171875,77405.671875,77405.671875,34600960
2026-08-23 17:01:00+00:00,77355.0078125,77355.0078125,77423.7734375,77355.0078125,77423.7734375,0
2026-08-23 17:02:00+00:00,77309.171875,77309.171875,77357.359375,77309.171875,77351.203125,1091584
2026-08-23 17:03:00+00:00,77176.03125,77176.03125,77270.9765625,77149.1328125,77263.3203125,0
2026-08-23 17:04:00+00:00,77198.5,77198.5,77221.296875,77160.2109375,77160.2109375,0
2026-08-23 17:05:00+00:00,77299.6015625,77299.6015625,77299.6015625,77198.5,77198.5,0
2026-08-23 17:06:00+00:00,77317.6328125,77317.6328125,77320.6171875,77285.6796875,77285.6796875,0
2026-08-23 17:07:00+00:00,77270.96875,77270.96875,77349.6015625,77270.96875,77320.421875,29212672
2026-08-23 17:08:00+00:00,77316.296875,77316.296875,77316.296875,77261.6171875,77261.6171875,0
2026-08-23 17:09:00+00:00,77323.1875,77323.1875,77323.1875,77309.5234375,77311.4765625,23752704
2026-08-23 17:10:00+00:00,77266.3203125,77266.3203125,77325.421875,77262.2265625,77323.75,0
2026-08-23 17:11:00+00:00,77272.0078125,77272.0078125,77285.2890625,77258.4609375,77270.5,0
2026-08-23 17:12:00+00:00,77297.109375,77297.109375,77305.34375,77266.9765625,77278.5703125,0
2026-08-23 17:13:00+00:00,77293.890625,77293.890625,77309.15625,77293.890625,77297.109375,48590848
2026-08-23 17:14:00+00:00,77270.96875,77270.96875,77297.703125,77267.15625,77290.0703125,0
2026-08-23 17:15:00+00:00,77198.3828125,77198.3828125,77282.421875,77183.109375,77282.421875,0
2026-08-23 17:16:00+00:00,77213.65625,77213.65625,77225.1328125,77191.578125,77198.3828125,6002688
2026-08-23 17:17:00+00:00,77300.0,77300.0,77300.0,77213.671875,77229.4765625,0
2026-08-23 17:18:00+00:00,77330.1796875,77330.1796875,77330.1875,77254.828125,77285.8203125,0
2026-08-23 17:19:00+00:00,77359.6328125,77359.6328125,77359.6328125,77332.09375,77338.28125,0
2026-08-23 17:20:00+00:00,77347.046875,77347.046875,77359.6328125,77339.7265625,77359.6328125,180891648
2026-08-23 17:21:00+00:00,77316.8125,77316.8125,77350.46875,77316.8125,77347.0390625,0
2026-08-23 17:22:00+00:00,77359.6328125,77359.6328125,77359.6328125,77322.1015625,77322.1015625,0
2026-08-23 17:23:00+00:00,77331.1171875,77331.1171875,77367.7578125,77331.1171875,77359.6328125,0
2026-08-23 17:24:00+00:00,77274.7890625,77274.7890625,77316.8125,77274.7890625,77316.8125,1290240
2026-08-23 17:25:00+00:00,77283.3125,77283.3125,77286.2421875,77265.3984375,77286.2421875,0
2026-08-23 17:26:00+00:00,77258.3203125,77258.3203125,77283.046875,77253.8125,77283.046875,0
2026-08-23 17:27:00+00:00,77244.2265625,77244.2265625,77259.5,77244.2265625,77254.796875,12040192
2026-08-23 17:28:00+00:00,77217.4921875,77217.4921875,77240.40625,77217.4921875,77240.40625,0
2026-08-23 17:29:00+00:00,77243.3515625,77243.3515625,77243.3515625,77216.171875,77216.171875,0
2026-08-23 17:30:00+00:00,77225.34375,77225.34375,77243.3515625,77221.5390625,77243.3515625,0
2026-08-23 17:31:00+00:00,77147.7890625,77147.7890625,77225.34375,77146.6015625,77225.34375,0
2026-08-23 17:32:00+00:00,77222.203125,77222.203125,77222.203125,77144.90625,77154.4609375,0
2026-08-23 17:33:00+00:00,77213.6796875,77213.6796875,77237.203125,77211.296875,77232.09375,0
2026-08-23 17:34:00+00:00,77245.2578125,77245.2578125,77248.0390625,77221.4921875,77221.4921875,0
2026-08-23 17:35:00+00:00,77258.1328125,77258.1328125,77258.1328125,77245.2578125,77245.2578125,21440512
2026-08-23 17:36:00+00:00,77254.3203125,77254.3203125,77263.3828125,77248.046875,77258.1328125,30865408
2026-08-23 17:37:00+00:00,77282.4296875,77282.4296875,77290.0703125,77254.328125,77254.328125,0
2026-08-23 17:38:00+00:00,77276.15625,77276.15625,77281.7890625,77270.0625,77277.703125,7962624
2026-08-23 17:39:00+00:00,77228.953125,77228.953125,77273.6015625,77228.953125,77270.9609375,0
2026-08-23 17:40:00+00:00,77232.7734375,77232.7734375,77247.5703125,77232.7734375,77234.578125,111951872
2026-08-23 17:41:00+00:00,77228.953125,77228.953125,77242.328125,77228.953125,77232.7734375,0
2026-08-23 17:42:00+00:00,77236.578125,77236.578125,77236.6328125,77193.6484375,77231.7421875,0
2026-08-23 17:43:00+00:00,77252.2265625,77252.2265625,77256.1171875,77229.84375,77236.5703125,0
2026-08-23 17:44:00+00:00,77229.0078125,77229.0078125,77257.640625,77229.0078125,77252.2265625,0
2026-08-23 17:45:00+00:00,77305.8125,77305.8125,77309.1484375,77233.1328125,77233.1328125,0
2026-08-23 17:46:00+00:00,77282.4296875,77282.4296875,77307.046875,77282.4296875,77305.8125,0
2026-08-23 17:47:00+00:00,77228.953125,77228.953125,77287.2265625,77228.953125,77287.2265625,0
2026-08-23 17:48:00+00:00,77237.640625,77237.640625,77246.53125,77214.5,77233.0078125,17281024
2026-08-23 17:49:00+00:00,77242.359375,77242.359375,77242.359375,77237.6328125,77237.6328125,0
2026-08-23 17:50:00+00:00,77226.2578125,77226.2578125,77242.359375,77225.1328125,77242.359375,0
2026-08-23 17:51:00+00:00,77232.7734375,77232.7734375,77239.859375,77226.25,77226.2578125,2371584
2026-08-23 17:52:00+00:00,77240.140625,77240.140625,77248.34375,77235.6796875,77248.34375,0
2026-08-23 17:53:00+00:00,77265.6328125,77265.6328125,77265.6328125,77244.21875,77246.1875,84467712
2026-08-23 17:54:00+00:00,77219.2890625,77219.2890625,77270.9609375,77219.2890625,77258.8984375,0
2026-08-23 17:55:00+00:00,77189.203125,77189.203125,77227.5234375,77183.109375,77224.4921875,0
2026-08-23 17:56:00+00:00,77202.21875,77202.21875,77213.65625,77188.2890625,77188.453125,1236992
2026-08-23 17:57:00+00:00,77200.2265625,77200.2265625,77207.3203125,77198.390625,77204.1328125,12806144
2026-08-23 17:58:00+00:00,77207.3203125,77207.3203125,77207.3203125,77194.5703125,77194.5703125,2095104
2026-08-23 17:59:00+00:00,77175.46875,77175.46875,77211.3203125,77175.46875,77207.3203125,0
2026-08-23 18:00:00+00:00,77173.8515625,77173.8515625,77179.28125,77148.7265625,77179.28125,10287104
2026-08-23 18:01:00+00:00,77177.140625,77177.140625,77179.140625,77159.2578125,77179.140625,0
2026-08-23 18:02:00+00:00,77185.328125,77185.328125,77198.3828125,77169.9765625,77186.890625,632832
2026-08-23 18:03:00+00:00,77166.796875,77166.796875,77192.953125,77166.796875,77186.4765625,0
2026-08-23 18:04:00+00:00,77170.75,77170.75,77189.796875,77166.796875,77166.796875,0
2026-08-23 18:05:00+00:00,77157.296875,77157.296875,77170.75,77151.7734375,77170.75,0
2026-08-23 18:06:00+00:00,77152.5390625,77152.5390625,77171.90625,77137.953125,77159.078125,13617152
2026-08-23 18:07:00+00:00,77106.7109375,77106.7109375,77138.0234375,77106.7109375,77132.0078125,0
2026-08-23 18:08:00+00:00,77152.7421875,77152.7421875,77152.7421875,77104.453125,77106.2265625,1273856
2026-08-23 18:09:00+00:00,77206.0234375,77206.0234375,77206.0234375,77152.7421875,77152.7421875,0
2026-08-23 18:10:00+00:00,77235.0,77235.0,77236.578125,77213.65625,77213.65625,65947648
2026-08-23 18:11:00+00:00,77276.1015625,77276.1015625,77315.21875,77245.8203125,77245.8203125,0
2026-08-23 18:12:00+00:00,77385.5625,77385.5625,77385.5625,77274.7890625,77274.7890625,31987712
2026-08-23 18:13:00+00:00,77353.46875,77353.46875,77396.921875,77345.09375,77391.9375,10115072
2026-08-23 18:14:00+00:00,77337.25,77337.25,77358.8203125,77322.421875,77343.546875,0
2026-08-23 18:15:00+00:00,77381.7421875,77381.7421875,77381.7421875,77327.7578125,77327.7578125,0
2026-08-23 18:16:00+00:00,77342.6484375,77342.6484375,77396.6171875,77331.9765625,77370.8671875,0
2026-08-23 18:17:00+00:00,77377.921875,77377.921875,77377.921875,77341.2734375,77342.609375,9971712
2026-08-23 18:18:00+00:00,77336.3828125,77336.3828125,77348.421875,77328.2734375,77343.546875,0
2026-08-23 18:19:00+00:00,77309.5625,77309.5625,77337.078125,77309.5625,77336.3828125,41672704
2026-08-23 18:20:00+00:00,77328.2578125,77328.2578125,77328.2578125,77286.2421875,77318.2265625,0
2026-08-23 18:21:00+00:00,77331.0234375,77331.0234375,77331.0234375,77305.3125,77309.171875,11679744
2026-08-23 18:22:00+00:00,77290.140625,77290.140625,77320.2265625,77290.140625,77316.796875,0
2026-08-23 18:23:00+00:00,77316.53125,77316.53125,77320.6171875,77253.421875,77297.6875,113723392
2026-08-23 18:24:00+00:00,77310.71875,77310.71875,77324.4375,77310.71875,77316.53125,0
2026-08-23 18:25:00+00:00,77335.640625,77335.640625,77335.8984375,77294.359375,77294.359375,0
2026-08-23 18:26:00+00:00,77347.953125,77347.953125,77350.3203125,77335.8984375,77335.8984375,153411584
2026-08-23 18:27:00+00:00,77362.6484375,77362.6484375,77373.2421875,77355.0,77355.0,0
2026-08-23 18:28:00+00:00,77358.828125,77358.828125,77387.421875,77358.828125,77359.4609375,4030464
2026-08-23 18:29:00+00:00,77343.546875,77343.546875,77375.4375,77343.546875,77364.6484375,0
2026-08-23 18:30:00+00:00,77342.703125,77342.703125,77354.4765625,77339.1484375,77340.1796875,0
2026-08-23 18:31:00+00:00,77316.8125,77316.8125,77335.90625,77305.3515625,77335.90625,0
2026-08-23 18:32:00+00:00,77297.7109375,77297.7109375,77320.390625,77297.703125,77316.8125,0
2026-08-23 18:33:00+00:00,77318.6171875,77318.6171875,77320.6171875,77294.2890625,77297.7109375,0
2026-08-23 18:34:00+00:00,77288.390625,77288.390625,77316.796875,77288.390625,77309.171875,31627264
2026-08-23 18:35:00+00:00,77343.6171875,77343.6171875,77343.6171875,77308.0,77308.0,0
2026-08-23 18:36:00+00:00,77329.546875,77329.546875,77343.5390625,77328.2734375,77341.421875,27590656
2026-08-23 18:37:00+00:00,77332.078125,77332.078125,77335.890625,77321.203125,77329.546875,0
2026-08-23 18:38:00+00:00,77335.671875,77335.671875,77335.84375,77332.078125,77332.078125,0
2026-08-23 18:39:00+00:00,77320.0,77320.0,77325.703125,77320.0,77325.703125,0
2026-08-23 18:40:00+00:00,77352.78125,77352.78125,77355.2421875,77320.0,77320.0078125,0
2026-08-23 18:41:00+00:00,77335.9609375,77335.9609375,77355.25,77333.9375,77355.25,0
2026-08-23 18:42:00+00:00,77329.5390625,77329.5390625,77335.9609375,77325.5,77335.9609375,0
2026-08-23 18:43:00+00:00,77323.2578125,77323.2578125,77332.1875,77323.2578125,77329.546875,21784576
2026-08-23 18:44:00+00:00,77333.609375,77333.609375,77333.609375,77322.5078125,77322.5234375,333824
2026-08-23 18:45:00+00:00,77335.8984375,77335.8984375,77335.8984375,77322.0,77333.609375,6443008
2026-08-23 18:46:00+00:00,77307.0703125,77307.0703125,77332.8515625,77301.53125,77332.84375,0
2026-08-23 18:47:00+00:00,77258.5703125,77258.5703125,77309.03125,77258.5703125,77307.5625,1376256
2026-08-23 18:48:00+00:00,77284.453125,77284.453125,77290.140625,77270.3828125,77270.390625,23803904
2026-08-23 18:49:00+00:00,77295.8671875,77295.8671875,77295.8671875,77284.453125,77284.453125,0
2026-08-23 18:50:00+00:00,77274.6015625,77274.6015625,77314.6015625,77274.6015625,77295.8671875,0
2026-08-23 18:51:00+00:00,77265.6875,77265.6875,77274.609375,77259.5078125,77274.609375,55633920
2026-08-23 18:52:00+00:00,77308.9921875,77308.9921875,77308.9921875,77278.6015625,77278.6015625,286720
2026-08-23 18:53:00+00:00,77278.609375,77278.609375,77314.9921875,77278.609375,77308.9921875,0
2026-08-23 18:54:00+00:00,77283.6171875,77283.6171875,77283.6171875,77277.953125,77277.953125,4921344
2026-08-23 18:55:00+00:00,77310.828125,77310.828125,77318.65625,77286.2421875,77286.2421875,727040
2026-08-23 18:56:00+00:00,77284.4375,77284.4375,77311.828125,77282.5,77311.828125,0
2026-08-23 18:57:00+00:00,77288.7890625,77288.7890625,77301.5078125,77284.28125,77293.8671875,0
2026-08-23 18:58:00+00:00,77316.7890625,77316.7890625,77316.796875,77289.828125,77289.828125,0
2026-08-23 18:59:00+00:00,77325.0,77325.0,77325.0,77316.796875,77319.1875,0
2026-08-23 19:00:00+00:00,77361.1796875,77361.1796875,77361.40625,77347.359375,77347.359375,0
2026-08-23 19:01:00+00:00,77362.6328125,77362.6328125,77406.7265625,77358.8203125,77362.640625,0
2026-08-23 19:02:00+00:00,77320.6328125,77320.6328125,77386.7421875,77320.6328125,77358.828125,11241472
2026-08-23 19:03:00+00:00,77312.9921875,77312.9921875,77333.953125,77312.9921875,77319.21875,0
2026-08-23 19:04:00+00:00,77334.46875,77334.46875,77337.4296875,77312.9609375,77312.9609375,0
2026-08-23 19:05:00+00:00,77309.1484375,77309.1484375,77332.5078125,77304.71875,77332.5078125,68720640
2026-08-23 19:06:00+00:00,77333.9609375,77333.9609375,77334.53125,77326.0,77332.0703125,0
2026-08-23 19:07:00+00:00,77340.9921875,77340.9921875,77351.7421875,77333.75,77333.953125,0
2026-08-23 19:08:00+00:00,77343.25,77343.25,77348.0,77333.578125,77333.8515625,0
2026-08-23 19:09:00+00:00,77309.1796875,77309.1796875,77339.7265625,77309.1796875,77339.7265625,22622208
2026-08-23 19:10:00+00:00,77287.6875,77287.6875,77309.1796875,77287.6875,77309.1796875,0
2026-08-23 19:11:00+00:00,77240.9921875,77240.9921875,77287.6875,77237.6328125,77287.6875,4126720
2026-08-23 19:12:00+00:00,77266.2578125,77266.2578125,77266.2578125,77240.40625,77244.9375,79300608
2026-08-23 19:13:00+00:00,77297.9609375,77297.9609375,77297.9609375,77240.40625,77266.25,0
2026-08-23 19:14:00+00:00,77316.0078125,77316.0078125,77316.0234375,77297.9609375,77297.9609375,0
2026-08-23 19:15:00+00:00,77339.71875,77339.71875,77339.71875,77279.7421875,77316.0234375,0
2026-08-23 19:16:00+00:00,77342.953125,77342.953125,77346.421875,77328.2578125,77345.390625,0
2026-08-23 19:17:00+00:00,77358.25,77358.25,77358.25,77343.5390625,77343.5390625,0
2026-08-23 19:18:00+00:00,77370.1796875,77370.1796875,77370.1796875,77352.8671875,77356.7109375,138278912
2026-08-23 19:19:00+00:00,77369.7578125,77369.7578125,77372.078125,77369.75,77371.921875,0
2026-08-23 19:20:00+00:00,77368.3828125,77368.3828125,77368.3828125,77358.8125,77358.8125,0
2026-08-23 19:21:00+00:00,77389.71875,77389.71875,77389.71875,77368.3828125,77368.3828125,0
2026-08-23 19:22:00+00:00,77355.640625,77355.640625,77389.71875,77355.640625,77389.71875,0
2026-08-23 19:23:00+00:00,77382.28125,77382.28125,77382.28125,77352.0390625,77352.0390625,0
2026-08-23 19:24:00+00:00,77349.3125,77349.3125,77382.28125,77349.3125,77382.28125,0
2026-08-23 19:25:00+00:00,77354.09375,77354.09375,77358.8125,77349.296875,77349.3125,45367296
2026-08-23 19:26:00+00:00,77347.3671875,77347.3671875,77354.09375,77347.3671875,77354.09375,0
2026-08-23 19:27:00+00:00,77332.0703125,77332.0703125,77352.546875,77322.84375,77352.546875,0
2026-08-23 19:28:00+00:00,77328.4296875,77328.4296875,77332.078125,77320.6171875,77332.078125,0
2026-08-23 19:29:00+00:00,77343.5390625,77343.5390625,77343.5390625,77324.90625,77328.4296875,0
2026-08-23 19:30:00+00:00,77327.8515625,77327.8515625,77343.5390625,77314.6484375,77343.5390625,0
2026-08-23 19:31:00+00:00,77311.2578125,77311.2578125,77331.4296875,77309.5390625,77331.4296875,0
2026-08-23 19:32:00+00:00,77294.40625,77294.40625,77311.2734375,77294.40625,77305.6484375,10838016
2026-08-23 19:33:00+00:00,77320.6171875,77320.6171875,77320.6328125,77240.40625,77291.8515625,22611968
2026-08-23 19:34:00+00:00,77338.359375,77338.359375,77338.359375,77312.9921875,77312.9921875,0
2026-08-23 19:35:00+00:00,77333.59375,77333.59375,77338.359375,77314.3125,77338.359375,0
2026-08-23 19:36:00+00:00,77340.6875,77340.6875,77340.6875,77327.75,77333.59375,0
2026-08-23 19:37:00+00:00,77350.9296875,77350.9296875,77350.9296875,77340.6796875,77340.6875,0
2026-08-23 19:38:00+00:00,77346.2109375,77346.2109375,77350.90625,77324.0234375,77350.90625,0
2026-08-23 19:39:00+00:00,77358.78125,77358.78125,77358.78125,77336.5,77347.359375,0
2026-08-23 19:40:00+00:00,77383.421875,77383.421875,77383.421875,77358.78125,77358.78125,28121088
2026-08-23 19:41:00+00:00,77369.3203125,77369.3203125,77383.421875,77353.5234375,77383.421875,0
2026-08-23 19:42:00+00:00,77354.9375,77354.9375,77369.3203125,77341.4765625,77369.3203125,0
2026-08-23 19:43:00+00:00,77409.453125,77409.453125,77409.453125,77354.953125,77354.953125,0
2026-08-23 19:44:00+00:00,77429.0625,77429.0625,77430.0,77409.453125,77412.078125,0
2026-08-23 19:45:00+00:00,77381.71875,77381.71875,77455.078125,77370.28125,77416.9296875,0
2026-08-23 19:46:00+00:00,77385.578125,77385.578125,77407.7734375,77383.40625,77383.40625,0
2026-08-23 19:47:00+00:00,77396.8984375,77396.8984375,77396.8984375,77374.109375,77379.609375,2174976
2026-08-23 19:48:00+00:00,77407.0390625,77407.0390625,77408.9609375,77392.859375,77395.8671875,0
2026-08-23 19:49:00+00:00,77381.0703125,77381.0703125,77407.0390625,77381.0703125,77407.0390625,0
2026-08-23 19:50:00+00:00,77377.9296875,77377.9296875,77386.2265625,77377.9296875,77382.7265625,0
2026-08-23 19:51:00+00:00,77378.1484375,77378.1484375,77382.46875,77373.09375,77373.1015625,33587200
2026-08-23 19:52:00+00:00,77380.0234375,77380.0234375,77385.25,77374.109375,77379.0390625,0
2026-08-23 19:53:00+00:00,77365.0078125,77365.0078125,77379.546875,77365.0078125,77379.546875,0
2026-08-23 19:54:00+00:00,77377.84375,77377.84375,77377.84375,77365.0078125,77365.0078125,103612416
2026-08-23 19:55:00+00:00,77358.828125,77358.828125,77371.6171875,77358.8203125,77371.203125,0
2026-08-23 19:56:00+00:00,77332.09375,77332.09375,77358.828125,77332.09375,77358.828125,0
2026-08-23 19:57:00+00:00,77314.03125,77314.03125,77332.09375,77314.03125,77332.09375,0
2026-08-23 19:58:00+00:00,77336.21875,77336.21875,77358.8203125,77314.03125,77314.03125,0
2026-08-23 19:59:00+00:00,77328.2734375,77328.2734375,77343.5390625,77328.2578125,77334.5078125,0
2026-08-23 20:00:00+00:00,77324.2734375,77324.2734375,77324.2734375,77300.5234375,77320.6328125,0
2026-08-23 20:01:00+00:00,77287.78125,77287.78125,77316.8125,77270.96875,77316.8125,6219776
2026-08-23 20:02:00+00:00,77228.953125,77228.953125,77305.34375,77228.953125,77296.1875,0
2026-08-23 20:03:00+00:00,77242.59375,77242.59375,77255.6875,77194.5703125,77220.5390625,0
2026-08-23 20:04:00+00:00,77186.84375,77186.84375,77242.59375,77186.84375,77242.59375,0
2026-08-23 20:05:00+00:00,77236.578125,77236.578125,77240.1171875,77198.3671875,77198.3671875,0
2026-08-23 20:06:00+00:00,77218.1796875,77218.1796875,77236.578125,77194.5625,77236.578125,4995072
2026-08-23 20:07:00+00:00,77235.921875,77235.921875,77240.3515625,77218.171875,77218.1796875,0
2026-08-23 20:08:00+00:00,77251.2578125,77251.2578125,77251.2578125,77241.7109375,77241.8125,1441792
2026-08-23 20:09:00+00:00,77255.15625,77255.15625,77255.15625,77251.2578125,77251.2578125,0
2026-08-23 20:10:00+00:00,77263.796875,77263.796875,77267.140625,77251.2265625,77255.15625,27940864
2026-08-23 20:11:00+00:00,77276.9375,77276.9375,77276.9375,77261.7734375,77263.796875,0
2026-08-23 20:12:00+00:00,77278.1484375,77278.1484375,77284.4765625,77267.1484375,77276.9296875,0
2026-08-23 20:13:00+00:00,77260.828125,77260.828125,77278.1484375,77252.5078125,77278.1484375,0
2026-08-23 20:14:00+00:00,77266.1796875,77266.1796875,77267.140625,77255.6875,77263.3203125,0
2026-08-23 20:15:00+00:00,77264.90625,77264.90625,77267.140625,77255.6875,77255.6875,80402432
2026-08-23 20:16:00+00:00,77279.640625,77279.640625,77286.2421875,77264.90625,77264.90625,0
2026-08-23 20:17:00+00:00,77283.90625,77283.90625,77295.2421875,77283.90625,77295.2421875,0
2026-08-23 20:18:00+00:00,77297.8203125,77297.8203125,77299.3515625,77270.15625,77286.421875,0
2026-08-23 20:19:00+00:00,77295.9609375,77295.9609375,77297.8203125,77284.3515625,77297.8203125,0
2026-08-23 20:20:00+00:00,77319.1875,77319.1875,77319.1875,77295.9609375,77295.9609375,0
2026-08-23 20:21:00+00:00,77346.15625,77346.15625,77350.15625,77330.328125,77339.0,0
2026-08-23 20:22:00+00:00,77341.90625,77341.90625,77359.6328125,77341.90625,77345.1796875,0
2026-08-23 20:23:00+00:00,77347.3671875,77347.3671875,77350.03125,77335.90625,77341.921875,0
2026-08-23 20:24:00+00:00,77359.6328125,77359.6328125,77359.6328125,77347.3671875,77347.3671875,0
2026-08-23 20:25:00+00:00,77383.0,77383.0,77383.0,77352.84375,77359.6328125,0
2026-08-23 20:26:00+00:00,77377.0078125,77377.0078125,77383.0,77370.2890625,77382.9921875,0
2026-08-23 20:27:00+00:00,77381.828125,77381.828125,77392.6328125,77374.109375,77380.3828125,0
2026-08-23 20:28:00+00:00,77400.15625,77400.15625,77400.15625,77385.1015625,77391.1796875,0
2026-08-23 20:29:00+00:00,77360.6328125,77360.6328125,77400.15625,77360.6328125,77400.15625,0
2026-08-23 20:30:00+00:00,77377.171875,77377.171875,77380.1171875,77360.75,77364.890625,212475904
2026-08-23 20:31:00+00:00,77400.8515625,77400.8515625,77400.8515625,77377.171875,77377.171875,0
2026-08-23 20:32:00+00:00,77407.1484375,77407.1484375,77407.1484375,77400.84375,77400.84375,0
2026-08-23 20:33:00+00:00,77389.3828125,77389.3828125,77403.671875,77389.3828125,77403.671875,0
2026-08-23 20:34:00+00:00,77391.3828125,77391.3828125,77393.203125,77375.5390625,77375.5390625,110843904
2026-08-23 20:35:00+00:00,77399.078125,77399.078125,77400.09375,77390.4296875,77391.3828125,0
2026-08-23 20:36:00+00:00,77400.09375,77400.09375,77400.09375,77390.0234375,77395.328125,282624
2026-08-23 20:37:00+00:00,77400.09375,77400.09375,77400.09375,77396.4375,77400.09375,0
2026-08-23 20:38:00+00:00,77409.7578125,77409.7578125,77409.7578125,77400.078125,77400.09375,0
2026-08-23 20:39:00+00:00,77411.296875,77411.296875,77411.296875,77403.6875,77409.7734375,0
2026-08-23 20:40:00+00:00,77408.9765625,77408.9765625,77411.3125,77408.9609375,77411.3125,0
2026-08-23 20:41:00+00:00,77409.84375,77409.84375,77409.84375,77408.9765625,77408.9765625,0
2026-08-23 20:42:00+00:00,77409.84375,77409.84375,77409.84375,77405.0703125,77405.203125,0
2026-08-23 20:43:00+00:00,77419.6484375,77419.6484375,77421.1796875,77409.828125,77409.828125,0
2026-08-23 20:44:00+00:00,77412.3203125,77412.3203125,77431.3984375,77404.65625,77421.890625,0
2026-08-23 20:45:00+00:00,77394.6015625,77394.6015625,77405.34375,77379.171875,77405.34375,0
2026-08-23 20:46:00+00:00,77412.2890625,77412.2890625,77412.2890625,77381.203125,77394.6015625,0
2026-08-23 20:47:00+00:00,77421.4921875,77421.4921875,77421.4921875,77409.8671875,77412.296875,0
2026-08-23 20:48:00+00:00,77414.8828125,77414.8828125,77428.03125,77412.3125,77425.953125,0
2026-08-23 20:49:00+00:00,77403.1171875,77403.1171875,77422.4375,77397.03125,77414.8828125,2136064
2026-08-23 20:50:00+00:00,77415.609375,77415.609375,77416.1171875,77397.65625,77403.1171875,681984
2026-08-23 20:51:00+00:00,77424.8671875,77424.8671875,77425.5234375,77410.2890625,77415.609375,0
2026-08-23 20:52:00+00:00,77414.15625,77414.15625,77426.421875,77410.296875,77426.40625,0
2026-08-23 20:53:00+00:00,77405.5625,77405.5625,77417.0078125,77397.640625,77413.25,419840
2026-08-23 20:54:00+00:00,77387.28125,77387.28125,77405.5703125,77385.5703125,77405.5703125,0
2026-08-23 20:55:00+00:00,77389.3671875,77389.3671875,77389.3828125,77381.109375,77381.109375,0
2026-08-23 20:56:00+00:00,77404.6484375,77404.6484375,77404.6484375,77389.3671875,77389.3828125,1994752
2026-08-23 20:57:00+00:00,77391.0,77391.0,77400.5078125,77391.0,77398.7421875,0
2026-08-23 20:58:00+00:00,77385.5703125,77385.5703125,77400.0078125,77385.5703125,77390.9921875,0
2026-08-23 20:59:00+00:00,77393.1875,77393.1875,77393.1875,77385.140625,77385.140625,0
2026-08-23 21:00:00+00:00,77437.09375,77437.09375,77437.09375,77400.0,77400.0,3997696
2026-08-23 21:01:00+00:00,77535.6484375,77535.6484375,77535.6484375,77429.4296875,77438.890625,0
2026-08-23 21:02:00+00:00,77551.0625,77551.0625,77576.546875,77547.4375,77547.4375,0
2026-08-23 21:03:00+00:00,77612.9609375,77612.9609375,77612.9609375,77542.1875,77542.1875,0
2026-08-23 21:04:00+00:00,77641.5,77641.5,77648.0234375,77607.1328125,77623.140625,0
2026-08-23 21:05:00+00:00,77634.15625,77634.15625,77654.1171875,77626.2265625,77652.5625,0
2026-08-23 21:06:00+00:00,77667.1171875,77667.1171875,77667.5078125,77618.59375,77628.4765625,0
2026-08-23 21:07:00+00:00,77612.7734375,77612.7734375,77663.421875,77610.953125,77662.6796875,0
2026-08-23 21:08:00+00:00,77628.8515625,77628.8515625,77633.21875,77602.9296875,77613.4609375,0
2026-08-23 21:09:00+00:00,77641.5078125,77641.5078125,77693.390625,77621.453125,77621.453125,0
2026-08-23 21:10:00+00:00,77639.21875,77639.21875,77649.140625,77623.40625,77645.3203125,0
2026-08-23 21:11:00+00:00,77591.8515625,77591.8515625,77655.390625,77591.8515625,77655.390625,0
2026-08-23 21:12:00+00:00,77641.5,77641.5,77645.3203125,77591.8515625,77591.8515625,0
2026-08-23 21:13:00+00:00,77669.390625,77669.390625,77682.84375,77637.6171875,77641.5,41273344
2026-08-23 21:14:00+00:00,77691.828125,77691.828125,77691.828125,77652.96875,77672.6171875,4407296
2026-08-23 21:15:00+00:00,77743.96875,77743.96875,77743.96875,77689.5,77689.5,0
2026-08-23 21:16:00+00:00,77870.703125,77870.703125,77908.8203125,77798.828125,77798.828125,0
2026-08-23 21:17:00+00:00,77894.6484375,77894.6484375,77915.4375,77843.9609375,77843.9609375,0
2026-08-23 21:18:00+00:00,77972.5390625,77972.5390625,77972.5390625,77893.1875,77893.1875,3899392
2026-08-23 21:19:00+00:00,77965.8203125,77965.8203125,77965.8203125,77889.3671875,77943.6484375,0
2026-08-23 21:20:00+00:00,77996.25,77996.25,77996.2578125,77958.5625,77958.5625,187742208
2026-08-23 21:21:00+00:00,77968.5,77968.5,77982.84375,77918.7734375,77982.84375,0
2026-08-23 21:22:00+00:00,77913.25,77913.25,77998.2890625,77913.25,77973.84375,0
2026-08-23 21:23:00+00:00,77944.953125,77944.953125,77971.1328125,77901.2578125,77947.1015625,9635840
2026-08-23 21:24:00+00:00,77905.59375,77905.59375,77933.2265625,77899.8671875,77929.2109375,0
2026-08-23 21:25:00+00:00,77889.8125,77889.8125,77902.578125,77879.296875,77899.5390625,95158272
2026-08-23 21:26:00+00:00,77979.390625,77979.390625,77979.3984375,77898.2734375,77904.953125,0
2026-08-23 21:27:00+00:00,77918.46875,77918.46875,77995.640625,77917.59375,77995.640625,99452928
2026-08-23 21:28:00+00:00,77982.671875,77982.671875,77998.2890625,77932.0,77932.0,0
2026-08-23 21:29:00+00:00,78015.609375,78015.609375,78021.9921875,77973.84375,77978.3671875,11874304
2026-08-23 21:30:00+00:00,78003.6484375,78003.6484375,78023.5078125,77971.140625,78014.046875,78987264
2026-08-23 21:31:00+00:00,77990.9921875,77990.9921875,77992.9375,77954.75,77989.1171875,0
2026-08-23 21:32:00+00:00,78000.59375,78000.59375,78020.71875,77991.390625,77991.390625,6676480
2026-08-23 21:33:00+00:00,78002.7578125,78002.7578125,78025.8984375,78000.0078125,78003.5234375,0
2026-08-23 21:34:00+00:00,77958.5703125,77958.5703125,78023.5,77958.5703125,78002.75,50900992
2026-08-23 21:35:00+00:00,77744.6484375,77744.6484375,77935.6484375,77733.5,77935.6484375,0
2026-08-23 21:36:00+00:00,77817.6171875,77817.6171875,77841.328125,77759.921875,77759.921875,0
2026-08-23 21:37:00+00:00,77752.28125,77752.28125,77840.140625,77752.28125,77832.5,0
2026-08-23 21:38:00+00:00,77725.8984375,77725.8984375,77763.7265625,77725.8984375,77741.8828125,149112832
2026-08-23 21:39:00+00:00,77662.1796875,77662.1796875,77729.3671875,77632.453125,77729.3671875,0
2026-08-23 21:40:00+00:00,77624.9375,77624.9375,77662.6015625,77610.9375,77626.2265625,32264192
2026-08-23 21:41:00+00:00,77638.5,77638.5,77638.5,77580.34375,77629.53125,0
2026-08-23 21:42:00+00:00,77618.578125,77618.578125,77623.140625,77575.0078125,77621.671875,0
2026-08-23 21:43:00+00:00,77599.4921875,77599.4921875,77610.953125,77574.703125,77610.953125,9228288
2026-08-23 21:44:00+00:00,77622.3984375,77622.3984375,77622.3984375,77598.34375,77599.4296875,0
2026-08-23 21:45:00+00:00,77709.7734375,77709.7734375,77713.4375,77628.3828125,77628.3828125,181317632
2026-08-23 21:46:00+00:00,77717.90625,77717.90625,77737.0,77710.5703125,77734.328125,0
2026-08-23 21:47:00+00:00,77702.6328125,77702.6328125,77721.75,77697.546875,77716.0234375,4347904
2026-08-23 21:48:00+00:00,77765.140625,77765.140625,77765.140625,77702.796875,77709.203125,0
2026-08-23 21:49:00+00:00,77790.421875,77790.421875,77805.7578125,77756.109375,77771.3828125,12136448
2026-08-23 21:50:00+00:00,77789.421875,77789.421875,77789.6875,77762.7265625,77789.6875,0
2026-08-23 21:51:00+00:00,77806.2109375,77806.2109375,77825.0234375,77789.421875,77789.421875,561152
2026-08-23 21:52:00+00:00,77766.0625,77766.0625,77824.859375,77766.0625,77806.1328125,12384256
2026-08-23 21:53:00+00:00,77840.1484375,77840.1484375,77855.6796875,77763.6171875,77763.6171875,0
2026-08-23 21:54:00+00:00,77786.21875,77786.21875,77857.4765625,77786.21875,77840.1484375,0
2026-08-23 21:55:00+00:00,77760.671875,77760.671875,77797.671875,77760.671875,77788.1796875,0
2026-08-23 21:56:00+00:00,77810.25,77810.25,77832.4921875,77764.5234375,77764.5234375,3618816
2026-08-23 21:57:00+00:00,77801.953125,77801.953125,77841.2421875,77801.9375,77812.71875,0
2026-08-23 21:58:00+00:00,77746.3828125,77746.3828125,77800.0,77743.0390625,77800.0,238561280
2026-08-23 21:59:00+00:00,77832.5,77832.5,77835.796875,77786.671875,77795.0625,0
2026-08-23 22:00:00+00:00,77954.75,77954.75,77966.2421875,77830.9375,77866.8828125,0
2026-08-23 22:01:00+00:00,77754.828125,77754.828125,77916.546875,77572.71875,77916.546875,106452992
2026-08-23 22:02:00+00:00,77743.703125,77743.703125,77807.6171875,77680.1796875,77721.7265625,0
2026-08-23 22:03:00+00:00,77679.203125,77679.203125,77725.15625,77669.6328125,77698.2890625,0
2026-08-23 22:04:00+00:00,77679.703125,77679.703125,77705.453125,77617.046875,77705.453125,0
2026-08-23 22:05:00+00:00,77668.25,77668.25,77744.6484375,77648.8125,77668.25,0
2026-08-23 22:06:00+00:00,77712.953125,77712.953125,77717.890625,77660.6015625,77683.5234375,0
2026-08-23 22:07:00+00:00,77705.7578125,77705.7578125,77755.1328125,77696.046875,77744.6328125,172120064
2026-08-23 22:08:00+00:00,77698.8125,77698.8125,77721.7109375,77695.0,77721.7109375,4249600
2026-08-23 22:09:00+00:00,77729.3828125,77729.3828125,77737.0,77687.3515625,77717.3515625,22110208
2026-08-23 22:10:00+00:00,77759.921875,77759.921875,77786.65625,77714.078125,77721.7265625,5027840
2026-08-23 22:11:00+00:00,77712.109375,77712.109375,77794.296875,77702.640625,77744.6484375,0
2026-08-23 22:12:00+00:00,77700.0078125,77700.0078125,77740.65625,77700.0078125,77716.65625,44312576
2026-08-23 22:13:00+00:00,77695.7890625,77695.7890625,77714.09375,77683.6328125,77714.09375,10827776
2026-08-23 22:14:00+00:00,77695.4375,77695.4375,77712.796875,77649.140625,77682.796875,4894720
2026-08-23 22:15:00+00:00,77698.796875,77698.796875,77698.796875,77641.5078125,77683.53125,0
2026-08-23 22:16:00+00:00,77779.0234375,77779.0234375,77779.0234375,77698.796875,77698.796875,4993024
2026-08-23 22:17:00+00:00,77644.15625,77644.15625,77741.0234375,77642.2734375,77741.0234375,0
2026-08-23 22:18:00+00:00,77679.703125,77679.703125,77690.421875,77656.78125,77656.78125,0
2026-08-23 22:19:00+00:00,77744.15625,77744.15625,77744.15625,77682.8828125,77687.3515625,0
2026-08-23 22:20:00+00:00,77744.2265625,77744.2265625,77752.28125,77709.2734375,77725.5390625,31227904
2026-08-23 22:21:00+00:00,77729.21875,77729.21875,77748.953125,77725.546875,77738.9921875,788326400
2026-08-23 22:22:00+00:00,77758.8984375,77758.8984375,77758.8984375,77702.6328125,77717.90625,0
2026-08-23 22:23:00+00:00,77796.6171875,77796.6171875,77805.7578125,77777.640625,77777.640625,0
2026-08-23 22:24:00+00:00,77775.203125,77775.203125,77796.6171875,77754.4375,77796.6171875,0
2026-08-23 22:25:00+00:00,77775.0078125,77775.0078125,77782.84375,77752.2890625,77780.1015625,60960768
2026-08-23 22:26:00+00:00,77744.6484375,77744.6484375,77772.3984375,77731.28125,77772.3984375,0
2026-08-23 22:27:00+00:00,77797.0703125,77797.0703125,77797.0703125,77731.34375,77737.2265625,17852416
2026-08-23 22:28:00+00:00,77729.3671875,77729.3671875,77805.7578125,77721.7265625,77773.6484375,0
2026-08-23 22:29:00+00:00,77668.2421875,77668.2421875,77721.5,77668.2421875,77721.5,0
2026-08-23 22:30:00+00:00,77683.5390625,77683.5390625,77710.2578125,77654.0078125,77654.0078125,0
2026-08-23 22:31:00+00:00,77673.25,77673.25,77729.3515625,77673.25,77687.359375,0
2026-08-23 22:32:00+00:00,77658.140625,77658.140625,77689.28125,77654.0078125,77673.2578125,0
2026-08-23 22:33:00+00:00,77656.78125,77656.78125,77664.421875,77641.5078125,77658.140625,0
2026-08-23 22:34:00+00:00,77661.5234375,77661.5234375,77687.34375,77625.0078125,77645.328125,0
2026-08-23 22:35:00+00:00,77656.7890625,77656.7890625,77689.7265625,77656.7890625,77668.2421875,0
2026-08-23 22:36:00+00:00,77649.1484375,77649.1484375,77669.1875,77645.65625,77660.59375,0
2026-08-23 22:37:00+00:00,77610.0234375,77610.0234375,77645.7734375,77610.0234375,77641.5078125,0
2026-08-23 22:38:00+00:00,77637.6796875,77637.6796875,77637.6796875,77595.671875,77607.1328125,843776
2026-08-23 22:39:00+00:00,77698.8125,77698.8125,77720.171875,77649.140625,77649.140625,0
2026-08-23 22:40:00+00:00,77651.3984375,77651.3984375,77697.0078125,77651.3984375,77687.6015625,76818432
2026-08-23 22:41:00+00:00,77641.5078125,77641.5078125,77677.421875,77637.6875,77668.2421875,0
2026-08-23 22:42:00+00:00,77667.6796875,77667.6796875,77672.7890625,77634.71875,77642.28125,0
2026-08-23 22:43:00+00:00,77659.0625,77659.0625,77683.859375,77654.34375,77683.859375,203724800
2026-08-23 22:44:00+00:00,77642.5625,77642.5625,77660.609375,77642.140625,77659.0625,0
2026-08-23 22:45:00+00:00,77561.2890625,77561.2890625,77649.140625,77560.0234375,77641.203125,43520000
2026-08-23 22:46:00+00:00,77623.7109375,77623.7109375,77630.8828125,77588.078125,77603.296875,0
2026-08-23 22:47:00+00:00,77633.8671875,77633.8671875,77641.25,77610.9609375,77622.859375,0
2026-08-23 22:48:00+00:00,77661.3203125,77661.3203125,77661.3203125,77620.4765625,77649.140625,0
2026-08-23 22:49:00+00:00,77670.09375,77670.09375,77670.09375,77650.7578125,77660.0,0
2026-08-23 22:50:00+00:00,77651.890625,77651.890625,77675.8828125,77649.1484375,77672.0625,5171200
2026-08-23 22:51:00+00:00,77682.46875,77682.46875,77682.46875,77626.7109375,77651.890625,0
2026-08-23 22:52:00+00:00,77637.6875,77637.6875,77704.578125,77637.6875,77669.8671875,0
2026-08-23 22:53:00+00:00,77647.6328125,77647.6328125,77661.1484375,77637.6875,77656.78125,0
2026-08-23 22:54:00+00:00,77630.046875,77630.046875,77659.421875,77627.0078125,77647.6328125,0
2026-08-23 22:55:00+00:00,77639.6796875,77639.6796875,77652.9609375,77632.4375,77635.4375,0
2026-08-23 22:56:00+00:00,77617.5625,77617.5625,77639.6796875,77611.5,77639.6796875,3008512
2026-08-23 22:57:00+00:00,77584.1171875,77584.1171875,77617.5625,77584.1171875,77617.5625,0
2026-08-23 22:58:00+00:00,77590.0,77590.0,77590.0,77575.0078125,77586.203125,14716928
2026-08-23 22:59:00+00:00,77600.671875,77600.671875,77609.6484375,77580.390625,77580.390625,0
2026-08-23 23:00:00+00:00,77595.671875,77595.671875,77616.4765625,77582.6171875,77612.5234375,0
2026-08-23 23:01:00+00:00,77519.453125,77519.453125,77592.28125,77519.453125,77589.8203125,0
2026-08-23 23:02:00+00:00,77490.3984375,77490.3984375,77526.8984375,77490.3984375,77504.359375,0
2026-08-23 23:03:00+00:00,77441.4609375,77441.4609375,77493.578125,77435.2265625,77493.578125,8239104
2026-08-23 23:04:00+00:00,77431.3984375,77431.3984375,77469.15625,77423.7578125,77446.75,0
2026-08-23 23:05:00+00:00,77443.3984375,77443.3984375,77481.0625,77442.7109375,77447.15625,0
2026-08-23 23:06:00+00:00,77393.71875,77393.71875,77443.65625,77329.2578125,77443.65625,0
2026-08-23 23:07:00+00:00,77406.8125,77406.8125,77428.21875,77388.6171875,77388.6171875,47224832
2026-08-23 23:08:00+00:00,77435.21875,77435.21875,77458.703125,77409.3515625,77409.3515625,0
2026-08-23 23:09:00+00:00,77488.7109375,77488.7109375,77502.90625,77442.671875,77442.671875,25659392
2026-08-23 23:10:00+00:00,77446.6875,77446.6875,77526.8984375,77446.6875,77488.703125,2560000
2026-08-23 23:11:00+00:00,77377.9296875,77377.9296875,77431.40625,77377.9296875,77431.40625,0
2026-08-23 23:12:00+00:00,77416.1328125,77416.1328125,77416.1328125,77381.7421875,77399.890625,52578304
2026-08-23 23:13:00+00:00,77447.0234375,77447.0234375,77447.0234375,77412.3125,77422.5234375,0
2026-08-23 23:14:00+00:00,77465.78125,77465.78125,77465.78125,77439.046875,77461.953125,0
2026-08-23 23:15:00+00:00,77485.8828125,77485.8828125,77492.5234375,77461.9765625,77469.0390625,0
2026-08-23 23:16:00+00:00,77524.421875,77524.421875,77550.3984375,77503.046875,77503.046875,34189312
2026-08-23 23:17:00+00:00,77500.3671875,77500.3671875,77560.21875,77469.609375,77538.359375,0
2026-08-23 23:18:00+00:00,77603.2890625,77603.2890625,77603.2890625,77507.2578125,77507.2578125,96307200
2026-08-23 23:19:00+00:00,77548.40625,77548.40625,77625.953125,77542.1875,77625.953125,0
2026-08-23 23:20:00+00:00,77542.1796875,77542.1796875,77542.1796875,77519.2421875,77526.90625,14888960
2026-08-23 23:21:00+00:00,77513.1484375,77513.1484375,77554.0078125,77500.171875,77554.0,0
2026-08-23 23:22:00+00:00,77510.1171875,77510.1171875,77530.21875,77503.9921875,77503.9921875,0
2026-08-23 23:23:00+00:00,77493.546875,77493.546875,77510.1171875,77465.7890625,77510.1171875,0
2026-08-23 23:24:00+00:00,77493.2578125,77493.2578125,77511.109375,77483.109375,77511.109375,0
2026-08-23 23:25:00+00:00,77474.2265625,77474.2265625,77507.796875,77447.0625,77507.796875,85258240
2026-08-23 23:26:00+00:00,77553.859375,77553.859375,77553.859375,77477.25,77510.25,0
2026-08-23 23:27:00+00:00,77567.453125,77567.453125,77585.53125,77553.859375,77553.859375,119103488
2026-08-23 23:28:00+00:00,77591.53125,77591.53125,77593.09375,77567.4375,77567.453125,0
2026-08-23 23:29:00+00:00,77668.2421875,77668.2421875,77668.2421875,77595.4921875,77595.6484375,10584064
2026-08-23 23:30:00+00:00,77756.078125,77756.078125,77792.5625,77668.25,77690.2109375,0
2026-08-23 23:31:00+00:00,77805.7578125,77805.7578125,77819.03125,77744.640625,77744.6484375,0
2026-08-23 23:32:00+00:00,77741.078125,77741.078125,77813.40625,77738.59375,77790.15625,0
2026-08-23 23:33:00+00:00,77714.140625,77714.140625,77750.8828125,77714.140625,77748.4609375,0
2026-08-23 23:34:00+00:00,77668.2265625,77668.2265625,77713.5625,77657.5234375,77710.2578125,13191168
2026-08-23 23:35:00+00:00,77636.46875,77636.46875,77706.5,77636.46875,77672.046875,0
2026-08-23 23:36:00+00:00,77614.5,77614.5,77638.046875,77610.9375,77638.046875,95483904
2026-08-23 23:37:00+00:00,77589.0,77589.0,77633.859375,77589.0,77605.0,0
2026-08-23 23:38:00+00:00,77568.921875,77568.921875,77599.4765625,77568.921875,77599.4765625,34023424
2026-08-23 23:39:00+00:00,77546.0,77546.0,77551.4609375,77500.15625,77551.4609375,0
2026-08-23 23:40:00+00:00,77565.03125,77565.03125,77565.03125,77497.28125,77534.5390625,7299072
2026-08-23 23:41:00+00:00,77523.09375,77523.09375,77561.28125,77523.09375,77552.7421875,0
2026-08-23 23:42:00+00:00,77466.796875,77466.796875,77534.5390625,77466.796875,77525.359375,1411072
2026-08-23 23:43:00+00:00,77431.40625,77431.40625,77470.453125,77431.40625,77461.1171875,61102080
2026-08-23 23:44:00+00:00,77478.1015625,77478.1015625,77484.8828125,77396.5,77405.25,41678848
2026-08-23 23:45:00+00:00,77497.7734375,77497.7734375,77503.9765625,77479.96875,77484.8671875,0
2026-08-23 23:46:00+00:00,77549.8125,77549.8125,77549.8125,77504.03125,77504.03125,0
2026-08-23 23:47:00+00:00,77548.9296875,77548.9296875,77562.5078125,77523.09375,77538.359375,0
2026-08-23 23:48:00+00:00,77567.3125,77567.3125,77579.2890625,77549.0,77549.0,0
2026-08-23 23:49:00+00:00,77543.4609375,77543.4609375,77567.3125,77532.4921875,77567.3125,7245824
2026-08-23 23:50:00+00:00,77588.7578125,77588.7578125,77588.7578125,77543.4609375,77543.4609375,24322048
2026-08-23 23:51:00+00:00,77578.9921875,77578.9921875,77639.640625,77576.5625,77592.28125,0
2026-08-23 23:52:00+00:00,77559.453125,77559.453125,77568.921875,77535.890625,77568.921875,204982272
2026-08-23 23:53:00+00:00,77527.8515625,77527.8515625,77550.0078125,77527.8515625,77550.0078125,7049216
2026-08-23 23:54:00+00:00,77623.140625,77623.140625,77630.171875,77527.859375,77528.15625,27439104
2026-08-23 23:55:00+00:00,77694.9921875,77694.9921875,77726.53125,77625.359375,77625.359375,0
2026-08-23 23:56:00+00:00,77691.171875,77691.171875,77703.7734375,77669.3828125,77691.171875,21243904
2026-08-23 23:57:00+00:00,77779.03125,77779.03125,77779.03125,77652.96875,77679.7109375,24901632
2026-08-23 23:58:00+00:00,77739.6328125,77739.6328125,77782.5703125,77739.6328125,77775.828125,0
2026-08-24 00:00:00+00:00,77722.2734375,77722.2734375,77740.3203125,77709.078125,77733.703125,0
2026-08-24 00:01:00+00:00,77681.7421875,77681.7421875,77719.03125,77681.7421875,77719.03125,2994176
2026-08-24 00:02:00+00:00,77687.3515625,77687.3515625,77693.2421875,77675.8671875,77691.15625,5828608
2026-08-24 00:03:00+00:00,77646.921875,77646.921875,77687.3515625,77645.9765625,77687.3515625,7989248
2026-08-24 00:04:00+00:00,77613.5703125,77613.5703125,77649.859375,77612.6171875,77641.578125,0
2026-08-24 00:05:00+00:00,77595.671875,77595.671875,77659.5703125,77595.671875,77627.1796875,0
2026-08-24 00:06:00+00:00,77519.2734375,77519.2734375,77595.65625,77519.2734375,77595.65625,57286656
2026-08-24 00:07:00+00:00,77535.9609375,77535.9609375,77565.1015625,77515.4375,77515.4375,7620608
2026-08-24 00:08:00+00:00,77576.5703125,77576.5703125,77583.140625,77525.8203125,77525.953125,0
2026-08-24 00:09:00+00:00,77694.9765625,77694.9765625,77694.9765625,77565.109375,77565.109375,6103040
2026-08-24 00:10:00+00:00,77709.3828125,77709.3828125,77709.3828125,77633.8671875,77679.0703125,0
2026-08-24 00:11:00+00:00,77641.5625,77641.5625,77698.828125,77633.8671875,77698.828125,23336960
2026-08-24 00:12:00+00:00,77679.71875,77679.71875,77691.7109375,77652.9609375,77652.9609375,0
2026-08-24 00:13:00+00:00,77637.6875,77637.6875,77672.046875,77637.6875,77664.4296875,154744832
2026-08-24 00:14:00+00:00,77601.8515625,77601.8515625,77646.8515625,77600.7421875,77622.40625,3549184
2026-08-24 00:15:00+00:00,77599.421875,77599.421875,77636.8515625,77599.1875,77622.40625,0
2026-08-24 00:16:00+00:00,77561.9765625,77561.9765625,77595.671875,77558.9765625,77595.671875,0
2026-08-24 00:17:00+00:00,77520.6015625,77520.6015625,77564.5,77520.6015625,77562.03125,0
2026-08-24 00:18:00+00:00,77574.703125,77574.703125,77598.9765625,77496.3515625,77496.3515625,37883904
2026-08-24 00:19:00+00:00,77523.171875,77523.171875,77561.2890625,77517.4296875,77554.0,0
2026-08-24 00:20:00+00:00,77520.0078125,77520.0078125,77521.09375,77485.34375,77521.09375,0
2026-08-24 00:21:00+00:00,77475.828125,77475.828125,77511.453125,77465.828125,77503.9921875,40040448
2026-08-24 00:22:00+00:00,77481.0625,77481.0625,77488.6484375,77464.390625,77470.0078125,0
2026-08-24 00:23:00+00:00,77500.0,77500.0,77500.0,77454.3125,77484.8828125,0
2026-08-24 00:24:00+00:00,77492.5703125,77492.5703125,77500.5,77469.6015625,77497.3671875,485376
2026-08-24 00:25:00+00:00,77400.8515625,77400.8515625,77490.6015625,77397.0234375,77490.6015625,12439552
2026-08-24 00:26:00+00:00,77364.0234375,77364.0234375,77399.8671875,77351.1875,77380.5390625,0
2026-08-24 00:27:00+00:00,77305.34375,77305.34375,77338.453125,77258.890625,77338.453125,35672064
2026-08-24 00:28:00+00:00,77377.9765625,77377.9765625,77404.6484375,77347.359375,77347.359375,0
2026-08-24 00:29:00+00:00,77423.7734375,77423.7734375,77427.6171875,77381.75,77400.84375,0
2026-08-24 00:30:00+00:00,77355.0,77355.0,77468.3828125,77355.0,77431.3984375,28932096
2026-08-24 00:31:00+00:00,77377.9296875,77377.9296875,77403.6328125,77363.84375,77376.40625,0
2026-08-24 00:32:00+00:00,77424.8828125,77424.8828125,77424.8828125,77365.1875,77365.1875,0
2026-08-24 00:33:00+00:00,77463.7109375,77463.7109375,77463.7109375,77427.578125,77427.578125,13072384
2026-08-24 00:34:00+00:00,77474.65625,77474.65625,77484.8828125,77439.046875,77461.96875,0
2026-08-24 00:35:00+00:00,77551.671875,77551.671875,77551.671875,77419.953125,77465.7890625,19877888
2026-08-24 00:36:00+00:00,77492.53125,77492.53125,77572.7421875,77492.53125,77561.2890625,0
2026-08-24 00:37:00+00:00,77478.3671875,77478.3671875,77507.796875,77469.7265625,77469.7265625,0
2026-08-24 00:38:00+00:00,77412.609375,77412.609375,77477.3515625,77412.609375,77477.3515625,6797312
2026-08-24 00:39:00+00:00,77389.3828125,77389.3828125,77443.203125,77388.921875,77412.6171875,0
2026-08-24 00:40:00+00:00,77410.296875,77410.296875,77410.296875,77389.3828125,77393.203125,56555520
2026-08-24 00:41:00+00:00,77408.4921875,77408.4921875,77427.5390625,77400.8515625,77419.9375,0
2026-08-24 00:42:00+00:00,77377.7109375,77377.7109375,77408.4765625,77376.9375,77397.03125,0
2026-08-24 00:43:00+00:00,77287.5390625,77287.5390625,77372.078125,77287.5390625,77372.078125,0
2026-08-24 00:44:00+00:00,77225.7421875,77225.7421875,77287.546875,77225.1328125,77287.546875,131762176
2026-08-24 00:45:00+00:00,77279.703125,77279.703125,77279.703125,77209.8515625,77248.03125,0
2026-08-24 00:46:00+00:00,77213.671875,77213.671875,77270.96875,77175.7265625,77270.96875,0
2026-08-24 00:47:00+00:00,77232.7578125,77232.7578125,77247.6015625,77187.6328125,77221.296875,0
2026-08-24 00:48:00+00:00,77394.5,77394.5,77394.5,77218.7890625,77218.7890625,0
2026-08-24 00:49:00+00:00,77338.40625,77338.40625,77370.2890625,77288.7109375,77370.2890625,18616320
2026-08-24 00:50:00+00:00,77378.9765625,77378.9765625,77421.03125,77344.140625,77344.140625,8306688
2026-08-24 00:51:00+00:00,77400.8515625,77400.8515625,77471.96875,77385.5625,77385.5625,0
2026-08-24 00:52:00+00:00,77476.7109375,77476.7109375,77488.703125,77418.296875,77418.296875,0
2026-08-24 00:53:00+00:00,77518.46875,77518.46875,77518.46875,77481.0625,77481.0625,3284992
2026-08-24 00:54:00+00:00,77508.7578125,77508.7578125,77508.7578125,77476.140625,77482.8203125,0
2026-08-24 00:55:00+00:00,77519.2578125,77519.2578125,77519.2578125,77477.25,77481.0703125,0
2026-08-24 00:56:00+00:00,77570.59375,77570.59375,77570.59375,77523.078125,77523.078125,831488
2026-08-24 00:57:00+00:00,77568.921875,77568.921875,77570.6015625,77540.640625,77570.6015625,0
2026-08-24 00:58:00+00:00,77614.7578125,77614.7578125,77614.7578125,77576.34375,77595.65625,27019264
2026-08-24 00:59:00+00:00,77672.046875,77672.046875,77672.046875,77614.7734375,77622.3984375,1945600
2026-08-24 01:00:00+00:00,77584.2109375,77584.2109375,77691.15625,77584.2109375,77684.5234375,3768320
2026-08-24 01:01:00+00:00,77596.0390625,77596.0390625,77618.578125,77576.5703125,77576.5703125,0
2026-08-24 01:02:00+00:00,77603.296875,77603.296875,77603.296875,77546.0078125,77568.9296875,15611904
2026-08-24 01:03:00+00:00,77662.0078125,77662.0078125,77662.0078125,77584.2109375,77584.2109375,0
2026-08-24 01:04:00+00:00,77632.7578125,77632.7578125,77700.2421875,77632.7578125,77660.078125,0
2026-08-24 01:05:00+00:00,77584.203125,77584.203125,77675.796875,77565.109375,77666.4375,0
2026-08-24 01:06:00+00:00,77607.1328125,77607.1328125,77630.03125,77591.84375,77591.84375,30259200
2026-08-24 01:07:00+00:00,77572.6171875,77572.6171875,77594.0390625,77555.4921875,77594.0390625,0
2026-08-24 01:08:00+00:00,77517.890625,77517.890625,77570.296875,77515.453125,77570.296875,0
2026-08-24 01:09:00+00:00,77439.0390625,77439.0390625,77496.3515625,77435.2265625,77496.3515625,158390272
2026-08-24 01:10:00+00:00,77484.8828125,77484.8828125,77484.8828125,77440.7109375,77440.7109375,0
2026-08-24 01:11:00+00:00,77527.828125,77527.828125,77527.828125,77469.109375,77513.34375,0
2026-08-24 01:12:00+00:00,77515.453125,77515.453125,77538.5703125,77484.8984375,77538.5703125,0
2026-08-24 01:13:00+00:00,77487.7578125,77487.7578125,77508.171875,77471.8515625,77500.171875,0
2026-08-24 01:14:00+00:00,77427.609375,77427.609375,77491.140625,77427.609375,77491.140625,0
2026-08-24 01:15:00+00:00,77391.8203125,77391.8203125,77435.21875,77370.2890625,77423.7734375,12955648
2026-08-24 01:16:00+00:00,77416.1171875,77416.1171875,77420.1015625,77370.28125,77385.78125,60119040
2026-08-24 01:17:00+00:00,77387.921875,77387.921875,77445.65625,77381.921875,77445.65625,0
2026-08-24 01:18:00+00:00,77409.5078125,77409.5078125,77430.7109375,77362.7890625,77381.7421875,0
2026-08-24 01:19:00+00:00,77394.703125,77394.703125,77462.5625,77394.703125,77409.5078125,0
2026-08-24 01:20:00+00:00,77339.7265625,77339.7265625,77394.703125,77333.3828125,77394.703125,0
2026-08-24 01:21:00+00:00,77361.4296875,77361.4296875,77361.4296875,77306.3671875,77337.8203125,0
2026-08-24 01:22:00+00:00,77370.2734375,77370.2734375,77389.3671875,77350.2109375,77385.5625,248674304
2026-08-24 01:23:00+00:00,77305.34375,77305.34375,77379.703125,77297.7109375,77377.9296875,0
2026-08-24 01:24:00+00:00,77221.3125,77221.3125,77309.15625,77221.3125,77301.53125,0
2026-08-24 01:25:00+00:00,77262.5625,77262.5625,77317.7578125,77259.5,77259.5,0
2026-08-24 01:26:00+00:00,77271.359375,77271.359375,77316.78125,77271.359375,77316.78125,17256448
2026-08-24 01:27:00+00:00,77251.859375,77251.859375,77283.359375,77240.40625,77283.359375,792684544
2026-08-24 01:28:00+00:00,77249.21875,77249.21875,77264.3203125,77237.2109375,77251.859375,14757888
2026-08-24 01:29:00+00:00,77228.953125,77228.953125,77267.140625,77228.953125,77241.109375,180084736
2026-08-24 01:30:00+00:00,77221.9609375,77221.9609375,77241.296875,77209.8515625,77228.953125,0
2026-08-24 01:31:00+00:00,77267.140625,77267.140625,77267.140625,77209.46875,77209.46875,4720640
2026-08-24 01:32:00+00:00,77333.0234375,77333.0234375,77351.3828125,77270.25,77270.25,0
2026-08-24 01:33:00+00:00,77349.09375,77349.09375,77356.453125,77302.09375,77335.90625,27762688
2026-08-24 01:34:00+00:00,77357.796875,77357.796875,77365.109375,77349.09375,77349.09375,0
2026-08-24 01:35:00+00:00,77272.78125,77272.78125,77350.953125,77272.78125,77339.71875,0
2026-08-24 01:36:00+00:00,77257.96875,77257.96875,77293.8203125,77206.03125,77272.78125,0
2026-08-24 01:37:00+00:00,77186.921875,77186.921875,77258.6328125,77186.921875,77228.953125,0
2026-08-24 01:38:00+00:00,77178.1171875,77178.1171875,77209.84375,77163.640625,77171.6484375,28989440
2026-08-24 01:39:00+00:00,77240.3984375,77240.3984375,77240.3984375,77202.2109375,77203.1796875,0
2026-08-24 01:40:00+00:00,77267.1484375,77267.1484375,77282.421875,77248.046875,77265.1328125,217088
2026-08-24 01:41:00+00:00,77276.953125,77276.953125,77278.21875,77244.2265625,77278.21875,0
2026-08-24 01:42:00+00:00,77271.7421875,77271.7421875,77292.96875,77271.7421875,77282.421875,0
2026-08-24 01:43:00+00:00,77226.5234375,77226.5234375,77270.109375,77218.5078125,77270.078125,190464
2026-08-24 01:44:00+00:00,77210.96875,77210.96875,77223.09375,77184.328125,77223.09375,40179712
2026-08-24 01:45:00+00:00,77217.046875,77217.046875,77217.046875,77142.65625,77209.8515625,4644864
2026-08-24 01:46:00+00:00,77227.8984375,77227.8984375,77258.7578125,77225.1171875,77225.1171875,0
2026-08-24 01:47:00+00:00,77184.296875,77184.296875,77242.78125,77184.2578125,77242.78125,0
2026-08-24 01:48:00+00:00,77198.3671875,77198.3671875,77211.0078125,77190.109375,77206.0234375,0
2026-08-24 01:49:00+00:00,77218.4609375,77218.4609375,77236.578125,77179.6875,77211.9921875,19367936
2026-08-24 01:50:00+00:00,77222.328125,77222.328125,77248.3828125,77188.2265625,77225.1171875,0
2026-08-24 01:51:00+00:00,77100.0234375,77100.0234375,77239.40625,77100.0234375,77232.703125,25061376
2026-08-24 01:52:00+00:00,77181.7421875,77181.7421875,77181.7421875,77106.796875,77106.796875,4057088
2026-08-24 01:53:00+00:00,77211.7109375,77211.7109375,77212.3984375,77119.5703125,77174.203125,0
2026-08-24 01:54:00+00:00,77199.1875,77199.1875,77208.140625,77171.6484375,77208.140625,325023744
2026-08-24 01:55:00+00:00,77114.4375,77114.4375,77199.1875,77106.703125,77199.1875,0
2026-08-24 01:56:00+00:00,77054.953125,77054.953125,77102.7578125,77000.0078125,77102.7578125,0
2026-08-24 01:57:00+00:00,77001.96875,77001.96875,77040.0078125,76976.8203125,77040.0078125,0
2026-08-24 01:58:00+00:00,76988.28125,76988.28125,77002.453125,76915.7109375,76992.296875,82954240
2026-08-24 01:59:00+00:00,76907.8515625,76907.8515625,76995.890625,76907.8515625,76995.890625,0
2026-08-24 02:00:00+00:00,76887.0390625,76887.0390625,76965.359375,76887.0390625,76913.0625,76568576
2026-08-24 02:01:00+00:00,76938.640625,76938.640625,76972.9921875,76918.5078125,76919.5234375,0
2026-08-24 02:02:00+00:00,76883.0390625,76883.0390625,76925.78125,76873.6796875,76925.78125,19048448
2026-08-24 02:03:00+00:00,76888.9609375,76888.9609375,76950.078125,76867.84375,76950.078125,0
2026-08-24 02:04:00+00:00,77057.0390625,77057.0390625,77057.0390625,76900.421875,76900.421875,62394368
2026-08-24 02:05:00+00:00,77114.3515625,77114.3515625,77148.71875,77057.046875,77057.046875,0
2026-08-24 02:06:00+00:00,77054.3984375,77054.3984375,77156.359375,77054.3984375,77133.4296875,0
2026-08-24 02:07:00+00:00,77058.8984375,77058.8984375,77093.0703125,77053.21875,77053.21875,0
2026-08-24 02:08:00+00:00,77104.828125,77104.828125,77106.140625,77069.0,77087.6015625,0
2026-08-24 02:09:00+00:00,77100.7109375,77100.7109375,77128.109375,77095.25,77106.6875,386539520
2026-08-24 02:10:00+00:00,77095.0390625,77095.0390625,77106.7109375,77070.453125,77106.7109375,0
2026-08-24 02:11:00+00:00,77178.5,77178.5,77178.5,77098.6328125,77104.7578125,2846720
2026-08-24 02:12:00+00:00,77242.578125,77242.578125,77242.578125,77173.53125,77173.53125,37812224
2026-08-24 02:13:00+00:00,77316.6875,77316.6875,77316.6875,77240.3984375,77248.78125,36282368
2026-08-24 02:14:00+00:00,77356.5703125,77356.5703125,77397.0234375,77288.15625,77288.15625,1378304
2026-08-24 02:15:00+00:00,77412.296875,77412.296875,77430.203125,77362.640625,77362.640625,0
2026-08-24 02:16:00+00:00,77467.2421875,77467.2421875,77467.2421875,77419.953125,77423.75,14612480
2026-08-24 02:17:00+00:00,77397.03125,77397.03125,77458.1875,77397.03125,77450.5078125,0
2026-08-24 02:18:00+00:00,77434.9296875,77434.9296875,77434.9296875,77388.3828125,77388.3828125,64360448
2026-08-24 02:19:00+00:00,77488.703125,77488.703125,77492.0,77427.1796875,77427.1796875,0
2026-08-24 02:20:00+00:00,77419.953125,77419.953125,77492.5,77419.953125,77492.4609375,0
2026-08-24 02:21:00+00:00,77442.078125,77442.078125,77455.4765625,77418.0078125,77419.953125,0
2026-08-24 02:22:00+00:00,77426.4609375,77426.4609375,77454.3203125,77397.671875,77450.4921875,37036032
2026-08-24 02:23:00+00:00,77431.1015625,77431.1015625,77431.1015625,77385.15625,77423.7734375,0
2026-08-24 02:24:00+00:00,77446.671875,77446.671875,77446.6796875,77415.078125,77426.65625,0
2026-08-24 02:25:00+00:00,77465.21875,77465.21875,77491.109375,77463.8671875,77470.4921875,41885696
2026-08-24 02:26:00+00:00,77477.2421875,77477.2421875,77504.1171875,77469.5,77479.53125,1642496
2026-08-24 02:27:00+00:00,77453.8984375,77453.8984375,77469.609375,77416.1328125,77469.609375,0
2026-08-24 02:28:00+00:00,77419.09375,77419.09375,77461.9609375,77386.2578125,77461.9609375,0
2026-08-24 02:29:00+00:00,77442.4765625,77442.4765625,77442.4765625,77412.3125,77421.0703125,0
2026-08-24 02:30:00+00:00,77445.078125,77445.078125,77452.3203125,77425.109375,77442.4765625,0
2026-08-24 02:31:00+00:00,77435.2265625,77435.2265625,77458.4921875,77431.40625,77448.8125,0
2026-08-24 02:32:00+00:00,77476.5625,77476.5625,77486.5390625,77425.0,77425.0,5046272
2026-08-24 02:33:00+00:00,77486.9296875,77486.9296875,77494.2890625,77454.3203125,77465.7890625,130738176
2026-08-24 02:34:00+00:00,77492.9765625,77492.9765625,77500.84375,77459.0625,77469.390625,0
2026-08-24 02:35:00+00:00,77478.6015625,77478.6015625,77519.25,77478.6015625,77496.5234375,0
2026-08-24 02:36:00+00:00,77516.7265625,77516.7265625,77542.1796875,77507.796875,77507.796875,56018944
2026-08-24 02:37:00+00:00,77473.4296875,77473.4296875,77523.2421875,77473.4296875,77507.1015625,40433664
2026-08-24 02:38:00+00:00,77421.609375,77421.609375,77466.359375,77397.03125,77466.359375,0
2026-08-24 02:39:00+00:00,77424.5234375,77424.5234375,77424.5234375,77394.953125,77420.2421875,16738304
2026-08-24 02:40:00+00:00,77476.4765625,77476.4765625,77476.4765625,77393.2265625,77431.3984375,0
2026-08-24 02:41:00+00:00,77462.0234375,77462.0234375,77484.8828125,77462.0234375,77484.8828125,0
2026-08-24 02:42:00+00:00,77457.0625,77457.0625,77466.421875,77449.1171875,77466.421875,52267008
2026-08-24 02:43:00+00:00,77420.890625,77420.890625,77450.6796875,77420.890625,77448.34375,8429568
2026-08-24 02:44:00+00:00,77439.0390625,77439.0390625,77446.6796875,77420.890625,77420.890625,1449984
2026-08-24 02:45:00+00:00,77404.671875,77404.671875,77439.046875,77404.28125,77439.046875,0
2026-08-24 02:46:00+00:00,77352.9296875,77352.9296875,77404.671875,77351.1796875,77404.671875,0
2026-08-24 02:47:00+00:00,77313.171875,77313.171875,77373.75,77305.359375,77355.453125,0
2026-08-24 02:48:00+00:00,77301.5234375,77301.5234375,77313.4296875,77232.7578125,77313.4296875,0
2026-08-24 02:49:00+00:00,77343.046875,77343.046875,77343.046875,77274.7890625,77316.796875,0
2026-08-24 02:50:00+00:00,77334.5625,77334.5625,77366.4609375,77333.078125,77362.640625,18429952
2026-08-24 02:51:00+00:00,77328.2578125,77328.2578125,77358.8125,77322.1484375,77335.8984375,0
2026-08-24 02:52:00+00:00,77323.4296875,77323.4296875,77339.71875,77290.0703125,77325.6796875,0
2026-08-24 02:53:00+00:00,77379.5078125,77379.5078125,77379.5078125,77319.3828125,77319.3828125,0
2026-08-24 02:54:00+00:00,77381.7578125,77381.7578125,77393.203125,77343.0078125,77377.203125,0
2026-08-24 02:55:00+00:00,77501.40625,77501.40625,77503.9765625,77376.359375,77376.359375,0
2026-08-24 02:56:00+00:00,77488.9609375,77488.9609375,77512.9375,77488.9609375,77512.9375,0
2026-08-24 02:57:00+00:00,77416.8671875,77416.8671875,77475.96875,77390.3984375,77475.96875,794202112
2026-08-24 02:58:00+00:00,77410.953125,77410.953125,77449.96875,77410.953125,77417.7890625,0
2026-08-24 02:59:00+00:00,77466.328125,77466.328125,77472.3515625,77418.90625,77418.90625,123373568
2026-08-24 03:00:00+00:00,77513.9609375,77513.9609375,77519.2578125,77465.7890625,77474.15625,0
2026-08-24 03:01:00+00:00,77382.84375,77382.84375,77517.5078125,77382.6875,77517.0703125,17741824
2026-08-24 03:02:00+00:00,77351.1875,77351.1875,77389.3828125,77351.1875,77389.3828125,0
2026-08-24 03:03:00+00:00,77365.5390625,77365.5390625,77365.5390625,77335.0703125,77348.2890625,32282624
2026-08-24 03:04:00+00:00,77343.578125,77343.578125,77351.1875,77320.6484375,77351.1875,0
2026-08-24 03:05:00+00:00,77312.9921875,77312.9921875,77340.0078125,77312.9921875,77340.0,0
2026-08-24 03:06:00+00:00,77315.3828125,77315.3828125,77315.3828125,77282.4375,77309.0234375,22976512
2026-08-24 03:07:00+00:00,77293.3671875,77293.3671875,77313.1484375,77267.5390625,77305.2890625,0
2026-08-24 03:08:00+00:00,77243.28125,77243.28125,77286.25,77243.28125,77286.25,11810816
2026-08-24 03:09:00+00:00,77299.203125,77299.203125,77299.203125,77239.3125,77239.3125,0
2026-08-24 03:10:00+00:00,77301.7734375,77301.7734375,77324.4375,77299.890625,77304.796875,148621312
2026-08-24 03:11:00+00:00,77221.3125,77221.3125,77301.7265625,77221.3125,77301.7265625,0
2026-08-24 03:12:00+00:00,77262.8671875,77262.8671875,77262.8671875,77225.140625,77232.7578125,108656640
2026-08-24 03:13:00+00:00,77216.2109375,77216.2109375,77274.0703125,77216.2109375,77267.140625,0
2026-08-24 03:14:00+00:00,77200.0,77200.0,77232.21875,77200.0,77232.21875,0
2026-08-24 03:15:00+00:00,77184.921875,77184.921875,77206.1875,77184.921875,77200.0,0
2026-08-24 03:16:00+00:00,77131.03125,77131.03125,77214.15625,77131.03125,77204.2421875,81790976
2026-08-24 03:17:00+00:00,77184.2734375,77184.2734375,77202.1875,77144.1484375,77144.1484375,0
2026-08-24 03:18:00+00:00,77186.7578125,77186.7578125,77200.6484375,77182.328125,77182.328125,159172608
2026-08-24 03:19:00+00:00,77175.46875,77175.46875,77190.7421875,77167.828125,77183.109375,0
2026-08-24 03:20:00+00:00,77176.46875,77176.46875,77183.0703125,77160.1875,77182.9765625,0
2026-08-24 03:21:00+00:00,77142.03125,77142.03125,77148.6875,77137.3515625,77142.3828125,0
2026-08-24 03:22:00+00:00,77152.5390625,77152.5390625,77163.9765625,77152.5390625,77152.5390625,88557568
2026-08-24 03:23:00+00:00,77205.9375,77205.9375,77220.8515625,77152.5390625,77152.546875,7503872
2026-08-24 03:24:00+00:00,77206.296875,77206.296875,77243.84375,77199.546875,77208.5234375,0
2026-08-24 03:25:00+00:00,77201.78125,77201.78125,77254.7109375,77201.78125,77215.6328125,16588800
2026-08-24 03:26:00+00:00,77167.8203125,77167.8203125,77174.6484375,77152.546875,77172.3515625,12986368
2026-08-24 03:27:00+00:00,77137.2734375,77137.2734375,77152.546875,77137.2734375,77152.546875,0
2026-08-24 03:28:00+00:00,77154.421875,77154.421875,77154.421875,77133.5625,77148.71875,0
2026-08-24 03:29:00+00:00,77116.40625,77116.40625,77150.75,77116.40625,77150.5078125,0
2026-08-24 03:30:00+00:00,77064.6796875,77064.6796875,77140.40625,77022.671875,77114.3515625,126074880
2026-08-24 03:31:00+00:00,77064.546875,77064.546875,77091.5234375,77039.890625,77067.453125,0
2026-08-24 03:32:00+00:00,77144.8984375,77144.8984375,77144.8984375,77046.796875,77064.546875,3289088
2026-08-24 03:33:00+00:00,77087.5703125,77087.5703125,77156.2734375,77087.5703125,77140.8984375,0
2026-08-24 03:34:00+00:00,77111.546875,77111.546875,77113.59375,77082.4765625,77082.4765625,93437952
2026-08-24 03:35:00+00:00,77053.609375,77053.609375,77109.609375,77053.609375,77109.609375,0
2026-08-24 03:36:00+00:00,77000.796875,77000.796875,77047.046875,76995.828125,77047.046875,0
2026-08-24 03:37:00+00:00,77042.6015625,77042.6015625,77042.6015625,76994.0390625,77000.796875,0
2026-08-24 03:38:00+00:00,77069.40625,77069.40625,77117.953125,77069.40625,77069.921875,51040256
2026-08-24 03:39:00+00:00,77049.453125,77049.453125,77083.7578125,77049.453125,77079.9375,0
2026-08-24 03:40:00+00:00,76970.6328125,76970.6328125,77034.828125,76960.5390625,77034.828125,58982400
2026-08-24 03:41:00+00:00,76983.4921875,76983.4921875,76999.1171875,76972.1484375,76976.3203125,0
2026-08-24 03:42:00+00:00,77012.9609375,77012.9609375,77013.71875,76984.453125,76984.453125,0
2026-08-24 03:43:00+00:00,76994.5078125,76994.5078125,77003.578125,76983.7109375,77003.5703125,112533504
2026-08-24 03:44:00+00:00,76976.8203125,76976.8203125,77003.5625,76973.2265625,77003.546875,0
2026-08-24 03:45:00+00:00,77010.1328125,77010.1328125,77030.1484375,76970.296875,76970.296875,0
2026-08-24 03:46:00+00:00,76987.078125,76987.078125,77015.03125,76987.078125,77015.03125,0
2026-08-24 03:47:00+00:00,77017.828125,77017.828125,77017.828125,76977.578125,76993.5078125,0
2026-08-24 03:48:00+00:00,77030.34375,77030.34375,77047.4296875,77003.5703125,77013.828125,602112
2026-08-24 03:49:00+00:00,77015.0078125,77015.0078125,77024.1484375,77003.5703125,77017.2421875,0
2026-08-24 03:50:00+00:00,77108.3984375,77108.3984375,77146.203125,77018.84375,77018.84375,25696256
2026-08-24 03:51:00+00:00,77023.46875,77023.46875,77110.5078125,77023.46875,77108.3984375,0
2026-08-24 03:52:00+00:00,77003.5703125,77003.5703125,77034.1328125,76993.2109375,77034.1328125,0
2026-08-24 03:53:00+00:00,76956.5625,76956.5625,77004.859375,76956.5625,77003.5703125,0
2026-08-24 03:54:00+00:00,76969.53125,76969.53125,77006.6171875,76942.453125,76946.2734375,0
2026-08-24 03:55:00+00:00,76981.3203125,76981.3203125,76983.4296875,76969.1875,76973.0078125,69388288
2026-08-24 03:56:00+00:00,76957.7265625,76957.7265625,76983.0078125,76957.7265625,76969.1875,0
2026-08-24 03:57:00+00:00,76925.140625,76925.140625,76957.7265625,76925.140625,76957.7265625,142424064
2026-08-24 03:58:00+00:00,76919.53125,76919.53125,76947.3984375,76919.53125,76930.7265625,0
2026-08-24 03:59:00+00:00,76933.4609375,76933.4609375,76938.2109375,76923.3515625,76938.2109375,0
2026-08-24 04:00:00+00:00,76989.4921875,76989.4921875,77000.0,76969.8671875,76969.8671875,0
2026-08-24 04:01:00+00:00,77002.3203125,77002.3203125,77003.5625,76988.2890625,76988.2890625,0
2026-08-24 04:02:00+00:00,77040.9765625,77040.9765625,77040.9765625,76999.5703125,77002.3203125,0
2026-08-24 04:03:00+00:00,77030.296875,77030.296875,77049.3984375,77005.0625,77042.90625,1236992
2026-08-24 04:04:00+00:00,77047.0234375,77047.0234375,77047.8515625,77022.671875,77037.9375,0
2026-08-24 04:05:00+00:00,77064.6875,77064.6875,77089.0390625,77047.0078125,77047.0078125,0
2026-08-24 04:06:00+00:00,77015.03125,77015.03125,77077.640625,77015.03125,77064.6015625,40519680
2026-08-24 04:07:00+00:00,77018.84375,77018.84375,77022.9375,77001.2890625,77001.2890625,0
2026-08-24 04:08:00+00:00,77003.578125,77003.578125,77022.7265625,77003.578125,77011.2109375,0
2026-08-24 04:09:00+00:00,76999.0078125,76999.0078125,77030.3125,76999.0078125,77024.796875,0
2026-08-24 04:10:00+00:00,77020.21875,77020.21875,77032.0703125,76994.921875,76994.921875,0
2026-08-24 04:11:00+00:00,76999.78125,76999.78125,77020.21875,76999.75,77020.21875,0
2026-08-24 04:12:00+00:00,77040.1875,77040.1875,77040.203125,76996.5234375,76996.5234375,0
2026-08-24 04:13:00+00:00,77014.0703125,77014.0703125,77037.9375,77014.0703125,77026.4921875,945475584
2026-08-24 04:14:00+00:00,77019.546875,77019.546875,77030.0,77007.3125,77007.3125,0
2026-08-24 04:15:00+00:00,77109.3125,77109.3125,77109.3125,77021.109375,77021.109375,0
2026-08-24 04:16:00+00:00,77151.0078125,77151.0078125,77157.640625,77125.8125,77129.921875,0
2026-08-24 04:17:00+00:00,77174.0625,77174.0625,77174.0625,77137.2734375,77161.0703125,1611776
2026-08-24 04:18:00+00:00,77194.5234375,77194.5234375,77218.2578125,77176.5,77176.5,0
2026-08-24 04:19:00+00:00,77164.0078125,77164.0078125,77197.8125,77160.2734375,77195.2421875,0
2026-08-24 04:20:00+00:00,77211.8515625,77211.8515625,77212.0390625,77162.21875,77164.453125,0
2026-08-24 04:21:00+00:00,77245.5625,77245.5625,77247.7421875,77212.2265625,77215.640625,12779520
2026-08-24 04:22:00+00:00,77221.3125,77221.3125,77250.09375,77221.3125,77248.59375,0
2026-08-24 04:23:00+00:00,77209.84375,77209.84375,77211.359375,77193.09375,77206.03125,0
2026-08-24 04:24:00+00:00,77164.6875,77164.6875,77210.03125,77164.6875,77210.03125,0
2026-08-24 04:25:00+00:00,77212.578125,77212.578125,77212.578125,77160.1875,77160.1875,0
2026-08-24 04:26:00+00:00,77181.2578125,77181.2578125,77211.6015625,77181.2578125,77198.3984375,7399424
2026-08-24 04:27:00+00:00,77193.578125,77193.578125,77197.8203125,77181.2734375,77181.2734375,0
2026-08-24 04:28:00+00:00,77232.75,77232.75,77232.75,77195.28125,77198.3671875,0
2026-08-24 04:29:00+00:00,77221.578125,77221.578125,77224.8984375,77213.5390625,77221.796875,0
2026-08-24 04:30:00+00:00,77222.8203125,77222.8203125,77231.0625,77221.578125,77221.578125,31539200
2026-08-24 04:31:00+00:00,77197.59375,77197.59375,77220.703125,77196.78125,77217.71875,0
2026-08-24 04:32:00+00:00,77190.7265625,77190.7265625,77197.59375,77170.5234375,77197.59375,0
2026-08-24 04:33:00+00:00,77195.546875,77195.546875,77217.84375,77195.546875,77213.65625,167544832
2026-08-24 04:34:00+00:00,77209.3671875,77209.3671875,77213.65625,77195.5625,77195.5625,0
2026-08-24 04:35:00+00:00,77175.453125,77175.453125,77213.390625,77167.421875,77209.3671875,5666816
2026-08-24 04:36:00+00:00,77192.34375,77192.34375,77205.0390625,77175.453125,77175.453125,17600512
2026-08-24 04:37:00+00:00,77163.7265625,77163.7265625,77196.609375,77156.6796875,77193.8828125,0
2026-08-24 04:38:00+00:00,77169.0625,77169.0625,77169.0625,77152.546875,77160.953125,0
2026-08-24 04:39:00+00:00,77150.140625,77150.140625,77178.53125,77131.21875,77163.2421875,0
2026-08-24 04:40:00+00:00,77056.8125,77056.8125,77194.5078125,77056.8125,77164.0,0
2026-08-24 04:41:00+00:00,77119.0,77119.0,77119.0,77058.6171875,77058.6171875,0
2026-08-24 04:42:00+00:00,77105.5703125,77105.5703125,77121.953125,77093.546875,77121.953125,0
2026-08-24 04:43:00+00:00,77071.171875,77071.171875,77111.4609375,77071.15625,77111.4609375,0
2026-08-24 04:44:00+00:00,77094.75,77094.75,77094.75,77071.171875,77071.171875,0
2026-08-24 04:45:00+00:00,77057.0390625,77057.0390625,77133.1875,77015.53125,77108.7734375,0
2026-08-24 04:46:00+00:00,77022.671875,77022.671875,77057.0390625,76963.46875,77057.0390625,0
2026-08-24 04:47:00+00:00,77035.296875,77035.296875,77035.296875,76992.109375,76992.109375,0
2026-08-24 04:48:00+00:00,76965.3671875,76965.3671875,77026.4921875,76965.359375,77026.4921875,0
2026-08-24 04:49:00+00:00,76934.0234375,76934.0234375,76967.7421875,76934.0234375,76965.3671875,0
2026-08-24 04:50:00+00:00,76895.2890625,76895.2890625,76942.4296875,76874.0234375,76934.4609375,0
2026-08-24 04:51:00+00:00,76827.84375,76827.84375,76877.5078125,76827.84375,76877.5078125,241664
2026-08-24 04:52:00+00:00,76709.421875,76709.421875,76850.7578125,76709.421875,76816.390625,0
2026-08-24 04:53:00+00:00,76843.109375,76843.109375,76843.109375,76678.859375,76686.5078125,0
2026-08-24 04:54:00+00:00,76831.65625,76831.65625,76831.671875,76759.8125,76831.671875,0
2026-08-24 04:55:00+00:00,76804.921875,76804.921875,76853.1171875,76794.9609375,76826.046875,0
2026-08-24 04:56:00+00:00,76762.8984375,76762.8984375,76831.65625,76762.8984375,76812.5625,0
2026-08-24 04:57:00+00:00,76804.34375,76804.34375,76812.546875,76770.0,76770.0,0
2026-08-24 04:58:00+00:00,76862.21875,76862.21875,76862.21875,76809.6484375,76809.6484375,9285632
2026-08-24 04:59:00+00:00,76893.2265625,76893.2265625,76893.2421875,76866.03125,76866.03125,0
2026-08-24 05:00:00+00:00,76869.0,76869.0,76898.0234375,76846.9375,76877.5,0
2026-08-24 05:01:00+00:00,76862.21875,76862.21875,76877.4609375,76835.4921875,76858.40625,0
2026-08-24 05:02:00+00:00,76940.703125,76940.703125,76946.2578125,76885.1328125,76885.1328125,0
2026-08-24 05:03:00+00:00,76965.3515625,76965.3515625,76965.3515625,76913.0078125,76942.4375,610756608
2026-08-24 05:04:00+00:00,76953.890625,76953.890625,76953.890625,76934.796875,76942.4375,0
2026-08-24 05:05:00+00:00,76940.3515625,76940.3515625,76971.4921875,76940.3515625,76942.4375,0
2026-08-24 05:06:00+00:00,76938.25,76938.25,76938.6171875,76916.5234375,76930.9921875,0
2026-08-24 05:07:00+00:00,76946.2578125,76946.2578125,76946.2578125,76881.3203125,76929.1015625,0
2026-08-24 05:08:00+00:00,77000.28125,77000.28125,77000.28125,76946.2578125,76946.2578125,0
2026-08-24 05:09:00+00:00,77036.5234375,77036.5234375,77043.3671875,76980.203125,77007.3828125,0
2026-08-24 05:10:00+00:00,77003.5703125,77003.5703125,77038.390625,76992.109375,77022.671875,0
2026-08-24 05:11:00+00:00,77068.4921875,77068.4921875,77068.4921875,77003.796875,77015.0234375,0
2026-08-24 05:12:00+00:00,77082.8671875,77082.8671875,77110.5234375,77064.46875,77095.25,0
2026-08-24 05:13:00+00:00,77109.3125,77109.3125,77118.96875,77088.53125,77088.53125,0
2026-08-24 05:14:00+00:00,77213.53125,77213.53125,77213.65625,77102.8828125,77102.8828125,0
2026-08-24 05:15:00+00:00,77141.09375,77141.09375,77202.3984375,77124.4765625,77202.3984375,3950592
2026-08-24 05:16:00+00:00,77145.4296875,77145.4296875,77156.359375,77123.2734375,77123.2734375,0
2026-08-24 05:17:00+00:00,77079.96875,77079.96875,77122.4296875,77079.96875,77122.4296875,0
2026-08-24 05:18:00+00:00,77095.25,77095.25,77125.796875,77046.0234375,77069.0078125,620335104
2026-08-24 05:19:00+00:00,77059.328125,77059.328125,77118.1484375,77057.046875,77110.53125,0
2026-08-24 05:20:00+00:00,77007.3984375,77007.3984375,77066.0390625,76993.8984375,77042.1796875,0
2026-08-24 05:21:00+00:00,77003.6484375,77003.6484375,77030.296875,77002.4375,77007.40625,0
2026-08-24 05:22:00+00:00,77041.7578125,77041.7578125,77041.7578125,76950.859375,76965.3671875,0
2026-08-24 05:23:00+00:00,77114.359375,77114.359375,77121.9765625,77046.953125,77060.859375,0
2026-08-24 05:24:00+00:00,77072.578125,77072.578125,77130.2421875,77069.8828125,77115.3828125,0
2026-08-24 05:25:00+00:00,77102.8828125,77102.8828125,77102.8828125,77045.3984375,77061.3203125,0
2026-08-24 05:26:00+00:00,77123.9765625,77123.9765625,77132.390625,77084.84375,77098.0234375,6879232
2026-08-24 05:27:00+00:00,77120.3984375,77120.3984375,77141.0703125,77120.3984375,77123.9765625,707139584
2026-08-24 05:28:00+00:00,77099.203125,77099.203125,77118.4765625,77095.6171875,77118.4765625,0
2026-08-24 05:29:00+00:00,77066.34375,77066.34375,77106.6875,77066.34375,77106.6875,0
2026-08-24 05:30:00+00:00,76994.3984375,76994.3984375,77060.8671875,76988.9296875,77060.8671875,0
2026-08-24 05:31:00+00:00,76953.2734375,76953.2734375,76994.3984375,76930.5078125,76994.3984375,0
2026-08-24 05:32:00+00:00,76957.828125,76957.828125,76969.4921875,76942.453125,76942.453125,0
2026-08-24 05:33:00+00:00,76962.3203125,76962.3203125,76969.96875,76938.6171875,76952.359375,0
2026-08-24 05:34:00+00:00,76991.5,76991.5,77003.5390625,76965.359375,76982.5078125,0
2026-08-24 05:35:00+00:00,76916.09375,76916.09375,76969.1875,76901.7578125,76969.1875,9230336
2026-08-24 05:36:00+00:00,76903.75,76903.75,76904.2421875,76854.546875,76901.09375,0
2026-08-24 05:37:00+00:00,76987.40625,76987.40625,76994.171875,76874.2734375,76910.0703125,0
2026-08-24 05:38:00+00:00,77069.8671875,77069.8671875,77083.546875,76982.8671875,76982.8671875,0
2026-08-24 05:39:00+00:00,77053.2265625,77053.2265625,77099.0390625,77053.2265625,77079.578125,0
2026-08-24 05:40:00+00:00,77128.03125,77128.03125,77128.03125,77026.8515625,77030.3125,29188096
2026-08-24 05:41:00+00:00,77171.640625,77171.640625,77171.640625,77122.4375,77122.4375,0
2026-08-24 05:42:00+00:00,77133.4375,77133.4375,77184.921875,77129.6171875,77184.921875,12750848
2026-08-24 05:43:00+00:00,77152.5390625,77152.5390625,77184.3828125,77121.9921875,77133.4296875,3205120
2026-08-24 05:44:00+00:00,77100.0703125,77100.0703125,77152.546875,77099.0625,77152.5390625,0
2026-08-24 05:45:00+00:00,77125.796875,77125.796875,77127.671875,77092.7265625,77092.7265625,0
2026-08-24 05:46:00+00:00,77096.8671875,77096.8671875,77118.140625,77087.6015625,77110.203125,2105344
2026-08-24 05:47:00+00:00,77111.28125,77111.28125,77115.0390625,77087.921875,77102.46875,50829312
2026-08-24 05:48:00+00:00,77106.7421875,77106.7421875,77131.78125,77106.7421875,77111.3203125,0
2026-08-24 05:49:00+00:00,77063.0234375,77063.0234375,77114.328125,77063.0234375,77106.75,0
2026-08-24 05:50:00+00:00,77045.578125,77045.578125,77063.6796875,77045.578125,77063.03125,15669248
2026-08-24 05:51:00+00:00,77013.8515625,77013.8515625,77037.953125,76993.9609375,77037.953125,0
2026-08-24 05:52:00+00:00,77053.21875,77053.21875,77053.21875,77007.390625,77007.390625,0
2026-08-24 05:53:00+00:00,77042.6328125,77042.6328125,77053.5703125,77041.7734375,77053.3515625,0
2026-08-24 05:54:00+00:00,77129.6328125,77129.6328125,77137.7734375,77045.5625,77045.5625,0
2026-08-24 05:55:00+00:00,77093.8984375,77093.8984375,77136.34375,77093.8984375,77129.6328125,0
2026-08-24 05:56:00+00:00,77116.7734375,77116.7734375,77119.7890625,77093.8984375,77093.8984375,0
2026-08-24 05:57:00+00:00,77161.71875,77161.71875,77161.71875,77115.1875,77118.15625,0
2026-08-24 05:58:00+00:00,77182.7890625,77182.7890625,77187.5625,77164.3515625,77164.3515625,0
2026-08-24 05:59:00+00:00,77159.59375,77159.59375,77188.03125,77149.03125,77183.84375,1865728
2026-08-24 06:00:00+00:00,77168.2265625,77168.2265625,77190.7265625,77152.53125,77152.53125,0
2026-08-24 06:01:00+00:00,77109.546875,77109.546875,77152.6171875,77109.546875,77152.6171875,6064128
2026-08-24 06:02:00+00:00,77118.1484375,77118.1484375,77141.0703125,77111.4921875,77118.15625,0
2026-08-24 06:03:00+00:00,77085.53125,77085.53125,77120.296875,77085.53125,77120.296875,0
2026-08-24 06:04:00+00:00,77100.8203125,77100.8203125,77112.2421875,77072.328125,77079.96875,0
2026-08-24 06:05:00+00:00,77111.34375,77111.34375,77121.9765625,77090.3671875,77093.71875,0
2026-08-24 06:06:00+00:00,77076.140625,77076.140625,77102.890625,77064.6875,77102.890625,0
2026-08-24 06:07:00+00:00,77137.2578125,77137.2578125,77137.2578125,77079.9609375,77079.9609375,0
2026-08-24 06:08:00+00:00,77156.3515625,77156.3515625,77156.3515625,77121.9921875,77121.9921875,0
2026-08-24 06:09:00+00:00,77186.7578125,77186.7578125,77220.28125,77156.9765625,77156.9765625,94738432
2026-08-24 06:10:00+00:00,77171.046875,77171.046875,77194.5625,77171.046875,77186.796875,0
2026-08-24 06:11:00+00:00,77300.5,77300.5,77300.5,77166.8984375,77166.8984375,0
2026-08-24 06:12:00+00:00,77351.1796875,77351.1796875,77380.546875,77303.671875,77307.2109375,0
2026-08-24 06:13:00+00:00,77400.84375,77400.84375,77400.84375,77321.4296875,77359.671875,262144
2026-08-24 06:14:00+00:00,77404.65625,77404.65625,77423.7578125,77381.75,77402.5,0
2026-08-24 06:15:00+00:00,77409.7109375,77409.7109375,77461.9609375,77388.203125,77389.390625,0
2026-08-24 06:16:00+00:00,77358.828125,77358.828125,77395.4375,77358.8203125,77395.4375,0
2026-08-24 06:17:00+00:00,77370.296875,77370.296875,77381.7421875,77358.828125,77363.796875,49467392
2026-08-24 06:18:00+00:00,77348.6015625,77348.6015625,77386.3671875,77340.5703125,77370.296875,0
2026-08-24 06:19:00+00:00,77373.0390625,77373.0390625,77373.609375,77348.6015625,77348.6015625,0
2026-08-24 06:20:00+00:00,77345.1015625,77345.1015625,77362.2265625,77339.71875,77362.2265625,0
2026-08-24 06:21:00+00:00,77320.6171875,77320.6171875,77345.1015625,77300.5390625,77345.1015625,0
2026-08-24 06:22:00+00:00,77312.9921875,77312.9921875,77324.4375,77293.90625,77320.6171875,0
2026-08-24 06:23:00+00:00,77350.09375,77350.09375,77350.09375,77301.53125,77312.9765625,0
2026-08-24 06:24:00+00:00,77393.7734375,77393.7734375,77393.7734375,77336.2109375,77336.2109375,0
2026-08-24 06:25:00+00:00,77374.109375,77374.109375,77397.0234375,77374.109375,77392.2734375,0
2026-08-24 06:26:00+00:00,77392.0,77392.0,77392.78125,77374.140625,77374.140625,0
2026-08-24 06:27:00+00:00,77366.0390625,77366.0390625,77409.640625,77353.2734375,77397.0234375,0
2026-08-24 06:28:00+00:00,77358.84375,77358.84375,77370.28125,77358.84375,77362.328125,1351680
2026-08-24 06:29:00+00:00,77359.84375,77359.84375,77386.2421875,77358.828125,77358.84375,0
2026-08-24 06:30:00+00:00,77358.15625,77358.15625,77381.578125,77341.7734375,77341.7734375,177209344
2026-08-24 06:31:00+00:00,77312.0625,77312.0625,77376.3125,77305.3515625,77358.1484375,0
2026-08-24 06:32:00+00:00,77269.078125,77269.078125,77293.8984375,77267.1484375,77293.8984375,0
2026-08-24 06:33:00+00:00,77263.328125,77263.328125,77277.3984375,77263.328125,77277.3984375,0
2026-08-24 06:34:00+00:00,77270.8203125,77270.8203125,77297.6875,77270.8203125,77290.0625,0
2026-08-24 06:35:00+00:00,77263.5390625,77263.5390625,77301.3984375,77256.6171875,77267.1484375,0
2026-08-24 06:36:00+00:00,77275.453125,77275.453125,77282.5234375,77255.96875,77255.96875,0
2026-08-24 06:37:00+00:00,77291.921875,77291.921875,77294.40625,77275.453125,77275.453125,0
2026-08-24 06:38:00+00:00,77270.9609375,77270.9609375,77294.40625,77248.0234375,77294.40625,0
2026-08-24 06:39:00+00:00,77242.6796875,77242.6796875,77271.8203125,77242.6796875,77271.8203125,5283840
2026-08-24 06:40:00+00:00,77229.8984375,77229.8984375,77244.21875,77217.4921875,77242.6875,0
2026-08-24 06:41:00+00:00,77259.5234375,77259.5234375,77317.5234375,77223.953125,77223.953125,0
2026-08-24 06:42:00+00:00,77268.9375,77268.9375,77286.2421875,77250.046875,77262.8828125,0
2026-08-24 06:43:00+00:00,77286.25,77286.25,77309.1484375,77259.5078125,77259.5078125,93904896
2026-08-24 06:44:00+00:00,77350.0625,77350.0625,77350.0625,77293.890625,77293.890625,0
2026-08-24 06:45:00+00:00,77369.1875,77369.1875,77374.1015625,77333.40625,77339.8984375,16404480
2026-08-24 06:46:00+00:00,77379.609375,77379.609375,77379.609375,77343.546875,77362.6484375,0
2026-08-24 06:47:00+00:00,77461.96875,77461.96875,77468.8671875,77379.6328125,77379.6328125,0
2026-08-24 06:48:00+00:00,77490.5234375,77490.5234375,77490.5234375,77445.421875,77473.328125,0
2026-08-24 06:49:00+00:00,77500.9375,77500.9375,77520.09375,77477.28125,77477.28125,21284864
2026-08-24 06:50:00+00:00,77492.5078125,77492.5078125,77512.1171875,77468.0078125,77500.921875,0
2026-08-24 06:51:00+00:00,77429.828125,77429.828125,77490.7890625,77429.828125,77473.4296875,0
2026-08-24 06:52:00+00:00,77440.3828125,77440.3828125,77447.9609375,77412.296875,77412.3125,18071552
2026-08-24 06:53:00+00:00,77446.6875,77446.6875,77465.1171875,77439.4765625,77439.890625,0
2026-08-24 06:54:00+00:00,77447.2578125,77447.2578125,77450.5,77435.53125,77435.53125,9527296
2026-08-24 06:55:00+00:00,77435.2109375,77435.2109375,77455.21875,77427.4375,77455.21875,0
2026-08-24 06:56:00+00:00,77474.7734375,77474.7734375,77480.0,77435.2109375,77435.2109375,77092864
2026-08-24 06:57:00+00:00,77463.9609375,77463.9609375,77480.0,77463.9609375,77480.0,0
2026-08-24 06:58:00+00:00,77473.421875,77473.421875,77473.421875,77463.9609375,77463.9609375,0
2026-08-24 06:59:00+00:00,77459.1328125,77459.1328125,77467.1484375,77450.5078125,77467.1484375,0
2026-08-24 07:00:00+00:00,77503.9765625,77503.9765625,77503.9765625,77450.5078125,77459.7265625,0
2026-08-24 07:01:00+00:00,77488.703125,77488.703125,77503.96875,77482.2109375,77503.96875,0
2026-08-24 07:02:00+00:00,77458.5078125,77458.5078125,77488.703125,77458.1484375,77488.703125,0
2026-08-24 07:03:00+00:00,77463.0,77463.0,77465.7890625,77450.5078125,77450.5078125,793536512
2026-08-24 07:04:00+00:00,77500.15625,77500.15625,77506.2890625,77463.0,77463.0,0
2026-08-24 07:05:00+00:00,77497.2421875,77497.2421875,77511.546875,77484.890625,77484.890625,0
2026-08-24 07:06:00+00:00,77499.5390625,77499.5390625,77507.8515625,77494.296875,77496.2265625,0
2026-08-24 07:07:00+00:00,77510.96875,77510.96875,77510.96875,77499.5390625,77499.5390625,0
2026-08-24 07:08:00+00:00,77506.578125,77506.578125,77524.453125,77506.578125,77510.9609375,0
2026-08-24 07:09:00+00:00,77540.8828125,77540.8828125,77557.9609375,77501.7265625,77506.578125,0
2026-08-24 07:10:00+00:00,77591.8515625,77591.8515625,77608.1796875,77570.0078125,77571.8828125,0
2026-08-24 07:11:00+00:00,77628.578125,77628.578125,77645.8671875,77586.0234375,77620.0,0
2026-08-24 07:12:00+00:00,77763.5625,77763.5625,77782.53125,77633.859375,77633.859375,0
2026-08-24 07:13:00+00:00,77737.0078125,77737.0078125,77764.3125,77733.390625,77761.4921875,17938432
2026-08-24 07:14:00+00:00,77740.828125,77740.828125,77748.2734375,77725.5390625,77737.0078125,0
2026-08-24 07:15:00+00:00,77682.71875,77682.71875,77740.078125,77682.71875,77740.078125,0
2026-08-24 07:16:00+00:00,77652.15625,77652.15625,77677.7890625,77652.1484375,77677.7890625,86272000
2026-08-24 07:17:00+00:00,77622.4375,77622.4375,77660.6015625,77614.7734375,77635.6328125,0
2026-08-24 07:18:00+00:00,77595.65625,77595.65625,77628.1484375,77584.2109375,77622.453125,9512960
2026-08-24 07:19:00+00:00,77642.390625,77642.390625,77660.59375,77625.859375,77625.859375,0
2026-08-24 07:20:00+00:00,77591.078125,77591.078125,77637.703125,77582.6015625,77637.703125,14581760
2026-08-24 07:21:00+00:00,77590.8828125,77590.8828125,77595.65625,77572.75,77588.03125,0
2026-08-24 07:22:00+00:00,77577.1796875,77577.1796875,77595.65625,77576.5625,77590.8828125,27930624
2026-08-24 07:23:00+00:00,77649.140625,77649.140625,77649.140625,77587.96875,77587.9765625,13307904
2026-08-24 07:24:00+00:00,77633.8671875,77633.8671875,77654.046875,77627.203125,77654.046875,0
2026-08-24 07:25:00+00:00,77641.5,77641.5,77677.8671875,77641.5,77644.609375,0
2026-08-24 07:26:00+00:00,77613.4375,77613.4375,77649.046875,77613.4375,77646.9609375,0
2026-08-24 07:27:00+00:00,77568.9296875,77568.9296875,77610.3828125,77568.9296875,77607.6484375,0
2026-08-24 07:28:00+00:00,77533.0625,77533.0625,77567.796875,77533.0625,77567.796875,66322432
2026-08-24 07:29:00+00:00,77575.0625,77575.0625,77582.8671875,77533.0625,77533.0625,4651008
2026-08-24 07:30:00+00:00,77525.3671875,77525.3671875,77589.2578125,77511.4296875,77583.40625,61478912
2026-08-24 07:31:00+00:00,77513.0390625,77513.0390625,77517.671875,77480.0390625,77506.453125,0
2026-08-24 07:32:00+00:00,77497.2421875,77497.2421875,77522.7421875,77473.15625,77522.7421875,0
2026-08-24 07:33:00+00:00,77492.8828125,77492.8828125,77492.8828125,77477.171875,77477.171875,27572224
2026-08-24 07:34:00+00:00,77476.34375,77476.34375,77487.28125,77456.4609375,77487.28125,24203264
2026-08-24 07:35:00+00:00,77467.609375,77467.609375,77476.34375,77457.2578125,77476.34375,0
2026-08-24 07:36:00+00:00,77476.0625,77476.0625,77488.0,77458.6171875,77458.6171875,0
2026-08-24 07:37:00+00:00,77435.3515625,77435.3515625,77472.2265625,77435.3515625,77461.8125,0
2026-08-24 07:38:00+00:00,77442.75,77442.75,77466.0625,77442.75,77448.421875,34045952
2026-08-24 07:39:00+00:00,77452.453125,77452.453125,77456.03125,77430.7890625,77435.203125,43587584
2026-08-24 07:40:00+00:00,77435.390625,77435.390625,77452.453125,77432.8984375,77452.453125,215040
2026-08-24 07:41:00+00:00,77389.5,77389.5,77423.046875,77380.7421875,77423.046875,0
2026-08-24 07:42:00+00:00,77362.796875,77362.796875,77396.9921875,77362.7890625,77396.9921875,0
2026-08-24 07:43:00+00:00,77341.296875,77341.296875,77377.1484375,77340.421875,77369.046875,0
2026-08-24 07:44:00+00:00,77338.1796875,77338.1796875,77351.40625,77331.2734375,77348.8203125,8863744
2026-08-24 07:45:00+00:00,77361.6875,77361.6875,77365.6796875,77324.953125,77329.359375,0
2026-08-24 07:46:00+00:00,77372.3984375,77372.3984375,77387.9921875,77361.6875,77361.6875,9771008
2026-08-24 07:47:00+00:00,77400.4765625,77400.4765625,77422.0,77386.671875,77386.671875,0
2026-08-24 07:48:00+00:00,77405.6484375,77405.6484375,77417.546875,77399.921875,77403.4921875,20754432
2026-08-24 07:49:00+00:00,77369.0390625,77369.0390625,77405.640625,77369.0390625,77405.640625,0
2026-08-24 07:50:00+00:00,77371.578125,77371.578125,77404.3203125,77369.046875,77382.2734375,0
2026-08-24 07:51:00+00:00,77337.046875,77337.046875,77364.640625,77333.1484375,77364.640625,0
2026-08-24 07:52:00+00:00,77296.796875,77296.796875,77333.7578125,77282.8203125,77326.1328125,0
2026-08-24 07:53:00+00:00,77313.453125,77313.453125,77313.453125,77277.1484375,77296.796875,0
2026-08-24 07:54:00+00:00,77333.828125,77333.828125,77342.578125,77299.171875,77301.15625,10311680
2026-08-24 07:55:00+00:00,77301.078125,77301.078125,77341.0390625,77294.46875,77341.0390625,16781312
2026-08-24 07:56:00+00:00,77298.96875,77298.96875,77302.8671875,77280.84375,77300.84375,0
2026-08-24 07:57:00+00:00,77298.46875,77298.46875,77302.359375,77285.2578125,77297.671875,0
2026-08-24 07:58:00+00:00,77281.6875,77281.6875,77315.2578125,77281.6875,77303.171875,1689600
2026-08-24 07:59:00+00:00,77297.8671875,77297.8671875,77297.8671875,77276.4375,77281.703125,0
2026-08-24 08:00:00+00:00,77315.2265625,77315.2265625,77329.3515625,77300.7265625,77316.1171875,0
2026-08-24 08:01:00+00:00,77258.796875,77258.796875,77312.2109375,77258.796875,77312.2109375,0
2026-08-24 08:02:00+00:00,77252.2109375,77252.2109375,77252.2109375,77209.859375,77222.6015625,0
2026-08-24 08:03:00+00:00,77299.4609375,77299.4609375,77311.7109375,77254.3828125,77254.3828125,741511168
2026-08-24 08:04:00+00:00,77247.3828125,77247.3828125,77289.65625,77236.75,77289.65625,0
2026-08-24 08:05:00+00:00,77298.65625,77298.65625,77298.65625,77251.8984375,77251.8984375,1208320
2026-08-24 08:06:00+00:00,77364.75,77364.75,77364.75,77292.609375,77292.609375,0
2026-08-24 08:07:00+00:00,77320.5390625,77320.5390625,77397.96875,77320.5390625,77364.75,106287104
2026-08-24 08:08:00+00:00,77336.7734375,77336.7734375,77346.9921875,77316.1328125,77316.1328125,15372288
2026-08-24 08:09:00+00:00,77329.359375,77329.359375,77344.5,77324.953125,77335.21875,0
2026-08-24 08:10:00+00:00,77306.0703125,77306.0703125,77334.0625,77306.0703125,77329.359375,0
2026-08-24 08:11:00+00:00,77285.25,77285.25,77297.390625,77285.25,77297.390625,0
2026-08-24 08:12:00+00:00,77245.5625,77245.5625,77278.5625,77219.109375,77278.5625,0
2026-08-24 08:13:00+00:00,77249.96875,77249.96875,77263.203125,77227.9296875,77245.546875,0
2026-08-24 08:14:00+00:00,77239.9921875,77239.9921875,77251.8984375,77232.34375,77245.5703125,0
2026-08-24 08:15:00+00:00,77182.6015625,77182.6015625,77239.9921875,77182.6015625,77239.9921875,0
2026-08-24 08:16:00+00:00,77061.2421875,77061.2421875,77183.4765625,77061.2421875,77183.4765625,0
2026-08-24 08:17:00+00:00,77082.390625,77082.390625,77095.6171875,77055.9296875,77095.6171875,0
2026-08-24 08:18:00+00:00,77149.46875,77149.46875,77149.46875,77068.703125,77068.703125,0
2026-08-24 08:19:00+00:00,77126.8515625,77126.8515625,77190.65625,77126.8515625,77152.8828125,0
2026-08-24 08:20:00+00:00,77125.2578125,77125.2578125,77125.2578125,77113.2734375,77122.09375,0
2026-08-24 08:21:00+00:00,77091.2109375,77091.2109375,77140.796875,77086.796875,77125.2578125,0
2026-08-24 08:22:00+00:00,77029.4765625,77029.4765625,77107.0390625,77029.1171875,77095.6171875,0
2026-08-24 08:23:00+00:00,76994.1796875,76994.1796875,77002.28125,76952.4609375,77002.28125,0
2026-08-24 08:24:00+00:00,76945.9921875,76945.9921875,77021.28125,76945.9921875,76981.1328125,0
2026-08-24 08:25:00+00:00,76938.09375,76938.09375,76938.09375,76896.7890625,76930.8515625,10147840
2026-08-24 08:26:00+00:00,76895.671875,76895.671875,76923.2890625,76851.96875,76897.171875,0
2026-08-24 08:27:00+00:00,76936.859375,76936.859375,76955.5234375,76888.1796875,76888.1796875,0
2026-08-24 08:28:00+00:00,76848.828125,76848.828125,76936.8515625,76819.7109375,76936.8515625,0
2026-08-24 08:29:00+00:00,76905.9765625,76905.9765625,76931.7890625,76866.296875,76866.296875,10665984
2026-08-24 08:30:00+00:00,76936.859375,76936.859375,76936.859375,76883.53125,76883.53125,269551616
2026-08-24 08:31:00+00:00,76953.3984375,76953.3984375,76958.90625,76901.59375,76912.03125,0
2026-08-24 08:32:00+00:00,77025.3515625,77025.3515625,77031.0,76949.21875,76949.21875,16541696
2026-08-24 08:33:00+00:00,77047.5234375,77047.5234375,77047.5234375,77007.4296875,77010.796875,69240832
2026-08-24 08:34:00+00:00,77007.4296875,77007.4296875,77051.0234375,77007.4296875,77051.0234375,0
2026-08-24 08:35:00+00:00,77021.90625,77021.90625,77022.1484375,77012.2109375,77012.2109375,0
2026-08-24 08:36:00+00:00,77048.90625,77048.90625,77048.921875,77020.6171875,77020.6328125,78364672
2026-08-24 08:37:00+00:00,77029.46875,77029.46875,77029.46875,77013.4609375,77020.640625,6787072
2026-08-24 08:38:00+00:00,77027.640625,77027.640625,77029.15625,77011.3671875,77016.25,0
2026-08-24 08:39:00+00:00,77097.9609375,77097.9609375,77102.390625,77042.703125,77042.703125,0
2026-08-24 08:40:00+00:00,77060.359375,77060.359375,77091.21875,77060.359375,77091.21875,0
2026-08-24 08:41:00+00:00,77075.4921875,77075.4921875,77075.4921875,77060.359375,77060.359375,0
2026-08-24 08:42:00+00:00,77051.53125,77051.53125,77062.15625,77051.5234375,77061.671875,92993536
2026-08-24 08:43:00+00:00,77073.5625,77073.5625,77078.203125,77048.90625,77048.90625,1726464
2026-08-24 08:44:00+00:00,77108.8515625,77108.8515625,77108.8515625,77073.5625,77073.5625,0
2026-08-24 08:45:00+00:00,77102.4921875,77102.4921875,77121.96875,77091.453125,77121.96875,0
2026-08-24 08:46:00+00:00,77086.34375,77086.34375,77102.4921875,77086.34375,77102.4921875,0
2026-08-24 08:47:00+00:00,77055.9375,77055.9375,77091.046875,77055.9375,77091.046875,0
2026-08-24 08:48:00+00:00,77096.609375,77096.609375,77104.4296875,77072.359375,77078.9765625,0
2026-08-24 08:49:00+00:00,77135.3125,77135.3125,77135.3125,77093.6796875,77096.609375,0
2026-08-24 08:50:00+00:00,77086.3984375,77086.3984375,77122.09375,77082.3984375,77122.09375,0
2026-08-24 08:51:00+00:00,77079.828125,77079.828125,77095.578125,77077.9921875,77089.6484375,0
2026-08-24 08:52:00+00:00,77098.4765625,77098.4765625,77110.6875,77079.828125,77079.828125,5828608
2026-08-24 08:53:00+00:00,77061.3515625,77061.3515625,77091.21875,77041.453125,77091.21875,21604352
2026-08-24 08:54:00+00:00,77042.0625,77042.0625,77082.109375,77042.0625,77061.359375,0
2026-08-24 08:55:00+00:00,77051.5078125,77051.5078125,77058.8515625,77028.65625,77042.703125,0
2026-08-24 08:56:00+00:00,77027.8984375,77027.8984375,77049.578125,77027.8984375,77044.703125,0
2026-08-24 08:57:00+00:00,76999.3125,76999.3125,77027.8984375,76999.3125,77027.890625,29790208
2026-08-24 08:58:00+00:00,77003.7421875,77003.7421875,77011.828125,76994.7890625,76994.7890625,3971072
2026-08-24 08:59:00+00:00,77032.90625,77032.90625,77037.578125,77023.59375,77023.59375,0
2026-08-24 09:00:00+00:00,77031.6328125,77031.6328125,77043.8203125,77007.8984375,77025.0703125,126314496
2026-08-24 09:01:00+00:00,77064.75,77064.75,77088.0078125,77033.8828125,77033.8828125,3440640
2026-08-24 09:02:00+00:00,77098.78125,77098.78125,77098.78125,77064.7421875,77064.7421875,0
2026-08-24 09:03:00+00:00,77117.6796875,77117.6796875,77130.0,77094.9296875,77098.78125,0
2026-08-24 09:04:00+00:00,77160.5703125,77160.5703125,77171.28125,77121.9296875,77121.9296875,0
2026-08-24 09:05:00+00:00,77155.328125,77155.328125,77166.1796875,77153.1171875,77153.1171875,0
2026-08-24 09:06:00+00:00,77152.953125,77152.953125,77170.59375,77144.140625,77155.921875,6037504
2026-08-24 09:07:00+00:00,77202.8984375,77202.8984375,77202.8984375,77151.0234375,77151.0234375,0
2026-08-24 09:08:00+00:00,77208.6328125,77208.6328125,77208.7109375,77197.0625,77203.1875,0
2026-08-24 09:09:00+00:00,77249.96875,77249.96875,77249.96875,77214.6796875,77214.6875,0
2026-08-24 09:10:00+00:00,77205.8671875,77205.8671875,77213.0,77183.90625,77213.0,4816896
2026-08-24 09:11:00+00:00,77205.8828125,77205.8828125,77223.5078125,77205.8828125,77215.9921875,0
2026-08-24 09:12:00+00:00,77223.5078125,77223.5078125,77223.5078125,77202.453125,77205.8828125,41646080
2026-08-24 09:13:00+00:00,77244.4765625,77244.4765625,77244.4765625,77223.5,77223.5,0
2026-08-24 09:14:00+00:00,77271.3671875,77271.3671875,77285.5234375,77259.6875,77259.6875,655360
2026-08-24 09:15:00+00:00,77350.5234375,77350.5234375,77350.5234375,77271.3671875,77271.3671875,0
2026-08-24 09:16:00+00:00,77360.203125,77360.203125,77383.1796875,77320.5390625,77371.2421875,122912768
2026-08-24 09:17:00+00:00,77293.7890625,77293.7890625,77356.46875,77285.25,77356.46875,0
2026-08-24 09:18:00+00:00,77244.953125,77244.953125,77286.3203125,77242.6171875,77286.3203125,32151552
2026-08-24 09:19:00+00:00,77299.96875,77299.96875,77299.96875,77232.328125,77232.328125,0
2026-08-24 09:20:00+00:00,77339.28125,77339.28125,77339.28125,77261.0234375,77294.6328125,8757248
2026-08-24 09:21:00+00:00,77280.8515625,77280.8515625,77324.953125,77280.8515625,77324.953125,0
2026-08-24 09:22:00+00:00,77273.2109375,77273.2109375,77294.5,77258.796875,77263.2109375,40288256
2026-08-24 09:23:00+00:00,77292.3515625,77292.3515625,77292.3515625,77260.0078125,77280.390625,26933248
2026-08-24 09:24:00+00:00,77252.828125,77252.828125,77276.4375,77252.828125,77276.4375,0
2026-08-24 09:25:00+00:00,77226.03125,77226.03125,77251.5234375,77201.46875,77249.9765625,0
2026-08-24 09:26:00+00:00,77340.796875,77340.796875,77343.828125,77254.3828125,77254.3828125,10414080
2026-08-24 09:27:00+00:00,77406.6484375,77406.6484375,77409.15625,77343.890625,77343.890625,0
2026-08-24 09:28:00+00:00,77387.640625,77387.640625,77393.9296875,77384.9921875,77391.9765625,35950592
2026-08-24 09:29:00+00:00,77411.7421875,77411.7421875,77417.5390625,77393.9296875,77393.9296875,0
2026-08-24 09:30:00+00:00,77405.8203125,77405.8203125,77417.546875,77398.6875,77417.546875,0
2026-08-24 09:31:00+00:00,77430.7734375,77430.7734375,77430.78125,77408.7265625,77408.7265625,55353344
2026-08-24 09:32:00+00:00,77435.0390625,77435.0390625,77469.7265625,77427.4921875,77436.2265625,0
2026-08-24 09:33:00+00:00,77399.90625,77399.90625,77435.046875,77388.078125,77435.046875,42657792
2026-08-24 09:34:00+00:00,77406.921875,77406.921875,77416.78125,77399.8984375,77399.90625,0
2026-08-24 09:35:00+00:00,77428.25,77428.25,77435.1875,77404.3203125,77435.1875,3756032
2026-08-24 09:36:00+00:00,77419.9609375,77419.9609375,77421.953125,77407.921875,77417.5625,37455872
2026-08-24 09:37:00+00:00,77451.4296875,77451.4296875,77452.828125,77419.96875,77419.96875,3014656
2026-08-24 09:38:00+00:00,77473.546875,77473.546875,77478.0,77448.328125,77448.328125,0
2026-08-24 09:39:00+00:00,77483.59375,77483.59375,77486.9375,77467.1328125,77471.8671875,0
2026-08-24 09:40:00+00:00,77443.15625,77443.15625,77486.1015625,77439.609375,77486.1015625,6955008
2026-08-24 09:41:00+00:00,77444.140625,77444.140625,77458.7265625,77444.140625,77452.828125,2476032
2026-08-24 09:42:00+00:00,77445.4765625,77445.4765625,77457.2421875,77444.140625,77444.140625,108363776
2026-08-24 09:43:00+00:00,77459.9921875,77459.9921875,77464.78125,77444.25,77444.25,0
2026-08-24 09:44:00+00:00,77457.2421875,77457.2421875,77496.9296875,77448.4296875,77496.9296875,3995648
2026-08-24 09:45:00+00:00,77430.796875,77430.796875,77492.9765625,77430.796875,77457.2421875,0
2026-08-24 09:46:00+00:00,77456.1171875,77456.1171875,77461.6484375,77443.4375,77443.4375,22835200
2026-08-24 09:47:00+00:00,77514.5703125,77514.5703125,77514.5703125,77449.40625,77449.40625,4890624
2026-08-24 09:48:00+00:00,77514.1875,77514.1875,77523.390625,77501.3515625,77523.390625,0
2026-08-24 09:49:00+00:00,77500.859375,77500.859375,77510.15625,77485.96875,77496.9375,24576000
2026-08-24 09:50:00+00:00,77483.7109375,77483.7109375,77505.328125,77483.7109375,77486.296875,2279424
2026-08-24 09:51:00+00:00,77492.5234375,77492.5234375,77492.5234375,77470.8671875,77489.2890625,27047936
2026-08-24 09:52:00+00:00,77532.40625,77532.40625,77532.6015625,77492.5234375,77492.5234375,0
2026-08-24 09:53:00+00:00,77557.171875,77557.171875,77567.4921875,77513.9921875,77532.59375,0
2026-08-24 09:54:00+00:00,77572.7578125,77572.7578125,77576.3125,77540.2890625,77540.2890625,33019904
2026-08-24 09:55:00+00:00,77590.921875,77590.921875,77590.921875,77563.2421875,77563.2421875,0
2026-08-24 09:56:00+00:00,77558.2109375,77558.2109375,77580.75,77543.703125,77580.75,0
2026-08-24 09:57:00+00:00,77553.8515625,77553.8515625,77555.7734375,77540.671875,77553.7109375,0
2026-08-24 09:58:00+00:00,77536.609375,77536.609375,77548.3984375,77510.15625,77545.4375,0
2026-08-24 09:59:00+00:00,77540.8828125,77540.8828125,77540.8828125,77514.59375,77523.3984375,7712768
2026-08-24 10:00:00+00:00,77553.640625,77553.640625,77553.640625,77527.078125,77540.7265625,0
2026-08-24 10:01:00+00:00,77540.6796875,77540.6796875,77587.4375,77540.6796875,77553.6484375,137920512
2026-08-24 10:02:00+00:00,77579.7265625,77579.7265625,77579.7265625,77528.1796875,77549.8515625,0
2026-08-24 10:03:00+00:00,77646.8828125,77646.8828125,77666.8203125,77569.921875,77569.921875,0
2026-08-24 10:04:00+00:00,77638.0390625,77638.0390625,77674.65625,77636.1015625,77655.6875,0
2026-08-24 10:05:00+00:00,77594.7578125,77594.7578125,77651.28125,77586.4296875,77651.28125,0
2026-08-24 10:06:00+00:00,77545.4375,77545.4375,77551.4296875,77523.5625,77549.28125,63119360
2026-08-24 10:07:00+00:00,77728.28125,77728.28125,77728.28125,77576.3125,77576.3125,5095424
2026-08-24 10:08:00+00:00,77684.390625,77684.390625,77763.296875,77684.390625,77750.640625,0
2026-08-24 10:09:00+00:00,77682.1484375,77682.1484375,77701.4296875,77666.0703125,77701.4296875,59258880
2026-08-24 10:10:00+00:00,77717.8515625,77717.8515625,77719.8203125,77673.421875,77683.578125,0
2026-08-24 10:11:00+00:00,77761.5390625,77761.5390625,77796.8125,77712.859375,77717.8515625,12832768
2026-08-24 10:12:00+00:00,77764.2890625,77764.2890625,77782.3984375,77730.3515625,77738.9765625,0
2026-08-24 10:13:00+00:00,77810.0390625,77810.0390625,77810.0390625,77745.03125,77764.2890625,0
2026-08-24 10:14:00+00:00,77837.9921875,77837.9921875,77837.9921875,77786.3125,77803.0,8253440
2026-08-24 10:15:00+00:00,77755.96875,77755.96875,77827.6796875,77753.3828125,77820.28125,0
2026-08-24 10:16:00+00:00,77777.6171875,77777.6171875,77787.9921875,77773.7109375,77787.9921875,14026752
2026-08-24 10:17:00+00:00,77763.0,77763.0,77787.9921875,77762.9921875,77777.6171875,0
2026-08-24 10:18:00+00:00,77862.0703125,77862.0703125,77870.4921875,77805.6328125,77813.96875,96348160
2026-08-24 10:19:00+00:00,77911.6484375,77911.6484375,77914.65625,77854.1484375,77860.7265625,11921408
2026-08-24 10:20:00+00:00,77854.1484375,77854.1484375,77923.7421875,77854.1484375,77911.6484375,54556672
2026-08-24 10:21:00+00:00,77801.859375,77801.859375,77859.46875,77779.1796875,77859.46875,0
2026-08-24 10:22:00+00:00,77773.4921875,77773.4921875,77828.4296875,77773.4921875,77817.8984375,0
2026-08-24 10:23:00+00:00,77836.453125,77836.453125,77852.0625,77781.9375,77783.578125,0
2026-08-24 10:24:00+00:00,77856.40625,77856.40625,77857.96875,77840.921875,77845.3125,0
2026-08-24 10:25:00+00:00,77827.6796875,77827.6796875,77857.3203125,77810.046875,77843.3203125,152848384
2026-08-24 10:26:00+00:00,77901.03125,77901.03125,77901.03125,77849.7265625,77849.7265625,0
2026-08-24 10:27:00+00:00,77854.140625,77854.140625,77923.7421875,77854.140625,77911.46875,0
2026-08-24 10:28:00+00:00,77919.890625,77919.890625,77919.890625,77863.296875,77863.296875,35016704
2026-08-24 10:29:00+00:00,77842.5390625,77842.5390625,77907.0625,77827.6875,77907.0625,0
2026-08-24 10:30:00+00:00,77885.0078125,77885.0078125,77885.0078125,77832.1015625,77832.1015625,55492608
2026-08-24 10:31:00+00:00,77949.0234375,77949.0234375,77949.0234375,77892.59375,77892.59375,0
2026-08-24 10:32:00+00:00,77985.921875,77985.921875,77988.859375,77935.921875,77940.46875,0
2026-08-24 10:33:00+00:00,77937.9375,77937.9375,78004.0703125,77937.9375,77981.8984375,60551168
2026-08-24 10:34:00+00:00,77955.578125,77955.578125,77976.0078125,77902.6484375,77902.65625,4028416
2026-08-24 10:35:00+00:00,77933.6015625,77933.6015625,77982.03125,77914.7109375,77982.03125,0
2026-08-24 10:36:00+00:00,77907.0703125,77907.0703125,77945.3828125,77907.0703125,77907.1328125,0
2026-08-24 10:37:00+00:00,77921.5390625,77921.5390625,77924.703125,77899.3984375,77899.3984375,39643136
2026-08-24 10:38:00+00:00,77885.0234375,77885.0234375,77924.6875,77885.0234375,77911.4765625,0
2026-08-24 10:39:00+00:00,77832.3828125,77832.3828125,77882.96875,77827.5625,77882.96875,65069056
2026-08-24 10:40:00+00:00,77773.4609375,77773.4609375,77840.90625,77773.4609375,77840.90625,0
2026-08-24 10:41:00+00:00,77731.28125,77731.28125,77766.7734375,77696.4921875,77766.7734375,5257216
2026-08-24 10:42:00+00:00,77722.5234375,77722.5234375,77736.640625,77713.046875,77735.0703125,84156416
2026-08-24 10:43:00+00:00,77717.34375,77717.34375,77730.65625,77699.796875,77730.65625,0
2026-08-24 10:44:00+00:00,77713.3203125,77713.3203125,77717.3828125,77698.6015625,77713.03125,0
2026-08-24 10:45:00+00:00,77782.34375,77782.34375,77801.21875,77713.3203125,77713.3203125,0
2026-08-24 10:46:00+00:00,77769.28125,77769.28125,77796.8125,77751.4765625,77774.7734375,102250496
2026-08-24 10:47:00+00:00,77771.03125,77771.03125,77795.5078125,77771.03125,77774.7578125,0
2026-08-24 10:48:00+00:00,77804.0703125,77804.0703125,77818.859375,77772.6015625,77772.6015625,74395648
2026-08-24 10:49:00+00:00,77794.6484375,77794.6484375,77804.0703125,77789.3671875,77804.0703125,0
2026-08-24 10:50:00+00:00,77693.9609375,77693.9609375,77810.8203125,77693.9609375,77810.8203125,0
2026-08-24 10:51:00+00:00,77629.8671875,77629.8671875,77704.203125,77606.7265625,77704.203125,0
2026-08-24 10:52:00+00:00,77611.59375,77611.59375,77627.46875,77589.546875,77627.46875,0
2026-08-24 10:53:00+00:00,77585.9921875,77585.9921875,77629.2265625,77585.9921875,77620.421875,6502400
2026-08-24 10:54:00+00:00,77615.6796875,77615.6796875,77615.6796875,77580.71875,77580.71875,0
2026-08-24 10:55:00+00:00,77588.5625,77588.5625,77615.6796875,77588.359375,77615.6796875,14899200
2026-08-24 10:56:00+00:00,77563.6796875,77563.6796875,77573.3203125,77555.15625,77573.3203125,0
2026-08-24 10:57:00+00:00,77558.3125,77558.3125,77563.6796875,77526.1796875,77563.6796875,10975232
2026-08-24 10:58:00+00:00,77566.0,77566.0,77582.5,77555.9375,77582.5,10985472
2026-08-24 10:59:00+00:00,77608.859375,77608.859375,77617.703125,77580.71875,77582.15625,9734144
2026-08-24 11:00:00+00:00,77548.578125,77548.578125,77628.171875,77548.578125,77614.2421875,37029888
2026-08-24 11:01:00+00:00,77547.0078125,77547.0078125,77548.578125,77469.2890625,77548.578125,0
2026-08-24 11:02:00+00:00,77515.4609375,77515.4609375,77536.9609375,77449.96875,77536.9609375,0
2026-08-24 11:03:00+00:00,77519.640625,77519.640625,77519.640625,77464.25,77517.5078125,0
2026-08-24 11:04:00+00:00,77578.4765625,77578.4765625,77586.8671875,77497.90625,77508.0078125,0
2026-08-24 11:05:00+00:00,77561.09375,77561.09375,77595.7265625,77545.0234375,77595.4375,0
2026-08-24 11:06:00+00:00,77598.7890625,77598.7890625,77598.7890625,77548.703125,77548.7890625,93382656
2026-08-24 11:07:00+00:00,77604.2265625,77604.2265625,77604.2265625,77568.96875,77568.96875,905216
2026-08-24 11:08:00+00:00,77605.890625,77605.890625,77666.796875,77597.53125,77597.53125,0
2026-08-24 11:09:00+00:00,77685.2890625,77685.2890625,77687.953125,77592.7734375,77592.7734375,61423616
2026-08-24 11:10:00+00:00,77729.03125,77729.03125,77757.359375,77678.7890625,77678.7890625,0
2026-08-24 11:11:00+00:00,77757.359375,77757.359375,77757.359375,77704.328125,77738.171875,5181440
2026-08-24 11:12:00+00:00,77738.8984375,77738.8984375,77754.6015625,77707.0078125,77747.5703125,0
2026-08-24 11:13:00+00:00,77800.9375,77800.9375,77801.15625,77746.0625,77746.0625,0
2026-08-24 11:14:00+00:00,77809.328125,77809.328125,77843.6171875,77806.9609375,77806.9609375,0
2026-08-24 11:15:00+00:00,77785.84375,77785.84375,77792.6796875,77764.1328125,77783.171875,3954688
2026-08-24 11:16:00+00:00,77783.15625,77783.15625,77783.15625,77707.8125,77780.09375,98996224
2026-08-24 11:17:00+00:00,77831.1796875,77831.1796875,77831.1796875,77773.6484375,77801.7734375,0
2026-08-24 11:18:00+00:00,77830.7578125,77830.7578125,77830.7578125,77783.03125,77811.7265625,169537536
2026-08-24 11:19:00+00:00,77827.578125,77827.578125,77856.3671875,77827.578125,77831.0234375,0
2026-08-24 11:20:00+00:00,77836.1171875,77836.1171875,77855.0,77819.1484375,77828.9375,0
2026-08-24 11:21:00+00:00,77843.2265625,77843.2265625,77849.5625,77827.7734375,77827.7734375,0
2026-08-24 11:22:00+00:00,77853.2890625,77853.2890625,77860.0,77845.4375,77851.296875,95399936
2026-08-24 11:23:00+00:00,77790.0234375,77790.0234375,77798.703125,77758.46875,77758.46875,0
2026-08-24 11:24:00+00:00,77801.65625,77801.65625,77870.546875,77794.5390625,77807.09375,0
2026-08-24 11:25:00+00:00,77802.2109375,77802.2109375,77867.2265625,77802.2109375,77835.828125,0
2026-08-24 11:26:00+00:00,77806.1328125,77806.1328125,77812.5390625,77787.9296875,77802.2109375,0
2026-08-24 11:27:00+00:00,77818.7890625,77818.7890625,77818.7890625,77799.0234375,77799.0234375,0
2026-08-24 11:28:00+00:00,77844.828125,77844.828125,77855.078125,77821.6875,77821.6875,0
2026-08-24 11:29:00+00:00,77829.8671875,77829.8671875,77852.7890625,77821.25,77845.6171875,0
2026-08-24 11:30:00+00:00,77827.6015625,77827.6015625,77838.8125,77814.46875,77821.4921875,0
2026-08-24 11:31:00+00:00,77953.28125,77953.28125,77957.046875,77854.5625,77854.5625,101472256
2026-08-24 11:32:00+00:00,78016.390625,78016.390625,78016.9609375,77935.640625,77968.796875,0
2026-08-24 11:33:00+00:00,78035.4296875,78035.4296875,78035.4296875,78002.1328125,78015.78125,0
2026-08-24 11:34:00+00:00,78114.171875,78114.171875,78114.171875,78021.1796875,78024.59375,0
2026-08-24 11:35:00+00:00,78280.0078125,78280.0078125,78346.4375,78122.6484375,78122.6484375,0
2026-08-24 11:36:00+00:00,78316.28125,78316.28125,78351.84375,78252.2109375,78252.2109375,55080960
2026-08-24 11:37:00+00:00,78437.2265625,78437.2265625,78437.2265625,78260.640625,78260.640625,0
2026-08-24 11:38:00+00:00,78373.3984375,78373.3984375,78425.7578125,78373.3984375,78425.7578125,24340480
2026-08-24 11:39:00+00:00,78361.0,78361.0,78378.8671875,78269.6875,78368.65625,0
2026-08-24 11:40:00+00:00,78492.3984375,78492.3984375,78506.8203125,78282.953125,78335.3203125,22476800
2026-08-24 11:41:00+00:00,78514.0390625,78514.0390625,78542.5,78411.7578125,78487.640625,38166528
2026-08-24 11:42:00+00:00,78467.96875,78467.96875,78550.0390625,78467.96875,78525.8515625,0
2026-08-24 11:43:00+00:00,78465.8671875,78465.8671875,78531.828125,78465.8671875,78492.3984375,0
2026-08-24 11:44:00+00:00,78544.7578125,78544.7578125,78544.7578125,78435.296875,78450.6015625,0
2026-08-24 11:45:00+00:00,78432.6015625,78432.6015625,78589.0,78432.6015625,78577.890625,25323520
2026-08-24 11:46:00+00:00,78349.609375,78349.609375,78429.828125,78310.0625,78429.828125,0
2026-08-24 11:47:00+00:00,78282.9609375,78282.9609375,78325.796875,78242.78125,78325.796875,156600320
2026-08-24 11:48:00+00:00,78229.7109375,78229.7109375,78311.5078125,78229.7109375,78292.4765625,160045056
2026-08-24 11:49:00+00:00,78181.90625,78181.90625,78206.796875,78168.78125,78186.21875,0
2026-08-24 11:50:00+00:00,78130.1015625,78130.1015625,78206.796875,78130.1015625,78146.0078125,874496
2026-08-24 11:51:00+00:00,78130.6484375,78130.6484375,78152.359375,78083.7109375,78120.3984375,0
2026-08-24 11:52:00+00:00,78197.2734375,78197.2734375,78197.2734375,78121.1328125,78130.2265625,1104164864
2026-08-24 11:53:00+00:00,78141.65625,78141.65625,78216.3203125,78136.3515625,78191.59375,0
2026-08-24 11:54:00+00:00,78135.046875,78135.046875,78163.25,78126.4375,78135.40625,10903552
2026-08-24 11:55:00+00:00,78181.046875,78181.046875,78181.046875,78144.921875,78144.921875,0
2026-08-24 11:56:00+00:00,78167.6875,78167.6875,78191.390625,78121.7109375,78168.71875,44036096
2026-08-24 11:57:00+00:00,78192.1875,78192.1875,78192.1875,78134.1796875,78182.9921875,0
2026-08-24 11:58:00+00:00,78289.6015625,78289.6015625,78289.6015625,78210.34375,78210.34375,0
2026-08-24 11:59:00+00:00,78434.0234375,78434.0234375,78437.8203125,78331.28125,78331.28125,2555904
2026-08-24 12:00:00+00:00,78318.8671875,78318.8671875,78400.7109375,78301.328125,78400.7109375,0
2026-08-24 12:01:00+00:00,78246.421875,78246.421875,78340.078125,78225.8515625,78340.078125,136671232
2026-08-24 12:02:00+00:00,78240.1484375,78240.1484375,78276.59375,78204.0078125,78276.59375,0
2026-08-24 12:03:00+00:00,78200.546875,78200.546875,78282.9609375,78187.7734375,78225.8515625,0
2026-08-24 12:04:00+00:00,78189.4375,78189.4375,78257.2109375,78189.4375,78200.78125,0
2026-08-24 12:05:00+00:00,78149.6875,78149.6875,78206.796875,78149.6875,78186.640625,24567808
2026-08-24 12:06:00+00:00,78182.5703125,78182.5703125,78187.921875,78126.578125,78134.9765625,0
2026-08-24 12:07:00+00:00,78111.6015625,78111.6015625,78159.109375,78094.5625,78159.109375,0
2026-08-24 12:08:00+00:00,78153.15625,78153.15625,78157.25,78106.1875,78116.359375,0
2026-08-24 12:09:00+00:00,78187.78125,78187.78125,78199.203125,78149.6875,78167.1875,219435008
2026-08-24 12:10:00+00:00,78208.796875,78208.796875,78216.328125,78170.40625,78183.0,0
2026-08-24 12:11:00+00:00,78218.0234375,78218.0234375,78218.0234375,78160.296875,78178.0234375,0
2026-08-24 12:12:00+00:00,78167.7578125,78167.7578125,78227.03125,78159.2109375,78224.84375,0
2026-08-24 12:13:00+00:00,78119.046875,78119.046875,78155.9765625,78119.046875,78155.9765625,0
2026-08-24 12:14:00+00:00,78141.953125,78141.953125,78156.4609375,78094.046875,78095.2421875,40566784
2026-08-24 12:15:00+00:00,78173.421875,78173.421875,78191.1015625,78125.8984375,78125.8984375,0
2026-08-24 12:16:00+00:00,78112.078125,78112.078125,78171.859375,77967.6328125,78163.9609375,0
2026-08-24 12:17:00+00:00,78086.3984375,78086.3984375,78140.15625,78064.0,78108.2265625,0
2026-08-24 12:18:00+00:00,78154.9609375,78154.9609375,78157.8203125,78102.078125,78102.078125,0
2026-08-24 12:19:00+00:00,78233.0703125,78233.0703125,78243.1171875,78151.8828125,78151.8828125,0
2026-08-24 12:20:00+00:00,78216.328125,78216.328125,78304.5703125,78216.328125,78231.046875,0
2026-08-24 12:21:00+00:00,78313.078125,78313.078125,78313.078125,78188.7890625,78204.6796875,42909696
2026-08-24 12:22:00+00:00,78340.78125,78340.78125,78353.65625,78313.078125,78313.078125,0
2026-08-24 12:23:00+00:00,78352.8828125,78352.8828125,78352.8828125,78325.8125,78334.03125,170758144
2026-08-24 12:24:00+00:00,78401.9609375,78401.9609375,78401.9609375,78361.5078125,78363.5078125,0
2026-08-24 12:25:00+00:00,78438.796875,78438.796875,78447.171875,78374.96875,78394.7578125,58814464
2026-08-24 12:26:00+00:00,78441.1484375,78441.1484375,78441.1484375,78389.640625,78421.0078125,0
2026-08-24 12:27:00+00:00,78482.8828125,78482.8828125,78482.8828125,78430.53125,78430.53125,0
2026-08-24 12:28:00+00:00,78452.890625,78452.890625,78482.8828125,78440.0625,78482.8828125,0
2026-08-24 12:29:00+00:00,78430.8203125,78430.8203125,78444.796875,78411.4765625,78444.796875,4276224
2026-08-24 12:30:00+00:00,78520.2890625,78520.2890625,78522.5,78416.25,78416.25,960086016
2026-08-24 12:31:00+00:00,78614.5078125,78614.5078125,78614.5078125,78524.96875,78530.203125,0
2026-08-24 12:32:00+00:00,78605.9765625,78605.9765625,78720.0234375,78556.5390625,78626.8828125,15933440
2026-08-24 12:33:00+00:00,78492.7109375,78492.7109375,78597.1015625,78401.546875,78483.78125,30777344
2026-08-24 12:34:00+00:00,78535.2421875,78535.2421875,78535.2421875,78449.5703125,78493.34375,2985984
2026-08-24 12:35:00+00:00,78573.328125,78573.328125,78622.9296875,78513.078125,78513.078125,18059264
2026-08-24 12:36:00+00:00,78501.921875,78501.921875,78562.0078125,78463.8515625,78562.0078125,0
2026-08-24 12:37:00+00:00,78574.3125,78574.3125,78585.921875,78497.171875,78506.6875,312348672
2026-08-24 12:38:00+00:00,78625.6796875,78625.6796875,78625.6796875,78569.4296875,78576.1171875,0
2026-08-24 12:39:00+00:00,78674.390625,78674.390625,78720.28125,78622.4609375,78622.4609375,298434560
2026-08-24 12:40:00+00:00,78615.6796875,78615.6796875,78685.8203125,78587.609375,78683.6796875,0
2026-08-24 12:41:00+00:00,78776.8203125,78776.8203125,78776.8203125,78628.9765625,78639.9609375,4349952
2026-08-24 12:42:00+00:00,78781.1328125,78781.1328125,78863.21875,78712.9921875,78754.4609375,10584064
2026-08-24 12:43:00+00:00,78728.671875,78728.671875,78793.5703125,78706.5234375,78781.578125,30851072
2026-08-24 12:44:00+00:00,78719.1328125,78719.1328125,78724.359375,78701.8515625,78724.359375,344064
2026-08-24 12:45:00+00:00,78753.6171875,78753.6171875,78768.4765625,78725.6484375,78744.6796875,0
2026-08-24 12:46:00+00:00,78886.03125,78886.03125,78886.03125,78753.6171875,78753.6171875,120934400
2026-08-24 12:47:00+00:00,78834.3828125,78834.3828125,78950.921875,78793.671875,78882.71875,0
2026-08-24 12:48:00+00:00,78924.1875,78924.1875,78958.8671875,78849.3984375,78849.3984375,0
2026-08-24 12:49:00+00:00,78965.390625,78965.390625,78965.390625,78891.9296875,78926.7734375,0
2026-08-24 12:50:00+00:00,78996.90625,78996.90625,78996.90625,78935.09375,78961.5234375,0
2026-08-24 12:51:00+00:00,79183.78125,79183.78125,79247.4375,79017.90625,79017.90625,982020096
2026-08-24 12:52:00+00:00,79047.5078125,79047.5078125,79158.3671875,79047.5078125,79154.046875,0
2026-08-24 12:53:00+00:00,79058.8515625,79058.8515625,79058.8515625,78907.40625,79004.6171875,23842816
2026-08-24 12:54:00+00:00,79126.65625,79126.65625,79126.65625,79025.53125,79025.53125,0
2026-08-24 12:55:00+00:00,79172.8828125,79172.8828125,79220.6796875,79115.5390625,79121.3203125,155049984
2026-08-24 12:56:00+00:00,79196.203125,79196.203125,79234.9609375,79168.5078125,79173.078125,12783616
2026-08-24 12:57:00+00:00,79206.40625,79206.40625,79279.3828125,79201.6484375,79234.9609375,0
2026-08-24 12:58:00+00:00,79094.5703125,79094.5703125,79236.453125,79094.5703125,79200.0078125,331468800
2026-08-24 12:59:00+00:00,79137.0390625,79137.0390625,79149.21875,79082.4609375,79082.4765625,0
2026-08-24 13:00:00+00:00,79058.8515625,79058.8515625,79154.0390625,79055.1796875,79136.359375,0
2026-08-24 13:01:00+00:00,79043.0,79043.0,79068.359375,78954.1328125,79027.3515625,0
2026-08-24 13:02:00+00:00,79016.0,79016.0,79144.5078125,79016.0,79063.7890625,21602304
2026-08-24 13:03:00+00:00,78988.0390625,78988.0390625,79039.796875,78974.6171875,79039.796875,0
2026-08-24 13:04:00+00:00,79000.0,79000.0,79005.9375,78952.59375,78994.3671875,992657408
2026-08-24 13:05:00+00:00,79009.7265625,79009.7265625,79101.6796875,79009.7265625,79022.109375,23793664
2026-08-24 13:06:00+00:00,79049.328125,79049.328125,79063.6015625,79009.15625,79020.7578125,0
2026-08-24 13:07:00+00:00,79061.34375,79061.34375,79094.03125,78987.453125,79043.8671875,262451200
2026-08-24 13:08:00+00:00,79084.3125,79084.3125,79104.8515625,79054.09375,79054.09375,0
2026-08-24 13:09:00+00:00,79219.6328125,79219.6328125,79219.6328125,79063.359375,79063.359375,191688704
2026-08-24 13:10:00+00:00,79279.9765625,79279.9765625,79314.2265625,79211.171875,79211.171875,0
2026-08-24 13:11:00+00:00,79338.5078125,79338.5078125,79345.2109375,79239.7265625,79239.7265625,22056960
2026-08-24 13:12:00+00:00,79196.8828125,79196.8828125,79338.5078125,79133.578125,79338.5078125,0
2026-08-24 13:13:00+00:00,79209.6171875,79209.6171875,79250.078125,79154.046875,79154.046875,147980288
2026-08-24 13:14:00+00:00,79201.640625,79201.640625,79242.453125,79201.640625,79206.40625,0
2026-08-24 13:15:00+00:00,78993.640625,78993.640625,79220.6796875,78993.640625,79220.6796875,198897664
2026-08-24 13:16:00+00:00,78895.640625,78895.640625,79068.3515625,78876.2734375,79039.796875,10309632
2026-08-24 13:17:00+00:00,78890.1796875,78890.1796875,78980.28125,78882.7265625,78951.296875,26411008
2026-08-24 13:18:00+00:00,79002.7421875,79002.7421875,79002.7421875,78877.96875,78877.96875,0
2026-08-24 13:19:00+00:00,79014.28125,79014.28125,79058.421875,79001.7421875,79011.2734375,274120704
2026-08-24 13:20:00+00:00,79035.0390625,79035.0390625,79036.3671875,78963.6484375,79003.2421875,9773056
2026-08-24 13:21:00+00:00,79030.953125,79030.953125,79069.9921875,78979.7890625,79069.9921875,57376768
2026-08-24 13:22:00+00:00,79000.0078125,79000.0078125,79046.59375,79000.0078125,79026.5078125,0
2026-08-24 13:23:00+00:00,78956.1015625,78956.1015625,79016.0,78954.0390625,79009.890625,0
2026-08-24 13:24:00+00:00,78973.6328125,78973.6328125,79004.8125,78897.9609375,78958.890625,0
2026-08-24 13:25:00+00:00,79016.0,79016.0,79016.0,78926.0234375,78926.0234375,0
2026-08-24 13:26:00+00:00,78978.0,78978.0,79058.453125,78956.84375,79011.0390625,0
2026-08-24 13:27:00+00:00,78985.140625,78985.140625,78985.140625,78947.171875,78982.6796875,0
2026-08-24 13:28:00+00:00,79013.2109375,79013.2109375,79013.8671875,78968.3984375,79000.0,0
2026-08-24 13:29:00+00:00,78995.3515625,78995.3515625,79001.15625,78951.6875,78982.6796875,0
2026-08-24 13:30:00+00:00,78987.5390625,78987.5390625,79000.2421875,78944.46875,79000.2421875,0
2026-08-24 13:31:00+00:00,78937.703125,78937.703125,79011.390625,78883.3828125,78987.4375,0
2026-08-24 13:32:00+00:00,78673.8203125,78673.8203125,78955.078125,78673.8203125,78955.078125,217034752
2026-08-24 13:33:00+00:00,78729.28125,78729.28125,78768.0703125,78570.1328125,78711.0703125,145866752
2026-08-24 13:34:00+00:00,78751.421875,78751.421875,78854.15625,78701.8515625,78719.453125,0
2026-08-24 13:35:00+00:00,78844.6484375,78844.6484375,78895.7734375,78764.7734375,78785.1484375,21016576
2026-08-24 13:36:00+00:00,78811.3203125,78811.3203125,78811.3203125,78682.796875,78755.109375,0
2026-08-24 13:37:00+00:00,78758.9609375,78758.9609375,78766.609375,78711.3671875,78766.609375,420515840
2026-08-24 13:38:00+00:00,78618.359375,78618.359375,78764.6015625,78556.03125,78764.6015625,0
2026-08-24 13:39:00+00:00,78592.359375,78592.359375,78635.203125,78557.1171875,78581.59375,0
2026-08-24 13:40:00+00:00,78461.8125,78461.8125,78584.3515625,78409.34375,78549.1484375,305184768
2026-08-24 13:41:00+00:00,78549.4765625,78549.4765625,78549.4765625,78378.171875,78463.84375,0
2026-08-24 13:42:00+00:00,78231.2265625,78231.2265625,78549.5078125,78217.3515625,78540.0234375,399249408
2026-08-24 13:43:00+00:00,78254.390625,78254.390625,78330.4609375,78223.9375,78234.96875,0
2026-08-24 13:44:00+00:00,78262.53125,78262.53125,78282.9609375,78159.8515625,78282.9609375,38072320
2026-08-24 13:45:00+00:00,78023.9296875,78023.9296875,78218.3125,78023.9296875,78218.3125,269746176
2026-08-24 13:46:00+00:00,78135.390625,78135.390625,78136.3125,77873.2578125,77873.2578125,19378176
2026-08-24 13:47:00+00:00,78244.8671875,78244.8671875,78279.7890625,78116.359375,78116.359375,0
2026-08-24 13:48:00+00:00,78274.65625,78274.65625,78292.40625,78217.859375,78235.359375,0
2026-08-24 13:49:00+00:00,78265.5390625,78265.5390625,78347.7734375,78247.2734375,78292.4765625,242569216
2026-08-24 13:50:00+00:00,78319.7109375,78319.7109375,78360.171875,78206.796875,78206.8125,36339712
2026-08-24 13:51:00+00:00,78292.4375,78292.4375,78398.1484375,78292.4375,78328.5234375,0
2026-08-24 13:52:00+00:00,78221.078125,78221.078125,78311.5234375,78221.078125,78275.2890625,350466048
2026-08-24 13:53:00+00:00,78204.578125,78204.578125,78204.578125,78048.328125,78144.7734375,11939840
2026-08-24 13:54:00+00:00,78354.3671875,78354.3671875,78387.6796875,78163.96875,78187.7578125,0
2026-08-24 13:55:00+00:00,78359.1171875,78359.1171875,78402.9765625,78289.2578125,78344.1171875,434458624
2026-08-24 13:56:00+00:00,78470.21875,78470.21875,78506.4921875,78387.6796875,78387.6796875,0
2026-08-24 13:57:00+00:00,78495.2421875,78495.2421875,78549.5234375,78425.140625,78478.828125,0
2026-08-24 13:58:00+00:00,78592.359375,78592.359375,78592.359375,78501.9296875,78520.953125,240332800
2026-08-24 13:59:00+00:00,78562.3984375,78562.3984375,78582.84375,78556.8671875,78575.2890625,48062464
2026-08-24 14:00:00+00:00,78668.5234375,78668.5234375,78668.5234375,78578.6875,78578.6875,0
2026-08-24 14:01:00+00:00,78808.75,78808.75,78835.7578125,78697.078125,78697.078125,192913408
2026-08-24 14:02:00+00:00,78737.3125,78737.3125,78834.828125,78702.25,78782.7578125,1425408
2026-08-24 14:03:00+00:00,78654.25,78654.25,78782.7734375,78654.25,78737.109375,0
2026-08-24 14:04:00+00:00,78702.2890625,78702.2890625,78711.2734375,78579.6171875,78639.96875,33320960
2026-08-24 14:05:00+00:00,78825.2265625,78825.2265625,78825.2265625,78683.390625,78716.1171875,0
2026-08-24 14:06:00+00:00,78783.7890625,78783.7890625,78849.7421875,78763.7265625,78849.7421875,193490944
2026-08-24 14:07:00+00:00,78832.9609375,78832.9609375,78859.296875,78761.8828125,78830.359375,0
2026-08-24 14:08:00+00:00,78831.390625,78831.390625,78892.2421875,78806.2890625,78847.953125,17383424
2026-08-24 14:09:00+00:00,78956.8203125,78956.8203125,78956.8203125,78805.59375,78815.359375,0
2026-08-24 14:10:00+00:00,79050.96875,79050.96875,79050.96875,78937.390625,78940.9765625,7094272
2026-08-24 14:11:00+00:00,79107.2578125,79107.2578125,79130.8828125,79082.578125,79086.8515625,10424320
2026-08-24 14:12:00+00:00,79083.6015625,79083.6015625,79190.96875,79041.9375,79107.1796875,0
2026-08-24 14:13:00+00:00,79148.03125,79148.03125,79148.03125,79034.15625,79096.84375,168280064
2026-08-24 14:14:00+00:00,79173.09375,79173.09375,79220.6796875,79125.4921875,79153.671875,22802432
2026-08-24 14:15:00+00:00,79219.46875,79219.46875,79250.0,79176.828125,79199.9765625,41754624
2026-08-24 14:16:00+00:00,79257.671875,79257.671875,79278.65625,79220.6875,79241.6796875,0
2026-08-24 14:17:00+00:00,79266.640625,79266.640625,79320.640625,79266.640625,79273.0390625,92127232
2026-08-24 14:18:00+00:00,79177.8515625,79177.8515625,79253.890625,79175.9921875,79225.453125,0
2026-08-24 14:19:00+00:00,79119.8125,79119.8125,79189.8671875,79063.609375,79164.5390625,12103680
2026-08-24 14:20:00+00:00,79184.078125,79184.078125,79196.890625,79115.96875,79149.28125,0
2026-08-24 14:21:00+00:00,79200.453125,79200.453125,79255.640625,79158.8125,79216.96875,0
2026-08-24 14:22:00+00:00,79316.453125,79316.453125,79330.3515625,79215.9296875,79216.7109375,7184384
2026-08-24 14:23:00+00:00,79064.15625,79064.15625,79593.6015625,79005.75,79332.0703125,0
2026-08-24 14:24:00+00:00,78900.2109375,78900.2109375,79131.5234375,78891.1328125,79101.6796875,338497536
2026-08-24 14:25:00+00:00,79082.640625,79082.640625,79110.0703125,78930.328125,78930.328125,0
2026-08-24 14:26:00+00:00,79230.203125,79230.203125,79230.203125,78974.1328125,79025.6015625,13266944
2026-08-24 14:27:00+00:00,79116.703125,79116.703125,79310.5625,79116.703125,79189.046875,0
2026-08-24 14:28:00+00:00,79363.4765625,79363.4765625,79363.4765625,79135.0,79135.0,673751040
2026-08-24 14:29:00+00:00,79361.1171875,79361.1171875,79395.1015625,79325.40625,79356.8984375,0
2026-08-24 14:30:00+00:00,79447.203125,79447.203125,79447.203125,79328.59375,79353.9609375,614502400
2026-08-24 14:31:00+00:00,79506.28125,79506.28125,79508.40625,79396.8125,79411.078125,0
2026-08-24 14:32:00+00:00,79460.8671875,79460.8671875,79600.1796875,79439.640625,79522.2734375,188653568
2026-08-24 14:33:00+00:00,79701.5,79701.5,79734.7578125,79525.3203125,79525.3203125,0
2026-08-24 14:34:00+00:00,79636.1484375,79636.1484375,79713.3828125,79520.359375,79699.796875,0
2026-08-24 14:35:00+00:00,79634.5078125,79634.5078125,79668.046875,79606.25,79630.84375,34123776
2026-08-24 14:36:00+00:00,79662.171875,79662.171875,79785.0,79653.84375,79653.84375,0
2026-08-24 14:37:00+00:00,79687.4921875,79687.4921875,79731.921875,79639.5703125,79645.0,0
2026-08-24 14:38:00+00:00,79670.4921875,79670.4921875,79744.171875,79656.4765625,79715.6875,0
2026-08-24 14:39:00+00:00,79660.53125,79660.53125,79701.53125,79612.7890625,79653.8515625,386584576
2026-08-24 14:40:00+00:00,79667.0,79667.0,79677.640625,79586.8125,79611.0625,0
2026-08-24 14:41:00+00:00,79798.1171875,79798.1171875,79798.1171875,79720.4375,79720.4375,25686016
2026-08-24 14:42:00+00:00,79672.8828125,79672.8828125,79789.1171875,79617.8984375,79789.1171875,0
2026-08-24 14:43:00+00:00,79483.8203125,79483.8203125,79617.0078125,79483.8203125,79596.4765625,299315200
2026-08-24 14:44:00+00:00,79643.8515625,79643.8515625,79700.78125,79494.9765625,79494.9765625,0
2026-08-24 14:45:00+00:00,79672.5703125,79672.5703125,79722.8515625,79565.15625,79661.140625,0
2026-08-24 14:46:00+00:00,79691.9296875,79691.9296875,79738.203125,79625.2890625,79705.1875,0
2026-08-24 14:47:00+00:00,79599.75,79599.75,79708.5703125,79572.9296875,79708.5703125,0
2026-08-24 14:48:00+00:00,79524.390625,79524.390625,79600.0078125,79517.15625,79600.0078125,100528128
2026-08-24 14:49:00+00:00,79553.8828125,79553.8828125,79611.1015625,79509.6015625,79518.7109375,0
2026-08-24 14:50:00+00:00,79442.671875,79442.671875,79549.1328125,79361.2578125,79549.1328125,0
2026-08-24 14:51:00+00:00,79383.3203125,79383.3203125,79447.859375,79382.53125,79447.859375,0
2026-08-24 14:52:00+00:00,79306.6875,79306.6875,79430.1171875,79306.6875,79370.359375,3842048
2026-08-24 14:53:00+00:00,79429.2890625,79429.2890625,79429.2890625,79270.2890625,79319.5703125,9474048
2026-08-24 14:54:00+00:00,79273.046875,79273.046875,79396.8125,79273.046875,79396.8125,0
2026-08-24 14:55:00+00:00,79320.65625,79320.65625,79343.5078125,79271.75,79271.75,81559552
2026-08-24 14:56:00+00:00,79419.2421875,79419.2421875,79419.2421875,79321.1796875,79321.1796875,4694016
2026-08-24 14:57:00+00:00,79449.140625,79449.140625,79516.890625,79425.5390625,79425.5390625,213225472
2026-08-24 14:58:00+00:00,79458.6796875,79458.6796875,79474.3828125,79406.8671875,79453.921875,8904704
2026-08-24 14:59:00+00:00,79484.3203125,79484.3203125,79484.3203125,79439.6796875,79457.4765625,0
2026-08-24 15:00:00+00:00,79428.3125,79428.3125,79491.609375,79396.8125,79486.1015625,55332864
2026-08-24 15:01:00+00:00,79401.546875,79401.546875,79432.5390625,79369.28125,79432.5390625,0
2026-08-24 15:02:00+00:00,79490.1015625,79490.1015625,79492.0,79382.53125,79382.53125,14491648
2026-08-24 15:03:00+00:00,79556.8125,79556.8125,79600.796875,79501.8125,79501.8125,0
2026-08-24 15:04:00+00:00,79487.9765625,79487.9765625,79576.8828125,79487.9765625,79565.953125,0
2026-08-24 15:05:00+00:00,79506.2890625,79506.2890625,79506.2890625,79400.3828125,79479.8125,0
2026-08-24 15:06:00+00:00,79593.4296875,79593.4296875,79613.3828125,79483.6015625,79483.6015625,0
2026-08-24 15:07:00+00:00,79617.9765625,79617.9765625,79698.1328125,79607.2890625,79607.2890625,6377472
2026-08-24 15:08:00+00:00,79550.5,79550.5,79633.8125,79534.84375,79608.9921875,0
2026-08-24 15:09:00+00:00,79585.4296875,79585.4296875,79619.9375,79558.6484375,79581.65625,201895936
2026-08-24 15:10:00+00:00,79567.0,79567.0,79572.9375,79523.6796875,79539.6015625,0
2026-08-24 15:11:00+00:00,79596.7109375,79596.7109375,79596.7109375,79533.71875,79567.5234375,7405568
2026-08-24 15:12:00+00:00,79633.796875,79633.796875,79634.7890625,79577.6875,79610.609375,0
2026-08-24 15:13:00+00:00,79634.8125,79634.8125,79677.640625,79620.5234375,79627.1171875,1267314688
2026-08-24 15:14:00+00:00,79544.3515625,79544.3515625,79673.25,79544.3515625,79656.84375,921600
2026-08-24 15:15:00+00:00,79593.40625,79593.40625,79623.453125,79520.5625,79520.5625,0
2026-08-24 15:16:00+00:00,79555.1328125,79555.1328125,79588.3828125,79525.34375,79585.5703125,57905152
2026-08-24 15:17:00+00:00,79708.78125,79708.78125,79745.0390625,79543.71875,79543.71875,0
2026-08-24 15:18:00+00:00,79763.578125,79763.578125,79763.578125,79653.859375,79725.2421875,26062848
2026-08-24 15:19:00+00:00,79744.2890625,79744.2890625,79794.28125,79744.2890625,79773.3125,0
2026-08-24 15:20:00+00:00,79752.5390625,79752.5390625,79779.5390625,79710.8984375,79746.8671875,0
2026-08-24 15:21:00+00:00,79741.453125,79741.453125,79759.3515625,79677.6484375,79759.3515625,0
2026-08-24 15:22:00+00:00,79860.21875,79860.21875,79860.21875,79727.2890625,79727.2890625,0
2026-08-24 15:23:00+00:00,79798.1015625,79798.1015625,79893.390625,79798.1015625,79866.8203125,0
2026-08-24 15:24:00+00:00,79888.0,79888.0,79901.359375,79734.7734375,79806.421875,10088448
2026-08-24 15:25:00+00:00,79763.640625,79763.640625,79923.28125,79742.1484375,79898.640625,11550720
2026-08-24 15:26:00+00:00,79915.46875,79915.46875,79915.46875,79730.0,79796.640625,15896576
2026-08-24 15:27:00+00:00,79949.2109375,79949.2109375,79964.9375,79890.09375,79890.09375,174497792
2026-08-24 15:28:00+00:00,79925.171875,79925.171875,79939.453125,79851.25,79939.453125,0
2026-08-24 15:29:00+00:00,79888.25,79888.25,79967.4296875,79827.3125,79967.4296875,26497024
2026-08-24 15:30:00+00:00,79863.5703125,79863.5703125,79863.5703125,79817.25,79823.328125,218906624
2026-08-24 15:31:00+00:00,79977.53125,79977.53125,79977.53125,79882.3203125,79882.3203125,17842176
2026-08-24 15:32:00+00:00,79906.421875,79906.421875,79987.03125,79882.3671875,79967.6484375,0
2026-08-24 15:33:00+00:00,79925.15625,79925.15625,79960.0390625,79901.3671875,79901.3671875,421191680
2026-08-24 15:34:00+00:00,79800.2421875,79800.2421875,79944.046875,79775.2109375,79944.046875,2473984
2026-08-24 15:35:00+00:00,79828.9609375,79828.9609375,79873.96875,79730.25,79798.34375,0
2026-08-24 15:36:00+00:00,79787.1328125,79787.1328125,79893.4296875,79787.1328125,79842.9296875,263892992
2026-08-24 15:37:00+00:00,79693.390625,79693.390625,79804.8203125,79691.921875,79803.1328125,0
2026-08-24 15:38:00+00:00,79547.0234375,79547.0234375,79678.59375,79547.0234375,79678.59375,0
2026-08-24 15:39:00+00:00,79525.3828125,79525.3828125,79572.921875,79491.2109375,79572.921875,0
2026-08-24 15:40:00+00:00,79576.59375,79576.59375,79576.59375,79507.859375,79571.5234375,232001536
2026-08-24 15:41:00+00:00,79601.4296875,79601.4296875,79636.0234375,79580.65625,79636.0234375,0
2026-08-24 15:42:00+00:00,79580.7109375,79580.7109375,79591.96875,79545.1171875,79580.65625,280088576
2026-08-24 15:43:00+00:00,79138.046875,79138.046875,79614.4296875,79138.046875,79583.5234375,0
2026-08-24 15:44:00+00:00,79258.390625,79258.390625,79258.390625,79040.640625,79142.1484375,4472832
2026-08-24 15:45:00+00:00,79397.65625,79397.65625,79397.65625,79066.8125,79264.890625,0
2026-08-24 15:46:00+00:00,79449.6484375,79449.6484375,79449.6484375,79323.6328125,79403.421875,185585664
2026-08-24 15:47:00+00:00,79463.453125,79463.453125,79539.2109375,79439.84375,79439.84375,62951424
2026-08-24 15:48:00+00:00,79326.90625,79326.90625,79419.09375,79299.2734375,79419.09375,0
2026-08-24 15:49:00+00:00,79257.09375,79257.09375,79328.90625,79224.6328125,79328.90625,397623296
2026-08-24 15:50:00+00:00,79246.21875,79246.21875,79299.71875,79190.9375,79244.1875,17260544
2026-08-24 15:51:00+00:00,79206.421875,79206.421875,79253.2890625,79185.96875,79215.9296875,344375296
2026-08-24 15:52:00+00:00,79139.421875,79139.421875,79211.15625,79136.2109375,79211.15625,0
2026-08-24 15:53:00+00:00,79254.0,79254.0,79254.0,79118.96875,79192.1171875,27549696
2026-08-24 15:54:00+00:00,79168.3125,79168.3125,79330.15625,79152.21875,79282.4609375,436891648
2026-08-24 15:55:00+00:00,79139.7578125,79139.7578125,79139.7578125,79027.9765625,79072.0,17764352
2026-08-24 15:56:00+00:00,79024.78125,79024.78125,79144.5234375,79024.78125,79120.71875,0
2026-08-24 15:57:00+00:00,78891.7109375,78891.7109375,79025.640625,78809.28125,79025.640625,17305600
2026-08-24 15:58:00+00:00,78952.1875,78952.1875,78980.7265625,78891.2578125,78954.1171875,0
2026-08-24 15:59:00+00:00,79079.5,79079.5,79079.5,78952.8828125,78998.859375,0
2026-08-24 16:00:00+00:00,79160.78125,79160.78125,79192.4375,79091.3828125,79091.3828125,0
2026-08-24 16:01:00+00:00,79182.6171875,79182.6171875,79208.7109375,79105.8203125,79105.8203125,0
2026-08-24 16:02:00+00:00,79273.0390625,79273.0390625,79273.0390625,79170.2734375,79207.3984375,39092224
2026-08-24 16:03:00+00:00,79300.5234375,79300.5234375,79304.546875,79225.7265625,79287.3671875,0
2026-08-24 16:04:00+00:00,79284.6328125,79284.6328125,79306.3828125,79262.578125,79306.3828125,1533800448
2026-08-24 16:05:00+00:00,79385.6484375,79385.6484375,79410.8203125,79264.0234375,79264.0234375,0
2026-08-24 16:06:00+00:00,79415.84375,79415.84375,79438.6171875,79377.7734375,79377.7734375,387125248
2026-08-24 16:07:00+00:00,79468.203125,79468.203125,79511.28125,79368.2421875,79398.921875,0
2026-08-24 16:08:00+00:00,79446.7265625,79446.7265625,79471.0390625,79420.8671875,79471.0390625,2273280
2026-08-24 16:09:00+00:00,79349.2109375,79349.2109375,79454.8203125,79338.7734375,79453.921875,0
2026-08-24 16:10:00+00:00,79344.4375,79344.4375,79380.96875,79311.6328125,79352.0703125,115101696
2026-08-24 16:11:00+00:00,79380.59375,79380.59375,79387.28125,79339.6875,79358.71875,0
2026-08-24 16:12:00+00:00,79380.09375,79380.09375,79417.390625,79377.7734375,79385.9765625,358105088
2026-08-24 16:13:00+00:00,79415.84375,79415.84375,79444.390625,79383.9765625,79386.0390625,6266880
2026-08-24 16:14:00+00:00,79485.046875,79485.046875,79485.046875,79401.5703125,79401.5703125,0
2026-08-24 16:15:00+00:00,79600.9765625,79600.9765625,79615.640625,79475.0078125,79475.0078125,128675840
2026-08-24 16:16:00+00:00,79630.0078125,79630.0078125,79630.0390625,79570.546875,79615.421875,0
2026-08-24 16:17:00+00:00,79724.1796875,79724.1796875,79724.1796875,79633.203125,79633.203125,7725056
2026-08-24 16:18:00+00:00,79838.203125,79838.203125,79838.203125,79707.8984375,79707.8984375,0
2026-08-24 16:19:00+00:00,79828.171875,79828.171875,79828.171875,79792.21875,79803.203125,23879680
2026-08-24 16:20:00+00:00,79724.90625,79724.90625,79838.546875,79697.3203125,79838.546875,0
2026-08-24 16:21:00+00:00,79801.3984375,79801.3984375,79801.3984375,79739.0234375,79741.0390625,31854592
2026-08-24 16:22:00+00:00,79741.859375,79741.859375,79822.78125,79741.859375,79822.78125,0
2026-08-24 16:23:00+00:00,79788.96875,79788.96875,79789.28125,79722.84375,79728.90625,384286720
2026-08-24 16:24:00+00:00,79740.90625,79740.90625,79829.9609375,79735.15625,79795.1015625,0
2026-08-24 16:25:00+00:00,79720.4765625,79720.4765625,79754.9609375,79680.5703125,79754.9609375,0
2026-08-24 16:26:00+00:00,79672.8828125,79672.8828125,79733.609375,79648.34375,79721.1875,11845632
2026-08-24 16:27:00+00:00,79672.0625,79672.0625,79701.4296875,79642.703125,79642.703125,0
2026-08-24 16:28:00+00:00,79729.6171875,79729.6171875,79744.5234375,79681.3984375,79681.3984375,294830080
2026-08-24 16:29:00+00:00,79658.609375,79658.609375,79745.390625,79658.609375,79734.7265625,0
2026-08-24 16:30:00+00:00,79715.7109375,79715.7109375,79715.7109375,79672.8828125,79672.8828125,0
2026-08-24 16:31:00+00:00,79692.921875,79692.921875,79744.28125,79688.1875,79737.2578125,82657280
2026-08-24 16:32:00+00:00,79658.6015625,79658.6015625,79723.1875,79658.6015625,79706.203125,0
2026-08-24 16:33:00+00:00,79661.390625,79661.390625,79710.9609375,79639.5625,79658.6171875,0
2026-08-24 16:34:00+00:00,79687.15625,79687.15625,79687.15625,79649.09375,79659.4375,1472897024
2026-08-24 16:35:00+00:00,79768.3125,79768.3125,79771.140625,79677.6484375,79677.6484375,7700480
2026-08-24 16:36:00+00:00,79743.4296875,79743.4296875,79753.8125,79725.25,79753.8125,0
2026-08-24 16:37:00+00:00,79658.5625,79658.5625,79732.5703125,79640.078125,79732.5703125,16060416
2026-08-24 16:38:00+00:00,79655.140625,79655.140625,79710.96875,79655.140625,79679.171875,0
2026-08-24 16:39:00+00:00,79631.6328125,79631.6328125,79682.59375,79631.6328125,79652.5,46559232
2026-08-24 16:40:00+00:00,79495.7421875,79495.7421875,79624.15625,79415.84375,79624.15625,0
2026-08-24 16:41:00+00:00,79468.1875,79468.1875,79514.390625,79392.046875,79514.390625,1413120
2026-08-24 16:42:00+00:00,79439.8203125,79439.8203125,79548.03125,79439.8203125,79501.5078125,0
2026-08-24 16:43:00+00:00,79430.1328125,79430.1328125,79453.90625,79389.2421875,79425.3671875,124116992
2026-08-24 16:44:00+00:00,79361.2265625,79361.2265625,79439.6328125,79361.2265625,79408.0078125,0
2026-08-24 16:45:00+00:00,79324.6875,79324.6875,79374.5078125,79322.171875,79367.203125,0
2026-08-24 16:46:00+00:00,79328.7421875,79328.7421875,79354.96875,79265.640625,79324.5625,47190016
2026-08-24 16:47:00+00:00,79386.8984375,79386.8984375,79386.8984375,79301.609375,79357.2734375,27222016
2026-08-24 16:48:00+00:00,79344.78125,79344.78125,79378.5703125,79334.921875,79378.5703125,0
2026-08-24 16:49:00+00:00,79279.8828125,79279.8828125,79344.8515625,79259.7109375,79328.9296875,0
2026-08-24 16:50:00+00:00,79258.25,79258.25,79325.3984375,79239.15625,79325.3984375,0
2026-08-24 16:51:00+00:00,79175.5625,79175.5625,79234.96875,79156.6875,79234.96875,0
2026-08-24 16:52:00+00:00,79131.2578125,79131.2578125,79151.6875,79110.921875,79151.6875,288649216
2026-08-24 16:53:00+00:00,79109.3828125,79109.3828125,79148.8203125,79109.3828125,79143.921875,0
2026-08-24 16:54:00+00:00,78935.0703125,78935.0703125,79090.921875,78894.75,79090.921875,39882752
2026-08-24 16:55:00+00:00,79016.0,79016.0,79016.0,78927.2265625,78937.03125,0
2026-08-24 16:56:00+00:00,79073.296875,79073.296875,79073.296875,78987.6015625,79058.84375,9342976
2026-08-24 16:57:00+00:00,79106.453125,79106.453125,79138.5078125,79069.2421875,79069.2421875,0
2026-08-24 16:58:00+00:00,79072.859375,79072.859375,79125.09375,79072.859375,79100.0078125,0
2026-08-24 16:59:00+00:00,79041.0390625,79041.0390625,79070.4609375,79036.2734375,79057.7734375,23687168
2026-08-24 17:00:00+00:00,78840.0078125,78840.0078125,79044.5625,78840.0078125,79040.2421875,0
2026-08-24 17:01:00+00:00,78865.328125,78865.328125,78865.328125,78801.0,78816.078125,210059264
2026-08-24 17:02:00+00:00,78662.7265625,78662.7265625,78849.40625,78597.921875,78849.40625,0
2026-08-24 17:03:00+00:00,78827.96875,78827.96875,78827.96875,78654.25,78705.3515625,16039936
2026-08-24 17:04:00+00:00,78834.1796875,78834.1796875,78862.84375,78789.296875,78801.75,0
2026-08-24 17:05:00+00:00,78930.328125,78930.328125,78930.328125,78856.3203125,78859.0,200089600
2026-08-24 17:06:00+00:00,78977.9375,78977.9375,78986.0,78893.2578125,78911.2890625,0
2026-08-24 17:07:00+00:00,78977.453125,78977.453125,78996.0,78920.796875,78973.171875,0
2026-08-24 17:08:00+00:00,79046.2109375,79046.2109375,79063.25,79007.0625,79016.0,250814464
2026-08-24 17:09:00+00:00,79152.15625,79152.15625,79164.84375,79059.1015625,79059.1015625,0
2026-08-24 17:10:00+00:00,79101.6796875,79101.6796875,79173.0703125,79100.2265625,79173.0703125,396185600
2026-08-24 17:11:00+00:00,79170.5703125,79170.5703125,79171.7421875,79089.4921875,79092.4765625,0
2026-08-24 17:12:00+00:00,79145.546875,79145.546875,79182.640625,79145.546875,79170.5078125,36671488
2026-08-24 17:13:00+00:00,79126.296875,79126.296875,79181.0234375,79120.46875,79144.0078125,0
2026-08-24 17:14:00+00:00,79096.921875,79096.921875,79154.0390625,79087.40625,79106.4609375,0
2026-08-24 17:15:00+00:00,78916.046875,78916.046875,79096.921875,78911.28125,79075.859375,249671680
2026-08-24 17:16:00+00:00,78959.328125,78959.328125,78959.328125,78783.0,78887.4921875,0
2026-08-24 17:17:00+00:00,79087.3984375,79087.3984375,79087.3984375,78974.6328125,78974.6328125,0
2026-08-24 17:18:00+00:00,78979.890625,78979.890625,79167.8671875,78979.890625,79093.3671875,0
2026-08-24 17:19:00+00:00,78987.4375,78987.4375,79080.75,78987.4375,79008.5,4804608
2026-08-24 17:20:00+00:00,78835.1171875,78835.1171875,78954.140625,78835.1171875,78954.140625,0
2026-08-24 17:21:00+00:00,78720.8828125,78720.8828125,78820.828125,78720.6796875,78813.203125,166035456
2026-08-24 17:22:00+00:00,78568.5703125,78568.5703125,78744.9375,78568.5703125,78665.90625,0
2026-08-24 17:23:00+00:00,78573.328125,78573.328125,78630.6171875,78501.921875,78581.453125,59928576
2026-08-24 17:24:00+00:00,78595.9921875,78595.9921875,78654.21875,78522.3671875,78611.3984375,14614528
2026-08-24 17:25:00+00:00,78522.453125,78522.453125,78601.890625,78469.078125,78587.609375,15749120
2026-08-24 17:26:00+00:00,78688.703125,78688.703125,78688.703125,78578.3828125,78578.3828125,0
2026-08-24 17:27:00+00:00,78768.4921875,78768.4921875,78775.640625,78687.53125,78687.53125,413245440
2026-08-24 17:28:00+00:00,78591.1015625,78591.1015625,78741.0234375,78591.1015625,78741.0234375,0
2026-08-24 17:29:00+00:00,78515.3984375,78515.3984375,78607.40625,78515.3984375,78607.40625,0
2026-08-24 17:30:00+00:00,78572.3828125,78572.3828125,78658.953125,78543.0625,78592.359375,193376256
2026-08-24 17:31:00+00:00,78649.46875,78649.46875,78651.25,78528.2109375,78587.6015625,0
2026-08-24 17:32:00+00:00,78578.078125,78578.078125,78653.390625,78578.078125,78623.0078125,21405696
2026-08-24 17:33:00+00:00,78511.4375,78511.4375,78601.8828125,78477.3203125,78601.8828125,0
2026-08-24 17:34:00+00:00,78548.2578125,78548.2578125,78573.3203125,78521.21875,78543.2109375,174739456
2026-08-24 17:35:00+00:00,78597.1171875,78597.1171875,78597.1171875,78540.421875,78562.9296875,0
2026-08-24 17:36:00+00:00,78739.8828125,78739.8828125,78739.8828125,78587.609375,78607.0703125,151105536
2026-08-24 17:37:00+00:00,78760.421875,78760.421875,78767.7265625,78699.90625,78755.2421875,12763136
2026-08-24 17:38:00+00:00,78720.8828125,78720.8828125,78778.0078125,78720.8828125,78750.7109375,0
2026-08-24 17:39:00+00:00,78795.109375,78795.109375,78825.59375,78731.6796875,78731.6796875,273207296
2026-08-24 17:40:00+00:00,78811.7890625,78811.7890625,78830.359375,78789.25,78789.25,0
2026-08-24 17:41:00+00:00,78781.53125,78781.53125,78811.3203125,78755.2421875,78804.8125,18853888
2026-08-24 17:42:00+00:00,78739.9296875,78739.9296875,78847.5078125,78739.9296875,78801.796875,0
2026-08-24 17:43:00+00:00,78713.5703125,78713.5703125,78754.9921875,78713.5703125,78723.3125,46645248
2026-08-24 17:44:00+00:00,78647.9921875,78647.9921875,78710.859375,78647.9921875,78710.859375,0
2026-08-24 17:45:00+00:00,78658.9609375,78658.9609375,78658.9609375,78552.046875,78611.578125,58605568
2026-08-24 17:46:00+00:00,78667.703125,78667.703125,78701.8125,78659.84375,78663.7578125,0
2026-08-24 17:47:00+00:00,78711.359375,78711.359375,78711.359375,78675.5078125,78675.5078125,13324288
2026-08-24 17:48:00+00:00,78709.7265625,78709.7265625,78754.1875,78696.421875,78730.3984375,63717376
2026-08-24 17:49:00+00:00,78720.8828125,78720.8828125,78748.78125,78715.9921875,78739.90625,1257472
2026-08-24 17:50:00+00:00,78772.34375,78772.34375,78811.59375,78711.3828125,78711.3828125,14176256
2026-08-24 17:51:00+00:00,78703.9921875,78703.9921875,78773.859375,78684.2265625,78773.859375,0
2026-08-24 17:52:00+00:00,78713.640625,78713.640625,78742.1015625,78691.953125,78707.9296875,50921472
2026-08-24 17:53:00+00:00,78736.40625,78736.40625,78756.3203125,78713.828125,78714.3671875,11210752
2026-08-24 17:54:00+00:00,78689.6875,78689.6875,78744.6796875,78677.34375,78730.1875,54562816
2026-08-24 17:55:00+00:00,78635.203125,78635.203125,78706.6015625,78612.1328125,78706.6015625,0
2026-08-24 17:56:00+00:00,78657.6484375,78657.6484375,78666.203125,78587.4765625,78643.921875,4390912
2026-08-24 17:57:00+00:00,78697.09375,78697.09375,78724.25,78651.1015625,78651.1015625,55263232
2026-08-24 17:58:00+00:00,78735.15625,78735.15625,78739.9296875,78697.0703125,78697.0703125,0
2026-08-24 17:59:00+00:00,78744.9375,78744.9375,78777.0,78715.203125,78739.9296875,3334144
2026-08-24 18:00:00+00:00,78836.4921875,78836.4921875,78848.9765625,78763.71875,78763.71875,0
2026-08-24 18:01:00+00:00,78868.4296875,78868.4296875,78868.4296875,78756.2734375,78831.7109375,43302912
2026-08-24 18:02:00+00:00,78897.0,78897.0,78911.28125,78863.5390625,78871.1171875,5640192
2026-08-24 18:03:00+00:00,78868.453125,78868.453125,78911.84375,78866.640625,78906.40625,0
2026-08-24 18:04:00+00:00,78896.7109375,78896.7109375,78902.9296875,78837.640625,78861.0390625,0
2026-08-24 18:05:00+00:00,78931.0234375,78931.0234375,78932.3984375,78885.109375,78885.109375,0
2026-08-24 18:06:00+00:00,78880.0078125,78880.0078125,78971.21875,78880.0078125,78923.6875,240861184
2026-08-24 18:07:00+00:00,78844.65625,78844.65625,78884.8984375,78844.65625,78875.2578125,0
2026-08-24 18:08:00+00:00,78797.0390625,78797.0390625,78857.34375,78782.7578125,78844.65625,2940928
2026-08-24 18:09:00+00:00,78811.8828125,78811.8828125,78825.59375,78737.703125,78776.3203125,0
2026-08-24 18:10:00+00:00,78868.453125,78868.453125,78884.71875,78863.671875,78863.671875,41566208
2026-08-24 18:11:00+00:00,78892.25,78892.25,78914.25,78862.5,78863.40625,0
2026-08-24 18:12:00+00:00,78941.6875,78941.6875,78944.6015625,78901.5,78902.2265625,240009216
2026-08-24 18:13:00+00:00,78977.921875,78977.921875,78988.9375,78941.25,78941.25,0
2026-08-24 18:14:00+00:00,78985.7421875,78985.7421875,79018.453125,78974.0234375,78998.6171875,0
2026-08-24 18:15:00+00:00,79000.7265625,79000.7265625,79011.2265625,78976.4375,79005.203125,0
2026-08-24 18:16:00+00:00,78977.1796875,78977.1796875,79025.9296875,78963.6484375,78998.046875,0
2026-08-24 18:17:00+00:00,78994.0078125,78994.0078125,79048.421875,78976.171875,78981.2734375,0
2026-08-24 18:18:00+00:00,79042.7734375,79042.7734375,79044.8984375,79011.2421875,79011.2421875,0
2026-08-24 18:19:00+00:00,78993.1875,78993.1875,79006.9609375,78944.6015625,79006.9609375,0
2026-08-24 18:20:00+00:00,79013.4609375,79013.4609375,79022.7109375,78925.5703125,78973.4609375,0
2026-08-24 18:21:00+00:00,79050.2265625,79050.2265625,79050.2265625,79014.859375,79022.7109375,0
2026-08-24 18:22:00+00:00,79026.8671875,79026.8671875,79073.109375,79026.8671875,79054.078125,13172736
2026-08-24 18:23:00+00:00,79020.7578125,79020.7578125,79037.71875,79006.4921875,79006.4921875,323584
2026-08-24 18:24:00+00:00,78985.8671875,78985.8671875,79057.3515625,78985.8671875,79047.34375,32632832
2026-08-24 18:25:00+00:00,79030.28125,79030.28125,79060.09375,78957.609375,78957.609375,0
2026-08-24 18:26:00+00:00,79050.7421875,79050.7421875,79070.8671875,79026.59375,79026.59375,0
2026-08-24 18:27:00+00:00,79025.8984375,79025.8984375,79070.078125,79021.203125,79047.8828125,0
2026-08-24 18:28:00+00:00,79033.453125,79033.453125,79066.890625,79029.609375,79030.28125,22032384
2026-08-24 18:29:00+00:00,79016.0,79016.0,79044.5625,78973.1796875,79044.5625,0
2026-08-24 18:30:00+00:00,79068.359375,79068.359375,79070.28125,79030.6484375,79030.7421875,89112576
2026-08-24 18:31:00+00:00,79050.3828125,79050.3828125,79080.03125,79050.3828125,79070.0,3407872
2026-08-24 18:32:00+00:00,79079.21875,79079.21875,79081.40625,79029.328125,79050.359375,0
2026-08-24 18:33:00+00:00,79042.3984375,79042.3984375,79091.3828125,79037.3671875,79088.53125,230940672
2026-08-24 18:34:00+00:00,78946.828125,78946.828125,79044.53125,78946.828125,79025.53125,0
2026-08-24 18:35:00+00:00,78944.5703125,78944.5703125,78989.921875,78944.5703125,78954.1171875,38121472
2026-08-24 18:36:00+00:00,78950.359375,78950.359375,78985.8515625,78926.640625,78955.1484375,0
2026-08-24 18:37:00+00:00,78809.75,78809.75,78958.8671875,78809.75,78958.8671875,0
2026-08-24 18:38:00+00:00,78782.7734375,78782.7734375,78832.609375,78781.5703125,78781.5703125,0
2026-08-24 18:39:00+00:00,78835.1171875,78835.1171875,78835.1171875,78722.4375,78735.171875,0
2026-08-24 18:40:00+00:00,78896.609375,78896.609375,78906.453125,78854.046875,78857.1328125,7577600
2026-08-24 18:41:00+00:00,78953.296875,78953.296875,78962.8671875,78882.7265625,78896.7734375,2932736
2026-08-24 18:42:00+00:00,78899.6015625,78899.6015625,78961.3515625,78897.0078125,78952.1171875,150540288
2026-08-24 18:43:00+00:00,78921.65625,78921.65625,78949.3515625,78911.1015625,78911.1796875,0
2026-08-24 18:44:00+00:00,78970.0,78970.0,78970.0,78921.65625,78921.65625,10776576
2026-08-24 18:45:00+00:00,78990.4765625,78990.4765625,79023.453125,78976.4375,78976.4375,0
2026-08-24 18:46:00+00:00,78992.2109375,78992.2109375,79041.640625,78992.2109375,79004.3828125,0
2026-08-24 18:47:00+00:00,78968.390625,78968.390625,78999.703125,78945.84375,78999.703125,0
2026-08-24 18:48:00+00:00,79039.0703125,79039.0703125,79043.8828125,78973.6328125,78973.6328125,14372864
2026-08-24 18:49:00+00:00,79054.078125,79054.078125,79062.0,79016.0078125,79049.9921875,0
2026-08-24 18:50:00+00:00,79028.5390625,79028.5390625,79084.046875,79028.5390625,79049.5703125,19443712
2026-08-24 18:51:00+00:00,78978.9296875,78978.9296875,79022.7109375,78978.9296875,79022.7109375,0
2026-08-24 18:52:00+00:00,78920.703125,78920.703125,78992.203125,78898.9765625,78989.5703125,59396096
2026-08-24 18:53:00+00:00,78932.859375,78932.859375,78955.1328125,78898.2109375,78914.3828125,147456
2026-08-24 18:54:00+00:00,78973.9765625,78973.9765625,78977.90625,78883.0390625,78887.4765625,0
2026-08-24 18:55:00+00:00,78944.6015625,78944.6015625,78985.1796875,78944.6015625,78973.96875,134070272
2026-08-24 18:56:00+00:00,78884.1875,78884.1875,78944.609375,78884.1875,78944.609375,0
2026-08-24 18:57:00+00:00,78916.0390625,78916.0390625,78916.0390625,78854.171875,78882.2578125,20447232
2026-08-24 18:58:00+00:00,78921.1171875,78921.1171875,78944.609375,78914.421875,78914.421875,0
2026-08-24 18:59:00+00:00,78926.4921875,78926.4921875,78942.5234375,78896.7890625,78938.046875,14823424
2026-08-24 19:00:00+00:00,79002.4375,79002.4375,79002.4375,78933.5390625,78935.078125,32813056
2026-08-24 19:01:00+00:00,78982.3515625,78982.3515625,79040.328125,78982.3515625,78997.6015625,0
2026-08-24 19:02:00+00:00,78945.2890625,78945.2890625,79015.140625,78939.8515625,78973.359375,0
2026-08-24 19:03:00+00:00,78936.078125,78936.078125,78967.7109375,78928.7109375,78947.578125,0
2026-08-24 19:04:00+00:00,78897.0078125,78897.0078125,78953.7421875,78887.640625,78940.71875,0
2026-08-24 19:05:00+00:00,78820.84375,78820.84375,78912.8984375,78798.046875,78888.6796875,4894720
2026-08-24 19:06:00+00:00,78820.5078125,78820.5078125,78847.953125,78806.4296875,78808.71875,1590050816
2026-08-24 19:07:00+00:00,78828.046875,78828.046875,78828.046875,78783.4609375,78807.546875,0
2026-08-24 19:08:00+00:00,78906.5234375,78906.5234375,78906.5234375,78806.5703125,78820.859375,7667712
2026-08-24 19:09:00+00:00,78904.03125,78904.03125,79025.5234375,78904.03125,78927.203125,0
2026-08-24 19:10:00+00:00,78946.859375,78946.859375,78946.859375,78879.9609375,78894.21875,2396160
2026-08-24 19:11:00+00:00,79020.7109375,79020.7109375,79020.7109375,78965.921875,78965.921875,0
2026-08-24 19:12:00+00:00,79083.1484375,79083.1484375,79091.1015625,79027.7734375,79027.7734375,0
2026-08-24 19:13:00+00:00,79073.796875,79073.796875,79114.953125,79039.8203125,79088.4609375,294703104
2026-08-24 19:14:00+00:00,79018.8125,79018.8125,79071.8125,79013.171875,79071.8125,0
2026-08-24 19:15:00+00:00,79029.71875,79029.71875,79031.2265625,79010.1796875,79013.171875,0
2026-08-24 19:16:00+00:00,78923.8671875,78923.8671875,78996.96875,78882.71875,78996.96875,0
2026-08-24 19:17:00+00:00,78888.578125,78888.578125,78931.4375,78882.7265625,78919.8828125,18911232
2026-08-24 19:18:00+00:00,78882.71875,78882.71875,78919.8984375,78851.9609375,78908.078125,112869376
2026-08-24 19:19:00+00:00,78711.359375,78711.359375,78906.5078125,78692.171875,78906.5078125,0
2026-08-24 19:20:00+00:00,78761.078125,78761.078125,78764.5703125,78690.171875,78717.5,3616768
2026-08-24 19:21:00+00:00,78788.2890625,78788.2890625,78796.9765625,78742.671875,78744.6875,0
2026-08-24 19:22:00+00:00,78749.4296875,78749.4296875,78763.859375,78730.40625,78761.4921875,214581248
2026-08-24 19:23:00+00:00,78774.4609375,78774.4609375,78801.0078125,78751.140625,78754.203125,0
2026-08-24 19:24:00+00:00,78746.796875,78746.796875,78782.7578125,78682.390625,78766.8671875,0
2026-08-24 19:25:00+00:00,78808.390625,78808.390625,78811.140625,78767.21875,78767.21875,0
2026-08-24 19:26:00+00:00,78810.1484375,78810.1484375,78839.84375,78797.4765625,78817.4375,0
2026-08-24 19:27:00+00:00,78868.5234375,78868.5234375,78877.9609375,78816.28125,78816.28125,14508032
2026-08-24 19:28:00+00:00,78863.25,78863.25,78870.4609375,78855.140625,78870.4609375,0
2026-08-24 19:29:00+00:00,78870.6328125,78870.6328125,78877.96875,78858.9296875,78872.890625,0
2026-08-24 19:30:00+00:00,78849.3984375,78849.3984375,78858.9609375,78825.609375,78856.1328125,280633344
2026-08-24 19:31:00+00:00,78870.6328125,78870.6328125,78870.6328125,78816.09375,78849.53125,0
2026-08-24 19:32:00+00:00,78904.8203125,78904.8203125,78905.359375,78835.1328125,78854.171875,327680
2026-08-24 19:33:00+00:00,78866.3125,78866.3125,78909.7265625,78854.25,78904.796875,47673344
2026-08-24 19:34:00+00:00,78887.4921875,78887.4921875,78901.7578125,78874.5,78882.71875,0
2026-08-24 19:35:00+00:00,78903.71875,78903.71875,78903.71875,78861.6484375,78886.5,4038656
2026-08-24 19:36:00+00:00,78920.796875,78920.796875,78920.796875,78901.7578125,78901.7578125,0
2026-08-24 19:37:00+00:00,78900.75,78900.75,78926.2265625,78881.7421875,78920.390625,47513600
2026-08-24 19:38:00+00:00,78920.796875,78920.796875,78930.296875,78900.7578125,78900.7578125,3211264
2026-08-24 19:39:00+00:00,78887.4765625,78887.4765625,78961.0625,78887.4765625,78933.921875,203485184
2026-08-24 19:40:00+00:00,78850.03125,78850.03125,78897.0,78850.03125,78884.3515625,0
2026-08-24 19:41:00+00:00,78786.9375,78786.9375,78858.9296875,78786.9296875,78846.046875,10739712
2026-08-24 19:42:00+00:00,78750.796875,78750.796875,78788.140625,78744.6875,78788.140625,0
2026-08-24 19:43:00+00:00,78834.078125,78834.078125,78849.7578125,78750.578125,78750.578125,4939776
2026-08-24 19:44:00+00:00,78875.9609375,78875.9609375,78880.9375,78831.78125,78832.5078125,0
2026-08-24 19:45:00+00:00,78811.453125,78811.453125,78881.75,78806.5703125,78881.75,0
2026-08-24 19:46:00+00:00,78772.21875,78772.21875,78797.28125,78750.40625,78778.0078125,0
2026-08-24 19:47:00+00:00,78776.9921875,78776.9921875,78778.96875,78744.953125,78763.7421875,0
2026-08-24 19:48:00+00:00,78821.1015625,78821.1015625,78821.1015625,78757.6796875,78766.859375,1433477120
2026-08-24 19:49:00+00:00,78787.5,78787.5,78854.4765625,78787.5,78836.1796875,0
2026-08-24 19:50:00+00:00,78757.953125,78757.953125,78816.1875,78757.953125,78816.1875,0
2026-08-24 19:51:00+00:00,78714.1875,78714.1875,78752.21875,78677.15625,78752.21875,0
2026-08-24 19:52:00+00:00,78604.7578125,78604.7578125,78711.3984375,78596.140625,78701.8515625,93437952
2026-08-24 19:53:00+00:00,78649.1015625,78649.1015625,78654.2421875,78588.359375,78588.359375,5632000
2026-08-24 19:54:00+00:00,78741.3125,78741.3125,78741.3125,78654.578125,78654.578125,0
2026-08-24 19:55:00+00:00,78703.9296875,78703.9296875,78754.03125,78703.9296875,78714.7265625,268484608
2026-08-24 19:56:00+00:00,78726.6796875,78726.6796875,78733.8671875,78709.7265625,78715.2890625,0
2026-08-24 19:57:00+00:00,78722.796875,78722.796875,78730.3984375,78706.4765625,78720.59375,0
2026-08-24 19:58:00+00:00,78756.25,78756.25,78756.25,78718.671875,78722.7578125,13635584
2026-08-24 19:59:00+00:00,78744.359375,78744.359375,78773.046875,78731.2265625,78768.46875,1904640
2026-08-24 20:00:00+00:00,78733.3515625,78733.3515625,78818.890625,78700.9609375,78787.5234375,0
2026-08-24 20:01:00+00:00,78628.15625,78628.15625,78739.2578125,78628.15625,78728.21875,239943680
2026-08-24 20:02:00+00:00,78599.65625,78599.65625,78632.0234375,78591.34375,78626.203125,16719872
2026-08-24 20:03:00+00:00,78575.2109375,78575.2109375,78609.609375,78566.203125,78603.5,26144768
2026-08-24 20:04:00+00:00,78556.578125,78556.578125,78573.3125,78550.1328125,78560.203125,0
2026-08-24 20:05:00+00:00,78573.828125,78573.828125,78582.84375,78563.796875,78563.796875,0
2026-08-24 20:06:00+00:00,78658.40625,78658.40625,78678.0390625,78599.25,78599.25,0
2026-08-24 20:07:00+00:00,78733.78125,78733.78125,78733.78125,78670.890625,78670.890625,0
2026-08-24 20:08:00+00:00,78706.6171875,78706.6171875,78760.5078125,78696.09375,78760.5078125,0
2026-08-24 20:09:00+00:00,78778.0,78778.0,78778.0,78696.1328125,78697.09375,85225472
2026-08-24 20:10:00+00:00,78782.9765625,78782.9765625,78801.0625,78773.25,78801.0625,0
2026-08-24 20:11:00+00:00,78702.4375,78702.4375,78763.7265625,78702.4375,78763.7265625,0
2026-08-24 20:12:00+00:00,78625.09375,78625.09375,78711.359375,78610.640625,78711.359375,27660288
2026-08-24 20:13:00+00:00,78658.2578125,78658.2578125,78658.2578125,78624.703125,78624.703125,0
2026-08-24 20:14:00+00:00,78685.828125,78685.828125,78685.828125,78653.4609375,78658.2578125,0
2026-08-24 20:15:00+00:00,78639.296875,78639.296875,78673.2890625,78606.6796875,78673.2890625,6909952
2026-08-24 20:16:00+00:00,78689.4765625,78689.4765625,78692.9609375,78635.7734375,78635.7734375,40513536
2026-08-24 20:17:00+00:00,78669.2578125,78669.2578125,78692.8125,78663.7578125,78689.59375,0
2026-08-24 20:18:00+00:00,78681.84375,78681.84375,78686.9921875,78664.5390625,78673.890625,206925824
2026-08-24 20:19:00+00:00,78720.8828125,78720.8828125,78720.8828125,78681.84375,78681.84375,0
2026-08-24 20:20:00+00:00,78739.7890625,78739.7890625,78758.1171875,78720.8828125,78720.8828125,0
2026-08-24 20:21:00+00:00,78720.15625,78720.15625,78754.203125,78701.84375,78736.1171875,18952192
2026-08-24 20:22:00+00:00,78758.109375,78758.109375,78758.109375,78678.046875,78720.15625,22978560
2026-08-24 20:23:00+00:00,78787.6328125,78787.6328125,78787.6328125,78749.453125,78772.1015625,6348800
2026-08-24 20:24:00+00:00,78711.15625,78711.15625,78774.46875,78707.15625,78774.46875,0
2026-08-24 20:25:00+00:00,78682.0078125,78682.0078125,78716.1171875,78682.0078125,78701.8515625,35872768
2026-08-24 20:26:00+00:00,78644.7109375,78644.7109375,78668.53125,78627.5078125,78668.53125,0
2026-08-24 20:27:00+00:00,78673.28125,78673.28125,78673.28125,78611.40625,78644.71875,0
2026-08-24 20:28:00+00:00,78672.5625,78672.5625,78672.5625,78630.453125,78665.796875,0
2026-08-24 20:29:00+00:00,78692.5703125,78692.5703125,78693.1328125,78656.65625,78663.7734375,0
2026-08-24 20:30:00+00:00,78678.0390625,78678.0390625,78693.359375,78671.7265625,78690.90625,0
2026-08-24 20:31:00+00:00,78633.7890625,78633.7890625,78694.609375,78633.7890625,78690.7109375,0
2026-08-24 20:32:00+00:00,78696.59375,78696.59375,78696.59375,78645.7265625,78645.7265625,0
2026-08-24 20:33:00+00:00,78769.5078125,78769.5078125,78778.0,78692.546875,78696.59375,93683712
2026-08-24 20:34:00+00:00,78792.9921875,78792.9921875,78799.5390625,78755.5703125,78769.5078125,5042176
2026-08-24 20:35:00+00:00,78826.3515625,78826.3515625,78832.640625,78777.109375,78792.9921875,0
2026-08-24 20:36:00+00:00,78784.390625,78784.390625,78875.9375,78784.390625,78875.9375,53248
2026-08-24 20:37:00+00:00,78870.8125,78870.8125,78877.5,78788.53125,78788.53125,0
2026-08-24 20:38:00+00:00,78952.7109375,78952.7109375,78977.90625,78868.578125,78868.578125,4169728
2026-08-24 20:39:00+00:00,78973.171875,78973.171875,78984.6328125,78944.609375,78983.84375,0
2026-08-24 20:40:00+00:00,78949.3671875,78949.3671875,78980.25,78949.3671875,78977.9296875,35340288
2026-08-24 20:41:00+00:00,78916.046875,78916.046875,78968.3984375,78916.046875,78949.359375,0
2026-08-24 20:42:00+00:00,78965.53125,78965.53125,78968.390625,78927.6875,78944.0625,0
2026-08-24 20:43:00+00:00,78923.8203125,78923.8203125,78949.3125,78923.8203125,78949.3125,0
2026-08-24 20:44:00+00:00,78908.7578125,78908.7578125,78916.046875,78897.0078125,78916.0390625,0
2026-08-24 20:45:00+00:00,78910.9296875,78910.9296875,78918.640625,78874.5390625,78874.5390625,1463459840
2026-08-24 20:46:00+00:00,78875.359375,78875.359375,78900.0078125,78875.0234375,78890.71875,6504448
2026-08-24 20:47:00+00:00,78888.15625,78888.15625,78909.2265625,78874.34375,78874.34375,0
2026-08-24 20:48:00+00:00,78911.2734375,78911.2734375,78911.28125,78892.25,78904.890625,0
2026-08-24 20:49:00+00:00,78857.828125,78857.828125,78909.2890625,78857.75,78909.2890625,0
2026-08-24 20:50:00+00:00,78846.078125,78846.078125,78858.0078125,78836.5078125,78857.8203125,0
2026-08-24 20:51:00+00:00,78849.84375,78849.84375,78849.84375,78839.859375,78844.5078125,74784768
2026-08-24 20:52:00+00:00,78811.328125,78811.328125,78863.6796875,78811.328125,78852.6171875,0
2026-08-24 20:53:00+00:00,78819.9609375,78819.9609375,78844.578125,78816.09375,78816.09375,0
2026-08-24 20:54:00+00:00,78858.1171875,78858.1171875,78863.6796875,78819.9609375,78819.9609375,0
2026-08-24 20:55:00+00:00,78893.4921875,78893.4921875,78897.0,78863.46875,78863.46875,12005376
2026-08-24 20:56:00+00:00,78901.703125,78901.703125,78901.703125,78893.4921875,78893.4921875,0
2026-08-24 20:57:00+00:00,78919.9765625,78919.9765625,78920.078125,78897.5234375,78906.5234375,0
2026-08-24 20:58:00+00:00,78935.078125,78935.078125,78935.078125,78915.9296875,78920.0703125,44974080
2026-08-24 20:59:00+00:00,78913.78125,78913.78125,78935.109375,78904.2578125,78935.109375,0
2026-08-24 21:00:00+00:00,78934.9609375,78934.9609375,78934.9609375,78929.2578125,78929.2578125,0
2026-08-24 21:01:00+00:00,78966.1796875,78966.1796875,78971.90625,78941.7578125,78946.9375,0
2026-08-24 21:02:00+00:00,78959.8203125,78959.8203125,78976.671875,78949.2734375,78973.1484375,13885440
2026-08-24 21:03:00+00:00,78997.296875,78997.296875,79001.0,78959.828125,78959.828125,0
2026-08-24 21:04:00+00:00,79001.0,79001.0,79001.0,78965.3515625,78997.296875,0
2026-08-24 21:05:00+00:00,78996.9609375,78996.9609375,79005.921875,78973.78125,79001.0,0
2026-08-24 21:06:00+00:00,78999.171875,78999.171875,79000.7578125,78982.7734375,78992.2109375,0
2026-08-24 21:07:00+00:00,78975.3515625,78975.3515625,78999.171875,78962.5703125,78999.171875,0
2026-08-24 21:08:00+00:00,78987.453125,78987.453125,79000.0,78987.203125,78989.1796875,1748992
2026-08-24 21:09:00+00:00,78965.96875,78965.96875,78996.9609375,78954.1328125,78986.15625,0
2026-08-24 21:10:00+00:00,78988.4609375,78988.4609375,78988.4609375,78965.96875,78965.96875,1208320
2026-08-24 21:11:00+00:00,79036.796875,79036.796875,79036.796875,79004.421875,79004.421875,0
2026-08-24 21:12:00+00:00,79016.0078125,79016.0078125,79036.8515625,79016.0078125,79036.84375,0
2026-08-24 21:13:00+00:00,78997.640625,78997.640625,79034.40625,78995.8984375,79011.2421875,0
2026-08-24 21:14:00+00:00,79023.3203125,79023.3203125,79023.328125,78997.640625,78997.640625,0
2026-08-24 21:15:00+00:00,79001.9296875,79001.9296875,79034.40625,79001.9296875,79018.90625,13737984
2026-08-24 21:16:00+00:00,78911.2890625,78911.2890625,79001.9296875,78911.2890625,79001.9296875,0
2026-08-24 21:17:00+00:00,78940.796875,78940.796875,78952.078125,78916.7734375,78916.7734375,0
2026-08-24 21:18:00+00:00,78950.1015625,78950.1015625,78950.1015625,78919.7265625,78927.921875,0
2026-08-24 21:19:00+00:00,78850.890625,78850.890625,78963.2109375,78846.9296875,78958.328125,0
2026-08-24 21:20:00+00:00,78860.3203125,78860.3203125,78860.3203125,78843.453125,78844.3984375,0
2026-08-24 21:21:00+00:00,78868.0078125,78868.0078125,78872.71875,78860.3125,78860.3125,0
2026-08-24 21:22:00+00:00,78947.796875,78947.796875,78947.796875,78858.9296875,78867.3203125,124112896
2026-08-24 21:23:00+00:00,78941.75,78941.75,78941.75,78920.9296875,78925.5703125,0
2026-08-24 21:24:00+00:00,78940.3125,78940.3125,78941.75,78930.328125,78930.328125,0
2026-08-24 21:25:00+00:00,78906.5390625,78906.5390625,78941.75,78906.5390625,78936.3828125,0
2026-08-24 21:26:00+00:00,78909.8984375,78909.8984375,78920.796875,78906.953125,78907.9921875,0
2026-08-24 21:27:00+00:00,78898.1171875,78898.1171875,78898.1328125,78890.140625,78892.3828125,0
2026-08-24 21:28:00+00:00,78908.6328125,78908.6328125,78909.828125,78889.703125,78893.3828125,0
2026-08-24 21:29:00+00:00,78916.0390625,78916.0390625,78916.0390625,78907.0625,78908.6328125,0
2026-08-24 21:30:00+00:00,78950.0,78950.0,78950.0,78920.796875,78920.796875,0
2026-08-24 21:31:00+00:00,78913.6015625,78913.6015625,79015.0078125,78903.359375,78977.921875,0
2026-08-24 21:32:00+00:00,78942.59375,78942.59375,78942.59375,78906.5234375,78916.0390625,0
2026-08-24 21:33:00+00:00,78918.96875,78918.96875,78935.09375,78917.1171875,78935.09375,137076736
2026-08-24 21:34:00+00:00,78925.5390625,78925.5390625,78925.5390625,78906.9765625,78921.3828125,0
2026-08-24 21:35:00+00:00,78923.671875,78923.671875,78938.8828125,78911.75,78911.75,0
2026-08-24 21:36:00+00:00,78952.0390625,78952.0390625,78952.046875,78920.8125,78920.8125,0
2026-08-24 21:37:00+00:00,78942.46875,78942.46875,78942.5078125,78935.09375,78942.5,0
2026-08-24 21:38:00+00:00,78919.6171875,78919.6171875,78945.5,78916.7109375,78944.6015625,0
2026-08-24 21:39:00+00:00,78957.328125,78957.328125,78957.7421875,78924.1015625,78924.1015625,0
2026-08-24 21:40:00+00:00,78983.9765625,78983.9765625,78989.5234375,78965.7578125,78965.7578125,0
2026-08-24 21:41:00+00:00,78981.78125,78981.78125,78996.9609375,78979.921875,78983.9765625,0
2026-08-24 21:42:00+00:00,78999.0,78999.0,79006.46875,78971.953125,78971.953125,0
2026-08-24 21:43:00+00:00,78961.546875,78961.546875,79007.9609375,78961.546875,78999.0,0
2026-08-24 21:44:00+00:00,78972.78125,78972.78125,78972.78125,78958.890625,78959.96875,0
2026-08-24 21:45:00+00:00,78957.6796875,78957.6796875,78972.78125,78957.6796875,78972.78125,0
2026-08-24 21:46:00+00:00,78983.7109375,78983.7109375,78989.8515625,78949.359375,78957.6796875,0
2026-08-24 21:47:00+00:00,79000.0,79000.0,79000.0,78983.7109375,78983.7109375,5853184
2026-08-24 21:48:00+00:00,79021.9609375,79021.9609375,79022.1796875,79011.2421875,79011.2421875,0
2026-08-24 21:49:00+00:00,79015.1171875,79015.1171875,79036.28125,79015.1171875,79021.9609375,0
2026-08-24 21:50:00+00:00,78987.0,78987.0,79008.109375,78987.0,79008.109375,0
2026-08-24 21:51:00+00:00,79000.109375,79000.109375,79017.8515625,78987.0,78987.0,0
2026-08-24 21:52:00+00:00,78942.59375,78942.59375,79000.109375,78942.578125,79000.109375,0
2026-08-24 21:53:00+00:00,78908.90625,78908.90625,78935.09375,78908.703125,78935.09375,10567680
2026-08-24 21:54:00+00:00,78925.5390625,78925.5390625,78925.546875,78908.2734375,78908.2734375,0
2026-08-24 21:55:00+00:00,78950.9765625,78950.9765625,78950.9765625,78925.546875,78925.546875,171786240
2026-08-24 21:56:00+00:00,78957.046875,78957.046875,78957.046875,78948.2265625,78950.9765625,0
2026-08-24 21:57:00+00:00,78971.1171875,78971.1171875,78971.1171875,78955.3125,78957.046875,0
2026-08-24 21:58:00+00:00,78976.09375,78976.09375,78977.921875,78971.1171875,78971.1171875,0
2026-08-24 21:59:00+00:00,78970.3125,78970.3125,78981.5625,78963.6484375,78976.09375,9654272
2026-08-24 22:00:00+00:00,78837.9921875,78837.9921875,78970.3125,78830.78125,78970.3125,0
2026-08-24 22:01:00+00:00,78873.0,78873.0,78878.546875,78854.1796875,78858.90625,0
2026-08-24 22:02:00+00:00,78916.046875,78916.046875,78974.609375,78911.28125,78911.28125,0
2026-08-24 22:03:00+00:00,78863.6796875,78863.6796875,78953.1484375,78863.6796875,78940.46875,0
2026-08-24 22:04:00+00:00,78901.75,78901.75,78901.75,78840.03125,78858.9296875,0
2026-08-24 22:05:00+00:00,78930.328125,78930.328125,78944.6171875,78887.4921875,78887.4921875,0
2026-08-24 22:06:00+00:00,78949.21875,78949.21875,78977.9765625,78930.328125,78930.328125,314863616
2026-08-24 22:07:00+00:00,78901.7734375,78901.7734375,78949.21875,78901.7734375,78949.21875,0
2026-08-24 22:08:00+00:00,78923.53125,78923.53125,78924.609375,78892.2265625,78897.0234375,0
2026-08-24 22:09:00+00:00,78887.4765625,78887.4765625,78923.0390625,78887.4765625,78923.0078125,0
2026-08-24 22:10:00+00:00,78873.2109375,78873.2109375,78906.921875,78870.34375,78894.1171875,0
2026-08-24 22:11:00+00:00,78877.359375,78877.359375,78883.7578125,78862.890625,78868.4375,151830528
2026-08-24 22:12:00+00:00,78851.6328125,78851.6328125,78873.2109375,78835.3984375,78873.2109375,0
2026-08-24 22:13:00+00:00,78837.609375,78837.609375,78851.6796875,78816.1015625,78843.453125,0
2026-08-24 22:14:00+00:00,78867.2734375,78867.2734375,78867.5,78844.640625,78844.640625,0
2026-08-24 22:15:00+00:00,78892.25,78892.25,78908.828125,78858.921875,78862.5078125,0
2026-08-24 22:16:00+00:00,78901.7578125,78901.7578125,78901.7578125,78863.6875,78901.296875,0
2026-08-24 22:17:00+00:00,78909.7265625,78909.7265625,78924.6171875,78904.921875,78916.8984375,0
2026-08-24 22:18:00+00:00,78913.2109375,78913.2109375,78924.3984375,78893.296875,78909.71875,0
2026-08-24 22:19:00+00:00,78841.5,78841.5,78913.2109375,78841.5,78913.2109375,0
2026-08-24 22:20:00+00:00,78816.421875,78816.421875,78868.4375,78815.3828125,78835.46875,0
2026-08-24 22:21:00+00:00,78860.109375,78860.109375,78882.28125,78835.1171875,78835.1171875,0
2026-08-24 22:22:00+00:00,78856.84375,78856.84375,78863.0078125,78844.6484375,78861.03125,0
2026-08-24 22:23:00+00:00,78815.9609375,78815.9609375,78856.84375,78815.9609375,78856.84375,8388608
2026-08-24 22:24:00+00:00,78835.703125,78835.703125,78845.0078125,78815.6171875,78815.6171875,0
2026-08-24 22:25:00+00:00,78809.8515625,78809.8515625,78835.703125,78809.8515625,78835.703125,0
2026-08-24 22:26:00+00:00,78747.8203125,78747.8203125,78809.3984375,78747.8203125,78809.3984375,0
2026-08-24 22:27:00+00:00,78773.2421875,78773.2421875,78773.2421875,78740.328125,78755.78125,0
2026-08-24 22:28:00+00:00,78763.71875,78763.71875,78769.75,78746.046875,78769.7421875,4591616
2026-08-24 22:29:00+00:00,78767.15625,78767.15625,78768.90625,78755.3125,78763.71875,425984
2026-08-24 22:30:00+00:00,78817.9296875,78817.9296875,78817.9296875,78766.9921875,78767.171875,0
2026-08-24 22:31:00+00:00,78750.5703125,78750.5703125,78814.5078125,78735.1796875,78814.5078125,0
2026-08-24 22:32:00+00:00,78796.109375,78796.109375,78801.25,78765.0390625,78765.0390625,0
2026-08-24 22:33:00+00:00,78838.4296875,78838.4296875,78846.21875,78787.53125,78787.53125,5062656
2026-08-24 22:34:00+00:00,78868.4609375,78868.4609375,78896.4765625,78839.5234375,78854.15625,0
2026-08-24 22:35:00+00:00,78873.2109375,78873.2109375,78887.4609375,78861.09375,78873.3203125,10518528
2026-08-24 22:36:00+00:00,78856.1015625,78856.1015625,78864.1328125,78844.6484375,78863.6875,0
2026-08-24 22:37:00+00:00,78894.0390625,78894.0390625,78906.3203125,78854.1328125,78856.2734375,0
2026-08-24 22:38:00+00:00,78877.921875,78877.921875,78909.8203125,78875.046875,78901.7578125,0
2026-08-24 22:39:00+00:00,78849.40625,78849.40625,78899.203125,78849.40625,78885.4296875,0
2026-08-24 22:40:00+00:00,78827.5703125,78827.5703125,78836.96875,78808.8984375,78836.96875,0
2026-08-24 22:41:00+00:00,78793.78125,78793.78125,78827.75,78785.578125,78827.75,294912
2026-08-24 22:42:00+00:00,78739.9296875,78739.9296875,78799.1015625,78739.9296875,78788.109375,0
2026-08-24 22:43:00+00:00,78778.3671875,78778.3671875,78787.5234375,78720.890625,78749.4375,0
2026-08-24 22:44:00+00:00,78754.203125,78754.203125,78793.7734375,78754.203125,78793.7734375,25317376
2026-08-24 22:45:00+00:00,78783.3203125,78783.3203125,78801.796875,78744.6875,78744.6875,154628096
2026-08-24 22:46:00+00:00,78787.609375,78787.609375,78790.6484375,78776.0234375,78783.4296875,0
2026-08-24 22:47:00+00:00,78790.90625,78790.90625,78799.96875,78774.5078125,78776.03125,0
2026-08-24 22:48:00+00:00,78797.0390625,78797.0390625,78803.640625,78758.9609375,78795.5390625,0
2026-08-24 22:49:00+00:00,78807.609375,78807.609375,78807.609375,78757.078125,78800.15625,0
2026-08-24 22:50:00+00:00,78775.8125,78775.8125,78814.2421875,78775.8125,78797.046875,0
2026-08-24 22:51:00+00:00,78784.2578125,78784.2578125,78793.796875,78775.8125,78782.7578125,0
2026-08-24 22:52:00+00:00,78801.7265625,78801.7265625,78801.7265625,78735.171875,78784.2578125,3461120
2026-08-24 22:53:00+00:00,78800.7421875,78800.7421875,78833.421875,78800.7421875,78801.7421875,245760
2026-08-24 22:54:00+00:00,78791.671875,78791.671875,78797.0625,78783.9921875,78797.0625,0
2026-08-24 22:55:00+00:00,78726.453125,78726.453125,78781.9296875,78722.3671875,78781.9296875,0
2026-08-24 22:56:00+00:00,78725.6328125,78725.6328125,78746.53125,78696.1015625,78746.53125,0
2026-08-24 22:57:00+00:00,78740.390625,78740.390625,78740.390625,78730.4609375,78738.5,0
2026-08-24 22:58:00+00:00,78724.28125,78724.28125,78740.3828125,78724.28125,78740.3828125,0
2026-08-24 22:59:00+00:00,78734.6171875,78734.6171875,78736.2265625,78728.7421875,78728.75,4907008
2026-08-24 23:00:00+00:00,78734.0703125,78734.0703125,78758.9609375,78734.0703125,78734.6171875,0
2026-08-24 23:01:00+00:00,78682.796875,78682.796875,78717.1875,78682.796875,78716.1328125,216596480
2026-08-24 23:02:00+00:00,78652.9765625,78652.9765625,78682.3203125,78641.7421875,78673.7421875,0
2026-08-24 23:03:00+00:00,78734.7890625,78734.7890625,78734.7890625,78635.2109375,78654.2421875,0
2026-08-24 23:04:00+00:00,78725.84375,78725.84375,78750.5390625,78709.5234375,78747.25,0
2026-08-24 23:05:00+00:00,78735.4296875,78735.4296875,78738.5234375,78708.4609375,78731.359375,0
2026-08-24 23:06:00+00:00,78721.5703125,78721.5703125,78730.4921875,78720.7890625,78725.6484375,0
2026-08-24 23:07:00+00:00,78721.6328125,78721.6328125,78730.3984375,78719.4921875,78719.4921875,0
2026-08-24 23:08:00+00:00,78754.203125,78754.203125,78772.203125,78718.3203125,78727.8828125,0
2026-08-24 23:09:00+00:00,78782.7734375,78782.7734375,78811.3203125,78771.6796875,78771.6796875,0
2026-08-24 23:10:00+00:00,78801.796875,78801.796875,78820.96875,78773.25,78782.7734375,0
2026-08-24 23:11:00+00:00,78788.046875,78788.046875,78808.3203125,78782.7578125,78782.7578125,0
2026-08-24 23:12:00+00:00,78808.3515625,78808.3515625,78811.296875,78791.6171875,78794.3515625,0
2026-08-24 23:13:00+00:00,78720.890625,78720.890625,78808.2265625,78720.890625,78808.2265625,0
2026-08-24 23:14:00+00:00,78730.3984375,78730.3984375,78730.3984375,78711.3671875,78720.8828125,20262912
2026-08-24 23:15:00+00:00,78751.390625,78751.390625,78762.8828125,78730.5234375,78740.7109375,158937088
2026-08-24 23:16:00+00:00,78766.21875,78766.21875,78769.703125,78758.96875,78763.71875,4186112
2026-08-24 23:17:00+00:00,78774.65625,78774.65625,78790.0,78758.96875,78776.9375,0
2026-08-24 23:18:00+00:00,78761.796875,78761.796875,78788.71875,78748.4921875,78777.1328125,104296448
2026-08-24 23:19:00+00:00,78773.2265625,78773.2265625,78773.2265625,78745.40625,78745.40625,0
2026-08-24 23:20:00+00:00,78813.2578125,78813.2578125,78813.2578125,78782.7578125,78782.7578125,0
2026-08-24 23:21:00+00:00,78810.8828125,78810.8828125,78820.421875,78806.5703125,78820.140625,0
2026-08-24 23:22:00+00:00,78860.75,78860.75,78860.75,78817.8515625,78820.140625,4431872
2026-08-24 23:23:00+00:00,78874.296875,78874.296875,78874.296875,78849.40625,78857.0078125,0
2026-08-24 23:24:00+00:00,78917.671875,78917.671875,78938.9921875,78885.15625,78885.15625,0
2026-08-24 23:25:00+00:00,78932.71875,78932.71875,78973.15625,78920.6015625,78920.6015625,0
2026-08-24 23:26:00+00:00,78944.609375,78944.609375,78944.609375,78927.046875,78932.578125,3153920
2026-08-24 23:27:00+00:00,78899.1171875,78899.1171875,78951.140625,78899.1171875,78948.3671875,0
2026-08-24 23:28:00+00:00,78893.90625,78893.90625,78899.1171875,78892.5703125,78899.1171875,16232448
2026-08-24 23:29:00+00:00,78887.4921875,78887.4921875,78914.03125,78887.3203125,78887.328125,0
2026-08-24 23:30:00+00:00,78877.9609375,78877.9609375,78897.2734375,78857.8125,78887.0,0
2026-08-24 23:31:00+00:00,78897.0234375,78897.0234375,78916.6796875,78863.71875,78885.1171875,0
2026-08-24 23:32:00+00:00,78973.15625,78973.15625,78973.15625,78894.921875,78897.0234375,0
2026-08-24 23:33:00+00:00,78921.25,78921.25,78939.8515625,78916.046875,78939.8515625,0
2026-08-24 23:34:00+00:00,78877.96875,78877.96875,78901.7734375,78860.0625,78901.7734375,0
2026-08-24 23:35:00+00:00,78863.6875,78863.6875,78882.7109375,78855.3828125,78863.6875,0
2026-08-24 23:36:00+00:00,78877.953125,78877.953125,78877.9609375,78865.3828125,78870.75,0
2026-08-24 23:37:00+00:00,78894.9765625,78894.9765625,78894.9765625,78859.2734375,78887.25,0
2026-08-24 23:38:00+00:00,78900.15625,78900.15625,78930.3203125,78900.15625,78901.7578125,0
2026-08-24 23:39:00+00:00,78939.9921875,78939.9921875,78940.0,78900.1484375,78900.1484375,117420032
2026-08-24 23:40:00+00:00,78940.0,78940.0,78940.0,78931.3125,78940.0,0
2026-08-24 23:41:00+00:00,78939.7265625,78939.7265625,78964.59375,78931.3125,78940.0,0
2026-08-24 23:42:00+00:00,78930.328125,78930.328125,78951.34375,78925.578125,78936.453125,0
2026-08-24 23:43:00+00:00,78977.359375,78977.359375,78977.3828125,78927.5,78935.96875,0
2026-08-24 23:44:00+00:00,78954.046875,78954.046875,78956.7890625,78950.890625,78954.1328125,0
2026-08-24 23:45:00+00:00,78970.203125,78970.203125,79009.2109375,78963.640625,78963.640625,0
2026-08-24 23:46:00+00:00,78941.8203125,78941.8203125,78974.3515625,78941.8203125,78954.71875,3530752
2026-08-24 23:47:00+00:00,78939.8515625,78939.8515625,78949.3515625,78920.8125,78920.8125,0
2026-08-24 23:48:00+00:00,78867.96875,78867.96875,78926.25,78867.96875,78926.2421875,0
2026-08-24 23:49:00+00:00,78892.25,78892.25,78918.5703125,78864.1484375,78864.1484375,0
2026-08-24 23:50:00+00:00,78880.9609375,78880.9609375,78892.25,78877.96875,78892.25,0
2026-08-24 23:51:00+00:00,78881.890625,78881.890625,78886.953125,78876.25,78882.71875,811008
2026-08-24 23:52:00+00:00,78888.8671875,78888.8671875,78907.7265625,78873.9375,78881.890625,0
2026-08-24 23:53:00+00:00,78852.671875,78852.671875,78891.5,78852.671875,78891.5,0
2026-08-24 23:54:00+00:00,78849.390625,78849.390625,78864.9296875,78835.3203125,78845.40625,0
2026-08-24 23:55:00+00:00,78863.6328125,78863.6328125,78863.6328125,78820.859375,78847.0078125,0
2026-08-24 23:56:00+00:00,78872.6328125,78872.6328125,78872.6328125,78863.640625,78863.640625,0
2026-08-24 23:57:00+00:00,78897.3125,78897.3125,78913.7734375,78872.6328125,78872.6328125,0
2026-08-24 23:58:00+00:00,78951.34375,78951.34375,78981.0625,78888.1015625,78888.1015625,0
2026-08-25 00:00:00+00:00,78946.2734375,78946.2734375,78999.9921875,78939.8515625,78969.171875,2424832
2026-08-25 00:01:00+00:00,78946.7109375,78946.7109375,78982.3203125,78935.4921875,78958.9765625,8630272
2026-08-25 00:02:00+00:00,78938.0625,78938.0625,78963.640625,78935.453125,78935.453125,0
2026-08-25 00:03:00+00:00,78949.3671875,78949.3671875,78978.671875,78925.5703125,78938.046875,0
2026-08-25 00:04:00+00:00,78935.7421875,78935.7421875,78981.390625,78935.7421875,78951.96875,0
2026-08-25 00:05:00+00:00,78934.90625,78934.90625,78934.90625,78901.7734375,78931.296875,0
2026-08-25 00:06:00+00:00,78916.0390625,78916.0390625,78955.203125,78905.4296875,78934.921875,86732800
2026-08-25 00:07:00+00:00,79011.2421875,79011.2421875,79048.453125,78916.0625,78916.0625,0
2026-08-25 00:08:00+00:00,79001.71875,79001.71875,79055.2890625,78981.0234375,79000.2265625,0
2026-08-25 00:09:00+00:00,78923.4296875,78923.4296875,78969.7421875,78889.046875,78965.2265625,206655488
2026-08-25 00:10:00+00:00,78986.0234375,78986.0234375,78996.953125,78911.2890625,78940.0390625,0
2026-08-25 00:11:00+00:00,78963.65625,78963.65625,79026.8671875,78963.65625,79001.71875,507547648
2026-08-25 00:12:00+00:00,79025.5078125,79025.5078125,79025.5078125,78958.8828125,78958.8828125,45445120
2026-08-25 00:13:00+00:00,78935.09375,78935.09375,79039.7890625,78935.09375,79039.7890625,0
2026-08-25 00:14:00+00:00,78951.65625,78951.65625,78964.671875,78934.0234375,78964.53125,0
2026-08-25 00:15:00+00:00,78846.203125,78846.203125,78935.09375,78846.203125,78935.09375,16465920
2026-08-25 00:16:00+00:00,78816.078125,78816.078125,78844.640625,78788.9921875,78844.640625,6262784
2026-08-25 00:17:00+00:00,78771.1171875,78771.1171875,78801.796875,78766.7734375,78792.28125,0
2026-08-25 00:18:00+00:00,78730.40625,78730.40625,78774.796875,78720.890625,78751.4921875,138063872
2026-08-25 00:19:00+00:00,78782.7734375,78782.7734375,78797.9375,78711.4921875,78716.1171875,8687616
2026-08-25 00:20:00+00:00,78762.109375,78762.109375,78763.7265625,78740.1171875,78763.7265625,4222976
2026-08-25 00:21:00+00:00,78788.0,78788.0,78788.0,78740.1171875,78762.109375,0
2026-08-25 00:22:00+00:00,78806.796875,78806.796875,78826.75,78787.4765625,78801.796875,0
2026-08-25 00:23:00+00:00,78842.5234375,78842.5234375,78853.5390625,78813.6015625,78828.890625,0
2026-08-25 00:24:00+00:00,78798.6875,78798.6875,78849.28125,78797.046875,78843.2578125,0
2026-08-25 00:25:00+00:00,78862.75,78862.75,78862.75,78792.2890625,78792.2890625,0
2026-08-25 00:26:00+00:00,78794.9375,78794.9375,78879.8203125,78794.8828125,78873.1875,8630272
2026-08-25 00:27:00+00:00,78792.2578125,78792.2578125,78806.5625,78763.71875,78806.5625,203010048
2026-08-25 00:28:00+00:00,78782.75,78782.75,78782.75,78742.5078125,78769.4765625,0
2026-08-25 00:29:00+00:00,78796.046875,78796.046875,78798.5234375,78770.6875,78798.5234375,5218304
2026-08-25 00:30:00+00:00,78782.7578125,78782.7578125,78788.6796875,78759.75,78788.6796875,3088384
2026-08-25 00:31:00+00:00,78779.078125,78779.078125,78819.2265625,78778.5390625,78806.546875,0
2026-08-25 00:32:00+00:00,78750.0,78750.0,78766.65625,78731.53125,78766.2578125,0
2026-08-25 00:33:00+00:00,78792.28125,78792.28125,78792.28125,78733.0703125,78739.9296875,0
2026-08-25 00:34:00+00:00,78768.5,78768.5,78804.6796875,78744.6875,78803.640625,7507968
2026-08-25 00:35:00+00:00,78863.046875,78863.046875,78863.046875,78763.7421875,78763.7421875,0
2026-08-25 00:36:00+00:00,78877.6875,78877.6875,78899.9765625,78863.046875,78863.046875,0
2026-08-25 00:37:00+00:00,78890.453125,78890.453125,78890.453125,78828.65625,78848.3828125,84611072
2026-08-25 00:38:00+00:00,79004.7421875,79004.7421875,79004.7421875,78892.0234375,78892.0234375,0
2026-08-25 00:39:00+00:00,78950.3125,78950.3125,79015.5234375,78906.53125,79015.5234375,0
2026-08-25 00:40:00+00:00,78912.953125,78912.953125,79002.71875,78912.953125,78963.6328125,8691712
2026-08-25 00:41:00+00:00,78939.796875,78939.796875,78939.796875,78901.7734375,78916.0234375,0
2026-08-25 00:42:00+00:00,79003.4921875,79003.4921875,79003.4921875,78935.09375,78941.2578125,15548416
2026-08-25 00:43:00+00:00,79290.28125,79290.28125,79290.28125,79020.0,79027.9375,0
2026-08-25 00:44:00+00:00,79352.3125,79352.3125,79352.3125,79292.09375,79293.0,13123584
2026-08-25 00:45:00+00:00,79492.4375,79492.4375,79496.7578125,79331.0390625,79369.5078125,17051648
2026-08-25 00:46:00+00:00,79668.0,79668.0,79668.0,79492.0,79492.0,10104832
2026-08-25 00:47:00+00:00,79720.1484375,79720.1484375,79737.7265625,79677.6484375,79686.9921875,0
2026-08-25 00:48:00+00:00,79549.1171875,79549.1171875,79709.1484375,79517.6015625,79709.1484375,7962624
2026-08-25 00:49:00+00:00,79565.703125,79565.703125,79623.28125,79564.21875,79571.328125,0
2026-08-25 00:50:00+00:00,79691.1171875,79691.1171875,79691.1171875,79472.96875,79558.6484375,0
2026-08-25 00:51:00+00:00,79630.84375,79630.84375,79660.7421875,79594.9375,79660.7421875,123015168
2026-08-25 00:52:00+00:00,79650.6171875,79650.6171875,79680.609375,79638.796875,79638.796875,0
2026-08-25 00:53:00+00:00,79663.7109375,79663.7109375,79665.640625,79574.7578125,79634.796875,15114240
2026-08-25 00:54:00+00:00,79829.953125,79829.953125,79829.953125,79664.421875,79664.421875,0
2026-08-25 00:55:00+00:00,79844.2421875,79844.2421875,79855.0,79787.1328125,79805.0078125,111706112
2026-08-25 00:56:00+00:00,79735.7421875,79735.7421875,79880.2890625,79735.7421875,79852.8515625,0
2026-08-25 00:57:00+00:00,79807.78125,79807.78125,79816.8125,79730.28125,79730.28125,7311360
2026-08-25 00:58:00+00:00,79773.7109375,79773.7109375,79816.6171875,79718.890625,79787.15625,205049856
2026-08-25 00:59:00+00:00,79743.828125,79743.828125,79793.2734375,79727.40625,79793.2734375,0
2026-08-25 01:00:00+00:00,79791.3515625,79791.3515625,79791.3515625,79688.15625,79741.6875,410206208
2026-08-25 01:01:00+00:00,79848.578125,79848.578125,79850.4609375,79772.859375,79772.859375,0
2026-08-25 01:02:00+00:00,79904.8671875,79904.8671875,79911.0078125,79810.9296875,79820.7890625,0
2026-08-25 01:03:00+00:00,79969.03125,79969.03125,79969.03125,79882.3203125,79891.8515625,0
2026-08-25 01:04:00+00:00,79921.96875,79921.96875,79948.96875,79896.609375,79948.96875,0
2026-08-25 01:05:00+00:00,79837.8828125,79837.8828125,79883.6015625,79806.15625,79883.6015625,0
2026-08-25 01:06:00+00:00,79923.890625,79923.890625,79923.890625,79882.8671875,79892.21875,0
2026-08-25 01:07:00+00:00,79801.40625,79801.40625,79939.4375,79801.40625,79925.140625,62861312
2026-08-25 01:08:00+00:00,79786.140625,79786.140625,79790.3515625,79738.328125,79790.3515625,0
2026-08-25 01:09:00+00:00,79805.921875,79805.921875,79844.2265625,79789.6484375,79789.6484375,69812224
2026-08-25 01:10:00+00:00,79658.359375,79658.359375,79796.640625,79624.1484375,79796.640625,11931648
2026-08-25 01:11:00+00:00,79701.4296875,79701.4296875,79701.4296875,79624.890625,79673.28125,0
2026-08-25 01:12:00+00:00,79673.6171875,79673.6171875,79709.0,79601.4921875,79709.0,0
2026-08-25 01:13:00+00:00,79672.90625,79672.90625,79742.359375,79664.65625,79706.2109375,88862720
2026-08-25 01:14:00+00:00,79636.8203125,79636.8203125,79681.21875,79609.8203125,79672.8984375,0
2026-08-25 01:15:00+00:00,79481.8203125,79481.8203125,79644.2890625,79481.8203125,79644.2890625,0
2026-08-25 01:16:00+00:00,79592.0625,79592.0625,79592.0625,79492.0078125,79496.9921875,0
2026-08-25 01:17:00+00:00,79749.921875,79749.921875,79790.71875,79600.1328125,79600.1328125,13443072
2026-08-25 01:18:00+00:00,79653.859375,79653.859375,79753.7890625,79653.859375,79714.9921875,0
2026-08-25 01:19:00+00:00,79728.3828125,79728.3828125,79752.3828125,79647.421875,79672.46875,0
2026-08-25 01:20:00+00:00,79772.828125,79772.828125,79772.828125,79725.2421875,79734.7578125,0
2026-08-25 01:21:00+00:00,79727.96875,79727.96875,79797.0,79710.96875,79797.0,15241216
2026-08-25 01:22:00+00:00,79668.1171875,79668.1171875,79749.0390625,79668.1171875,79723.71875,238170112
2026-08-25 01:23:00+00:00,79634.921875,79634.921875,79734.75,79634.921875,79679.5390625,0
2026-08-25 01:24:00+00:00,79739.5234375,79739.5234375,79797.6484375,79649.09375,79655.3125,3203072
2026-08-25 01:25:00+00:00,79791.8671875,79791.8671875,79794.640625,79732.34375,79732.34375,39907328
2026-08-25 01:26:00+00:00,79861.6171875,79861.6171875,79875.3671875,79772.84375,79799.3671875,0
2026-08-25 01:27:00+00:00,79901.3515625,79901.3515625,79948.90625,79864.4609375,79864.4609375,0
2026-08-25 01:28:00+00:00,79868.0390625,79868.0390625,79897.9296875,79848.640625,79897.9296875,0
2026-08-25 01:29:00+00:00,79820.4296875,79820.4296875,79868.0390625,79810.65625,79864.921875,7389184
2026-08-25 01:30:00+00:00,79811.9921875,79811.9921875,79838.9375,79801.671875,79815.7578125,0
2026-08-25 01:31:00+00:00,79806.15625,79806.15625,79845.65625,79799.640625,79829.9609375,0
2026-08-25 01:32:00+00:00,79731.3125,79731.3125,79810.4375,79731.3125,79801.40625,14270464
2026-08-25 01:33:00+00:00,79687.4765625,79687.4765625,79734.7578125,79663.3671875,79734.7578125,55762944
2026-08-25 01:34:00+00:00,79714.96875,79714.96875,79748.7890625,79705.5,79706.1796875,7192576
2026-08-25 01:35:00+00:00,79686.5,79686.5,79709.9765625,79668.6875,79703.78125,0
2026-08-25 01:36:00+00:00,79714.96875,79714.96875,79714.96875,79672.6171875,79677.6484375,0
2026-08-25 01:37:00+00:00,79765.8125,79765.8125,79766.8671875,79692.4375,79731.4921875,22740992
2026-08-25 01:38:00+00:00,79815.671875,79815.671875,79858.1484375,79796.3203125,79799.203125,0
2026-08-25 01:39:00+00:00,79810.8984375,79810.8984375,79810.8984375,79758.1328125,79783.2734375,244051968
2026-08-25 01:40:00+00:00,79827.4296875,79827.4296875,79908.6875,79820.6875,79821.4375,0
2026-08-25 01:41:00+00:00,79806.453125,79806.453125,79876.859375,79802.4296875,79830.9375,0
2026-08-25 01:42:00+00:00,79720.65625,79720.65625,79801.921875,79720.65625,79800.0078125,0
2026-08-25 01:43:00+00:00,79719.359375,79719.359375,79761.078125,79718.296875,79718.296875,27283456
2026-08-25 01:44:00+00:00,79693.5703125,79693.5703125,79722.9609375,79686.890625,79722.9609375,0
2026-08-25 01:45:00+00:00,79725.21875,79725.21875,79731.15625,79691.9296875,79706.171875,94822400
2026-08-25 01:46:00+00:00,79677.6171875,79677.6171875,79758.5390625,79677.6171875,79734.75,29007872
2026-08-25 01:47:00+00:00,79668.1171875,79668.1171875,79691.8828125,79645.6015625,79660.171875,0
2026-08-25 01:48:00+00:00,79709.078125,79709.078125,79709.078125,79649.078125,79654.5234375,0
2026-08-25 01:49:00+00:00,79696.6875,79696.6875,79715.2109375,79679.5703125,79715.2109375,0
2026-08-25 01:50:00+00:00,79677.1875,79677.1875,79686.640625,79653.84375,79677.6484375,0
2026-08-25 01:51:00+00:00,79600.5703125,79600.5703125,79687.1484375,79595.7421875,79675.9609375,0
2026-08-25 01:52:00+00:00,79533.9765625,79533.9765625,79600.546875,79533.9765625,79600.546875,18358272
2026-08-25 01:53:00+00:00,79574.4765625,79574.4765625,79587.1875,79504.71875,79504.71875,0
2026-08-25 01:54:00+00:00,79607.8203125,79607.8203125,79607.8203125,79539.609375,79570.15625,0
2026-08-25 01:55:00+00:00,79666.5234375,79666.5234375,79668.109375,79608.0078125,79609.0390625,0
2026-08-25 01:56:00+00:00,79630.046875,79630.046875,79689.84375,79630.046875,79659.953125,0
2026-08-25 01:57:00+00:00,79687.1484375,79687.1484375,79696.71875,79647.8515625,79647.8515625,51003392
2026-08-25 01:58:00+00:00,79824.0078125,79824.0078125,79824.0078125,79706.1796875,79706.1796875,0
2026-08-25 01:59:00+00:00,79821.8984375,79821.8984375,79840.546875,79786.15625,79829.953125,0
2026-08-25 02:00:00+00:00,79805.3515625,79805.3515625,79834.1875,79781.9375,79821.890625,140845056
2026-08-25 02:01:00+00:00,79752.4375,79752.4375,79791.8828125,79739.53125,79791.8828125,0
2026-08-25 02:02:00+00:00,79896.6171875,79896.6171875,79915.7265625,79730.0078125,79739.53125,0
2026-08-25 02:03:00+00:00,79806.78125,79806.78125,79924.3828125,79781.9921875,79899.0,0
2026-08-25 02:04:00+00:00,79782.3671875,79782.3671875,79833.9921875,79777.59375,79791.8671875,9850880
2026-08-25 02:05:00+00:00,79791.8828125,79791.8828125,79839.453125,79758.5625,79777.6015625,0
2026-08-25 02:06:00+00:00,79774.9921875,79774.9921875,79774.9921875,79763.4921875,79772.8515625,0
2026-08-25 02:07:00+00:00,79772.8515625,79772.8515625,79796.640625,79744.28125,79744.28125,2547712
2026-08-25 02:08:00+00:00,79787.109375,79787.109375,79832.421875,79768.09375,79768.09375,3559424
2026-08-25 02:09:00+00:00,79787.109375,79787.109375,79787.109375,79744.2890625,79772.8515625,33554432
2026-08-25 02:10:00+00:00,79913.171875,79913.171875,79913.1796875,79806.1796875,79825.6796875,0
2026-08-25 02:11:00+00:00,79866.4609375,79866.4609375,79913.171875,79825.2109375,79913.171875,0
2026-08-25 02:12:00+00:00,79834.703125,79834.703125,79851.21875,79803.3125,79851.21875,0
2026-08-25 02:13:00+00:00,79832.328125,79832.328125,79832.328125,79801.3984375,79820.4609375,0
2026-08-25 02:14:00+00:00,79851.796875,79851.796875,79862.9375,79820.453125,79820.453125,0
2026-08-25 02:15:00+00:00,79825.203125,79825.203125,79863.2734375,79806.3125,79851.796875,265498624
2026-08-25 02:16:00+00:00,79861.6796875,79861.6796875,79870.4296875,79819.9609375,79819.9609375,0
2026-08-25 02:17:00+00:00,80443.2890625,80443.2890625,80443.2890625,79857.21875,79857.21875,39751680
2026-08-25 02:18:00+00:00,80847.4375,80847.4375,80847.4375,80605.3671875,80713.8515625,0
2026-08-25 02:19:00+00:00,80839.7734375,80839.7734375,80839.7734375,80744.4609375,80819.3125,0
2026-08-25 02:20:00+00:00,80900.9375,80900.9375,81043.3984375,80783.453125,80783.453125,4816896
2026-08-25 02:21:00+00:00,80776.9609375,80776.9609375,81044.6484375,80767.6875,80941.09375,471609344
2026-08-25 02:22:00+00:00,80689.421875,80689.421875,80803.3671875,80635.8984375,80778.671875,0
2026-08-25 02:23:00+00:00,80653.4609375,80653.4609375,80689.6484375,80633.7109375,80647.6171875,0
2026-08-25 02:24:00+00:00,80783.21875,80783.21875,80783.21875,80591.5703125,80653.8515625,643698688
2026-08-25 02:25:00+00:00,80805.0390625,80805.0390625,80865.5625,80759.9609375,80759.9609375,0
2026-08-25 02:26:00+00:00,80777.578125,80777.578125,80881.90625,80777.0,80840.75,304754688
2026-08-25 02:27:00+00:00,80853.359375,80853.359375,80853.359375,80807.6171875,80807.6171875,0
2026-08-25 02:28:00+00:00,80983.46875,80983.46875,80993.1796875,80842.7578125,80842.7578125,0
2026-08-25 02:29:00+00:00,81010.453125,81010.453125,81015.203125,80917.421875,80992.8203125,43286528
2026-08-25 02:30:00+00:00,80897.359375,80897.359375,80985.609375,80897.359375,80985.609375,266244096
2026-08-25 02:31:00+00:00,80968.5234375,80968.5234375,80968.5234375,80805.7890625,80857.328125,9818112
2026-08-25 02:32:00+00:00,80831.1484375,80831.1484375,80973.96875,80820.390625,80973.96875,15552512
2026-08-25 02:33:00+00:00,80840.7421875,80840.7421875,80878.28125,80812.5078125,80839.0703125,304078848
2026-08-25 02:34:00+00:00,80872.40625,80872.40625,80893.921875,80804.171875,80817.7890625,0
2026-08-25 02:35:00+00:00,80846.0625,80846.0625,80895.109375,80843.84375,80853.359375,23756800
2026-08-25 02:36:00+00:00,80820.03125,80820.03125,80861.6875,80808.4921875,80861.6875,84951040
2026-08-25 02:37:00+00:00,80858.1171875,80858.1171875,80860.0,80760.0,80825.703125,5804032
2026-08-25 02:38:00+00:00,80912.40625,80912.40625,80928.046875,80853.203125,80853.203125,0
2026-08-25 02:39:00+00:00,80930.15625,80930.15625,80981.8828125,80899.6328125,80934.4765625,382078976
2026-08-25 02:40:00+00:00,80970.7265625,80970.7265625,80989.6484375,80929.53125,80938.28125,6193152
2026-08-25 02:41:00+00:00,81153.8984375,81153.8984375,81166.4921875,80956.421875,80958.828125,12103680
2026-08-25 02:42:00+00:00,81092.0234375,81092.0234375,81245.53125,81092.0234375,81153.2421875,0
2026-08-25 02:43:00+00:00,80952.6484375,80952.6484375,81082.546875,80933.0625,81082.546875,0
2026-08-25 02:44:00+00:00,80834.328125,80834.328125,80953.3203125,80809.4296875,80940.4609375,26050560
2026-08-25 02:45:00+00:00,80761.90625,80761.90625,80820.5078125,80761.90625,80782.59375,0
2026-08-25 02:46:00+00:00,80770.703125,80770.703125,80817.7734375,80743.890625,80757.0078125,136036352
2026-08-25 02:47:00+00:00,80808.4296875,80808.4296875,80815.28125,80762.9296875,80768.75,0
2026-08-25 02:48:00+00:00,80699.9609375,80699.9609375,80791.4921875,80699.9609375,80791.4921875,318418944
2026-08-25 02:49:00+00:00,80631.84375,80631.84375,80735.140625,80631.84375,80710.6171875,0
2026-08-25 02:50:00+00:00,80482.0703125,80482.0703125,80615.9609375,80420.2109375,80615.9609375,10121216
2026-08-25 02:51:00+00:00,80510.1015625,80510.1015625,80515.84375,80439.2421875,80482.359375,0
2026-08-25 02:52:00+00:00,80586.7890625,80586.7890625,80604.7265625,80472.5703125,80472.5703125,87687168
2026-08-25 02:53:00+00:00,80699.671875,80699.671875,80700.3671875,80577.7734375,80577.7734375,11575296
2026-08-25 02:54:00+00:00,80634.3671875,80634.3671875,80701.03125,80624.9375,80686.78125,0
2026-08-25 02:55:00+00:00,80696.2734375,80696.2734375,80696.2734375,80591.5703125,80615.3671875,171364352
2026-08-25 02:56:00+00:00,80691.53125,80691.53125,80720.078125,80672.4765625,80680.203125,0
2026-08-25 02:57:00+00:00,80643.96875,80643.96875,80708.6484375,80636.3125,80667.7265625,234438656
2026-08-25 02:58:00+00:00,80648.9921875,80648.9921875,80661.75,80620.1328125,80634.40625,0
2026-08-25 02:59:00+00:00,80634.3984375,80634.3984375,80671.953125,80617.96875,80651.2421875,0
2026-08-25 03:00:00+00:00,80686.03125,80686.03125,80709.53125,80639.0703125,80643.921875,0
2026-08-25 03:01:00+00:00,80615.9375,80615.9375,80679.0,80606.8828125,80679.0,0
2026-08-25 03:02:00+00:00,80634.953125,80634.953125,80643.921875,80573.4765625,80625.15625,0
2026-08-25 03:03:00+00:00,80777.2734375,80777.2734375,80780.0703125,80684.09375,80690.75,0
2026-08-25 03:04:00+00:00,80815.28125,80815.28125,80838.8203125,80793.4375,80793.4375,0
2026-08-25 03:05:00+00:00,80837.9375,80837.9375,80871.5390625,80822.0,80822.0,8716288
2026-08-25 03:06:00+00:00,80874.6484375,80874.6484375,80888.0,80815.28125,80815.28125,0
2026-08-25 03:07:00+00:00,80917.6171875,80917.6171875,80917.6171875,80894.6328125,80899.9609375,290582528
2026-08-25 03:08:00+00:00,80843.8515625,80843.8515625,80938.0625,80843.8515625,80934.28125,15949824
2026-08-25 03:09:00+00:00,80840.1796875,80840.1796875,80881.90625,80839.09375,80839.09375,0
2026-08-25 03:10:00+00:00,80843.828125,80843.828125,80911.46875,80829.5,80861.7734375,0
2026-08-25 03:11:00+00:00,80826.2578125,80826.2578125,80858.109375,80786.7265625,80858.109375,0
2026-08-25 03:12:00+00:00,80812.1328125,80812.1328125,80881.0703125,80806.4609375,80806.4609375,116883456
2026-08-25 03:13:00+00:00,80860.546875,80860.546875,80871.0078125,80791.4921875,80812.1171875,0
2026-08-25 03:14:00+00:00,80781.953125,80781.953125,80829.5625,80767.046875,80829.5625,5922816
2026-08-25 03:15:00+00:00,80718.453125,80718.453125,80773.8671875,80705.796875,80773.8671875,0
2026-08-25 03:16:00+00:00,80750.5,80750.5,80788.9765625,80724.828125,80724.828125,0
2026-08-25 03:17:00+00:00,80684.5390625,80684.5390625,80743.8125,80653.4375,80741.2890625,0
2026-08-25 03:18:00+00:00,80758.2421875,80758.2421875,80758.2421875,80653.53125,80661.1796875,269107200
2026-08-25 03:19:00+00:00,80731.7734375,80731.7734375,80784.90625,80731.7734375,80747.109375,5230592
2026-08-25 03:20:00+00:00,80694.578125,80694.578125,80798.59375,80694.578125,80748.6328125,0
2026-08-25 03:21:00+00:00,80708.1171875,80708.1171875,80708.15625,80594.421875,80654.171875,0
2026-08-25 03:22:00+00:00,80696.2734375,80696.2734375,80729.640625,80670.5703125,80708.109375,0
2026-08-25 03:23:00+00:00,80720.09375,80720.09375,80736.4921875,80689.53125,80689.53125,0
2026-08-25 03:24:00+00:00,80638.28125,80638.28125,80715.328125,80591.578125,80715.328125,0
2026-08-25 03:25:00+00:00,80584.109375,80584.109375,80631.203125,80580.0,80631.203125,14315520
2026-08-25 03:26:00+00:00,80559.7265625,80559.7265625,80582.046875,80525.59375,80582.046875,0
2026-08-25 03:27:00+00:00,80658.1484375,80658.1484375,80658.1484375,80601.0703125,80601.0703125,293376000
2026-08-25 03:28:00+00:00,80623.796875,80623.796875,80643.8828125,80615.359375,80643.8828125,19644416
2026-08-25 03:29:00+00:00,80634.390625,80634.390625,80634.390625,80596.3203125,80620.1171875,0
2026-08-25 03:30:00+00:00,80646.1171875,80646.1171875,80657.671875,80600.0,80601.078125,0
2026-08-25 03:31:00+00:00,80715.3203125,80715.3203125,80715.3203125,80658.1875,80660.7265625,6795264
2026-08-25 03:32:00+00:00,80800.0,80800.0,80800.0,80730.0078125,80732.15625,0
2026-08-25 03:33:00+00:00,80748.6328125,80748.6328125,80826.359375,80730.0,80801.4296875,0
2026-08-25 03:34:00+00:00,80740.609375,80740.609375,80770.421875,80734.359375,80770.421875,0
2026-08-25 03:35:00+00:00,80691.53125,80691.53125,80786.7109375,80691.53125,80786.7109375,0
2026-08-25 03:36:00+00:00,80748.6328125,80748.6328125,80757.46875,80700.25,80705.9296875,0
2026-08-25 03:37:00+00:00,80753.390625,80753.390625,80763.640625,80729.609375,80753.3984375,0
2026-08-25 03:38:00+00:00,80810.5078125,80810.5078125,80859.140625,80762.90625,80762.90625,0
2026-08-25 03:39:00+00:00,80792.5234375,80792.5234375,80848.6015625,80792.5234375,80823.6171875,0
2026-08-25 03:40:00+00:00,80762.5078125,80762.5078125,80787.6484375,80677.2421875,80734.3671875,0
2026-08-25 03:41:00+00:00,80796.8671875,80796.8671875,80800.9921875,80748.6484375,80749.2890625,0
2026-08-25 03:42:00+00:00,80723.5625,80723.5625,80791.21875,80723.5625,80791.21875,84811776
2026-08-25 03:43:00+00:00,80653.4375,80653.4375,80720.078125,80641.6171875,80720.078125,9093120
2026-08-25 03:44:00+00:00,80577.1875,80577.1875,80662.9609375,80529.828125,80653.4375,0
2026-08-25 03:45:00+00:00,80605.578125,80605.578125,80622.6328125,80524.921875,80572.9609375,232579072
2026-08-25 03:46:00+00:00,80655.2265625,80655.2265625,80663.6171875,80590.0625,80615.3515625,0
2026-08-25 03:47:00+00:00,80626.6328125,80626.6328125,80663.6171875,80620.1328125,80663.6171875,0
2026-08-25 03:48:00+00:00,80475.0078125,80475.0078125,80637.171875,80475.0078125,80626.078125,0
2026-08-25 03:49:00+00:00,80443.9921875,80443.9921875,80503.2734375,80380.34375,80486.6796875,0
2026-08-25 03:50:00+00:00,80530.578125,80530.578125,80530.578125,80463.03125,80463.03125,0
2026-08-25 03:51:00+00:00,80567.75,80567.75,80567.75,80508.140625,80525.0234375,23191552
2026-08-25 03:52:00+00:00,80628.3203125,80628.3203125,80647.5078125,80567.4921875,80567.4921875,0
2026-08-25 03:53:00+00:00,80607.0234375,80607.0234375,80638.2421875,80591.890625,80638.2421875,5451776
2026-08-25 03:54:00+00:00,80549.046875,80549.046875,80620.109375,80520.1484375,80614.7109375,0
2026-08-25 03:55:00+00:00,80459.9921875,80459.9921875,80547.828125,80437.9921875,80547.828125,0
2026-08-25 03:56:00+00:00,80357.6875,80357.6875,80468.5078125,80357.6875,80462.4921875,37773312
2026-08-25 03:57:00+00:00,80391.6484375,80391.6484375,80405.0625,80303.2109375,80359.578125,0
2026-08-25 03:58:00+00:00,80424.96875,80424.96875,80439.2265625,80406.953125,80415.4296875,236957696
2026-08-25 03:59:00+00:00,80468.96875,80468.96875,80496.5703125,80424.96875,80432.8515625,114688
2026-08-25 04:00:00+00:00,80501.1171875,80501.1171875,80514.796875,80454.046875,80458.25,0
2026-08-25 04:01:00+00:00,80472.546875,80472.546875,80496.3828125,80434.4921875,80496.3828125,16486400
2026-08-25 04:02:00+00:00,80577.28125,80577.28125,80577.28125,80439.25,80439.25,0
2026-08-25 04:03:00+00:00,80501.1328125,80501.1328125,80591.5625,80501.1328125,80586.796875,0
2026-08-25 04:04:00+00:00,80377.359375,80377.359375,80463.046875,80363.078125,80463.046875,0
2026-08-25 04:05:00+00:00,80410.6796875,80410.6796875,80428.96875,80344.8984375,80373.4609375,0
2026-08-25 04:06:00+00:00,80311.2578125,80311.2578125,80439.5,80311.2578125,80410.6796875,48279552
2026-08-25 04:07:00+00:00,80363.09375,80363.09375,80375.5390625,80267.2265625,80311.2578125,0
2026-08-25 04:08:00+00:00,80390.6875,80390.6875,80391.1171875,80329.4609375,80384.859375,0
2026-08-25 04:09:00+00:00,80417.21875,80417.21875,80417.21875,80353.5625,80377.3671875,4173824
2026-08-25 04:10:00+00:00,80400.5390625,80400.5390625,80431.8203125,80361.9375,80430.65625,203563008
2026-08-25 04:11:00+00:00,80506.109375,80506.109375,80506.109375,80402.7421875,80402.7421875,0
2026-08-25 04:12:00+00:00,80483.7578125,80483.7578125,80529.6796875,80461.9765625,80510.640625,0
2026-08-25 04:13:00+00:00,80439.2265625,80439.2265625,80505.15625,80421.140625,80494.203125,0
2026-08-25 04:14:00+00:00,80479.3828125,80479.3828125,80485.3984375,80437.40625,80441.8828125,0
2026-08-25 04:15:00+00:00,80391.453125,80391.453125,80485.390625,80391.453125,80479.3828125,131174400
2026-08-25 04:16:00+00:00,80383.84375,80383.84375,80408.1171875,80380.6171875,80401.296875,0
2026-08-25 04:17:00+00:00,80374.6171875,80374.6171875,80405.921875,80372.609375,80380.6171875,0
2026-08-25 04:18:00+00:00,80344.0625,80344.0625,80372.7265625,80326.03125,80372.7265625,0
2026-08-25 04:19:00+00:00,80288.7421875,80288.7421875,80355.1328125,80268.4609375,80348.5,0
2026-08-25 04:20:00+00:00,80305.9609375,80305.9609375,80305.9609375,80244.7890625,80301.203125,10739712
2026-08-25 04:21:00+00:00,80301.203125,80301.203125,80338.0,80281.0234375,80320.2421875,0
2026-08-25 04:22:00+00:00,80344.5625,80344.5625,80364.46875,80287.40625,80287.40625,0
2026-08-25 04:23:00+00:00,80291.96875,80291.96875,80346.6484375,80291.96875,80346.6484375,163213312
2026-08-25 04:24:00+00:00,80389.3984375,80389.3984375,80389.3984375,80288.046875,80291.9609375,0
2026-08-25 04:25:00+00:00,80348.8125,80348.8125,80394.359375,80341.6171875,80394.359375,0
2026-08-25 04:26:00+00:00,80270.0,80270.0,80304.65625,80270.0,80304.65625,0
2026-08-25 04:27:00+00:00,80228.25,80228.25,80263.1328125,80214.7734375,80263.1328125,0
2026-08-25 04:28:00+00:00,80248.1171875,80248.1171875,80256.421875,80221.84375,80227.09375,0
2026-08-25 04:29:00+00:00,80231.6484375,80231.6484375,80271.28125,80231.6484375,80261.2578125,0
2026-08-25 04:30:00+00:00,80169.7265625,80169.7265625,80231.28125,80169.7265625,80231.28125,7475200
2026-08-25 04:31:00+00:00,80126.0390625,80126.0390625,80188.1171875,80126.03125,80169.71875,75853824
2026-08-25 04:32:00+00:00,80312.0,80312.0,80312.0,80191.71875,80191.71875,0
2026-08-25 04:33:00+00:00,80301.21875,80301.21875,80341.6015625,80287.859375,80315.4765625,0
2026-08-25 04:34:00+00:00,80284.203125,80284.203125,80320.2421875,80240.3671875,80320.2421875,0
2026-08-25 04:35:00+00:00,80364.6875,80364.6875,80364.6875,80272.6484375,80272.6484375,29618176
2026-08-25 04:36:00+00:00,80305.96875,80305.96875,80362.921875,80305.96875,80362.921875,0
2026-08-25 04:37:00+00:00,80305.953125,80305.953125,80305.953125,80277.40625,80304.0703125,70225920
2026-08-25 04:38:00+00:00,80342.84375,80342.84375,80367.1171875,80320.2421875,80320.2421875,8998912
2026-08-25 04:39:00+00:00,80310.71875,80310.71875,80358.3203125,80301.59375,80353.546875,0
2026-08-25 04:40:00+00:00,80315.4765625,80315.4765625,80315.4765625,80267.8828125,80267.8828125,268509184
2026-08-25 04:41:00+00:00,80253.6015625,80253.6015625,80325.59375,80211.9765625,80313.0390625,0
2026-08-25 04:42:00+00:00,80197.6015625,80197.6015625,80239.34375,80197.6015625,80239.34375,174981120
2026-08-25 04:43:00+00:00,80208.828125,80208.828125,80229.796875,80197.4765625,80209.8125,0
2026-08-25 04:44:00+00:00,80217.4609375,80217.4609375,80217.4609375,80190.1796875,80208.828125,0
2026-08-25 04:45:00+00:00,80263.1171875,80263.1171875,80263.1171875,80206.1171875,80215.390625,0
2026-08-25 04:46:00+00:00,80308.7109375,80308.7109375,80308.7109375,80253.609375,80279.078125,0
2026-08-25 04:47:00+00:00,80282.1484375,80282.1484375,80324.7890625,80271.03125,80317.546875,9932800
2026-08-25 04:48:00+00:00,80265.640625,80265.640625,80281.71875,80228.796875,80281.71875,0
2026-08-25 04:49:00+00:00,80277.828125,80277.828125,80283.3828125,80263.859375,80266.6015625,0
2026-08-25 04:50:00+00:00,80280.0078125,80280.0078125,80315.4765625,80280.0078125,80281.6875,0
2026-08-25 04:51:00+00:00,80307.3828125,80307.3828125,80307.3828125,80292.953125,80296.78125,0
2026-08-25 04:52:00+00:00,80284.921875,80284.921875,80305.5,80279.296875,80305.5,0
2026-08-25 04:53:00+00:00,80248.8515625,80248.8515625,80321.84375,80239.359375,80284.9296875,183394304
2026-08-25 04:54:00+00:00,80225.046875,80225.046875,80263.109375,80225.046875,80243.078125,1572864
2026-08-25 04:55:00+00:00,80234.5703125,80234.5703125,80255.2265625,80206.140625,80218.1015625,0
2026-08-25 04:56:00+00:00,80215.5390625,80215.5390625,80239.3125,80215.5390625,80239.3125,0
2026-08-25 04:57:00+00:00,80232.2109375,80232.2109375,80236.546875,80193.7421875,80209.9921875,0
2026-08-25 04:58:00+00:00,80274.0234375,80274.0234375,80276.34375,80239.328125,80253.6015625,0
2026-08-25 04:59:00+00:00,80348.0703125,80348.0703125,80348.7890625,80273.4609375,80274.0078125,0
2026-08-25 05:00:00+00:00,80303.2109375,80303.2109375,80382.7265625,80303.2109375,80382.7265625,0
2026-08-25 05:01:00+00:00,80394.8203125,80394.8203125,80398.046875,80333.0390625,80333.0390625,0
2026-08-25 05:02:00+00:00,80402.7734375,80402.7734375,80434.15625,80386.890625,80419.140625,0
2026-08-25 05:03:00+00:00,80415.8828125,80415.8828125,80439.4375,80396.109375,80410.75,0
2026-08-25 05:04:00+00:00,80450.953125,80450.953125,80455.34375,80416.28125,80416.28125,111521792
2026-08-25 05:05:00+00:00,80452.2890625,80452.2890625,80473.65625,80439.2421875,80450.953125,0
2026-08-25 05:06:00+00:00,80485.0703125,80485.0703125,80485.0703125,80458.2734375,80458.2734375,0
2026-08-25 05:07:00+00:00,80509.71875,80509.71875,80513.796875,80483.8125,80490.8984375,0
2026-08-25 05:08:00+00:00,80538.8828125,80538.8828125,80543.78125,80500.0,80500.0,4820992
2026-08-25 05:09:00+00:00,80542.546875,80542.546875,80549.5703125,80538.9375,80549.5703125,6778880
2026-08-25 05:10:00+00:00,80514.6796875,80514.6796875,80545.4765625,80500.0078125,80545.4765625,1929216
2026-08-25 05:11:00+00:00,80501.1171875,80501.1171875,80539.5703125,80501.1171875,80502.2265625,9003008
2026-08-25 05:12:00+00:00,80541.1171875,80541.1171875,80551.6796875,80507.78125,80516.0,0
2026-08-25 05:13:00+00:00,80519.7265625,80519.7265625,80559.6015625,80516.9921875,80559.6015625,0
2026-08-25 05:14:00+00:00,80524.9296875,80524.9296875,80548.71875,80510.0078125,80510.0078125,0
2026-08-25 05:15:00+00:00,80472.5234375,80472.5234375,80529.6796875,80472.5234375,80529.6796875,0
2026-08-25 05:16:00+00:00,80453.5390625,80453.5390625,80486.84375,80453.5390625,80480.8515625,0
2026-08-25 05:17:00+00:00,80467.8125,80467.8125,80497.5,80461.5234375,80461.5234375,160022528
2026-08-25 05:18:00+00:00,80553.46875,80553.46875,80553.46875,80467.8125,80467.8125,0
2026-08-25 05:19:00+00:00,80531.8828125,80531.8828125,80558.2421875,80531.8828125,80549.28125,4972544
2026-08-25 05:20:00+00:00,80488.71875,80488.71875,80556.8515625,80488.71875,80539.203125,0
2026-08-25 05:21:00+00:00,80498.3828125,80498.3828125,80498.3828125,80459.140625,80486.84375,0
2026-08-25 05:22:00+00:00,80539.1875,80539.1875,80539.1875,80498.828125,80498.828125,0
2026-08-25 05:23:00+00:00,80509.34375,80509.34375,80533.5625,80506.203125,80526.5,0
2026-08-25 05:24:00+00:00,80508.8203125,80508.8203125,80524.921875,80496.3671875,80509.34375,0
2026-08-25 05:25:00+00:00,80593.5625,80593.5625,80593.5625,80524.90625,80524.90625,0
2026-08-25 05:26:00+00:00,80602.703125,80602.703125,80602.703125,80578.703125,80596.2265625,0
2026-08-25 05:27:00+00:00,80629.0,80629.0,80629.640625,80602.703125,80602.703125,0
2026-08-25 05:28:00+00:00,80629.6484375,80629.6484375,80658.2109375,80629.0,80629.0,0
2026-08-25 05:29:00+00:00,80605.6796875,80605.6796875,80709.9296875,80585.5390625,80632.0390625,0
2026-08-25 05:30:00+00:00,80621.59375,80621.59375,80632.921875,80567.7734375,80620.1171875,36241408
2026-08-25 05:31:00+00:00,80672.5078125,80672.5078125,80698.34375,80616.9375,80616.9375,0
2026-08-25 05:32:00+00:00,80743.8984375,80743.8984375,80780.9296875,80679.5625,80692.40625,10489856
2026-08-25 05:33:00+00:00,80710.5390625,80710.5390625,80743.8984375,80678.84375,80743.8984375,0
2026-08-25 05:34:00+00:00,80785.0234375,80785.0234375,80792.2578125,80737.71875,80737.71875,0
2026-08-25 05:35:00+00:00,80762.921875,80762.921875,80796.2421875,80738.46875,80796.2265625,0
2026-08-25 05:36:00+00:00,80743.890625,80743.890625,80792.25,80743.890625,80777.1875,70295552
2026-08-25 05:37:00+00:00,80761.25,80761.25,80789.2265625,80734.3671875,80758.15625,0
2026-08-25 05:38:00+00:00,80734.6875,80734.6875,80758.8515625,80717.0,80758.8515625,10080256
2026-08-25 05:39:00+00:00,80758.7109375,80758.7109375,80758.7109375,80728.0078125,80735.6171875,0
2026-08-25 05:40:00+00:00,80745.84375,80745.84375,80780.59375,80736.7421875,80758.7109375,0
2026-08-25 05:41:00+00:00,80764.96875,80764.96875,80767.671875,80753.40625,80755.203125,0
2026-08-25 05:42:00+00:00,80753.40625,80753.40625,80765.953125,80750.0703125,80753.40625,0
2026-08-25 05:43:00+00:00,80724.5234375,80724.5234375,80764.921875,80722.34375,80764.921875,357949440
2026-08-25 05:44:00+00:00,80688.296875,80688.296875,80716.6875,80684.5078125,80716.6875,0
2026-08-25 05:45:00+00:00,80710.09375,80710.09375,80710.5625,80688.296875,80688.296875,0
2026-08-25 05:46:00+00:00,80720.0703125,80720.0703125,80720.0703125,80696.8671875,80710.1015625,0
2026-08-25 05:47:00+00:00,80663.953125,80663.953125,80686.7578125,80629.640625,80686.7578125,3198976
2026-08-25 05:48:00+00:00,80729.59375,80729.59375,80729.59375,80672.4765625,80672.4765625,0
2026-08-25 05:49:00+00:00,80737.390625,80737.390625,80739.953125,80721.6484375,80734.359375,0
2026-08-25 05:50:00+00:00,80710.5703125,80710.5703125,80786.71875,80710.5703125,80737.3984375,0
2026-08-25 05:51:00+00:00,80720.0,80720.0,80737.390625,80696.28125,80696.2890625,30244864
2026-08-25 05:52:00+00:00,80743.8984375,80743.8984375,80772.4375,80740.2578125,80748.5078125,0
2026-08-25 05:53:00+00:00,80691.3671875,80691.3671875,80743.8828125,80691.3671875,80724.84375,0
2026-08-25 05:54:00+00:00,80634.5390625,80634.5390625,80691.3671875,80627.859375,80691.3671875,20357120
2026-08-25 05:55:00+00:00,80748.0,80748.0,80751.828125,80643.921875,80643.921875,2215936
2026-08-25 05:56:00+00:00,80745.2578125,80745.2578125,80748.3125,80736.8125,80746.40625,0
2026-08-25 05:57:00+00:00,80739.1171875,80739.1171875,80752.8203125,80726.171875,80734.9765625,26599424
2026-08-25 05:58:00+00:00,80720.0703125,80720.0703125,80731.109375,80709.8203125,80727.8515625,0
2026-08-25 05:59:00+00:00,80702.0,80702.0,80724.8515625,80692.40625,80724.8515625,10047488
2026-08-25 06:00:00+00:00,80673.609375,80673.609375,80688.46875,80657.2109375,80688.46875,0
2026-08-25 06:01:00+00:00,80658.2109375,80658.2109375,80693.21875,80658.2109375,80667.7265625,64409600
2026-08-25 06:02:00+00:00,80715.3203125,80715.3203125,80715.3203125,80669.3984375,80673.1875,0
2026-08-25 06:03:00+00:00,80731.1796875,80731.1796875,80753.3984375,80697.1015625,80701.046875,0
2026-08-25 06:04:00+00:00,80689.2109375,80689.2109375,80709.546875,80682.15625,80682.15625,4091904
2026-08-25 06:05:00+00:00,80639.171875,80639.171875,80690.5703125,80639.171875,80689.2109375,0
2026-08-25 06:06:00+00:00,80710.578125,80710.578125,80734.3515625,80650.3203125,80650.3203125,57360384
2026-08-25 06:07:00+00:00,80701.90625,80701.90625,80739.1484375,80691.3125,80728.0703125,0
2026-08-25 06:08:00+00:00,80701.7578125,80701.7578125,80714.5,80687.5234375,80687.5234375,8884224
2026-08-25 06:09:00+00:00,80744.796875,80744.796875,80744.796875,80702.71875,80702.71875,0
2026-08-25 06:10:00+00:00,80706.34375,80706.34375,80744.796875,80691.53125,80744.796875,16551936
2026-08-25 06:11:00+00:00,80703.046875,80703.046875,80723.9921875,80696.2890625,80723.8203125,0
2026-08-25 06:12:00+00:00,80724.84375,80724.84375,80724.84375,80703.046875,80703.046875,22138880
2026-08-25 06:13:00+00:00,80723.5078125,80723.5078125,80724.84375,80715.890625,80724.84375,0
2026-08-25 06:14:00+00:00,80839.078125,80839.078125,80839.078125,80723.5078125,80723.5078125,0
2026-08-25 06:15:00+00:00,80762.90625,80762.90625,80829.5625,80743.8671875,80813.5390625,0
2026-08-25 06:16:00+00:00,80772.7265625,80772.7265625,80795.71875,80757.171875,80767.6796875,0
2026-08-25 06:17:00+00:00,80810.5234375,80810.5234375,80810.5234375,80762.921875,80762.921875,0
2026-08-25 06:18:00+00:00,80786.7421875,80786.7421875,80829.9765625,80786.7421875,80811.9921875,0
2026-08-25 06:19:00+00:00,80791.359375,80791.359375,80794.671875,80767.6875,80786.7265625,0
2026-08-25 06:20:00+00:00,80777.2109375,80777.2109375,80802.4375,80777.2109375,80797.5625,0
2026-08-25 06:21:00+00:00,80782.7109375,80782.7109375,80786.0703125,80770.1015625,80777.2109375,49537024
2026-08-25 06:22:00+00:00,80803.4609375,80803.4609375,80803.4609375,80741.1484375,80782.7109375,0
2026-08-25 06:23:00+00:00,80830.0390625,80830.0390625,80874.5625,80796.8828125,80796.8828125,6905856
2026-08-25 06:24:00+00:00,80752.15625,80752.15625,80824.8125,80748.6484375,80824.8125,0
2026-08-25 06:25:00+00:00,80730.25,80730.25,80748.5703125,80715.328125,80748.5703125,0
2026-08-25 06:26:00+00:00,80834.3125,80834.3125,80834.3125,80720.078125,80720.078125,7634944
2026-08-25 06:27:00+00:00,80781.890625,80781.890625,80852.0234375,80781.890625,80852.0234375,0
2026-08-25 06:28:00+00:00,80743.3671875,80743.3671875,80781.890625,80731.1015625,80781.890625,0
2026-08-25 06:29:00+00:00,80725.1015625,80725.1015625,80753.3984375,80725.1015625,80753.3984375,0
2026-08-25 06:30:00+00:00,80685.2578125,80685.2578125,80715.328125,80682.0,80715.328125,30158848
2026-08-25 06:31:00+00:00,80720.0703125,80720.0703125,80720.0703125,80682.0078125,80688.28125,1503232
2026-08-25 06:32:00+00:00,80597.5078125,80597.5078125,80715.3203125,80597.5078125,80672.5625,0
2026-08-25 06:33:00+00:00,80668.203125,80668.203125,80672.46875,80621.0,80634.3984375,0
2026-08-25 06:34:00+00:00,80693.1875,80693.1875,80724.828125,80640.09375,80667.8515625,0
2026-08-25 06:35:00+00:00,80629.6328125,80629.6328125,80666.5,80609.9375,80666.4921875,16523264
2026-08-25 06:36:00+00:00,80586.796875,80586.796875,80619.0703125,80586.796875,80607.3828125,0
2026-08-25 06:37:00+00:00,80548.7578125,80548.7578125,80586.8125,80534.453125,80586.8125,3751936
2026-08-25 06:38:00+00:00,80519.1484375,80519.1484375,80550.3828125,80508.15625,80547.7578125,0
2026-08-25 06:39:00+00:00,80529.6796875,80529.6796875,80529.6796875,80513.3984375,80529.6796875,0
2026-08-25 06:40:00+00:00,80500.0,80500.0,80529.671875,80481.15625,80529.140625,0
2026-08-25 06:41:00+00:00,80515.3984375,80515.3984375,80515.3984375,80498.5390625,80505.8828125,0
2026-08-25 06:42:00+00:00,80543.1328125,80543.1328125,80543.1328125,80517.203125,80517.203125,0
2026-08-25 06:43:00+00:00,80477.328125,80477.328125,80543.1328125,80477.328125,80543.1328125,214122496
2026-08-25 06:44:00+00:00,80499.5078125,80499.5078125,80499.5078125,80486.84375,80498.1015625,0
2026-08-25 06:45:00+00:00,80467.8125,80467.8125,80505.8828125,80467.0390625,80505.8828125,0
2026-08-25 06:46:00+00:00,80510.15625,80510.15625,80510.15625,80467.8125,80467.8125,4362240
2026-08-25 06:47:00+00:00,80505.8828125,80505.8828125,80520.15625,80482.09375,80520.15625,3391488
2026-08-25 06:48:00+00:00,80485.0078125,80485.0078125,80523.0078125,80485.0078125,80523.0078125,256839680
2026-08-25 06:49:00+00:00,80490.78125,80490.78125,80505.8828125,80469.3984375,80493.15625,0
2026-08-25 06:50:00+00:00,80481.3515625,80481.3515625,80501.3203125,80469.46875,80501.3203125,3633152
2026-08-25 06:51:00+00:00,80447.3828125,80447.3828125,80481.3515625,80441.0703125,80481.3515625,0
2026-08-25 06:52:00+00:00,80448.7734375,80448.7734375,80459.609375,80437.953125,80447.3828125,11595776
2026-08-25 06:53:00+00:00,80481.953125,80481.953125,80496.359375,80450.0078125,80453.3203125,0
2026-08-25 06:54:00+00:00,80440.5078125,80440.5078125,80457.7578125,80426.6171875,80457.7578125,0
2026-08-25 06:55:00+00:00,80424.609375,80424.609375,80440.5078125,80391.6484375,80440.5078125,0
2026-08-25 06:56:00+00:00,80394.3984375,80394.3984375,80420.8125,80374.3828125,80419.6796875,0
2026-08-25 06:57:00+00:00,80423.3984375,80423.3984375,80424.9609375,80377.3671875,80394.3984375,0
2026-08-25 06:58:00+00:00,80474.1171875,80474.1171875,80484.7109375,80415.03125,80423.3984375,4378624
2026-08-25 06:59:00+00:00,80533.7734375,80533.7734375,80533.7734375,80491.6015625,80491.6015625,4710400
2026-08-25 07:00:00+00:00,80583.5390625,80583.5390625,80583.5390625,80505.890625,80533.7734375,0
2026-08-25 07:01:00+00:00,80627.7265625,80627.7265625,80639.140625,80585.4921875,80585.4921875,177975296
2026-08-25 07:02:00+00:00,80628.953125,80628.953125,80628.953125,80604.9921875,80624.890625,0
2026-08-25 07:03:00+00:00,80667.71875,80667.71875,80667.71875,80639.703125,80648.6796875,0
2026-08-25 07:04:00+00:00,80726.4921875,80726.4921875,80758.15625,80681.671875,80681.671875,0
2026-08-25 07:05:00+00:00,80759.0390625,80759.0390625,80772.4375,80734.0703125,80734.203125,4513792
2026-08-25 07:06:00+00:00,80728.53125,80728.53125,80753.40625,80715.328125,80753.40625,0
2026-08-25 07:07:00+00:00,80685.1328125,80685.1328125,80728.453125,80685.1328125,80728.453125,0
2026-08-25 07:08:00+00:00,80703.8828125,80703.8828125,80703.8828125,80685.1328125,80685.1328125,272568320
2026-08-25 07:09:00+00:00,80720.9921875,80720.9921875,80743.8828125,80697.40625,80697.40625,0
2026-08-25 07:10:00+00:00,80696.2890625,80696.2890625,80720.9921875,80690.6328125,80720.9921875,1437696
2026-08-25 07:11:00+00:00,80678.1484375,80678.1484375,80696.2890625,80678.1484375,80696.2890625,0
2026-08-25 07:12:00+00:00,80690.328125,80690.328125,80720.5,80677.2421875,80677.2421875,0
2026-08-25 07:13:00+00:00,80705.2109375,80705.2109375,80727.359375,80700.96875,80700.96875,0
2026-08-25 07:14:00+00:00,80688.3984375,80688.3984375,80711.09375,80682.7890625,80705.2109375,0
2026-08-25 07:15:00+00:00,80651.1328125,80651.1328125,80682.0,80651.1328125,80678.140625,0
2026-08-25 07:16:00+00:00,80653.4375,80653.4375,80653.4375,80630.53125,80651.1328125,0
2026-08-25 07:17:00+00:00,80648.6796875,80648.6796875,80712.65625,80648.6796875,80669.34375,0
2026-08-25 07:18:00+00:00,80611.53125,80611.53125,80646.3515625,80605.8515625,80634.3984375,0
2026-08-25 07:19:00+00:00,80598.171875,80598.171875,80611.53125,80593.359375,80611.53125,0
2026-08-25 07:20:00+00:00,80595.2421875,80595.2421875,80598.171875,80595.0625,80598.171875,1863680
2026-08-25 07:21:00+00:00,80626.7578125,80626.7578125,80626.7578125,80594.9296875,80594.9296875,145145856
2026-08-25 07:22:00+00:00,80627.28125,80627.28125,80643.90625,80627.28125,80630.28125,0
2026-08-25 07:23:00+00:00,80625.4296875,80625.4296875,80634.40625,80625.4296875,80627.28125,6111232
2026-08-25 07:24:00+00:00,80589.890625,80589.890625,80634.3984375,80587.15625,80625.4296875,0
2026-08-25 07:25:00+00:00,80605.828125,80605.828125,80605.828125,80570.96875,80582.046875,0
2026-08-25 07:26:00+00:00,80591.7578125,80591.7578125,80631.46875,80591.7578125,80615.359375,0
2026-08-25 07:27:00+00:00,80653.3984375,80653.3984375,80659.0625,80635.171875,80635.171875,204079104
2026-08-25 07:28:00+00:00,80653.390625,80653.390625,80653.390625,80639.171875,80643.9296875,0
2026-08-25 07:29:00+00:00,80639.171875,80639.171875,80662.4375,80639.171875,80653.3828125,3276800
2026-08-25 07:30:00+00:00,80577.2890625,80577.2890625,80634.40625,80577.2890625,80634.40625,0
2026-08-25 07:31:00+00:00,80624.8828125,80624.8828125,80624.8828125,80577.28125,80577.2890625,0
2026-08-25 07:32:00+00:00,80577.2890625,80577.2890625,80667.671875,80577.2890625,80629.640625,0
2026-08-25 07:33:00+00:00,80567.609375,80567.609375,80581.09375,80567.609375,80576.28125,0
2026-08-25 07:34:00+00:00,80570.3984375,80570.3984375,80571.0390625,80562.53125,80567.2421875,171614208
2026-08-25 07:35:00+00:00,80571.0390625,80571.0390625,80571.0390625,80565.140625,80570.3984375,0
2026-08-25 07:36:00+00:00,80596.3125,80596.3125,80596.3125,80573.296875,80576.2578125,0
2026-08-25 07:37:00+00:00,80567.7734375,80567.7734375,80608.40625,80567.7734375,80596.3125,0
2026-08-25 07:38:00+00:00,80496.7109375,80496.7109375,80532.84375,80496.7109375,80532.84375,0
2026-08-25 07:39:00+00:00,80448.7734375,80448.7734375,80483.78125,80439.8515625,80483.78125,0
2026-08-25 07:40:00+00:00,80482.8203125,80482.8203125,80482.8203125,80453.53125,80458.28125,15118336
2026-08-25 07:41:00+00:00,80496.359375,80496.359375,80496.359375,80459.5,80491.59375,0
2026-08-25 07:42:00+00:00,80501.53125,80501.53125,80501.53125,80486.8515625,80496.359375,0
2026-08-25 07:43:00+00:00,80472.5703125,80472.5703125,80501.53125,80472.5703125,80501.53125,20008960
2026-08-25 07:44:00+00:00,80467.15625,80467.15625,80472.5625,80444.0625,80470.0,9273344
2026-08-25 07:45:00+00:00,80419.4765625,80419.4765625,80480.3203125,80416.421875,80480.3203125,21856256
2026-08-25 07:46:00+00:00,80398.53125,80398.53125,80419.4765625,80377.03125,80419.4765625,0
2026-08-25 07:47:00+00:00,80382.1015625,80382.1015625,80420.203125,80377.3984375,80420.203125,4861952
2026-08-25 07:48:00+00:00,80124.5078125,80124.5078125,80392.78125,80124.5078125,80382.1015625,0
2026-08-25 07:49:00+00:00,79861.34375,79861.34375,80090.25,79762.5234375,80083.8984375,237666304
2026-08-25 07:50:00+00:00,79791.8671875,79791.8671875,79872.796875,79749.0390625,79835.46875,0
2026-08-25 07:51:00+00:00,79535.59375,79535.59375,79687.171875,79362.3125,79682.40625,3178496
2026-08-25 07:52:00+00:00,79577.6875,79577.6875,79577.6875,79492.0,79505.09375,0
2026-08-25 07:53:00+00:00,79713.15625,79713.15625,79715.71875,79579.609375,79587.203125,35520512
2026-08-25 07:54:00+00:00,79756.609375,79756.609375,79763.3203125,79699.75,79699.75,0
2026-08-25 07:55:00+00:00,79654.3984375,79654.3984375,79745.6484375,79620.5390625,79745.6484375,0
2026-08-25 07:56:00+00:00,79704.65625,79704.65625,79717.8203125,79641.3671875,79672.78125,0
2026-08-25 07:57:00+00:00,79712.09375,79712.09375,79740.203125,79704.6171875,79706.203125,80252928
2026-08-25 07:58:00+00:00,79704.109375,79704.109375,79729.9921875,79696.609375,79701.859375,1689018368
2026-08-25 07:59:00+00:00,79674.2109375,79674.2109375,79734.7578125,79674.2109375,79703.171875,24055808
2026-08-25 08:00:00+00:00,79691.65625,79691.65625,79759.1015625,79691.65625,79704.6328125,249991168
2026-08-25 08:01:00+00:00,79682.671875,79682.671875,79708.6328125,79580.59375,79675.46875,0
2026-08-25 08:02:00+00:00,79726.296875,79726.296875,79726.296875,79656.4375,79668.1328125,12886016
2026-08-25 08:03:00+00:00,79795.453125,79795.453125,79795.453125,79726.84375,79726.84375,13881344
2026-08-25 08:04:00+00:00,79836.9375,79836.9375,79849.0,79772.8515625,79796.640625,174067712
2026-08-25 08:05:00+00:00,79826.953125,79826.953125,79830.109375,79779.2578125,79825.2109375,0
2026-08-25 08:06:00+00:00,79808.796875,79808.796875,79830.8515625,79808.4296875,79821.4921875,133574656
2026-08-25 08:07:00+00:00,79793.4296875,79793.4296875,79810.90625,79793.4296875,79808.3515625,9330688
2026-08-25 08:08:00+00:00,79825.25,79825.25,79851.4296875,79772.8515625,79794.9765625,0
2026-08-25 08:09:00+00:00,79815.7890625,79815.7890625,79853.0703125,79815.7890625,79825.203125,16596992
2026-08-25 08:10:00+00:00,79836.546875,79836.546875,79854.140625,79832.9921875,79832.9921875,0
2026-08-25 08:11:00+00:00,79862.28125,79862.28125,79862.28125,79836.546875,79836.546875,55263232
2026-08-25 08:12:00+00:00,79921.2578125,79921.2578125,79934.453125,79866.96875,79866.96875,3424256
2026-08-25 08:13:00+00:00,79905.2421875,79905.2421875,79950.75,79905.2421875,79917.0625,0
2026-08-25 08:14:00+00:00,79902.3203125,79902.3203125,79915.53125,79895.15625,79901.5703125,0
2026-08-25 08:15:00+00:00,79943.4375,79943.4375,79953.71875,79902.3203125,79902.3203125,0
2026-08-25 08:16:00+00:00,79996.9609375,79996.9609375,80001.7109375,79950.15625,79955.71875,0
2026-08-25 08:17:00+00:00,80025.2890625,80025.2890625,80050.3671875,79998.59375,79998.59375,19271680
2026-08-25 08:18:00+00:00,79973.8203125,79973.8203125,80037.453125,79973.8203125,80034.15625,0
2026-08-25 08:19:00+00:00,79973.9296875,79973.9296875,79991.7265625,79959.03125,79963.7421875,0
2026-08-25 08:20:00+00:00,80045.9765625,80045.9765625,80045.9765625,79973.9296875,79973.9296875,4603904
2026-08-25 08:21:00+00:00,80018.0078125,80018.0078125,80053.203125,80016.421875,80053.203125,0
2026-08-25 08:22:00+00:00,80034.7421875,80034.7421875,80058.390625,80034.7421875,80040.8671875,0
2026-08-25 08:23:00+00:00,80165.2890625,80165.2890625,80165.2890625,79991.90625,80034.7421875,4702208
2026-08-25 08:24:00+00:00,80107.8515625,80107.8515625,80123.078125,80059.6171875,80115.6796875,3117056
2026-08-25 08:25:00+00:00,80188.1796875,80188.1796875,80226.4765625,80091.7734375,80091.7734375,0
2026-08-25 08:26:00+00:00,80160.0625,80160.0625,80201.1328125,80154.03125,80169.65625,2064384
2026-08-25 08:27:00+00:00,80162.90625,80162.90625,80201.0234375,80153.28125,80196.4765625,0
2026-08-25 08:28:00+00:00,80186.046875,80186.046875,80190.65625,80153.6484375,80171.046875,0
2026-08-25 08:29:00+00:00,80168.0234375,80168.0234375,80210.15625,80168.0234375,80190.0234375,0
2026-08-25 08:30:00+00:00,80179.5390625,80179.5390625,80208.0234375,80173.4375,80173.890625,0
2026-08-25 08:31:00+00:00,80192.953125,80192.953125,80198.2109375,80153.9375,80187.34375,0
2026-08-25 08:32:00+00:00,80153.6484375,80153.6484375,80173.8984375,80143.5078125,80173.8984375,0
2026-08-25 08:33:00+00:00,80108.8984375,80108.8984375,80153.6484375,80101.2890625,80153.6484375,4890624
2026-08-25 08:34:00+00:00,80179.703125,80179.703125,80179.703125,80101.6015625,80108.0625,0
2026-08-25 08:35:00+00:00,80158.15625,80158.15625,80182.4765625,80144.1328125,80167.921875,0
2026-08-25 08:36:00+00:00,80165.71875,80165.71875,80172.8515625,80134.609375,80156.296875,0
2026-08-25 08:37:00+00:00,80108.6796875,80108.6796875,80158.8828125,80107.65625,80158.8828125,188768256
2026-08-25 08:38:00+00:00,80021.5390625,80021.5390625,80128.4375,80011.53125,80128.4375,0
2026-08-25 08:39:00+00:00,79958.6796875,79958.6796875,80055.6328125,79958.6796875,80055.4765625,0
2026-08-25 08:40:00+00:00,79944.609375,79944.609375,79963.953125,79922.4765625,79956.3828125,0
2026-08-25 08:41:00+00:00,79957.359375,79957.359375,79957.359375,79891.3828125,79930.8828125,5656576
2026-08-25 08:42:00+00:00,79975.53125,79975.53125,79975.53125,79951.546875,79958.4765625,0
2026-08-25 08:43:00+00:00,80059.28125,80059.28125,80059.28125,79968.25,79975.078125,0
2026-08-25 08:44:00+00:00,80086.390625,80086.390625,80086.390625,80055.640625,80065.953125,0
2026-08-25 08:45:00+00:00,80000.0078125,80000.0078125,80101.28125,80000.0078125,80101.28125,0
2026-08-25 08:46:00+00:00,80010.7890625,80010.7890625,80044.15625,80004.7890625,80004.7890625,0
2026-08-25 08:47:00+00:00,79944.2109375,79944.2109375,79993.1875,79934.6796875,79993.1875,4333568
2026-08-25 08:48:00+00:00,79935.640625,79935.640625,79966.53125,79929.921875,79953.71875,0
2026-08-25 08:49:00+00:00,79888.0078125,79888.0078125,79929.9296875,79888.0078125,79929.9296875,8740864
2026-08-25 08:50:00+00:00,79898.5703125,79898.5703125,79918.3828125,79898.5703125,79915.640625,0
2026-08-25 08:51:00+00:00,79871.59375,79871.59375,79898.5703125,79859.3671875,79898.5703125,0
2026-08-25 08:52:00+00:00,79855.203125,79855.203125,79868.1171875,79834.7421875,79868.1171875,0
2026-08-25 08:53:00+00:00,79843.359375,79843.359375,79855.203125,79825.8984375,79855.203125,0
2026-08-25 08:54:00+00:00,79877.546875,79877.546875,79886.8125,79858.5703125,79872.796875,3350528
2026-08-25 08:55:00+00:00,79833.0078125,79833.0078125,79901.3515625,79833.0078125,79884.796875,9580544
2026-08-25 08:56:00+00:00,79827.7421875,79827.7421875,79827.7421875,79816.5703125,79816.5703125,0
2026-08-25 08:57:00+00:00,79879.5703125,79879.5703125,79893.4921875,79856.34375,79856.34375,0
2026-08-25 08:58:00+00:00,79904.171875,79904.171875,79910.6875,79891.921875,79901.359375,24846336
2026-08-25 08:59:00+00:00,79905.8125,79905.8125,79926.65625,79900.6796875,79906.9765625,0
2026-08-25 09:00:00+00:00,79905.0,79905.0,79919.3125,79868.046875,79919.3125,0
2026-08-25 09:01:00+00:00,79834.7265625,79834.7265625,79891.9375,79829.7265625,79891.9375,0
2026-08-25 09:02:00+00:00,79793.359375,79793.359375,79832.859375,79793.359375,79825.8984375,192311296
2026-08-25 09:03:00+00:00,79766.5234375,79766.5234375,79779.078125,79730.0078125,79779.078125,0
2026-08-25 09:04:00+00:00,79710.9375,79710.9375,79763.4296875,79697.7109375,79763.4296875,0
2026-08-25 09:05:00+00:00,79715.8828125,79715.8828125,79720.4609375,79691.8515625,79715.7109375,0
2026-08-25 09:06:00+00:00,79725.2421875,79725.2421875,79781.1171875,79706.2109375,79711.9765625,0
2026-08-25 09:07:00+00:00,79793.390625,79793.390625,79802.0625,79745.2578125,79745.2578125,0
2026-08-25 09:08:00+00:00,79752.4765625,79752.4765625,79787.75,79749.0390625,79787.75,0
2026-08-25 09:09:00+00:00,79753.40625,79753.40625,79754.5625,79720.5703125,79739.5234375,84480000
2026-08-25 09:10:00+00:00,79762.3984375,79762.3984375,79767.6875,79754.7265625,79761.7421875,0
2026-08-25 09:11:00+00:00,79754.75,79754.75,79765.15625,79720.6796875,79762.3984375,23261184
2026-08-25 09:12:00+00:00,79801.390625,79801.390625,79801.390625,79711.0390625,79730.0,0
2026-08-25 09:13:00+00:00,79888.7890625,79888.7890625,79891.8203125,79848.328125,79848.328125,103079936
2026-08-25 09:14:00+00:00,79820.4375,79820.4375,79930.7265625,79820.4375,79891.8203125,6914048
2026-08-25 09:15:00+00:00,79830.140625,79830.140625,79859.6796875,79802.796875,79823.2421875,69140480
2026-08-25 09:16:00+00:00,79835.8984375,79835.8984375,79835.8984375,79760.28125,79820.453125,0
2026-08-25 09:17:00+00:00,79850.0703125,79850.0703125,79887.0703125,79846.9375,79851.21875,0
2026-08-25 09:18:00+00:00,79835.328125,79835.328125,79861.7734375,79835.328125,79858.5078125,40939520
2026-08-25 09:19:00+00:00,79825.2109375,79825.2109375,79832.9921875,79806.953125,79813.21875,2203648
2026-08-25 09:20:00+00:00,79849.0,79849.0,79849.0,79806.953125,79812.34375,0
2026-08-25 09:21:00+00:00,79820.4375,79820.4375,79863.28125,79801.421875,79834.7265625,0
2026-08-25 09:22:00+00:00,79876.2734375,79876.2734375,79876.2734375,79820.4296875,79820.4375,0
2026-08-25 09:23:00+00:00,79891.8671875,79891.8671875,79894.2578125,79873.703125,79873.703125,39108608
2026-08-25 09:24:00+00:00,79915.640625,79915.640625,79929.921875,79894.2734375,79894.2734375,0
2026-08-25 09:25:00+00:00,79880.3984375,79880.3984375,79914.046875,79880.3984375,79914.046875,51912704
2026-08-25 09:26:00+00:00,79781.0234375,79781.0234375,79880.3984375,79762.8984375,79880.3984375,0
2026-08-25 09:27:00+00:00,79787.1171875,79787.1171875,79793.390625,79758.5703125,79785.1171875,0
2026-08-25 09:28:00+00:00,79791.8671875,79791.8671875,79794.640625,79751.953125,79794.640625,0
2026-08-25 09:29:00+00:00,79798.421875,79798.421875,79815.671875,79765.25,79777.6015625,0
2026-08-25 09:30:00+00:00,79806.15625,79806.15625,79836.65625,79806.15625,79829.953125,166113280
2026-08-25 09:31:00+00:00,79839.5078125,79839.5078125,79839.5078125,79814.7890625,79834.7109375,0
2026-08-25 09:32:00+00:00,79847.3515625,79847.3515625,79887.203125,79835.421875,79882.3125,0
2026-08-25 09:33:00+00:00,79839.46875,79839.46875,79844.2578125,79820.4609375,79841.3984375,132534272
2026-08-25 09:34:00+00:00,79897.953125,79897.953125,79927.8828125,79848.9921875,79848.9921875,0
2026-08-25 09:35:00+00:00,79841.2421875,79841.2421875,79882.3203125,79841.2421875,79877.0234375,0
2026-08-25 09:36:00+00:00,79810.859375,79810.859375,79853.75,79797.1015625,79853.75,0
2026-08-25 09:37:00+00:00,79843.4375,79843.4375,79848.9921875,79801.40625,79814.7734375,20934656
2026-08-25 09:38:00+00:00,79815.65625,79815.65625,79856.5078125,79786.9765625,79849.0,0
2026-08-25 09:39:00+00:00,79809.328125,79809.328125,79834.7109375,79801.3984375,79815.0,15298560
2026-08-25 09:40:00+00:00,79851.6015625,79851.6015625,79853.8828125,79822.0390625,79822.0390625,0
2026-08-25 09:41:00+00:00,79853.75,79853.75,79901.3515625,79853.75,79872.7890625,0
2026-08-25 09:42:00+00:00,79840.5390625,79840.5390625,79868.03125,79837.7890625,79868.03125,14774272
2026-08-25 09:43:00+00:00,79772.0078125,79772.0078125,79821.359375,79772.0078125,79821.359375,0
2026-08-25 09:44:00+00:00,79720.4921875,79720.4921875,79791.8671875,79720.4921875,79752.46875,0
2026-08-25 09:45:00+00:00,79658.6015625,79658.6015625,79758.546875,79658.6015625,79724.921875,0
2026-08-25 09:46:00+00:00,79627.8203125,79627.8203125,79682.3984375,79627.8203125,79636.1484375,0
2026-08-25 09:47:00+00:00,79611.0,79611.0,79634.7890625,79600.5390625,79606.2578125,11366400
2026-08-25 09:48:00+00:00,79597.296875,79597.296875,79625.359375,79577.6796875,79622.9765625,0
2026-08-25 09:49:00+00:00,79561.3984375,79561.3984375,79592.2421875,79561.3984375,79592.2421875,11042816
2026-08-25 09:50:00+00:00,79433.4375,79433.4375,79570.4765625,79433.4375,79570.4765625,0
2026-08-25 09:51:00+00:00,79296.8125,79296.8125,79430.1171875,79228.34375,79430.1171875,84176896
2026-08-25 09:52:00+00:00,79173.078125,79173.078125,79225.1484375,79122.859375,79206.3984375,0
2026-08-25 09:53:00+00:00,78885.21875,78885.21875,79135.0,78885.21875,79135.0,16465920
2026-08-25 09:54:00+00:00,79068.3515625,79068.3515625,79139.7421875,78944.2578125,78944.2578125,0
2026-08-25 09:55:00+00:00,79145.4296875,79145.4296875,79149.28125,79054.078125,79090.578125,0
2026-08-25 09:56:00+00:00,79215.03125,79215.03125,79225.4296875,79145.7109375,79145.7109375,0
2026-08-25 09:57:00+00:00,79048.8515625,79048.8515625,79181.5,79023.46875,79176.7890625,52383744
2026-08-25 09:58:00+00:00,79120.7578125,79120.7578125,79129.15625,78999.046875,79028.578125,320933888
2026-08-25 09:59:00+00:00,79177.828125,79177.828125,79177.828125,79129.15625,79129.15625,0
2026-08-25 10:00:00+00:00,79144.5078125,79144.5078125,79182.3671875,79131.75,79176.859375,236281856
2026-08-25 10:01:00+00:00,79025.71875,79025.71875,79125.4765625,79003.2890625,79125.4765625,0
2026-08-25 10:02:00+00:00,79015.96875,79015.96875,79036.609375,78982.6796875,79020.8671875,19415040
2026-08-25 10:03:00+00:00,79158.8671875,79158.8671875,79158.8671875,78983.7578125,78983.7578125,0
2026-08-25 10:04:00+00:00,79157.5390625,79157.5390625,79162.640625,79130.25,79154.0390625,231641088
2026-08-25 10:05:00+00:00,79225.4375,79225.4375,79225.4375,79138.1328125,79163.171875,0
2026-08-25 10:06:00+00:00,79177.8515625,79177.8515625,79234.9609375,79177.8515625,79215.90625,0
2026-08-25 10:07:00+00:00,79192.2421875,79192.2421875,79197.8671875,79093.5078125,79153.9375,0
2026-08-25 10:08:00+00:00,79211.1796875,79211.1796875,79225.0625,79192.1484375,79194.53125,3579904
2026-08-25 10:09:00+00:00,79203.8671875,79203.8671875,79249.2421875,79200.6328125,79211.1796875,0
2026-08-25 10:10:00+00:00,79300.21875,79300.21875,79300.21875,79220.6796875,79220.6796875,0
2026-08-25 10:11:00+00:00,79305.4375,79305.4375,79318.25,79271.7890625,79279.1875,0
2026-08-25 10:12:00+00:00,79287.328125,79287.328125,79310.75,79287.3203125,79305.4375,30113792
2026-08-25 10:13:00+00:00,79280.1171875,79280.1171875,79287.3203125,79255.609375,79287.3203125,0
2026-08-25 10:14:00+00:00,79300.4296875,79300.4296875,79313.8671875,79270.21875,79282.546875,0
2026-08-25 10:15:00+00:00,79301.578125,79301.578125,79315.8671875,79277.8203125,79311.109375,0
2026-08-25 10:16:00+00:00,79338.671875,79338.671875,79338.6796875,79306.359375,79315.6875,0
2026-08-25 10:17:00+00:00,79273.1484375,79273.1484375,79326.140625,79258.0234375,79326.140625,0
2026-08-25 10:18:00+00:00,79348.25,79348.25,79348.25,79280.6875,79280.6875,0
2026-08-25 10:19:00+00:00,79368.2421875,79368.2421875,79402.3671875,79354.0390625,79397.28125,124809216
2026-08-25 10:20:00+00:00,79363.71875,79363.71875,79385.3203125,79358.71875,79374.2890625,0
2026-08-25 10:21:00+00:00,79300.0,79300.0,79358.71875,79300.0,79358.71875,0
2026-08-25 10:22:00+00:00,79254.0703125,79254.0703125,79301.6015625,79254.0703125,79301.6015625,0
2026-08-25 10:23:00+00:00,79363.2890625,79363.2890625,79363.2890625,79256.9765625,79256.9765625,0
2026-08-25 10:24:00+00:00,79300.546875,79300.546875,79339.671875,79299.7265625,79338.828125,5857280
2026-08-25 10:25:00+00:00,79298.921875,79298.921875,79305.9921875,79286.390625,79297.7578125,148402176
2026-08-25 10:26:00+00:00,79280.0,79280.0,79307.2421875,79280.0,79280.0078125,34758656
2026-08-25 10:27:00+00:00,79288.1328125,79288.1328125,79309.8203125,79273.0,79280.0,0
2026-08-25 10:28:00+00:00,79260.90625,79260.90625,79285.6484375,79245.9296875,79285.6484375,138092544
2026-08-25 10:29:00+00:00,79273.7421875,79273.7421875,79286.078125,79251.2734375,79258.9765625,0
2026-08-25 10:30:00+00:00,79259.7109375,79259.7109375,79266.2734375,79244.65625,79266.2734375,0
2026-08-25 10:31:00+00:00,79309.6875,79309.6875,79309.6875,79273.21875,79273.390625,0
2026-08-25 10:32:00+00:00,79290.453125,79290.453125,79309.703125,79278.359375,79309.703125,0
2026-08-25 10:33:00+00:00,79265.140625,79265.140625,79275.0390625,79254.7578125,79275.0390625,2007040
2026-08-25 10:34:00+00:00,79270.6328125,79270.6328125,79302.6484375,79261.8125,79276.9921875,0
2026-08-25 10:35:00+00:00,79275.671875,79275.671875,79278.171875,79254.6796875,79275.15625,0
2026-08-25 10:36:00+00:00,79235.8671875,79235.8671875,79279.28125,79231.8203125,79263.0078125,0
2026-08-25 10:37:00+00:00,79243.578125,79243.578125,79258.3828125,79239.1328125,79239.1328125,0
2026-08-25 10:38:00+00:00,79250.2890625,79250.2890625,79255.8203125,79243.578125,79243.578125,0
2026-08-25 10:39:00+00:00,79256.1015625,79256.1015625,79257.2578125,79237.3828125,79240.328125,0
2026-08-25 10:40:00+00:00,79287.1171875,79287.1171875,79303.90625,79255.328125,79255.328125,0
2026-08-25 10:41:00+00:00,79297.078125,79297.078125,79306.90625,79260.890625,79260.890625,0
2026-08-25 10:42:00+00:00,79285.0625,79285.0625,79302.953125,79283.2421875,79288.0390625,0
2026-08-25 10:43:00+00:00,79287.1328125,79287.1328125,79314.828125,79276.453125,79283.25,0
2026-08-25 10:44:00+00:00,79310.796875,79310.796875,79310.796875,79276.171875,79276.171875,0
2026-08-25 10:45:00+00:00,79382.140625,79382.140625,79382.140625,79309.2109375,79310.796875,0
2026-08-25 10:46:00+00:00,79449.5625,79449.5625,79449.5625,79397.9921875,79397.9921875,0
2026-08-25 10:47:00+00:00,79426.6875,79426.6875,79466.34375,79426.6875,79436.328125,0
2026-08-25 10:48:00+00:00,79318.8125,79318.8125,79437.5625,79301.1875,79432.0625,0
2026-08-25 10:49:00+00:00,79346.5078125,79346.5078125,79346.5078125,79311.84375,79342.546875,0
2026-08-25 10:50:00+00:00,79336.5,79336.5,79346.5078125,79306.921875,79346.5078125,0
2026-08-25 10:51:00+00:00,79363.34375,79363.34375,79368.6796875,79333.671875,79337.7109375,0
2026-08-25 10:52:00+00:00,79394.03125,79394.03125,79394.03125,79363.34375,79363.34375,0
2026-08-25 10:53:00+00:00,79346.328125,79346.328125,79411.859375,79346.328125,79405.3984375,0
2026-08-25 10:54:00+00:00,79362.3671875,79362.3671875,79374.2421875,79341.6875,79341.6875,0
2026-08-25 10:55:00+00:00,79355.6328125,79355.6328125,79390.09375,79350.5,79350.5,0
2026-08-25 10:56:00+00:00,79384.1484375,79384.1484375,79384.1484375,79356.671875,79356.6875,0
2026-08-25 10:57:00+00:00,79358.3984375,79358.3984375,79384.1484375,79334.640625,79378.53125,0
2026-08-25 10:58:00+00:00,79318.8125,79318.8125,79348.453125,79318.8125,79348.453125,0
2026-08-25 10:59:00+00:00,79293.1796875,79293.1796875,79315.796875,79280.6796875,79310.890625,4931584
2026-08-25 11:00:00+00:00,79297.3671875,79297.3671875,79306.546875,79278.0078125,79294.8828125,0
2026-08-25 11:01:00+00:00,79309.8984375,79309.8984375,79318.7890625,79283.171875,79283.171875,245018624
2026-08-25 11:02:00+00:00,79300.0078125,79300.0078125,79322.75,79300.0078125,79314.8515625,0
2026-08-25 11:03:00+00:00,79252.2109375,79252.2109375,79286.703125,79247.3671875,79282.546875,0
2026-08-25 11:04:00+00:00,79255.453125,79255.453125,79266.390625,79252.2109375,79252.2109375,0
2026-08-25 11:05:00+00:00,79291.0703125,79291.0703125,79291.0703125,79239.53125,79254.59375,0
2026-08-25 11:06:00+00:00,79378.2421875,79378.2421875,79390.0703125,79306.921875,79306.921875,0
2026-08-25 11:07:00+00:00,79366.2109375,79366.2109375,79385.703125,79354.453125,79378.25,0
2026-08-25 11:08:00+00:00,79350.4921875,79350.4921875,79387.046875,79350.4921875,79368.703125,0
2026-08-25 11:09:00+00:00,79263.2265625,79263.2265625,79360.1328125,79218.7734375,79357.1171875,0
2026-08-25 11:10:00+00:00,79139.59375,79139.59375,79255.4375,79132.6796875,79255.4375,0
2026-08-25 11:11:00+00:00,79093.78125,79093.78125,79128.7265625,79090.0625,79128.7265625,0
2026-08-25 11:12:00+00:00,79185.15625,79185.15625,79185.15625,79110.640625,79110.640625,0
2026-08-25 11:13:00+00:00,79100.9921875,79100.9921875,79207.921875,79076.1796875,79177.15625,0
2026-08-25 11:14:00+00:00,79075.6328125,79075.6328125,79122.3828125,79073.296875,79100.6171875,0
2026-08-25 11:15:00+00:00,79100.9921875,79100.9921875,79100.9921875,79065.359375,79085.1484375,0
2026-08-25 11:16:00+00:00,79116.84375,79116.84375,79124.7578125,79089.1328125,79101.0,48037888
2026-08-25 11:17:00+00:00,79167.8828125,79167.8828125,79167.8828125,79108.921875,79116.84375,0
2026-08-25 11:18:00+00:00,79223.7734375,79223.7734375,79231.34375,79160.40625,79167.8828125,0
2026-08-25 11:19:00+00:00,79176.25,79176.25,79242.28125,79176.25,79221.7109375,0
2026-08-25 11:20:00+00:00,79243.9921875,79243.9921875,79243.9921875,79183.2734375,79183.2734375,0
2026-08-25 11:21:00+00:00,79273.8671875,79273.8671875,79274.2421875,79213.203125,79243.9921875,20631552
2026-08-25 11:22:00+00:00,79232.0703125,79232.0703125,79286.0390625,79223.7734375,79265.890625,0
2026-08-25 11:23:00+00:00,79287.78125,79287.78125,79287.78125,79243.5625,79243.5625,462848
2026-08-25 11:24:00+00:00,79261.78125,79261.78125,79275.46875,79261.78125,79273.0390625,0
2026-08-25 11:25:00+00:00,79257.2109375,79257.2109375,79276.921875,79254.828125,79261.78125,56029184
2026-08-25 11:26:00+00:00,79251.46875,79251.46875,79258.7421875,79192.078125,79257.203125,0
2026-08-25 11:27:00+00:00,79180.2734375,79180.2734375,79259.40625,79180.2734375,79259.40625,0
2026-08-25 11:28:00+00:00,79253.75,79253.75,79255.4375,79203.421875,79203.9609375,0
2026-08-25 11:29:00+00:00,79245.0234375,79245.0234375,79245.0234375,79219.8203125,79230.7109375,0
2026-08-25 11:30:00+00:00,79314.84375,79314.84375,79314.84375,79249.1171875,79281.96875,0
2026-08-25 11:31:00+00:00,79308.9375,79308.9375,79334.640625,79308.9375,79309.640625,58318848
2026-08-25 11:32:00+00:00,79299.0078125,79299.0078125,79326.7109375,79299.0078125,79305.96875,2539520
2026-08-25 11:33:00+00:00,79299.421875,79299.421875,79314.84375,79271.2890625,79293.171875,0
2026-08-25 11:34:00+00:00,79350.46875,79350.46875,79350.4765625,79310.921875,79310.921875,0
2026-08-25 11:35:00+00:00,79364.25,79364.25,79386.109375,79329.6171875,79350.4765625,0
2026-08-25 11:36:00+00:00,79424.421875,79424.421875,79424.421875,79363.7890625,79363.9296875,0
2026-08-25 11:37:00+00:00,79425.7421875,79425.7421875,79430.03125,79382.2578125,79424.4375,0
2026-08-25 11:38:00+00:00,79382.171875,79382.171875,79434.6328125,79382.171875,79420.5703125,0
2026-08-25 11:39:00+00:00,79318.796875,79318.796875,79382.171875,79318.796875,79382.171875,0
2026-08-25 11:40:00+00:00,79291.078125,79291.078125,79317.3984375,79273.171875,79317.3984375,0
2026-08-25 11:41:00+00:00,79253.7734375,79253.7734375,79313.2890625,79240.0234375,79313.2890625,0
2026-08-25 11:42:00+00:00,79227.0625,79227.0625,79250.21875,79215.03125,79250.21875,0
2026-08-25 11:43:00+00:00,79215.96875,79215.96875,79228.8125,79215.84375,79227.0625,0
2026-08-25 11:44:00+00:00,79159.3984375,79159.3984375,79200.609375,79159.3984375,79200.609375,0
2026-08-25 11:45:00+00:00,79136.578125,79136.578125,79149.09375,79114.84375,79144.5625,36487168
2026-08-25 11:46:00+00:00,79173.4375,79173.4375,79173.4375,79114.25,79117.34375,0
2026-08-25 11:47:00+00:00,79135.859375,79135.859375,79182.4765625,79135.859375,79152.4921875,0
2026-08-25 11:48:00+00:00,79132.8984375,79132.8984375,79156.8125,79125.1875,79156.8125,0
2026-08-25 11:49:00+00:00,79074.6875,79074.6875,79138.9375,79071.25,79132.0234375,0
2026-08-25 11:50:00+00:00,79166.6875,79166.6875,79166.6875,79090.8125,79109.546875,0
2026-08-25 11:51:00+00:00,79091.1015625,79091.1015625,79160.3828125,79091.1015625,79148.1875,0
2026-08-25 11:52:00+00:00,79083.1796875,79083.1796875,79116.3515625,79079.8125,79089.1328125,0
2026-08-25 11:53:00+00:00,79084.65625,79084.65625,79084.65625,79070.2734375,79079.0078125,0
2026-08-25 11:54:00+00:00,79070.8984375,79070.8984375,79084.46875,79070.8984375,79082.09375,0
2026-08-25 11:55:00+00:00,79081.2890625,79081.2890625,79091.6015625,79036.7734375,79065.359375,0
2026-08-25 11:56:00+00:00,79137.9296875,79137.9296875,79137.9296875,79090.53125,79094.96875,0
2026-08-25 11:57:00+00:00,79153.8203125,79153.8203125,79153.8203125,79136.90625,79152.46875,0
2026-08-25 11:58:00+00:00,79147.46875,79147.46875,79168.0390625,79147.46875,79153.8125,154320896
2026-08-25 11:59:00+00:00,79118.9921875,79118.9921875,79154.15625,79094.859375,79144.578125,0
2026-08-25 12:00:00+00:00,79104.96875,79104.96875,79140.2421875,79104.96875,79114.109375,1388544
2026-08-25 12:01:00+00:00,79140.34375,79140.34375,79161.171875,79118.078125,79118.078125,8925184
2026-08-25 12:02:00+00:00,79026.5390625,79026.5390625,79167.953125,79014.7890625,79140.34375,0
2026-08-25 12:03:00+00:00,79056.34375,79056.34375,79056.34375,78955.59375,79009.9296875,0
2026-08-25 12:04:00+00:00,78975.578125,78975.578125,79069.7734375,78949.6796875,79069.7734375,0
2026-08-25 12:05:00+00:00,78895.5078125,78895.5078125,78987.9375,78895.5078125,78987.9375,0
2026-08-25 12:06:00+00:00,78735.328125,78735.328125,78835.6796875,78735.328125,78832.90625,0
2026-08-25 12:07:00+00:00,78708.9921875,78708.9921875,78792.203125,78700.6328125,78734.3515625,0
2026-08-25 12:08:00+00:00,78798.1875,78798.1875,78798.1875,78671.5703125,78686.65625,0
2026-08-25 12:09:00+00:00,78831.8828125,78831.8828125,78867.359375,78782.453125,78819.84375,0
2026-08-25 12:10:00+00:00,78859.4375,78859.4375,78859.4375,78816.6171875,78852.2265625,0
2026-08-25 12:11:00+00:00,79044.8671875,79044.8671875,79044.8671875,78902.640625,78902.640625,17022976
2026-08-25 12:12:00+00:00,79012.46875,79012.46875,79016.5078125,78956.203125,78981.84375,86568960
2026-08-25 12:13:00+00:00,79020.6171875,79020.6171875,79033.609375,79007.8984375,79016.59375,1495040
2026-08-25 12:14:00+00:00,79073.71875,79073.71875,79073.71875,79025.7578125,79025.7578125,0
2026-08-25 12:15:00+00:00,79043.0078125,79043.0078125,79074.34375,79038.0625,79071.171875,0
2026-08-25 12:16:00+00:00,79022.46875,79022.46875,79054.390625,79020.6171875,79054.390625,49336320
2026-08-25 12:17:00+00:00,78968.0390625,78968.0390625,79040.1796875,78968.0390625,79040.1796875,0
2026-08-25 12:18:00+00:00,78894.359375,78894.359375,78954.5234375,78890.1484375,78954.5234375,7172096
2026-08-25 12:19:00+00:00,78933.8671875,78933.8671875,78997.796875,78912.3203125,78912.3203125,0
2026-08-25 12:20:00+00:00,78911.53125,78911.53125,78940.0703125,78903.6484375,78940.0703125,0
2026-08-25 12:21:00+00:00,78891.1015625,78891.1015625,78897.4765625,78857.0390625,78879.921875,0
2026-08-25 12:22:00+00:00,78712.1015625,78712.1015625,78906.953125,78712.1015625,78906.953125,0
2026-08-25 12:23:00+00:00,78815.3984375,78815.3984375,78815.3984375,78732.6875,78760.859375,3284992
2026-08-25 12:24:00+00:00,78878.828125,78878.828125,78878.828125,78833.34375,78833.34375,0
2026-08-25 12:25:00+00:00,78784.3984375,78784.3984375,78910.4765625,78784.3984375,78878.828125,183046144
2026-08-25 12:26:00+00:00,78673.6015625,78673.6015625,78783.9765625,78632.7734375,78783.9765625,0
2026-08-25 12:27:00+00:00,78756.59375,78756.59375,78756.59375,78647.03125,78677.28125,84463616
2026-08-25 12:28:00+00:00,78791.421875,78791.421875,78791.421875,78724.890625,78724.890625,0
2026-08-25 12:29:00+00:00,78872.7578125,78872.7578125,78872.7578125,78794.578125,78794.578125,0
2026-08-25 12:30:00+00:00,78863.3984375,78863.3984375,78863.3984375,78797.6796875,78859.4921875,0
2026-08-25 12:31:00+00:00,78853.6875,78853.6875,78888.6484375,78834.8671875,78867.703125,59617280
2026-08-25 12:32:00+00:00,78928.8984375,78928.8984375,78928.8984375,78850.7421875,78850.7421875,0
2026-08-25 12:33:00+00:00,78959.859375,78959.859375,78959.859375,78922.046875,78930.703125,54804480
2026-08-25 12:34:00+00:00,78948.5078125,78948.5078125,78948.5078125,78907.046875,78928.71875,0
2026-08-25 12:35:00+00:00,78967.2421875,78967.2421875,78988.8984375,78950.390625,78962.109375,0
2026-08-25 12:36:00+00:00,78975.0,78975.0,78992.4921875,78946.5703125,78968.7734375,0
2026-08-25 12:37:00+00:00,78934.359375,78934.359375,78988.6796875,78914.890625,78980.1171875,1789952
2026-08-25 12:38:00+00:00,78938.6171875,78938.6171875,78967.1171875,78890.890625,78941.84375,0
2026-08-25 12:39:00+00:00,78899.046875,78899.046875,78954.4765625,78899.046875,78914.890625,0
2026-08-25 12:40:00+00:00,78827.4296875,78827.4296875,78899.046875,78779.5234375,78899.046875,0
2026-08-25 12:41:00+00:00,78900.28125,78900.28125,78900.28125,78797.0625,78797.0625,4136960
2026-08-25 12:42:00+00:00,78946.546875,78946.546875,78946.5625,78901.96875,78901.96875,0
2026-08-25 12:43:00+00:00,78914.8828125,78914.8828125,78971.5703125,78899.046875,78946.546875,137986048
2026-08-25 12:44:00+00:00,78906.9609375,78906.9609375,78919.921875,78881.609375,78902.2734375,0
2026-08-25 12:45:00+00:00,78938.453125,78938.453125,78949.7734375,78876.390625,78906.4609375,0
2026-08-25 12:46:00+00:00,78958.8125,78958.8125,78958.8125,78899.078125,78948.890625,56999936
2026-08-25 12:47:00+00:00,79009.921875,79009.921875,79013.828125,78976.296875,78996.2421875,0
2026-08-25 12:48:00+00:00,79043.8828125,79043.8828125,79043.8828125,78997.7578125,79010.2890625,0
2026-08-25 12:49:00+00:00,79028.21875,79028.21875,79052.21875,79028.21875,79044.7734375,0
2026-08-25 12:50:00+00:00,79055.9765625,79055.9765625,79067.21875,79020.859375,79020.859375,0
2026-08-25 12:51:00+00:00,79065.0,79065.0,79081.1875,79050.0078125,79053.15625,0
2026-08-25 12:52:00+00:00,79060.203125,79060.203125,79077.4375,79050.0234375,79063.59375,0
2026-08-25 12:53:00+00:00,78985.890625,78985.890625,79061.1875,78985.890625,79056.1484375,0
2026-08-25 12:54:00+00:00,79017.8515625,79017.8515625,79033.0,78983.6328125,78983.6328125,0
2026-08-25 12:55:00+00:00,79027.65625,79027.65625,79035.1484375,78991.46875,79033.671875,0
2026-08-25 12:56:00+00:00,79000.609375,79000.609375,79007.3828125,78988.109375,79007.2421875,0
2026-08-25 12:57:00+00:00,79001.9921875,79001.9921875,79007.3828125,78971.5625,78990.15625,0
2026-08-25 12:58:00+00:00,78931.078125,78931.078125,79001.9921875,78931.078125,79001.9921875,0
2026-08-25 12:59:00+00:00,78966.9609375,78966.9609375,78980.0,78929.203125,78929.203125,0
2026-08-25 13:00:00+00:00,78985.71875,78985.71875,78992.7109375,78969.9296875,78971.2890625,0
2026-08-25 13:01:00+00:00,78988.0703125,78988.0703125,79047.75,78988.0703125,78991.953125,0
2026-08-25 13:02:00+00:00,78983.1015625,78983.1015625,78986.171875,78940.7421875,78986.171875,47464448
2026-08-25 13:03:00+00:00,79058.3203125,79058.3203125,79058.3203125,78999.2109375,78999.2109375,0
2026-08-25 13:04:00+00:00,79058.90625,79058.90625,79058.90625,79041.703125,79052.59375,0
2026-08-25 13:05:00+00:00,79057.5234375,79057.5234375,79061.109375,79048.609375,79057.453125,7168000
2026-08-25 13:06:00+00:00,79070.3125,79070.3125,79070.3125,79046.90625,79057.5234375,0
2026-08-25 13:07:00+00:00,79003.3984375,79003.3984375,79081.6328125,79003.3984375,79067.84375,0
2026-08-25 13:08:00+00:00,78825.7421875,78825.7421875,78957.3671875,78801.078125,78957.3671875,0
2026-08-25 13:09:00+00:00,78862.0390625,78862.0390625,78920.328125,78816.6484375,78837.40625,0
2026-08-25 13:10:00+00:00,78897.3125,78897.3125,78906.953125,78844.5625,78859.1171875,0
2026-08-25 13:11:00+00:00,78796.953125,78796.953125,78894.40625,78767.5234375,78894.40625,0
2026-08-25 13:12:00+00:00,78726.609375,78726.609375,78774.8828125,78726.609375,78769.3828125,0
2026-08-25 13:13:00+00:00,78855.5,78855.5,78859.4296875,78730.75,78730.75,0
2026-08-25 13:14:00+00:00,78800.921875,78800.921875,78862.2890625,78800.2265625,78853.6875,0
2026-08-25 13:15:00+00:00,78738.4375,78738.4375,78804.3125,78738.4375,78804.3125,0
2026-08-25 13:16:00+00:00,78718.9375,78718.9375,78750.796875,78701.46875,78750.796875,0
2026-08-25 13:17:00+00:00,78703.046875,78703.046875,78772.3203125,78703.046875,78710.0625,0
2026-08-25 13:18:00+00:00,78664.2578125,78664.2578125,78703.0234375,78639.6796875,78697.84375,0
2026-08-25 13:19:00+00:00,78737.328125,78737.328125,78737.328125,78672.0,78672.0,0
2026-08-25 13:20:00+00:00,78767.96875,78767.96875,78796.0703125,78705.296875,78732.7109375,0
2026-08-25 13:21:00+00:00,78759.5234375,78759.5234375,78809.5,78724.8125,78724.8125,0
2026-08-25 13:22:00+00:00,78721.2109375,78721.2109375,78753.2734375,78673.46875,78753.2734375,0
2026-08-25 13:23:00+00:00,78733.9921875,78733.9921875,78733.9921875,78592.7734375,78729.75,0
2026-08-25 13:24:00+00:00,78758.7734375,78758.7734375,78809.0,78729.671875,78729.671875,0
2026-08-25 13:25:00+00:00,78732.7578125,78732.7578125,78807.6015625,78697.34375,78697.34375,0
2026-08-25 13:26:00+00:00,78694.6015625,78694.6015625,78756.4765625,78646.09375,78756.4765625,0
2026-08-25 13:27:00+00:00,78611.1328125,78611.1328125,78700.109375,78611.1328125,78700.109375,0
2026-08-25 13:28:00+00:00,78628.9765625,78628.9765625,78638.453125,78598.0703125,78602.4296875,0
2026-08-25 13:29:00+00:00,78621.8515625,78621.8515625,78691.7109375,78621.8515625,78632.8515625,0
2026-08-25 13:30:00+00:00,78661.890625,78661.890625,78796.078125,78617.7890625,78617.7890625,0
2026-08-25 13:31:00+00:00,78756.4765625,78756.4765625,78756.4765625,78669.5625,78692.828125,0
2026-08-25 13:32:00+00:00,78801.171875,78801.171875,78809.15625,78711.703125,78772.3203125,0
2026-08-25 13:33:00+00:00,78876.9296875,78876.9296875,78970.8125,78804.0,78804.0,0
2026-08-25 13:34:00+00:00,79019.8125,79019.8125,79019.8125,78867.3828125,78867.3828125,0
2026-08-25 13:35:00+00:00,79089.0,79089.0,79089.0,78970.3203125,78990.2734375,0
2026-08-25 13:36:00+00:00,79082.8828125,79082.8828125,79200.0078125,79082.8828125,79083.8515625,0
2026-08-25 13:37:00+00:00,79133.0703125,79133.0703125,79170.609375,79072.203125,79072.203125,0
2026-08-25 13:38:00+00:00,79145.0703125,79145.0703125,79185.0234375,79117.96875,79152.921875,0
2026-08-25 13:39:00+00:00,79029.6328125,79029.6328125,79141.796875,79029.6328125,79104.96875,4620288
2026-08-25 13:40:00+00:00,78912.609375,78912.609375,79038.6328125,78912.609375,79032.6328125,0
2026-08-25 13:41:00+00:00,78947.84375,78947.84375,78964.2734375,78857.390625,78909.2109375,0
2026-08-25 13:42:00+00:00,78850.9921875,78850.9921875,79073.28125,78850.9921875,78973.109375,0
2026-08-25 13:43:00+00:00,78685.203125,78685.203125,78858.0390625,78685.203125,78858.0390625,0
2026-08-25 13:44:00+00:00,78644.640625,78644.640625,78749.140625,78600.671875,78749.140625,0
2026-08-25 13:45:00+00:00,78494.0234375,78494.0234375,78641.5234375,78463.84375,78641.5234375,0
2026-08-25 13:46:00+00:00,78596.0,78596.0,78596.0,78370.4921875,78479.28125,0
2026-08-25 13:47:00+00:00,78503.21875,78503.21875,78653.46875,78484.6015625,78555.1328125,0
2026-08-25 13:48:00+00:00,78503.140625,78503.140625,78628.453125,78436.1484375,78527.15625,0
2026-08-25 13:49:00+00:00,78470.6484375,78470.6484375,78511.6171875,78397.65625,78511.6171875,0
2026-08-25 13:50:00+00:00,78377.9609375,78377.9609375,78484.5390625,78369.421875,78484.5390625,0
2026-08-25 13:51:00+00:00,78273.953125,78273.953125,78346.8203125,78114.640625,78346.8203125,0
2026-08-25 13:52:00+00:00,78212.578125,78212.578125,78344.578125,78212.578125,78229.90625,212320256
2026-08-25 13:53:00+00:00,78287.1875,78287.1875,78301.0,78135.5625,78196.34375,0
2026-08-25 13:54:00+00:00,78338.84375,78338.84375,78352.921875,78281.2890625,78336.0078125,2490368
2026-08-25 13:55:00+00:00,78383.46875,78383.46875,78431.40625,78228.7109375,78303.953125,0
2026-08-25 13:56:00+00:00,78528.65625,78528.65625,78528.65625,78417.3515625,78417.3515625,0
2026-08-25 13:57:00+00:00,78489.4765625,78489.4765625,78542.640625,78471.3671875,78534.71875,287588352
2026-08-25 13:58:00+00:00,78551.4921875,78551.4921875,78552.4921875,78494.2734375,78500.671875,0
2026-08-25 13:59:00+00:00,78627.359375,78627.359375,78631.1875,78534.71875,78557.796875,14225408
2026-08-25 14:00:00+00:00,78610.8203125,78610.8203125,78654.90625,78584.9296875,78626.859375,0
2026-08-25 14:01:00+00:00,78669.4609375,78669.4609375,78670.859375,78590.1484375,78590.171875,0
2026-08-25 14:02:00+00:00,78554.1875,78554.1875,78760.6015625,78554.1875,78685.65625,0
2026-08-25 14:03:00+00:00,78662.0390625,78662.0390625,78708.203125,78541.390625,78541.390625,0
2026-08-25 14:04:00+00:00,78764.71875,78764.71875,78786.828125,78675.0078125,78676.7890625,0
2026-08-25 14:05:00+00:00,78841.8984375,78841.8984375,78867.34375,78791.0078125,78791.0078125,0
2026-08-25 14:06:00+00:00,78775.6328125,78775.6328125,78850.7421875,78755.4921875,78850.7421875,0
2026-08-25 14:07:00+00:00,78888.0,78888.0,78888.0,78740.8984375,78740.8984375,0
2026-08-25 14:08:00+00:00,78838.7421875,78838.7421875,78914.8828125,78815.5078125,78874.3828125,0
2026-08-25 14:09:00+00:00,78946.5390625,78946.5390625,78946.5390625,78855.4375,78855.4375,1779380224
2026-08-25 14:10:00+00:00,78942.546875,78942.546875,78967.640625,78920.4609375,78926.4375,0
2026-08-25 14:11:00+00:00,78955.046875,78955.046875,78998.640625,78928.1875,78932.5703125,0
2026-08-25 14:12:00+00:00,78964.7109375,78964.7109375,78991.6484375,78894.203125,78930.75,0
2026-08-25 14:13:00+00:00,78993.4921875,78993.4921875,79017.0625,78964.6796875,78986.40625,0
2026-08-25 14:14:00+00:00,78983.0625,78983.0625,79041.0390625,78973.0390625,79007.84375,0
2026-08-25 14:15:00+00:00,79030.6484375,79030.6484375,79035.421875,78905.328125,78969.953125,0
2026-08-25 14:16:00+00:00,78978.2578125,78978.2578125,79055.3125,78978.2578125,78995.03125,0
2026-08-25 14:17:00+00:00,78965.1015625,78965.1015625,79036.578125,78944.5,79036.578125,11743232
2026-08-25 14:18:00+00:00,78939.90625,78939.90625,79014.078125,78906.96875,78965.4609375,93364224
2026-08-25 14:19:00+00:00,78938.6484375,78938.6484375,78994.078125,78938.6484375,78940.046875,0
2026-08-25 14:20:00+00:00,78980.328125,78980.328125,79000.0,78906.9609375,78914.90625,0
2026-08-25 14:21:00+00:00,79014.8515625,79014.8515625,79014.8515625,78957.9296875,78987.21875,0
2026-08-25 14:22:00+00:00,79017.96875,79017.96875,79057.65625,78953.5703125,78985.1796875,40267776
2026-08-25 14:23:00+00:00,79048.2734375,79048.2734375,79072.171875,79027.5078125,79039.171875,0
2026-08-25 14:24:00+00:00,79103.578125,79103.578125,79113.0703125,79036.7421875,79075.921875,0
2026-08-25 14:25:00+00:00,79086.65625,79086.65625,79196.203125,79086.65625,79150.5,0
2026-08-25 14:26:00+00:00,79202.21875,79202.21875,79202.21875,79061.140625,79112.8671875,0
2026-08-25 14:27:00+00:00,79211.4296875,79211.4296875,79248.921875,79188.9375,79203.578125,0
2026-08-25 14:28:00+00:00,79176.796875,79176.796875,79200.0078125,79144.7421875,79184.15625,0
2026-08-25 14:29:00+00:00,79200.0078125,79200.0078125,79294.4765625,79200.0078125,79220.1015625,0
2026-08-25 14:30:00+00:00,79166.3125,79166.3125,79200.0,79059.5078125,79200.0,0
2026-08-25 14:31:00+00:00,79193.53125,79193.53125,79193.53125,79115.4375,79130.078125,0
2026-08-25 14:32:00+00:00,79300.6171875,79300.6171875,79311.6875,79205.9296875,79224.6875,8724480
2026-08-25 14:33:00+00:00,79339.78125,79339.78125,79368.84375,79279.203125,79310.8828125,0
2026-08-25 14:34:00+00:00,79218.8671875,79218.8671875,79297.5703125,79175.8828125,79297.5703125,0
2026-08-25 14:35:00+00:00,79211.5703125,79211.5703125,79249.828125,79194.40625,79234.5234375,0
2026-08-25 14:36:00+00:00,79277.46875,79277.46875,79277.46875,79200.5703125,79200.5703125,216440832
2026-08-25 14:37:00+00:00,79266.84375,79266.84375,79309.53125,79255.453125,79272.4921875,0
2026-08-25 14:38:00+00:00,79145.25,79145.25,79249.8671875,79145.25,79249.8671875,0
2026-08-25 14:39:00+00:00,79105.2265625,79105.2265625,79140.0,79097.046875,79129.4375,0
2026-08-25 14:40:00+00:00,79110.5234375,79110.5234375,79161.6171875,79093.03125,79104.1875,0
2026-08-25 14:41:00+00:00,79090.546875,79090.546875,79160.390625,79082.3125,79104.96875,0
2026-08-25 14:42:00+00:00,79073.3203125,79073.3203125,79131.046875,79056.046875,79101.8984375,0
2026-08-25 14:43:00+00:00,79112.828125,79112.828125,79124.2890625,79057.453125,79057.453125,1197355008
2026-08-25 14:44:00+00:00,79151.1171875,79151.1171875,79189.7890625,79142.8125,79142.8125,18141184
2026-08-25 14:45:00+00:00,79186.2734375,79186.2734375,79222.1015625,79161.140625,79165.9609375,0
2026-08-25 14:46:00+00:00,79226.59375,79226.59375,79229.0234375,79186.453125,79194.53125,0
2026-08-25 14:47:00+00:00,79269.5625,79269.5625,79284.390625,79192.8828125,79207.921875,0
2026-08-25 14:48:00+00:00,79217.5625,79217.5625,79274.6015625,79215.8671875,79251.0625,0
2026-08-25 14:49:00+00:00,79202.65625,79202.65625,79233.84375,79197.28125,79211.6171875,0
2026-08-25 14:50:00+00:00,79231.6796875,79231.6796875,79236.3984375,79192.09375,79202.671875,38440960
2026-08-25 14:51:00+00:00,79304.9609375,79304.9609375,79327.453125,79207.921875,79207.921875,0
2026-08-25 14:52:00+00:00,79295.0,79295.0,79353.8828125,79295.0,79304.9921875,0
2026-08-25 14:53:00+00:00,79273.84375,79273.84375,79291.046875,79251.046875,79290.703125,0
2026-08-25 14:54:00+00:00,79256.1015625,79256.1015625,79292.109375,79238.828125,79275.8984375,0
2026-08-25 14:55:00+00:00,79322.9921875,79322.9921875,79322.9921875,79256.109375,79256.109375,51032064
2026-08-25 14:56:00+00:00,79340.3125,79340.3125,79376.09375,79331.40625,79332.4921875,0
2026-08-25 14:57:00+00:00,79287.1328125,79287.1328125,79373.671875,79287.1328125,79357.8203125,0
2026-08-25 14:58:00+00:00,79234.2890625,79234.2890625,79271.2890625,79159.9609375,79271.28125,0
2026-08-25 14:59:00+00:00,79225.0078125,79225.0078125,79240.0078125,79176.25,79199.5703125,0
2026-08-25 15:00:00+00:00,79167.7421875,79167.7421875,79232.7265625,79141.1171875,79232.7265625,0
2026-08-25 15:01:00+00:00,79172.28125,79172.28125,79222.9609375,79172.28125,79192.078125,0
2026-08-25 15:02:00+00:00,79200.15625,79200.15625,79203.640625,79144.5703125,79160.40625,0
2026-08-25 15:03:00+00:00,79168.609375,79168.609375,79310.9296875,79167.3203125,79199.9921875,0
2026-08-25 15:04:00+00:00,79181.546875,79181.546875,79207.7890625,79156.109375,79176.1171875,0
2026-08-25 15:05:00+00:00,79204.578125,79204.578125,79254.4296875,79196.1875,79196.1875,0
2026-08-25 15:06:00+00:00,79314.1328125,79314.1328125,79316.453125,79221.140625,79221.140625,0
2026-08-25 15:07:00+00:00,79295.046875,79295.046875,79343.8671875,79295.046875,79314.15625,0
2026-08-25 15:08:00+00:00,79286.421875,79286.421875,79309.578125,79234.421875,79263.359375,0
2026-08-25 15:09:00+00:00,79292.8515625,79292.8515625,79298.6484375,79252.171875,79281.796875,0
2026-08-25 15:10:00+00:00,79195.3984375,79195.3984375,79318.9296875,79185.6015625,79287.921875,8728576
2026-08-25 15:11:00+00:00,79172.3671875,79172.3671875,79255.5234375,79153.0078125,79237.59375,6905856
2026-08-25 15:12:00+00:00,79139.953125,79139.953125,79177.140625,79127.53125,79163.3828125,0
2026-08-25 15:13:00+00:00,79049.53125,79049.53125,79136.828125,79049.53125,79128.7265625,17793024
2026-08-25 15:14:00+00:00,79112.890625,79112.890625,79152.4765625,79092.453125,79092.453125,0
2026-08-25 15:15:00+00:00,79140.7734375,79140.7734375,79140.7734375,79031.1328125,79110.9609375,0
2026-08-25 15:16:00+00:00,79220.8828125,79220.8828125,79238.3828125,79161.453125,79161.453125,0
2026-08-25 15:17:00+00:00,79140.2890625,79140.2890625,79228.0625,79136.6875,79228.0625,4571136
2026-08-25 15:18:00+00:00,79213.1015625,79213.1015625,79235.6875,79159.5234375,79161.1796875,50327552
2026-08-25 15:19:00+00:00,79219.5,79219.5,79257.4921875,79213.1015625,79213.1015625,0
2026-08-25 15:20:00+00:00,79276.671875,79276.671875,79278.0234375,79207.921875,79207.921875,16121856
2026-08-25 15:21:00+00:00,79202.640625,79202.640625,79271.2734375,79185.5390625,79254.890625,0
2026-08-25 15:22:00+00:00,79261.6171875,79261.6171875,79269.8203125,79215.84375,79215.84375,13905920
2026-08-25 15:23:00+00:00,79186.296875,79186.296875,79253.9921875,79169.3515625,79247.03125,0
2026-08-25 15:24:00+00:00,79163.09375,79163.09375,79199.9921875,79147.2265625,79196.7265625,0
2026-08-25 15:25:00+00:00,79114.796875,79114.796875,79183.2109375,79112.859375,79183.2109375,0
2026-08-25 15:26:00+00:00,79081.2109375,79081.2109375,79118.1015625,79081.2109375,79112.2109375,0
2026-08-25 15:27:00+00:00,79139.359375,79139.359375,79139.359375,79098.09375,79118.5390625,60710912
2026-08-25 15:28:00+00:00,79199.46875,79199.46875,79199.46875,79111.6171875,79124.40625,0
2026-08-25 15:29:00+00:00,79246.890625,79246.890625,79248.09375,79200.046875,79220.0625,0
2026-08-25 15:30:00+00:00,79268.546875,79268.546875,79274.5625,79250.1796875,79250.1796875,0
2026-08-25 15:31:00+00:00,79245.2890625,79245.2890625,79265.328125,79232.1484375,79250.046875,0
2026-08-25 15:32:00+00:00,79225.09375,79225.09375,79270.2421875,79181.3671875,79270.2421875,0
2026-08-25 15:33:00+00:00,79345.4296875,79345.4296875,79345.4296875,79218.0,79230.703125,0
2026-08-25 15:34:00+00:00,79304.7265625,79304.7265625,79338.40625,79263.609375,79338.40625,0
2026-08-25 15:35:00+00:00,79397.4921875,79397.4921875,79400.0625,79302.71875,79302.71875,0
2026-08-25 15:36:00+00:00,79406.40625,79406.40625,79481.40625,79367.4765625,79390.4375,0
2026-08-25 15:37:00+00:00,79420.3515625,79420.3515625,79465.34375,79409.7890625,79409.7890625,0
2026-08-25 15:38:00+00:00,79441.3984375,79441.3984375,79445.5078125,79390.09375,79427.53125,0
2026-08-25 15:39:00+00:00,79373.921875,79373.921875,79442.2265625,79356.3671875,79442.2265625,0
2026-08-25 15:40:00+00:00,79354.03125,79354.03125,79354.03125,79326.7265625,79350.4765625,0
2026-08-25 15:41:00+00:00,79364.3125,79364.3125,79379.0,79302.96875,79358.390625,0
2026-08-25 15:42:00+00:00,79368.2109375,79368.2109375,79399.3671875,79360.6171875,79360.6171875,0
2026-08-25 15:43:00+00:00,79377.0,79377.0,79378.421875,79341.3203125,79358.7421875,0
2026-08-25 15:44:00+00:00,79409.9765625,79409.9765625,79413.1796875,79351.46875,79367.453125,19537920
2026-08-25 15:45:00+00:00,79438.296875,79438.296875,79438.296875,79397.9609375,79411.1484375,0
2026-08-25 15:46:00+00:00,79396.9609375,79396.9609375,79439.078125,79396.9609375,79439.078125,0
2026-08-25 15:47:00+00:00,79350.5703125,79350.5703125,79399.359375,79350.5703125,79390.09375,0
2026-08-25 15:48:00+00:00,79293.6015625,79293.6015625,79337.296875,79293.6015625,79337.296875,0
2026-08-25 15:49:00+00:00,79325.4375,79325.4375,79333.4609375,79280.9765625,79285.0078125,0
2026-08-25 15:50:00+00:00,79331.578125,79331.578125,79331.578125,79263.4609375,79325.4375,0
2026-08-25 15:51:00+00:00,79306.6484375,79306.6484375,79316.0625,79287.578125,79316.0625,0
2026-08-25 15:52:00+00:00,79307.09375,79307.09375,79351.6875,79305.5390625,79305.78125,0
2026-08-25 15:53:00+00:00,79324.78125,79324.78125,79361.65625,79287.59375,79317.453125,0
2026-08-25 15:54:00+00:00,79336.0234375,79336.0234375,79366.3203125,79324.78125,79336.2734375,0
2026-08-25 15:55:00+00:00,79356.53125,79356.53125,79380.2578125,79336.21875,79336.21875,0
2026-08-25 15:56:00+00:00,79369.8671875,79369.8671875,79414.1171875,79369.8671875,79374.2265625,0
2026-08-25 15:57:00+00:00,79406.0,79406.0,79418.40625,79380.0078125,79381.3671875,0
2026-08-25 15:58:00+00:00,79488.3125,79488.3125,79500.546875,79442.21875,79450.28125,52396032
2026-08-25 15:59:00+00:00,79506.2265625,79506.2265625,79537.4609375,79488.3125,79488.3125,0
2026-08-25 16:00:00+00:00,79473.421875,79473.421875,79500.109375,79469.296875,79495.0625,0
2026-08-25 16:01:00+00:00,79502.9609375,79502.9609375,79559.75,79466.8671875,79492.0234375,0
2026-08-25 16:02:00+00:00,79473.03125,79473.03125,79521.3515625,79459.9921875,79521.3515625,0
2026-08-25 16:03:00+00:00,79536.84375,79536.84375,79574.9921875,79474.84375,79474.84375,0
2026-08-25 16:04:00+00:00,79500.0,79500.0,79544.640625,79500.0,79538.1171875,0
2026-08-25 16:05:00+00:00,79459.359375,79459.359375,79510.7734375,79459.359375,79508.3984375,0
2026-08-25 16:06:00+00:00,79417.796875,79417.796875,79458.0625,79409.3515625,79454.453125,0
2026-08-25 16:07:00+00:00,79435.703125,79435.703125,79446.6328125,79403.0078125,79446.6328125,0
2026-08-25 16:08:00+00:00,79385.03125,79385.03125,79428.703125,79366.328125,79428.703125,0
2026-08-25 16:09:00+00:00,79344.078125,79344.078125,79383.40625,79344.078125,79361.0234375,39899136
2026-08-25 16:10:00+00:00,79325.71875,79325.71875,79350.390625,79311.0390625,79350.390625,0
2026-08-25 16:11:00+00:00,79265.7421875,79265.7421875,79345.96875,79265.7421875,79345.96875,0
2026-08-25 16:12:00+00:00,79186.96875,79186.96875,79269.25,79186.96875,79269.25,0
2026-08-25 16:13:00+00:00,79196.8203125,79196.8203125,79238.921875,79190.1015625,79219.9609375,0
2026-08-25 16:14:00+00:00,79164.53125,79164.53125,79197.6171875,79149.71875,79168.0,0
2026-08-25 16:15:00+00:00,79200.0,79200.0,79200.0,79126.2578125,79163.2109375,0
2026-08-25 16:16:00+00:00,79151.28125,79151.28125,79204.421875,79149.2421875,79204.421875,0
2026-08-25 16:17:00+00:00,79170.90625,79170.90625,79181.53125,79155.84375,79156.25,0
2026-08-25 16:18:00+00:00,79254.8671875,79254.8671875,79255.953125,79179.5078125,79179.5078125,0
2026-08-25 16:19:00+00:00,79263.3515625,79263.3515625,79263.3515625,79231.1796875,79249.3828125,0
2026-08-25 16:20:00+00:00,79237.9609375,79237.9609375,79278.71875,79215.9296875,79278.71875,0
2026-08-25 16:21:00+00:00,79171.296875,79171.296875,79235.2109375,79163.390625,79232.90625,0
2026-08-25 16:22:00+00:00,79192.078125,79192.078125,79208.859375,79171.3125,79175.46875,0
2026-08-25 16:23:00+00:00,79093.09375,79093.09375,79185.8515625,79089.203125,79172.0390625,0
2026-08-25 16:24:00+00:00,79120.796875,79120.796875,79120.796875,79065.3828125,79077.046875,0
2026-08-25 16:25:00+00:00,79104.96875,79104.96875,79131.7421875,79086.3984375,79104.9609375,0
2026-08-25 16:26:00+00:00,79078.1015625,79078.1015625,79120.7890625,79074.140625,79120.7890625,0
2026-08-25 16:27:00+00:00,79092.6171875,79092.6171875,79097.03125,79078.640625,79087.359375,0
2026-08-25 16:28:00+00:00,79126.8671875,79126.8671875,79136.6328125,79082.2734375,79097.03125,0
2026-08-25 16:29:00+00:00,79149.1796875,79149.1796875,79150.71875,79118.78125,79126.8671875,0
2026-08-25 16:30:00+00:00,79199.140625,79199.140625,79199.140625,79137.96875,79137.96875,0
2026-08-25 16:31:00+00:00,79261.453125,79261.453125,79266.6875,79203.4296875,79203.4296875,0
2026-08-25 16:32:00+00:00,79308.75,79308.75,79350.0,79269.2734375,79269.2734375,0
2026-08-25 16:33:00+00:00,79310.8828125,79310.8828125,79332.4921875,79282.5078125,79316.140625,0
2026-08-25 16:34:00+00:00,79300.7578125,79300.7578125,79334.3203125,79291.7734375,79291.7734375,0
2026-08-25 16:35:00+00:00,79285.5078125,79285.5078125,79330.9765625,79285.5078125,79299.4375,0
2026-08-25 16:36:00+00:00,79306.3671875,79306.3671875,79306.3671875,79266.796875,79289.90625,36208640
2026-08-25 16:37:00+00:00,79223.5703125,79223.5703125,79302.1484375,79210.0078125,79302.1484375,0
2026-08-25 16:38:00+00:00,79247.5,79247.5,79261.8515625,79219.9375,79255.4375,0
2026-08-25 16:39:00+00:00,79222.359375,79222.359375,79268.53125,79222.359375,79250.3984375,8679424
2026-08-25 16:40:00+00:00,79200.7265625,79200.7265625,79226.671875,79195.890625,79226.671875,0
2026-08-25 16:41:00+00:00,79260.7734375,79260.7734375,79260.7734375,79199.140625,79199.140625,0
2026-08-25 16:42:00+00:00,79307.8203125,79307.8203125,79307.8203125,79260.78125,79260.78125,0
2026-08-25 16:43:00+00:00,79297.6171875,79297.6171875,79341.4765625,79297.6171875,79325.421875,0
2026-08-25 16:44:00+00:00,79227.109375,79227.109375,79295.046875,79227.109375,79295.0390625,0
2026-08-25 16:45:00+00:00,79323.1875,79323.1875,79334.5390625,79228.359375,79230.2578125,140079104
2026-08-25 16:46:00+00:00,79348.1796875,79348.1796875,79364.9765625,79323.1875,79328.6015625,0
2026-08-25 16:47:00+00:00,79236.453125,79236.453125,79334.65625,79235.2890625,79334.65625,0
2026-08-25 16:48:00+00:00,79304.03125,79304.03125,79313.5703125,79249.0703125,79255.4375,0
2026-08-25 16:49:00+00:00,79283.0625,79283.0625,79322.9765625,79283.0078125,79302.2421875,15220736
2026-08-25 16:50:00+00:00,79245.34375,79245.34375,79282.1328125,79245.34375,79271.28125,0
2026-08-25 16:51:00+00:00,79215.3671875,79215.3671875,79251.03125,79215.3671875,79251.03125,0
2026-08-25 16:52:00+00:00,79209.2734375,79209.2734375,79232.8515625,79209.2734375,79219.421875,151552
2026-08-25 16:53:00+00:00,79160.28125,79160.28125,79215.7578125,79160.28125,79205.171875,0
2026-08-25 16:54:00+00:00,79144.4375,79144.4375,79166.7109375,79130.640625,79163.7421875,0
2026-08-25 16:55:00+00:00,79110.8984375,79110.8984375,79148.671875,79110.8984375,79148.671875,0
2026-08-25 16:56:00+00:00,79127.46875,79127.46875,79127.46875,79092.34375,79114.328125,0
2026-08-25 16:57:00+00:00,79164.90625,79164.90625,79184.2109375,79119.1875,79130.578125,0
2026-08-25 16:58:00+00:00,79158.7734375,79158.7734375,79160.9296875,79128.7265625,79159.9765625,0
2026-08-25 16:59:00+00:00,79153.296875,79153.296875,79188.59375,79132.1015625,79146.6796875,0
2026-08-25 17:00:00+00:00,79101.3828125,79101.3828125,79144.5703125,79101.3828125,79144.5703125,0
2026-08-25 17:01:00+00:00,79119.796875,79119.796875,79150.03125,79107.5234375,79109.6015625,0
2026-08-25 17:02:00+00:00,79113.0234375,79113.0234375,79144.3203125,79065.3671875,79120.0390625,0
2026-08-25 17:03:00+00:00,79098.25,79098.25,79130.546875,79082.2578125,79126.3828125,0
2026-08-25 17:04:00+00:00,79075.4375,79075.4375,79103.109375,79059.8125,79093.1015625,0
2026-08-25 17:05:00+00:00,79110.7421875,79110.7421875,79139.9921875,79065.703125,79072.453125,0
2026-08-25 17:06:00+00:00,79034.1015625,79034.1015625,79097.609375,79034.1015625,79097.609375,0
2026-08-25 17:07:00+00:00,79019.65625,79019.65625,79043.09375,79007.796875,79022.46875,0
2026-08-25 17:08:00+00:00,78915.4375,78915.4375,79026.796875,78878.1796875,79023.171875,0
2026-08-25 17:09:00+00:00,78967.859375,78967.859375,78979.1171875,78879.046875,78919.3828125,0
2026-08-25 17:10:00+00:00,78943.7734375,78943.7734375,78994.6484375,78940.8203125,78969.8203125,0
2026-08-25 17:11:00+00:00,78905.421875,78905.421875,78950.0078125,78899.8671875,78932.9296875,30220288
2026-08-25 17:12:00+00:00,78951.578125,78951.578125,78956.078125,78908.640625,78908.640625,0
2026-08-25 17:13:00+00:00,78908.0,78908.0,78951.59375,78890.8203125,78941.9296875,0
2026-08-25 17:14:00+00:00,78965.6796875,78965.6796875,78971.2421875,78907.96875,78907.96875,0
2026-08-25 17:15:00+00:00,78957.671875,78957.671875,79005.609375,78948.6171875,78971.2421875,0
2026-08-25 17:16:00+00:00,78954.4921875,78954.4921875,79025.7578125,78954.4921875,78969.8828125,118243328
2026-08-25 17:17:00+00:00,79003.796875,79003.796875,79003.796875,78973.3203125,78983.6015625,0
2026-08-25 17:18:00+00:00,78972.171875,78972.171875,78999.046875,78956.6328125,78999.046875,0
2026-08-25 17:19:00+00:00,78953.2109375,78953.2109375,78973.921875,78953.2109375,78967.90625,0
2026-08-25 17:20:00+00:00,78987.0625,78987.0625,78987.0625,78953.2109375,78964.4921875,0
2026-08-25 17:21:00+00:00,78986.15625,78986.15625,79004.5625,78956.2109375,78988.5625,0
2026-08-25 17:22:00+00:00,78893.421875,78893.421875,78987.9921875,78893.421875,78987.9921875,0
2026-08-25 17:23:00+00:00,78815.703125,78815.703125,78875.828125,78790.25,78875.828125,0
2026-08-25 17:24:00+00:00,78872.6171875,78872.6171875,78874.1796875,78816.0390625,78816.0390625,0
2026-08-25 17:25:00+00:00,78839.9921875,78839.9921875,78865.1796875,78817.0234375,78863.0703125,0
2026-08-25 17:26:00+00:00,78795.6484375,78795.6484375,78831.1875,78784.59375,78829.3125,0
2026-08-25 17:27:00+00:00,78803.7421875,78803.7421875,78821.7578125,78791.46875,78798.21875,0
2026-08-25 17:28:00+00:00,78799.9921875,78799.9921875,78812.7421875,78785.171875,78812.7421875,0
2026-08-25 17:29:00+00:00,78806.328125,78806.328125,78864.4296875,78779.7578125,78830.359375,0
2026-08-25 17:30:00+00:00,78903.5,78903.5,78903.5,78827.75,78827.75,0
2026-08-25 17:31:00+00:00,78946.5625,78946.5625,78946.5625,78869.2109375,78869.2109375,0
2026-08-25 17:32:00+00:00,78968.5625,78968.5625,78968.5625,78941.6328125,78954.1875,0
2026-08-25 17:33:00+00:00,79052.4609375,79052.4609375,79052.4609375,78966.1328125,78986.1484375,0
2026-08-25 17:34:00+00:00,79046.3828125,79046.3828125,79087.75,79015.53125,79045.5703125,1232896
2026-08-25 17:35:00+00:00,79013.2734375,79013.2734375,79054.8671875,79002.0078125,79047.9296875,0
2026-08-25 17:36:00+00:00,79020.8984375,79020.8984375,79046.3125,79017.2734375,79046.3125,0
2026-08-25 17:37:00+00:00,79054.8203125,79054.8203125,79068.390625,79020.8984375,79020.8984375,0
2026-08-25 17:38:00+00:00,79083.65625,79083.65625,79083.65625,79037.4296875,79037.4296875,5509120
2026-08-25 17:39:00+00:00,79049.53125,79049.53125,79078.59375,79033.6796875,79078.59375,0
2026-08-25 17:40:00+00:00,79135.9921875,79135.9921875,79135.9921875,79045.4296875,79045.4296875,0
2026-08-25 17:41:00+00:00,79140.3125,79140.3125,79176.2421875,79138.2734375,79144.546875,0
2026-08-25 17:42:00+00:00,79177.109375,79177.109375,79179.1015625,79135.03125,79138.7890625,0
2026-08-25 17:43:00+00:00,79137.828125,79137.828125,79164.421875,79137.828125,79162.578125,0
2026-08-25 17:44:00+00:00,79147.0234375,79147.0234375,79155.7109375,79127.2421875,79146.6796875,113184768
2026-08-25 17:45:00+00:00,79174.796875,79174.796875,79174.796875,79141.7734375,79141.7734375,2334720
2026-08-25 17:46:00+00:00,79155.84375,79155.84375,79192.59375,79155.84375,79181.6328125,0
2026-08-25 17:47:00+00:00,79193.09375,79193.09375,79206.6328125,79159.2421875,79159.2421875,3502080
2026-08-25 17:48:00+00:00,79212.703125,79212.703125,79223.1796875,79197.2421875,79197.25,0
2026-08-25 17:49:00+00:00,79207.1328125,79207.1328125,79218.1015625,79188.8203125,79218.1015625,0
2026-08-25 17:50:00+00:00,79149.90625,79149.90625,79206.1796875,79146.7421875,79206.1484375,0
2026-08-25 17:51:00+00:00,79163.4921875,79163.4921875,79190.8671875,79155.75,79155.75,0
2026-08-25 17:52:00+00:00,79181.40625,79181.40625,79192.2265625,79163.4765625,79163.4921875,0
2026-08-25 17:53:00+00:00,79192.0703125,79192.0703125,79197.3828125,79167.2734375,79187.171875,0
2026-08-25 17:54:00+00:00,79188.203125,79188.203125,79225.0,79188.203125,79197.3828125,94556160
2026-08-25 17:55:00+00:00,79221.25,79221.25,79221.25,79184.8203125,79184.8203125,0
2026-08-25 17:56:00+00:00,79218.671875,79218.671875,79242.3203125,79201.4609375,79217.5078125,0
2026-08-25 17:57:00+00:00,79215.921875,79215.921875,79223.6484375,79197.953125,79200.0078125,0
2026-08-25 17:58:00+00:00,79247.2734375,79247.2734375,79247.2734375,79182.0703125,79214.65625,0
2026-08-25 17:59:00+00:00,79234.1015625,79234.1015625,79261.9375,79234.1015625,79258.4296875,0
2026-08-25 18:00:00+00:00,79213.7890625,79213.7890625,79235.859375,79213.7890625,79235.7578125,5263360
2026-08-25 18:01:00+00:00,79245.1796875,79245.1796875,79279.1796875,79241.4921875,79245.53125,0
2026-08-25 18:02:00+00:00,79283.921875,79283.921875,79283.921875,79242.3125,79245.171875,0
2026-08-25 18:03:00+00:00,79295.03125,79295.03125,79325.6328125,79277.0390625,79278.2890625,0
2026-08-25 18:04:00+00:00,79232.0078125,79232.0078125,79271.296875,79228.53125,79271.296875,0
2026-08-25 18:05:00+00:00,79219.2265625,79219.2265625,79248.140625,79218.0234375,79226.546875,0
2026-08-25 18:06:00+00:00,79249.5390625,79249.5390625,79274.25,79233.2265625,79269.25,0
2026-08-25 18:07:00+00:00,79241.1875,79241.1875,79274.109375,79241.078125,79241.078125,0
2026-08-25 18:08:00+00:00,79222.2734375,79222.2734375,79246.9375,79217.0,79234.5703125,0
2026-08-25 18:09:00+00:00,79273.71875,79273.71875,79275.3515625,79222.2578125,79222.2578125,2469888
2026-08-25 18:10:00+00:00,79235.828125,79235.828125,79266.9296875,79220.796875,79265.3828125,0
2026-08-25 18:11:00+00:00,79227.2265625,79227.2265625,79245.859375,79220.59375,79245.859375,0
2026-08-25 18:12:00+00:00,79299.0625,79299.0625,79299.0625,79238.890625,79238.890625,0
2026-08-25 18:13:00+00:00,79343.203125,79343.203125,79343.203125,79272.796875,79289.0625,0
2026-08-25 18:14:00+00:00,79318.40625,79318.40625,79332.3203125,79292.3828125,79330.0234375,0
2026-08-25 18:15:00+00:00,79315.21875,79315.21875,79331.0,79315.2109375,79318.5,0
2026-08-25 18:16:00+00:00,79293.5,79293.5,79336.453125,79290.828125,79330.9921875,0
2026-08-25 18:17:00+00:00,79278.546875,79278.546875,79281.5234375,79265.109375,79281.5234375,0
2026-08-25 18:18:00+00:00,79255.453125,79255.453125,79301.15625,79255.453125,79278.546875,0
2026-08-25 18:19:00+00:00,79274.953125,79274.953125,79279.9765625,79248.890625,79255.453125,0
2026-08-25 18:20:00+00:00,79255.4375,79255.4375,79276.9296875,79255.4375,79274.953125,7757824
2026-08-25 18:21:00+00:00,79233.28125,79233.28125,79284.203125,79233.28125,79265.2109375,0
2026-08-25 18:22:00+00:00,79261.7109375,79261.7109375,79283.1796875,79244.078125,79255.4296875,360558592
2026-08-25 18:23:00+00:00,79302.171875,79302.171875,79318.796875,79271.2734375,79271.2734375,0
2026-08-25 18:24:00+00:00,79263.3671875,79263.3671875,79315.03125,79263.3671875,79299.40625,0
2026-08-25 18:25:00+00:00,79259.0390625,79259.0390625,79269.9921875,79255.4375,79263.3671875,0
2026-08-25 18:26:00+00:00,79250.28125,79250.28125,79260.0,79239.609375,79259.0390625,0
2026-08-25 18:27:00+00:00,79240.6171875,79240.6171875,79258.6796875,79234.359375,79242.359375,0
2026-08-25 18:28:00+00:00,79265.71875,79265.71875,79279.203125,79255.453125,79279.203125,0
2026-08-25 18:29:00+00:00,79264.7734375,79264.7734375,79273.6796875,79264.7578125,79273.6796875,0
2026-08-25 18:30:00+00:00,79208.59375,79208.59375,79256.8125,79208.59375,79256.8125,0
2026-08-25 18:31:00+00:00,79193.609375,79193.609375,79214.84375,79186.640625,79205.0078125,0
2026-08-25 18:32:00+00:00,79158.71875,79158.71875,79203.7109375,79157.296875,79203.7109375,0
2026-08-25 18:33:00+00:00,79184.3203125,79184.3203125,79187.3828125,79136.6484375,79166.4296875,0
2026-08-25 18:34:00+00:00,79153.2578125,79153.2578125,79191.2109375,79153.2578125,79187.71875,0
2026-08-25 18:35:00+00:00,79169.1796875,79169.1796875,79187.703125,79153.2578125,79153.2578125,0
2026-08-25 18:36:00+00:00,79127.171875,79127.171875,79160.421875,79127.171875,79160.421875,0
2026-08-25 18:37:00+00:00,79128.7109375,79128.7109375,79133.1796875,79101.0078125,79127.171875,0
2026-08-25 18:38:00+00:00,79130.046875,79130.046875,79146.1484375,79124.7578125,79128.7109375,0
2026-08-25 18:39:00+00:00,79151.9375,79151.9375,79164.3828125,79121.546875,79130.046875,0
2026-08-25 18:40:00+00:00,79152.6328125,79152.6328125,79163.1484375,79149.15625,79151.9296875,0
2026-08-25 18:41:00+00:00,79139.0,79139.0,79169.9921875,79139.0,79163.7109375,0
2026-08-25 18:42:00+00:00,79147.6015625,79147.6015625,79151.6015625,79138.9765625,79138.9765625,0
2026-08-25 18:43:00+00:00,79160.3984375,79160.3984375,79168.3203125,79138.3984375,79147.6015625,0
2026-08-25 18:44:00+00:00,79161.15625,79161.15625,79170.2265625,79160.4375,79161.609375,0
2026-08-25 18:45:00+00:00,79172.171875,79172.171875,79178.5,79153.1015625,79167.921875,0
2026-08-25 18:46:00+00:00,79208.8125,79208.8125,79223.7578125,79172.171875,79172.171875,183066624
2026-08-25 18:47:00+00:00,79237.1015625,79237.1015625,79237.109375,79208.78125,79208.78125,0
2026-08-25 18:48:00+00:00,79222.0,79222.0,79237.109375,79219.96875,79227.171875,4653056
2026-08-25 18:49:00+00:00,79215.84375,79215.84375,79215.84375,79197.0,79205.421875,0
2026-08-25 18:50:00+00:00,79184.171875,79184.171875,79219.5078125,79184.171875,79219.5078125,0
2026-08-25 18:51:00+00:00,79190.0234375,79190.0234375,79207.90625,79184.171875,79184.171875,0
2026-08-25 18:52:00+00:00,79152.4921875,79152.4921875,79190.0234375,79152.4921875,79190.0234375,0
2026-08-25 18:53:00+00:00,79078.4609375,79078.4609375,79154.90625,79078.4609375,79154.90625,0
2026-08-25 18:54:00+00:00,79067.59375,79067.59375,79075.078125,79045.53125,79075.078125,0
2026-08-25 18:55:00+00:00,79080.4375,79080.4375,79080.4375,79051.9921875,79069.453125,0
2026-08-25 18:56:00+00:00,79096.953125,79096.953125,79096.953125,79070.203125,79077.359375,122880
2026-08-25 18:57:00+00:00,79092.140625,79092.140625,79098.6796875,79078.3125,79098.6796875,0
2026-08-25 18:58:00+00:00,79115.0078125,79115.0078125,79115.0078125,79092.140625,79092.1484375,0
2026-08-25 18:59:00+00:00,79135.6796875,79135.6796875,79140.3984375,79115.0078125,79115.0078125,20504576
2026-08-25 19:00:00+00:00,79141.453125,79141.453125,79163.9765625,79120.8125,79120.8125,17915904
2026-08-25 19:01:00+00:00,79165.390625,79165.390625,79170.6484375,79139.5390625,79157.2421875,0
2026-08-25 19:02:00+00:00,79187.5,79187.5,79187.7265625,79165.390625,79165.390625,3969024
2026-08-25 19:03:00+00:00,79132.84375,79132.84375,79190.0,79132.84375,79187.9375,0
2026-08-25 19:04:00+00:00,79043.390625,79043.390625,79130.046875,79043.390625,79130.046875,0
2026-08-25 19:05:00+00:00,79097.5625,79097.5625,79097.5625,79017.8515625,79017.8515625,0
2026-08-25 19:06:00+00:00,79013.1796875,79013.1796875,79098.2890625,79013.15625,79097.953125,0
2026-08-25 19:07:00+00:00,79036.0390625,79036.0390625,79043.59375,79019.2265625,79019.2265625,0
2026-08-25 19:08:00+00:00,79070.1484375,79070.1484375,79070.1484375,79053.5078125,79054.8203125,0
2026-08-25 19:09:00+00:00,79080.71875,79080.71875,79087.5703125,79062.25,79079.3125,228175872
2026-08-25 19:10:00+00:00,79101.4375,79101.4375,79101.4375,79071.59375,79080.71875,0
2026-08-25 19:11:00+00:00,79093.9375,79093.9375,79120.859375,79085.953125,79093.140625,0
2026-08-25 19:12:00+00:00,79065.4296875,79065.4296875,79087.4921875,79058.6484375,79087.0,0
2026-08-25 19:13:00+00:00,79138.796875,79138.796875,79138.796875,79064.4375,79064.4375,0
2026-08-25 19:14:00+00:00,79157.140625,79157.140625,79175.8671875,79140.8203125,79141.609375,0
2026-08-25 19:15:00+00:00,79189.6015625,79189.6015625,79189.6015625,79150.3515625,79157.140625,0
2026-08-25 19:16:00+00:00,79160.4296875,79160.4296875,79194.5390625,79149.109375,79185.953125,0
2026-08-25 19:17:00+00:00,79190.7578125,79190.7578125,79191.6328125,79174.4609375,79174.4609375,5087232
2026-08-25 19:18:00+00:00,79200.0234375,79200.0234375,79211.8203125,79190.7578125,79190.7578125,0
2026-08-25 19:19:00+00:00,79232.78125,79232.78125,79233.9375,79204.1796875,79204.1796875,0
2026-08-25 19:20:00+00:00,79137.7578125,79137.7578125,79232.78125,79137.7578125,79232.78125,0
2026-08-25 19:21:00+00:00,79180.1015625,79180.1015625,79195.0703125,79147.3203125,79147.3203125,0
2026-08-25 19:22:00+00:00,79164.21875,79164.21875,79164.21875,79140.0234375,79160.40625,0
2026-08-25 19:23:00+00:00,79165.0234375,79165.0234375,79172.53125,79150.21875,79172.53125,0
2026-08-25 19:24:00+00:00,79169.9921875,79169.9921875,79170.0,79159.40625,79170.0,0
2026-08-25 19:25:00+00:00,79081.2109375,79081.2109375,79159.40625,79081.2109375,79159.40625,950272
2026-08-25 19:26:00+00:00,78982.3984375,78982.3984375,79083.6328125,78982.3984375,79083.6328125,0
2026-08-25 19:27:00+00:00,78916.609375,78916.609375,78979.9765625,78915.4375,78966.2421875,94515200
2026-08-25 19:28:00+00:00,78926.0234375,78926.0234375,78947.9609375,78913.046875,78913.046875,0
2026-08-25 19:29:00+00:00,78930.8984375,78930.8984375,78955.8203125,78925.9609375,78928.5234375,0
2026-08-25 19:30:00+00:00,78882.2265625,78882.2265625,78930.390625,78882.2265625,78920.8125,0
2026-08-25 19:31:00+00:00,78890.2421875,78890.2421875,78895.96875,78878.296875,78882.0078125,0
2026-08-25 19:32:00+00:00,78859.609375,78859.609375,78881.0078125,78852.0078125,78878.65625,0
2026-08-25 19:33:00+00:00,78843.59375,78843.59375,78867.3671875,78824.5390625,78859.609375,0
2026-08-25 19:34:00+00:00,78888.2578125,78888.2578125,78888.2578125,78834.7109375,78843.59375,0
2026-08-25 19:35:00+00:00,78909.25,78909.25,78945.6015625,78891.1171875,78891.1171875,0
2026-08-25 19:36:00+00:00,78928.0078125,78928.0078125,78932.703125,78909.2578125,78909.2578125,0
2026-08-25 19:37:00+00:00,78877.2890625,78877.2890625,78924.328125,78877.2890625,78924.328125,0
2026-08-25 19:38:00+00:00,78898.6015625,78898.6015625,78919.0390625,78891.09375,78891.09375,2469888
2026-08-25 19:39:00+00:00,78883.2109375,78883.2109375,78913.8828125,78883.2109375,78908.7265625,0
2026-08-25 19:40:00+00:00,78825.4296875,78825.4296875,78887.03125,78825.4296875,78887.03125,256139264
2026-08-25 19:41:00+00:00,78872.40625,78872.40625,78881.34375,78819.078125,78819.078125,1069056
2026-08-25 19:42:00+00:00,78816.046875,78816.046875,78866.4921875,78780.0078125,78866.4921875,0
2026-08-25 19:43:00+00:00,78760.2578125,78760.2578125,78817.0625,78738.28125,78817.0625,0
2026-08-25 19:44:00+00:00,78756.640625,78756.640625,78759.53125,78736.4375,78751.1328125,0
2026-08-25 19:45:00+00:00,78794.5078125,78794.5078125,78816.671875,78769.90625,78769.90625,0
2026-08-25 19:46:00+00:00,78756.65625,78756.65625,78800.7265625,78756.65625,78798.1796875,0
2026-08-25 19:47:00+00:00,78781.03125,78781.03125,78784.7109375,78744.6015625,78744.6015625,21565440
2026-08-25 19:48:00+00:00,78782.703125,78782.703125,78796.046875,78771.328125,78791.0234375,0
2026-08-25 19:49:00+00:00,78765.4765625,78765.4765625,78829.8984375,78756.4921875,78784.703125,54902784
2026-08-25 19:50:00+00:00,78763.0234375,78763.0234375,78767.3203125,78756.296875,78761.2890625,0
2026-08-25 19:51:00+00:00,78865.3203125,78865.3203125,78866.4296875,78778.421875,78778.421875,0
2026-08-25 19:52:00+00:00,78880.3671875,78880.3671875,78903.2421875,78868.59375,78868.59375,0
2026-08-25 19:53:00+00:00,78934.0625,78934.0625,78943.359375,78890.5390625,78890.5390625,4263936
2026-08-25 19:54:00+00:00,78923.796875,78923.796875,78939.3515625,78919.21875,78927.03125,0
2026-08-25 19:55:00+00:00,78870.7734375,78870.7734375,78902.0703125,78857.5078125,78894.2734375,104210432
2026-08-25 19:56:00+00:00,78924.3203125,78924.3203125,78924.3203125,78875.609375,78875.609375,0
2026-08-25 19:57:00+00:00,78920.2109375,78920.2109375,78930.5390625,78920.0703125,78921.5625,0
2026-08-25 19:58:00+00:00,78929.9921875,78929.9921875,78931.609375,78914.2578125,78914.2578125,9916416
2026-08-25 19:59:00+00:00,78923.8125,78923.8125,78952.921875,78923.8125,78933.3125,0
2026-08-25 20:00:00+00:00,78920.90625,78920.90625,78981.0703125,78920.90625,78964.0,0
2026-08-25 20:01:00+00:00,78897.0234375,78897.0234375,78925.0078125,78886.65625,78925.0078125,0
2026-08-25 20:02:00+00:00,78872.5234375,78872.5234375,78921.8671875,78872.5234375,78897.03125,61325312
2026-08-25 20:03:00+00:00,78806.2421875,78806.2421875,78872.84375,78806.2421875,78856.046875,0
2026-08-25 20:04:00+00:00,78789.2578125,78789.2578125,78795.9296875,78687.96875,78795.9296875,0
2026-08-25 20:05:00+00:00,78802.171875,78802.171875,78819.828125,78743.9921875,78804.0,77234176
2026-08-25 20:06:00+00:00,78810.46875,78810.46875,78851.5234375,78805.140625,78805.140625,0
2026-08-25 20:07:00+00:00,78815.109375,78815.109375,78866.4765625,78815.109375,78847.5078125,0
2026-08-25 20:08:00+00:00,78846.6796875,78846.6796875,78856.4296875,78818.890625,78818.890625,10788864
2026-08-25 20:09:00+00:00,78867.3515625,78867.3515625,78867.3515625,78839.5625,78847.2890625,0
2026-08-25 20:10:00+00:00,78857.71875,78857.71875,78875.2734375,78835.890625,78868.8828125,0
2026-08-25 20:11:00+00:00,78804.53125,78804.53125,78828.84375,78797.0703125,78828.84375,6045696
2026-08-25 20:12:00+00:00,78804.1484375,78804.1484375,78835.109375,78804.1484375,78809.1796875,0
2026-08-25 20:13:00+00:00,78851.109375,78851.109375,78851.109375,78796.09375,78804.0078125,26877952
2026-08-25 20:14:00+00:00,78887.0,78887.0,78887.0,78846.7421875,78866.65625,0
2026-08-25 20:15:00+00:00,78888.0,78888.0,78888.0,78867.3671875,78880.6328125,141860864
2026-08-25 20:16:00+00:00,78843.609375,78843.609375,78916.6796875,78843.609375,78906.09375,0
2026-08-25 20:17:00+00:00,78883.328125,78883.328125,78889.296875,78846.6328125,78856.1875,0
2026-08-25 20:18:00+00:00,78918.0234375,78918.0234375,78935.6171875,78900.0,78900.0,3522560
2026-08-25 20:19:00+00:00,78963.703125,78963.703125,78965.2734375,78930.71875,78930.71875,0
2026-08-25 20:20:00+00:00,78925.0078125,78925.0078125,78958.0078125,78906.96875,78958.0078125,0
2026-08-25 20:21:00+00:00,78912.4765625,78912.4765625,78925.9921875,78909.84375,78909.84375,0
2026-08-25 20:22:00+00:00,78917.140625,78917.140625,78925.9921875,78897.4375,78897.4375,0
2026-08-25 20:23:00+00:00,78927.578125,78927.578125,78927.578125,78912.4375,78912.4375,0
2026-08-25 20:24:00+00:00,78891.1328125,78891.1328125,78929.390625,78891.1328125,78929.390625,0
2026-08-25 20:25:00+00:00,78851.5390625,78851.5390625,78891.1328125,78846.6328125,78891.1328125,36368384
2026-08-25 20:26:00+00:00,78812.2265625,78812.2265625,78854.7265625,78804.1484375,78851.5390625,0
2026-08-25 20:27:00+00:00,78799.359375,78799.359375,78834.2109375,78773.6796875,78834.2109375,117420032
2026-08-25 20:28:00+00:00,78789.4765625,78789.4765625,78815.28125,78776.7421875,78815.28125,0
2026-08-25 20:29:00+00:00,78772.3203125,78772.3203125,78808.578125,78759.2265625,78794.2734375,0
2026-08-25 20:30:00+00:00,78739.9921875,78739.9921875,78789.3671875,78739.9921875,78772.328125,0
2026-08-25 20:31:00+00:00,78728.3203125,78728.3203125,78756.5078125,78687.5078125,78724.8125,0
2026-08-25 20:32:00+00:00,78736.6484375,78736.6484375,78745.75,78712.578125,78722.640625,0
2026-08-25 20:33:00+00:00,78757.859375,78757.859375,78764.3984375,78736.6328125,78736.6328125,6008832
2026-08-25 20:34:00+00:00,78756.4765625,78756.4765625,78757.859375,78735.5390625,78757.859375,0
2026-08-25 20:35:00+00:00,78783.359375,78783.359375,78783.359375,78756.4765625,78756.4765625,21491712
2026-08-25 20:36:00+00:00,78758.0625,78758.0625,78773.25,78718.953125,78773.25,154062848
2026-08-25 20:37:00+00:00,78740.6484375,78740.6484375,78769.2734375,78740.6484375,78750.7578125,0
2026-08-25 20:38:00+00:00,78691.7890625,78691.7890625,78728.7421875,78691.578125,78728.7421875,0
2026-08-25 20:39:00+00:00,78580.71875,78580.71875,78676.7265625,78568.640625,78669.3671875,0
2026-08-25 20:40:00+00:00,78544.296875,78544.296875,78605.9921875,78541.578125,78591.6796875,3112960
2026-08-25 20:41:00+00:00,78540.703125,78540.703125,78562.0,78539.65625,78562.0,0
2026-08-25 20:42:00+00:00,78500.1015625,78500.1015625,78541.53125,78466.421875,78538.0234375,0
2026-08-25 20:43:00+00:00,78508.4765625,78508.4765625,78508.4765625,78455.921875,78477.5078125,0
2026-08-25 20:44:00+00:00,78463.4296875,78463.4296875,78542.8984375,78406.078125,78508.4765625,4677632
2026-08-25 20:45:00+00:00,78522.1015625,78522.1015625,78522.109375,78476.140625,78484.4375,0
2026-08-25 20:46:00+00:00,78328.90625,78328.90625,78526.2109375,78319.84375,78513.5390625,11264000
2026-08-25 20:47:00+00:00,78217.9296875,78217.9296875,78287.140625,78217.9296875,78287.140625,0
2026-08-25 20:48:00+00:00,78182.9375,78182.9375,78257.5234375,78181.5,78243.03125,0
2026-08-25 20:49:00+00:00,78223.7421875,78223.7421875,78263.2265625,78178.328125,78178.328125,14811136
2026-08-25 20:50:00+00:00,78412.4609375,78412.4609375,78412.4609375,78221.421875,78238.71875,0
2026-08-25 20:51:00+00:00,78344.640625,78344.640625,78390.71875,78320.75,78390.71875,178909184
2026-08-25 20:52:00+00:00,78285.3828125,78285.3828125,78360.4765625,78273.3671875,78360.4765625,0
2026-08-25 20:53:00+00:00,78232.09375,78232.09375,78280.859375,78232.09375,78273.3671875,0
2026-08-25 20:54:00+00:00,78269.5625,78269.5625,78312.0703125,78249.6015625,78249.6015625,0
2026-08-25 20:55:00+00:00,78264.5078125,78264.5078125,78280.109375,78230.421875,78280.109375,0
2026-08-25 20:56:00+00:00,78194.171875,78194.171875,78281.6484375,78193.359375,78241.3515625,0
2026-08-25 20:57:00+00:00,78215.2734375,78215.2734375,78215.2734375,78171.1015625,78193.3125,0
2026-08-25 20:58:00+00:00,78202.0703125,78202.0703125,78244.3125,78174.078125,78244.3125,158986240
2026-08-25 20:59:00+00:00,78184.046875,78184.046875,78210.7421875,78184.046875,78207.96875,0
2026-08-25 21:00:00+00:00,78215.8828125,78215.8828125,78221.671875,78152.4375,78165.2890625,204783616
2026-08-25 21:01:00+00:00,78107.046875,78107.046875,78201.6875,78107.046875,78201.21875,0
2026-08-25 21:02:00+00:00,78172.9609375,78172.9609375,78172.9609375,78113.1796875,78116.0234375,0
2026-08-25 21:03:00+00:00,78133.3828125,78133.3828125,78284.8515625,78133.3828125,78201.796875,0
2026-08-25 21:04:00+00:00,78199.8515625,78199.8515625,78211.0390625,78154.5625,78154.5625,65384448
2026-08-25 21:05:00+00:00,78266.5,78266.5,78288.0625,78212.3671875,78212.3671875,9760768
2026-08-25 21:06:00+00:00,78234.296875,78234.296875,78283.7890625,78230.953125,78283.0,0
2026-08-25 21:07:00+00:00,77988.453125,77988.453125,78250.8984375,77940.71875,78250.8984375,201711616
2026-08-25 21:08:00+00:00,78026.5,78026.5,78026.5,77871.7421875,77961.7421875,0
2026-08-25 21:09:00+00:00,77965.703125,77965.703125,78098.78125,77965.703125,78043.5234375,111271936
2026-08-25 21:10:00+00:00,78093.421875,78093.421875,78114.6796875,77954.921875,77954.921875,0
2026-08-25 21:11:00+00:00,78162.6015625,78162.6015625,78213.3984375,78078.5,78122.8828125,48082944
2026-08-25 21:12:00+00:00,78162.4921875,78162.4921875,78171.6328125,78112.6015625,78138.71875,223784960
2026-08-25 21:13:00+00:00,78280.828125,78280.828125,78280.828125,78178.5,78178.5,0
2026-08-25 21:14:00+00:00,78280.4765625,78280.4765625,78292.2265625,78265.4296875,78284.46875,0
2026-08-25 21:15:00+00:00,78226.359375,78226.359375,78265.453125,78200.0078125,78265.453125,0
2026-08-25 21:16:00+00:00,78312.9609375,78312.9609375,78340.2734375,78249.21875,78249.21875,160948224
2026-08-25 21:17:00+00:00,78336.953125,78336.953125,78336.953125,78301.96875,78326.953125,0
2026-08-25 21:18:00+00:00,78415.9296875,78415.9296875,78447.6015625,78351.65625,78357.2265625,76492800
2026-08-25 21:19:00+00:00,78435.671875,78435.671875,78439.6484375,78400.296875,78400.296875,0
2026-08-25 21:20:00+00:00,78292.171875,78292.171875,78450.546875,78270.09375,78450.546875,0
2026-08-25 21:21:00+00:00,78410.7421875,78410.7421875,78410.7421875,78312.953125,78312.953125,0
2026-08-25 21:22:00+00:00,78312.96875,78312.96875,78407.3828125,78312.96875,78407.3828125,100114432
2026-08-25 21:23:00+00:00,78340.9609375,78340.9609375,78354.1171875,78334.3125,78334.3125,0
2026-08-25 21:24:00+00:00,78370.7890625,78370.7890625,78380.4609375,78336.7265625,78340.9609375,57348096
2026-08-25 21:25:00+00:00,78390.6015625,78390.6015625,78390.6015625,78332.90625,78360.5,0
2026-08-25 21:26:00+00:00,78384.25,78384.25,78418.8203125,78384.25,78393.4609375,0
2026-08-25 21:27:00+00:00,78378.2890625,78378.2890625,78408.0,78368.40625,78368.40625,64565248
2026-08-25 21:28:00+00:00,78391.2734375,78391.2734375,78397.40625,78373.109375,78387.671875,0
2026-08-25 21:29:00+00:00,78447.7109375,78447.7109375,78478.0625,78391.2734375,78391.2734375,0
2026-08-25 21:30:00+00:00,78459.90625,78459.90625,78459.90625,78440.09375,78447.609375,0
2026-08-25 21:31:00+00:00,78431.3671875,78431.3671875,78465.8203125,78431.3671875,78465.78125,45936640
2026-08-25 21:32:00+00:00,78415.2578125,78415.2578125,78448.8828125,78405.8203125,78405.8203125,0
2026-08-25 21:33:00+00:00,78386.1328125,78386.1328125,78421.109375,78370.0078125,78410.890625,11399168
2026-08-25 21:34:00+00:00,78462.03125,78462.03125,78463.4296875,78386.1171875,78386.1171875,0
2026-08-25 21:35:00+00:00,78526.796875,78526.796875,78526.796875,78459.046875,78470.3125,0
2026-08-25 21:36:00+00:00,78576.0703125,78576.0703125,78609.1796875,78534.4609375,78534.4609375,0
2026-08-25 21:37:00+00:00,78544.0078125,78544.0078125,78582.03125,78544.0078125,78576.0703125,0
2026-08-25 21:38:00+00:00,78556.2578125,78556.2578125,78565.25,78534.7265625,78550.140625,5484544
2026-08-25 21:39:00+00:00,78606.0,78606.0,78607.0703125,78558.4765625,78558.4765625,0
2026-08-25 21:40:00+00:00,78642.21875,78642.21875,78642.21875,78576.71875,78596.671875,30801920
2026-08-25 21:41:00+00:00,78599.390625,78599.390625,78640.65625,78585.8828125,78640.65625,0
2026-08-25 21:42:00+00:00,78603.3203125,78603.3203125,78603.3203125,78576.8203125,78590.171875,0
2026-08-25 21:43:00+00:00,78583.671875,78583.671875,78603.3203125,78571.859375,78603.3203125,39370752
2026-08-25 21:44:00+00:00,78577.8984375,78577.8984375,78603.3125,78554.59375,78586.546875,0
2026-08-25 21:45:00+00:00,78592.46875,78592.46875,78598.0703125,78558.2109375,78569.2734375,0
2026-08-25 21:46:00+00:00,78600.5,78600.5,78621.78125,78590.96875,78593.9609375,0
2026-08-25 21:47:00+00:00,78583.7578125,78583.7578125,78590.15625,78564.328125,78566.40625,47280128
2026-08-25 21:48:00+00:00,78597.96875,78597.96875,78597.96875,78566.9609375,78573.6171875,154681344
2026-08-25 21:49:00+00:00,78621.0078125,78621.0078125,78621.0078125,78600.0,78600.0,0
2026-08-25 21:50:00+00:00,78588.09375,78588.09375,78621.0078125,78576.609375,78621.0,0
2026-08-25 21:51:00+00:00,78582.25,78582.25,78598.7265625,78582.2421875,78587.609375,19533824
2026-08-25 21:52:00+00:00,78590.0,78590.0,78598.0390625,78546.171875,78566.2734375,2854912
2026-08-25 21:53:00+00:00,78574.0390625,78574.0390625,78586.4375,78571.890625,78571.890625,0
2026-08-25 21:54:00+00:00,78608.3828125,78608.3828125,78608.3828125,78574.0390625,78574.0390625,0
2026-08-25 21:55:00+00:00,78574.3125,78574.3125,78574.3125,78520.8515625,78558.4765625,0
2026-08-25 21:56:00+00:00,78637.671875,78637.671875,78637.671875,78545.828125,78553.6171875,11714560
2026-08-25 21:57:00+00:00,78592.65625,78592.65625,78660.53125,78588.3671875,78640.25,5767168
2026-08-25 21:58:00+00:00,78575.2265625,78575.2265625,78633.703125,78568.4765625,78592.6484375,0
2026-08-25 21:59:00+00:00,78550.578125,78550.578125,78605.9921875,78550.578125,78584.3671875,0
2026-08-25 22:00:00+00:00,78653.5078125,78653.5078125,78653.5078125,78552.2109375,78552.2109375,0
2026-08-25 22:01:00+00:00,78645.609375,78645.609375,78667.9296875,78593.96875,78654.078125,59715584
2026-08-25 22:02:00+00:00,78653.5078125,78653.5078125,78666.359375,78606.0078125,78666.359375,0
2026-08-25 22:03:00+00:00,78714.8828125,78714.8828125,78714.8828125,78663.84375,78663.84375,0
2026-08-25 22:04:00+00:00,78705.546875,78705.546875,78716.8671875,78693.4296875,78714.890625,589824
2026-08-25 22:05:00+00:00,78716.890625,78716.890625,78753.7890625,78700.0078125,78700.0078125,0
2026-08-25 22:06:00+00:00,78766.640625,78766.640625,78768.3515625,78716.890625,78716.890625,0
2026-08-25 22:07:00+00:00,78799.9921875,78799.9921875,78799.9921875,78766.640625,78766.640625,0
2026-08-25 22:08:00+00:00,78817.2109375,78817.2109375,78854.2578125,78799.9921875,78799.9921875,0
2026-08-25 22:09:00+00:00,78808.328125,78808.328125,78826.5234375,78803.4296875,78816.953125,0
2026-08-25 22:10:00+00:00,78820.59375,78820.59375,78839.703125,78797.078125,78797.078125,16191488
2026-08-25 22:11:00+00:00,78903.71875,78903.71875,78906.71875,78817.796875,78820.6171875,0
2026-08-25 22:12:00+00:00,78899.0390625,78899.0390625,78906.71875,78867.3671875,78903.71875,71061504
2026-08-25 22:13:00+00:00,78924.4921875,78924.4921875,78935.84375,78883.96875,78898.203125,0
2026-08-25 22:14:00+00:00,78914.890625,78914.890625,78925.4609375,78875.2890625,78924.6796875,2924544
2026-08-25 22:15:00+00:00,78942.90625,78942.90625,78942.921875,78914.890625,78914.890625,0
2026-08-25 22:16:00+00:00,78966.7890625,78966.7890625,78989.9921875,78925.5390625,78942.921875,20201472
2026-08-25 22:17:00+00:00,78878.0078125,78878.0078125,78962.3984375,78878.0078125,78962.3984375,0
2026-08-25 22:18:00+00:00,78859.4375,78859.4375,78882.1015625,78832.15625,78882.1015625,0
2026-08-25 22:19:00+00:00,78914.8671875,78914.8671875,78914.8671875,78859.4375,78859.4375,14426112
2026-08-25 22:20:00+00:00,78835.6796875,78835.6796875,78922.796875,78835.6796875,78922.796875,0
2026-08-25 22:21:00+00:00,78828.1875,78828.1875,78844.78125,78813.28125,78844.78125,0
2026-08-25 22:22:00+00:00,78807.0390625,78807.0390625,78835.6796875,78807.0390625,78835.671875,0
2026-08-25 22:23:00+00:00,78833.9765625,78833.9765625,78835.6796875,78822.7890625,78822.7890625,127938560
2026-08-25 22:24:00+00:00,78864.890625,78864.890625,78867.3515625,78840.296875,78859.40625,28749824
2026-08-25 22:25:00+00:00,78816.953125,78816.953125,78864.890625,78816.953125,78864.890625,0
2026-08-25 22:26:00+00:00,78725.0703125,78725.0703125,78795.296875,78725.0703125,78787.3203125,0
2026-08-25 22:27:00+00:00,78616.453125,78616.453125,78743.2578125,78613.921875,78731.6484375,0
2026-08-25 22:28:00+00:00,78590.15625,78590.15625,78668.8828125,78590.15625,78668.8828125,16687104
2026-08-25 22:29:00+00:00,78632.5390625,78632.5390625,78636.09375,78600.078125,78600.078125,0
2026-08-25 22:30:00+00:00,78637.671875,78637.671875,78637.671875,78583.5234375,78627.1484375,0
2026-08-25 22:31:00+00:00,78716.8671875,78716.8671875,78716.8671875,78637.671875,78637.6796875,26132480
2026-08-25 22:32:00+00:00,78752.8203125,78752.8203125,78772.3125,78732.7109375,78732.7109375,0
2026-08-25 22:33:00+00:00,78800.0,78800.0,78800.0,78756.46875,78756.46875,0
2026-08-25 22:34:00+00:00,78835.65625,78835.65625,78846.546875,78794.9296875,78800.0,58249216
2026-08-25 22:35:00+00:00,78845.96875,78845.96875,78845.96875,78819.4921875,78829.21875,0
2026-08-25 22:36:00+00:00,78786.9765625,78786.9765625,78851.5078125,78774.9375,78845.96875,0
2026-08-25 22:37:00+00:00,78812.9296875,78812.9296875,78824.6328125,78764.40625,78764.40625,0
2026-08-25 22:38:00+00:00,78786.03125,78786.03125,78814.5078125,78786.03125,78812.9296875,0
2026-08-25 22:39:00+00:00,78785.8125,78785.8125,78816.84375,78768.4375,78780.25,0
2026-08-25 22:40:00+00:00,78793.5234375,78793.5234375,78796.078125,78775.21875,78785.8125,7471104
2026-08-25 22:41:00+00:00,78811.953125,78811.953125,78819.09375,78794.3203125,78798.890625,0
2026-08-25 22:42:00+00:00,78810.140625,78810.140625,78827.75,78801.40625,78811.953125,154873856
2026-08-25 22:43:00+00:00,78778.7578125,78778.7578125,78820.203125,78771.328125,78816.5234375,0
2026-08-25 22:44:00+00:00,78777.9921875,78777.9921875,78781.9609375,78765.3515625,78771.34375,0
2026-08-25 22:45:00+00:00,78838.4921875,78838.4921875,78846.40625,78764.40625,78764.40625,0
2026-08-25 22:46:00+00:00,78823.53125,78823.53125,78842.75,78819.84375,78842.75,7176192
2026-08-25 22:47:00+00:00,78845.3984375,78845.3984375,78845.3984375,78823.53125,78823.53125,0
2026-08-25 22:48:00+00:00,78850.9296875,78850.9296875,78859.4375,78846.0234375,78859.4375,0
2026-08-25 22:49:00+00:00,78858.2109375,78858.2109375,78858.2109375,78803.3984375,78825.0078125,0
2026-08-25 22:50:00+00:00,78864.5625,78864.5625,78887.6875,78842.71875,78858.2109375,0
2026-08-25 22:51:00+00:00,78861.75,78861.75,78875.2734375,78860.609375,78867.3515625,0
2026-08-25 22:52:00+00:00,78884.703125,78884.703125,78887.4609375,78869.1328125,78869.1328125,37703680
2026-08-25 22:53:00+00:00,78883.2109375,78883.2109375,78910.9296875,78883.2109375,78888.65625,819200
2026-08-25 22:54:00+00:00,78888.0390625,78888.0390625,78897.7265625,78882.9296875,78883.2109375,0
2026-08-25 22:55:00+00:00,78886.6875,78886.6875,78893.03125,78860.4765625,78888.0390625,0
2026-08-25 22:56:00+00:00,78906.96875,78906.96875,78932.828125,78906.96875,78913.59375,0
2026-08-25 22:57:00+00:00,78895.8203125,78895.8203125,78933.6171875,78895.8203125,78899.0703125,0
2026-08-25 22:58:00+00:00,78897.953125,78897.953125,78911.703125,78896.390625,78906.96875,0
2026-08-25 22:59:00+00:00,78876.8671875,78876.8671875,78902.6015625,78875.2890625,78897.953125,1531904
2026-08-25 23:00:00+00:00,78898.7734375,78898.7734375,78898.7734375,78847.8671875,78876.8671875,0
2026-08-25 23:01:00+00:00,78934.609375,78934.609375,78954.4765625,78898.78125,78898.78125,160395264
2026-08-25 23:02:00+00:00,78943.1015625,78943.1015625,78952.5234375,78942.578125,78942.578125,0
2026-08-25 23:03:00+00:00,78937.90625,78937.90625,78962.4609375,78937.90625,78943.1015625,0
2026-08-25 23:04:00+00:00,78950.4765625,78950.4765625,78950.4765625,78887.171875,78937.90625,0
2026-08-25 23:05:00+00:00,78933.59375,78933.59375,78956.796875,78933.59375,78949.90625,0
2026-08-25 23:06:00+00:00,78874.421875,78874.421875,78963.3984375,78867.359375,78944.3828125,17702912
2026-08-25 23:07:00+00:00,78840.8984375,78840.8984375,78899.03125,78836.28125,78899.03125,20590592
2026-08-25 23:08:00+00:00,78847.703125,78847.703125,78853.8203125,78816.0078125,78840.8984375,0
2026-08-25 23:09:00+00:00,78825.796875,78825.796875,78847.703125,78813.3125,78847.6875,0
2026-08-25 23:10:00+00:00,78802.921875,78802.921875,78825.796875,78788.1484375,78825.796875,0
2026-08-25 23:11:00+00:00,78833.34375,78833.34375,78846.2734375,78788.7109375,78805.578125,10448896
2026-08-25 23:12:00+00:00,78821.7890625,78821.7890625,78829.15625,78799.859375,78829.15625,0
2026-08-25 23:13:00+00:00,78956.609375,78956.609375,78956.609375,78838.1015625,78838.1015625,0
2026-08-25 23:14:00+00:00,78940.0,78940.0,78951.9609375,78930.71875,78951.9609375,1409024
2026-08-25 23:15:00+00:00,78908.0390625,78908.0390625,78954.4375,78908.0390625,78938.640625,0
2026-08-25 23:16:00+00:00,78936.328125,78936.328125,78946.5234375,78899.0390625,78899.0390625,0
2026-08-25 23:17:00+00:00,78916.1328125,78916.1328125,78931.6875,78894.96875,78931.6875,0
2026-08-25 23:18:00+00:00,78843.5,78843.5,78928.7265625,78843.5,78928.7265625,0
2026-08-25 23:19:00+00:00,78784.3515625,78784.3515625,78843.5,78755.7421875,78843.5,0
2026-08-25 23:20:00+00:00,78756.5078125,78756.5078125,78782.546875,78726.0,78782.546875,0
2026-08-25 23:21:00+00:00,78745.8671875,78745.8671875,78779.96875,78724.8125,78779.96875,4788224
2026-08-25 23:22:00+00:00,78732.6328125,78732.6328125,78775.6875,78715.5625,78715.5625,0
2026-08-25 23:23:00+00:00,78716.890625,78716.890625,78755.25,78716.890625,78755.25,0
2026-08-25 23:24:00+00:00,78665.2421875,78665.2421875,78724.7890625,78653.5234375,78724.7890625,0
2026-08-25 23:25:00+00:00,78637.7890625,78637.7890625,78684.7109375,78628.8515625,78684.7109375,4509696
2026-08-25 23:26:00+00:00,78628.34375,78628.34375,78655.1875,78628.34375,78655.1875,0
2026-08-25 23:27:00+00:00,78637.6796875,78637.6796875,78648.453125,78618.859375,78643.7421875,209080320
2026-08-25 23:28:00+00:00,78701.0390625,78701.0390625,78701.0390625,78649.7890625,78649.7890625,0
2026-08-25 23:29:00+00:00,78723.03125,78723.03125,78737.1015625,78691.25,78708.40625,0
2026-08-25 23:30:00+00:00,78624.1015625,78624.1015625,78732.2421875,78624.1015625,78721.8125,0
2026-08-25 23:31:00+00:00,78657.8203125,78657.8203125,78666.046875,78631.71875,78641.546875,0
2026-08-25 23:32:00+00:00,78693.0703125,78693.0703125,78706.9921875,78660.640625,78660.640625,11276288
2026-08-25 23:33:00+00:00,78732.25,78732.25,78732.25,78684.6796875,78684.6796875,0
2026-08-25 23:34:00+00:00,78755.0390625,78755.0390625,78795.2734375,78736.2578125,78740.140625,0
2026-08-25 23:35:00+00:00,78706.2265625,78706.2265625,78759.4921875,78685.2109375,78752.8515625,0
2026-08-25 23:36:00+00:00,78712.796875,78712.796875,78731.453125,78708.9609375,78708.9609375,55201792
2026-08-25 23:37:00+00:00,78694.8125,78694.8125,78707.2734375,78680.0,78697.140625,0
2026-08-25 23:38:00+00:00,78658.2734375,78658.2734375,78692.4765625,78647.4609375,78677.2890625,0
2026-08-25 23:39:00+00:00,78635.4609375,78635.4609375,78643.7109375,78624.7734375,78643.7109375,7368704
2026-08-25 23:40:00+00:00,78636.2265625,78636.2265625,78657.0625,78630.5078125,78655.4765625,0
2026-08-25 23:41:00+00:00,78602.421875,78602.421875,78645.46875,78602.421875,78636.2265625,0
2026-08-25 23:42:00+00:00,78550.546875,78550.546875,78611.0078125,78511.0078125,78611.0078125,0
2026-08-25 23:43:00+00:00,78555.7265625,78555.7265625,78574.4296875,78528.6875,78542.4765625,0
2026-08-25 23:44:00+00:00,78585.2109375,78585.2109375,78590.140625,78542.6484375,78542.6484375,0
2026-08-25 23:45:00+00:00,78491.9296875,78491.9296875,78566.40625,78466.1328125,78566.40625,0
2026-08-25 23:46:00+00:00,78509.9609375,78509.9609375,78509.9609375,78455.4765625,78473.1328125,0
2026-08-25 23:47:00+00:00,78490.0234375,78490.0234375,78542.640625,78475.6015625,78525.8515625,6041600
2026-08-25 23:48:00+00:00,78451.5625,78451.5625,78502.828125,78451.5625,78502.828125,40034304
2026-08-25 23:49:00+00:00,78479.09375,78479.09375,78479.09375,78416.2265625,78454.0703125,0
2026-08-25 23:50:00+00:00,78439.703125,78439.703125,78503.0390625,78439.703125,78480.28125,17940480
2026-08-25 23:51:00+00:00,78419.703125,78419.703125,78430.25,78403.578125,78422.46875,0
2026-08-25 23:52:00+00:00,78405.3203125,78405.3203125,78413.40625,78394.7109375,78403.0390625,0
2026-08-25 23:53:00+00:00,78495.109375,78495.109375,78495.109375,78388.96875,78405.34375,0
2026-08-25 23:54:00+00:00,78495.109375,78495.109375,78526.796875,78458.5234375,78497.3984375,186478592
2026-08-25 23:55:00+00:00,78474.1328125,78474.1328125,78503.03125,78462.96875,78483.5078125,0
2026-08-25 23:56:00+00:00,78554.0,78554.0,78554.0,78476.796875,78480.15625,3477504
2026-08-25 23:57:00+00:00,78549.171875,78549.171875,78571.921875,78548.453125,78553.9921875,0
2026-08-25 23:58:00+00:00,78510.7890625,78510.7890625,78597.578125,78510.7890625,78566.421875,10600448
2026-08-26 00:00:00+00:00,78485.9921875,78485.9921875,78574.0390625,78485.9921875,78574.0390625,0
2026-08-26 00:01:00+00:00,78470.640625,78470.640625,78499.7890625,78468.203125,78497.359375,0
2026-08-26 00:02:00+00:00,78483.8125,78483.8125,78566.3828125,78457.1875,78457.1875,0
2026-08-26 00:03:00+00:00,78541.421875,78541.421875,78541.421875,78456.25,78495.140625,0
2026-08-26 00:04:00+00:00,78613.6015625,78613.6015625,78613.6015625,78542.6171875,78542.6171875,0
2026-08-26 00:05:00+00:00,78455.84375,78455.84375,78602.390625,78448.2578125,78600.3671875,0
2026-08-26 00:06:00+00:00,78463.4375,78463.4375,78505.609375,78448.203125,78455.8203125,0
2026-08-26 00:07:00+00:00,78450.4921875,78450.4921875,78453.9765625,78422.75,78453.9765625,9846784
2026-08-26 00:08:00+00:00,78398.65625,78398.65625,78449.609375,78396.9296875,78449.609375,0
2026-08-26 00:09:00+00:00,78360.46875,78360.46875,78403.5234375,78319.5078125,78389.5703125,0
2026-08-26 00:10:00+00:00,78311.2578125,78311.2578125,78328.5625,78310.8515625,78313.4609375,0
2026-08-26 00:11:00+00:00,78447.59375,78447.59375,78447.59375,78323.7734375,78323.7734375,0
2026-08-26 00:12:00+00:00,78402.40625,78402.40625,78458.2421875,78389.1015625,78458.2421875,48541696
2026-08-26 00:13:00+00:00,78360.4765625,78360.4765625,78417.8203125,78334.578125,78402.40625,1847296
2026-08-26 00:14:00+00:00,78351.921875,78351.921875,78381.7578125,78320.8828125,78376.3203125,110755840
2026-08-26 00:15:00+00:00,78451.7265625,78451.7265625,78461.5234375,78328.796875,78351.921875,0
2026-08-26 00:16:00+00:00,78433.953125,78433.953125,78490.40625,78421.84375,78490.40625,28672000
2026-08-26 00:17:00+00:00,78472.421875,78472.421875,78472.421875,78441.6328125,78441.6328125,0
2026-08-26 00:18:00+00:00,78575.84375,78575.84375,78575.84375,78467.453125,78467.453125,0
2026-08-26 00:19:00+00:00,78513.828125,78513.828125,78573.3828125,78513.828125,78550.953125,0
2026-08-26 00:20:00+00:00,78542.6484375,78542.6484375,78560.203125,78503.4375,78509.421875,4706304
2026-08-26 00:21:00+00:00,78526.8125,78526.8125,78550.546875,78493.2265625,78542.6484375,0
2026-08-26 00:22:00+00:00,78501.5625,78501.5625,78523.9609375,78459.0234375,78523.9609375,0
2026-08-26 00:23:00+00:00,78576.1484375,78576.1484375,78576.1484375,78511.15625,78511.15625,0
2026-08-26 00:24:00+00:00,78574.25,78574.25,78605.9921875,78557.109375,78574.5703125,6266880
2026-08-26 00:25:00+00:00,78506.2265625,78506.2265625,78563.8515625,78503.0390625,78563.8515625,0
2026-08-26 00:26:00+00:00,78557.2890625,78557.2890625,78566.390625,78520.03125,78520.4375,0
2026-08-26 00:27:00+00:00,78539.0,78539.0,78545.9375,78527.4296875,78542.828125,0
2026-08-26 00:28:00+00:00,78542.640625,78542.640625,78573.2578125,78500.3125,78529.7421875,25559040
2026-08-26 00:29:00+00:00,78587.4765625,78587.4765625,78587.4765625,78537.71875,78537.71875,0
2026-08-26 00:30:00+00:00,78629.0390625,78629.0390625,78639.046875,78574.2578125,78587.4765625,0
2026-08-26 00:31:00+00:00,78640.7265625,78640.7265625,78649.9765625,78617.28125,78617.296875,141094912
2026-08-26 00:32:00+00:00,78594.9609375,78594.9609375,78629.7578125,78573.2265625,78629.7578125,0
2026-08-26 00:33:00+00:00,78638.4296875,78638.4296875,78638.4296875,78594.953125,78594.953125,0
2026-08-26 00:34:00+00:00,78582.2265625,78582.2265625,78638.4296875,78574.359375,78638.4296875,0
2026-08-26 00:35:00+00:00,78562.6328125,78562.6328125,78574.3125,78510.3125,78558.4765625,66236416
2026-08-26 00:36:00+00:00,78562.8515625,78562.8515625,78572.7578125,78538.1484375,78538.1484375,0
2026-08-26 00:37:00+00:00,78434.40625,78434.40625,78562.8515625,78434.40625,78562.8515625,21577728
2026-08-26 00:38:00+00:00,78415.921875,78415.921875,78463.34375,78403.2421875,78423.84375,0
2026-08-26 00:39:00+00:00,78382.453125,78382.453125,78455.5078125,78382.453125,78425.0390625,0
2026-08-26 00:40:00+00:00,78405.8984375,78405.8984375,78423.828125,78376.3203125,78406.109375,0
2026-08-26 00:41:00+00:00,78393.0078125,78393.0078125,78449.9765625,78368.40625,78407.4609375,0
2026-08-26 00:42:00+00:00,78447.59375,78447.59375,78447.59375,78360.4765625,78407.9921875,0
2026-08-26 00:43:00+00:00,78369.1796875,78369.1796875,78476.8828125,78364.78125,78433.1171875,0
2026-08-26 00:44:00+00:00,78380.8515625,78380.8515625,78397.7421875,78357.0078125,78383.6484375,63471616
2026-08-26 00:45:00+00:00,78402.359375,78402.359375,78471.3515625,78371.6796875,78373.40625,0
2026-08-26 00:46:00+00:00,78402.71875,78402.71875,78416.2578125,78392.15625,78406.578125,0
2026-08-26 00:47:00+00:00,78398.859375,78398.859375,78415.671875,78365.96875,78415.40625,0
2026-08-26 00:48:00+00:00,78475.28125,78475.28125,78496.0625,78396.53125,78396.53125,0
2026-08-26 00:49:00+00:00,78519.328125,78519.328125,78541.296875,78510.859375,78510.859375,0
2026-08-26 00:50:00+00:00,78610.5078125,78610.5078125,78610.5078125,78518.953125,78527.1875,0
2026-08-26 00:51:00+00:00,78654.8984375,78654.8984375,78669.3515625,78602.6484375,78602.6484375,0
2026-08-26 00:52:00+00:00,78673.5703125,78673.5703125,78674.0,78629.7578125,78644.5078125,0
2026-08-26 00:53:00+00:00,78674.7578125,78674.7578125,78690.421875,78664.390625,78668.15625,0
2026-08-26 00:54:00+00:00,78697.8515625,78697.8515625,78707.6796875,78632.71875,78661.4375,0
2026-08-26 00:55:00+00:00,78654.21875,78654.21875,78671.2421875,78638.1796875,78669.359375,0
2026-08-26 00:56:00+00:00,78675.8828125,78675.8828125,78675.8828125,78645.6015625,78651.578125,0
2026-08-26 00:57:00+00:00,78657.5625,78657.5625,78675.9921875,78657.5625,78675.6484375,1186271232
2026-08-26 00:58:00+00:00,78661.359375,78661.359375,78675.9609375,78655.8828125,78655.8828125,0
2026-08-26 00:59:00+00:00,78632.359375,78632.359375,78649.7265625,78621.84375,78645.609375,0
2026-08-26 01:00:00+00:00,78640.453125,78640.453125,78669.34375,78613.71875,78613.71875,0
2026-08-26 01:01:00+00:00,78694.2265625,78694.2265625,78696.75,78638.40625,78647.546875,0
2026-08-26 01:02:00+00:00,78717.1484375,78717.1484375,78745.5234375,78694.2265625,78694.2265625,0
2026-08-26 01:03:00+00:00,78756.4765625,78756.4765625,78756.4765625,78701.0390625,78709.0703125,8753152
2026-08-26 01:04:00+00:00,78797.4921875,78797.4921875,78797.4921875,78757.671875,78771.78125,0
2026-08-26 01:05:00+00:00,78851.8671875,78851.8671875,78855.1015625,78804.0,78804.0,0
2026-08-26 01:06:00+00:00,78893.328125,78893.328125,78893.328125,78857.203125,78859.09375,0
2026-08-26 01:07:00+00:00,78807.7421875,78807.7421875,78898.21875,78807.7421875,78877.5703125,0
2026-08-26 01:08:00+00:00,78837.21875,78837.21875,78859.4296875,78829.46875,78829.46875,0
2026-08-26 01:09:00+00:00,78806.671875,78806.671875,78835.671875,78793.84375,78827.7734375,0
2026-08-26 01:10:00+00:00,78802.8203125,78802.8203125,78802.8203125,78745.5234375,78788.171875,0
2026-08-26 01:11:00+00:00,78799.421875,78799.421875,78799.421875,78764.40625,78788.84375,0
2026-08-26 01:12:00+00:00,78772.328125,78772.328125,78796.078125,78767.75,78791.59375,8151040
2026-08-26 01:13:00+00:00,78707.5703125,78707.5703125,78778.65625,78707.5703125,78778.65625,0
2026-08-26 01:14:00+00:00,78741.2265625,78741.2265625,78741.2265625,78702.9609375,78709.296875,39944192
2026-08-26 01:15:00+00:00,78796.09375,78796.09375,78824.7890625,78714.2578125,78738.1484375,0
2026-08-26 01:16:00+00:00,78843.2109375,78843.2109375,78843.2109375,78764.3984375,78780.25,0
2026-08-26 01:17:00+00:00,78831.8125,78831.8125,78867.921875,78831.8125,78858.3203125,0
2026-08-26 01:18:00+00:00,78800.2578125,78800.2578125,78851.5234375,78800.2578125,78848.8125,0
2026-08-26 01:19:00+00:00,78859.4296875,78859.4296875,78859.4296875,78812.640625,78815.3828125,643072
2026-08-26 01:20:00+00:00,78850.0625,78850.0625,78856.0078125,78835.6875,78853.6875,0
2026-08-26 01:21:00+00:00,78854.390625,78854.390625,78866.09375,78831.0078125,78831.0078125,96145408
2026-08-26 01:22:00+00:00,78830.5234375,78830.5234375,78865.546875,78830.5234375,78864.890625,0
2026-08-26 01:23:00+00:00,78866.0234375,78866.0234375,78866.0234375,78801.1171875,78829.953125,0
2026-08-26 01:24:00+00:00,78810.2734375,78810.2734375,78865.921875,78810.2734375,78865.921875,0
2026-08-26 01:25:00+00:00,78748.546875,78748.546875,78797.9375,78727.1875,78797.9375,0
2026-08-26 01:26:00+00:00,78716.96875,78716.96875,78751.0234375,78716.96875,78748.546875,0
2026-08-26 01:27:00+00:00,78754.75,78754.75,78761.6484375,78720.046875,78735.7890625,0
2026-08-26 01:28:00+00:00,78715.5,78715.5,78745.8984375,78707.078125,78745.8984375,0
2026-08-26 01:29:00+00:00,78709.546875,78709.546875,78715.5,78690.203125,78715.5,0
2026-08-26 01:30:00+00:00,78771.046875,78771.046875,78771.046875,78708.859375,78708.859375,0
2026-08-26 01:31:00+00:00,78821.6171875,78821.6171875,78821.6171875,78778.3203125,78778.3203125,0
2026-08-26 01:32:00+00:00,78870.6328125,78870.6328125,78888.3984375,78825.4375,78825.4375,0
2026-08-26 01:33:00+00:00,78851.53125,78851.53125,78897.1484375,78843.8671875,78883.203125,96755712
2026-08-26 01:34:00+00:00,78914.8671875,78914.8671875,78914.8671875,78860.71875,78860.71875,0
2026-08-26 01:35:00+00:00,78931.8125,78931.8125,78931.8125,78885.4375,78914.8671875,0
2026-08-26 01:36:00+00:00,78950.421875,78950.421875,78950.421875,78931.828125,78931.828125,0
2026-08-26 01:37:00+00:00,78907.65625,78907.65625,78954.4765625,78894.8203125,78940.2109375,0
2026-08-26 01:38:00+00:00,78890.8671875,78890.8671875,78913.078125,78883.921875,78900.0078125,0
2026-08-26 01:39:00+00:00,78902.2578125,78902.2578125,78906.6796875,78891.6171875,78899.0390625,0
2026-08-26 01:40:00+00:00,78875.2890625,78875.2890625,78905.2890625,78875.2890625,78889.1171875,161800192
2026-08-26 01:41:00+00:00,78839.578125,78839.578125,78883.0234375,78839.578125,78883.0234375,0
2026-08-26 01:42:00+00:00,78853.28125,78853.28125,78865.796875,78830.6484375,78837.7890625,0
2026-08-26 01:43:00+00:00,78851.53125,78851.53125,78874.859375,78851.53125,78863.03125,0
2026-08-26 01:44:00+00:00,78863.9375,78863.9375,78867.359375,78832.2890625,78851.5078125,0
2026-08-26 01:45:00+00:00,78823.5703125,78823.5703125,78863.578125,78814.1796875,78863.578125,0
2026-08-26 01:46:00+00:00,78790.453125,78790.453125,78829.109375,78790.453125,78814.203125,0
2026-08-26 01:47:00+00:00,78813.203125,78813.203125,78821.4921875,78803.2265625,78803.2265625,0
2026-08-26 01:48:00+00:00,78839.859375,78839.859375,78839.859375,78814.4296875,78821.4765625,0
2026-08-26 01:49:00+00:00,78830.078125,78830.078125,78839.859375,78804.53125,78839.859375,0
2026-08-26 01:50:00+00:00,78815.5703125,78815.5703125,78826.3828125,78786.8828125,78826.3828125,0
2026-08-26 01:51:00+00:00,78801.3984375,78801.3984375,78813.296875,78797.7421875,78804.796875,0
2026-08-26 01:52:00+00:00,78783.1171875,78783.1171875,78801.171875,78783.1171875,78801.171875,0
2026-08-26 01:53:00+00:00,78785.7265625,78785.7265625,78785.7265625,78775.8125,78783.1171875,101539840
2026-08-26 01:54:00+00:00,78786.421875,78786.421875,78804.0,78783.15625,78785.7265625,0
2026-08-26 01:55:00+00:00,78782.3125,78782.3125,78790.1171875,78782.3125,78786.421875,3399680
2026-08-26 01:56:00+00:00,78780.5234375,78780.5234375,78780.5234375,78758.5625,78772.328125,0
2026-08-26 01:57:00+00:00,78771.640625,78771.640625,78782.6875,78755.890625,78782.6875,0
2026-08-26 01:58:00+00:00,78791.546875,78791.546875,78799.90625,78780.2421875,78780.2421875,0
2026-08-26 01:59:00+00:00,78809.6328125,78809.6328125,78811.9296875,78803.46875,78808.7578125,0
2026-08-26 02:00:00+00:00,78823.5390625,78823.5390625,78839.8125,78810.5234375,78835.671875,0
2026-08-26 02:01:00+00:00,78872.71875,78872.71875,78872.71875,78804.0390625,78812.6171875,0
2026-08-26 02:02:00+00:00,78842.8984375,78842.8984375,78872.7265625,78842.8984375,78854.6328125,0
2026-08-26 02:03:00+00:00,78806.5234375,78806.5234375,78832.7890625,78804.0,78832.7890625,0
2026-08-26 02:04:00+00:00,78842.3203125,78842.3203125,78843.59375,78785.5234375,78796.09375,0
2026-08-26 02:05:00+00:00,78833.03125,78833.03125,78846.8828125,78830.03125,78845.296875,0
2026-08-26 02:06:00+00:00,78760.203125,78760.203125,78851.5078125,78760.203125,78845.2578125,0
2026-08-26 02:07:00+00:00,78780.2421875,78780.2421875,78780.2421875,78752.15625,78756.4921875,0
2026-08-26 02:08:00+00:00,78761.0234375,78761.0234375,78775.0078125,78743.3515625,78775.0078125,0
2026-08-26 02:09:00+00:00,78743.359375,78743.359375,78752.7578125,78743.359375,78750.0078125,0
2026-08-26 02:10:00+00:00,78760.2578125,78760.2578125,78765.65625,78745.6875,78745.84375,0
2026-08-26 02:11:00+00:00,78767.390625,78767.390625,78779.5703125,78758.2890625,78758.2890625,0
2026-08-26 02:12:00+00:00,78756.4921875,78756.4921875,78763.03125,78750.7890625,78763.03125,0
2026-08-26 02:13:00+00:00,78785.578125,78785.578125,78785.578125,78761.1484375,78766.453125,0
2026-08-26 02:14:00+00:00,78776.7109375,78776.7109375,78817.859375,78768.796875,78795.953125,0
2026-08-26 02:15:00+00:00,78778.2109375,78778.2109375,78788.15625,78770.46875,78776.7109375,0
2026-08-26 02:16:00+00:00,78818.59375,78818.59375,78819.84375,78788.1484375,78788.1484375,0
2026-08-26 02:17:00+00:00,78913.8984375,78913.8984375,78914.8828125,78818.8203125,78818.8203125,6418432
2026-08-26 02:18:00+00:00,78925.3828125,78925.3828125,78943.7109375,78914.8828125,78914.8828125,0
2026-08-26 02:19:00+00:00,78892.671875,78892.671875,78925.3984375,78884.328125,78914.8828125,0
2026-08-26 02:20:00+00:00,78947.3671875,78947.3671875,78947.3671875,78889.9375,78889.9375,0
2026-08-26 02:21:00+00:00,78897.203125,78897.203125,78939.6328125,78890.59375,78938.6328125,0
2026-08-26 02:22:00+00:00,78916.2578125,78916.2578125,78916.2578125,78899.046875,78899.046875,0
2026-08-26 02:23:00+00:00,78936.6015625,78936.6015625,78936.6015625,78906.9609375,78916.2578125,0
2026-08-26 02:24:00+00:00,78980.1328125,78980.1328125,78980.1328125,78942.8203125,78942.8203125,0
2026-08-26 02:25:00+00:00,79104.9609375,79104.9609375,79110.0,78979.8203125,78979.8203125,0
2026-08-26 02:26:00+00:00,79128.9921875,79128.9921875,79214.203125,79105.578125,79105.578125,0
2026-08-26 02:27:00+00:00,79202.953125,79202.953125,79204.5,79136.640625,79136.640625,0
2026-08-26 02:28:00+00:00,79239.078125,79239.078125,79239.09375,79192.09375,79192.09375,0
2026-08-26 02:29:00+00:00,79227.953125,79227.953125,79239.078125,79217.4609375,79239.078125,0
2026-08-26 02:30:00+00:00,79139.46875,79139.46875,79221.6875,79114.9921875,79221.6875,0
2026-08-26 02:31:00+00:00,79150.2578125,79150.2578125,79193.5078125,79130.7734375,79142.828125,0
2026-08-26 02:32:00+00:00,79176.21875,79176.21875,79176.21875,79130.3125,79150.2578125,0
2026-08-26 02:33:00+00:00,79225.9609375,79225.9609375,79234.609375,79184.15625,79184.15625,0
2026-08-26 02:34:00+00:00,79165.28125,79165.28125,79219.8203125,79150.796875,79219.8125,0
2026-08-26 02:35:00+00:00,79190.09375,79190.09375,79205.859375,79157.921875,79179.0078125,0
2026-08-26 02:36:00+00:00,79177.8203125,79177.8203125,79204.0625,79176.2421875,79204.0625,0
2026-08-26 02:37:00+00:00,79168.3203125,79168.3203125,79176.53125,79152.7109375,79176.2421875,0
2026-08-26 02:38:00+00:00,79180.7890625,79180.7890625,79191.0390625,79150.0078125,79170.140625,0
2026-08-26 02:39:00+00:00,79170.8984375,79170.8984375,79193.671875,79170.8984375,79193.671875,0
2026-08-26 02:40:00+00:00,79190.6171875,79190.6171875,79199.8125,79170.8984375,79170.8984375,0
2026-08-26 02:41:00+00:00,79150.8125,79150.8125,79190.6171875,79150.0078125,79190.609375,0
2026-08-26 02:42:00+00:00,79177.6796875,79177.6796875,79177.6796875,79125.0,79150.8125,0
2026-08-26 02:43:00+00:00,79145.1171875,79145.1171875,79177.9375,79145.1171875,79170.9765625,50425856
2026-08-26 02:44:00+00:00,79138.109375,79138.109375,79153.9296875,79138.109375,79152.4765625,0
2026-08-26 02:45:00+00:00,79163.59375,79163.59375,79168.3125,79132.7890625,79138.109375,0
2026-08-26 02:46:00+00:00,79122.28125,79122.28125,79163.578125,79122.28125,79163.578125,0
2026-08-26 02:47:00+00:00,79118.359375,79118.359375,79137.25,79118.203125,79122.2890625,0
2026-08-26 02:48:00+00:00,79117.796875,79117.796875,79132.3671875,79111.1171875,79123.8671875,0
2026-08-26 02:49:00+00:00,79112.859375,79112.859375,79117.796875,79085.203125,79117.796875,0
2026-08-26 02:50:00+00:00,79083.75,79083.75,79107.5234375,79079.4609375,79107.5234375,0
2026-08-26 02:51:00+00:00,79102.796875,79102.796875,79110.15625,79077.1328125,79079.453125,0
2026-08-26 02:52:00+00:00,79091.2890625,79091.2890625,79120.828125,79091.2890625,79102.7890625,0
2026-08-26 02:53:00+00:00,79076.6875,79076.6875,79100.3671875,79076.6796875,79100.3671875,0
2026-08-26 02:54:00+00:00,79060.5703125,79060.5703125,79065.3515625,79047.109375,79064.109375,0
2026-08-26 02:55:00+00:00,79102.2265625,79102.2265625,79102.5234375,79073.28125,79073.28125,0
2026-08-26 02:56:00+00:00,79118.34375,79118.34375,79122.921875,79102.2265625,79102.2265625,0
2026-08-26 02:57:00+00:00,79116.9921875,79116.9921875,79122.921875,79107.109375,79122.921875,0
2026-08-26 02:58:00+00:00,79118.078125,79118.078125,79122.5625,79118.078125,79122.546875,0
2026-08-26 02:59:00+00:00,79098.25,79098.25,79118.0703125,79098.25,79118.0703125,0
2026-08-26 03:00:00+00:00,79098.25,79098.25,79108.296875,79071.7109375,79092.4765625,0
2026-08-26 03:01:00+00:00,79143.3671875,79143.3671875,79143.3828125,79100.1796875,79100.1796875,34443264
2026-08-26 03:02:00+00:00,79112.8828125,79112.8828125,79176.2421875,79112.8828125,79176.2265625,0
2026-08-26 03:03:00+00:00,79067.5625,79067.5625,79134.4375,79064.53125,79126.921875,0
2026-08-26 03:04:00+00:00,79056.9375,79056.9375,79081.1875,79056.9375,79081.1875,0
2026-08-26 03:05:00+00:00,79061.1796875,79061.1796875,79075.84375,79056.9375,79056.9375,10010624
2026-08-26 03:06:00+00:00,79060.03125,79060.03125,79104.9609375,79060.03125,79075.84375,0
2026-08-26 03:07:00+00:00,79046.5234375,79046.5234375,79057.046875,79046.5078125,79049.5390625,0
2026-08-26 03:08:00+00:00,79033.75,79033.75,79046.5078125,79033.75,79046.5078125,0
2026-08-26 03:09:00+00:00,79037.96875,79037.96875,79045.78125,79037.2890625,79038.5234375,0
2026-08-26 03:10:00+00:00,79057.0625,79057.0625,79072.859375,79038.921875,79038.921875,0
2026-08-26 03:11:00+00:00,79061.34375,79061.34375,79070.21875,79055.3125,79057.0625,0
2026-08-26 03:12:00+00:00,79070.0390625,79070.0390625,79071.1171875,79066.90625,79066.90625,0
2026-08-26 03:13:00+00:00,79060.2890625,79060.2890625,79070.46875,79060.2890625,79070.46875,950272
2026-08-26 03:14:00+00:00,79057.2421875,79057.2421875,79075.828125,79055.3828125,79073.28125,0
2026-08-26 03:15:00+00:00,79053.046875,79053.046875,79057.4375,79034.296875,79034.296875,0
2026-08-26 03:16:00+00:00,79016.53125,79016.53125,79058.609375,79009.9296875,79053.0625,0
2026-08-26 03:17:00+00:00,79017.8515625,79017.8515625,79041.59375,79012.59375,79012.59375,0
2026-08-26 03:18:00+00:00,78996.8203125,78996.8203125,79017.8515625,78996.8203125,79017.8515625,0
2026-08-26 03:19:00+00:00,78980.046875,78980.046875,78996.8203125,78979.8515625,78996.8203125,0
2026-08-26 03:20:00+00:00,79005.796875,79005.796875,79010.40625,78986.078125,79010.40625,0
2026-08-26 03:21:00+00:00,79072.390625,79072.390625,79072.390625,79009.921875,79011.4609375,0
2026-08-26 03:22:00+00:00,79074.34375,79074.34375,79090.140625,79072.390625,79075.84375,0
2026-08-26 03:23:00+00:00,79100.3671875,79100.3671875,79104.9609375,79090.140625,79090.140625,0
2026-08-26 03:24:00+00:00,79086.2734375,79086.2734375,79100.3671875,79086.2578125,79100.3671875,0
2026-08-26 03:25:00+00:00,79086.21875,79086.21875,79100.1796875,79074.34375,79081.2109375,700416
2026-08-26 03:26:00+00:00,79094.359375,79094.359375,79104.9609375,79089.28125,79092.9296875,0
2026-08-26 03:27:00+00:00,79065.453125,79065.453125,79090.203125,79058.4609375,79090.203125,0
2026-08-26 03:28:00+00:00,79029.0625,79029.0625,79055.2421875,79025.859375,79055.2421875,0
2026-08-26 03:29:00+00:00,79033.1484375,79033.1484375,79041.6015625,79017.8515625,79039.4375,10653696
2026-08-26 03:30:00+00:00,79019.75,79019.75,79033.1484375,79012.359375,79033.1484375,0
2026-08-26 03:31:00+00:00,78972.53125,78972.53125,79010.0625,78972.53125,79010.0625,84090880
2026-08-26 03:32:00+00:00,78942.9765625,78942.9765625,78972.53125,78891.1328125,78972.53125,0
2026-08-26 03:33:00+00:00,78971.3203125,78971.3203125,78986.1015625,78942.9765625,78942.9765625,0
2026-08-26 03:34:00+00:00,78976.2265625,78976.2265625,78992.03125,78970.296875,78970.296875,0
2026-08-26 03:35:00+00:00,79043.8203125,79043.8203125,79043.8203125,78986.4375,78986.4375,0
2026-08-26 03:36:00+00:00,79066.28125,79066.28125,79104.9609375,79064.0,79064.0,0
2026-08-26 03:37:00+00:00,79037.96875,79037.96875,79057.4921875,79025.890625,79057.4921875,0
2026-08-26 03:38:00+00:00,79054.953125,79054.953125,79058.5,79012.5625,79012.5703125,0
2026-08-26 03:39:00+00:00,79035.203125,79035.203125,79047.859375,79033.71875,79047.859375,0
2026-08-26 03:40:00+00:00,78972.53125,78972.53125,79021.46875,78972.53125,79021.46875,57475072
2026-08-26 03:41:00+00:00,79021.46875,79021.46875,79021.46875,78973.6015625,78973.6015625,0
2026-08-26 03:42:00+00:00,79037.3671875,79037.3671875,79051.0078125,79027.34375,79027.34375,0
2026-08-26 03:43:00+00:00,79057.421875,79057.421875,79057.421875,79030.0234375,79035.2109375,0
2026-08-26 03:44:00+00:00,79041.6171875,79041.6171875,79071.4375,79041.609375,79057.421875,0
2026-08-26 03:45:00+00:00,79031.4296875,79031.4296875,79056.1171875,79031.4296875,79041.6171875,0
2026-08-26 03:46:00+00:00,78957.8203125,78957.8203125,79031.4296875,78957.8203125,79031.4296875,0
2026-08-26 03:47:00+00:00,78949.0078125,78949.0078125,78964.7890625,78944.5,78964.7890625,0
2026-08-26 03:48:00+00:00,78959.796875,78959.796875,78959.796875,78933.2265625,78949.0078125,67784704
2026-08-26 03:49:00+00:00,78969.2890625,78969.2890625,78969.2890625,78954.8671875,78959.796875,35672064
2026-08-26 03:50:00+00:00,78968.390625,78968.390625,78969.2890625,78944.296875,78969.2890625,0
2026-08-26 03:51:00+00:00,79007.3203125,79007.3203125,79007.3203125,78979.4921875,78996.546875,0
2026-08-26 03:52:00+00:00,79004.0703125,79004.0703125,79020.4375,78992.59375,78992.59375,10964992
2026-08-26 03:53:00+00:00,78992.40625,78992.40625,79017.828125,78992.40625,79004.078125,0
2026-08-26 03:54:00+00:00,79024.2109375,79024.2109375,79024.2109375,78997.9375,78998.1484375,0
2026-08-26 03:55:00+00:00,79073.2265625,79073.2265625,79073.2265625,79037.5,79038.28125,0
2026-08-26 03:56:00+00:00,79061.5390625,79061.5390625,79088.9921875,79061.53125,79080.609375,0
2026-08-26 03:57:00+00:00,79050.9765625,79050.9765625,79058.1484375,79050.9765625,79058.1484375,0
2026-08-26 03:58:00+00:00,79095.3828125,79095.3828125,79096.9921875,79050.9765625,79050.9765625,978923520
2026-08-26 03:59:00+00:00,79075.5234375,79075.5234375,79096.15625,79075.5234375,79096.15625,0
2026-08-26 04:00:00+00:00,79010.7109375,79010.7109375,79071.5625,79010.7109375,79066.40625,0
2026-08-26 04:01:00+00:00,78976.6171875,78976.6171875,79017.8515625,78976.6171875,79017.8515625,0
2026-08-26 04:02:00+00:00,78992.3984375,78992.3984375,78992.3984375,78954.3125,78969.8671875,15806464
2026-08-26 04:03:00+00:00,78956.1015625,78956.1015625,78999.421875,78955.46875,78999.421875,0
2026-08-26 04:04:00+00:00,79006.921875,79006.921875,79007.1328125,78959.09375,78959.328125,0
2026-08-26 04:05:00+00:00,79040.3828125,79040.3828125,79040.3828125,78986.171875,78995.578125,0
2026-08-26 04:06:00+00:00,79065.359375,79065.359375,79065.359375,79023.4921875,79026.1875,0
2026-08-26 04:07:00+00:00,79065.3515625,79065.3515625,79081.171875,79047.03125,79081.171875,19775488
2026-08-26 04:08:00+00:00,79042.0625,79042.0625,79104.9609375,79041.609375,79080.7421875,0
2026-08-26 04:09:00+00:00,79144.5703125,79144.5703125,79144.5703125,79042.0625,79042.0625,0
2026-08-26 04:10:00+00:00,79156.578125,79156.578125,79188.2421875,79144.5703125,79144.5703125,0
2026-08-26 04:11:00+00:00,79091.2109375,79091.2109375,79152.34375,79091.2109375,79152.34375,0
2026-08-26 04:12:00+00:00,79071.0703125,79071.0703125,79086.7265625,79071.0703125,79071.0703125,0
2026-08-26 04:13:00+00:00,79007.21875,79007.21875,79042.0625,78998.65625,79042.0625,0
2026-08-26 04:14:00+00:00,79033.96875,79033.96875,79033.96875,78967.78125,78996.0625,0
2026-08-26 04:15:00+00:00,79005.78125,79005.78125,79048.921875,78970.328125,79038.796875,53161984
2026-08-26 04:16:00+00:00,79045.65625,79045.65625,79048.9296875,79005.3984375,79005.4296875,17043456
2026-08-26 04:17:00+00:00,79030.75,79030.75,79030.7578125,79012.8671875,79014.9609375,0
2026-08-26 04:18:00+00:00,79075.46875,79075.46875,79089.4296875,79037.09375,79046.5703125,0
2026-08-26 04:19:00+00:00,79124.0,79124.0,79128.71875,79080.078125,79089.4296875,0
2026-08-26 04:20:00+00:00,79030.2578125,79030.2578125,79128.71875,79026.0703125,79120.796875,0
2026-08-26 04:21:00+00:00,79017.0,79017.0,79030.2578125,78994.09375,79030.2578125,0
2026-08-26 04:22:00+00:00,79027.2890625,79027.2890625,79027.2890625,79022.7265625,79022.7265625,0
2026-08-26 04:23:00+00:00,79065.359375,79065.359375,79065.359375,79022.9921875,79026.6328125,0
2026-08-26 04:24:00+00:00,79096.9921875,79096.9921875,79096.9921875,79060.71875,79065.359375,0
2026-08-26 04:25:00+00:00,79083.0,79083.0,79112.8828125,79083.0,79104.8984375,307200
2026-08-26 04:26:00+00:00,79026.609375,79026.609375,79081.2421875,79026.609375,79081.2421875,0
2026-08-26 04:27:00+00:00,79035.8984375,79035.8984375,79035.8984375,79020.1015625,79026.6015625,79642624
2026-08-26 04:28:00+00:00,79002.5078125,79002.5078125,79041.578125,79000.0078125,79041.578125,0
2026-08-26 04:29:00+00:00,79004.046875,79004.046875,79010.859375,78996.84375,79002.5078125,0
2026-08-26 04:30:00+00:00,79038.4921875,79038.4921875,79040.8828125,79018.0234375,79025.0703125,0
2026-08-26 04:31:00+00:00,79049.46875,79049.46875,79049.46875,79023.8203125,79028.21875,68366336
2026-08-26 04:32:00+00:00,78967.78125,78967.78125,79053.4296875,78967.78125,79053.4296875,0
2026-08-26 04:33:00+00:00,78934.4296875,78934.4296875,78958.703125,78928.890625,78958.703125,0
2026-08-26 04:34:00+00:00,78924.703125,78924.703125,78928.8984375,78893.3671875,78928.8984375,0
2026-08-26 04:35:00+00:00,78892.3828125,78892.3828125,78924.703125,78886.6328125,78924.703125,0
2026-08-26 04:36:00+00:00,78938.96875,78938.96875,78938.96875,78899.046875,78899.046875,0
2026-08-26 04:37:00+00:00,78982.5234375,78982.5234375,78982.703125,78934.546875,78949.796875,0
2026-08-26 04:38:00+00:00,78985.1015625,78985.1015625,78987.671875,78977.921875,78982.5234375,14188544
2026-08-26 04:39:00+00:00,78933.34375,78933.34375,79000.8828125,78928.21875,78993.7109375,0
2026-08-26 04:40:00+00:00,78949.1171875,78949.1171875,78949.1171875,78933.328125,78933.34375,0
2026-08-26 04:41:00+00:00,78959.4375,78959.4375,78972.5625,78956.796875,78959.5390625,0
2026-08-26 04:42:00+00:00,78978.1484375,78978.1484375,78984.203125,78963.0,78963.0,32481280
2026-08-26 04:43:00+00:00,78969.96875,78969.96875,78978.1484375,78962.359375,78978.1484375,0
2026-08-26 04:44:00+00:00,78961.140625,78961.140625,78971.0,78953.34375,78969.96875,0
2026-08-26 04:45:00+00:00,78901.078125,78901.078125,78956.96875,78901.078125,78956.96875,0
2026-08-26 04:46:00+00:00,78878.34375,78878.34375,78888.6015625,78876.640625,78885.6328125,0
2026-08-26 04:47:00+00:00,78835.296875,78835.296875,78878.34375,78835.296875,78878.34375,0
2026-08-26 04:48:00+00:00,78863.1015625,78863.1015625,78867.6875,78796.09375,78827.7734375,70537216
2026-08-26 04:49:00+00:00,78848.65625,78848.65625,78864.9609375,78846.6875,78847.34375,0
2026-08-26 04:50:00+00:00,78874.0625,78874.0625,78874.0703125,78858.1015625,78858.1015625,0
2026-08-26 04:51:00+00:00,78896.15625,78896.15625,78896.15625,78869.609375,78874.0625,0
2026-08-26 04:52:00+00:00,78844.2265625,78844.2265625,78889.859375,78836.1015625,78889.859375,0
2026-08-26 04:53:00+00:00,78902.4765625,78902.4765625,78902.5703125,78843.90625,78843.90625,0
2026-08-26 04:54:00+00:00,78876.5703125,78876.5703125,78876.7890625,78867.40625,78867.40625,0
2026-08-26 04:55:00+00:00,78816.09375,78816.09375,78876.5703125,78816.09375,78876.5703125,0
2026-08-26 04:56:00+00:00,78793.6484375,78793.6484375,78835.6015625,78793.6484375,78819.8515625,0
2026-08-26 04:57:00+00:00,78806.703125,78806.703125,78806.703125,78784.75,78789.7109375,0
2026-08-26 04:58:00+00:00,78832.78125,78832.78125,78840.0078125,78806.6875,78806.6875,0
2026-08-26 04:59:00+00:00,78823.8515625,78823.8515625,78839.9375,78819.84375,78832.7734375,1294336
2026-08-26 05:00:00+00:00,78815.2734375,78815.2734375,78843.59375,78815.2734375,78823.8515625,0
2026-08-26 05:01:00+00:00,78815.2578125,78815.2578125,78831.0234375,78782.0,78816.28125,6778880
2026-08-26 05:02:00+00:00,78808.078125,78808.078125,78815.2578125,78755.4296875,78815.2578125,0
2026-08-26 05:03:00+00:00,78790.671875,78790.671875,78822.15625,78775.9765625,78822.15625,0
2026-08-26 05:04:00+00:00,78755.59375,78755.59375,78792.40625,78755.59375,78774.9296875,0
2026-08-26 05:05:00+00:00,78681.578125,78681.578125,78764.5,78669.3671875,78764.5,0
2026-08-26 05:06:00+00:00,78633.1015625,78633.1015625,78685.203125,78633.1015625,78669.3828125,0
2026-08-26 05:07:00+00:00,78703.6328125,78703.6328125,78726.8515625,78649.4921875,78649.4921875,119013376
2026-08-26 05:08:00+00:00,78729.6484375,78729.6484375,78732.6015625,78685.2109375,78703.640625,0
2026-08-26 05:09:00+00:00,78800.9921875,78800.9921875,78802.6015625,78732.5234375,78732.5234375,0
2026-08-26 05:10:00+00:00,78827.7578125,78827.7578125,78827.7578125,78799.3671875,78813.7890625,0
2026-08-26 05:11:00+00:00,78848.53125,78848.53125,78864.296875,78827.7578125,78827.7578125,0
2026-08-26 05:12:00+00:00,78886.5078125,78886.5078125,78890.9921875,78856.25,78856.25,20443136
2026-08-26 05:13:00+00:00,78902.953125,78902.953125,78938.6328125,78886.7109375,78886.7109375,0
2026-08-26 05:14:00+00:00,78887.1796875,78887.1796875,78918.0234375,78887.1796875,78902.953125,0
2026-08-26 05:15:00+00:00,78839.890625,78839.890625,78887.1796875,78839.890625,78887.1796875,3305472
2026-08-26 05:16:00+00:00,78867.359375,78867.359375,78883.1328125,78822.1796875,78822.1796875,0
2026-08-26 05:17:00+00:00,78806.4296875,78806.4296875,78874.1484375,78806.4296875,78874.140625,720896
2026-08-26 05:18:00+00:00,78750.2890625,78750.2890625,78848.7109375,78750.2890625,78804.0,0
2026-08-26 05:19:00+00:00,78747.3671875,78747.3671875,78782.890625,78740.640625,78778.359375,0
2026-08-26 05:20:00+00:00,78813.71875,78813.71875,78813.71875,78750.2265625,78750.2265625,0
2026-08-26 05:21:00+00:00,78867.890625,78867.890625,78876.8671875,78797.96875,78804.2109375,0
2026-08-26 05:22:00+00:00,78883.0703125,78883.0703125,78883.0703125,78841.6015625,78843.6796875,1904640
2026-08-26 05:23:00+00:00,78940.609375,78940.609375,78940.609375,78887.1796875,78887.1796875,0
2026-08-26 05:24:00+00:00,79014.1015625,79014.1015625,79014.109375,78946.546875,78946.546875,0
2026-08-26 05:25:00+00:00,78976.4375,78976.4375,79056.578125,78976.4375,79014.1015625,0
2026-08-26 05:26:00+00:00,78948.1875,78948.1875,78991.5625,78948.1875,78991.5625,0
2026-08-26 05:27:00+00:00,78948.21875,78948.21875,78963.4765625,78936.9609375,78936.9609375,0
2026-08-26 05:28:00+00:00,78987.1484375,78987.1484375,78994.0390625,78948.21875,78948.21875,0
2026-08-26 05:29:00+00:00,79007.5,79007.5,79017.84375,78976.5234375,78978.25,0
2026-08-26 05:30:00+00:00,79033.6875,79033.6875,79056.578125,78978.2890625,79012.2890625,58073088
2026-08-26 05:31:00+00:00,79091.5078125,79091.5078125,79103.3515625,79033.6875,79033.6875,0
2026-08-26 05:32:00+00:00,79118.328125,79118.328125,79124.3984375,79090.4375,79090.46875,0
2026-08-26 05:33:00+00:00,79083.7734375,79083.7734375,79124.3984375,79083.7734375,79124.3984375,0
2026-08-26 05:34:00+00:00,79052.6171875,79052.6171875,79095.828125,79047.9609375,79083.7734375,0
2026-08-26 05:35:00+00:00,79027.296875,79027.296875,79047.1015625,79017.6796875,79047.1015625,0
2026-08-26 05:36:00+00:00,78997.5,78997.5,79027.2890625,78977.3125,79027.2890625,0
2026-08-26 05:37:00+00:00,79058.4921875,79058.4921875,79065.359375,79002.0,79002.0,984502272
2026-08-26 05:38:00+00:00,79047.78125,79047.78125,79067.4765625,79045.46875,79065.359375,0
2026-08-26 05:39:00+00:00,79060.609375,79060.609375,79060.609375,79045.46875,79047.78125,69947392
2026-08-26 05:40:00+00:00,79080.7265625,79080.7265625,79080.7265625,79047.03125,79065.2109375,0
2026-08-26 05:41:00+00:00,79089.6484375,79089.6484375,79096.328125,79075.0,79075.0,0
2026-08-26 05:42:00+00:00,79084.8671875,79084.8671875,79089.7890625,79081.3125,79089.6484375,0
2026-08-26 05:43:00+00:00,79091.5,79091.5,79120.7890625,79081.3125,79081.3125,0
2026-08-26 05:44:00+00:00,79104.9609375,79104.9609375,79104.9609375,79072.7421875,79082.2265625,7221248
2026-08-26 05:45:00+00:00,79075.6875,79075.6875,79097.671875,79075.6875,79097.671875,0
2026-08-26 05:46:00+00:00,79055.5390625,79055.5390625,79085.7578125,79051.09375,79075.6875,23687168
2026-08-26 05:47:00+00:00,79054.359375,79054.359375,79066.8984375,79054.359375,79057.0234375,0
2026-08-26 05:48:00+00:00,79042.9921875,79042.9921875,79072.1484375,79027.3984375,79054.359375,0
2026-08-26 05:49:00+00:00,79055.9296875,79055.9296875,79055.9296875,79024.5390625,79041.296875,0
2026-08-26 05:50:00+00:00,79032.3984375,79032.3984375,79057.109375,79025.796875,79057.109375,0
2026-08-26 05:51:00+00:00,79008.75,79008.75,79029.7265625,79008.75,79025.828125,0
2026-08-26 05:52:00+00:00,79023.2265625,79023.2265625,79044.828125,79008.75,79008.75,54333440
2026-08-26 05:53:00+00:00,78968.3515625,78968.3515625,79023.2265625,78952.578125,79023.2265625,0
2026-08-26 05:54:00+00:00,78940.296875,78940.296875,78963.4375,78938.9375,78963.4375,0
2026-08-26 05:55:00+00:00,78996.4765625,78996.4765625,78996.4765625,78951.953125,78951.953125,0
2026-08-26 05:56:00+00:00,78995.078125,78995.078125,78996.4765625,78984.796875,78996.4765625,0
2026-08-26 05:57:00+00:00,79019.359375,79019.359375,79025.7578125,78980.6796875,78995.09375,0
2026-08-26 05:58:00+00:00,79025.7734375,79025.7734375,79045.53125,79019.359375,79025.2890625,0
2026-08-26 05:59:00+00:00,79080.25,79080.25,79080.25,79021.4375,79021.4375,0
2026-08-26 06:00:00+00:00,79115.90625,79115.90625,79121.5625,79063.4375,79079.25,0
2026-08-26 06:01:00+00:00,79088.421875,79088.421875,79131.96875,79061.3203125,79115.921875,0
2026-08-26 06:02:00+00:00,79045.03125,79045.03125,79097.0078125,79029.5390625,79088.4296875,0
2026-08-26 06:03:00+00:00,79023.421875,79023.421875,79060.8203125,79017.8515625,79049.5234375,0
2026-08-26 06:04:00+00:00,79093.0,79093.0,79096.78125,79031.96875,79031.96875,0
2026-08-26 06:05:00+00:00,79175.7578125,79175.7578125,79175.7578125,79100.0078125,79100.0078125,0
2026-08-26 06:06:00+00:00,79168.328125,79168.328125,79191.6015625,79159.9296875,79159.9296875,0
2026-08-26 06:07:00+00:00,79160.421875,79160.421875,79194.90625,79160.421875,79171.15625,0
2026-08-26 06:08:00+00:00,79151.671875,79151.671875,79156.4609375,79129.90625,79156.4609375,0
2026-08-26 06:09:00+00:00,79160.390625,79160.390625,79160.390625,79121.8203125,79151.6484375,0
2026-08-26 06:10:00+00:00,79109.203125,79109.203125,79152.609375,79106.3203125,79152.609375,0
2026-08-26 06:11:00+00:00,78999.2890625,78999.2890625,79109.203125,78999.2890625,79109.203125,0
2026-08-26 06:12:00+00:00,79025.7109375,79025.7109375,79025.7109375,78962.40625,78999.2890625,0
2026-08-26 06:13:00+00:00,78986.390625,78986.390625,79025.7109375,78973.6875,79025.7109375,0
2026-08-26 06:14:00+00:00,78999.2734375,78999.2734375,79005.859375,78978.3671875,78988.390625,0
2026-08-26 06:15:00+00:00,78983.4765625,78983.4765625,78998.7421875,78983.4765625,78986.53125,0
2026-08-26 06:16:00+00:00,79049.5234375,79049.5234375,79049.5234375,78983.4765625,78983.4765625,93843456
2026-08-26 06:17:00+00:00,78994.09375,78994.09375,79041.6328125,78994.09375,79041.6328125,0
2026-08-26 06:18:00+00:00,78942.28125,78942.28125,78990.4609375,78932.34375,78990.4609375,0
2026-08-26 06:19:00+00:00,78891.1171875,78891.1171875,78942.28125,78891.1171875,78942.28125,0
2026-08-26 06:20:00+00:00,78997.09375,78997.09375,78997.09375,78869.328125,78869.328125,0
2026-08-26 06:21:00+00:00,78973.5234375,78973.5234375,78988.453125,78946.578125,78988.453125,0
2026-08-26 06:22:00+00:00,78923.421875,78923.421875,78973.5234375,78914.890625,78973.5234375,0
2026-08-26 06:23:00+00:00,78891.4609375,78891.4609375,78923.421875,78882.2578125,78923.421875,3469312
2026-08-26 06:24:00+00:00,78847.5234375,78847.5234375,78906.3515625,78847.5234375,78898.0078125,0
2026-08-26 06:25:00+00:00,78879.9921875,78879.9921875,78879.9921875,78812.359375,78835.6875,37244928
2026-08-26 06:26:00+00:00,78905.9921875,78905.9921875,78906.3515625,78881.359375,78881.359375,0
2026-08-26 06:27:00+00:00,78926.03125,78926.03125,78926.03125,78884.703125,78900.46875,2293760
2026-08-26 06:28:00+00:00,78934.671875,78934.671875,78945.2578125,78934.671875,78945.25,0
2026-08-26 06:29:00+00:00,78889.296875,78889.296875,78940.1875,78883.2734375,78940.1875,0
2026-08-26 06:30:00+00:00,78904.0703125,78904.0703125,78904.0703125,78878.6015625,78878.6015625,162377728
2026-08-26 06:31:00+00:00,78898.8671875,78898.8671875,78950.453125,78884.671875,78907.6796875,0
2026-08-26 06:32:00+00:00,78909.6328125,78909.6328125,78920.6015625,78899.046875,78914.6484375,0
2026-08-26 06:33:00+00:00,78856.9609375,78856.9609375,78910.953125,78856.9609375,78910.953125,0
2026-08-26 06:34:00+00:00,78899.0390625,78899.0390625,78902.7734375,78864.4609375,78864.4609375,0
2026-08-26 06:35:00+00:00,78896.6171875,78896.6171875,78930.6015625,78896.6171875,78899.0390625,0
2026-08-26 06:36:00+00:00,78867.6875,78867.6875,78899.6484375,78859.5234375,78899.640625,0
2026-08-26 06:37:00+00:00,78827.7734375,78827.7734375,78860.8203125,78827.7734375,78860.8203125,0
2026-08-26 06:38:00+00:00,78825.796875,78825.796875,78829.1875,78806.9296875,78829.1875,0
2026-08-26 06:39:00+00:00,78847.71875,78847.71875,78847.71875,78837.15625,78844.9609375,0
2026-08-26 06:40:00+00:00,78862.796875,78862.796875,78887.953125,78849.5625,78863.4921875,0
2026-08-26 06:41:00+00:00,78935.2265625,78935.2265625,78935.2265625,78862.7890625,78862.796875,0
2026-08-26 06:42:00+00:00,78936.140625,78936.140625,78936.9921875,78921.5390625,78936.9921875,0
2026-08-26 06:43:00+00:00,78943.0,78943.0,78943.0,78928.359375,78928.359375,0
2026-08-26 06:44:00+00:00,78929.4296875,78929.4296875,78929.4296875,78899.1171875,78920.71875,0
2026-08-26 06:45:00+00:00,78941.0,78941.0,78941.0,78913.65625,78929.4375,0
2026-08-26 06:46:00+00:00,78939.7734375,78939.7734375,78955.5625,78939.7734375,78944.140625,0
2026-08-26 06:47:00+00:00,78936.46875,78936.46875,78939.7734375,78934.171875,78939.7734375,68321280
2026-08-26 06:48:00+00:00,78865.7578125,78865.7578125,78925.71875,78855.2265625,78925.28125,0
2026-08-26 06:49:00+00:00,78883.1875,78883.1875,78883.96875,78855.2421875,78881.53125,0
2026-08-26 06:50:00+00:00,78891.1328125,78891.1328125,78909.453125,78883.203125,78883.203125,0
2026-08-26 06:51:00+00:00,78886.3984375,78886.3984375,78891.1328125,78859.609375,78891.1171875,0
2026-08-26 06:52:00+00:00,78890.5,78890.5,78892.8671875,78864.828125,78884.3125,7872512
2026-08-26 06:53:00+00:00,78892.3515625,78892.3515625,78898.5078125,78880.953125,78898.5078125,0
2026-08-26 06:54:00+00:00,78919.328125,78919.328125,78919.34375,78891.4609375,78891.4609375,0
2026-08-26 06:55:00+00:00,78907.65625,78907.65625,78928.03125,78901.6015625,78919.328125,0
2026-08-26 06:56:00+00:00,78918.2421875,78918.2421875,78918.2421875,78884.3203125,78915.0625,112324608
2026-08-26 06:57:00+00:00,78920.15625,78920.15625,78920.15625,78915.0390625,78915.0390625,0
2026-08-26 06:58:00+00:00,78909.140625,78909.140625,78920.15625,78899.4765625,78920.15625,0
2026-08-26 06:59:00+00:00,78934.0234375,78934.0234375,78934.0234375,78909.140625,78909.140625,0
2026-08-26 07:00:00+00:00,78899.328125,78899.328125,78946.0,78899.28125,78931.453125,0
2026-08-26 07:01:00+00:00,78881.171875,78881.171875,78909.2734375,78881.171875,78899.28125,0
2026-08-26 07:02:00+00:00,78943.671875,78943.671875,78943.671875,78855.1015625,78855.1015625,0
2026-08-26 07:03:00+00:00,78965.9375,78965.9375,78967.921875,78922.0234375,78927.890625,0
2026-08-26 07:04:00+00:00,79015.9609375,79015.9609375,79017.84375,78965.9375,78965.9375,0
2026-08-26 07:05:00+00:00,79037.6015625,79037.6015625,79041.6015625,79011.2109375,79016.75,0
2026-08-26 07:06:00+00:00,79070.2421875,79070.2421875,79070.2421875,79031.5,79031.5,0
2026-08-26 07:07:00+00:00,79037.6328125,79037.6328125,79085.796875,79037.6328125,79085.796875,0
2026-08-26 07:08:00+00:00,78987.5234375,78987.5234375,79037.6328125,78987.5234375,79037.6328125,24367104
2026-08-26 07:09:00+00:00,78916.859375,78916.859375,78987.5078125,78916.859375,78987.5078125,0
2026-08-26 07:10:00+00:00,78982.796875,78982.796875,78998.578125,78930.3984375,78930.3984375,368640
2026-08-26 07:11:00+00:00,79009.578125,79009.578125,79020.9765625,78982.7890625,78982.796875,0
2026-08-26 07:12:00+00:00,78958.203125,78958.203125,79001.0,78958.203125,79001.0,0
2026-08-26 07:13:00+00:00,78932.1875,78932.1875,78967.2421875,78932.1875,78946.6171875,0
2026-08-26 07:14:00+00:00,78975.6171875,78975.6171875,78975.6171875,78932.203125,78932.203125,0
2026-08-26 07:15:00+00:00,78981.546875,78981.546875,79009.921875,78981.5390625,78983.03125,0
2026-08-26 07:16:00+00:00,78978.2578125,78978.2578125,79009.453125,78978.2578125,78994.046875,0
2026-08-26 07:17:00+00:00,78973.78125,78973.78125,78985.046875,78958.0,78985.046875,0
2026-08-26 07:18:00+00:00,78961.0390625,78961.0390625,78983.8984375,78961.0390625,78980.6796875,115445760
2026-08-26 07:19:00+00:00,78956.96875,78956.96875,78970.5,78950.4375,78970.5,0
2026-08-26 07:20:00+00:00,78945.703125,78945.703125,78957.890625,78945.703125,78956.96875,7852032
2026-08-26 07:21:00+00:00,78966.21875,78966.21875,78982.0078125,78895.15625,78932.2109375,0
2026-08-26 07:22:00+00:00,78975.140625,78975.140625,78982.0078125,78964.2265625,78964.2265625,0
2026-08-26 07:23:00+00:00,78986.15625,78986.15625,78997.34375,78985.109375,78985.109375,0
2026-08-26 07:24:00+00:00,78940.75,78940.75,78986.15625,78932.9609375,78986.15625,0
2026-08-26 07:25:00+00:00,78970.6171875,78970.6171875,78972.328125,78931.5078125,78932.9609375,0
2026-08-26 07:26:00+00:00,79013.8671875,79013.8671875,79013.8671875,78936.75,78970.6328125,0
2026-08-26 07:27:00+00:00,78989.28125,78989.28125,79017.75,78989.28125,79013.8671875,23183360
2026-08-26 07:28:00+00:00,78962.65625,78962.65625,78986.21875,78962.65625,78986.2109375,0
2026-08-26 07:29:00+00:00,78939.8203125,78939.8203125,78962.65625,78938.6875,78962.65625,0
2026-08-26 07:30:00+00:00,78921.7109375,78921.7109375,78938.53125,78906.96875,78931.5078125,0
2026-08-26 07:31:00+00:00,78894.171875,78894.171875,78921.7109375,78894.171875,78921.7109375,15249408
2026-08-26 07:32:00+00:00,78891.2109375,78891.2109375,78921.703125,78891.2109375,78894.2421875,0
2026-08-26 07:33:00+00:00,78968.671875,78968.671875,78968.671875,78880.609375,78884.1484375,0
2026-08-26 07:34:00+00:00,78968.109375,78968.109375,78968.109375,78929.1484375,78959.09375,3366912
2026-08-26 07:35:00+00:00,78992.890625,78992.890625,78992.890625,78960.3515625,78968.109375,0
2026-08-26 07:36:00+00:00,78966.078125,78966.078125,79005.953125,78966.078125,79005.953125,0
2026-08-26 07:37:00+00:00,78981.4296875,78981.4296875,78981.4296875,78962.4609375,78966.078125,0
2026-08-26 07:38:00+00:00,79034.3203125,79034.3203125,79034.3203125,78969.9609375,78969.9609375,0
2026-08-26 07:39:00+00:00,78992.078125,78992.078125,79018.53125,78974.2578125,79018.53125,0
2026-08-26 07:40:00+00:00,78987.6015625,78987.6015625,79003.3828125,78987.6015625,78992.078125,156196864
2026-08-26 07:41:00+00:00,78988.78125,78988.78125,79001.9921875,78981.9765625,78982.8203125,0
2026-08-26 07:42:00+00:00,78983.609375,78983.609375,78983.609375,78957.828125,78974.46875,0
2026-08-26 07:43:00+00:00,78992.0,78992.0,79028.4375,78992.0,78994.0390625,2977792
2026-08-26 07:44:00+00:00,78986.25,78986.25,78992.0078125,78963.8125,78992.0078125,0
2026-08-26 07:45:00+00:00,78977.34375,78977.34375,78986.25,78970.4921875,78986.25,0
2026-08-26 07:46:00+00:00,78977.34375,78977.34375,78977.34375,78962.40625,78977.34375,0
2026-08-26 07:47:00+00:00,78969.5625,78969.5625,78978.203125,78952.3203125,78961.546875,3043328
2026-08-26 07:48:00+00:00,78993.140625,78993.140625,78993.140625,78962.40625,78969.2109375,0
2026-08-26 07:49:00+00:00,78985.71875,78985.71875,79003.78125,78978.25,79003.78125,0
2026-08-26 07:50:00+00:00,79005.84375,79005.84375,79005.84375,78971.25,78981.9921875,0
2026-08-26 07:51:00+00:00,78998.9609375,78998.9609375,79019.578125,78998.953125,79017.3671875,0
2026-08-26 07:52:00+00:00,79045.59375,79045.59375,79045.59375,78998.9609375,78998.9609375,0
2026-08-26 07:53:00+00:00,78998.9609375,78998.9609375,79045.578125,78998.9609375,79045.578125,0
2026-08-26 07:54:00+00:00,78952.046875,78952.046875,78981.96875,78952.046875,78981.96875,0
2026-08-26 07:55:00+00:00,78913.3671875,78913.3671875,78942.203125,78913.359375,78942.203125,0
2026-08-26 07:56:00+00:00,78970.7734375,78970.7734375,78978.796875,78934.5625,78938.640625,0
2026-08-26 07:57:00+00:00,78982.3671875,78982.3671875,78982.3671875,78957.03125,78970.328125,0
2026-08-26 07:58:00+00:00,78930.203125,78930.203125,78951.7890625,78920.6796875,78951.7890625,24477696
2026-08-26 07:59:00+00:00,78915.9765625,78915.9765625,78919.671875,78907.8828125,78919.671875,0
2026-08-26 08:00:00+00:00,78887.4921875,78887.4921875,78915.9765625,78887.4921875,78915.9765625,0
2026-08-26 08:01:00+00:00,78877.4765625,78877.4765625,78930.7109375,78877.4765625,78913.0234375,0
2026-08-26 08:02:00+00:00,78837.0703125,78837.0703125,78879.0390625,78837.0703125,78874.859375,0
2026-08-26 08:03:00+00:00,78851.53125,78851.53125,78875.2109375,78851.5234375,78852.84375,0
2026-08-26 08:04:00+00:00,78879.203125,78879.203125,78892.859375,78842.2109375,78851.53125,0
2026-08-26 08:05:00+00:00,78815.6171875,78815.6171875,78867.3828125,78815.6171875,78867.3828125,0
2026-08-26 08:06:00+00:00,78851.5234375,78851.5234375,78867.28125,78819.28125,78819.28125,0
2026-08-26 08:07:00+00:00,78891.1171875,78891.1171875,78891.1171875,78852.0390625,78861.109375,0
2026-08-26 08:08:00+00:00,78937.4921875,78937.4921875,78963.421875,78886.6171875,78891.1171875,0
2026-08-26 08:09:00+00:00,79041.6171875,79041.6171875,79069.28125,78938.6484375,78938.6484375,0
2026-08-26 08:10:00+00:00,79076.7109375,79076.7109375,79100.453125,79041.6171875,79041.6171875,0
2026-08-26 08:11:00+00:00,79084.5390625,79084.5390625,79110.7734375,79082.7265625,79082.7265625,10117120
2026-08-26 08:12:00+00:00,79081.203125,79081.203125,79081.203125,79066.46875,79066.4765625,0
2026-08-26 08:13:00+00:00,79081.203125,79081.203125,79102.34375,79060.8671875,79097.0390625,0
2026-08-26 08:14:00+00:00,79029.28125,79029.28125,79081.203125,79029.28125,79081.203125,0
2026-08-26 08:15:00+00:00,79038.6875,79038.6875,79038.6875,79017.8515625,79029.28125,0
2026-08-26 08:16:00+00:00,79088.2421875,79088.2421875,79093.8828125,79029.859375,79039.4609375,0
2026-08-26 08:17:00+00:00,79029.2890625,79029.2890625,79088.2265625,79029.28125,79088.2265625,0
2026-08-26 08:18:00+00:00,78986.171875,78986.171875,79025.8515625,78970.3203125,79025.8515625,0
2026-08-26 08:19:00+00:00,78989.5078125,78989.5078125,78995.59375,78979.796875,78994.0703125,0
2026-08-26 08:20:00+00:00,78983.0234375,78983.0234375,78995.59375,78983.0234375,78989.5078125,21078016
2026-08-26 08:21:00+00:00,78967.2265625,78967.2265625,78989.9921875,78967.2265625,78983.0234375,0
2026-08-26 08:22:00+00:00,78929.28125,78929.28125,78967.2265625,78901.2265625,78967.2265625,16363520
2026-08-26 08:23:00+00:00,78944.0,78944.0,78956.9765625,78929.2734375,78929.2734375,0
2026-08-26 08:24:00+00:00,78964.078125,78964.078125,78964.078125,78933.3515625,78950.09375,14639104
2026-08-26 08:25:00+00:00,78974.8671875,78974.8671875,78981.5703125,78968.1484375,78968.1484375,7360512
2026-08-26 08:26:00+00:00,78993.3984375,78993.3984375,78995.59375,78968.15625,78968.15625,0
2026-08-26 08:27:00+00:00,78969.3984375,78969.3984375,78998.8125,78969.3984375,78993.3984375,0
2026-08-26 08:28:00+00:00,78994.078125,78994.078125,78994.078125,78969.3984375,78969.3984375,0
2026-08-26 08:29:00+00:00,78975.1171875,78975.1171875,79000.9765625,78975.1171875,78990.90625,0
2026-08-26 08:30:00+00:00,78930.0390625,78930.0390625,78994.078125,78911.5625,78975.1171875,0
2026-08-26 08:31:00+00:00,78994.078125,78994.078125,78994.078125,78944.0078125,78944.0078125,0
2026-08-26 08:32:00+00:00,78978.2890625,78978.2890625,79015.5625,78978.2890625,79015.5625,0
2026-08-26 08:33:00+00:00,78973.3203125,78973.3203125,78973.3203125,78938.7890625,78964.109375,9596928
2026-08-26 08:34:00+00:00,78925.96875,78925.96875,78963.578125,78925.96875,78963.578125,0
2026-08-26 08:35:00+00:00,78916.7890625,78916.7890625,78929.140625,78916.7890625,78925.96875,0
2026-08-26 08:36:00+00:00,78916.28125,78916.28125,78934.3515625,78901.0234375,78901.03125,0
2026-08-26 08:37:00+00:00,78911.4921875,78911.4921875,78916.28125,78894.7109375,78916.28125,0
2026-08-26 08:38:00+00:00,78889.046875,78889.046875,78906.8984375,78889.046875,78895.71875,0
2026-08-26 08:39:00+00:00,78913.0625,78913.0625,78922.0703125,78895.796875,78895.796875,0
2026-08-26 08:40:00+00:00,78913.0703125,78913.0703125,78913.0703125,78897.8515625,78913.0703125,34484224
2026-08-26 08:41:00+00:00,78925.359375,78925.359375,78934.7265625,78918.953125,78932.046875,0
2026-08-26 08:42:00+00:00,78952.921875,78952.921875,78952.921875,78925.359375,78925.359375,43851776
2026-08-26 08:43:00+00:00,78965.9609375,78965.9609375,78966.921875,78938.6875,78957.5390625,0
2026-08-26 08:44:00+00:00,79006.046875,79006.046875,79006.046875,78956.0234375,78970.140625,0
2026-08-26 08:45:00+00:00,78972.25,78972.25,79007.0234375,78972.25,78994.078125,32714752
2026-08-26 08:46:00+00:00,78940.2265625,78940.2265625,78972.25,78930.71875,78967.4609375,0
2026-08-26 08:47:00+00:00,78909.9609375,78909.9609375,78932.109375,78909.9609375,78932.109375,778240
2026-08-26 08:48:00+00:00,78912.8203125,78912.8203125,78912.8203125,78901.59375,78909.953125,0
2026-08-26 08:49:00+00:00,78903.25,78903.25,78917.3828125,78901.59375,78912.8203125,0
2026-08-26 08:50:00+00:00,78905.453125,78905.453125,78929.84375,78900.0234375,78915.796875,19124224
2026-08-26 08:51:00+00:00,78835.6875,78835.6875,78900.03125,78819.28125,78900.03125,79024128
2026-08-26 08:52:00+00:00,78813.78125,78813.78125,78835.6796875,78804.0078125,78835.6796875,0
2026-08-26 08:53:00+00:00,78780.8515625,78780.8515625,78803.5234375,78765.5078125,78803.5234375,0
2026-08-26 08:54:00+00:00,78711.0078125,78711.0078125,78778.3125,78711.0078125,78778.3125,13557760
2026-08-26 08:55:00+00:00,78693.1015625,78693.1015625,78699.9609375,78648.53125,78677.28125,0
2026-08-26 08:56:00+00:00,78701.03125,78701.03125,78701.03125,78678.5,78697.78125,62693376
2026-08-26 08:57:00+00:00,78655.40625,78655.40625,78705.1015625,78655.40625,78694.53125,2994176
2026-08-26 08:58:00+00:00,78613.7578125,78613.7578125,78665.9296875,78603.6328125,78665.9296875,5709824
2026-08-26 08:59:00+00:00,78690.9765625,78690.9765625,78690.9765625,78605.4921875,78605.4921875,0
2026-08-26 09:00:00+00:00,78724.65625,78724.65625,78724.65625,78672.4921875,78695.7265625,77197312
2026-08-26 09:01:00+00:00,78789.5625,78789.5625,78851.5234375,78701.84375,78716.09375,0
2026-08-26 09:02:00+00:00,78811.921875,78811.921875,78811.921875,78772.7734375,78773.8125,0
2026-08-26 09:03:00+00:00,78827.671875,78827.671875,78827.671875,78801.7265625,78811.921875,14491648
2026-08-26 09:04:00+00:00,78807.3515625,78807.3515625,78856.7109375,78807.3515625,78829.7265625,0
2026-08-26 09:05:00+00:00,78835.6796875,78835.6796875,78835.6796875,78804.78125,78804.78125,0
2026-08-26 09:06:00+00:00,78851.8828125,78851.8828125,78856.46875,78835.6796875,78835.6796875,0
2026-08-26 09:07:00+00:00,78864.84375,78864.84375,78875.7265625,78863.7890625,78863.7890625,745472
2026-08-26 09:08:00+00:00,78803.9765625,78803.9765625,78851.640625,78798.21875,78851.640625,0
2026-08-26 09:09:00+00:00,78798.3828125,78798.3828125,78809.953125,78787.890625,78809.953125,0
2026-08-26 09:10:00+00:00,78821.5234375,78821.5234375,78835.3203125,78799.1328125,78799.1328125,0
2026-08-26 09:11:00+00:00,78833.1875,78833.1875,78833.1875,78806.9609375,78832.7734375,119238656
2026-08-26 09:12:00+00:00,78775.0078125,78775.0078125,78801.2578125,78775.0078125,78801.2578125,0
2026-08-26 09:13:00+00:00,78733.0390625,78733.0390625,78775.0078125,78733.0390625,78775.0078125,0
2026-08-26 09:14:00+00:00,78760.953125,78760.953125,78770.296875,78745.1875,78745.1875,0
2026-08-26 09:15:00+00:00,78664.203125,78664.203125,78760.0078125,78664.203125,78754.5390625,0
2026-08-26 09:16:00+00:00,78584.8125,78584.8125,78678.890625,78584.8125,78677.03125,0
2026-08-26 09:17:00+00:00,78534.890625,78534.890625,78573.3984375,78463.40625,78573.3984375,0
2026-08-26 09:18:00+00:00,78475.7421875,78475.7421875,78563.4765625,78475.7421875,78528.3515625,0
2026-08-26 09:19:00+00:00,78472.4375,78472.4375,78472.4375,78421.046875,78472.40625,0
2026-08-26 09:20:00+00:00,78488.1171875,78488.1171875,78504.53125,78460.046875,78483.296875,0
2026-08-26 09:21:00+00:00,78456.7578125,78456.7578125,78531.4921875,78456.7578125,78488.1171875,0
2026-08-26 09:22:00+00:00,78427.546875,78427.546875,78456.7578125,78409.109375,78456.7578125,0
2026-08-26 09:23:00+00:00,78379.03125,78379.03125,78425.03125,78379.03125,78409.359375,0
2026-08-26 09:24:00+00:00,78385.4765625,78385.4765625,78418.28125,78383.921875,78383.921875,0
2026-08-26 09:25:00+00:00,78448.0625,78448.0625,78448.0625,78391.703125,78391.703125,14405632
2026-08-26 09:26:00+00:00,78475.75,78475.75,78499.28125,78456.0234375,78456.0234375,0
2026-08-26 09:27:00+00:00,78467.953125,78467.953125,78475.75,78436.3125,78475.75,8638464
2026-08-26 09:28:00+00:00,78471.1015625,78471.1015625,78471.8125,78447.46875,78471.8125,0
2026-08-26 09:29:00+00:00,78518.03125,78518.03125,78522.6875,78471.1015625,78471.1015625,13844480
2026-08-26 09:30:00+00:00,78469.03125,78469.03125,78519.5234375,78462.3203125,78518.03125,0
2026-08-26 09:31:00+00:00,78544.7578125,78544.7578125,78544.7578125,78469.03125,78469.03125,15679488
2026-08-26 09:32:00+00:00,78537.7578125,78537.7578125,78554.359375,78525.4921875,78532.9921875,0
2026-08-26 09:33:00+00:00,78576.1796875,78576.1796875,78576.1796875,78535.1484375,78544.78125,3698688
2026-08-26 09:34:00+00:00,78552.859375,78552.859375,78578.6328125,78552.859375,78568.5625,0
2026-08-26 09:35:00+00:00,78532.9375,78532.9375,78564.8984375,78531.5390625,78554.6328125,0
2026-08-26 09:36:00+00:00,78515.1875,78515.1875,78547.2265625,78509.3515625,78535.546875,42733568
2026-08-26 09:37:00+00:00,78495.953125,78495.953125,78513.609375,78475.75,78513.609375,0
2026-08-26 09:38:00+00:00,78519.0078125,78519.0078125,78520.5625,78495.953125,78495.953125,266526720
2026-08-26 09:39:00+00:00,78477.4296875,78477.4296875,78527.328125,78477.4296875,78527.328125,0
2026-08-26 09:40:00+00:00,78411.9296875,78411.9296875,78475.75,78399.2109375,78475.75,253952
2026-08-26 09:41:00+00:00,78431.8671875,78431.8671875,78439.046875,78403.46875,78403.46875,0
2026-08-26 09:42:00+00:00,78403.15625,78403.15625,78433.796875,78401.7890625,78431.8671875,0
2026-08-26 09:43:00+00:00,78396.8671875,78396.8671875,78418.8515625,78392.1796875,78392.1796875,0
2026-08-26 09:44:00+00:00,78321.5703125,78321.5703125,78400.5078125,78321.5703125,78392.1796875,15134720
2026-08-26 09:45:00+00:00,78359.546875,78359.546875,78359.546875,78333.171875,78333.171875,0
2026-08-26 09:46:00+00:00,78333.1796875,78333.1796875,78369.7421875,78333.1796875,78362.5234375,0
2026-08-26 09:47:00+00:00,78318.359375,78318.359375,78348.8515625,78239.1015625,78348.8515625,0
2026-08-26 09:48:00+00:00,78380.1875,78380.1875,78380.1875,78291.3984375,78291.3984375,0
2026-08-26 09:49:00+00:00,78415.84375,78415.84375,78415.84375,78384.3828125,78384.3828125,0
2026-08-26 09:50:00+00:00,78414.71875,78414.71875,78421.6171875,78378.640625,78414.28125,0
2026-08-26 09:51:00+00:00,78454.8671875,78454.8671875,78454.8671875,78422.1328125,78422.1328125,0
2026-08-26 09:52:00+00:00,78430.1171875,78430.1171875,78481.5625,78418.859375,78454.6328125,0
2026-08-26 09:53:00+00:00,78399.8671875,78399.8671875,78444.2265625,78385.6875,78444.2265625,0
2026-08-26 09:54:00+00:00,78388.359375,78388.359375,78413.3984375,78380.5,78391.5390625,0
2026-08-26 09:55:00+00:00,78417.1015625,78417.1015625,78435.3828125,78387.0078125,78404.03125,0
2026-08-26 09:56:00+00:00,78418.65625,78418.65625,78419.7109375,78404.0390625,78405.953125,0
2026-08-26 09:57:00+00:00,78431.21875,78431.21875,78442.546875,78423.546875,78423.546875,0
2026-08-26 09:58:00+00:00,78430.6015625,78430.6015625,78441.2890625,78423.203125,78441.15625,0
2026-08-26 09:59:00+00:00,78434.75,78434.75,78434.75,78423.1875,78430.6015625,0
2026-08-26 10:00:00+00:00,78394.46875,78394.46875,78423.2109375,78394.46875,78423.2109375,0
2026-08-26 10:01:00+00:00,78417.1875,78417.1875,78432.859375,78362.96875,78397.7421875,0
2026-08-26 10:02:00+00:00,78379.6328125,78379.6328125,78402.453125,78377.1484375,78402.453125,0
2026-08-26 10:03:00+00:00,78366.78125,78366.78125,78371.8515625,78339.28125,78371.8515625,0
2026-08-26 10:04:00+00:00,78304.0703125,78304.0703125,78371.40625,78288.40625,78371.40625,0
2026-08-26 10:05:00+00:00,78328.640625,78328.640625,78347.546875,78319.53125,78319.53125,0
2026-08-26 10:06:00+00:00,78377.8671875,78377.8671875,78377.8671875,78328.6328125,78328.6328125,0
2026-08-26 10:07:00+00:00,78350.8671875,78350.8671875,78377.8671875,78319.5390625,78377.8671875,0
2026-08-26 10:08:00+00:00,78328.828125,78328.828125,78357.421875,78327.0390625,78357.421875,0
2026-08-26 10:09:00+00:00,78349.578125,78349.578125,78349.953125,78308.140625,78328.828125,0
2026-08-26 10:10:00+00:00,78325.59375,78325.59375,78334.109375,78317.296875,78334.109375,17176576
2026-08-26 10:11:00+00:00,78357.421875,78357.421875,78357.421875,78323.03125,78323.03125,0
2026-08-26 10:12:00+00:00,78366.40625,78366.40625,78367.9609375,78342.6328125,78367.953125,42033152
2026-08-26 10:13:00+00:00,78408.0625,78408.0625,78415.71875,78366.40625,78366.40625,2312192
2026-08-26 10:14:00+00:00,78417.2109375,78417.2109375,78460.5,78417.2109375,78431.3984375,0
2026-08-26 10:15:00+00:00,78421.0625,78421.0625,78455.9375,78410.8125,78417.203125,1642496
2026-08-26 10:16:00+00:00,78480.890625,78480.890625,78480.890625,78421.0625,78421.0625,0
2026-08-26 10:17:00+00:00,78496.59375,78496.59375,78496.59375,78477.0078125,78480.890625,0
2026-08-26 10:18:00+00:00,78501.4375,78501.4375,78515.1796875,78489.046875,78494.7265625,0
2026-08-26 10:19:00+00:00,78523.3125,78523.3125,78523.3125,78490.0625,78494.7890625,0
2026-08-26 10:20:00+00:00,78515.8515625,78515.8515625,78574.75,78515.84375,78531.5390625,0
2026-08-26 10:21:00+00:00,78494.4765625,78494.4765625,78515.8515625,78488.6015625,78515.8515625,0
2026-08-26 10:22:00+00:00,78516.640625,78516.640625,78543.2421875,78513.671875,78513.671875,0
2026-08-26 10:23:00+00:00,78544.7578125,78544.7578125,78544.7578125,78510.9296875,78516.6484375,0
2026-08-26 10:24:00+00:00,78560.4609375,78560.4609375,78560.4609375,78548.5,78552.609375,242079744
2026-08-26 10:25:00+00:00,78578.90625,78578.90625,78590.0078125,78564.4765625,78564.4765625,0
2026-08-26 10:26:00+00:00,78616.8671875,78616.8671875,78616.8671875,78568.40625,78572.0,0
2026-08-26 10:27:00+00:00,78616.203125,78616.203125,78616.203125,78605.546875,78610.546875,0
2026-08-26 10:28:00+00:00,78605.34375,78605.34375,78616.203125,78605.34375,78616.203125,0
2026-08-26 10:29:00+00:00,78605.578125,78605.578125,78624.8984375,78599.1484375,78599.1484375,13342720
2026-08-26 10:30:00+00:00,78623.640625,78623.640625,78624.9765625,78596.3203125,78614.421875,9875456
2026-08-26 10:31:00+00:00,78565.171875,78565.171875,78627.7265625,78561.21875,78627.7265625,0
2026-08-26 10:32:00+00:00,78614.96875,78614.96875,78614.96875,78574.34375,78577.8671875,0
2026-08-26 10:33:00+00:00,78623.640625,78623.640625,78623.640625,78588.28125,78599.8671875,0
2026-08-26 10:34:00+00:00,78643.0078125,78643.0078125,78643.0078125,78618.7421875,78623.2890625,0
2026-08-26 10:35:00+00:00,78635.359375,78635.359375,78658.75,78627.296875,78648.1328125,9015296
2026-08-26 10:36:00+00:00,78635.5390625,78635.5390625,78673.6328125,78635.359375,78635.359375,0
2026-08-26 10:37:00+00:00,78643.0390625,78643.0390625,78643.0390625,78607.9296875,78633.203125,0
2026-08-26 10:38:00+00:00,78646.7734375,78646.7734375,78663.078125,78627.3203125,78663.078125,0
2026-08-26 10:39:00+00:00,78727.53125,78727.53125,78783.53125,78639.1484375,78639.1484375,43094016
2026-08-26 10:40:00+00:00,78679.2890625,78679.2890625,78738.1875,78679.2890625,78735.0703125,0
2026-08-26 10:41:00+00:00,78693.046875,78693.046875,78693.7578125,78648.6875,78679.2890625,1900544
2026-08-26 10:42:00+00:00,78675.421875,78675.421875,78701.0234375,78675.421875,78686.6796875,0
2026-08-26 10:43:00+00:00,78729.046875,78729.046875,78729.046875,78671.0,78671.0,0
2026-08-26 10:44:00+00:00,78709.078125,78709.078125,78745.921875,78706.3203125,78737.7890625,44337152
2026-08-26 10:45:00+00:00,78724.953125,78724.953125,78734.9296875,78692.09375,78707.890625,0
2026-08-26 10:46:00+00:00,78698.546875,78698.546875,78727.171875,78690.640625,78703.46875,0
2026-08-26 10:47:00+00:00,78711.0078125,78711.0078125,78725.5703125,78687.7421875,78698.5625,0
2026-08-26 10:48:00+00:00,78743.75,78743.75,78763.0234375,78722.2265625,78722.2265625,53518336
2026-08-26 10:49:00+00:00,78820.84375,78820.84375,78820.84375,78745.359375,78745.359375,0
2026-08-26 10:50:00+00:00,78840.6171875,78840.6171875,78862.3203125,78805.2578125,78823.96875,0
2026-08-26 10:51:00+00:00,78800.359375,78800.359375,78840.6171875,78787.1796875,78824.859375,0
2026-08-26 10:52:00+00:00,78777.9296875,78777.9296875,78802.046875,78761.6875,78802.046875,0
2026-08-26 10:53:00+00:00,78780.0703125,78780.0703125,78785.03125,78751.5234375,78777.9296875,0
2026-08-26 10:54:00+00:00,78760.09375,78760.09375,78777.4375,78755.0390625,78772.1328125,0
2026-08-26 10:55:00+00:00,78739.9296875,78739.9296875,78776.5625,78739.296875,78757.109375,0
2026-08-26 10:56:00+00:00,78709.84375,78709.84375,78742.328125,78709.84375,78741.4921875,0
2026-08-26 10:57:00+00:00,78701.3515625,78701.3515625,78716.5,78701.3515625,78716.5,120406016
2026-08-26 10:58:00+00:00,78706.203125,78706.203125,78709.421875,78695.328125,78705.703125,0
2026-08-26 10:59:00+00:00,78707.890625,78707.890625,78719.3671875,78703.6328125,78703.6328125,0
2026-08-26 11:00:00+00:00,78679.546875,78679.546875,78731.6328125,78679.546875,78710.140625,0
2026-08-26 11:01:00+00:00,78721.078125,78721.078125,78721.078125,78676.84375,78682.390625,0
2026-08-26 11:02:00+00:00,78725.7890625,78725.7890625,78751.8203125,78725.7890625,78741.6015625,1167360
2026-08-26 11:03:00+00:00,78754.46875,78754.46875,78770.21875,78723.421875,78736.890625,0
2026-08-26 11:04:00+00:00,78734.1171875,78734.1171875,78746.2109375,78721.203125,78746.2109375,0
2026-08-26 11:05:00+00:00,78739.75,78739.75,78756.8828125,78716.28125,78732.859375,0
2026-08-26 11:06:00+00:00,78708.078125,78708.078125,78730.9921875,78708.078125,78730.9921875,0
2026-08-26 11:07:00+00:00,78685.6171875,78685.6171875,78700.671875,78685.6171875,78700.671875,9637888
2026-08-26 11:08:00+00:00,78678.8828125,78678.8828125,78700.65625,78674.28125,78687.1875,0
2026-08-26 11:09:00+00:00,78658.96875,78658.96875,78685.078125,78640.6875,78685.0703125,0
2026-08-26 11:10:00+00:00,78679.890625,78679.890625,78683.1171875,78661.0625,78673.546875,0
2026-08-26 11:11:00+00:00,78692.3515625,78692.3515625,78693.6796875,78674.703125,78674.703125,1839104
2026-08-26 11:12:00+00:00,78694.0390625,78694.0390625,78694.0390625,78688.5078125,78692.046875,0
2026-08-26 11:13:00+00:00,78667.78125,78667.78125,78694.0390625,78645.34375,78694.0390625,0
2026-08-26 11:14:00+00:00,78697.578125,78697.578125,78702.5234375,78672.9296875,78672.9296875,151552
2026-08-26 11:15:00+00:00,78686.78125,78686.78125,78702.5078125,78686.78125,78702.5078125,0
2026-08-26 11:16:00+00:00,78728.7109375,78728.7109375,78728.7109375,78686.7734375,78686.78125,0
2026-08-26 11:17:00+00:00,78703.328125,78703.328125,78719.0625,78692.671875,78695.390625,0
2026-08-26 11:18:00+00:00,78650.0234375,78650.0234375,78688.6484375,78650.0234375,78688.6484375,0
2026-08-26 11:19:00+00:00,78659.953125,78659.953125,78659.953125,78639.03125,78639.03125,0
2026-08-26 11:20:00+00:00,78635.578125,78635.578125,78669.9296875,78635.578125,78669.9296875,49094656
2026-08-26 11:21:00+00:00,78673.8828125,78673.8828125,78683.7109375,78642.2734375,78642.2734375,0
2026-08-26 11:22:00+00:00,78677.8984375,78677.8984375,78677.8984375,78655.8203125,78673.8828125,13371392
2026-08-26 11:23:00+00:00,78673.8671875,78673.8671875,78696.203125,78663.21875,78677.8984375,0
2026-08-26 11:24:00+00:00,78682.6328125,78682.6328125,78682.796875,78650.3828125,78673.8671875,0
2026-08-26 11:25:00+00:00,78665.203125,78665.203125,78690.8828125,78665.203125,78673.6171875,0
2026-08-26 11:26:00+00:00,78607.3828125,78607.3828125,78673.703125,78603.359375,78673.703125,0
2026-08-26 11:27:00+00:00,78628.6015625,78628.6015625,78628.6015625,78612.890625,78612.890625,0
2026-08-26 11:28:00+00:00,78615.703125,78615.703125,78639.3671875,78615.6875,78639.3671875,0
2026-08-26 11:29:00+00:00,78608.390625,78608.390625,78629.5078125,78608.390625,78615.703125,0
2026-08-26 11:30:00+00:00,78594.65625,78594.65625,78611.609375,78594.65625,78604.6484375,718848
2026-08-26 11:31:00+00:00,78587.5234375,78587.5234375,78603.6875,78586.34375,78603.6875,0
2026-08-26 11:32:00+00:00,78569.859375,78569.859375,78591.203125,78569.859375,78591.203125,0
2026-08-26 11:33:00+00:00,78582.078125,78582.078125,78589.34375,78559.796875,78579.03125,0
2026-08-26 11:34:00+00:00,78561.7890625,78561.7890625,78582.078125,78561.78125,78582.078125,0
2026-08-26 11:35:00+00:00,78589.640625,78589.640625,78589.640625,78538.0390625,78538.0390625,276480
2026-08-26 11:36:00+00:00,78535.359375,78535.359375,78601.3203125,78535.359375,78601.3203125,0
2026-08-26 11:37:00+00:00,78385.890625,78385.890625,78528.796875,78385.890625,78528.796875,0
2026-08-26 11:38:00+00:00,78382.03125,78382.03125,78393.40625,78303.3671875,78393.40625,144459776
2026-08-26 11:39:00+00:00,78368.296875,78368.296875,78368.296875,78319.6171875,78350.0,0
2026-08-26 11:40:00+00:00,78374.5625,78374.5625,78403.5,78357.4296875,78381.5703125,0
2026-08-26 11:41:00+00:00,78401.1328125,78401.1328125,78401.1328125,78357.3671875,78360.046875,0
2026-08-26 11:42:00+00:00,78451.3828125,78451.3828125,78453.546875,78387.0078125,78404.0234375,0
2026-08-26 11:43:00+00:00,78470.21875,78470.21875,78487.2890625,78446.328125,78446.328125,0
2026-08-26 11:44:00+00:00,78457.859375,78457.859375,78485.1484375,78456.28125,78469.59375,170313728
2026-08-26 11:45:00+00:00,78425.9296875,78425.9296875,78460.2890625,78425.9296875,78460.2890625,0
2026-08-26 11:46:00+00:00,78382.9296875,78382.9296875,78431.1015625,78382.9296875,78431.1015625,0
2026-08-26 11:47:00+00:00,78388.8203125,78388.8203125,78416.578125,78388.8203125,78402.6875,0
2026-08-26 11:48:00+00:00,78404.1484375,78404.1484375,78408.109375,78376.3203125,78387.0234375,9537536
2026-08-26 11:49:00+00:00,78373.640625,78373.640625,78408.1015625,78364.2734375,78392.4375,0
2026-08-26 11:50:00+00:00,78419.3828125,78419.3828125,78425.5390625,78385.3984375,78385.3984375,0
2026-08-26 11:51:00+00:00,78450.75,78450.75,78450.75,78418.6171875,78418.6171875,805287936
2026-08-26 11:52:00+00:00,78453.5078125,78453.5078125,78473.15625,78433.390625,78473.15625,0
2026-08-26 11:53:00+00:00,78531.0625,78531.0625,78531.0625,78453.5078125,78453.5078125,0
2026-08-26 11:54:00+00:00,78516.5,78516.5,78528.9609375,78497.203125,78528.9609375,0
2026-08-26 11:55:00+00:00,78497.21875,78497.21875,78502.40625,78493.8671875,78497.8828125,0
2026-08-26 11:56:00+00:00,78540.796875,78540.796875,78551.3125,78502.40625,78502.40625,0
2026-08-26 11:57:00+00:00,78516.6875,78516.6875,78562.5390625,78516.6875,78540.8125,0
2026-08-26 11:58:00+00:00,78465.890625,78465.890625,78498.1875,78465.8828125,78495.46875,0
2026-08-26 11:59:00+00:00,78467.421875,78467.421875,78473.5078125,78461.90625,78473.5078125,0
2026-08-26 12:00:00+00:00,78515.15625,78515.15625,78525.5390625,78488.34375,78488.34375,48988160
2026-08-26 12:01:00+00:00,78531.40625,78531.40625,78552.21875,78506.0625,78506.0625,0
2026-08-26 12:02:00+00:00,78528.2265625,78528.2265625,78543.4921875,78511.2734375,78531.40625,8120320
2026-08-26 12:03:00+00:00,78468.7109375,78468.7109375,78525.0390625,78446.21875,78525.0390625,0
2026-08-26 12:04:00+00:00,78497.9375,78497.9375,78500.84375,78457.796875,78467.34375,0
2026-08-26 12:05:00+00:00,78415.3203125,78415.3203125,78494.953125,78415.3203125,78489.9921875,0
2026-08-26 12:06:00+00:00,78382.3125,78382.3125,78415.3125,78349.71875,78415.3125,0
2026-08-26 12:07:00+00:00,78371.9921875,78371.9921875,78403.8984375,78354.1015625,78395.390625,0
2026-08-26 12:08:00+00:00,78391.4296875,78391.4296875,78396.96875,78369.109375,78378.859375,0
2026-08-26 12:09:00+00:00,78409.546875,78409.546875,78426.4375,78400.7265625,78400.7265625,0
2026-08-26 12:10:00+00:00,78436.2734375,78436.2734375,78451.9296875,78409.546875,78409.546875,0
2026-08-26 12:11:00+00:00,78406.7265625,78406.7265625,78451.921875,78396.890625,78451.921875,0
2026-08-26 12:12:00+00:00,78426.1875,78426.1875,78426.4375,78406.7265625,78406.7265625,0
2026-08-26 12:13:00+00:00,78394.7890625,78394.7890625,78437.84375,78394.7890625,78415.578125,0
2026-08-26 12:14:00+00:00,78379.1015625,78379.1015625,78391.0,78379.09375,78387.0078125,0
2026-08-26 12:15:00+00:00,78352.1328125,78352.1328125,78376.53125,78340.296875,78376.53125,0
2026-08-26 12:16:00+00:00,78374.2265625,78374.2265625,78374.2265625,78269.6875,78340.8125,0
2026-08-26 12:17:00+00:00,78400.3671875,78400.3671875,78405.2578125,78374.25,78377.140625,52553728
2026-08-26 12:18:00+00:00,78371.328125,78371.328125,78414.5,78357.4296875,78408.0625,0
2026-08-26 12:19:00+00:00,78367.2890625,78367.2890625,78402.6796875,78367.2890625,78371.328125,3350528
2026-08-26 12:20:00+00:00,78442.1328125,78442.1328125,78442.1328125,78360.28125,78375.578125,0
2026-08-26 12:21:00+00:00,78469.4921875,78469.4921875,78475.4765625,78428.1171875,78461.921875,0
2026-08-26 12:22:00+00:00,78521.359375,78521.359375,78521.359375,78464.1328125,78464.1328125,2490368
2026-08-26 12:23:00+00:00,78527.203125,78527.203125,78546.7734375,78518.609375,78518.609375,0
2026-08-26 12:24:00+00:00,78539.578125,78539.578125,78564.59375,78527.203125,78527.203125,0
2026-08-26 12:25:00+00:00,78629.203125,78629.203125,78634.296875,78556.890625,78566.109375,0
2026-08-26 12:26:00+00:00,78581.578125,78581.578125,78637.84375,78581.578125,78629.203125,0
2026-08-26 12:27:00+00:00,78627.453125,78627.453125,78629.4921875,78581.59375,78581.59375,0
2026-08-26 12:28:00+00:00,78617.421875,78617.421875,78631.5703125,78598.09375,78598.09375,0
2026-08-26 12:29:00+00:00,78683.0703125,78683.0703125,78693.171875,78610.25,78610.25,0
2026-08-26 12:30:00+00:00,78281.609375,78281.609375,78675.6484375,78135.4765625,78675.6484375,0
2026-08-26 12:31:00+00:00,78397.8828125,78397.8828125,78435.9296875,78292.9921875,78292.9921875,0
2026-08-26 12:32:00+00:00,78426.6796875,78426.6796875,78426.6796875,78367.109375,78377.1484375,0
2026-08-26 12:33:00+00:00,78469.6484375,78469.6484375,78470.7265625,78401.359375,78460.1171875,0
2026-08-26 12:34:00+00:00,78392.6171875,78392.6171875,78488.5234375,78392.6171875,78455.8671875,39725056
2026-08-26 12:35:00+00:00,78443.2421875,78443.2421875,78467.578125,78400.1484375,78400.1484375,0
2026-08-26 12:36:00+00:00,78384.6484375,78384.6484375,78444.9375,78383.3203125,78434.4296875,698382336
2026-08-26 12:37:00+00:00,78245.28125,78245.28125,78383.21875,78245.171875,78383.21875,0
2026-08-26 12:38:00+00:00,78284.390625,78284.390625,78284.390625,78160.2265625,78255.0,0
2026-08-26 12:39:00+00:00,78233.640625,78233.640625,78312.921875,78189.8125,78312.2890625,104407040
2026-08-26 12:40:00+00:00,78217.2578125,78217.2578125,78258.8203125,78205.25,78215.2265625,0
2026-08-26 12:41:00+00:00,78301.5703125,78301.5703125,78311.7109375,78210.953125,78210.953125,63324160
2026-08-26 12:42:00+00:00,78317.96875,78317.96875,78321.7734375,78284.2890625,78294.71875,0
2026-08-26 12:43:00+00:00,78363.5,78363.5,78363.5,78297.0078125,78306.1328125,12218368
2026-08-26 12:44:00+00:00,78253.96875,78253.96875,78367.28125,78253.96875,78367.28125,24569856
2026-08-26 12:45:00+00:00,78308.1328125,78308.1328125,78366.3125,78295.609375,78295.609375,0
2026-08-26 12:46:00+00:00,78233.3671875,78233.3671875,78268.6875,78199.671875,78268.6875,0
2026-08-26 12:47:00+00:00,78233.15625,78233.15625,78237.6171875,78207.9609375,78213.96875,0
2026-08-26 12:48:00+00:00,78281.2578125,78281.2578125,78281.2578125,78237.84375,78248.796875,159145984
2026-08-26 12:49:00+00:00,78308.109375,78308.109375,78308.109375,78260.8203125,78272.25,0
2026-08-26 12:50:00+00:00,78421.3828125,78421.3828125,78421.3828125,78294.53125,78301.8828125,0
2026-08-26 12:51:00+00:00,78363.7109375,78363.7109375,78389.7890625,78359.8125,78389.78125,0
2026-08-26 12:52:00+00:00,78316.3671875,78316.3671875,78372.2734375,78316.3671875,78372.2734375,13490176
2026-08-26 12:53:00+00:00,78312.96875,78312.96875,78354.9765625,78301.1328125,78354.9765625,0
2026-08-26 12:54:00+00:00,78310.6796875,78310.6796875,78332.3828125,78280.9375,78306.28125,0
2026-08-26 12:55:00+00:00,78325.0,78325.0,78332.3828125,78281.8125,78283.84375,21067776
2026-08-26 12:56:00+00:00,78377.1328125,78377.1328125,78377.1328125,78331.2890625,78331.2890625,4386816
2026-08-26 12:57:00+00:00,78394.3515625,78394.3515625,78412.03125,78377.140625,78377.140625,10397696
2026-08-26 12:58:00+00:00,78337.5625,78337.5625,78391.2890625,78327.8515625,78391.2890625,0
2026-08-26 12:59:00+00:00,78300.1484375,78300.1484375,78351.6171875,78300.1484375,78343.5078125,15775744
2026-08-26 13:00:00+00:00,78358.5703125,78358.5703125,78358.5703125,78298.2734375,78298.2734375,0
2026-08-26 13:01:00+00:00,78406.09375,78406.09375,78406.7109375,78374.171875,78374.171875,0
2026-08-26 13:02:00+00:00,78334.71875,78334.71875,78432.1328125,78334.71875,78403.0625,0
2026-08-26 13:03:00+00:00,78279.5234375,78279.5234375,78337.703125,78269.1015625,78337.703125,0
2026-08-26 13:04:00+00:00,78238.53125,78238.53125,78329.0625,78238.53125,78284.7421875,0
2026-08-26 13:05:00+00:00,78189.8125,78189.8125,78221.2109375,78189.8125,78219.390625,0
2026-08-26 13:06:00+00:00,78216.5234375,78216.5234375,78216.5234375,78177.609375,78185.578125,7565312
2026-08-26 13:07:00+00:00,78173.75,78173.75,78260.1796875,78173.75,78223.3203125,0
2026-08-26 13:08:00+00:00,78134.0625,78134.0625,78171.90625,78117.8671875,78170.1015625,0
2026-08-26 13:09:00+00:00,78110.0078125,78110.0078125,78134.0703125,78080.7734375,78134.0703125,21180416
2026-08-26 13:10:00+00:00,78113.2734375,78113.2734375,78113.28125,78039.7578125,78109.21875,0
2026-08-26 13:11:00+00:00,78061.6171875,78061.6171875,78128.8828125,78034.8203125,78128.8828125,0
2026-08-26 13:12:00+00:00,78033.71875,78033.71875,78091.203125,77990.59375,78091.203125,0
2026-08-26 13:13:00+00:00,78068.7890625,78068.7890625,78085.03125,78020.9375,78035.1875,0
2026-08-26 13:14:00+00:00,78114.28125,78114.28125,78151.5,78091.1875,78091.1875,0
2026-08-26 13:15:00+00:00,78127.1875,78127.1875,78139.8828125,78110.921875,78125.390625,24043520
2026-08-26 13:16:00+00:00,78164.96875,78164.96875,78164.9765625,78076.796875,78097.71875,0
2026-08-26 13:17:00+00:00,78086.8828125,78086.8828125,78151.671875,78078.34375,78151.671875,140302336
2026-08-26 13:18:00+00:00,78110.9296875,78110.9296875,78147.5234375,78063.671875,78076.2421875,0
2026-08-26 13:19:00+00:00,78133.7265625,78133.7265625,78150.1171875,78095.328125,78118.9375,0
2026-08-26 13:20:00+00:00,78107.7109375,78107.7109375,78145.25,78101.0703125,78121.8828125,8646656
2026-08-26 13:21:00+00:00,78032.9375,78032.9375,78121.7890625,78032.9375,78116.78125,0
2026-08-26 13:22:00+00:00,78039.0078125,78039.0078125,78071.46875,77988.65625,78071.46875,1075200
2026-08-26 13:23:00+00:00,78091.671875,78091.671875,78135.28125,78083.84375,78090.8671875,0
2026-08-26 13:24:00+00:00,78013.3203125,78013.3203125,78079.15625,78006.6015625,78079.15625,0
2026-08-26 13:25:00+00:00,77995.2578125,77995.2578125,78029.671875,77989.4609375,78012.0625,0
2026-08-26 13:26:00+00:00,77943.2890625,77943.2890625,78018.3125,77907.6875,78003.0625,0
2026-08-26 13:27:00+00:00,77994.203125,77994.203125,77994.203125,77945.421875,77960.9921875,0
2026-08-26 13:28:00+00:00,78036.390625,78036.390625,78042.828125,77989.2890625,78001.9765625,0
2026-08-26 13:29:00+00:00,78037.609375,78037.609375,78062.3671875,78016.2890625,78041.890625,0
2026-08-26 13:30:00+00:00,78199.4765625,78199.4765625,78213.4296875,78104.5234375,78104.5234375,0
2026-08-26 13:31:00+00:00,78118.2109375,78118.2109375,78200.296875,78064.8984375,78200.296875,0
2026-08-26 13:32:00+00:00,78120.0234375,78120.0234375,78120.0234375,78061.640625,78107.203125,0
2026-08-26 13:33:00+00:00,78239.3828125,78239.3828125,78239.3828125,78139.6484375,78139.6484375,0
2026-08-26 13:34:00+00:00,78347.171875,78347.171875,78368.328125,78294.0078125,78305.4921875,0
2026-08-26 13:35:00+00:00,78304.5234375,78304.5234375,78322.3125,78268.0390625,78322.3125,163864576
2026-08-26 13:36:00+00:00,78365.2578125,78365.2578125,78369.15625,78268.6875,78278.7734375,0
2026-08-26 13:37:00+00:00,78387.0,78387.0,78400.21875,78352.890625,78356.2578125,0
2026-08-26 13:38:00+00:00,78427.5625,78427.5625,78460.4921875,78406.8828125,78406.8828125,0
2026-08-26 13:39:00+00:00,78381.3125,78381.3125,78424.6171875,78375.796875,78416.0234375,0
2026-08-26 13:40:00+00:00,78428.3671875,78428.3671875,78467.0234375,78331.8828125,78341.4296875,0
2026-08-26 13:41:00+00:00,78405.0390625,78405.0390625,78423.921875,78363.96875,78423.921875,0
2026-08-26 13:42:00+00:00,78455.2890625,78455.2890625,78455.2890625,78367.15625,78410.921875,0
2026-08-26 13:43:00+00:00,78438.0390625,78438.0390625,78485.1875,78406.34375,78464.7734375,5351424
2026-08-26 13:44:00+00:00,78494.140625,78494.140625,78494.140625,78423.3515625,78435.8828125,0
2026-08-26 13:45:00+00:00,78535.921875,78535.921875,78545.4296875,78482.296875,78488.1015625,0
2026-08-26 13:46:00+00:00,78415.671875,78415.671875,78537.7265625,78390.921875,78537.7265625,0
2026-08-26 13:47:00+00:00,78427.0,78427.0,78433.328125,78372.671875,78415.4921875,0
2026-08-26 13:48:00+00:00,78419.71875,78419.71875,78442.0078125,78396.921875,78426.9765625,0
2026-08-26 13:49:00+00:00,78372.0234375,78372.0234375,78445.5,78372.0234375,78418.0,23945216
2026-08-26 13:50:00+00:00,78295.03125,78295.03125,78360.046875,78295.03125,78360.0390625,0
2026-08-26 13:51:00+00:00,78266.203125,78266.203125,78280.578125,78235.2578125,78280.578125,6402048
2026-08-26 13:52:00+00:00,78119.890625,78119.890625,78279.21875,78115.1015625,78276.5703125,0
2026-08-26 13:53:00+00:00,78243.359375,78243.359375,78243.359375,78117.28125,78150.359375,0
2026-08-26 13:54:00+00:00,78225.5703125,78225.5703125,78271.3515625,78170.1015625,78243.359375,0
2026-08-26 13:55:00+00:00,78320.640625,78320.640625,78327.828125,78203.171875,78203.171875,0
2026-08-26 13:56:00+00:00,78284.6328125,78284.6328125,78317.96875,78245.140625,78307.15625,0
2026-08-26 13:57:00+00:00,78341.9609375,78341.9609375,78341.9609375,78275.4609375,78290.609375,0
2026-08-26 13:58:00+00:00,78404.8515625,78404.8515625,78417.7734375,78330.828125,78340.2265625,0
2026-08-26 13:59:00+00:00,78446.78125,78446.78125,78454.8125,78404.8515625,78404.8515625,0
2026-08-26 14:00:00+00:00,78405.640625,78405.640625,78430.2265625,78300.6171875,78410.7578125,24840192
2026-08-26 14:01:00+00:00,78458.5234375,78458.5234375,78458.5234375,78398.03125,78422.890625,0
2026-08-26 14:02:00+00:00,78559.46875,78559.46875,78587.0703125,78459.1015625,78483.1796875,0
2026-08-26 14:03:00+00:00,78526.703125,78526.703125,78552.0703125,78511.8203125,78531.3515625,0
2026-08-26 14:04:00+00:00,78532.359375,78532.359375,78562.578125,78520.890625,78520.890625,0
2026-08-26 14:05:00+00:00,78536.796875,78536.796875,78536.796875,78512.7734375,78527.9296875,0
2026-08-26 14:06:00+00:00,78537.0625,78537.0625,78538.640625,78481.859375,78533.40625,0
2026-08-26 14:07:00+00:00,78572.1484375,78572.1484375,78590.4921875,78555.046875,78576.5703125,0
2026-08-26 14:08:00+00:00,78600.921875,78600.921875,78604.3671875,78583.9375,78587.8515625,0
2026-08-26 14:09:00+00:00,78546.75,78546.75,78602.96875,78546.75,78602.96875,0
2026-08-26 14:10:00+00:00,78559.1171875,78559.1171875,78566.6875,78486.28125,78515.0,0
2026-08-26 14:11:00+00:00,78595.46875,78595.46875,78606.5625,78566.4609375,78566.4609375,2703360
2026-08-26 14:12:00+00:00,78579.1171875,78579.1171875,78579.1171875,78481.9921875,78556.8515625,181917696
2026-08-26 14:13:00+00:00,78515.40625,78515.40625,78538.9609375,78505.328125,78538.9609375,0
2026-08-26 14:14:00+00:00,78459.03125,78459.03125,78491.6484375,78451.640625,78485.609375,0
2026-08-26 14:15:00+00:00,78504.2890625,78504.2890625,78504.2890625,78453.2265625,78457.578125,0
2026-08-26 14:16:00+00:00,78551.296875,78551.296875,78573.8515625,78504.28125,78504.28125,0
2026-08-26 14:17:00+00:00,78552.3125,78552.3125,78557.5078125,78512.4296875,78551.3125,0
2026-08-26 14:18:00+00:00,78570.3125,78570.3125,78570.3125,78545.8125,78552.328125,0
2026-08-26 14:19:00+00:00,78522.71875,78522.71875,78554.6015625,78498.3125,78554.6015625,0
2026-08-26 14:20:00+00:00,78525.0390625,78525.0390625,78538.7734375,78486.53125,78522.71875,0
2026-08-26 14:21:00+00:00,78503.046875,78503.046875,78531.640625,78487.359375,78527.25,0
2026-08-26 14:22:00+00:00,78488.5,78488.5,78545.6171875,78488.5,78514.4296875,2672640
2026-08-26 14:23:00+00:00,78490.2578125,78490.2578125,78549.9921875,78484.5390625,78484.5390625,0
2026-08-26 14:24:00+00:00,78414.5625,78414.5625,78487.640625,78410.75,78470.796875,0
2026-08-26 14:25:00+00:00,78359.3515625,78359.3515625,78396.890625,78322.0390625,78396.890625,0
2026-08-26 14:26:00+00:00,78278.5703125,78278.5703125,78336.8515625,78278.5703125,78336.8515625,0
2026-08-26 14:27:00+00:00,78247.296875,78247.296875,78298.25,78239.34375,78258.8203125,0
2026-08-26 14:28:00+00:00,78219.5703125,78219.5703125,78239.1015625,78199.9765625,78201.5390625,0
2026-08-26 14:29:00+00:00,78239.09375,78239.09375,78248.046875,78214.71875,78219.5703125,0
2026-08-26 14:30:00+00:00,78247.546875,78247.546875,78278.53125,78211.671875,78234.3984375,0
2026-08-26 14:31:00+00:00,78229.28125,78229.28125,78238.8828125,78172.3125,78238.8828125,0
2026-08-26 14:32:00+00:00,78254.4296875,78254.4296875,78275.5078125,78204.34375,78232.1796875,0
2026-08-26 14:33:00+00:00,78187.3515625,78187.3515625,78231.6171875,78171.7265625,78231.6171875,0
2026-08-26 14:34:00+00:00,78183.0234375,78183.0234375,78194.171875,78150.53125,78182.453125,0
2026-08-26 14:35:00+00:00,78136.3203125,78136.3203125,78183.0078125,78098.6015625,78183.0078125,0
2026-08-26 14:36:00+00:00,78178.8984375,78178.8984375,78178.9765625,78133.421875,78135.9765625,0
2026-08-26 14:37:00+00:00,78228.296875,78228.296875,78253.15625,78201.90625,78201.90625,0
2026-08-26 14:38:00+00:00,78143.59375,78143.59375,78214.21875,78140.65625,78214.21875,0
2026-08-26 14:39:00+00:00,78149.703125,78149.703125,78153.96875,78113.078125,78113.078125,1425408
2026-08-26 14:40:00+00:00,78147.7734375,78147.7734375,78191.671875,78141.0390625,78141.046875,0
2026-08-26 14:41:00+00:00,78149.1796875,78149.1796875,78168.0,78104.2421875,78138.8828125,0
2026-08-26 14:42:00+00:00,78007.703125,78007.703125,78170.078125,77936.921875,78170.078125,0
2026-08-26 14:43:00+00:00,78030.671875,78030.671875,78047.390625,77992.4296875,77992.4296875,13850624
2026-08-26 14:44:00+00:00,77971.7890625,77971.7890625,78007.859375,77957.359375,78007.7578125,0
2026-08-26 14:45:00+00:00,77895.828125,77895.828125,78009.9921875,77895.828125,77981.6484375,0
2026-08-26 14:46:00+00:00,77913.7578125,77913.7578125,77941.703125,77884.59375,77923.8515625,0
2026-08-26 14:47:00+00:00,77923.109375,77923.109375,77964.8828125,77905.25,77915.8828125,9207808
2026-08-26 14:48:00+00:00,77944.5703125,77944.5703125,77944.5703125,77859.8828125,77928.2265625,42518528
2026-08-26 14:49:00+00:00,77979.7421875,77979.7421875,77979.7421875,77925.0703125,77947.46875,0
2026-08-26 14:50:00+00:00,77954.9375,77954.9375,78038.53125,77948.2578125,77983.15625,0
2026-08-26 14:51:00+00:00,77932.109375,77932.109375,77986.21875,77932.109375,77969.953125,0
2026-08-26 14:52:00+00:00,77940.8984375,77940.8984375,77975.2734375,77932.421875,77961.40625,0
2026-08-26 14:53:00+00:00,77871.3125,77871.3125,77953.546875,77868.46875,77953.546875,0
2026-08-26 14:54:00+00:00,77794.96875,77794.96875,77892.25,77768.2265625,77892.25,240939008
2026-08-26 14:55:00+00:00,77812.421875,77812.421875,77824.9921875,77793.1796875,77814.78125,2832384
2026-08-26 14:56:00+00:00,77783.0,77783.0,77827.96875,77782.4765625,77803.71875,0
2026-08-26 14:57:00+00:00,77790.1875,77790.1875,77822.25,77770.953125,77770.953125,0
2026-08-26 14:58:00+00:00,77848.2734375,77848.2734375,77854.8828125,77794.2890625,77821.2578125,0
2026-08-26 14:59:00+00:00,77787.5390625,77787.5390625,77856.90625,77769.859375,77856.90625,53829632
2026-08-26 15:00:00+00:00,77876.1015625,77876.1015625,77876.1015625,77757.0703125,77787.53125,0
2026-08-26 15:01:00+00:00,77850.3671875,77850.3671875,77869.921875,77836.8125,77865.0390625,0
2026-08-26 15:02:00+00:00,77736.2265625,77736.2265625,77834.921875,77682.0,77834.921875,228474880
2026-08-26 15:03:00+00:00,77696.59375,77696.59375,77736.96875,77650.0078125,77736.96875,0
2026-08-26 15:04:00+00:00,77632.0390625,77632.0390625,77709.421875,77632.0390625,77709.421875,0
2026-08-26 15:05:00+00:00,77809.65625,77809.65625,77809.65625,77633.421875,77651.4375,855615488
2026-08-26 15:06:00+00:00,77785.609375,77785.609375,77874.28125,77785.609375,77861.578125,0
2026-08-26 15:07:00+00:00,77874.28125,77874.28125,77874.28125,77778.03125,77778.03125,11847680
2026-08-26 15:08:00+00:00,77878.5390625,77878.5390625,77935.65625,77878.5390625,77907.6796875,0
2026-08-26 15:09:00+00:00,77927.9765625,77927.9765625,77946.578125,77862.9765625,77862.9765625,197349376
2026-08-26 15:10:00+00:00,77921.5390625,77921.5390625,77928.703125,77909.0234375,77924.578125,0
2026-08-26 15:11:00+00:00,77901.296875,77901.296875,77925.0703125,77875.328125,77921.5390625,97208320
2026-08-26 15:12:00+00:00,77834.8515625,77834.8515625,77901.796875,77834.8515625,77901.796875,0
2026-08-26 15:13:00+00:00,77825.3125,77825.3125,77862.078125,77825.3125,77845.6484375,0
2026-08-26 15:14:00+00:00,77846.8828125,77846.8828125,77860.7421875,77825.296875,77846.953125,0
2026-08-26 15:15:00+00:00,77737.4765625,77737.4765625,77843.5234375,77722.46875,77836.7578125,0
2026-08-26 15:16:00+00:00,77796.7890625,77796.7890625,77796.7890625,77722.9609375,77752.65625,6326272
2026-08-26 15:17:00+00:00,77787.1171875,77787.1171875,77796.7890625,77730.59375,77796.7890625,0
2026-08-26 15:18:00+00:00,77799.0703125,77799.0703125,77801.140625,77732.2890625,77765.4765625,0
2026-08-26 15:19:00+00:00,77780.65625,77780.65625,77786.8203125,77745.1328125,77786.8203125,0
2026-08-26 15:20:00+00:00,77828.5390625,77828.5390625,77834.046875,77801.59375,77810.34375,0
2026-08-26 15:21:00+00:00,77885.078125,77885.078125,77888.390625,77846.7578125,77846.7578125,0
2026-08-26 15:22:00+00:00,77854.671875,77854.671875,77892.1796875,77854.671875,77881.546875,5214208
2026-08-26 15:23:00+00:00,77933.1328125,77933.1328125,77949.8984375,77873.578125,77873.578125,0
2026-08-26 15:24:00+00:00,77933.96875,77933.96875,77935.3671875,77908.0234375,77923.5,2050048
2026-08-26 15:25:00+00:00,77975.3984375,77975.3984375,77983.59375,77933.96875,77933.96875,0
2026-08-26 15:26:00+00:00,78051.78125,78051.78125,78053.9765625,77988.296875,77988.296875,0
2026-08-26 15:27:00+00:00,78095.03125,78095.03125,78095.03125,78058.6171875,78058.6171875,0
2026-08-26 15:28:00+00:00,78109.859375,78109.859375,78137.25,78102.109375,78102.1796875,15777792
2026-08-26 15:29:00+00:00,78151.8125,78151.8125,78160.21875,78109.8671875,78109.8671875,0
2026-08-26 15:30:00+00:00,78033.609375,78033.609375,78163.390625,78033.0703125,78163.390625,0
2026-08-26 15:31:00+00:00,78071.4765625,78071.4765625,78071.4765625,78038.3828125,78045.453125,36562944
2026-08-26 15:32:00+00:00,78027.15625,78027.15625,78086.3671875,78027.15625,78086.3671875,20871168
2026-08-26 15:33:00+00:00,78006.8984375,78006.8984375,78034.96875,77992.609375,78020.0078125,0
2026-08-26 15:34:00+00:00,77951.71875,77951.71875,77997.9296875,77938.0078125,77997.9296875,0
2026-08-26 15:35:00+00:00,77943.34375,77943.34375,77979.6796875,77931.2578125,77933.2109375,0
2026-08-26 15:36:00+00:00,77955.4921875,77955.4921875,77970.7109375,77933.5703125,77933.5703125,90673152
2026-08-26 15:37:00+00:00,77972.8671875,77972.8671875,77972.8671875,77944.578125,77972.40625,0
2026-08-26 15:38:00+00:00,77971.53125,77971.53125,78008.4609375,77970.078125,77983.453125,0
2026-08-26 15:39:00+00:00,78002.2890625,78002.2890625,78005.921875,77964.6796875,77964.6796875,0
2026-08-26 15:40:00+00:00,78114.2734375,78114.2734375,78114.2734375,78000.71875,78000.71875,0
2026-08-26 15:41:00+00:00,78081.7890625,78081.7890625,78126.5078125,78081.7890625,78115.421875,0
2026-08-26 15:42:00+00:00,78098.953125,78098.953125,78098.9609375,78056.3671875,78062.9921875,0
2026-08-26 15:43:00+00:00,78037.3984375,78037.3984375,78099.6484375,78037.3984375,78099.6484375,732954624
2026-08-26 15:44:00+00:00,78030.8203125,78030.8203125,78071.4765625,78025.703125,78037.3984375,0
2026-08-26 15:45:00+00:00,78060.21875,78060.21875,78070.59375,78057.0234375,78064.21875,0
2026-08-26 15:46:00+00:00,78070.3828125,78070.3828125,78096.953125,78065.96875,78065.96875,0
2026-08-26 15:47:00+00:00,78054.2109375,78054.2109375,78072.609375,78046.453125,78072.609375,2699264
2026-08-26 15:48:00+00:00,78138.3984375,78138.3984375,78138.3984375,78056.15625,78056.15625,0
2026-08-26 15:49:00+00:00,78134.921875,78134.921875,78146.0625,78114.4765625,78138.5234375,0
2026-08-26 15:50:00+00:00,78116.46875,78116.46875,78141.203125,78116.46875,78120.7890625,0
2026-08-26 15:51:00+00:00,78043.890625,78043.890625,78121.4765625,78043.890625,78101.0703125,0
2026-08-26 15:52:00+00:00,78079.046875,78079.046875,78081.1796875,78020.71875,78028.3125,0
2026-08-26 15:53:00+00:00,78025.0,78025.0,78069.0078125,78025.0,78069.0078125,0
2026-08-26 15:54:00+00:00,78042.5390625,78042.5390625,78051.1015625,78025.0078125,78025.0078125,0
2026-08-26 15:55:00+00:00,78074.7265625,78074.7265625,78074.7265625,78033.1796875,78042.5390625,0
2026-08-26 15:56:00+00:00,78099.9921875,78099.9921875,78100.0,78046.859375,78068.6015625,148717568
2026-08-26 15:57:00+00:00,78059.0078125,78059.0078125,78115.421875,78059.0078125,78100.0,0
2026-08-26 15:58:00+00:00,78050.1015625,78050.1015625,78069.0,78037.7265625,78069.0,5144576
2026-08-26 15:59:00+00:00,78013.359375,78013.359375,78058.6171875,77972.890625,78058.6171875,0
2026-08-26 16:00:00+00:00,78041.8984375,78041.8984375,78082.078125,78005.4375,78005.4375,0
2026-08-26 16:01:00+00:00,77993.328125,77993.328125,78020.84375,77992.1328125,78020.84375,21872640
2026-08-26 16:02:00+00:00,77979.5,77979.5,78006.0078125,77977.2265625,77993.3203125,0
2026-08-26 16:03:00+00:00,78019.140625,78019.140625,78040.3828125,77985.9765625,77992.3515625,0
2026-08-26 16:04:00+00:00,78088.3515625,78088.3515625,78094.3515625,78008.9921875,78008.9921875,0
2026-08-26 16:05:00+00:00,78100.4765625,78100.4765625,78101.0625,78068.296875,78079.5,0
2026-08-26 16:06:00+00:00,78077.546875,78077.546875,78112.6328125,78071.0625,78093.8203125,0
2026-08-26 16:07:00+00:00,78126.0390625,78126.0390625,78126.0390625,78064.453125,78068.2734375,0
2026-08-26 16:08:00+00:00,78142.0,78142.0,78163.8984375,78115.0234375,78130.6328125,0
2026-08-26 16:09:00+00:00,78135.6484375,78135.6484375,78165.1328125,78129.5078125,78129.5078125,0
2026-08-26 16:10:00+00:00,78142.7109375,78142.7109375,78148.390625,78117.15625,78135.40625,0
2026-08-26 16:11:00+00:00,78093.3828125,78093.3828125,78124.2578125,78091.2734375,78122.1328125,0
2026-08-26 16:12:00+00:00,78097.6171875,78097.6171875,78099.296875,78072.6875,78082.1171875,0
2026-08-26 16:13:00+00:00,78058.28125,78058.28125,78089.890625,78058.28125,78089.890625,0
2026-08-26 16:14:00+00:00,78082.7734375,78082.7734375,78088.46875,78043.0234375,78043.0234375,0
2026-08-26 16:15:00+00:00,78060.796875,78060.796875,78113.2265625,78046.890625,78088.6328125,0
2026-08-26 16:16:00+00:00,78000.84375,78000.84375,78058.5078125,77987.3828125,78058.5078125,0
2026-08-26 16:17:00+00:00,78020.5703125,78020.5703125,78021.203125,77996.1328125,77998.25,98234368
2026-08-26 16:18:00+00:00,78051.3203125,78051.3203125,78054.46875,78028.6875,78028.6875,0
2026-08-26 16:19:00+00:00,78040.546875,78040.546875,78058.2109375,78035.1015625,78058.2109375,0
2026-08-26 16:20:00+00:00,78120.0703125,78120.0703125,78128.5234375,78053.453125,78053.453125,0
2026-08-26 16:21:00+00:00,78123.3828125,78123.3828125,78129.0,78085.71875,78103.59375,0
2026-08-26 16:22:00+00:00,78059.359375,78059.359375,78126.1015625,78059.359375,78126.1015625,0
2026-08-26 16:23:00+00:00,78028.75,78028.75,78048.2265625,78025.796875,78040.1328125,0
2026-08-26 16:24:00+00:00,78027.4296875,78027.4296875,78049.703125,78020.9375,78041.4375,114386944
2026-08-26 16:25:00+00:00,78038.03125,78038.03125,78052.5078125,78036.6484375,78045.0390625,0
2026-08-26 16:26:00+00:00,77993.8671875,77993.8671875,78075.8515625,77993.8671875,78043.5234375,0
2026-08-26 16:27:00+00:00,78008.71875,78008.71875,78020.953125,77984.578125,78008.1875,0
2026-08-26 16:28:00+00:00,78041.75,78041.75,78045.9765625,78008.8984375,78008.8984375,0
2026-08-26 16:29:00+00:00,78059.4921875,78059.4921875,78067.703125,78054.796875,78054.796875,58198016
2026-08-26 16:30:00+00:00,78019.9921875,78019.9921875,78056.0234375,78019.9921875,78056.0234375,331776
2026-08-26 16:31:00+00:00,78045.3125,78045.3125,78054.046875,78008.90625,78019.9921875,0
2026-08-26 16:32:00+00:00,78097.7890625,78097.7890625,78097.7890625,78037.609375,78045.3125,0
2026-08-26 16:33:00+00:00,78045.8125,78045.8125,78097.7890625,78045.8125,78094.703125,5593088
2026-08-26 16:34:00+00:00,78106.796875,78106.796875,78106.796875,78058.4765625,78071.46875,0
2026-08-26 16:35:00+00:00,78151.7890625,78151.7890625,78151.7890625,78106.796875,78106.796875,0
2026-08-26 16:36:00+00:00,78085.390625,78085.390625,78155.2109375,78069.0703125,78155.2109375,0
2026-08-26 16:37:00+00:00,78019.53125,78019.53125,78084.7109375,77993.328125,78080.2421875,0
2026-08-26 16:38:00+00:00,78031.0625,78031.0625,78032.03125,77990.8515625,78032.03125,66879488
2026-08-26 16:39:00+00:00,77979.65625,77979.65625,78023.8125,77977.7109375,78023.8125,0
2026-08-26 16:40:00+00:00,77966.7890625,77966.7890625,78023.2890625,77953.890625,77953.890625,3051520
2026-08-26 16:41:00+00:00,77998.953125,77998.953125,78024.4296875,77972.9296875,77975.3203125,0
2026-08-26 16:42:00+00:00,77939.5625,77939.5625,78000.71875,77939.5625,78000.71875,0
2026-08-26 16:43:00+00:00,77865.546875,77865.546875,77936.3984375,77856.2890625,77936.3984375,15132672
2026-08-26 16:44:00+00:00,77883.25,77883.25,77902.3984375,77875.203125,77875.203125,0
2026-08-26 16:45:00+00:00,78002.3828125,78002.3828125,78002.3828125,77880.078125,77880.078125,1333248
2026-08-26 16:46:00+00:00,77992.890625,77992.890625,78030.2109375,77973.671875,78002.3828125,0
2026-08-26 16:47:00+00:00,78044.78125,78044.78125,78049.9921875,78000.109375,78005.21875,2797568
2026-08-26 16:48:00+00:00,78143.671875,78143.671875,78143.671875,78025.453125,78025.453125,0
2026-08-26 16:49:00+00:00,78089.671875,78089.671875,78167.9921875,78085.5390625,78152.9765625,56113152
2026-08-26 16:50:00+00:00,78122.5,78122.5,78125.9765625,78085.9296875,78089.671875,0
2026-08-26 16:51:00+00:00,78106.3828125,78106.3828125,78119.5703125,78096.2578125,78096.2578125,78733312
2026-08-26 16:52:00+00:00,78038.046875,78038.046875,78103.4296875,78013.1015625,78103.4296875,0
2026-08-26 16:53:00+00:00,78013.2421875,78013.2421875,78044.9375,77989.546875,78038.046875,0
2026-08-26 16:54:00+00:00,78029.359375,78029.359375,78032.0234375,78016.4921875,78026.1484375,18929664
2026-08-26 16:55:00+00:00,78018.859375,78018.859375,78040.03125,78018.859375,78031.9921875,0
2026-08-26 16:56:00+00:00,77992.34375,77992.34375,78016.3671875,77977.8984375,78012.0390625,21686272
2026-08-26 16:57:00+00:00,78001.90625,78001.90625,78001.90625,77975.71875,77990.6171875,0
2026-08-26 16:58:00+00:00,77987.09375,77987.09375,78027.6171875,77983.796875,78024.046875,1705984
2026-08-26 16:59:00+00:00,77982.2265625,77982.2265625,78005.75,77982.2265625,77990.5625,0
2026-08-26 17:00:00+00:00,78014.1015625,78014.1015625,78018.2265625,77997.71875,77999.78125,0
2026-08-26 17:01:00+00:00,78058.9296875,78058.9296875,78064.390625,78014.3984375,78018.2265625,0
2026-08-26 17:02:00+00:00,78018.7421875,78018.7421875,78072.5390625,78010.2734375,78064.3828125,0
2026-08-26 17:03:00+00:00,78006.171875,78006.171875,78029.859375,78002.6484375,78013.53125,0
2026-08-26 17:04:00+00:00,78043.53125,78043.53125,78043.53125,78026.046875,78026.8125,0
2026-08-26 17:05:00+00:00,78050.59375,78050.59375,78058.9609375,78036.8125,78036.8125,0
2026-08-26 17:06:00+00:00,78061.609375,78061.609375,78061.609375,78000.0078125,78027.609375,0
2026-08-26 17:07:00+00:00,78088.640625,78088.640625,78092.1796875,78057.46875,78057.46875,0
2026-08-26 17:08:00+00:00,78095.8125,78095.8125,78101.046875,78071.5,78076.859375,0
2026-08-26 17:09:00+00:00,78088.390625,78088.390625,78127.359375,78088.390625,78107.2265625,65837056
2026-08-26 17:10:00+00:00,78069.1875,78069.1875,78098.671875,78048.078125,78079.3203125,0
2026-08-26 17:11:00+00:00,78090.5234375,78090.5234375,78100.0,78053.28125,78064.6875,0
2026-08-26 17:12:00+00:00,78108.640625,78108.640625,78108.640625,78078.609375,78097.0078125,0
2026-08-26 17:13:00+00:00,78115.6328125,78115.6328125,78130.6328125,78108.6328125,78108.6328125,0
2026-08-26 17:14:00+00:00,78130.6328125,78130.6328125,78130.6328125,78110.90625,78110.90625,0
2026-08-26 17:15:00+00:00,78178.03125,78178.03125,78178.03125,78134.4921875,78134.4921875,0
2026-08-26 17:16:00+00:00,78222.0078125,78222.0078125,78249.1015625,78222.0078125,78246.953125,0
2026-08-26 17:17:00+00:00,78244.9296875,78244.9296875,78255.5625,78214.453125,78221.359375,0
2026-08-26 17:18:00+00:00,78224.140625,78224.140625,78276.2890625,78224.140625,78244.9296875,72699904
2026-08-26 17:19:00+00:00,78247.046875,78247.046875,78258.21875,78225.546875,78225.546875,0
2026-08-26 17:20:00+00:00,78255.6015625,78255.6015625,78294.1796875,78244.578125,78245.3984375,0
2026-08-26 17:21:00+00:00,78294.171875,78294.171875,78294.171875,78265.21875,78265.21875,0
2026-08-26 17:22:00+00:00,78275.96875,78275.96875,78298.25,78247.96875,78287.90625,11472896
2026-08-26 17:23:00+00:00,78325.84375,78325.84375,78325.84375,78239.109375,78266.3125,0
2026-08-26 17:24:00+00:00,78346.4296875,78346.4296875,78346.4296875,78300.90625,78325.84375,13492224
2026-08-26 17:25:00+00:00,78351.21875,78351.21875,78353.3984375,78346.5625,78350.578125,0
2026-08-26 17:26:00+00:00,78341.8515625,78341.8515625,78356.2109375,78337.7265625,78354.84375,0
2026-08-26 17:27:00+00:00,78471.3671875,78471.3671875,78480.0078125,78339.53125,78339.53125,18237440
2026-08-26 17:28:00+00:00,78485.59375,78485.59375,78505.5625,78430.75,78493.0078125,2928640
2026-08-26 17:29:00+00:00,78519.9765625,78519.9765625,78519.9765625,78477.1484375,78495.4609375,0
2026-08-26 17:30:00+00:00,78548.03125,78548.03125,78569.03125,78508.640625,78519.96875,0
2026-08-26 17:31:00+00:00,78534.890625,78534.890625,78554.6015625,78490.96875,78554.6015625,0
2026-08-26 17:32:00+00:00,78521.03125,78521.03125,78555.1015625,78500.796875,78544.75,25483264
2026-08-26 17:33:00+00:00,78536.7265625,78536.7265625,78538.8671875,78500.796875,78514.34375,0
2026-08-26 17:34:00+00:00,78582.109375,78582.109375,78585.6484375,78534.1171875,78534.1171875,43743232
2026-08-26 17:35:00+00:00,78518.40625,78518.40625,78585.640625,78518.40625,78572.5390625,0
2026-08-26 17:36:00+00:00,78499.2109375,78499.2109375,78543.3203125,78499.2109375,78516.5078125,0
2026-08-26 17:37:00+00:00,78539.3515625,78539.3515625,78539.3515625,78499.390625,78505.6328125,0
2026-08-26 17:38:00+00:00,78527.0703125,78527.0703125,78547.5078125,78521.0078125,78539.3515625,23881728
2026-08-26 17:39:00+00:00,78539.4609375,78539.4609375,78539.4609375,78501.546875,78527.078125,0
2026-08-26 17:40:00+00:00,78553.2109375,78553.2109375,78557.828125,78539.4609375,78539.4609375,0
2026-08-26 17:41:00+00:00,78607.6484375,78607.6484375,78611.25,78552.53125,78552.53125,0
2026-08-26 17:42:00+00:00,78577.7890625,78577.7890625,78607.640625,78573.3515625,78607.640625,122390528
2026-08-26 17:43:00+00:00,78566.3828125,78566.3828125,78580.8125,78546.34375,78577.78125,0
2026-08-26 17:44:00+00:00,78511.640625,78511.640625,78550.1796875,78506.640625,78550.1796875,54087680
2026-08-26 17:45:00+00:00,78468.328125,78468.328125,78517.21875,78468.328125,78514.5078125,0
2026-08-26 17:46:00+00:00,78417.15625,78417.15625,78487.1484375,78417.15625,78485.796875,0
2026-08-26 17:47:00+00:00,78371.1171875,78371.1171875,78424.9375,78371.1171875,78396.90625,0
2026-08-26 17:48:00+00:00,78437.296875,78437.296875,78437.296875,78368.75,78383.5390625,0
2026-08-26 17:49:00+00:00,78397.7421875,78397.7421875,78447.0,78397.7421875,78430.84375,3643392
2026-08-26 17:50:00+00:00,78444.6015625,78444.6015625,78447.2890625,78390.4765625,78397.7421875,0
2026-08-26 17:51:00+00:00,78418.1875,78418.1875,78446.171875,78418.1875,78442.7734375,0
2026-08-26 17:52:00+00:00,78430.296875,78430.296875,78430.296875,78416.8125,78420.1484375,0
2026-08-26 17:53:00+00:00,78461.609375,78461.609375,78461.609375,78437.84375,78441.9921875,9885696
2026-08-26 17:54:00+00:00,78462.140625,78462.140625,78471.703125,78462.140625,78464.65625,0
2026-08-26 17:55:00+00:00,78440.7421875,78440.7421875,78462.140625,78440.7421875,78462.140625,1495040
2026-08-26 17:56:00+00:00,78483.6484375,78483.6484375,78487.28125,78440.7421875,78440.7421875,0
2026-08-26 17:57:00+00:00,78481.3125,78481.3125,78486.7109375,78467.921875,78478.296875,0
2026-08-26 17:58:00+00:00,78417.6328125,78417.6328125,78468.84375,78417.2421875,78468.84375,2277376
2026-08-26 17:59:00+00:00,78441.453125,78441.453125,78441.453125,78407.5234375,78412.5625,0
2026-08-26 18:00:00+00:00,78406.7265625,78406.7265625,78448.046875,78397.2890625,78448.046875,93173760
2026-08-26 18:01:00+00:00,78439.578125,78439.578125,78442.4296875,78398.1171875,78406.7109375,0
2026-08-26 18:02:00+00:00,78492.9609375,78492.9609375,78495.8125,78434.96875,78439.578125,0
2026-08-26 18:03:00+00:00,78496.859375,78496.859375,78502.2265625,78485.96875,78494.25,1667072
2026-08-26 18:04:00+00:00,78474.4375,78474.4375,78530.65625,78470.4296875,78526.828125,0
2026-08-26 18:05:00+00:00,78455.3828125,78455.3828125,78481.3671875,78455.3828125,78466.7421875,0
2026-08-26 18:06:00+00:00,78444.0078125,78444.0078125,78486.921875,78444.0078125,78458.8671875,0
2026-08-26 18:07:00+00:00,78467.578125,78467.578125,78470.828125,78450.90625,78461.4375,10229760
2026-08-26 18:08:00+00:00,78513.109375,78513.109375,78520.7890625,78470.828125,78470.828125,0
2026-08-26 18:09:00+00:00,78528.7109375,78528.7109375,78541.671875,78518.359375,78525.0390625,0
2026-08-26 18:10:00+00:00,78528.4765625,78528.4765625,78539.0703125,78507.7265625,78531.6484375,0
2026-08-26 18:11:00+00:00,78551.0078125,78551.0078125,78594.6875,78512.640625,78529.953125,14336
2026-08-26 18:12:00+00:00,78633.9375,78633.9375,78643.921875,78566.671875,78566.671875,0
2026-08-26 18:13:00+00:00,78599.8984375,78599.8984375,78630.6796875,78599.8984375,78628.9921875,0
2026-08-26 18:14:00+00:00,78566.5625,78566.5625,78586.1875,78564.8671875,78586.1875,40263680
2026-08-26 18:15:00+00:00,78526.921875,78526.921875,78575.6796875,78519.2578125,78575.6796875,0
2026-08-26 18:16:00+00:00,78549.8984375,78549.8984375,78568.703125,78499.890625,78523.25,0
2026-08-26 18:17:00+00:00,78563.9296875,78563.9296875,78568.703125,78548.2421875,78556.203125,0
2026-08-26 18:18:00+00:00,78568.296875,78568.296875,78582.671875,78565.3671875,78568.703125,0
2026-08-26 18:19:00+00:00,78547.1015625,78547.1015625,78568.296875,78535.578125,78568.296875,4642816
2026-08-26 18:20:00+00:00,78547.09375,78547.09375,78547.109375,78537.109375,78540.4296875,0
2026-08-26 18:21:00+00:00,78602.1171875,78602.1171875,78606.390625,78550.7265625,78550.7265625,0
2026-08-26 18:22:00+00:00,78548.6484375,78548.6484375,78599.5,78548.6484375,78599.5,0
2026-08-26 18:23:00+00:00,78515.2421875,78515.2421875,78549.8203125,78515.1875,78548.6484375,0
2026-08-26 18:24:00+00:00,78511.7578125,78511.7578125,78515.2421875,78485.0625,78515.2421875,0
2026-08-26 18:25:00+00:00,78521.859375,78521.859375,78524.7421875,78507.7734375,78524.7421875,3282944
2026-08-26 18:26:00+00:00,78464.7421875,78464.7421875,78492.078125,78464.6875,78492.078125,0
2026-08-26 18:27:00+00:00,78466.2109375,78466.2109375,78475.7265625,78446.171875,78464.7890625,0
2026-08-26 18:28:00+00:00,78462.90625,78462.90625,78462.9921875,78436.3203125,78462.9921875,52471808
2026-08-26 18:29:00+00:00,78466.2421875,78466.2421875,78470.7265625,78453.4921875,78453.4921875,0
2026-08-26 18:30:00+00:00,78489.9609375,78489.9609375,78492.953125,78464.7109375,78464.7109375,0
2026-08-26 18:31:00+00:00,78443.53125,78443.53125,78485.578125,78443.53125,78469.8984375,0
2026-08-26 18:32:00+00:00,78430.5,78430.5,78438.109375,78423.3203125,78438.109375,4102144
2026-08-26 18:33:00+00:00,78467.71875,78467.71875,78467.71875,78427.7265625,78427.7265625,0
2026-08-26 18:34:00+00:00,78403.2734375,78403.2734375,78467.71875,78399.96875,78467.71875,2359296
2026-08-26 18:35:00+00:00,78415.703125,78415.703125,78421.7890625,78397.046875,78421.7890625,0
2026-08-26 18:36:00+00:00,78408.4296875,78408.4296875,78420.671875,78401.8984375,78411.46875,0
2026-08-26 18:37:00+00:00,78408.671875,78408.671875,78419.8125,78400.9921875,78408.4296875,0
2026-08-26 18:38:00+00:00,78383.1875,78383.1875,78428.0625,78357.4296875,78407.453125,5756928
2026-08-26 18:39:00+00:00,78374.890625,78374.890625,78393.7265625,78374.890625,78390.5234375,0
2026-08-26 18:40:00+00:00,78302.78125,78302.78125,78385.390625,78302.78125,78385.390625,0
2026-08-26 18:41:00+00:00,78303.8125,78303.8125,78317.4296875,78299.2265625,78307.046875,78966784
2026-08-26 18:42:00+00:00,78299.5390625,78299.5390625,78339.0,78298.703125,78305.1171875,0
2026-08-26 18:43:00+00:00,78281.4921875,78281.4921875,78310.9921875,78277.0390625,78299.5390625,0
2026-08-26 18:44:00+00:00,78291.5390625,78291.5390625,78298.171875,78281.96875,78281.96875,0
2026-08-26 18:45:00+00:00,78294.3984375,78294.3984375,78318.0234375,78294.3984375,78302.1015625,23533568
2026-08-26 18:46:00+00:00,78377.1328125,78377.1328125,78377.1328125,78298.0078125,78298.0078125,1433600
2026-08-26 18:47:00+00:00,78409.6015625,78409.6015625,78409.6015625,78373.40625,78381.171875,0
2026-08-26 18:48:00+00:00,78392.84375,78392.84375,78412.21875,78383.796875,78412.171875,0
2026-08-26 18:49:00+00:00,78398.6171875,78398.6171875,78398.6171875,78371.9375,78395.671875,0
2026-08-26 18:50:00+00:00,78408.4921875,78408.4921875,78410.0625,78391.453125,78391.453125,748048384
2026-08-26 18:51:00+00:00,78388.21875,78388.21875,78425.71875,78388.21875,78421.8828125,0
2026-08-26 18:52:00+00:00,78434.0625,78434.0625,78434.0625,78388.21875,78400.1015625,5392384
2026-08-26 18:53:00+00:00,78438.6015625,78438.6015625,78438.6015625,78410.8828125,78410.8828125,0
2026-08-26 18:54:00+00:00,78458.9609375,78458.9609375,78458.9609375,78433.109375,78433.109375,0
2026-08-26 18:55:00+00:00,78436.3828125,78436.3828125,78457.7109375,78436.3828125,78457.7109375,0
2026-08-26 18:56:00+00:00,78438.7109375,78438.7109375,78446.8671875,78436.3828125,78436.3828125,131072
2026-08-26 18:57:00+00:00,78468.7421875,78468.7421875,78472.15625,78438.7109375,78438.7109375,0
2026-08-26 18:58:00+00:00,78496.6796875,78496.6796875,78496.6875,78468.078125,78468.75,0
2026-08-26 18:59:00+00:00,78471.3828125,78471.3828125,78504.296875,78460.921875,78504.2265625,0
2026-08-26 19:00:00+00:00,78501.609375,78501.609375,78507.5390625,78456.0390625,78471.390625,0
2026-08-26 19:01:00+00:00,78466.046875,78466.046875,78499.3125,78456.7421875,78499.3125,22181888
2026-08-26 19:02:00+00:00,78502.3203125,78502.3203125,78502.9921875,78459.1796875,78466.609375,0
2026-08-26 19:03:00+00:00,78457.65625,78457.65625,78494.140625,78443.2578125,78494.140625,0
2026-08-26 19:04:00+00:00,78451.671875,78451.671875,78463.78125,78438.6875,78443.609375,26167296
2026-08-26 19:05:00+00:00,78427.75,78427.75,78452.53125,78415.53125,78452.53125,0
2026-08-26 19:06:00+00:00,78449.0078125,78449.0078125,78449.0078125,78431.2109375,78431.2109375,0
2026-08-26 19:07:00+00:00,78422.9609375,78422.9609375,78449.203125,78410.03125,78449.203125,18847744
2026-08-26 19:08:00+00:00,78401.7421875,78401.7421875,78423.796875,78400.1171875,78422.9609375,0
2026-08-26 19:09:00+00:00,78392.9296875,78392.9296875,78425.453125,78392.9296875,78401.6171875,0
2026-08-26 19:10:00+00:00,78451.5390625,78451.5390625,78451.5390625,78390.046875,78390.3828125,0
2026-08-26 19:11:00+00:00,78416.59375,78416.59375,78467.6875,78416.59375,78461.203125,0
2026-08-26 19:12:00+00:00,78410.046875,78410.046875,78410.046875,78389.2734375,78406.7265625,0
2026-08-26 19:13:00+00:00,78380.7890625,78380.7890625,78404.546875,78377.1484375,78404.546875,0
2026-08-26 19:14:00+00:00,78382.2421875,78382.2421875,78383.0234375,78376.3203125,78381.703125,0
2026-08-26 19:15:00+00:00,78392.4375,78392.4375,78418.0,78388.453125,78391.96875,0
2026-08-26 19:16:00+00:00,78394.109375,78394.109375,78394.1171875,78387.0078125,78388.4609375,68372480
2026-08-26 19:17:00+00:00,78407.109375,78407.109375,78415.390625,78402.5,78415.390625,0
2026-08-26 19:18:00+00:00,78434.4375,78434.4375,78434.4375,78400.3671875,78400.3671875,0
2026-08-26 19:19:00+00:00,78412.15625,78412.15625,78448.0703125,78390.65625,78432.3125,0
2026-08-26 19:20:00+00:00,78367.8828125,78367.8828125,78408.5390625,78357.421875,78408.5390625,13025280
2026-08-26 19:21:00+00:00,78304.6171875,78304.6171875,78374.3125,78291.1328125,78367.8828125,0
2026-08-26 19:22:00+00:00,78318.59375,78318.59375,78327.9921875,78281.96875,78281.96875,0
2026-08-26 19:23:00+00:00,78332.7421875,78332.7421875,78332.75,78314.9375,78314.9375,0
2026-08-26 19:24:00+00:00,78342.84375,78342.84375,78346.65625,78326.390625,78326.390625,0
2026-08-26 19:25:00+00:00,78381.3984375,78381.3984375,78384.421875,78305.8203125,78334.7578125,2676736
2026-08-26 19:26:00+00:00,78546.4375,78546.4375,78546.4375,78403.9296875,78403.9296875,0
2026-08-26 19:27:00+00:00,78541.328125,78541.328125,78555.84375,78523.3828125,78541.6328125,39358464
2026-08-26 19:28:00+00:00,78516.40625,78516.40625,78563.4765625,78516.40625,78544.7265625,0
2026-08-26 19:29:00+00:00,78530.6015625,78530.6015625,78534.5078125,78514.5,78514.5,0
2026-08-26 19:30:00+00:00,78517.6015625,78517.6015625,78547.7421875,78517.2421875,78547.7421875,0
2026-08-26 19:31:00+00:00,78535.890625,78535.890625,78540.2421875,78492.4921875,78506.9296875,1619968
2026-08-26 19:32:00+00:00,78511.3671875,78511.3671875,78527.4921875,78508.7734375,78525.609375,0
2026-08-26 19:33:00+00:00,78515.1484375,78515.1484375,78518.9296875,78492.7421875,78509.078125,167411712
2026-08-26 19:34:00+00:00,78492.28125,78492.28125,78510.296875,78484.1875,78510.296875,2242560
2026-08-26 19:35:00+00:00,78470.421875,78470.421875,78503.921875,78465.890625,78492.28125,0
2026-08-26 19:36:00+00:00,78474.5703125,78474.5703125,78490.7265625,78471.0234375,78474.9296875,87554048
2026-08-26 19:37:00+00:00,78441.7265625,78441.7265625,78471.828125,78433.046875,78463.203125,0
2026-08-26 19:38:00+00:00,78415.46875,78415.46875,78454.84375,78415.46875,78454.84375,0
2026-08-26 19:39:00+00:00,78411.109375,78411.109375,78414.7890625,78401.421875,78412.1796875,0
2026-08-26 19:40:00+00:00,78383.7890625,78383.7890625,78400.5625,78372.78125,78386.4609375,11384832
2026-08-26 19:41:00+00:00,78406.3828125,78406.3828125,78406.3828125,78381.1875,78382.46875,0
2026-08-26 19:42:00+00:00,78403.1015625,78403.1015625,78419.8828125,78399.0390625,78409.3203125,0
2026-08-26 19:43:00+00:00,78406.21875,78406.21875,78414.4765625,78405.9296875,78412.5,4601856
2026-08-26 19:44:00+00:00,78431.9375,78431.9375,78435.4296875,78409.7890625,78412.78125,0
2026-08-26 19:45:00+00:00,78464.3203125,78464.3203125,78464.3203125,78430.3828125,78430.3828125,0
2026-08-26 19:46:00+00:00,78467.7734375,78467.7734375,78467.7734375,78453.9609375,78453.9609375,0
2026-08-26 19:47:00+00:00,78454.421875,78454.421875,78483.3828125,78448.109375,78472.03125,61906944
2026-08-26 19:48:00+00:00,78456.03125,78456.03125,78490.2578125,78456.03125,78456.046875,0
2026-08-26 19:49:00+00:00,78479.3984375,78479.3984375,78485.6015625,78463.859375,78463.859375,0
2026-08-26 19:50:00+00:00,78471.6875,78471.6875,78481.1484375,78451.203125,78479.390625,0
2026-08-26 19:51:00+00:00,78527.140625,78527.140625,78527.140625,78456.078125,78477.5,0
2026-08-26 19:52:00+00:00,78512.421875,78512.421875,78536.53125,78503.75,78532.703125,4958208
2026-08-26 19:53:00+00:00,78475.7578125,78475.7578125,78509.9765625,78475.7578125,78506.34375,0
2026-08-26 19:54:00+00:00,78457.7421875,78457.7421875,78486.8828125,78449.40625,78486.8828125,0
2026-08-26 19:55:00+00:00,78494.65625,78494.65625,78494.65625,78464.6796875,78466.21875,7223296
2026-08-26 19:56:00+00:00,78459.84375,78459.84375,78495.4921875,78459.84375,78488.9765625,0
2026-08-26 19:57:00+00:00,78449.5078125,78449.5078125,78469.1015625,78446.171875,78464.25,0
2026-08-26 19:58:00+00:00,78465.8125,78465.8125,78465.8125,78442.390625,78449.5078125,0
2026-08-26 19:59:00+00:00,78463.0078125,78463.0078125,78467.8203125,78451.03125,78462.28125,0
2026-08-26 20:00:00+00:00,78452.9375,78452.9375,78487.609375,78434.96875,78487.609375,0
2026-08-26 20:01:00+00:00,78392.4921875,78392.4921875,78454.671875,78392.4921875,78454.671875,4114432
2026-08-26 20:02:00+00:00,78451.7109375,78451.7109375,78451.7109375,78407.5390625,78422.2578125,0
2026-08-26 20:03:00+00:00,78495.453125,78495.453125,78501.75,78447.453125,78461.8515625,0
2026-08-26 20:04:00+00:00,78503.546875,78503.546875,78508.5078125,78474.9765625,78498.6875,6176768
2026-08-26 20:05:00+00:00,78506.40625,78506.40625,78522.1015625,78485.9375,78500.03125,0
2026-08-26 20:06:00+00:00,78525.6015625,78525.6015625,78535.859375,78505.6875,78505.6875,0
2026-08-26 20:07:00+00:00,78527.7265625,78527.7265625,78532.59375,78512.7578125,78532.59375,0
2026-08-26 20:08:00+00:00,78503.5234375,78503.5234375,78527.7421875,78500.46875,78527.7265625,0
2026-08-26 20:09:00+00:00,78477.2421875,78477.2421875,78507.5078125,78477.2421875,78507.5078125,0
2026-08-26 20:10:00+00:00,78487.8515625,78487.8515625,78487.8515625,78471.421875,78475.75,0
2026-08-26 20:11:00+00:00,78460.03125,78460.03125,78487.9375,78447.46875,78487.9375,0
2026-08-26 20:12:00+00:00,78452.34375,78452.34375,78467.9765625,78443.1484375,78463.4765625,7110656
2026-08-26 20:13:00+00:00,78436.3125,78436.3125,78458.921875,78426.453125,78452.34375,0
2026-08-26 20:14:00+00:00,78419.296875,78419.296875,78435.296875,78419.296875,78425.890625,0
2026-08-26 20:15:00+00:00,78448.6484375,78448.6484375,78465.4296875,78419.2890625,78419.296875,0
2026-08-26 20:16:00+00:00,78446.296875,78446.296875,78462.078125,78416.578125,78462.078125,0
2026-08-26 20:17:00+00:00,78422.9921875,78422.9921875,78427.03125,78416.78125,78422.1875,0
2026-08-26 20:18:00+00:00,78404.78125,78404.78125,78426.1875,78400.0078125,78416.7890625,0
2026-08-26 20:19:00+00:00,78409.453125,78409.453125,78421.34375,78400.0234375,78415.6171875,0
2026-08-26 20:20:00+00:00,78338.0078125,78338.0078125,78381.3984375,78338.0078125,78357.4296875,0
2026-08-26 20:21:00+00:00,78239.140625,78239.140625,78342.1015625,78239.140625,78327.890625,0
2026-08-26 20:22:00+00:00,78239.09375,78239.09375,78248.0234375,78200.0078125,78212.5703125,0
2026-08-26 20:23:00+00:00,78291.453125,78291.453125,78295.4296875,78243.171875,78243.171875,39385088
2026-08-26 20:24:00+00:00,78332.9375,78332.9375,78333.5,78282.8828125,78282.8828125,3217408
2026-08-26 20:25:00+00:00,78370.640625,78370.640625,78396.75,78332.4609375,78332.4609375,0
2026-08-26 20:26:00+00:00,78362.6015625,78362.6015625,78369.078125,78341.0,78369.078125,14522368
2026-08-26 20:27:00+00:00,78331.859375,78331.859375,78362.1875,78331.859375,78362.1875,0
2026-08-26 20:28:00+00:00,78397.2890625,78397.2890625,78397.2890625,78339.6171875,78339.6171875,12187648
2026-08-26 20:29:00+00:00,78398.9921875,78398.9921875,78400.0,78391.796875,78393.0390625,0
2026-08-26 20:30:00+00:00,78399.4609375,78399.4609375,78401.9609375,78373.7109375,78399.9765625,21694464
2026-08-26 20:31:00+00:00,78381.140625,78381.140625,78412.421875,78379.453125,78390.546875,0
2026-08-26 20:32:00+00:00,78343.1875,78343.1875,78391.2734375,78343.1875,78377.1484375,0
2026-08-26 20:33:00+00:00,78328.4921875,78328.4921875,78357.109375,78327.859375,78340.6796875,0
2026-08-26 20:34:00+00:00,78341.578125,78341.578125,78351.953125,78322.546875,78322.546875,0
2026-08-26 20:35:00+00:00,78301.1171875,78301.1171875,78341.0703125,78301.1171875,78341.0703125,0
2026-08-26 20:36:00+00:00,78298.9296875,78298.9296875,78301.9296875,78281.6015625,78301.9296875,0
2026-08-26 20:37:00+00:00,78335.59375,78335.59375,78335.59375,78292.25,78298.921875,0
2026-08-26 20:38:00+00:00,78345.359375,78345.359375,78358.828125,78338.1875,78338.1875,0
2026-08-26 20:39:00+00:00,78367.5234375,78367.5234375,78382.1015625,78343.6484375,78358.71875,3958784
2026-08-26 20:40:00+00:00,78401.7109375,78401.7109375,78402.03125,78367.5234375,78367.5234375,5586944
2026-08-26 20:41:00+00:00,78431.078125,78431.078125,78432.2421875,78413.59375,78413.59375,0
2026-08-26 20:42:00+00:00,78422.296875,78422.296875,78428.796875,78416.09375,78428.796875,51367936
2026-08-26 20:43:00+00:00,78398.7578125,78398.7578125,78432.203125,78398.7578125,78424.640625,0
2026-08-26 20:44:00+00:00,78399.9921875,78399.9921875,78404.9921875,78394.4765625,78403.671875,0
2026-08-26 20:45:00+00:00,78394.9375,78394.9375,78400.0,78380.9921875,78386.0234375,0
2026-08-26 20:46:00+00:00,78400.109375,78400.109375,78409.8828125,78387.0625,78387.0625,0
2026-08-26 20:47:00+00:00,78393.7578125,78393.7578125,78410.421875,78393.6328125,78409.9921875,0
2026-08-26 20:48:00+00:00,78388.28125,78388.28125,78403.703125,78388.28125,78403.703125,0
2026-08-26 20:49:00+00:00,78382.5234375,78382.5234375,78394.8984375,78377.140625,78393.46875,0
2026-08-26 20:50:00+00:00,78377.1875,78377.1875,78384.09375,78373.9296875,78384.09375,0
2026-08-26 20:51:00+00:00,78395.3515625,78395.3515625,78407.0625,78395.3515625,78406.7109375,0
2026-08-26 20:52:00+00:00,78401.2890625,78401.2890625,78402.1796875,78380.296875,78391.7265625,0
2026-08-26 20:53:00+00:00,78416.8671875,78416.8671875,78423.71875,78409.7578125,78409.7578125,0
2026-08-26 20:54:00+00:00,78423.5,78423.5,78423.5,78403.1328125,78421.390625,0
2026-08-26 20:55:00+00:00,78433.4375,78433.4375,78446.5390625,78433.4375,78437.5078125,0
2026-08-26 20:56:00+00:00,78438.359375,78438.359375,78440.2890625,78430.4765625,78433.4375,0
2026-08-26 20:57:00+00:00,78442.5078125,78442.5078125,78448.3828125,78437.75,78438.2578125,0
2026-08-26 20:58:00+00:00,78448.7734375,78448.7734375,78449.9765625,78447.3125,78447.3125,0
2026-08-26 20:59:00+00:00,78448.546875,78448.546875,78449.9921875,78434.453125,78449.9921875,0
2026-08-26 21:00:00+00:00,78450.21875,78450.21875,78451.9609375,78444.6015625,78448.546875,0
2026-08-26 21:01:00+00:00,78433.609375,78433.609375,78454.2109375,78426.3125,78435.0703125,0
2026-08-26 21:02:00+00:00,78429.1484375,78429.1484375,78446.359375,78379.0625,78379.0625,0
2026-08-26 21:03:00+00:00,78415.671875,78415.671875,78416.0390625,78392.8203125,78416.0390625,0
2026-08-26 21:04:00+00:00,78403.40625,78403.40625,78430.0390625,78403.40625,78415.6796875,0
2026-08-26 21:05:00+00:00,78476.8515625,78476.8515625,78483.2109375,78404.96875,78404.96875,0
2026-08-26 21:06:00+00:00,78512.828125,78512.828125,78517.5078125,78476.859375,78476.859375,0
2026-08-26 21:07:00+00:00,78538.59375,78538.59375,78538.59375,78479.7890625,78514.921875,0
2026-08-26 21:08:00+00:00,78595.3671875,78595.3671875,78598.65625,78538.78125,78538.78125,0
2026-08-26 21:09:00+00:00,78594.0625,78594.0625,78606.9609375,78580.09375,78602.046875,0
2026-08-26 21:10:00+00:00,78636.703125,78636.703125,78636.703125,78561.5234375,78611.8515625,0
2026-08-26 21:11:00+00:00,78693.453125,78693.453125,78699.9921875,78644.2578125,78655.8515625,0
2026-08-26 21:12:00+00:00,78674.0625,78674.0625,78695.0625,78638.4609375,78695.0625,0
2026-08-26 21:13:00+00:00,78745.1875,78745.1875,78745.1875,78648.0703125,78663.078125,0
2026-08-26 21:14:00+00:00,78763.8671875,78763.8671875,78798.0234375,78732.6796875,78737.40625,0
2026-08-26 21:15:00+00:00,78795.2109375,78795.2109375,78796.046875,78753.1328125,78778.5703125,0
2026-08-26 21:16:00+00:00,78814.796875,78814.796875,78822.9609375,78781.40625,78810.7109375,0
2026-08-26 21:17:00+00:00,78812.3671875,78812.3671875,78819.6171875,78764.3125,78809.4609375,0
2026-08-26 21:18:00+00:00,78827.4921875,78827.4921875,78832.4921875,78809.1875,78815.3828125,0
2026-08-26 21:19:00+00:00,78755.546875,78755.546875,78801.2421875,78727.671875,78801.2421875,0
2026-08-26 21:20:00+00:00,78771.2421875,78771.2421875,78771.2421875,78735.5078125,78767.7421875,0
2026-08-26 21:21:00+00:00,78810.4609375,78810.4609375,78823.9609375,78771.0,78771.2265625,0
2026-08-26 21:22:00+00:00,78757.28125,78757.28125,78821.3203125,78748.1796875,78811.5,19525632
2026-08-26 21:23:00+00:00,78732.1015625,78732.1015625,78757.2734375,78732.1015625,78757.2734375,0
2026-08-26 21:24:00+00:00,78789.84375,78789.84375,78789.84375,78737.7890625,78737.7890625,0
2026-08-26 21:25:00+00:00,78763.609375,78763.609375,78838.7890625,78763.609375,78794.109375,0
2026-08-26 21:26:00+00:00,78786.3671875,78786.3671875,78793.28125,78752.78125,78752.78125,0
2026-08-26 21:27:00+00:00,78735.7734375,78735.7734375,78784.796875,78726.65625,78784.796875,0
2026-08-26 21:28:00+00:00,78722.2421875,78722.2421875,78752.65625,78704.171875,78736.7578125,0
2026-08-26 21:29:00+00:00,78773.21875,78773.21875,78786.8203125,78722.25,78725.4765625,0
2026-08-26 21:30:00+00:00,78678.953125,78678.953125,78729.1171875,78671.2890625,78722.671875,10051584
2026-08-26 21:31:00+00:00,78650.0078125,78650.0078125,78683.96875,78650.0078125,78676.328125,0
2026-08-26 21:32:00+00:00,78706.7890625,78706.7890625,78706.7890625,78650.0078125,78659.1484375,0
2026-08-26 21:33:00+00:00,78713.6328125,78713.6328125,78724.1015625,78688.6484375,78706.703125,0
2026-08-26 21:34:00+00:00,78750.40625,78750.40625,78750.40625,78705.2421875,78713.6328125,483328
2026-08-26 21:35:00+00:00,78777.4375,78777.4375,78781.46875,78750.40625,78750.40625,0
2026-08-26 21:36:00+00:00,78838.78125,78838.78125,78838.78125,78771.9609375,78788.109375,89913344
2026-08-26 21:37:00+00:00,78761.71875,78761.71875,78802.0234375,78761.71875,78797.421875,0
2026-08-26 21:38:00+00:00,78758.2890625,78758.2890625,78785.3515625,78758.2890625,78758.9375,0
2026-08-26 21:39:00+00:00,78776.703125,78776.703125,78776.703125,78758.28125,78758.28125,49795072
2026-08-26 21:40:00+00:00,78751.8203125,78751.8203125,78751.828125,78739.703125,78751.828125,0
2026-08-26 21:41:00+00:00,78728.7890625,78728.7890625,78753.40625,78720.03125,78753.40625,0
2026-08-26 21:42:00+00:00,78715.7421875,78715.7421875,78731.0390625,78713.3515625,78728.7890625,0
2026-08-26 21:43:00+00:00,78725.1015625,78725.1015625,78725.1015625,78698.6171875,78711.0390625,6252544
2026-08-26 21:44:00+00:00,78716.28125,78716.28125,78721.9921875,78707.140625,78714.40625,0
2026-08-26 21:45:00+00:00,78703.4609375,78703.4609375,78720.5234375,78686.7890625,78717.5,6995968
2026-08-26 21:46:00+00:00,78722.140625,78722.140625,78725.4296875,78703.6484375,78703.6484375,0
2026-08-26 21:47:00+00:00,78691.75,78691.75,78723.171875,78684.640625,78723.171875,0
2026-08-26 21:48:00+00:00,78684.640625,78684.640625,78690.171875,78684.640625,78690.171875,0
2026-08-26 21:49:00+00:00,78696.3984375,78696.3984375,78696.96875,78679.3984375,78684.6484375,0
2026-08-26 21:50:00+00:00,78696.9296875,78696.9296875,78696.96875,78696.640625,78696.96875,0
2026-08-26 21:51:00+00:00,78736.8828125,78736.8828125,78738.546875,78702.53125,78710.5234375,0
2026-08-26 21:52:00+00:00,78735.328125,78735.328125,78736.8828125,78726.9765625,78736.8828125,1107968
2026-08-26 21:53:00+00:00,78776.3984375,78776.3984375,78779.1484375,78740.4296875,78741.8125,0
2026-08-26 21:54:00+00:00,78783.203125,78783.203125,78802.78125,78770.640625,78772.296875,0
2026-08-26 21:55:00+00:00,78761.0078125,78761.0078125,78762.5703125,78752.34375,78762.5703125,0
2026-08-26 21:56:00+00:00,78754.2265625,78754.2265625,78761.0078125,78740.3984375,78761.0078125,20807680
2026-08-26 21:57:00+00:00,78763.3828125,78763.3828125,78774.4921875,78761.0,78761.0,0
2026-08-26 21:58:00+00:00,78770.7578125,78770.7578125,78774.0,78763.3671875,78763.3828125,0
2026-08-26 21:59:00+00:00,78720.8984375,78720.8984375,78770.203125,78720.8984375,78770.203125,0
2026-08-26 22:00:00+00:00,78776.0078125,78776.0078125,78776.0078125,78679.046875,78718.609375,75296768
2026-08-26 22:01:00+00:00,78795.4296875,78795.4296875,78827.6796875,78773.25,78785.8984375,4163584
2026-08-26 22:02:00+00:00,78792.2421875,78792.2421875,78827.6171875,78781.09375,78782.9609375,0
2026-08-26 22:03:00+00:00,78834.1328125,78834.1328125,78835.75,78794.0390625,78794.0390625,0
2026-08-26 22:04:00+00:00,78869.0,78869.0,78869.0,78807.1015625,78827.7734375,18300928
2026-08-26 22:05:00+00:00,78868.53125,78868.53125,78868.53125,78853.25,78861.6875,0
2026-08-26 22:06:00+00:00,78810.9765625,78810.9765625,78873.5703125,78810.9765625,78861.1796875,0
2026-08-26 22:07:00+00:00,78837.1171875,78837.1171875,78861.8203125,78812.7421875,78812.75,14530560
2026-08-26 22:08:00+00:00,78804.0234375,78804.0234375,78830.71875,78804.0234375,78830.71875,0
2026-08-26 22:09:00+00:00,78789.890625,78789.890625,78817.0234375,78789.890625,78794.6328125,0
2026-08-26 22:10:00+00:00,78765.0078125,78765.0078125,78787.6484375,78761.6875,78772.6875,0
2026-08-26 22:11:00+00:00,78723.1484375,78723.1484375,78788.8828125,78723.1484375,78787.2890625,53108736
2026-08-26 22:12:00+00:00,78772.2109375,78772.2109375,78781.3671875,78726.5390625,78726.5390625,0
2026-08-26 22:13:00+00:00,78730.3671875,78730.3671875,78812.5625,78730.328125,78782.7109375,0
2026-08-26 22:14:00+00:00,78780.890625,78780.890625,78788.296875,78722.921875,78730.359375,0
2026-08-26 22:15:00+00:00,78840.4375,78840.4375,78840.4375,78765.109375,78765.109375,10952704
2026-08-26 22:16:00+00:00,78885.6171875,78885.6171875,78885.6171875,78840.9296875,78855.7578125,0
2026-08-26 22:17:00+00:00,78812.5390625,78812.5390625,78908.2265625,78812.5390625,78880.171875,12748800
2026-08-26 22:18:00+00:00,78886.1484375,78886.1484375,78886.1484375,78807.7578125,78821.71875,76097536
2026-08-26 22:19:00+00:00,78884.5703125,78884.5703125,78906.15625,78854.7734375,78905.2109375,18743296
2026-08-26 22:20:00+00:00,78928.4921875,78928.4921875,78928.4921875,78874.7890625,78886.6171875,6467584
2026-08-26 22:21:00+00:00,78972.6484375,78972.6484375,78987.671875,78931.4921875,78931.4921875,0
2026-08-26 22:22:00+00:00,78922.9765625,78922.9765625,78969.796875,78920.140625,78969.796875,9281536
2026-08-26 22:23:00+00:00,78882.75,78882.75,78931.3828125,78882.75,78911.0234375,0
2026-08-26 22:24:00+00:00,78828.8828125,78828.8828125,78899.7109375,78826.71875,78850.4296875,14008320
2026-08-26 22:25:00+00:00,78839.140625,78839.140625,78870.1328125,78816.203125,78816.203125,0
2026-08-26 22:26:00+00:00,78887.7734375,78887.7734375,78888.203125,78842.71875,78842.71875,118427648
2026-08-26 22:27:00+00:00,78840.90625,78840.90625,78875.65625,78840.90625,78875.65625,1914880
2026-08-26 22:28:00+00:00,78846.1171875,78846.1171875,78858.5625,78838.8828125,78842.828125,0
2026-08-26 22:29:00+00:00,78813.390625,78813.390625,78844.7265625,78791.2109375,78844.7265625,0
2026-08-26 22:30:00+00:00,78814.84375,78814.84375,78822.546875,78781.40625,78806.5234375,0
2026-08-26 22:31:00+00:00,78744.6015625,78744.6015625,78823.1484375,78744.6015625,78814.84375,0
2026-08-26 22:32:00+00:00,78712.46875,78712.46875,78746.640625,78712.46875,78739.90625,0
2026-08-26 22:33:00+00:00,78742.3203125,78742.3203125,78750.1875,78702.03125,78717.65625,0
2026-08-26 22:34:00+00:00,78763.859375,78763.859375,78765.3125,78732.5234375,78732.5390625,0
2026-08-26 22:35:00+00:00,78722.2578125,78722.2578125,78779.046875,78722.25,78779.046875,0
2026-08-26 22:36:00+00:00,78675.6484375,78675.6484375,78719.59375,78668.828125,78708.203125,16203776
2026-08-26 22:37:00+00:00,78666.4375,78666.4375,78690.2890625,78623.640625,78690.2890625,0
2026-08-26 22:38:00+00:00,78651.25,78651.25,78664.8984375,78633.8984375,78659.4375,681984
2026-08-26 22:39:00+00:00,78600.0234375,78600.0234375,78637.15625,78600.0234375,78637.15625,0
2026-08-26 22:40:00+00:00,78629.75,78629.75,78638.84375,78600.0078125,78618.5,8955904
2026-08-26 22:41:00+00:00,78612.7421875,78612.7421875,78628.546875,78591.59375,78628.546875,0
2026-08-26 22:42:00+00:00,78669.0390625,78669.0390625,78674.9296875,78611.2109375,78626.671875,0
2026-08-26 22:43:00+00:00,78664.0703125,78664.0703125,78696.7421875,78664.0703125,78680.5625,0
2026-08-26 22:44:00+00:00,78689.671875,78689.671875,78700.2890625,78665.4296875,78665.640625,53989376
2026-08-26 22:45:00+00:00,78657.609375,78657.609375,78685.25,78657.609375,78680.96875,0
2026-08-26 22:46:00+00:00,78677.7109375,78677.7109375,78682.78125,78653.2421875,78656.78125,870400
2026-08-26 22:47:00+00:00,78675.6484375,78675.6484375,78676.7421875,78668.5078125,78670.0,81946624
2026-08-26 22:48:00+00:00,78636.4375,78636.4375,78674.84375,78636.4375,78670.4921875,0
2026-08-26 22:49:00+00:00,78604.0625,78604.0625,78633.5078125,78601.8828125,78633.5078125,0
2026-08-26 22:50:00+00:00,78564.4921875,78564.4921875,78611.921875,78564.4921875,78598.5078125,0
2026-08-26 22:51:00+00:00,78562.8203125,78562.8203125,78594.0703125,78553.1875,78594.0703125,0
2026-08-26 22:52:00+00:00,78593.2109375,78593.2109375,78593.5234375,78571.6796875,78582.1015625,0
2026-08-26 22:53:00+00:00,78577.609375,78577.609375,78599.15625,78576.953125,78595.1171875,0
2026-08-26 22:54:00+00:00,78597.4765625,78597.4765625,78605.296875,78584.203125,78588.7578125,12335104
2026-08-26 22:55:00+00:00,78573.4375,78573.4375,78603.3203125,78573.4375,78592.6796875,0
2026-08-26 22:56:00+00:00,78571.4375,78571.4375,78585.03125,78566.9375,78571.671875,2316288
2026-08-26 22:57:00+00:00,78565.71875,78565.71875,78590.1796875,78564.296875,78569.859375,0
2026-08-26 22:58:00+00:00,78720.84375,78720.84375,78720.84375,78608.1796875,78618.359375,0
2026-08-26 22:59:00+00:00,78704.171875,78704.171875,78738.78125,78704.171875,78725.0,0
2026-08-26 23:00:00+00:00,78667.71875,78667.71875,78697.7265625,78653.7421875,78692.671875,26574848
2026-08-26 23:01:00+00:00,78704.9296875,78704.9296875,78728.25,78668.171875,78673.09375,0
2026-08-26 23:02:00+00:00,78710.7265625,78710.7265625,78712.3515625,78691.9296875,78691.9296875,104042496
2026-08-26 23:03:00+00:00,78741.796875,78741.796875,78752.9609375,78722.2421875,78722.2421875,0
2026-08-26 23:04:00+00:00,78753.0,78753.0,78753.0,78736.34375,78743.5390625,0
2026-08-26 23:05:00+00:00,78723.2890625,78723.2890625,78753.0,78714.1796875,78753.0,0
2026-08-26 23:06:00+00:00,78684.7421875,78684.7421875,78726.703125,78684.7421875,78726.703125,0
2026-08-26 23:07:00+00:00,78673.3203125,78673.3203125,78692.65625,78666.34375,78685.3125,13215744
2026-08-26 23:08:00+00:00,78695.9375,78695.9375,78695.9375,78666.4921875,78677.6796875,0
2026-08-26 23:09:00+00:00,78686.640625,78686.640625,78695.9375,78660.8984375,78695.9375,110915584
2026-08-26 23:10:00+00:00,78708.328125,78708.328125,78721.84375,78682.3515625,78686.6328125,0
2026-08-26 23:11:00+00:00,78686.8125,78686.8125,78713.140625,78682.3828125,78713.140625,0
2026-08-26 23:12:00+00:00,78692.0,78692.0,78695.7421875,78675.3515625,78687.2890625,0
2026-08-26 23:13:00+00:00,78684.640625,78684.640625,78691.7578125,78676.9921875,78685.796875,5554176
2026-08-26 23:14:00+00:00,78705.5234375,78705.5234375,78717.078125,78684.640625,78684.640625,8531968
2026-08-26 23:15:00+00:00,78700.46875,78700.46875,78702.03125,78693.40625,78697.4609375,0
2026-08-26 23:16:00+00:00,78696.4609375,78696.4609375,78700.46875,78680.3984375,78700.46875,0
2026-08-26 23:17:00+00:00,78723.78125,78723.78125,78739.0390625,78698.5703125,78698.5703125,0
2026-08-26 23:18:00+00:00,78722.78125,78722.78125,78740.609375,78711.0625,78727.15625,1816576
2026-08-26 23:19:00+00:00,78718.0234375,78718.0234375,78718.0234375,78702.2109375,78711.0625,0
2026-08-26 23:20:00+00:00,78716.9921875,78716.9921875,78718.0234375,78701.2578125,78718.0234375,0
2026-08-26 23:21:00+00:00,78721.6015625,78721.6015625,78727.1328125,78691.203125,78716.9765625,0
2026-08-26 23:22:00+00:00,78721.6015625,78721.6015625,78741.71875,78721.6015625,78726.6875,0
2026-08-26 23:23:00+00:00,78737.25,78737.25,78748.390625,78712.390625,78712.390625,0
2026-08-26 23:24:00+00:00,78741.953125,78741.953125,78741.953125,78690.046875,78737.25,0
2026-08-26 23:25:00+00:00,78793.609375,78793.609375,78793.609375,78726.7421875,78733.0234375,0
2026-08-26 23:26:00+00:00,78838.796875,78838.796875,78838.796875,78790.1484375,78793.609375,0
2026-08-26 23:27:00+00:00,78852.6484375,78852.6484375,78857.2734375,78834.2578125,78834.2578125,2394112
2026-08-26 23:28:00+00:00,78882.578125,78882.578125,78882.578125,78838.046875,78838.046875,0
2026-08-26 23:29:00+00:00,78855.9921875,78855.9921875,78882.203125,78843.0234375,78882.203125,133120
2026-08-26 23:30:00+00:00,78888.8984375,78888.8984375,78888.8984375,78856.0,78856.0,0
2026-08-26 23:31:00+00:00,78890.0078125,78890.0078125,78921.75,78890.0078125,78899.71875,0
2026-08-26 23:32:00+00:00,78912.3984375,78912.3984375,78917.7734375,78880.1875,78890.0078125,0
2026-08-26 23:33:00+00:00,78884.8984375,78884.8984375,78919.4296875,78875.8515625,78919.4296875,0
2026-08-26 23:34:00+00:00,78883.8125,78883.8125,78907.6796875,78870.1484375,78882.1796875,6629376
2026-08-26 23:35:00+00:00,78963.90625,78963.90625,78963.90625,78883.8125,78883.8125,0
2026-08-26 23:36:00+00:00,78999.5078125,78999.5078125,78999.9921875,78942.078125,78942.078125,84119552
2026-08-26 23:37:00+00:00,78968.71875,78968.71875,78999.96875,78924.0625,78997.046875,0
2026-08-26 23:38:00+00:00,78995.0078125,78995.0078125,78995.0078125,78942.71875,78975.7890625,538624
2026-08-26 23:39:00+00:00,78958.1015625,78958.1015625,78987.2265625,78958.1015625,78987.2265625,27822080
2026-08-26 23:40:00+00:00,78929.5703125,78929.5703125,78950.15625,78910.6875,78950.15625,0
2026-08-26 23:41:00+00:00,79011.8671875,79011.8671875,79011.8671875,78941.078125,78941.078125,0
2026-08-26 23:42:00+00:00,79022.453125,79022.453125,79066.3984375,79019.546875,79019.546875,0
2026-08-26 23:43:00+00:00,79032.15625,79032.15625,79037.7578125,78982.0078125,79000.890625,17692672
2026-08-26 23:44:00+00:00,79046.359375,79046.359375,79046.359375,79021.3671875,79021.3671875,0
2026-08-26 23:45:00+00:00,79084.1484375,79084.1484375,79084.921875,79043.5078125,79046.4375,0
2026-08-26 23:46:00+00:00,79147.3671875,79147.3671875,79147.3671875,79046.28125,79061.7265625,0
2026-08-26 23:47:00+00:00,79113.15625,79113.15625,79156.546875,79106.7890625,79151.2265625,781101056
2026-08-26 23:48:00+00:00,79035.2421875,79035.2421875,79102.828125,79035.2421875,79096.9296875,0
2026-08-26 23:49:00+00:00,79060.2578125,79060.2578125,79060.2578125,79002.2578125,79030.796875,0
2026-08-26 23:50:00+00:00,79027.90625,79027.90625,79068.578125,79027.90625,79068.578125,0
2026-08-26 23:51:00+00:00,79016.96875,79016.96875,79025.9765625,79014.0234375,79025.9765625,0
2026-08-26 23:52:00+00:00,79072.5625,79072.5625,79105.5390625,79027.8984375,79027.8984375,14706688
2026-08-26 23:53:00+00:00,79066.3203125,79066.3203125,79068.96875,79036.0234375,79068.96875,92434432
2026-08-26 23:54:00+00:00,79084.9375,79084.9375,79084.9375,79039.9921875,79047.0390625,0
2026-08-26 23:55:00+00:00,79056.140625,79056.140625,79068.3203125,79037.7734375,79068.3203125,0
2026-08-26 23:56:00+00:00,79118.0703125,79118.0703125,79118.0703125,79056.7890625,79056.7890625,71213056
2026-08-26 23:57:00+00:00,79103.6328125,79103.6328125,79108.7734375,79083.0234375,79108.7734375,1050624
2026-08-26 23:58:00+00:00,79006.4296875,79006.4296875,79101.109375,79006.4296875,79101.109375,0
2026-08-27 00:00:00+00:00,78964.8671875,78964.8671875,79019.71875,78950.0078125,79019.71875,0
2026-08-27 00:01:00+00:00,78981.7421875,78981.7421875,78981.7421875,78930.0078125,78953.78125,0
2026-08-27 00:02:00+00:00,78985.0234375,78985.0234375,78998.71875,78964.6328125,78964.6328125,0
2026-08-27 00:03:00+00:00,78961.9296875,78961.9296875,78978.59375,78916.40625,78969.078125,0
2026-08-27 00:04:00+00:00,78852.6875,78852.6875,78955.890625,78852.6875,78955.890625,0
2026-08-27 00:05:00+00:00,78915.171875,78915.171875,78918.203125,78847.5078125,78857.078125,0
2026-08-27 00:06:00+00:00,78894.2265625,78894.2265625,78918.203125,78887.1484375,78918.1875,0
2026-08-27 00:07:00+00:00,78939.09375,78939.09375,78939.09375,78870.1484375,78909.15625,0
2026-08-27 00:08:00+00:00,78968.7265625,78968.7265625,78987.046875,78930.640625,78930.640625,0
2026-08-27 00:09:00+00:00,78968.703125,78968.703125,78980.0,78951.7734375,78968.7265625,122880
2026-08-27 00:10:00+00:00,78899.6328125,78899.6328125,78972.0078125,78899.6328125,78972.0078125,0
2026-08-27 00:11:00+00:00,78872.7109375,78872.7109375,78897.8125,78850.0,78897.8125,755376128
2026-08-27 00:12:00+00:00,78893.2421875,78893.2421875,78894.9765625,78871.640625,78887.421875,0
2026-08-27 00:13:00+00:00,78840.578125,78840.578125,78879.7734375,78840.578125,78873.1796875,0
2026-08-27 00:14:00+00:00,78843.75,78843.75,78850.40625,78822.4296875,78822.4296875,0
2026-08-27 00:15:00+00:00,78835.96875,78835.96875,78843.75,78818.4921875,78843.75,0
2026-08-27 00:16:00+00:00,78818.34375,78818.34375,78849.9765625,78818.34375,78834.75,0
2026-08-27 00:17:00+00:00,78837.5703125,78837.5703125,78844.9296875,78826.34375,78826.34375,0
2026-08-27 00:18:00+00:00,78870.1328125,78870.1328125,78870.1328125,78837.5703125,78837.5703125,0
2026-08-27 00:19:00+00:00,78910.21875,78910.21875,78916.6328125,78876.8125,78876.8125,0
2026-08-27 00:20:00+00:00,78933.3828125,78933.3828125,78943.703125,78925.609375,78934.25,0
2026-08-27 00:21:00+00:00,78934.609375,78934.609375,78938.7421875,78926.046875,78930.9609375,0
2026-08-27 00:22:00+00:00,78943.1171875,78943.1171875,78943.1171875,78934.3984375,78934.3984375,874496
2026-08-27 00:23:00+00:00,78872.3984375,78872.3984375,78943.65625,78870.15625,78943.65625,0
2026-08-27 00:24:00+00:00,78858.46875,78858.46875,78883.2578125,78858.46875,78873.4296875,0
2026-08-27 00:25:00+00:00,78839.3671875,78839.3671875,78850.4296875,78834.4765625,78850.4296875,0
2026-08-27 00:26:00+00:00,78823.546875,78823.546875,78842.71875,78823.5390625,78842.5234375,0
2026-08-27 00:27:00+00:00,78835.9765625,78835.9765625,78842.3203125,78821.828125,78822.1484375,0
2026-08-27 00:28:00+00:00,78833.5625,78833.5625,78842.7265625,78829.2421875,78842.7265625,22710272
2026-08-27 00:29:00+00:00,78909.3671875,78909.3671875,78909.3671875,78836.3828125,78840.75,0
2026-08-27 00:30:00+00:00,78865.6796875,78865.6796875,78903.953125,78864.2265625,78903.953125,3534848
2026-08-27 00:31:00+00:00,78853.9921875,78853.9921875,78879.9921875,78853.9921875,78865.9609375,3094528
2026-08-27 00:32:00+00:00,78838.28125,78838.28125,78883.359375,78838.28125,78860.0078125,2844672
2026-08-27 00:33:00+00:00,78885.1171875,78885.1171875,78885.1171875,78835.9609375,78838.28125,0
2026-08-27 00:34:00+00:00,78848.5078125,78848.5078125,78871.21875,78848.5078125,78860.75,0
2026-08-27 00:35:00+00:00,78823.40625,78823.40625,78860.28125,78823.40625,78848.5078125,0
2026-08-27 00:36:00+00:00,78815.0703125,78815.0703125,78848.390625,78810.9921875,78835.2265625,1636352
2026-08-27 00:37:00+00:00,78794.703125,78794.703125,78810.9609375,78790.9609375,78791.2109375,0
2026-08-27 00:38:00+00:00,78805.65625,78805.65625,78834.6015625,78803.40625,78820.84375,0
2026-08-27 00:39:00+00:00,78835.1796875,78835.1796875,78837.296875,78809.5625,78809.5625,0
2026-08-27 00:40:00+00:00,78805.65625,78805.65625,78835.1796875,78804.640625,78835.1796875,419840
2026-08-27 00:41:00+00:00,78787.90625,78787.90625,78820.2109375,78787.90625,78805.65625,0
2026-08-27 00:42:00+00:00,78796.828125,78796.828125,78796.828125,78782.15625,78787.9921875,0
2026-08-27 00:43:00+00:00,78887.390625,78887.390625,78889.8671875,78825.3125,78825.3125,0
2026-08-27 00:44:00+00:00,78886.140625,78886.140625,78914.34375,78874.703125,78887.3828125,0
2026-08-27 00:45:00+00:00,78829.5625,78829.5625,78896.4765625,78822.3671875,78879.2734375,0
2026-08-27 00:46:00+00:00,78800.9609375,78800.9609375,78827.40625,78800.9609375,78804.546875,13539328
2026-08-27 00:47:00+00:00,78778.21875,78778.21875,78810.90625,78778.21875,78800.9609375,0
2026-08-27 00:48:00+00:00,78789.90625,78789.90625,78789.90625,78755.890625,78773.2109375,142901248
2026-08-27 00:49:00+00:00,78800.0703125,78800.0703125,78800.0703125,78775.0,78789.90625,0
2026-08-27 00:50:00+00:00,78832.4765625,78832.4765625,78832.4765625,78800.4375,78800.4375,0
2026-08-27 00:51:00+00:00,78775.28125,78775.28125,78850.421875,78770.8515625,78832.5,0
2026-08-27 00:52:00+00:00,78746.0625,78746.0625,78767.4375,78728.6015625,78767.4375,2054144
2026-08-27 00:53:00+00:00,78729.7421875,78729.7421875,78753.6171875,78718.4921875,78747.7109375,25042944
2026-08-27 00:54:00+00:00,78725.0078125,78725.0078125,78729.828125,78725.0,78729.3515625,0
2026-08-27 00:55:00+00:00,78716.2109375,78716.2109375,78744.546875,78716.2109375,78718.1875,2074624
2026-08-27 00:56:00+00:00,78708.03125,78708.03125,78711.7734375,78700.0078125,78711.7265625,0
2026-08-27 00:57:00+00:00,78712.390625,78712.390625,78751.28125,78712.390625,78741.953125,0
2026-08-27 00:58:00+00:00,78708.0390625,78708.0390625,78710.421875,78692.7734375,78710.421875,0
2026-08-27 00:59:00+00:00,78695.1171875,78695.1171875,78708.0390625,78695.109375,78708.03125,100540416
2026-08-27 01:00:00+00:00,78694.921875,78694.921875,78709.6171875,78678.0078125,78678.0078125,0
2026-08-27 01:01:00+00:00,78744.78125,78744.78125,78745.3125,78683.703125,78683.703125,0
2026-08-27 01:02:00+00:00,78753.390625,78753.390625,78755.9296875,78736.3125,78740.3125,0
2026-08-27 01:03:00+00:00,78718.53125,78718.53125,78751.1015625,78667.0703125,78751.1015625,0
2026-08-27 01:04:00+00:00,78739.546875,78739.546875,78749.6796875,78718.53125,78718.53125,0
2026-08-27 01:05:00+00:00,78728.9921875,78728.9921875,78764.9921875,78721.7734375,78749.6796875,0
2026-08-27 01:06:00+00:00,78763.9375,78763.9375,78775.21875,78726.7734375,78726.7734375,0
2026-08-27 01:07:00+00:00,78744.2421875,78744.2421875,78781.390625,78744.2421875,78761.6796875,9359360
2026-08-27 01:08:00+00:00,78696.40625,78696.40625,78752.8203125,78690.0078125,78752.8203125,90836992
2026-08-27 01:09:00+00:00,78730.59375,78730.59375,78741.953125,78705.859375,78709.5078125,0
2026-08-27 01:10:00+00:00,78733.6171875,78733.6171875,78761.6796875,78732.109375,78732.3984375,0
2026-08-27 01:11:00+00:00,78733.8671875,78733.8671875,78761.6796875,78722.25,78722.25,0
2026-08-27 01:12:00+00:00,78724.421875,78724.421875,78741.7421875,78718.0,78722.328125,0
2026-08-27 01:13:00+00:00,78689.5625,78689.5625,78730.4921875,78689.5625,78730.4921875,0
2026-08-27 01:14:00+00:00,78658.359375,78658.359375,78686.859375,78647.671875,78686.859375,0
2026-08-27 01:15:00+00:00,78651.3125,78651.3125,78651.3125,78621.5078125,78623.6484375,0
2026-08-27 01:16:00+00:00,78633.78125,78633.78125,78659.3515625,78623.640625,78651.3125,0
2026-08-27 01:17:00+00:00,78597.0234375,78597.0234375,78642.03125,78583.4921875,78636.8984375,0
2026-08-27 01:18:00+00:00,78675.6875,78675.6875,78675.6875,78599.0,78599.0,49127424
2026-08-27 01:19:00+00:00,78668.3125,78668.3125,78682.8125,78663.078125,78672.640625,14702592
2026-08-27 01:20:00+00:00,78699.1796875,78699.1796875,78712.3671875,78668.3203125,78668.3203125,0
2026-08-27 01:21:00+00:00,78733.2109375,78733.2109375,78733.2109375,78690.140625,78702.6328125,37644288
2026-08-27 01:22:00+00:00,78727.5078125,78727.5078125,78741.953125,78712.8125,78741.953125,0
2026-08-27 01:23:00+00:00,78756.7734375,78756.7734375,78756.7734375,78718.4765625,78718.4765625,0
2026-08-27 01:24:00+00:00,78781.640625,78781.640625,78785.9765625,78756.7734375,78756.7734375,0
2026-08-27 01:25:00+00:00,78824.9765625,78824.9765625,78824.9765625,78782.4375,78782.4375,7077888
2026-08-27 01:26:00+00:00,78835.390625,78835.390625,78839.9921875,78817.546875,78824.9765625,0
2026-08-27 01:27:00+00:00,78874.9296875,78874.9296875,78874.9296875,78824.609375,78835.390625,0
2026-08-27 01:28:00+00:00,78932.4609375,78932.4609375,78958.0,78890.7265625,78890.7265625,0
2026-08-27 01:29:00+00:00,78928.171875,78928.171875,78936.2578125,78906.96875,78907.953125,0
2026-08-27 01:30:00+00:00,78949.71875,78949.71875,78975.1484375,78927.71875,78934.140625,31383552
2026-08-27 01:31:00+00:00,78839.1015625,78839.1015625,78947.0390625,78834.890625,78935.140625,6457344
2026-08-27 01:32:00+00:00,78810.9765625,78810.9765625,78848.15625,78777.0,78831.5234375,0
2026-08-27 01:33:00+00:00,78852.390625,78852.390625,78860.7421875,78817.1328125,78817.1328125,0
2026-08-27 01:34:00+00:00,78873.2890625,78873.2890625,78873.2890625,78823.1015625,78852.2109375,0
2026-08-27 01:35:00+00:00,78799.9609375,78799.9609375,78875.96875,78782.859375,78871.2890625,0
2026-08-27 01:36:00+00:00,78816.109375,78816.109375,78824.546875,78791.2578125,78810.96875,0
2026-08-27 01:37:00+00:00,78856.8984375,78856.8984375,78856.8984375,78803.921875,78803.921875,0
2026-08-27 01:38:00+00:00,78859.953125,78859.953125,78901.296875,78838.15625,78877.53125,47634432
2026-08-27 01:39:00+00:00,78829.1171875,78829.1171875,78867.0703125,78829.1171875,78859.9375,0
2026-08-27 01:40:00+00:00,78810.890625,78810.890625,78814.09375,78805.0,78808.203125,0
2026-08-27 01:41:00+00:00,78778.75,78778.75,78810.890625,78772.5234375,78810.890625,0
2026-08-27 01:42:00+00:00,78740.0,78740.0,78786.9921875,78740.0,78776.25,60262400
2026-08-27 01:43:00+00:00,78761.6328125,78761.6328125,78770.203125,78734.28125,78736.96875,0
2026-08-27 01:44:00+00:00,78707.0390625,78707.0390625,78749.71875,78707.0390625,78749.71875,104830976
2026-08-27 01:45:00+00:00,78743.90625,78743.90625,78757.5625,78696.0078125,78718.921875,0
2026-08-27 01:46:00+00:00,78783.3671875,78783.3671875,78783.3671875,78745.2734375,78745.2734375,0
2026-08-27 01:47:00+00:00,78875.4765625,78875.4765625,78875.4765625,78801.109375,78801.109375,0
2026-08-27 01:48:00+00:00,78908.921875,78908.921875,78908.921875,78895.0078125,78907.4375,0
2026-08-27 01:49:00+00:00,78958.8671875,78958.8671875,78958.8671875,78908.921875,78908.921875,11794432
2026-08-27 01:50:00+00:00,78997.4765625,78997.4765625,78997.4765625,78939.171875,78968.7265625,62910464
2026-08-27 01:51:00+00:00,79002.5234375,79002.5234375,79024.109375,78977.9296875,78995.8984375,5922816
2026-08-27 01:52:00+00:00,78982.171875,78982.171875,79008.34375,78982.15625,79008.34375,0
2026-08-27 01:53:00+00:00,78944.9296875,78944.9296875,78997.7890625,78938.3984375,78981.75,0
2026-08-27 01:54:00+00:00,78933.0078125,78933.0078125,78938.3984375,78905.40625,78938.3984375,35338240
2026-08-27 01:55:00+00:00,78972.578125,78972.578125,78972.578125,78925.0,78933.0234375,0
2026-08-27 01:56:00+00:00,78963.2890625,78963.2890625,78994.5703125,78963.2890625,78989.921875,0
2026-08-27 01:57:00+00:00,78949.0390625,78949.0390625,78966.359375,78949.0390625,78951.453125,93450240
2026-08-27 01:58:00+00:00,78906.890625,78906.890625,78949.0390625,78906.890625,78949.03125,0
2026-08-27 01:59:00+00:00,78893.5,78893.5,78921.0234375,78880.0,78902.6484375,0
2026-08-27 02:00:00+00:00,78955.390625,78955.390625,78978.59375,78880.0,78897.75,0
2026-08-27 02:01:00+00:00,78928.84375,78928.84375,78978.59375,78928.84375,78955.3828125,0
2026-08-27 02:02:00+00:00,78910.8515625,78910.8515625,78944.828125,78910.8515625,78928.84375,0
2026-08-27 02:03:00+00:00,78924.8203125,78924.8203125,78927.421875,78907.78125,78907.78125,0
2026-08-27 02:04:00+00:00,78942.0078125,78942.0078125,78943.84375,78907.203125,78921.046875,0
2026-08-27 02:05:00+00:00,78919.9765625,78919.9765625,78943.84375,78904.203125,78933.3984375,0
2026-08-27 02:06:00+00:00,78911.9296875,78911.9296875,78922.453125,78908.0,78920.46875,67319808
2026-08-27 02:07:00+00:00,78931.953125,78931.953125,78931.9609375,78901.46875,78901.46875,0
2026-08-27 02:08:00+00:00,78937.640625,78937.640625,78941.6875,78909.578125,78927.953125,20033536
2026-08-27 02:09:00+00:00,78938.4921875,78938.4921875,78938.4921875,78917.3125,78936.40625,0
2026-08-27 02:10:00+00:00,78944.1171875,78944.1171875,78945.203125,78937.9921875,78937.9921875,0
2026-08-27 02:11:00+00:00,78876.2421875,78876.2421875,78942.078125,78876.2421875,78939.7109375,0
2026-08-27 02:12:00+00:00,78875.359375,78875.359375,78909.5703125,78865.453125,78896.0703125,0
2026-08-27 02:13:00+00:00,78856.1484375,78856.1484375,78878.6796875,78854.8671875,78878.6796875,3440640
2026-08-27 02:14:00+00:00,78886.296875,78886.296875,78899.7109375,78849.0703125,78852.25,2801664
2026-08-27 02:15:00+00:00,78859.5703125,78859.5703125,78878.1484375,78859.4921875,78878.1484375,0
2026-08-27 02:16:00+00:00,78836.78125,78836.78125,78867.8515625,78833.671875,78859.5625,0
2026-08-27 02:17:00+00:00,78837.9609375,78837.9609375,78845.7734375,78819.3125,78840.6484375,0
2026-08-27 02:18:00+00:00,78813.3515625,78813.3515625,78816.8984375,78802.796875,78816.8984375,0
2026-08-27 02:19:00+00:00,78826.4921875,78826.4921875,78846.1875,78815.4921875,78815.4921875,8939520
2026-08-27 02:20:00+00:00,78825.6796875,78825.6796875,78845.9609375,78820.84375,78826.28125,0
2026-08-27 02:21:00+00:00,78827.3203125,78827.3203125,78833.5,78814.5078125,78825.1484375,19347456
2026-08-27 02:22:00+00:00,78828.9375,78828.9375,78838.7890625,78820.578125,78833.5,0
2026-08-27 02:23:00+00:00,78781.4296875,78781.4296875,78830.8828125,78776.5078125,78828.9375,4210688
2026-08-27 02:24:00+00:00,78764.546875,78764.546875,78780.1171875,78743.1796875,78778.09375,0
2026-08-27 02:25:00+00:00,78734.828125,78734.828125,78771.640625,78729.7578125,78766.6484375,0
2026-08-27 02:26:00+00:00,78761.28125,78761.28125,78761.28125,78715.34375,78734.84375,0
2026-08-27 02:27:00+00:00,78748.7578125,78748.7578125,78761.671875,78747.75,78750.4296875,0
2026-08-27 02:28:00+00:00,78752.0234375,78752.0234375,78768.5,78743.1796875,78768.5,0
2026-08-27 02:29:00+00:00,78758.9765625,78758.9765625,78758.9765625,78743.1796875,78758.9765625,0
2026-08-27 02:30:00+00:00,78747.828125,78747.828125,78759.328125,78741.96875,78758.9765625,0
2026-08-27 02:31:00+00:00,78752.4765625,78752.4765625,78759.1484375,78751.2265625,78753.390625,0
2026-08-27 02:32:00+00:00,78774.671875,78774.671875,78777.046875,78752.09375,78754.0703125,0
2026-08-27 02:33:00+00:00,78781.390625,78781.390625,78781.390625,78764.1015625,78770.3984375,0
2026-08-27 02:34:00+00:00,78781.1484375,78781.1484375,78782.6484375,78772.390625,78772.390625,0
2026-08-27 02:35:00+00:00,78763.84375,78763.84375,78771.5234375,78757.3828125,78764.1015625,0
2026-08-27 02:36:00+00:00,78791.25,78791.25,78791.2578125,78781.390625,78781.390625,0
2026-08-27 02:37:00+00:00,78743.8203125,78743.8203125,78800.109375,78739.3203125,78800.109375,0
2026-08-27 02:38:00+00:00,78767.0078125,78767.0078125,78768.03125,78739.3203125,78743.8125,0
2026-08-27 02:39:00+00:00,78740.40625,78740.40625,78764.8515625,78730.2109375,78764.8515625,79921152
2026-08-27 02:40:00+00:00,78712.3828125,78712.3828125,78746.4609375,78712.3828125,78740.40625,0
2026-08-27 02:41:00+00:00,78726.671875,78726.671875,78732.09375,78724.703125,78724.703125,0
2026-08-27 02:42:00+00:00,78743.046875,78743.046875,78743.046875,78725.03125,78726.671875,0
2026-08-27 02:43:00+00:00,78736.5234375,78736.5234375,78743.0390625,78736.5078125,78743.0390625,0
2026-08-27 02:44:00+00:00,78740.34375,78740.34375,78740.34375,78726.8515625,78736.5078125,0
2026-08-27 02:45:00+00:00,78742.3984375,78742.3984375,78751.8125,78727.5703125,78749.296875,14592000
2026-08-27 02:46:00+00:00,78749.6171875,78749.6171875,78753.3125,78736.1171875,78742.3984375,0
2026-08-27 02:47:00+00:00,78747.078125,78747.078125,78749.6328125,78734.078125,78749.6171875,0
2026-08-27 02:48:00+00:00,78719.5234375,78719.5234375,78747.078125,78719.5234375,78747.078125,0
2026-08-27 02:49:00+00:00,78747.0703125,78747.0703125,78747.0703125,78703.859375,78719.53125,0
2026-08-27 02:50:00+00:00,78749.5703125,78749.5703125,78749.5703125,78727.0078125,78746.8828125,0
2026-08-27 02:51:00+00:00,78788.6484375,78788.6484375,78788.6484375,78761.671875,78761.671875,0
2026-08-27 02:52:00+00:00,78764.4921875,78764.4921875,78788.4296875,78754.2578125,78788.4296875,0
2026-08-27 02:53:00+00:00,78737.7734375,78737.7734375,78764.5,78737.7734375,78759.84375,0
2026-08-27 02:54:00+00:00,78747.8984375,78747.8984375,78761.671875,78739.1015625,78749.359375,829440
2026-08-27 02:55:00+00:00,78731.5625,78731.5625,78747.8984375,78730.5234375,78747.8984375,0
2026-08-27 02:56:00+00:00,78731.1171875,78731.1171875,78732.1015625,78722.2421875,78730.5234375,0
2026-08-27 02:57:00+00:00,78704.15625,78704.15625,78731.1171875,78704.15625,78731.1171875,0
2026-08-27 02:58:00+00:00,78713.9375,78713.9375,78725.03125,78704.0078125,78704.0078125,0
2026-08-27 02:59:00+00:00,78725.0,78725.0,78726.03125,78713.9375,78713.9375,0
2026-08-27 03:00:00+00:00,78706.1171875,78706.1171875,78726.4765625,78704.0,78726.4765625,0
2026-08-27 03:01:00+00:00,78729.2265625,78729.2265625,78729.2265625,78693.109375,78697.40625,16928768
2026-08-27 03:02:00+00:00,78720.6171875,78720.6171875,78729.2421875,78720.0703125,78729.2265625,0
2026-08-27 03:03:00+00:00,78715.0078125,78715.0078125,78720.6171875,78715.0,78720.609375,229558272
2026-08-27 03:04:00+00:00,78717.0703125,78717.0703125,78717.0703125,78715.0,78715.0,0
2026-08-27 03:05:00+00:00,78718.6328125,78718.6328125,78718.6328125,78717.0703125,78717.0703125,63238144
2026-08-27 03:06:00+00:00,78766.7109375,78766.7109375,78781.390625,78718.6328125,78718.6328125,0
2026-08-27 03:07:00+00:00,78766.6484375,78766.6484375,78777.5703125,78763.671875,78777.5703125,0
2026-08-27 03:08:00+00:00,78741.578125,78741.578125,78766.6484375,78729.6484375,78766.6484375,0
2026-08-27 03:09:00+00:00,78712.390625,78712.390625,78751.8125,78712.390625,78740.59375,21485568
2026-08-27 03:10:00+00:00,78738.1875,78738.1875,78740.203125,78722.2421875,78722.2421875,0
2026-08-27 03:11:00+00:00,78726.28125,78726.28125,78732.09375,78724.96875,78732.09375,0
2026-08-27 03:12:00+00:00,78693.546875,78693.546875,78726.3984375,78693.546875,78726.3984375,14673920
2026-08-27 03:13:00+00:00,78670.6015625,78670.6015625,78684.3203125,78656.578125,78677.9921875,0
2026-08-27 03:14:00+00:00,78669.0234375,78669.0234375,78677.5625,78665.9609375,78670.609375,0
2026-08-27 03:15:00+00:00,78649.9765625,78649.9765625,78677.5625,78645.0,78675.46875,6385664
2026-08-27 03:16:00+00:00,78634.5625,78634.5625,78649.9765625,78630.0,78649.9765625,0
2026-08-27 03:17:00+00:00,78630.4921875,78630.4921875,78649.3828125,78630.296875,78630.296875,0
2026-08-27 03:18:00+00:00,78688.0703125,78688.0703125,78692.4375,78630.4921875,78630.4921875,0
2026-08-27 03:19:00+00:00,78748.3671875,78748.3671875,78748.3828125,78688.0703125,78688.0703125,0
2026-08-27 03:20:00+00:00,78741.9609375,78741.9609375,78758.8515625,78741.9609375,78748.3828125,0
2026-08-27 03:21:00+00:00,78730.6015625,78730.6015625,78736.1171875,78707.2265625,78718.15625,0
2026-08-27 03:22:00+00:00,78878.859375,78878.859375,78878.859375,78741.9609375,78741.9609375,0
2026-08-27 03:23:00+00:00,78874.2265625,78874.2265625,78883.671875,78831.828125,78856.25,174080
2026-08-27 03:24:00+00:00,78926.390625,78926.390625,78980.078125,78883.671875,78883.671875,0
2026-08-27 03:25:00+00:00,78866.1484375,78866.1484375,78927.2734375,78866.1484375,78927.2578125,18178048
2026-08-27 03:26:00+00:00,78882.109375,78882.109375,78882.75,78863.2109375,78865.0,0
2026-08-27 03:27:00+00:00,78915.25,78915.25,78915.8984375,78874.359375,78874.359375,22163456
2026-08-27 03:28:00+00:00,78896.796875,78896.796875,78929.328125,78890.28125,78929.328125,0
2026-08-27 03:29:00+00:00,78882.2578125,78882.2578125,78902.7890625,78876.3515625,78896.796875,4745216
2026-08-27 03:30:00+00:00,78850.59375,78850.59375,78882.2578125,78850.46875,78882.25,0
2026-08-27 03:31:00+00:00,78843.046875,78843.046875,78850.59375,78830.703125,78850.59375,33650688
2026-08-27 03:32:00+00:00,78844.3828125,78844.3828125,78847.3515625,78820.28125,78831.703125,12881920
2026-08-27 03:33:00+00:00,78849.3671875,78849.3671875,78874.2109375,78837.90625,78837.90625,0
2026-08-27 03:34:00+00:00,78842.0078125,78842.0078125,78888.6875,78842.0078125,78866.40625,0
2026-08-27 03:35:00+00:00,78841.8515625,78841.8515625,78854.7109375,78828.328125,78854.7109375,94668800
2026-08-27 03:36:00+00:00,78842.7734375,78842.7734375,78857.8671875,78834.0625,78840.4765625,5238784
2026-08-27 03:37:00+00:00,78868.4765625,78868.4765625,78877.3671875,78841.359375,78842.7734375,0
2026-08-27 03:38:00+00:00,78837.4765625,78837.4765625,78861.34375,78832.34375,78861.1796875,0
2026-08-27 03:39:00+00:00,78834.2890625,78834.2890625,78840.5625,78830.578125,78836.3203125,0
2026-08-27 03:40:00+00:00,78833.3125,78833.3125,78844.171875,78830.59375,78830.59375,0
2026-08-27 03:41:00+00:00,78813.5703125,78813.5703125,78833.4296875,78813.5703125,78831.203125,0
2026-08-27 03:42:00+00:00,78879.6796875,78879.6796875,78886.3828125,78838.7734375,78847.0703125,0
2026-08-27 03:43:00+00:00,78894.5703125,78894.5703125,78903.421875,78856.078125,78873.078125,0
2026-08-27 03:44:00+00:00,78857.1875,78857.1875,78890.0,78857.1875,78890.0,23050240
2026-08-27 03:45:00+00:00,78908.421875,78908.421875,78912.890625,78848.90625,78857.203125,0
2026-08-27 03:46:00+00:00,78892.640625,78892.640625,78909.5703125,78887.9765625,78909.3984375,5103616
2026-08-27 03:47:00+00:00,78857.6796875,78857.6796875,78887.9921875,78857.6796875,78887.9921875,122052608
2026-08-27 03:48:00+00:00,78828.609375,78828.609375,78857.6875,78825.0078125,78857.6875,0
2026-08-27 03:49:00+00:00,78830.59375,78830.59375,78841.0234375,78830.578125,78837.2734375,0
2026-08-27 03:50:00+00:00,78821.4296875,78821.4296875,78840.859375,78821.4296875,78836.5625,0
2026-08-27 03:51:00+00:00,78817.453125,78817.453125,78820.84375,78799.1171875,78820.84375,0
2026-08-27 03:52:00+00:00,78768.21875,78768.21875,78810.5390625,78768.21875,78806.9765625,0
2026-08-27 03:53:00+00:00,78781.3984375,78781.3984375,78790.6328125,78756.96875,78769.796875,0
2026-08-27 03:54:00+00:00,78818.890625,78818.890625,78818.890625,78778.796875,78779.828125,0
2026-08-27 03:55:00+00:00,78788.0625,78788.0625,78806.90625,78788.046875,78806.90625,2119680
2026-08-27 03:56:00+00:00,78803.2890625,78803.2890625,78803.2890625,78791.28125,78799.9921875,0
2026-08-27 03:57:00+00:00,78800.0234375,78800.0234375,78814.1796875,78795.4765625,78810.96875,56516608
2026-08-27 03:58:00+00:00,78813.546875,78813.546875,78824.6875,78795.46875,78795.46875,0
2026-08-27 03:59:00+00:00,78820.8203125,78820.8203125,78820.828125,78813.546875,78813.546875,0
2026-08-27 04:00:00+00:00,78833.828125,78833.828125,78838.7890625,78820.828125,78820.828125,25186304
2026-08-27 04:01:00+00:00,78833.4609375,78833.4609375,78840.546875,78833.4609375,78833.46875,0
2026-08-27 04:02:00+00:00,78823.296875,78823.296875,78840.546875,78822.703125,78833.4609375,0
2026-08-27 04:03:00+00:00,78866.2734375,78866.2734375,78868.25,78848.0234375,78849.109375,0
2026-08-27 04:04:00+00:00,78840.421875,78840.421875,78885.6484375,78840.421875,78866.2578125,0
2026-08-27 04:05:00+00:00,78813.171875,78813.171875,78857.3984375,78813.171875,78857.3984375,0
2026-08-27 04:06:00+00:00,78810.7578125,78810.7578125,78810.7578125,78803.46875,78808.203125,0
2026-08-27 04:07:00+00:00,78800.0,78800.0,78810.7734375,78800.0,78810.7578125,5875712
2026-08-27 04:08:00+00:00,78788.046875,78788.046875,78800.0,78785.46875,78800.0,0
2026-08-27 04:09:00+00:00,78876.84375,78876.84375,78876.84375,78788.046875,78788.046875,0
2026-08-27 04:10:00+00:00,78838.9609375,78838.9609375,78870.4609375,78834.453125,78870.4609375,2326528
2026-08-27 04:11:00+00:00,78838.15625,78838.15625,78845.171875,78830.09375,78837.65625,93325312
2026-08-27 04:12:00+00:00,78836.609375,78836.609375,78850.40625,78836.609375,78850.40625,3037184
2026-08-27 04:13:00+00:00,78843.4296875,78843.4296875,78857.796875,78836.6015625,78836.6015625,0
2026-08-27 04:14:00+00:00,78844.046875,78844.046875,78855.84375,78844.046875,78855.84375,0
2026-08-27 04:15:00+00:00,78879.9921875,78879.9921875,78879.9921875,78844.0625,78844.0625,0
2026-08-27 04:16:00+00:00,78887.9609375,78887.9609375,78887.9609375,78879.9921875,78879.9921875,923648
2026-08-27 04:17:00+00:00,78846.0,78846.0,78873.421875,78845.0,78873.421875,0
2026-08-27 04:18:00+00:00,78872.421875,78872.421875,78878.9375,78855.828125,78855.828125,9623552
2026-08-27 04:19:00+00:00,78862.0078125,78862.0078125,78874.90625,78862.0078125,78872.421875,0
2026-08-27 04:20:00+00:00,78854.9921875,78854.9921875,78855.203125,78834.15625,78855.203125,0
2026-08-27 04:21:00+00:00,78812.0390625,78812.0390625,78855.203125,78812.0390625,78854.9921875,0
2026-08-27 04:22:00+00:00,78834.8828125,78834.8828125,78840.5390625,78801.3984375,78810.0390625,0
2026-08-27 04:23:00+00:00,78830.0,78830.0,78842.859375,78820.59375,78826.1875,0
2026-08-27 04:24:00+00:00,78829.9296875,78829.9296875,78831.1875,78829.9296875,78831.1875,0
2026-08-27 04:25:00+00:00,78808.7265625,78808.7265625,78833.421875,78804.40625,78833.3671875,0
2026-08-27 04:26:00+00:00,78805.71875,78805.71875,78808.7421875,78801.1171875,78808.7421875,0
2026-08-27 04:27:00+00:00,78800.6875,78800.6875,78802.4609375,78800.6875,78802.4609375,48140288
2026-08-27 04:28:00+00:00,78786.3671875,78786.3671875,78800.6875,78786.3671875,78800.6796875,0
2026-08-27 04:29:00+00:00,78771.5390625,78771.5390625,78789.90625,78771.5390625,78789.90625,0
2026-08-27 04:30:00+00:00,78722.2421875,78722.2421875,78751.8203125,78722.2421875,78751.8203125,0
2026-08-27 04:31:00+00:00,78728.0078125,78728.0078125,78728.0078125,78721.140625,78721.53125,0
2026-08-27 04:32:00+00:00,78728.1015625,78728.1015625,78733.6171875,78721.2109375,78733.6171875,0
2026-08-27 04:33:00+00:00,78722.7265625,78722.7265625,78728.1015625,78721.140625,78728.1015625,0
2026-08-27 04:34:00+00:00,78696.0234375,78696.0234375,78722.7265625,78687.0078125,78722.7265625,0
2026-08-27 04:35:00+00:00,78689.2578125,78689.2578125,78696.0234375,78687.0078125,78696.0234375,0
2026-08-27 04:36:00+00:00,78674.046875,78674.046875,78724.109375,78674.046875,78689.2578125,0
2026-08-27 04:37:00+00:00,78708.828125,78708.828125,78708.84375,78670.0,78677.59375,3102720
2026-08-27 04:38:00+00:00,78706.5625,78706.5625,78706.5625,78689.328125,78706.5625,0
2026-08-27 04:39:00+00:00,78741.953125,78741.953125,78750.2109375,78722.2265625,78722.2265625,0
2026-08-27 04:40:00+00:00,78727.546875,78727.546875,78742.6015625,78727.546875,78732.328125,1665024
2026-08-27 04:41:00+00:00,78737.84375,78737.84375,78737.8515625,78725.53125,78727.359375,0
2026-08-27 04:42:00+00:00,78753.140625,78753.140625,78753.140625,78742.59375,78742.59375,0
2026-08-27 04:43:00+00:00,78802.4921875,78802.4921875,78802.4921875,78753.140625,78753.140625,1861632
2026-08-27 04:44:00+00:00,78798.703125,78798.703125,78804.75,78796.671875,78797.03125,0
2026-08-27 04:45:00+00:00,78768.9296875,78768.9296875,78805.7265625,78760.4765625,78798.7109375,7606272
2026-08-27 04:46:00+00:00,78772.09375,78772.09375,78789.578125,78766.140625,78773.5625,0
2026-08-27 04:47:00+00:00,78722.25,78722.25,78772.078125,78715.0,78772.078125,0
2026-08-27 04:48:00+00:00,78715.0,78715.0,78727.5078125,78715.0,78727.5078125,0
2026-08-27 04:49:00+00:00,78727.5078125,78727.5078125,78727.5078125,78712.390625,78715.0,10620928
2026-08-27 04:50:00+00:00,78704.15625,78704.15625,78740.7265625,78704.15625,78740.7265625,101621760
2026-08-27 04:51:00+00:00,78689.3125,78689.3125,78699.7578125,78689.3125,78697.5078125,0
2026-08-27 04:52:00+00:00,78707.6015625,78707.6015625,78707.6015625,78694.6484375,78694.6484375,0
2026-08-27 04:53:00+00:00,78713.96875,78713.96875,78719.8984375,78692.65625,78712.3671875,0
2026-08-27 04:54:00+00:00,78736.046875,78736.046875,78736.046875,78713.96875,78713.96875,0
2026-08-27 04:55:00+00:00,78731.9375,78731.9375,78741.1796875,78731.9375,78736.046875,0
2026-08-27 04:56:00+00:00,78722.84375,78722.84375,78735.09375,78722.84375,78729.96875,5603328
2026-08-27 04:57:00+00:00,78741.9609375,78741.9609375,78741.9609375,78727.5625,78729.2109375,0
2026-08-27 04:58:00+00:00,78771.296875,78771.296875,78771.296875,78741.953125,78741.953125,0
2026-08-27 04:59:00+00:00,78765.2734375,78765.2734375,78771.53125,78763.7109375,78771.53125,0
2026-08-27 05:00:00+00:00,78751.3671875,78751.3671875,78770.28125,78751.3671875,78770.28125,0
2026-08-27 05:01:00+00:00,78757.40625,78757.40625,78758.359375,78751.3671875,78751.3671875,0
2026-08-27 05:02:00+00:00,78748.0,78748.0,78754.21875,78748.0,78754.21875,0
2026-08-27 05:03:00+00:00,78740.03125,78740.03125,78740.0390625,78740.03125,78740.03125,5343232
2026-08-27 05:04:00+00:00,78663.078125,78663.078125,78740.03125,78663.078125,78740.03125,0
2026-08-27 05:05:00+00:00,78654.7421875,78654.7421875,78668.5234375,78651.109375,78664.6484375,0
2026-08-27 05:06:00+00:00,78642.4921875,78642.4921875,78668.5234375,78642.4921875,78652.703125,0
2026-08-27 05:07:00+00:00,78659.296875,78659.296875,78674.6328125,78657.53125,78662.0078125,0
2026-08-27 05:08:00+00:00,78685.921875,78685.921875,78685.921875,78657.5390625,78659.3125,0
2026-08-27 05:09:00+00:00,78695.96875,78695.96875,78721.8125,78678.1484375,78678.15625,0
2026-08-27 05:10:00+00:00,78678.15625,78678.15625,78711.1328125,78678.15625,78697.9765625,0
2026-08-27 05:11:00+00:00,78665.6484375,78665.6484375,78674.046875,78663.078125,78674.046875,0
2026-08-27 05:12:00+00:00,78678.1484375,78678.1484375,78678.1484375,78663.09375,78663.09375,0
2026-08-27 05:13:00+00:00,78650.0,78650.0,78679.0078125,78650.0,78678.1484375,0
2026-08-27 05:14:00+00:00,78627.90625,78627.90625,78653.9296875,78627.90625,78653.921875,0
2026-08-27 05:15:00+00:00,78629.640625,78629.640625,78634.578125,78627.90625,78627.921875,0
2026-08-27 05:16:00+00:00,78611.4609375,78611.4609375,78632.203125,78611.4609375,78629.6484375,0
2026-08-27 05:17:00+00:00,78621.7421875,78621.7421875,78623.96875,78620.59375,78623.6015625,1806336
2026-08-27 05:18:00+00:00,78621.7421875,78621.7421875,78621.75,78621.7421875,78621.7421875,0
2026-08-27 05:19:00+00:00,78624.8125,78624.8125,78638.421875,78624.8125,78638.40625,0
2026-08-27 05:20:00+00:00,78638.40625,78638.40625,78638.40625,78628.34375,78628.34375,37050368
2026-08-27 05:21:00+00:00,78643.3515625,78643.3515625,78643.359375,78638.40625,78643.3515625,0
2026-08-27 05:22:00+00:00,78661.4765625,78661.4765625,78661.4765625,78646.046875,78646.046875,729088
2026-08-27 05:23:00+00:00,78660.0078125,78660.0078125,78661.4921875,78660.0,78661.4765625,0
2026-08-27 05:24:00+00:00,78722.2265625,78722.2265625,78722.2265625,78660.0,78660.0,50630656
2026-08-27 05:25:00+00:00,78738.1171875,78738.1171875,78786.2421875,78723.8203125,78723.8203125,0
2026-08-27 05:26:00+00:00,78734.9609375,78734.9609375,78750.8984375,78727.9296875,78750.8984375,0
2026-08-27 05:27:00+00:00,78710.0,78710.0,78727.9375,78710.0,78727.9296875,0
2026-08-27 05:28:00+00:00,78649.7265625,78649.7265625,78712.390625,78641.453125,78712.3828125,32030720
2026-08-27 05:29:00+00:00,78649.9921875,78649.9921875,78653.2265625,78639.5625,78653.21875,0
2026-08-27 05:30:00+00:00,78660.53125,78660.53125,78666.6796875,78648.1796875,78649.9921875,0
2026-08-27 05:31:00+00:00,78633.953125,78633.953125,78660.5234375,78620.328125,78660.5234375,0
2026-08-27 05:32:00+00:00,78638.4609375,78638.4609375,78642.1328125,78634.0234375,78642.1328125,0
2026-08-27 05:33:00+00:00,78631.90625,78631.90625,78632.8125,78624.75,78629.390625,0
2026-08-27 05:34:00+00:00,78623.5234375,78623.5234375,78632.8125,78609.671875,78632.8125,1392640
2026-08-27 05:35:00+00:00,78613.7734375,78613.7734375,78623.921875,78590.0,78623.921875,0
2026-08-27 05:36:00+00:00,78627.28125,78627.28125,78632.796875,78597.828125,78613.7734375,0
2026-08-27 05:37:00+00:00,78663.0703125,78663.0703125,78663.0703125,78632.796875,78632.8203125,9224192
2026-08-27 05:38:00+00:00,78699.2890625,78699.2890625,78699.2890625,78661.046875,78682.7890625,0
2026-08-27 05:39:00+00:00,78678.6484375,78678.6484375,78690.5625,78664.0703125,78690.5625,0
2026-08-27 05:40:00+00:00,78717.890625,78717.890625,78717.890625,78678.6484375,78678.6484375,0
2026-08-27 05:41:00+00:00,78749.7265625,78749.7265625,78787.421875,78732.09375,78732.09375,5711872
2026-08-27 05:42:00+00:00,78717.328125,78717.328125,78749.7265625,78712.390625,78749.7265625,0
2026-08-27 05:43:00+00:00,78693.421875,78693.421875,78715.3125,78693.421875,78715.3125,0
2026-08-27 05:44:00+00:00,78701.0,78701.0,78706.578125,78662.0078125,78690.0,0
2026-08-27 05:45:00+00:00,78709.671875,78709.671875,78721.203125,78692.65625,78701.0,0
2026-08-27 05:46:00+00:00,78762.5703125,78762.5703125,78762.5703125,78704.2890625,78704.2890625,51556352
2026-08-27 05:47:00+00:00,78780.0234375,78780.0234375,78781.390625,78771.53125,78771.5390625,0
2026-08-27 05:48:00+00:00,78786.25,78786.25,78797.9921875,78777.203125,78777.2109375,53166080
2026-08-27 05:49:00+00:00,78815.7578125,78815.7578125,78815.7734375,78792.453125,78797.9921875,0
2026-08-27 05:50:00+00:00,78817.1484375,78817.1484375,78832.0703125,78815.7578125,78820.828125,0
2026-08-27 05:51:00+00:00,78846.53125,78846.53125,78846.5390625,78817.1484375,78817.1484375,0
2026-08-27 05:52:00+00:00,78899.71875,78899.71875,78919.3984375,78846.53125,78846.53125,0
2026-08-27 05:53:00+00:00,78837.390625,78837.390625,78900.296875,78837.3671875,78900.296875,78968832
2026-08-27 05:54:00+00:00,78830.7734375,78830.7734375,78837.3984375,78830.7734375,78837.390625,0
2026-08-27 05:55:00+00:00,78796.5625,78796.5625,78831.0625,78783.25,78831.0625,10946560
2026-08-27 05:56:00+00:00,78796.5625,78796.5625,78796.5625,78782.796875,78789.65625,0
2026-08-27 05:57:00+00:00,78821.21875,78821.21875,78821.2265625,78796.5625,78796.5625,0
2026-08-27 05:58:00+00:00,78867.4375,78867.4375,78875.2578125,78815.8203125,78840.546875,0
2026-08-27 05:59:00+00:00,78876.53125,78876.53125,78889.7578125,78857.2109375,78875.2578125,245692416
2026-08-27 06:00:00+00:00,78843.0703125,78843.0703125,78895.34375,78843.0703125,78895.34375,14047232
2026-08-27 06:01:00+00:00,78843.3125,78843.3125,78843.3125,78825.0390625,78827.6875,0
2026-08-27 06:02:00+00:00,78826.5703125,78826.5703125,78826.828125,78825.0,78826.828125,0
2026-08-27 06:03:00+00:00,78810.2421875,78810.2421875,78826.5703125,78793.359375,78826.5703125,0
2026-08-27 06:04:00+00:00,78786.7421875,78786.7421875,78804.296875,78781.5078125,78804.2734375,0
2026-08-27 06:05:00+00:00,78807.1015625,78807.1015625,78807.109375,78786.7265625,78786.7265625,0
2026-08-27 06:06:00+00:00,78826.9609375,78826.9609375,78826.9609375,78794.6015625,78794.6015625,0
2026-08-27 06:07:00+00:00,78792.4921875,78792.4921875,78820.1328125,78792.4921875,78820.1328125,0
2026-08-27 06:08:00+00:00,78801.140625,78801.140625,78808.59375,78801.140625,78801.140625,0
2026-08-27 06:09:00+00:00,78797.34375,78797.34375,78801.140625,78795.0,78801.140625,0
2026-08-27 06:10:00+00:00,78781.5234375,78781.5234375,78798.8984375,78781.5078125,78798.8984375,0
2026-08-27 06:11:00+00:00,78745.4921875,78745.4921875,78781.5078125,78745.4921875,78781.5078125,0
2026-08-27 06:12:00+00:00,78736.5078125,78736.5078125,78754.390625,78736.5078125,78748.4765625,0
2026-08-27 06:13:00+00:00,78656.8515625,78656.8515625,78711.59375,78645.640625,78711.59375,0
2026-08-27 06:14:00+00:00,78669.9296875,78669.9296875,78670.921875,78644.0703125,78655.953125,0
2026-08-27 06:15:00+00:00,78630.03125,78630.03125,78669.9296875,78630.03125,78669.9296875,0
2026-08-27 06:16:00+00:00,78658.4375,78658.4375,78665.0390625,78626.6796875,78631.890625,0
2026-08-27 06:17:00+00:00,78712.8828125,78712.8828125,78716.15625,78658.4296875,78667.0625,39923712
2026-08-27 06:18:00+00:00,78695.203125,78695.203125,78722.2265625,78692.65625,78710.8984375,0
2026-08-27 06:19:00+00:00,78706.6015625,78706.6015625,78712.3671875,78687.640625,78698.5234375,12666880
2026-08-27 06:20:00+00:00,78702.28125,78702.28125,78713.203125,78693.3671875,78712.5625,0
2026-08-27 06:21:00+00:00,78773.6171875,78773.6171875,78787.359375,78702.28125,78702.28125,51189760
2026-08-27 06:22:00+00:00,78724.3671875,78724.3671875,78757.359375,78721.0,78742.7578125,0
2026-08-27 06:23:00+00:00,78727.46875,78727.46875,78739.3984375,78713.15625,78721.0,0
2026-08-27 06:24:00+00:00,78665.046875,78665.046875,78730.3984375,78665.046875,78715.921875,0
2026-08-27 06:25:00+00:00,78660.03125,78660.03125,78685.1875,78654.8984375,78663.078125,0
2026-08-27 06:26:00+00:00,78656.7109375,78656.7109375,78664.0,78650.0,78660.0234375,0
2026-08-27 06:27:00+00:00,78655.1484375,78655.1484375,78656.703125,78653.9609375,78656.703125,0
2026-08-27 06:28:00+00:00,78611.8984375,78611.8984375,78655.140625,78609.828125,78655.140625,6496256
2026-08-27 06:29:00+00:00,78647.4609375,78647.4609375,78647.4609375,78620.2890625,78620.2890625,0
2026-08-27 06:30:00+00:00,78770.15625,78770.15625,78771.53125,78653.2109375,78653.2109375,81444864
2026-08-27 06:31:00+00:00,78735.296875,78735.296875,78783.53125,78725.453125,78772.8828125,0
2026-08-27 06:32:00+00:00,78686.4921875,78686.4921875,78729.34375,78677.1328125,78729.34375,5482496
2026-08-27 06:33:00+00:00,78706.7109375,78706.7109375,78716.546875,78686.4921875,78686.4921875,62580736
2026-08-27 06:34:00+00:00,78741.953125,78741.953125,78741.953125,78706.703125,78706.703125,0
2026-08-27 06:35:00+00:00,78750.1015625,78750.1015625,78750.1015625,78731.3125,78740.1875,0
2026-08-27 06:36:00+00:00,78730.078125,78730.078125,78750.109375,78730.078125,78741.28125,21166080
2026-08-27 06:37:00+00:00,78762.0625,78762.0625,78762.0625,78738.7265625,78738.7265625,0
2026-08-27 06:38:00+00:00,78754.3125,78754.3125,78766.5,78736.453125,78766.5,0
2026-08-27 06:39:00+00:00,78735.7109375,78735.7109375,78742.6015625,78735.7109375,78742.59375,0
2026-08-27 06:40:00+00:00,78732.1015625,78732.1015625,78765.4609375,78724.8203125,78724.8203125,0
2026-08-27 06:41:00+00:00,78707.65625,78707.65625,78732.1015625,78707.65625,78732.1015625,0
2026-08-27 06:42:00+00:00,78720.84375,78720.84375,78723.9296875,78705.6796875,78705.6875,0
2026-08-27 06:43:00+00:00,78722.7734375,78722.7734375,78722.8203125,78709.421875,78720.84375,0
2026-08-27 06:44:00+00:00,78741.8828125,78741.8828125,78741.8828125,78720.0390625,78722.7734375,87267328
2026-08-27 06:45:00+00:00,78755.2890625,78755.2890625,78762.75,78737.46875,78741.8828125,0
2026-08-27 06:46:00+00:00,78774.578125,78774.578125,78774.578125,78753.328125,78755.2890625,0
2026-08-27 06:47:00+00:00,78774.3203125,78774.3203125,78774.578125,78762.75,78768.6328125,0
2026-08-27 06:48:00+00:00,78776.359375,78776.359375,78780.6015625,78774.578125,78774.578125,0
2026-08-27 06:49:00+00:00,78773.2421875,78773.2421875,78776.3671875,78759.84375,78776.359375,0
2026-08-27 06:50:00+00:00,78810.96875,78810.96875,78810.96875,78780.6015625,78780.6015625,0
2026-08-27 06:51:00+00:00,78796.4609375,78796.4609375,78813.140625,78777.59375,78810.96875,0
2026-08-27 06:52:00+00:00,78796.2109375,78796.2109375,78796.2109375,78779.2421875,78788.0,0
2026-08-27 06:53:00+00:00,78791.2578125,78791.2578125,78796.203125,78775.5625,78796.203125,51685376
2026-08-27 06:54:00+00:00,78791.2734375,78791.2734375,78832.8203125,78791.2578125,78805.8671875,2619392
2026-08-27 06:55:00+00:00,78826.2578125,78826.2578125,78826.2578125,78791.2734375,78791.2734375,0
2026-08-27 06:56:00+00:00,78801.5078125,78801.5078125,78830.703125,78801.5078125,78826.2578125,0
2026-08-27 06:57:00+00:00,78812.9375,78812.9375,78819.9921875,78801.1171875,78801.1171875,3323904
2026-08-27 06:58:00+00:00,78830.6875,78830.6875,78830.6875,78811.8984375,78812.9296875,0
2026-08-27 06:59:00+00:00,78820.0,78820.0,78826.2421875,78820.0,78823.2109375,0
2026-08-27 07:00:00+00:00,78770.6875,78770.6875,78801.1171875,78756.1171875,78801.1171875,0
2026-08-27 07:01:00+00:00,78783.390625,78783.390625,78783.390625,78764.609375,78764.609375,0
2026-08-27 07:02:00+00:00,78748.7890625,78748.7890625,78783.3828125,78743.8671875,78783.3828125,0
2026-08-27 07:03:00+00:00,78770.90625,78770.90625,78781.3828125,78765.21875,78765.21875,0
2026-08-27 07:04:00+00:00,78773.5078125,78773.5078125,78773.5078125,78758.5390625,78770.90625,0
2026-08-27 07:05:00+00:00,78774.5078125,78774.5078125,78776.546875,78759.65625,78776.5390625,0
2026-08-27 07:06:00+00:00,78756.7734375,78756.7734375,78774.5234375,78756.7734375,78774.5234375,0
2026-08-27 07:07:00+00:00,78750.7265625,78750.7265625,78763.671875,78750.71875,78756.7734375,0
2026-08-27 07:08:00+00:00,78780.109375,78780.109375,78780.109375,78751.46875,78751.46875,0
2026-08-27 07:09:00+00:00,78771.3203125,78771.3203125,78781.9921875,78754.0,78781.9921875,0
2026-08-27 07:10:00+00:00,78772.5078125,78772.5078125,78781.671875,78763.2578125,78763.2734375,1662976
2026-08-27 07:11:00+00:00,78778.140625,78778.140625,78782.8671875,78771.3203125,78772.5078125,0
2026-08-27 07:12:00+00:00,78782.8671875,78782.8671875,78782.8828125,78771.46875,78778.140625,0
2026-08-27 07:13:00+00:00,78789.4921875,78789.4921875,78789.4921875,78782.8671875,78782.8671875,0
2026-08-27 07:14:00+00:00,78830.703125,78830.703125,78854.9609375,78789.4765625,78789.4765625,0
2026-08-27 07:15:00+00:00,78802.5078125,78802.5078125,78830.7109375,78802.5078125,78830.7109375,0
2026-08-27 07:16:00+00:00,78817.46875,78817.46875,78817.4765625,78802.5078125,78802.5078125,0
2026-08-27 07:17:00+00:00,78807.046875,78807.046875,78813.3984375,78800.0,78813.3984375,0
2026-08-27 07:18:00+00:00,78802.5234375,78802.5234375,78807.046875,78802.5078125,78807.046875,0
2026-08-27 07:19:00+00:00,78810.390625,78810.390625,78817.46875,78804.09375,78804.09375,0
2026-08-27 07:20:00+00:00,78804.09375,78804.09375,78817.4765625,78804.09375,78810.390625,6950912
2026-08-27 07:21:00+00:00,78786.84375,78786.84375,78802.5078125,78785.7578125,78802.5078125,3119104
2026-08-27 07:22:00+00:00,78826.9609375,78826.9609375,78826.9609375,78810.3828125,78810.3828125,0
2026-08-27 07:23:00+00:00,78814.796875,78814.796875,78826.953125,78814.796875,78826.953125,0
2026-08-27 07:24:00+00:00,78761.6796875,78761.6796875,78814.796875,78761.6796875,78814.796875,0
2026-08-27 07:25:00+00:00,78749.71875,78749.71875,78751.8203125,78735.359375,78751.8203125,0
2026-08-27 07:26:00+00:00,78763.8671875,78763.8671875,78766.2421875,78753.0390625,78753.0390625,0
2026-08-27 07:27:00+00:00,78778.6015625,78778.6015625,78778.6015625,78761.0234375,78763.8671875,8044544
2026-08-27 07:28:00+00:00,78794.8515625,78794.8515625,78794.8515625,78774.171875,78778.6015625,0
2026-08-27 07:29:00+00:00,78787.4296875,78787.4296875,78788.203125,78777.03125,78788.203125,0
2026-08-27 07:30:00+00:00,78794.8515625,78794.8515625,78794.859375,78776.6875,78784.2421875,0
2026-08-27 07:31:00+00:00,78837.90625,78837.90625,78837.90625,78821.9609375,78821.9609375,0
2026-08-27 07:32:00+00:00,78834.953125,78834.953125,78858.6171875,78830.703125,78850.421875,23166976
2026-08-27 07:33:00+00:00,78858.6171875,78858.6171875,78858.6171875,78801.1171875,78810.9921875,0
2026-08-27 07:34:00+00:00,78850.0,78850.0,78866.46875,78850.0,78858.6171875,0
2026-08-27 07:35:00+00:00,78840.5625,78840.5625,78855.0,78840.5625,78850.0,0
2026-08-27 07:36:00+00:00,78853.5078125,78853.5078125,78864.8984375,78845.6875,78845.6875,5464064
2026-08-27 07:37:00+00:00,78853.6484375,78853.6484375,78856.7578125,78853.5,78853.5078125,0
2026-08-27 07:38:00+00:00,78825.5390625,78825.5390625,78846.9765625,78820.84375,78846.9765625,4057088
2026-08-27 07:39:00+00:00,78866.671875,78866.671875,78867.046875,78833.6015625,78833.6015625,0
2026-08-27 07:40:00+00:00,78825.5390625,78825.5390625,78866.5703125,78825.5390625,78866.5703125,0
2026-08-27 07:41:00+00:00,78850.40625,78850.40625,78850.40625,78825.5390625,78825.546875,835584
2026-08-27 07:42:00+00:00,78860.2734375,78860.2734375,78860.28125,78834.171875,78835.0,0
2026-08-27 07:43:00+00:00,78860.953125,78860.953125,78868.9375,78860.2734375,78860.2734375,8306688
2026-08-27 07:44:00+00:00,78840.5625,78840.5625,78868.953125,78840.5625,78861.0390625,0
2026-08-27 07:45:00+00:00,78850.4375,78850.4375,78863.6171875,78830.703125,78830.703125,0
2026-08-27 07:46:00+00:00,78843.9296875,78843.9296875,78850.4375,78834.7734375,78850.4375,0
2026-08-27 07:47:00+00:00,78857.7890625,78857.7890625,78857.796875,78843.9296875,78843.9296875,0
2026-08-27 07:48:00+00:00,78848.578125,78848.578125,78857.796875,78845.6875,78857.796875,0
2026-08-27 07:49:00+00:00,78848.9375,78848.9375,78854.6796875,78848.9375,78854.6796875,1071104
2026-08-27 07:50:00+00:00,78883.6015625,78883.6015625,78883.6015625,78848.9375,78848.9375,0
2026-08-27 07:51:00+00:00,78918.15625,78918.15625,78918.15625,78899.9921875,78899.9921875,0
2026-08-27 07:52:00+00:00,78968.7265625,78968.7265625,78968.7265625,78918.15625,78918.15625,0
2026-08-27 07:53:00+00:00,78949.0234375,78949.0234375,78974.9765625,78949.0234375,78974.9765625,0
2026-08-27 07:54:00+00:00,79015.46875,79015.46875,79029.0078125,78949.0234375,78949.0234375,10424320
2026-08-27 07:55:00+00:00,79050.0,79050.0,79064.9765625,79015.46875,79015.46875,0
2026-08-27 07:56:00+00:00,79077.1875,79077.1875,79077.1875,79045.796875,79050.0078125,0
2026-08-27 07:57:00+00:00,79045.0,79045.0,79079.9765625,79029.9375,79077.1875,0
2026-08-27 07:58:00+00:00,79067.328125,79067.328125,79067.328125,79031.2734375,79035.0,2637824
2026-08-27 07:59:00+00:00,79067.34375,79067.34375,79093.890625,79067.34375,79076.3203125,0
2026-08-27 08:00:00+00:00,79046.0,79046.0,79094.2265625,79045.0,79082.53125,15990784
2026-08-27 08:01:00+00:00,79059.84375,79059.84375,79059.84375,79034.921875,79038.96875,0
2026-08-27 08:02:00+00:00,79186.9921875,79186.9921875,79186.9921875,79084.5234375,79084.5234375,0
2026-08-27 08:03:00+00:00,79384.921875,79384.921875,79384.921875,79191.296875,79191.296875,0
2026-08-27 08:04:00+00:00,79427.0078125,79427.0078125,79484.78125,79384.6796875,79384.6796875,2072576
2026-08-27 08:05:00+00:00,79297.3984375,79297.3984375,79432.5703125,79281.2265625,79432.5703125,26015744
2026-08-27 08:06:00+00:00,79344.25,79344.25,79361.9375,79292.0234375,79292.0234375,0
2026-08-27 08:07:00+00:00,79488.109375,79488.109375,79495.7734375,79354.3515625,79354.3515625,27633664
2026-08-27 08:08:00+00:00,79600.7265625,79600.7265625,79633.0390625,79491.609375,79491.609375,341071872
2026-08-27 08:09:00+00:00,79748.171875,79748.171875,79748.171875,79620.8515625,79620.8515625,0
2026-08-27 08:10:00+00:00,79812.296875,79812.296875,79858.1328125,79735.390625,79735.390625,19052544
2026-08-27 08:11:00+00:00,79721.5078125,79721.5078125,79847.9921875,79718.1015625,79809.7890625,0
2026-08-27 08:12:00+00:00,79639.2890625,79639.2890625,79670.8515625,79639.21875,79670.8515625,0
2026-08-27 08:13:00+00:00,79595.859375,79595.859375,79668.09375,79562.359375,79668.09375,53946368
2026-08-27 08:14:00+00:00,79622.2890625,79622.2890625,79622.2890625,79535.71875,79603.3515625,302708736
2026-08-27 08:15:00+00:00,79491.328125,79491.328125,79627.328125,79491.328125,79623.6484375,0
2026-08-27 08:16:00+00:00,79514.03125,79514.03125,79560.328125,79485.078125,79485.078125,15126528
2026-08-27 08:17:00+00:00,79511.0,79511.0,79524.1015625,79483.3203125,79503.0,38219776
2026-08-27 08:18:00+00:00,79483.9296875,79483.9296875,79506.2734375,79480.0078125,79506.2734375,47757312
2026-08-27 08:19:00+00:00,79515.921875,79515.921875,79520.8984375,79472.0,79483.9296875,7430144
2026-08-27 08:20:00+00:00,79461.7421875,79461.7421875,79513.6171875,79432.6796875,79513.6171875,0
2026-08-27 08:21:00+00:00,79513.84375,79513.84375,79516.078125,79473.4921875,79473.4921875,368932864
2026-08-27 08:22:00+00:00,79573.140625,79573.140625,79590.0,79497.0703125,79505.8671875,0
2026-08-27 08:23:00+00:00,79550.46875,79550.46875,79597.1015625,79522.5703125,79597.1015625,113960960
2026-08-27 08:24:00+00:00,79578.8125,79578.8125,79580.3203125,79559.3203125,79559.3203125,0
2026-08-27 08:25:00+00:00,79649.4375,79649.4375,79662.796875,79578.8125,79578.8125,11726848
2026-08-27 08:26:00+00:00,79695.9765625,79695.9765625,79736.2265625,79670.9375,79670.9375,0
2026-08-27 08:27:00+00:00,79667.3125,79667.3125,79676.2890625,79641.953125,79658.9375,0
2026-08-27 08:28:00+00:00,79693.65625,79693.65625,79742.1796875,79683.640625,79683.640625,0
2026-08-27 08:29:00+00:00,79736.8671875,79736.8671875,79736.8671875,79688.5234375,79690.4765625,51376128
2026-08-27 08:30:00+00:00,79760.1484375,79760.1484375,79840.78125,79750.0,79750.0,0
2026-08-27 08:31:00+00:00,79837.953125,79837.953125,79849.9921875,79777.2578125,79787.109375,5275648
2026-08-27 08:32:00+00:00,79822.859375,79822.859375,79870.109375,79817.40625,79849.9921875,66879488
2026-08-27 08:33:00+00:00,79865.9921875,79865.9921875,79865.9921875,79796.9765625,79810.6328125,10946560
2026-08-27 08:34:00+00:00,79846.28125,79846.28125,79874.546875,79838.2109375,79872.109375,9234432
2026-08-27 08:35:00+00:00,79816.390625,79816.390625,79826.5625,79767.3984375,79826.5625,0
2026-08-27 08:36:00+00:00,79746.4765625,79746.4765625,79807.578125,79746.4765625,79796.9765625,91756544
2026-08-27 08:37:00+00:00,79787.109375,79787.109375,79793.78125,79724.7734375,79724.7734375,10196992
2026-08-27 08:38:00+00:00,79768.046875,79768.046875,79802.65625,79759.546875,79800.0,87732224
2026-08-27 08:39:00+00:00,79766.7578125,79766.7578125,79777.796875,79758.4375,79767.5,0
2026-08-27 08:40:00+00:00,79753.953125,79753.953125,79787.1171875,79749.453125,79779.9921875,0
2026-08-27 08:41:00+00:00,79852.4375,79852.4375,79866.2109375,79775.0,79775.0,121929728
2026-08-27 08:42:00+00:00,79935.0078125,79935.0078125,79935.0078125,79836.421875,79861.328125,0
2026-08-27 08:43:00+00:00,79917.96875,79917.96875,79982.6171875,79917.96875,79961.9921875,0
2026-08-27 08:44:00+00:00,79911.6484375,79911.6484375,79936.03125,79893.359375,79925.15625,0
2026-08-27 08:45:00+00:00,80022.4296875,80022.4296875,80022.4296875,79939.7578125,79960.8125,28753920
2026-08-27 08:46:00+00:00,79860.1875,79860.1875,79999.9921875,79854.390625,79999.9921875,0
2026-08-27 08:47:00+00:00,79858.2421875,79858.2421875,79891.0625,79848.21875,79871.671875,0
2026-08-27 08:48:00+00:00,79826.5078125,79826.5078125,79874.6015625,79817.2421875,79872.46875,0
2026-08-27 08:49:00+00:00,79812.2890625,79812.2890625,79865.9921875,79796.9765625,79836.40625,24324096
2026-08-27 08:50:00+00:00,79796.9765625,79796.9765625,79829.171875,79782.0,79790.109375,0
2026-08-27 08:51:00+00:00,79851.25,79851.25,79860.140625,79777.2578125,79777.2578125,58933248
2026-08-27 08:52:00+00:00,79769.640625,79769.640625,79873.75,79769.640625,79855.2109375,0
2026-08-27 08:53:00+00:00,79826.546875,79826.546875,79826.546875,79779.453125,79779.453125,1814528
2026-08-27 08:54:00+00:00,79776.953125,79776.953125,79831.9921875,79776.953125,79826.546875,85854208
2026-08-27 08:55:00+00:00,79725.296875,79725.296875,79772.1328125,79685.0078125,79772.1328125,0
2026-08-27 08:56:00+00:00,79768.078125,79768.078125,79777.25,79727.2265625,79727.2265625,0
2026-08-27 08:57:00+00:00,79763.6015625,79763.6015625,79785.7890625,79757.5390625,79768.0703125,0
2026-08-27 08:58:00+00:00,79762.171875,79762.171875,79775.109375,79737.8203125,79775.109375,0
2026-08-27 08:59:00+00:00,79755.2578125,79755.2578125,79755.2578125,79737.8203125,79750.0,0
2026-08-27 09:00:00+00:00,79756.5,79756.5,79756.5,79671.1484375,79755.2578125,12007424
2026-08-27 09:01:00+00:00,79751.6875,79751.6875,79751.6875,79730.296875,79733.6484375,0
2026-08-27 09:02:00+00:00,79734.0390625,79734.0390625,79776.84375,79688.3515625,79738.78125,0
2026-08-27 09:03:00+00:00,79793.71875,79793.71875,79816.6796875,79752.6484375,79752.6484375,0
2026-08-27 09:04:00+00:00,79737.8203125,79737.8203125,79796.96875,79737.8203125,79777.203125,0
2026-08-27 09:05:00+00:00,79765.1484375,79765.1484375,79777.5390625,79708.96875,79718.1015625,134057984
2026-08-27 09:06:00+00:00,79764.390625,79764.390625,79777.2421875,79698.96875,79757.5390625,20549632
2026-08-27 09:07:00+00:00,79805.3671875,79805.3671875,79806.84375,79767.390625,79767.390625,0
2026-08-27 09:08:00+00:00,79838.0234375,79838.0234375,79846.2734375,79813.109375,79816.6875,864256
2026-08-27 09:09:00+00:00,79781.5625,79781.5625,79843.0625,79765.0234375,79843.0625,0
2026-08-27 09:10:00+00:00,79846.7109375,79846.7109375,79846.7109375,79794.921875,79794.921875,0
2026-08-27 09:11:00+00:00,79868.5,79868.5,79868.5,79845.1328125,79851.390625,45201408
2026-08-27 09:12:00+00:00,79836.4375,79836.4375,79873.28125,79836.421875,79858.84375,0
2026-08-27 09:13:00+00:00,79867.2890625,79867.2890625,79867.2890625,79844.8984375,79848.046875,34486272
2026-08-27 09:14:00+00:00,79875.3671875,79875.3671875,79875.3671875,79845.0,79869.2890625,0
2026-08-27 09:15:00+00:00,79848.03125,79848.03125,79882.96875,79791.140625,79868.59375,26484736
2026-08-27 09:16:00+00:00,79914.7109375,79914.7109375,79914.7109375,79875.609375,79875.609375,0
2026-08-27 09:17:00+00:00,79908.0,79908.0,79915.2890625,79879.5,79912.0390625,9089024
2026-08-27 09:18:00+00:00,79875.8515625,79875.8515625,79875.8515625,79826.5625,79866.0,0
2026-08-27 09:19:00+00:00,79989.5,79989.5,79989.5,79876.859375,79885.7109375,39041024
2026-08-27 09:20:00+00:00,80076.140625,80076.140625,80078.9765625,79984.3203125,80078.9765625,0
2026-08-27 09:21:00+00:00,80076.9921875,80076.9921875,80076.9921875,80007.109375,80046.8671875,0
2026-08-27 09:22:00+00:00,80043.2421875,80043.2421875,80072.3203125,80023.78125,80072.3203125,0
2026-08-27 09:23:00+00:00,80062.1796875,80062.1796875,80062.1796875,80019.671875,80030.1796875,0
2026-08-27 09:24:00+00:00,80080.171875,80080.171875,80081.34375,80045.0,80070.828125,29024256
2026-08-27 09:25:00+00:00,80224.6015625,80224.6015625,80224.6015625,80100.1328125,80100.1328125,0
2026-08-27 09:26:00+00:00,80364.4765625,80364.4765625,80370.9296875,80198.1015625,80198.1015625,1130496
2026-08-27 09:27:00+00:00,80434.921875,80434.921875,80477.0703125,80388.5703125,80388.5703125,0
2026-08-27 09:28:00+00:00,80437.8828125,80437.8828125,80459.2109375,80372.109375,80428.5,5081088
2026-08-27 09:29:00+00:00,80492.7109375,80492.7109375,80496.71875,80441.8515625,80441.8515625,50307072
2026-08-27 09:30:00+00:00,80350.0234375,80350.0234375,80500.0,80325.7421875,80496.7265625,0
2026-08-27 09:31:00+00:00,80397.2890625,80397.2890625,80400.296875,80349.2265625,80363.5078125,0
2026-08-27 09:32:00+00:00,80333.6015625,80333.6015625,80404.921875,80303.6171875,80404.921875,0
2026-08-27 09:33:00+00:00,80303.8515625,80303.8515625,80339.28125,80303.8515625,80339.28125,652920832
2026-08-27 09:34:00+00:00,80221.171875,80221.171875,80302.53125,80215.953125,80302.53125,0
2026-08-27 09:35:00+00:00,80214.2734375,80214.2734375,80226.4375,80204.2578125,80222.2421875,3928064
2026-08-27 09:36:00+00:00,80309.6875,80309.6875,80309.6875,80214.2578125,80214.2578125,0
2026-08-27 09:37:00+00:00,80238.078125,80238.078125,80313.046875,80220.9765625,80313.046875,34652160
2026-08-27 09:38:00+00:00,80267.6875,80267.6875,80302.8828125,80221.2421875,80221.2421875,0
2026-08-27 09:39:00+00:00,80279.109375,80279.109375,80311.90625,80262.453125,80262.453125,208203776
2026-08-27 09:40:00+00:00,80325.0,80325.0,80325.0,80237.671875,80270.2734375,0
2026-08-27 09:41:00+00:00,80270.2578125,80270.2578125,80309.0234375,80270.2578125,80309.0234375,0
2026-08-27 09:42:00+00:00,80200.6796875,80200.6796875,80260.9765625,80200.6796875,80255.0,143962112
2026-08-27 09:43:00+00:00,80273.8828125,80273.8828125,80280.109375,80200.4375,80208.9765625,0
2026-08-27 09:44:00+00:00,80248.6796875,80248.6796875,80275.7265625,80248.6796875,80275.7265625,0
2026-08-27 09:45:00+00:00,80229.7265625,80229.7265625,80252.390625,80229.7265625,80240.671875,0
2026-08-27 09:46:00+00:00,80253.6171875,80253.6171875,80256.1484375,80228.9375,80229.7265625,10330112
2026-08-27 09:47:00+00:00,80277.859375,80277.859375,80277.859375,80244.3203125,80248.0703125,0
2026-08-27 09:48:00+00:00,80243.8984375,80243.8984375,80267.359375,80230.8203125,80267.359375,160468992
2026-08-27 09:49:00+00:00,80193.3984375,80193.3984375,80243.8984375,80191.3828125,80243.8984375,0
2026-08-27 09:50:00+00:00,80086.4296875,80086.4296875,80197.890625,80070.3671875,80197.890625,0
2026-08-27 09:51:00+00:00,80047.578125,80047.578125,80106.9765625,80047.578125,80106.9765625,0
2026-08-27 09:52:00+00:00,80083.8984375,80083.8984375,80084.3828125,80047.578125,80047.578125,0
2026-08-27 09:53:00+00:00,80112.59375,80112.59375,80112.59375,80078.71875,80078.71875,2744320
2026-08-27 09:54:00+00:00,80066.2265625,80066.2265625,80111.0,80066.2265625,80111.0,11098112
2026-08-27 09:55:00+00:00,80051.1171875,80051.1171875,80057.859375,80044.046875,80056.3125,5660672
2026-08-27 09:56:00+00:00,79987.8125,79987.8125,80051.1171875,79987.8125,80051.1171875,0
2026-08-27 09:57:00+00:00,79985.3203125,79985.3203125,80003.421875,79985.3203125,79993.6328125,0
2026-08-27 09:58:00+00:00,79960.3125,79960.3125,79985.421875,79927.4296875,79985.3203125,0
2026-08-27 09:59:00+00:00,79988.75,79988.75,79988.75,79953.3125,79953.3125,157278208
2026-08-27 10:00:00+00:00,79946.90625,79946.90625,79993.296875,79922.046875,79988.7421875,0
2026-08-27 10:01:00+00:00,80013.890625,80013.890625,80013.890625,79941.953125,79941.953125,0
2026-08-27 10:02:00+00:00,79957.8671875,79957.8671875,80023.75,79935.0234375,80020.0078125,0
2026-08-27 10:03:00+00:00,80002.671875,80002.671875,80005.9375,79952.0,79952.0,0
2026-08-27 10:04:00+00:00,80069.7890625,80069.7890625,80069.7890625,79985.7578125,80001.0390625,31043584
2026-08-27 10:05:00+00:00,80071.3203125,80071.3203125,80082.921875,80049.953125,80082.921875,0
2026-08-27 10:06:00+00:00,80126.34375,80126.34375,80126.34375,80064.953125,80081.21875,54542336
2026-08-27 10:07:00+00:00,80110.6484375,80110.6484375,80142.0703125,80110.4375,80126.34375,0
2026-08-27 10:08:00+00:00,80117.8203125,80117.8203125,80124.8515625,80105.2578125,80115.203125,0
2026-08-27 10:09:00+00:00,80156.328125,80156.328125,80156.328125,80138.5703125,80138.5703125,0
2026-08-27 10:10:00+00:00,80151.6171875,80151.6171875,80163.078125,80150.0,80156.328125,8626176
2026-08-27 10:11:00+00:00,80105.546875,80105.546875,80159.9921875,80105.546875,80158.3125,40060928
2026-08-27 10:12:00+00:00,80039.84375,80039.84375,80086.5234375,80000.25,80086.5234375,3033088
2026-08-27 10:13:00+00:00,79951.53125,79951.53125,80019.34375,79939.5390625,80013.8984375,0
2026-08-27 10:14:00+00:00,79934.4765625,79934.4765625,79944.8671875,79806.84375,79938.0078125,0
2026-08-27 10:15:00+00:00,79856.1328125,79856.1328125,79973.40625,79830.59375,79936.09375,0
2026-08-27 10:16:00+00:00,79924.4765625,79924.4765625,79924.4765625,79859.3828125,79871.1796875,0
2026-08-27 10:17:00+00:00,79942.4765625,79942.4765625,79942.4765625,79888.1484375,79924.4765625,10708992
2026-08-27 10:18:00+00:00,79968.0078125,79968.0078125,79974.453125,79954.7265625,79954.7265625,0
2026-08-27 10:19:00+00:00,79958.078125,79958.078125,79983.4375,79955.2421875,79968.0078125,113788928
2026-08-27 10:20:00+00:00,79984.1796875,79984.1796875,79997.9765625,79945.0234375,79959.6796875,0
2026-08-27 10:21:00+00:00,80005.2109375,80005.2109375,80022.0703125,79984.6875,79987.4765625,9887744
2026-08-27 10:22:00+00:00,79955.0390625,79955.0390625,80022.0625,79955.0390625,80015.5390625,0
2026-08-27 10:23:00+00:00,79863.8828125,79863.8828125,79961.296875,79863.8828125,79955.03125,47400960
2026-08-27 10:24:00+00:00,79805.8125,79805.8125,79849.7578125,79775.640625,79849.7578125,7251968
2026-08-27 10:25:00+00:00,79716.1484375,79716.1484375,79803.1171875,79708.5078125,79784.2421875,0
2026-08-27 10:26:00+00:00,79463.1484375,79463.1484375,79737.8203125,79346.609375,79737.8203125,0
2026-08-27 10:27:00+00:00,79613.9765625,79613.9765625,79613.9765625,79488.4765625,79492.3828125,17297408
2026-08-27 10:28:00+00:00,79639.21875,79639.21875,79676.34375,79633.6015625,79633.6015625,0
2026-08-27 10:29:00+00:00,79667.171875,79667.171875,79692.1875,79649.078125,79655.5,0
2026-08-27 10:30:00+00:00,79599.7734375,79599.7734375,79650.046875,79551.2890625,79650.046875,103462912
2026-08-27 10:31:00+00:00,79614.8515625,79614.8515625,79665.2421875,79605.0,79621.1015625,0
2026-08-27 10:32:00+00:00,79664.8203125,79664.8203125,79664.8203125,79619.5,79628.0078125,165967872
2026-08-27 10:33:00+00:00,79648.09375,79648.09375,79675.0,79643.1171875,79668.640625,33058816
2026-08-27 10:34:00+00:00,79619.5,79619.5,79658.9296875,79619.5,79644.1875,0
2026-08-27 10:35:00+00:00,79570.203125,79570.203125,79635.96875,79570.203125,79598.09375,684032
2026-08-27 10:36:00+00:00,79454.6171875,79454.6171875,79573.9765625,79427.9609375,79573.9765625,0
2026-08-27 10:37:00+00:00,79440.0,79440.0,79464.8515625,79360.7890625,79430.0,2029568
2026-08-27 10:38:00+00:00,79492.1328125,79492.1328125,79492.1328125,79404.1875,79432.171875,0
2026-08-27 10:39:00+00:00,79453.6484375,79453.6484375,79502.9921875,79453.359375,79486.40625,97482752
2026-08-27 10:40:00+00:00,79546.6796875,79546.6796875,79546.6796875,79450.3125,79453.65625,13406208
2026-08-27 10:41:00+00:00,79597.4765625,79597.4765625,79597.4765625,79541.703125,79554.9921875,0
2026-08-27 10:42:00+00:00,79599.7734375,79599.7734375,79599.78125,79573.2421875,79597.4765625,235022336
2026-08-27 10:43:00+00:00,79641.796875,79641.796875,79647.1875,79595.0078125,79595.6171875,0
2026-08-27 10:44:00+00:00,79602.3671875,79602.3671875,79641.7890625,79602.3671875,79641.7890625,28334080
2026-08-27 10:45:00+00:00,79585.1015625,79585.1015625,79613.296875,79585.046875,79602.3671875,0
2026-08-27 10:46:00+00:00,79601.6328125,79601.6328125,79601.6328125,79580.0625,79580.0625,5273600
2026-08-27 10:47:00+00:00,79501.5234375,79501.5234375,79613.296875,79501.5234375,79607.296875,0
2026-08-27 10:48:00+00:00,79517.2890625,79517.2890625,79526.9921875,79494.046875,79494.046875,0
2026-08-27 10:49:00+00:00,79530.0078125,79530.0078125,79564.8203125,79517.2890625,79517.296875,0
2026-08-27 10:50:00+00:00,79543.25,79543.25,79543.2578125,79504.953125,79517.3984375,115283968
2026-08-27 10:51:00+00:00,79518.6328125,79518.6328125,79557.1328125,79511.046875,79546.7578125,3672064
2026-08-27 10:52:00+00:00,79593.078125,79593.078125,79615.25,79518.6328125,79518.6328125,0
2026-08-27 10:53:00+00:00,79601.9609375,79601.9609375,79627.4921875,79589.9296875,79597.7734375,0
2026-08-27 10:54:00+00:00,79599.0234375,79599.0234375,79599.3515625,79577.3984375,79589.9765625,0
2026-08-27 10:55:00+00:00,79570.7109375,79570.7109375,79570.71875,79558.0390625,79570.2421875,0
2026-08-27 10:56:00+00:00,79556.453125,79556.453125,79575.390625,79556.453125,79575.390625,0
2026-08-27 10:57:00+00:00,79588.5234375,79588.5234375,79597.5390625,79540.640625,79550.4921875,0
2026-08-27 10:58:00+00:00,79581.65625,79581.65625,79599.21875,79570.203125,79580.4609375,9449472
2026-08-27 10:59:00+00:00,79619.4921875,79619.4921875,79619.4921875,79573.7890625,79583.0703125,0
2026-08-27 11:00:00+00:00,79583.21875,79583.21875,79617.9921875,79560.3515625,79617.9921875,42631168
2026-08-27 11:01:00+00:00,79638.3984375,79638.3984375,79647.1875,79591.6015625,79615.578125,0
2026-08-27 11:02:00+00:00,79625.9296875,79625.9296875,79664.296875,79624.609375,79624.609375,0
2026-08-27 11:03:00+00:00,79673.5234375,79673.5234375,79698.3671875,79658.9296875,79658.9296875,0
2026-08-27 11:04:00+00:00,79702.546875,79702.546875,79726.8515625,79672.2578125,79672.2578125,0
2026-08-27 11:05:00+00:00,79696.1484375,79696.1484375,79698.3671875,79638.0234375,79678.65625,64507904
2026-08-27 11:06:00+00:00,79666.1875,79666.1875,79708.2265625,79654.59375,79708.2265625,0
2026-08-27 11:07:00+00:00,79701.2109375,79701.2109375,79705.6328125,79666.203125,79666.203125,0
2026-08-27 11:08:00+00:00,79668.2421875,79668.2421875,79701.2109375,79658.9609375,79701.2109375,4550656
2026-08-27 11:09:00+00:00,79670.4921875,79670.4921875,79714.5,79668.2265625,79668.2265625,0
2026-08-27 11:10:00+00:00,79691.890625,79691.890625,79703.6875,79670.4921875,79670.4921875,0
2026-08-27 11:11:00+00:00,79645.296875,79645.296875,79691.8984375,79645.296875,79691.8984375,69838848
2026-08-27 11:12:00+00:00,79667.859375,79667.859375,79667.8671875,79644.9609375,79647.28125,0
2026-08-27 11:13:00+00:00,79708.2265625,79708.2265625,79708.2265625,79658.5234375,79667.859375,2682880
2026-08-27 11:14:00+00:00,79757.53125,79757.53125,79757.53125,79697.7421875,79701.1328125,0
2026-08-27 11:15:00+00:00,79732.90625,79732.90625,79755.0,79732.90625,79752.328125,0
2026-08-27 11:16:00+00:00,79747.8984375,79747.8984375,79753.15625,79737.5234375,79752.0703125,0
2026-08-27 11:17:00+00:00,79672.4296875,79672.4296875,79747.8984375,79668.796875,79747.8984375,87115776
2026-08-27 11:18:00+00:00,79651.5390625,79651.5390625,79686.421875,79631.9296875,79672.4296875,0
2026-08-27 11:19:00+00:00,79680.2265625,79680.2265625,79684.1328125,79647.46875,79647.46875,0
2026-08-27 11:20:00+00:00,79735.4765625,79735.4765625,79735.4765625,79677.0390625,79678.65625,11122688
2026-08-27 11:21:00+00:00,79708.2265625,79708.2265625,79776.90625,79681.40625,79739.9375,53035008
2026-08-27 11:22:00+00:00,79734.359375,79734.359375,79734.359375,79699.9921875,79727.953125,0
2026-08-27 11:23:00+00:00,79733.7109375,79733.7109375,79747.671875,79728.9296875,79732.40625,35184640
2026-08-27 11:24:00+00:00,79744.7265625,79744.7265625,79747.671875,79733.7109375,79733.7109375,0
2026-08-27 11:25:00+00:00,79738.0078125,79738.0078125,79752.9296875,79722.859375,79744.7265625,10424320
2026-08-27 11:26:00+00:00,79589.921875,79589.921875,79750.796875,79589.921875,79750.796875,0
2026-08-27 11:27:00+00:00,79541.5,79541.5,79589.7890625,79541.5,79565.0,0
2026-08-27 11:28:00+00:00,79556.90625,79556.90625,79560.328125,79501.1796875,79531.3671875,0
2026-08-27 11:29:00+00:00,79529.8828125,79529.8828125,79550.0,79514.640625,79522.3828125,0
2026-08-27 11:30:00+00:00,79424.9296875,79424.9296875,79524.09375,79424.9296875,79520.0078125,5722112
2026-08-27 11:31:00+00:00,79451.8828125,79451.8828125,79475.59375,79409.7421875,79438.2890625,0
2026-08-27 11:32:00+00:00,79451.8671875,79451.8671875,79453.6328125,79384.4921875,79451.8828125,35577856
2026-08-27 11:33:00+00:00,79560.34375,79560.34375,79560.34375,79452.8984375,79452.8984375,0
2026-08-27 11:34:00+00:00,79520.96875,79520.96875,79557.8125,79516.84375,79543.0,2179072
2026-08-27 11:35:00+00:00,79513.078125,79513.078125,79527.0703125,79463.5234375,79520.96875,0
2026-08-27 11:36:00+00:00,79451.8828125,79451.8828125,79533.9375,79446.8515625,79508.8828125,0
2026-08-27 11:37:00+00:00,79441.1171875,79441.1171875,79457.2109375,79372.1484375,79453.4609375,0
2026-08-27 11:38:00+00:00,79420.8671875,79420.8671875,79467.578125,79402.578125,79450.5,868999168
2026-08-27 11:39:00+00:00,79408.7890625,79408.7890625,79442.0078125,79408.7890625,79426.703125,0
2026-08-27 11:40:00+00:00,79391.2421875,79391.2421875,79427.1015625,79391.2421875,79409.921875,0
2026-08-27 11:41:00+00:00,79428.671875,79428.671875,79432.1484375,79388.75,79388.75,0
2026-08-27 11:42:00+00:00,79421.34375,79421.34375,79423.859375,79385.8125,79423.109375,1875968
2026-08-27 11:43:00+00:00,79436.609375,79436.609375,79440.421875,79426.8828125,79426.8828125,0
2026-08-27 11:44:00+00:00,79429.109375,79429.109375,79446.421875,79428.859375,79446.421875,0
2026-08-27 11:45:00+00:00,79442.71875,79442.71875,79469.9921875,79414.203125,79423.03125,104781824
2026-08-27 11:46:00+00:00,79432.1484375,79432.1484375,79458.5,79412.4375,79445.7734375,0
2026-08-27 11:47:00+00:00,79451.8671875,79451.8671875,79461.4296875,79432.1484375,79432.15625,10156032
2026-08-27 11:48:00+00:00,79432.15625,79432.15625,79463.0,79432.15625,79443.7109375,0
2026-08-27 11:49:00+00:00,79385.828125,79385.828125,79437.796875,79385.828125,79436.1171875,7927808
2026-08-27 11:50:00+00:00,79360.8828125,79360.8828125,79410.0234375,79360.8828125,79410.0234375,18309120
2026-08-27 11:51:00+00:00,79330.0703125,79330.0703125,79339.9609375,79217.7734375,79326.0,0
2026-08-27 11:52:00+00:00,79383.640625,79383.640625,79389.203125,79344.71875,79344.71875,0
2026-08-27 11:53:00+00:00,79456.34375,79456.34375,79456.34375,79390.296875,79390.296875,0
2026-08-27 11:54:00+00:00,79488.109375,79488.109375,79488.1171875,79462.53125,79462.53125,0
2026-08-27 11:55:00+00:00,79498.921875,79498.921875,79498.921875,79466.546875,79488.3984375,38959104
2026-08-27 11:56:00+00:00,79485.7109375,79485.7109375,79497.328125,79464.3125,79497.328125,127289344
2026-08-27 11:57:00+00:00,79481.6328125,79481.6328125,79489.703125,79480.34375,79480.828125,0
2026-08-27 11:58:00+00:00,79480.9296875,79480.9296875,79489.703125,79480.9296875,79481.640625,821248
2026-08-27 11:59:00+00:00,79476.34375,79476.34375,79476.3515625,79469.0234375,79475.34375,43384832
2026-08-27 12:00:00+00:00,79514.7265625,79514.7265625,79526.8125,79475.5,79475.5,0
2026-08-27 12:01:00+00:00,79507.8125,79507.8125,79517.921875,79481.890625,79513.953125,2451456
2026-08-27 12:02:00+00:00,79487.6484375,79487.6484375,79488.59375,79425.0078125,79488.59375,0
2026-08-27 12:03:00+00:00,79458.953125,79458.953125,79488.6015625,79440.4765625,79488.6015625,0
2026-08-27 12:04:00+00:00,79427.5390625,79427.5390625,79458.9609375,79427.5390625,79458.9609375,0
2026-08-27 12:05:00+00:00,79419.3515625,79419.3515625,79450.40625,79396.859375,79434.8515625,15546368
2026-08-27 12:06:00+00:00,79390.78125,79390.78125,79450.421875,79390.78125,79424.0625,0
2026-08-27 12:07:00+00:00,79380.84375,79380.84375,79394.9765625,79380.84375,79390.78125,0
2026-08-27 12:08:00+00:00,79364.0078125,79364.0078125,79400.7109375,79364.0078125,79380.84375,0
2026-08-27 12:09:00+00:00,79424.9609375,79424.9609375,79430.53125,79364.0,79364.0,0
2026-08-27 12:10:00+00:00,79460.9296875,79460.9296875,79462.671875,79445.5234375,79447.1875,0
2026-08-27 12:11:00+00:00,79539.8125,79539.8125,79552.7890625,79468.4765625,79468.4765625,201793536
2026-08-27 12:12:00+00:00,79508.3125,79508.3125,79533.7109375,79505.0078125,79518.2421875,0
2026-08-27 12:13:00+00:00,79469.34375,79469.34375,79505.0234375,79445.5234375,79505.0234375,0
2026-08-27 12:14:00+00:00,79490.9609375,79490.9609375,79510.046875,79480.2421875,79480.2421875,0
2026-08-27 12:15:00+00:00,79513.5703125,79513.5703125,79546.921875,79490.9609375,79490.9609375,0
2026-08-27 12:16:00+00:00,79472.28125,79472.28125,79513.6796875,79472.28125,79513.6796875,0
2026-08-27 12:17:00+00:00,79431.0,79431.0,79468.9609375,79425.0078125,79468.453125,0
2026-08-27 12:18:00+00:00,79395.453125,79395.453125,79444.84375,79395.453125,79444.84375,0
2026-08-27 12:19:00+00:00,79398.7265625,79398.7265625,79415.9921875,79390.7890625,79395.453125,0
2026-08-27 12:20:00+00:00,79450.46875,79450.46875,79453.4765625,79391.703125,79391.703125,8294400
2026-08-27 12:21:00+00:00,79483.390625,79483.390625,79483.390625,79435.4921875,79450.46875,4763648
2026-08-27 12:22:00+00:00,79515.78125,79515.78125,79515.78125,79480.2265625,79485.96875,0
2026-08-27 12:23:00+00:00,79505.0078125,79505.0078125,79529.0078125,79500.1171875,79519.609375,120901632
2026-08-27 12:24:00+00:00,79536.96875,79536.96875,79536.96875,79487.8125,79505.0,2881536
2026-08-27 12:25:00+00:00,79554.359375,79554.359375,79554.359375,79532.7421875,79536.9609375,0
2026-08-27 12:26:00+00:00,79561.421875,79561.421875,79561.421875,79541.34375,79560.4765625,0
2026-08-27 12:27:00+00:00,79577.75,79577.75,79577.75,79551.5703125,79563.0234375,0
2026-08-27 12:28:00+00:00,79550.140625,79550.140625,79577.75,79546.828125,79570.2421875,1165312
2026-08-27 12:29:00+00:00,79548.0625,79548.0625,79553.2265625,79543.5,79550.140625,0
2026-08-27 12:30:00+00:00,79523.9765625,79523.9765625,79531.0078125,79502.8515625,79531.0,6199296
2026-08-27 12:31:00+00:00,79510.078125,79510.078125,79534.4609375,79500.0,79529.9296875,0
2026-08-27 12:32:00+00:00,79460.9921875,79460.9921875,79500.1328125,79460.9921875,79500.1328125,0
2026-08-27 12:33:00+00:00,79416.90625,79416.90625,79472.171875,79413.84375,79471.8828125,0
2026-08-27 12:34:00+00:00,79403.4296875,79403.4296875,79417.1171875,79394.90625,79403.4375,0
2026-08-27 12:35:00+00:00,79305.25,79305.25,79391.3515625,79305.25,79381.5625,0
2026-08-27 12:36:00+00:00,79275.0078125,79275.0078125,79344.5,79275.0078125,79313.328125,0
2026-08-27 12:37:00+00:00,79303.7578125,79303.7578125,79306.96875,79268.6328125,79288.5078125,0
2026-08-27 12:38:00+00:00,79314.640625,79314.640625,79322.8203125,79277.46875,79294.5078125,0
2026-08-27 12:39:00+00:00,79353.0234375,79353.0234375,79378.78125,79327.4921875,79327.4921875,0
2026-08-27 12:40:00+00:00,79338.859375,79338.859375,79360.296875,79335.046875,79344.3984375,0
2026-08-27 12:41:00+00:00,79330.1875,79330.1875,79344.2734375,79317.0078125,79340.0703125,0
2026-08-27 12:42:00+00:00,79310.5390625,79310.5390625,79330.1796875,79294.0390625,79330.1796875,70254592
2026-08-27 12:43:00+00:00,79285.28125,79285.28125,79310.5390625,79285.28125,79310.5390625,3207168
2026-08-27 12:44:00+00:00,79259.4609375,79259.4609375,79285.2890625,79256.1796875,79285.28125,0
2026-08-27 12:45:00+00:00,79285.2890625,79285.2890625,79285.2890625,79276.5,79276.5,1251328
2026-08-27 12:46:00+00:00,79311.25,79311.25,79311.2578125,79297.28125,79297.28125,0
2026-08-27 12:47:00+00:00,79265.671875,79265.671875,79311.2578125,79261.5625,79311.2578125,0
2026-08-27 12:48:00+00:00,79293.328125,79293.328125,79293.328125,79262.84375,79262.84375,0
2026-08-27 12:49:00+00:00,79307.6875,79307.6875,79311.2578125,79291.796875,79293.328125,0
2026-08-27 12:50:00+00:00,79321.1875,79321.1875,79321.1875,79293.0078125,79307.6875,0
2026-08-27 12:51:00+00:00,79303.890625,79303.890625,79349.6796875,79297.453125,79342.1015625,0
2026-08-27 12:52:00+00:00,79289.78125,79289.78125,79308.171875,79283.96875,79308.171875,1931264
2026-08-27 12:53:00+00:00,79273.7890625,79273.7890625,79273.7890625,79259.40625,79273.78125,0
2026-08-27 12:54:00+00:00,79284.0234375,79284.0234375,79291.1015625,79275.3203125,79275.3203125,0
2026-08-27 12:55:00+00:00,79281.3828125,79281.3828125,79311.2578125,79273.0,79273.0,0
2026-08-27 12:56:00+00:00,79283.921875,79283.921875,79290.4296875,79276.078125,79276.078125,0
2026-08-27 12:57:00+00:00,79285.7578125,79285.7578125,79290.421875,79285.03125,79285.03125,0
2026-08-27 12:58:00+00:00,79281.3828125,79281.3828125,79302.421875,79281.3828125,79285.7578125,1757184
2026-08-27 12:59:00+00:00,79276.0703125,79276.0703125,79279.5703125,79252.9375,79279.5703125,0
2026-08-27 13:00:00+00:00,79288.7890625,79288.7890625,79321.1875,79272.5,79272.5,0
2026-08-27 13:01:00+00:00,79315.5,79315.5,79315.5,79281.9921875,79288.0234375,0
2026-08-27 13:02:00+00:00,79303.609375,79303.609375,79316.296875,79296.0078125,79316.2734375,0
2026-08-27 13:03:00+00:00,79291.1171875,79291.1171875,79317.0,79282.59375,79309.390625,0
2026-08-27 13:04:00+00:00,79271.5,79271.5,79298.59375,79271.5,79281.4375,0
2026-08-27 13:05:00+00:00,79295.8984375,79295.8984375,79295.8984375,79251.6171875,79271.5078125,0
2026-08-27 13:06:00+00:00,79314.46875,79314.46875,79314.46875,79290.0,79295.90625,4569088
2026-08-27 13:07:00+00:00,79341.328125,79341.328125,79348.4921875,79306.046875,79306.046875,0
2026-08-27 13:08:00+00:00,79348.328125,79348.328125,79373.3203125,79331.1328125,79341.328125,0
2026-08-27 13:09:00+00:00,79273.9375,79273.9375,79363.75,79273.9375,79345.890625,0
2026-08-27 13:10:00+00:00,79303.40625,79303.40625,79342.5,79274.0625,79280.7578125,0
2026-08-27 13:11:00+00:00,79318.4765625,79318.4765625,79318.953125,79271.5,79318.4296875,0
2026-08-27 13:12:00+00:00,79339.3515625,79339.3515625,79341.0,79318.25,79333.4765625,0
2026-08-27 13:13:00+00:00,79371.2265625,79371.2265625,79371.2265625,79331.140625,79339.3515625,0
2026-08-27 13:14:00+00:00,79354.953125,79354.953125,79357.5078125,79331.1484375,79356.5078125,0
2026-08-27 13:15:00+00:00,79400.7109375,79400.7109375,79404.421875,79369.59375,79387.4296875,0
2026-08-27 13:16:00+00:00,79385.09375,79385.09375,79416.8671875,79382.0,79382.0,0
2026-08-27 13:17:00+00:00,79335.0,79335.0,79380.8515625,79335.0,79380.8515625,0
2026-08-27 13:18:00+00:00,79311.2734375,79311.2734375,79355.0078125,79311.2734375,79335.0,35043328
2026-08-27 13:19:00+00:00,79319.2734375,79319.2734375,79343.5390625,79316.4921875,79327.328125,0
2026-08-27 13:20:00+00:00,79361.9765625,79361.9765625,79361.9765625,79313.7890625,79315.0,6823936
2026-08-27 13:21:00+00:00,79361.2421875,79361.2421875,79382.3515625,79347.03125,79360.390625,0
2026-08-27 13:22:00+00:00,79380.0078125,79380.0078125,79380.0078125,79353.09375,79368.578125,0
2026-08-27 13:23:00+00:00,79424.9921875,79424.9921875,79424.9921875,79371.328125,79393.796875,165023744
2026-08-27 13:24:00+00:00,79407.7109375,79407.7109375,79429.921875,79400.71875,79429.921875,0
2026-08-27 13:25:00+00:00,79441.9609375,79441.9609375,79447.8203125,79378.4921875,79381.171875,2164736
2026-08-27 13:26:00+00:00,79488.109375,79488.109375,79488.1171875,79450.3828125,79450.3828125,0
2026-08-27 13:27:00+00:00,79440.46875,79440.46875,79472.859375,79408.5078125,79460.3828125,0
2026-08-27 13:28:00+00:00,79384.6328125,79384.6328125,79416.171875,79384.6328125,79415.4765625,0
2026-08-27 13:29:00+00:00,79346.84375,79346.84375,79384.640625,79343.21875,79384.640625,9646080
2026-08-27 13:30:00+00:00,79331.9296875,79331.9296875,79335.9921875,79231.7421875,79335.9921875,0
2026-08-27 13:31:00+00:00,79152.21875,79152.21875,79345.7890625,79152.21875,79345.7890625,0
2026-08-27 13:32:00+00:00,79139.859375,79139.859375,79214.90625,79103.8671875,79148.921875,0
2026-08-27 13:33:00+00:00,79209.3515625,79209.3515625,79209.3515625,79092.578125,79146.7890625,0
2026-08-27 13:34:00+00:00,79155.9375,79155.9375,79235.8125,79113.9609375,79235.8125,9224192
2026-08-27 13:35:00+00:00,79190.671875,79190.671875,79190.671875,79136.390625,79158.5703125,0
2026-08-27 13:36:00+00:00,79211.859375,79211.859375,79241.9921875,79189.640625,79195.5,0
2026-08-27 13:37:00+00:00,79189.109375,79189.109375,79239.0,79150.4296875,79239.0,124928
2026-08-27 13:38:00+00:00,79241.71875,79241.71875,79268.2734375,79171.46875,79199.9921875,0
2026-08-27 13:39:00+00:00,79263.6875,79263.6875,79263.6875,79199.65625,79222.140625,0
2026-08-27 13:40:00+00:00,79210.8828125,79210.8828125,79269.3828125,79161.6796875,79269.3828125,0
2026-08-27 13:41:00+00:00,79196.328125,79196.328125,79280.09375,79180.0,79236.0390625,0
2026-08-27 13:42:00+00:00,79252.25,79252.25,79263.0078125,79145.0,79188.25,0
2026-08-27 13:43:00+00:00,79268.75,79268.75,79276.3828125,79256.8671875,79264.0,120010752
2026-08-27 13:44:00+00:00,79239.25,79239.25,79331.140625,79218.0,79268.75,2533376
2026-08-27 13:45:00+00:00,79319.34375,79319.34375,79319.4765625,79212.8515625,79255.859375,33699840
2026-08-27 13:46:00+00:00,79296.28125,79296.28125,79345.2734375,79291.421875,79329.0,5193728
2026-08-27 13:47:00+00:00,79137.5,79137.5,79309.9375,79137.046875,79295.7578125,0
2026-08-27 13:48:00+00:00,79004.9921875,79004.9921875,79137.3203125,78921.5,79126.15625,0
2026-08-27 13:49:00+00:00,79038.96875,79038.96875,79059.4296875,78975.40625,79059.4296875,0
2026-08-27 13:50:00+00:00,79171.15625,79171.15625,79171.15625,79070.9921875,79070.9921875,0
2026-08-27 13:51:00+00:00,79203.09375,79203.09375,79237.3984375,79173.1328125,79181.9921875,0
2026-08-27 13:52:00+00:00,79332.7734375,79332.7734375,79332.7734375,79230.2109375,79230.2109375,25286656
2026-08-27 13:53:00+00:00,79300.5,79300.5,79332.078125,79295.9765625,79315.5234375,15226880
2026-08-27 13:54:00+00:00,79314.578125,79314.578125,79331.1328125,79257.0078125,79292.46875,136914944
2026-08-27 13:55:00+00:00,79445.3984375,79445.3984375,79445.3984375,79333.7734375,79341.0390625,8480768
2026-08-27 13:56:00+00:00,79410.0,79410.0,79491.140625,79404.859375,79431.0078125,0
2026-08-27 13:57:00+00:00,79470.2890625,79470.2890625,79474.3828125,79360.9921875,79385.9765625,145811456
2026-08-27 13:58:00+00:00,79529.5234375,79529.5234375,79529.5234375,79436.2734375,79465.0078125,0
2026-08-27 13:59:00+00:00,79533.0,79533.0,79553.9921875,79523.59375,79550.0,0
2026-08-27 14:00:00+00:00,79511.6015625,79511.6015625,79561.46875,79511.6015625,79533.1171875,0
2026-08-27 14:01:00+00:00,79502.1015625,79502.1015625,79502.1015625,79445.0,79456.390625,11505664
2026-08-27 14:02:00+00:00,79617.453125,79617.453125,79619.390625,79502.1015625,79502.1015625,0
2026-08-27 14:03:00+00:00,79627.5,79627.5,79637.9921875,79604.3671875,79620.046875,0
2026-08-27 14:04:00+00:00,79698.0703125,79698.0703125,79722.75,79645.859375,79678.421875,31348736
2026-08-27 14:05:00+00:00,79759.7421875,79759.7421875,79799.4296875,79707.1484375,79712.5390625,0
2026-08-27 14:06:00+00:00,79583.6796875,79583.6796875,79781.90625,79583.6796875,79774.359375,0
2026-08-27 14:07:00+00:00,79615.84375,79615.84375,79644.7578125,79560.1875,79590.03125,50714624
2026-08-27 14:08:00+00:00,79480.2421875,79480.2421875,79590.0,79480.2421875,79590.0,0
2026-08-27 14:09:00+00:00,79505.9296875,79505.9296875,79539.890625,79478.796875,79539.890625,0
2026-08-27 14:10:00+00:00,79416.859375,79416.859375,79485.0,79416.859375,79485.0,40839168
2026-08-27 14:11:00+00:00,79430.5390625,79430.5390625,79435.0078125,79386.6171875,79404.7421875,0
2026-08-27 14:12:00+00:00,79392.2734375,79392.2734375,79431.328125,79353.2109375,79421.1328125,164413440
2026-08-27 14:13:00+00:00,79457.9921875,79457.9921875,79457.9921875,79365.8125,79428.5390625,0
2026-08-27 14:14:00+00:00,79435.8203125,79435.8203125,79463.9765625,79408.6796875,79463.9765625,4958208
2026-08-27 14:15:00+00:00,79454.3984375,79454.3984375,79470.0390625,79434.6171875,79470.0390625,0
2026-08-27 14:16:00+00:00,79486.203125,79486.203125,79486.203125,79420.6015625,79470.328125,37079040
2026-08-27 14:17:00+00:00,79560.6875,79560.6875,79574.78125,79499.9765625,79499.9765625,53354496
2026-08-27 14:18:00+00:00,79667.3125,79667.3125,79667.3125,79560.0,79564.0625,0
2026-08-27 14:19:00+00:00,79712.109375,79712.109375,79715.9921875,79650.0234375,79650.0234375,2312192
2026-08-27 14:20:00+00:00,79778.4375,79778.4375,79801.0703125,79699.8125,79699.8125,0
2026-08-27 14:21:00+00:00,79749.1875,79749.1875,79799.7734375,79684.890625,79799.7734375,0
2026-08-27 14:22:00+00:00,79890.7890625,79890.7890625,79906.421875,79739.2265625,79739.2265625,0
2026-08-27 14:23:00+00:00,79820.34375,79820.34375,79914.5,79795.0703125,79896.2265625,0
2026-08-27 14:24:00+00:00,79807.5078125,79807.5078125,79824.0078125,79768.5,79819.4375,0
2026-08-27 14:25:00+00:00,79800.8125,79800.8125,79811.453125,79781.359375,79802.4375,33703936
2026-08-27 14:26:00+00:00,79815.3828125,79815.3828125,79828.9921875,79796.7421875,79812.8671875,0
2026-08-27 14:27:00+00:00,79807.6015625,79807.6015625,79829.0703125,79802.359375,79829.0703125,35184640
2026-08-27 14:28:00+00:00,79831.296875,79831.296875,79833.5,79808.3125,79821.0390625,0
2026-08-27 14:29:00+00:00,79920.75,79920.75,79920.75,79826.7734375,79835.296875,160346112
2026-08-27 14:30:00+00:00,79829.0390625,79829.0390625,79926.5390625,79825.0390625,79922.828125,0
2026-08-27 14:31:00+00:00,79962.703125,79962.703125,79963.5078125,79851.09375,79851.09375,0
2026-08-27 14:32:00+00:00,79876.1875,79876.1875,79958.96875,79876.1875,79935.28125,0
2026-08-27 14:33:00+00:00,79874.640625,79874.640625,79880.9921875,79816.1875,79877.84375,17815552
2026-08-27 14:34:00+00:00,79961.4296875,79961.4296875,79975.0,79920.0,79920.0,10610688
2026-08-27 14:35:00+00:00,79990.0,79990.0,80050.328125,79968.0703125,79968.0703125,0
2026-08-27 14:36:00+00:00,80201.15625,80201.15625,80201.15625,80023.609375,80026.9375,95139840
2026-08-27 14:37:00+00:00,80098.203125,80098.203125,80186.578125,80089.7734375,80186.578125,3536896
2026-08-27 14:38:00+00:00,80244.6328125,80244.6328125,80265.0078125,80126.703125,80137.1015625,3112960
2026-08-27 14:39:00+00:00,80214.0,80214.0,80270.4765625,80212.5234375,80243.140625,0
2026-08-27 14:40:00+00:00,80218.4765625,80218.4765625,80225.7421875,80166.9609375,80225.7421875,0
2026-08-27 14:41:00+00:00,80300.0,80300.0,80300.0,80208.828125,80208.828125,25153536
2026-08-27 14:42:00+00:00,80380.453125,80380.453125,80390.9921875,80305.953125,80333.109375,117932032
2026-08-27 14:43:00+00:00,80372.453125,80372.453125,80372.453125,80321.171875,80368.1328125,0
2026-08-27 14:44:00+00:00,80371.0078125,80371.0078125,80406.109375,80352.421875,80375.75,0
2026-08-27 14:45:00+00:00,80299.5390625,80299.5390625,80359.0625,80258.1796875,80345.0234375,74117120
2026-08-27 14:46:00+00:00,80243.609375,80243.609375,80285.3828125,80243.609375,80272.640625,5081088
2026-08-27 14:47:00+00:00,80050.78125,80050.78125,80229.34375,80050.78125,80224.546875,0
2026-08-27 14:48:00+00:00,80108.7734375,80108.7734375,80108.7734375,80055.59375,80083.6796875,63483904
2026-08-27 14:49:00+00:00,80112.2265625,80112.2265625,80146.2109375,80091.40625,80146.2109375,0
2026-08-27 14:50:00+00:00,80147.25,80147.25,80160.171875,80117.40625,80127.8984375,82208768
2026-08-27 14:51:00+00:00,80186.8125,80186.8125,80187.7890625,80128.4375,80185.9765625,0
2026-08-27 14:52:00+00:00,80102.4375,80102.4375,80218.4921875,80102.4375,80188.2578125,39278592
2026-08-27 14:53:00+00:00,80116.3984375,80116.3984375,80129.5234375,80086.578125,80118.421875,0
2026-08-27 14:54:00+00:00,80073.3203125,80073.3203125,80144.8984375,80073.3203125,80144.8984375,0
2026-08-27 14:55:00+00:00,80088.1796875,80088.1796875,80116.5625,80066.859375,80085.5703125,32507904
2026-08-27 14:56:00+00:00,80174.71875,80174.71875,80176.0234375,80077.1328125,80099.5078125,0
2026-08-27 14:57:00+00:00,80195.9296875,80195.9296875,80222.2734375,80161.796875,80180.078125,11423744
2026-08-27 14:58:00+00:00,80239.90625,80239.90625,80241.5,80206.6328125,80206.6328125,0
2026-08-27 14:59:00+00:00,80221.296875,80221.296875,80266.75,80200.0078125,80233.078125,103452672
2026-08-27 15:00:00+00:00,80240.9765625,80240.9765625,80240.9765625,80195.8671875,80221.4375,0
2026-08-27 15:01:00+00:00,80329.453125,80329.453125,80329.96875,80229.71875,80229.71875,38514688
2026-08-27 15:02:00+00:00,80241.5703125,80241.5703125,80342.40625,80223.8671875,80341.5390625,0
2026-08-27 15:03:00+00:00,80144.421875,80144.421875,80245.2578125,80144.421875,80244.1796875,0
2026-08-27 15:04:00+00:00,80224.1015625,80224.1015625,80224.1015625,80116.5234375,80134.5,0
2026-08-27 15:05:00+00:00,80369.1171875,80369.1171875,80369.1171875,80212.9921875,80217.546875,0
2026-08-27 15:06:00+00:00,80295.328125,80295.328125,80392.2734375,80295.328125,80392.2734375,0
2026-08-27 15:07:00+00:00,80193.0,80193.0,80335.7421875,80193.0,80303.1484375,0
2026-08-27 15:08:00+00:00,80253.71875,80253.71875,80280.0,80164.84375,80164.84375,0
2026-08-27 15:09:00+00:00,80339.2265625,80339.2265625,80339.2265625,80254.40625,80291.859375,0
2026-08-27 15:10:00+00:00,80295.4609375,80295.4609375,80364.8984375,80295.4609375,80340.2578125,0
2026-08-27 15:11:00+00:00,80364.90625,80364.90625,80386.1796875,80317.9375,80317.9375,25055232
2026-08-27 15:12:00+00:00,80437.8828125,80437.8828125,80437.8828125,80364.8984375,80377.390625,0
2026-08-27 15:13:00+00:00,80742.6171875,80742.6171875,80799.0,80520.4609375,80520.4609375,0
2026-08-27 15:14:00+00:00,80692.921875,80692.921875,80778.0,80663.109375,80770.6328125,105971712
2026-08-27 15:15:00+00:00,80634.9765625,80634.9765625,80707.2890625,80634.9765625,80707.2890625,58546176
2026-08-27 15:16:00+00:00,80541.6796875,80541.6796875,80641.4296875,80471.5703125,80641.4296875,21434368
2026-08-27 15:17:00+00:00,80721.1796875,80721.1796875,80721.1796875,80537.6796875,80537.6796875,0
2026-08-27 15:18:00+00:00,80633.28125,80633.28125,80745.3125,80633.28125,80737.96875,140310528
2026-08-27 15:19:00+00:00,80658.859375,80658.859375,80697.25,80633.2578125,80647.4765625,1402880
2026-08-27 15:20:00+00:00,80589.8203125,80589.8203125,80631.0,80572.75,80625.0078125,0
2026-08-27 15:21:00+00:00,80471.0703125,80471.0703125,80647.0625,80438.6875,80623.328125,220176384
2026-08-27 15:22:00+00:00,80504.9296875,80504.9296875,80508.8203125,80451.9921875,80464.109375,0
2026-08-27 15:23:00+00:00,80549.3671875,80549.3671875,80557.171875,80451.75,80494.1171875,85088256
2026-08-27 15:24:00+00:00,80585.3671875,80585.3671875,80585.3671875,80504.0625,80547.03125,0
2026-08-27 15:25:00+00:00,80559.7890625,80559.7890625,80589.046875,80537.453125,80537.453125,36884480
2026-08-27 15:26:00+00:00,80576.953125,80576.953125,80582.578125,80558.9921875,80572.8671875,0
2026-08-27 15:27:00+00:00,80653.171875,80653.171875,80699.703125,80582.9296875,80582.9296875,143556608
2026-08-27 15:28:00+00:00,80643.9375,80643.9375,80654.4921875,80633.3203125,80635.53125,19593216
2026-08-27 15:29:00+00:00,80625.1875,80625.1875,80670.21875,80585.0,80647.75,0
2026-08-27 15:30:00+00:00,80536.1015625,80536.1015625,80623.4609375,80529.25,80623.4609375,41216000
2026-08-27 15:31:00+00:00,80488.6796875,80488.6796875,80540.0625,80474.2421875,80504.0625,16861184
2026-08-27 15:32:00+00:00,80504.046875,80504.046875,80504.046875,80439.671875,80480.9921875,82782208
2026-08-27 15:33:00+00:00,80503.5703125,80503.5703125,80503.5703125,80484.09375,80493.4609375,0
2026-08-27 15:34:00+00:00,80434.578125,80434.578125,80500.0078125,80424.9921875,80500.0078125,2027520
2026-08-27 15:35:00+00:00,80478.0078125,80478.0078125,80480.9921875,80437.5,80455.3515625,15896576
2026-08-27 15:36:00+00:00,80420.0078125,80420.0078125,80492.5390625,80420.0078125,80472.7734375,12646400
2026-08-27 15:37:00+00:00,80474.2421875,80474.2421875,80505.0078125,80424.5390625,80457.0703125,0
2026-08-27 15:38:00+00:00,80478.0390625,80478.0390625,80528.40625,80454.359375,80484.15625,123910144
2026-08-27 15:39:00+00:00,80463.3125,80463.3125,80508.953125,80459.328125,80488.4296875,7241728
2026-08-27 15:40:00+00:00,80421.0078125,80421.0078125,80463.3125,80385.4765625,80463.3125,0
2026-08-27 15:41:00+00:00,80505.828125,80505.828125,80505.828125,80390.5234375,80409.0078125,71729152
2026-08-27 15:42:00+00:00,80523.8984375,80523.8984375,80523.8984375,80467.328125,80486.7578125,0
2026-08-27 15:43:00+00:00,80582.5625,80582.5625,80625.8984375,80500.1796875,80519.71875,0
2026-08-27 15:44:00+00:00,80508.5703125,80508.5703125,80581.4921875,80508.5703125,80558.5703125,0
2026-08-27 15:45:00+00:00,80412.28125,80412.28125,80514.0,80412.28125,80514.0,96114688
2026-08-27 15:46:00+00:00,80374.9609375,80374.9609375,80437.8828125,80351.9375,80437.8828125,0
2026-08-27 15:47:00+00:00,80332.046875,80332.046875,80377.453125,80332.046875,80375.9609375,66195456
2026-08-27 15:48:00+00:00,80346.6171875,80346.6171875,80364.90625,80321.84375,80321.84375,0
2026-08-27 15:49:00+00:00,80354.8203125,80354.8203125,80363.2421875,80343.34375,80343.34375,0
2026-08-27 15:50:00+00:00,80384.7890625,80384.7890625,80414.6015625,80358.1875,80358.1875,0
2026-08-27 15:51:00+00:00,80394.0078125,80394.0078125,80394.0078125,80305.5390625,80374.7578125,0
2026-08-27 15:52:00+00:00,80393.890625,80393.890625,80404.6484375,80371.0625,80394.59375,7077888
2026-08-27 15:53:00+00:00,80389.46875,80389.46875,80417.0,80374.84375,80405.0,0
2026-08-27 15:54:00+00:00,80406.796875,80406.796875,80406.8125,80354.453125,80391.46875,1339392
2026-08-27 15:55:00+00:00,80360.0,80360.0,80407.90625,80351.6484375,80398.2109375,0
2026-08-27 15:56:00+00:00,80365.796875,80365.796875,80405.75,80353.6875,80360.0,0
2026-08-27 15:57:00+00:00,80403.890625,80403.890625,80440.8828125,80379.7734375,80379.7734375,0
2026-08-27 15:58:00+00:00,80386.7265625,80386.7265625,80410.5625,80371.671875,80399.9921875,0
2026-08-27 15:59:00+00:00,80316.9609375,80316.9609375,80383.5,80313.6875,80383.5,183009280
2026-08-27 16:00:00+00:00,80320.96875,80320.96875,80368.828125,80319.21875,80332.359375,0
2026-08-27 16:01:00+00:00,80370.3203125,80370.3203125,80370.328125,80325.28125,80325.28125,0
2026-08-27 16:02:00+00:00,80384.78125,80384.78125,80384.78125,80325.1484375,80371.6875,0
2026-08-27 16:03:00+00:00,80420.953125,80420.953125,80420.953125,80375.2109375,80389.9609375,16402432
2026-08-27 16:04:00+00:00,80431.6796875,80431.6796875,80466.0625,80402.25,80425.359375,4478976
2026-08-27 16:05:00+00:00,80483.9921875,80483.9921875,80497.6328125,80423.09375,80438.59375,7788544
2026-08-27 16:06:00+00:00,80316.296875,80316.296875,80471.0390625,80316.296875,80471.0390625,0
2026-08-27 16:07:00+00:00,80235.6796875,80235.6796875,80322.09375,80235.6796875,80321.0078125,10047488
2026-08-27 16:08:00+00:00,80226.578125,80226.578125,80227.328125,80205.6328125,80227.328125,0
2026-08-27 16:09:00+00:00,80231.109375,80231.109375,80247.3984375,80210.7265625,80247.3984375,107233280
2026-08-27 16:10:00+00:00,80351.25,80351.25,80351.25,80239.203125,80239.203125,0
2026-08-27 16:11:00+00:00,80362.2421875,80362.2421875,80367.9765625,80326.796875,80326.796875,0
2026-08-27 16:12:00+00:00,80454.3515625,80454.3515625,80454.3515625,80367.5234375,80367.5234375,0
2026-08-27 16:13:00+00:00,80527.5234375,80527.5234375,80548.671875,80467.5078125,80467.5078125,0
2026-08-27 16:14:00+00:00,80451.5390625,80451.5390625,80514.0,80394.71875,80514.0,208961536
2026-08-27 16:15:00+00:00,80482.7109375,80482.7109375,80482.7109375,80430.0234375,80430.0234375,319488
2026-08-27 16:16:00+00:00,80466.0234375,80466.0234375,80506.4921875,80466.0234375,80499.0,0
2026-08-27 16:17:00+00:00,80537.7734375,80537.7734375,80537.7734375,80466.0234375,80466.0234375,0
2026-08-27 16:18:00+00:00,80504.0625,80504.0625,80539.4765625,80504.0625,80516.84375,0
2026-08-27 16:19:00+00:00,80500.7734375,80500.7734375,80532.0,80459.1796875,80504.0625,9015296
2026-08-27 16:20:00+00:00,80510.4609375,80510.4609375,80518.65625,80480.6875,80480.9296875,0
2026-08-27 16:21:00+00:00,80548.0703125,80548.0703125,80548.0703125,80478.6796875,80510.46875,34320384
2026-08-27 16:22:00+00:00,80484.1796875,80484.1796875,80540.7578125,80484.1796875,80535.0,0
2026-08-27 16:23:00+00:00,80496.1484375,80496.1484375,80513.21875,80477.9765625,80477.9765625,126826496
2026-08-27 16:24:00+00:00,80512.53125,80512.53125,80516.671875,80467.5078125,80485.0078125,2496512
2026-08-27 16:25:00+00:00,80514.2734375,80514.2734375,80567.0390625,80484.96875,80503.671875,0
2026-08-27 16:26:00+00:00,80516.7265625,80516.7265625,80528.9765625,80482.0390625,80492.9921875,117977088
2026-08-27 16:27:00+00:00,80542.9375,80542.9375,80558.078125,80529.2578125,80529.2578125,0
2026-08-27 16:28:00+00:00,80494.4765625,80494.4765625,80542.953125,80488.8828125,80542.953125,13557760
2026-08-27 16:29:00+00:00,80434.4921875,80434.4921875,80518.5,80423.6171875,80504.296875,0
2026-08-27 16:30:00+00:00,80374.84375,80374.84375,80437.53125,80341.3828125,80437.53125,87398400
2026-08-27 16:31:00+00:00,80376.703125,80376.703125,80397.75,80371.421875,80373.8125,0
2026-08-27 16:32:00+00:00,80367.7890625,80367.7890625,80420.1328125,80367.7890625,80389.84375,0
2026-08-27 16:33:00+00:00,80405.5234375,80405.5234375,80405.5234375,80366.296875,80393.2421875,0
2026-08-27 16:34:00+00:00,80354.96875,80354.96875,80407.5078125,80354.96875,80402.953125,10993664
2026-08-27 16:35:00+00:00,80338.0703125,80338.0703125,80347.578125,80287.921875,80335.078125,0
2026-08-27 16:36:00+00:00,80362.28125,80362.28125,80362.28125,80285.3828125,80338.0703125,0
2026-08-27 16:37:00+00:00,80397.0,80397.0,80404.6484375,80354.9609375,80378.6796875,0
2026-08-27 16:38:00+00:00,80362.3515625,80362.3515625,80396.9921875,80338.078125,80389.4765625,0
2026-08-27 16:39:00+00:00,80413.3984375,80413.3984375,80413.3984375,80358.109375,80362.3515625,58712064
2026-08-27 16:40:00+00:00,80481.3671875,80481.3671875,80481.3671875,80402.9921875,80402.9921875,0
2026-08-27 16:41:00+00:00,80534.4609375,80534.4609375,80548.0234375,80485.390625,80485.390625,0
2026-08-27 16:42:00+00:00,80518.1328125,80518.1328125,80537.0078125,80496.6796875,80515.84375,0
2026-08-27 16:43:00+00:00,80525.65625,80525.65625,80525.65625,80458.3828125,80496.671875,35409920
2026-08-27 16:44:00+00:00,80610.7265625,80610.7265625,80631.671875,80529.1328125,80529.1328125,0
2026-08-27 16:45:00+00:00,80576.2265625,80576.2265625,80621.390625,80544.8984375,80599.6328125,50454528
2026-08-27 16:46:00+00:00,80509.9296875,80509.9296875,80576.2421875,80509.9296875,80576.2421875,0
2026-08-27 16:47:00+00:00,80453.5703125,80453.5703125,80491.5,80453.5703125,80491.5,18927616
2026-08-27 16:48:00+00:00,80460.9609375,80460.9609375,80460.9609375,80428.578125,80428.578125,1386496
2026-08-27 16:49:00+00:00,80465.4921875,80465.4921875,80484.1796875,80435.71875,80463.046875,0
2026-08-27 16:50:00+00:00,80472.0078125,80472.0078125,80472.40625,80436.5234375,80472.40625,11020288
2026-08-27 16:51:00+00:00,80480.03125,80480.03125,80497.6875,80464.5703125,80465.0078125,5519360
2026-08-27 16:52:00+00:00,80509.9375,80509.9375,80509.9375,80475.3515625,80481.53125,0
2026-08-27 16:53:00+00:00,80527.7734375,80527.7734375,80542.0234375,80505.71875,80519.859375,0
2026-08-27 16:54:00+00:00,80467.5,80467.5,80529.40625,80427.40625,80529.40625,32415744
2026-08-27 16:55:00+00:00,80384.7890625,80384.7890625,80467.5,80384.7890625,80467.5,0
2026-08-27 16:56:00+00:00,80401.75,80401.75,80402.2265625,80365.78125,80402.2265625,0
2026-08-27 16:57:00+00:00,80402.5,80402.5,80423.3515625,80398.046875,80405.9765625,12146688
2026-08-27 16:58:00+00:00,80381.578125,80381.578125,80434.46875,80381.578125,80408.8828125,0
2026-08-27 16:59:00+00:00,80389.3203125,80389.3203125,80416.5078125,80385.8984375,80403.9921875,51982336
2026-08-27 17:00:00+00:00,80352.0234375,80352.0234375,80413.0703125,80352.0234375,80384.7890625,0
2026-08-27 17:01:00+00:00,80250.0,80250.0,80352.53125,80250.0,80345.03125,8835072
2026-08-27 17:02:00+00:00,80270.8828125,80270.8828125,80290.7734375,80257.8828125,80258.5234375,0
2026-08-27 17:03:00+00:00,80325.578125,80325.578125,80327.0390625,80239.5078125,80261.3203125,0
2026-08-27 17:04:00+00:00,80348.8671875,80348.8671875,80348.8671875,80284.71875,80319.390625,0
2026-08-27 17:05:00+00:00,80342.3125,80342.3125,80358.1484375,80313.3515625,80350.6484375,45807616
2026-08-27 17:06:00+00:00,80434.4765625,80434.4765625,80486.703125,80364.8984375,80364.8984375,3250176
2026-08-27 17:07:00+00:00,80395.0,80395.0,80434.0,80390.0,80434.0,0
2026-08-27 17:08:00+00:00,80464.296875,80464.296875,80486.9921875,80398.5703125,80398.5703125,21993472
2026-08-27 17:09:00+00:00,80523.03125,80523.03125,80537.6875,80445.0078125,80454.3203125,0
2026-08-27 17:10:00+00:00,80551.296875,80551.296875,80623.8671875,80523.03125,80523.03125,6533120
2026-08-27 17:11:00+00:00,80538.921875,80538.921875,80590.609375,80517.3203125,80590.609375,0
2026-08-27 17:12:00+00:00,80560.3125,80560.3125,80560.4921875,80511.2890625,80551.8671875,36581376
2026-08-27 17:13:00+00:00,80633.28125,80633.28125,80665.6171875,80570.0,80570.0,0
2026-08-27 17:14:00+00:00,80635.296875,80635.296875,80641.5,80598.890625,80626.453125,45809664
2026-08-27 17:15:00+00:00,80657.9921875,80657.9921875,80706.8203125,80643.4375,80651.6015625,0
2026-08-27 17:16:00+00:00,80676.1875,80676.1875,80684.1015625,80603.46875,80662.0703125,41400320
2026-08-27 17:17:00+00:00,80746.203125,80746.203125,80749.9921875,80676.09375,80676.53125,63168512
2026-08-27 17:18:00+00:00,80783.8515625,80783.8515625,80801.140625,80746.4921875,80746.4921875,0
2026-08-27 17:19:00+00:00,80807.453125,80807.453125,80816.0,80787.0,80806.8515625,0
2026-08-27 17:20:00+00:00,80805.4921875,80805.4921875,80807.5,80792.6875,80802.0,64651264
2026-08-27 17:21:00+00:00,80737.0234375,80737.0234375,80808.078125,80727.0,80798.0078125,28944384
2026-08-27 17:22:00+00:00,80752.703125,80752.703125,80777.75,80732.6875,80741.59375,0
2026-08-27 17:23:00+00:00,80742.609375,80742.609375,80742.6171875,80680.0078125,80718.9765625,149073920
2026-08-27 17:24:00+00:00,80800.6484375,80800.6484375,80808.078125,80755.5078125,80762.5,0
2026-08-27 17:25:00+00:00,80806.859375,80806.859375,80808.078125,80782.3828125,80799.4921875,5298176
2026-08-27 17:26:00+00:00,80804.0390625,80804.0390625,80804.046875,80778.65625,80803.28125,0
2026-08-27 17:27:00+00:00,80750.0,80750.0,80790.859375,80750.0,80782.4375,33132544
2026-08-27 17:28:00+00:00,80798.546875,80798.546875,80801.3125,80752.3828125,80752.3828125,0
2026-08-27 17:29:00+00:00,80737.296875,80737.296875,80796.8203125,80702.8671875,80796.8203125,7573504
2026-08-27 17:30:00+00:00,80797.4921875,80797.4921875,80797.4921875,80737.546875,80737.546875,0
2026-08-27 17:31:00+00:00,80792.3125,80792.3125,80808.0703125,80778.71875,80797.5,36773888
2026-08-27 17:32:00+00:00,80807.546875,80807.546875,80807.78125,80744.109375,80772.59375,0
2026-08-27 17:33:00+00:00,80722.546875,80722.546875,80797.9765625,80722.5,80797.9765625,0
2026-08-27 17:34:00+00:00,80712.796875,80712.796875,80728.5390625,80712.796875,80722.546875,4569088
2026-08-27 17:35:00+00:00,80728.203125,80728.203125,80728.203125,80623.34375,80666.0078125,27860992
2026-08-27 17:36:00+00:00,80735.7578125,80735.7578125,80736.203125,80686.15625,80705.0234375,19908608
2026-08-27 17:37:00+00:00,80653.5234375,80653.5234375,80742.609375,80653.5234375,80742.609375,0
2026-08-27 17:38:00+00:00,80673.0390625,80673.0390625,80712.0234375,80659.203125,80659.203125,175892480
2026-08-27 17:39:00+00:00,80697.2890625,80697.2890625,80710.03125,80665.1484375,80665.1484375,0
2026-08-27 17:40:00+00:00,80697.546875,80697.546875,80732.6796875,80690.1328125,80704.0625,9652224
2026-08-27 17:41:00+00:00,80623.2578125,80623.2578125,80697.546875,80623.2578125,80697.546875,0
2026-08-27 17:42:00+00:00,80553.7578125,80553.7578125,80623.2578125,80553.7578125,80623.2578125,0
2026-08-27 17:43:00+00:00,80563.703125,80563.703125,80569.390625,80535.15625,80563.75,0
2026-08-27 17:44:00+00:00,80485.5,80485.5,80564.890625,80482.328125,80561.0703125,0
2026-08-27 17:45:00+00:00,80486.6328125,80486.6328125,80513.9375,80486.6328125,80506.921875,0
2026-08-27 17:46:00+00:00,80512.8828125,80512.8828125,80513.9375,80448.703125,80462.84375,0
2026-08-27 17:47:00+00:00,80499.9921875,80499.9921875,80536.1171875,80475.0390625,80503.8671875,7014400
2026-08-27 17:48:00+00:00,80487.609375,80487.609375,80500.53125,80487.609375,80499.9921875,0
2026-08-27 17:49:00+00:00,80518.609375,80518.609375,80518.609375,80487.6171875,80487.6171875,53311488
2026-08-27 17:50:00+00:00,80565.3203125,80565.3203125,80565.3203125,80514.0625,80537.328125,0
2026-08-27 17:51:00+00:00,80516.5703125,80516.5703125,80573.640625,80509.65625,80565.3203125,148989952
2026-08-27 17:52:00+00:00,80516.6171875,80516.6171875,80518.8515625,80485.0078125,80507.328125,0
2026-08-27 17:53:00+00:00,80494.640625,80494.640625,80516.6171875,80486.1875,80516.609375,1009664
2026-08-27 17:54:00+00:00,80523.2109375,80523.2109375,80527.390625,80474.859375,80494.6328125,0
2026-08-27 17:55:00+00:00,80510.1015625,80510.1015625,80544.671875,80509.6015625,80523.2109375,0
2026-08-27 17:56:00+00:00,80524.4609375,80524.4609375,80536.078125,80500.0078125,80509.6015625,0
2026-08-27 17:57:00+00:00,80507.0,80507.0,80530.3984375,80507.0,80530.3984375,0
2026-08-27 17:58:00+00:00,80487.328125,80487.328125,80501.328125,80472.4921875,80501.328125,59785216
2026-08-27 17:59:00+00:00,80445.1328125,80445.1328125,80494.109375,80445.1328125,80487.328125,0
2026-08-27 18:00:00+00:00,80409.0,80409.0,80454.03125,80409.0,80441.2109375,15341568
2026-08-27 18:01:00+00:00,80384.78125,80384.78125,80421.8203125,80371.3515625,80371.3515625,0
2026-08-27 18:02:00+00:00,80390.5625,80390.5625,80390.5625,80337.078125,80383.1328125,0
2026-08-27 18:03:00+00:00,80381.9296875,80381.9296875,80414.6015625,80381.9296875,80391.84375,0
2026-08-27 18:04:00+00:00,80388.03125,80388.03125,80407.6484375,80347.28125,80381.921875,0
2026-08-27 18:05:00+00:00,80365.6875,80365.6875,80408.2109375,80364.8984375,80381.78125,9052160
2026-08-27 18:06:00+00:00,80395.9296875,80395.9296875,80395.9296875,80356.4296875,80361.390625,0
2026-08-27 18:07:00+00:00,80417.6015625,80417.6015625,80434.7890625,80375.296875,80375.296875,3446784
2026-08-27 18:08:00+00:00,80399.0234375,80399.0234375,80424.53125,80399.0234375,80412.2421875,36567040
2026-08-27 18:09:00+00:00,80389.6171875,80389.6171875,80401.0,80368.5078125,80375.2890625,6658048
2026-08-27 18:10:00+00:00,80341.4921875,80341.4921875,80390.4296875,80315.203125,80390.4296875,0
2026-08-27 18:11:00+00:00,80342.3671875,80342.3671875,80359.59375,80340.75,80359.59375,2033664
2026-08-27 18:12:00+00:00,80307.640625,80307.640625,80334.65625,80281.4765625,80334.65625,134576128
2026-08-27 18:13:00+00:00,80055.9921875,80055.9921875,80303.390625,80020.7890625,80292.828125,0
2026-08-27 18:14:00+00:00,80089.46875,80089.46875,80092.546875,80051.7109375,80082.671875,0
2026-08-27 18:15:00+00:00,80173.7734375,80173.7734375,80205.0,80129.390625,80129.390625,0
2026-08-27 18:16:00+00:00,80000.0,80000.0,80184.6875,80000.0,80184.6875,11997184
2026-08-27 18:17:00+00:00,79908.0078125,79908.0078125,79972.6484375,79908.0078125,79966.21875,0
2026-08-27 18:18:00+00:00,79900.0,79900.0,79979.9765625,79900.0,79927.5,903168
2026-08-27 18:19:00+00:00,79918.390625,79918.390625,79955.5,79877.9765625,79877.9765625,0
2026-08-27 18:20:00+00:00,79870.0,79870.0,79912.8125,79857.03125,79912.8125,13737984
2026-08-27 18:21:00+00:00,79759.5078125,79759.5078125,79856.71875,79759.5078125,79856.71875,0
2026-08-27 18:22:00+00:00,79906.1171875,79906.1171875,79911.0390625,79798.3125,79798.3125,135534592
2026-08-27 18:23:00+00:00,79937.4765625,79937.4765625,79991.9765625,79906.1171875,79906.1171875,0
2026-08-27 18:24:00+00:00,79947.40625,79947.40625,79947.40625,79908.953125,79917.609375,80355328
2026-08-27 18:25:00+00:00,79965.921875,79965.921875,79980.890625,79941.9296875,79952.9375,2052096
2026-08-27 18:26:00+00:00,79917.796875,79917.796875,79960.3203125,79870.4609375,79960.3203125,0
2026-08-27 18:27:00+00:00,79971.84375,79971.84375,80000.578125,79953.328125,79967.296875,92221440
2026-08-27 18:28:00+00:00,79945.34375,79945.34375,79967.1171875,79929.578125,79967.1171875,0
2026-08-27 18:29:00+00:00,79913.859375,79913.859375,79954.7578125,79908.0078125,79944.5390625,3993600
2026-08-27 18:30:00+00:00,79942.34375,79942.34375,79954.8515625,79901.890625,79931.65625,0
2026-08-27 18:31:00+00:00,79931.890625,79931.890625,79963.3671875,79928.7578125,79959.7421875,0
2026-08-27 18:32:00+00:00,79947.40625,79947.40625,79969.7578125,79937.8671875,79937.8671875,0
2026-08-27 18:33:00+00:00,79838.1484375,79838.1484375,79927.5390625,79838.1484375,79927.5390625,145977344
2026-08-27 18:34:00+00:00,79872.203125,79872.203125,79876.5078125,79846.140625,79847.96875,0
2026-08-27 18:35:00+00:00,79935.6875,79935.6875,79935.953125,79856.0703125,79856.0703125,0
2026-08-27 18:36:00+00:00,79968.8984375,79968.8984375,79991.1015625,79945.9921875,79945.9921875,0
2026-08-27 18:37:00+00:00,79991.71875,79991.71875,79994.34375,79969.90625,79970.53125,0
2026-08-27 18:38:00+00:00,80007.6015625,80007.6015625,80010.796875,79985.84375,79985.84375,229015552
2026-08-27 18:39:00+00:00,80017.1015625,80017.1015625,80017.1015625,79985.2265625,80002.796875,0
2026-08-27 18:40:00+00:00,80020.390625,80020.390625,80028.4609375,79997.1171875,80004.171875,0
2026-08-27 18:41:00+00:00,79995.4375,79995.4375,80016.28125,79981.0390625,80015.1015625,0
2026-08-27 18:42:00+00:00,79927.2421875,79927.2421875,79998.1796875,79920.21875,79991.84375,0
2026-08-27 18:43:00+00:00,79924.03125,79924.03125,79924.03125,79877.8515625,79908.1484375,0
2026-08-27 18:44:00+00:00,79979.296875,79979.296875,79979.296875,79927.09375,79927.09375,0
2026-08-27 18:45:00+00:00,79927.546875,79927.546875,79957.359375,79927.5390625,79957.359375,94883840
2026-08-27 18:46:00+00:00,79989.0078125,79989.0078125,79989.0078125,79936.3515625,79936.3515625,0
2026-08-27 18:47:00+00:00,79990.203125,79990.203125,79993.4375,79978.71875,79989.0234375,16388096
2026-08-27 18:48:00+00:00,80034.7109375,80034.7109375,80044.96875,79999.9921875,79999.9921875,0
2026-08-27 18:49:00+00:00,79991.84375,79991.84375,80032.546875,79991.84375,80031.328125,0
2026-08-27 18:50:00+00:00,79962.0,79962.0,79989.0234375,79923.578125,79989.0234375,0
2026-08-27 18:51:00+00:00,80017.5,80017.5,80027.0703125,79963.4765625,79963.4765625,0
2026-08-27 18:52:00+00:00,80015.640625,80015.640625,80025.0390625,79988.96875,80017.6875,0
2026-08-27 18:53:00+00:00,80039.7578125,80039.7578125,80039.859375,80021.0625,80021.0625,0
2026-08-27 18:54:00+00:00,80027.4921875,80027.4921875,80035.4921875,80018.703125,80030.0078125,0
2026-08-27 18:55:00+00:00,80007.0625,80007.0625,80045.7578125,80007.0625,80025.46875,0
2026-08-27 18:56:00+00:00,80057.546875,80057.546875,80057.546875,80003.5703125,80005.1796875,155123712
2026-08-27 18:57:00+00:00,80118.1484375,80118.1484375,80118.1484375,80056.90625,80058.8515625,0
2026-08-27 18:58:00+00:00,80134.296875,80134.296875,80136.2734375,80105.7890625,80105.7890625,1073152
2026-08-27 18:59:00+00:00,80174.53125,80174.53125,80174.53125,80132.71875,80132.71875,0
2026-08-27 19:00:00+00:00,80189.578125,80189.578125,80189.578125,80126.34375,80175.8984375,0
2026-08-27 19:01:00+00:00,80132.0390625,80132.0390625,80181.5390625,80132.0390625,80164.5078125,0
2026-08-27 19:02:00+00:00,80163.078125,80163.078125,80163.078125,80118.2265625,80143.5078125,0
2026-08-27 19:03:00+00:00,80207.3203125,80207.3203125,80211.0078125,80139.578125,80163.109375,0
2026-08-27 19:04:00+00:00,80219.4375,80219.4375,80235.0078125,80205.0078125,80205.0078125,0
2026-08-27 19:05:00+00:00,80251.59375,80251.59375,80251.59375,80215.921875,80218.7265625,0
2026-08-27 19:06:00+00:00,80248.4765625,80248.4765625,80255.8515625,80244.25,80244.25,11800576
2026-08-27 19:07:00+00:00,80238.171875,80238.171875,80270.078125,80238.171875,80257.7109375,34320384
2026-08-27 19:08:00+00:00,80294.8671875,80294.8671875,80294.8671875,80242.3203125,80242.3203125,0
2026-08-27 19:09:00+00:00,80250.53125,80250.53125,80302.8984375,80247.2421875,80300.21875,31285248
2026-08-27 19:10:00+00:00,80258.078125,80258.078125,80258.078125,80227.7421875,80227.7421875,0
2026-08-27 19:11:00+00:00,80242.4921875,80242.4921875,80251.5,80229.7109375,80235.6875,0
2026-08-27 19:12:00+00:00,80253.2109375,80253.2109375,80253.21875,80230.5078125,80246.09375,0
2026-08-27 19:13:00+00:00,80162.40625,80162.40625,80248.65625,80162.40625,80248.65625,0
2026-08-27 19:14:00+00:00,80176.1875,80176.1875,80198.15625,80163.0625,80163.0625,63287296
2026-08-27 19:15:00+00:00,80152.28125,80152.28125,80170.71875,80110.84375,80170.71875,0
2026-08-27 19:16:00+00:00,80165.9921875,80165.9921875,80165.9921875,80120.359375,80136.5234375,0
2026-08-27 19:17:00+00:00,80175.671875,80175.671875,80178.8515625,80165.9921875,80171.9921875,1974272
2026-08-27 19:18:00+00:00,80212.4921875,80212.4921875,80212.4921875,80150.203125,80181.09375,0
2026-08-27 19:19:00+00:00,80158.6171875,80158.6171875,80250.0,80156.15625,80221.609375,0
2026-08-27 19:20:00+00:00,80147.65625,80147.65625,80170.03125,80147.65625,80170.03125,7716864
2026-08-27 19:21:00+00:00,80195.328125,80195.328125,80195.328125,80136.28125,80147.0,0
2026-08-27 19:22:00+00:00,80172.1484375,80172.1484375,80224.6171875,80172.1484375,80192.4765625,0
2026-08-27 19:23:00+00:00,80114.5234375,80114.5234375,80166.109375,80114.5234375,80166.1015625,0
2026-08-27 19:24:00+00:00,80132.6875,80132.6875,80142.4765625,80120.96875,80121.0,49610752
2026-08-27 19:25:00+00:00,80131.65625,80131.65625,80155.171875,80124.859375,80139.7265625,0
2026-08-27 19:26:00+00:00,80105.03125,80105.03125,80137.21875,80105.03125,80136.15625,0
2026-08-27 19:27:00+00:00,80052.0,80052.0,80131.9609375,80052.0,80131.9609375,0
2026-08-27 19:28:00+00:00,80151.3125,80151.3125,80151.3125,80064.7265625,80064.7265625,14712832
2026-08-27 19:29:00+00:00,80193.71875,80193.71875,80197.296875,80158.53125,80167.796875,0
2026-08-27 19:30:00+00:00,80189.671875,80189.671875,80214.59375,80186.15625,80207.140625,65875968
2026-08-27 19:31:00+00:00,80177.9921875,80177.9921875,80204.34375,80173.140625,80185.9921875,0
2026-08-27 19:32:00+00:00,80205.0,80205.0,80244.09375,80190.671875,80190.671875,17924096
2026-08-27 19:33:00+00:00,80151.171875,80151.171875,80177.9921875,80136.28125,80173.5234375,0
2026-08-27 19:34:00+00:00,80136.2734375,80136.2734375,80158.6171875,80131.46875,80148.78125,3751936
2026-08-27 19:35:00+00:00,80111.8125,80111.8125,80134.03125,80105.75,80134.03125,4128768
2026-08-27 19:36:00+00:00,80037.78125,80037.78125,80124.2421875,80034.9921875,80124.2265625,0
2026-08-27 19:37:00+00:00,80039.3203125,80039.3203125,80050.546875,80013.5390625,80050.546875,0
2026-08-27 19:38:00+00:00,80042.28125,80042.28125,80061.34375,80039.296875,80060.8984375,15634432
2026-08-27 19:39:00+00:00,80023.828125,80023.828125,80066.703125,80017.0,80052.640625,20480
2026-08-27 19:40:00+00:00,80003.0390625,80003.0390625,80022.796875,80000.28125,80018.7890625,0
2026-08-27 19:41:00+00:00,79988.9765625,79988.9765625,80005.5390625,79988.9765625,80005.5390625,0
2026-08-27 19:42:00+00:00,80018.9765625,80018.9765625,80030.453125,79990.1484375,79990.15625,0
2026-08-27 19:43:00+00:00,80004.0078125,80004.0078125,80025.6875,80004.0078125,80019.0078125,0
2026-08-27 19:44:00+00:00,80020.4765625,80020.4765625,80020.4921875,80017.6328125,80017.6328125,0
2026-08-27 19:45:00+00:00,80039.75,80039.75,80045.0625,80020.4765625,80020.4921875,0
2026-08-27 19:46:00+00:00,80002.15625,80002.15625,80055.5390625,79995.9609375,80047.3515625,2359296
2026-08-27 19:47:00+00:00,79999.296875,79999.296875,80026.53125,79990.1484375,80007.0703125,331722752
2026-08-27 19:48:00+00:00,79997.1171875,79997.1171875,80033.21875,79997.1171875,79999.53125,2588672
2026-08-27 19:49:00+00:00,80002.5,80002.5,80007.8828125,79991.5703125,80000.4921875,0
2026-08-27 19:50:00+00:00,80022.34375,80022.34375,80026.453125,79998.1171875,79998.1171875,0
2026-08-27 19:51:00+00:00,79975.6015625,79975.6015625,80024.90625,79971.4921875,80024.90625,15118336
2026-08-27 19:52:00+00:00,80035.8515625,80035.8515625,80052.390625,79985.859375,79985.859375,0
2026-08-27 19:53:00+00:00,80016.9921875,80016.9921875,80051.0625,80016.9921875,80038.703125,0
2026-08-27 19:54:00+00:00,80058.8125,80058.8125,80058.8125,80015.3828125,80029.8984375,0
2026-08-27 19:55:00+00:00,80021.953125,80021.953125,80051.71875,80010.453125,80051.71875,0
2026-08-27 19:56:00+00:00,79986.0625,79986.0625,80033.5,79986.0625,80024.859375,0
2026-08-27 19:57:00+00:00,79968.8125,79968.8125,79997.859375,79968.8125,79995.84375,61050880
2026-08-27 19:58:00+00:00,79955.4296875,79955.4296875,79968.8203125,79953.1484375,79968.8203125,0
2026-08-27 19:59:00+00:00,79932.53125,79932.53125,79954.2578125,79931.6796875,79954.2578125,162975744
2026-08-27 20:00:00+00:00,79904.53125,79904.53125,79935.6328125,79902.8671875,79934.53125,0
2026-08-27 20:01:00+00:00,79901.3203125,79901.3203125,79911.4375,79889.9765625,79904.5234375,14675968
2026-08-27 20:02:00+00:00,79907.65625,79907.65625,79907.65625,79881.1875,79891.8828125,0
2026-08-27 20:03:00+00:00,79927.078125,79927.078125,79942.1015625,79908.5703125,79908.5703125,0
2026-08-27 20:04:00+00:00,79916.140625,79916.140625,79927.078125,79900.5078125,79927.078125,0
2026-08-27 20:05:00+00:00,80036.8671875,80036.8671875,80036.8671875,79916.1328125,79921.3828125,0
2026-08-27 20:06:00+00:00,80026.9375,80026.9375,80061.5625,80007.15625,80007.15625,58011648
2026-08-27 20:07:00+00:00,79984.2578125,79984.2578125,80027.5078125,79984.2578125,80026.953125,0
2026-08-27 20:08:00+00:00,79998.5234375,79998.5234375,80006.453125,79974.1171875,79981.578125,0
2026-08-27 20:09:00+00:00,80036.8671875,80036.8671875,80036.8828125,79980.6875,79998.53125,0
2026-08-27 20:10:00+00:00,80002.9296875,80002.9296875,80031.34375,79995.0078125,80019.4296875,20189184
2026-08-27 20:11:00+00:00,79990.4765625,79990.4765625,80009.9609375,79986.921875,80001.4375,0
2026-08-27 20:12:00+00:00,80001.1328125,80001.1328125,80002.9296875,79974.5234375,79974.5234375,200232960
2026-08-27 20:13:00+00:00,79964.0078125,79964.0078125,80002.0078125,79963.1875,79989.5234375,0
2026-08-27 20:14:00+00:00,79954.5390625,79954.5390625,79983.7734375,79954.5390625,79965.1328125,36704256
2026-08-27 20:15:00+00:00,79957.3671875,79957.3671875,79957.3671875,79947.359375,79948.03125,0
2026-08-27 20:16:00+00:00,79974.8828125,79974.8828125,79979.4609375,79956.578125,79974.34375,0
2026-08-27 20:17:00+00:00,79997.109375,79997.109375,80005.4921875,79974.8671875,79974.8671875,0
2026-08-27 20:18:00+00:00,80002.421875,80002.421875,80011.453125,79988.328125,80000.0,0
2026-08-27 20:19:00+00:00,80016.9921875,80016.9921875,80016.9921875,79979.390625,79996.8203125,0
2026-08-27 20:20:00+00:00,80057.2890625,80057.2890625,80058.8984375,80032.28125,80032.28125,0
2026-08-27 20:21:00+00:00,80100.890625,80100.890625,80100.890625,80057.28125,80057.28125,0
2026-08-27 20:22:00+00:00,80090.3828125,80090.3828125,80122.9375,80090.3828125,80114.59375,0
2026-08-27 20:23:00+00:00,80076.640625,80076.640625,80092.15625,80056.890625,80085.46875,0
2026-08-27 20:24:00+00:00,80056.8828125,80056.8828125,80056.8984375,80027.21875,80056.8984375,0
2026-08-27 20:25:00+00:00,80028.9765625,80028.9765625,80036.8828125,80023.046875,80036.8828125,0
2026-08-27 20:26:00+00:00,80002.2734375,80002.2734375,80055.0,80002.2734375,80030.421875,155922432
2026-08-27 20:27:00+00:00,80022.0078125,80022.0078125,80035.6328125,80000.0,80000.0,6270976
2026-08-27 20:28:00+00:00,80021.09375,80021.09375,80052.03125,80009.609375,80024.40625,0
2026-08-27 20:29:00+00:00,79994.046875,79994.046875,80020.90625,79987.2734375,80019.84375,16105472
2026-08-27 20:30:00+00:00,79985.1328125,79985.1328125,79995.1015625,79982.2421875,79994.0390625,0
2026-08-27 20:31:00+00:00,79984.328125,79984.328125,80006.9765625,79980.8515625,79985.1171875,0
2026-08-27 20:32:00+00:00,80002.2265625,80002.2265625,80007.046875,79984.328125,79984.328125,0
2026-08-27 20:33:00+00:00,79983.9375,79983.9375,80006.2109375,79983.9375,80006.2109375,4382720
2026-08-27 20:34:00+00:00,80006.2109375,80006.2109375,80006.2109375,80006.2109375,80006.2109375,0
