Datetime,Adj Close,Close,High,Low,Open,Volume
2026-06-29 00:00:00+00:00,59575.140625,59575.140625,59600.0,58904.12109375,59478.7890625,0
2026-06-29 01:00:00+00:00,59342.5703125,59342.5703125,59585.58984375,59119.19921875,59562.12109375,522912768
2026-06-29 02:00:00+00:00,59653.359375,59653.359375,59700.609375,58830.0,59333.4296875,740288512
2026-06-29 03:00:00+00:00,59942.828125,59942.828125,60092.28125,59663.0,59663.0,793997312
2026-06-29 04:00:00+00:00,59729.94921875,59729.94921875,59954.16015625,59645.0,59948.4609375,230713344
2026-06-29 05:00:00+00:00,60002.55859375,60002.55859375,60002.55859375,59290.5390625,59743.0,225832960
2026-06-29 06:00:00+00:00,59983.2890625,59983.2890625,60229.76953125,59952.359375,60012.69140625,642805760
2026-06-29 07:00:00+00:00,59932.609375,59932.609375,60072.87109375,59830.55078125,59984.53125,182245376
2026-06-29 08:00:00+00:00,59740.37109375,59740.37109375,59993.12109375,59644.8984375,59929.6484375,490702848
2026-06-29 09:00:00+00:00,59968.19921875,59968.19921875,60009.96875,59707.05078125,59741.71875,603439104
2026-06-29 10:00:00+00:00,60000.78125,60000.78125,60219.8515625,59975.30859375,59975.30859375,261091328
2026-06-29 11:00:00+00:00,59870.91015625,59870.91015625,60091.7109375,59703.87890625,59996.671875,448428032
2026-06-29 12:00:00+00:00,59857.66015625,59857.66015625,60687.30078125,59533.578125,59895.21875,2574807040
2026-06-29 13:00:00+00:00,59455.55859375,59455.55859375,60220.01171875,59231.28125,59865.0,1973649408
2026-06-29 14:00:00+00:00,59348.71875,59348.71875,59594.359375,58899.37890625,59459.12109375,2392729600
2026-06-29 15:00:00+00:00,59705.76171875,59705.76171875,59828.69140625,58968.28125,59331.05078125,1329614848
2026-06-29 16:00:00+00:00,59784.91015625,59784.91015625,59857.19921875,59471.98828125,59716.0390625,83300352
2026-06-29 17:00:00+00:00,60318.44921875,60318.44921875,60570.46875,59775.8203125,59777.76953125,881305600
2026-06-29 18:00:00+00:00,60198.05078125,60198.05078125,60433.30078125,60091.3984375,60298.16015625,1005604864
2026-06-29 19:00:00+00:00,60331.28125,60331.28125,60454.0,60058.73828125,60188.44140625,255422464
2026-06-29 20:00:00+00:00,60197.6796875,60197.6796875,60453.66015625,60197.6796875,60327.140625,110905344
2026-06-29 21:00:00+00:00,60390.921875,60390.921875,60490.80078125,60163.01953125,60205.98828125,0
2026-06-29 22:00:00+00:00,60261.9609375,60261.9609375,60427.98828125,60250.98046875,60390.0,0
2026-06-29 23:00:00+00:00,60161.5390625,60161.5390625,60290.48828125,60116.2890625,60258.08984375,0
2026-06-30 00:00:00+00:00,59744.66015625,59744.66015625,60180.01171875,59596.9296875,60152.37109375,65521664
2026-06-30 01:00:00+00:00,59845.33984375,59845.33984375,59959.01953125,59684.73828125,59753.12109375,0
2026-06-30 02:00:00+00:00,59842.5703125,59842.5703125,59943.98828125,59649.98046875,59853.9609375,0
2026-06-30 03:00:00+00:00,59515.140625,59515.140625,59923.98046875,59488.0,59842.5703125,173938688
2026-06-30 04:00:00+00:00,59385.2890625,59385.2890625,59590.5390625,59312.0,59502.98828125,650977280
2026-06-30 05:00:00+00:00,59545.328125,59545.328125,59555.98828125,59252.890625,59385.28125,379592704
2026-06-30 06:00:00+00:00,59493.98828125,59493.98828125,59616.21875,59414.6484375,59551.37890625,219621376
2026-06-30 07:00:00+00:00,59430.01171875,59430.01171875,59533.98828125,59341.4609375,59493.98046875,170274816
2026-06-30 08:00:00+00:00,59208.859375,59208.859375,59456.6796875,59094.0,59427.01171875,470360064
2026-06-30 09:00:00+00:00,59276.01171875,59276.01171875,59324.69921875,59152.921875,59195.01171875,0
2026-06-30 10:00:00+00:00,59238.12890625,59238.12890625,59323.3515625,59190.2890625,59282.44921875,940587008
2026-06-30 11:00:00+00:00,59076.8203125,59076.8203125,59314.01171875,59016.73828125,59239.12109375,172445696
2026-06-30 12:00:00+00:00,58284.359375,58284.359375,59081.98828125,58284.359375,59075.6484375,0
2026-06-30 13:00:00+00:00,58630.01953125,58630.01953125,58683.21875,58132.69921875,58322.078125,604747776
2026-06-30 14:00:00+00:00,58369.94921875,58369.94921875,59159.140625,58308.578125,58557.21875,0
2026-06-30 15:00:00+00:00,58267.41015625,58267.41015625,58680.0,58076.8984375,58362.25,54192128
2026-06-30 16:00:00+00:00,58391.33984375,58391.33984375,58501.0390625,58146.48828125,58273.6015625,441067520
2026-06-30 17:00:00+00:00,58325.9609375,58325.9609375,58506.28125,58215.51171875,58393.71875,0
2026-06-30 18:00:00+00:00,58580.44921875,58580.44921875,58588.98828125,58255.12109375,58325.94921875,202768384
2026-06-30 19:00:00+00:00,58726.3515625,58726.3515625,58736.109375,58484.91015625,58572.05078125,334125056
2026-06-30 20:00:00+00:00,58630.890625,58630.890625,58785.73828125,58558.01171875,58671.4609375,0
2026-06-30 21:00:00+00:00,58541.55078125,58541.55078125,58673.48046875,58411.76953125,58630.859375,288337920
2026-06-30 22:00:00+00:00,58513.921875,58513.921875,58696.62109375,58418.3515625,58562.37109375,0
2026-06-30 23:00:00+00:00,58523.9296875,58523.9296875,58564.01171875,58453.9296875,58509.55078125,486479872
2026-07-01 00:00:00+00:00,58486.37109375,58486.37109375,58646.98046875,58213.4609375,58541.55078125,0
2026-07-01 01:00:00+00:00,58677.828125,58677.828125,58913.87109375,57720.73046875,58486.8515625,1558396928
2026-07-01 02:00:00+00:00,58991.01171875,58991.01171875,59075.1796875,58575.98828125,58686.30859375,841719808
2026-07-01 03:00:00+00:00,59101.48828125,59101.48828125,59206.12109375,58750.83984375,58994.3203125,296198144
2026-07-01 04:00:00+00:00,59237.640625,59237.640625,59357.75,58969.921875,59096.26953125,0
2026-07-01 05:00:00+00:00,59060.8984375,59060.8984375,59289.01171875,59028.96875,59237.640625,0
2026-07-01 06:00:00+00:00,58666.6484375,58666.6484375,59070.8203125,58446.1484375,59064.12890625,0
2026-07-01 07:00:00+00:00,58686.91015625,58686.91015625,58738.0,58514.75,58687.94140625,0
2026-07-01 08:00:00+00:00,58894.01953125,58894.01953125,58904.109375,58419.8984375,58680.8984375,0
2026-07-01 09:00:00+00:00,58865.859375,58865.859375,58990.0390625,58767.03125,58896.0,257419264
2026-07-01 10:00:00+00:00,58577.41015625,58577.41015625,58868.5390625,58536.44921875,58868.5390625,269875200
2026-07-01 11:00:00+00:00,58536.73828125,58536.73828125,58673.76171875,58467.73046875,58580.30859375,0
2026-07-01 12:00:00+00:00,58451.3984375,58451.3984375,58589.12109375,58253.23046875,58558.5,0
2026-07-01 13:00:00+00:00,59433.0390625,59433.0390625,59433.0390625,58446.0,58447.94140625,0
2026-07-01 14:00:00+00:00,59464.890625,59464.890625,60016.0,59210.55078125,59392.12890625,1430386688
2026-07-01 15:00:00+00:00,60087.69921875,60087.69921875,60472.01953125,59446.01953125,59462.890625,1287467008
2026-07-01 16:00:00+00:00,59856.9609375,59856.9609375,60178.0703125,59801.16015625,60104.0,0
2026-07-01 17:00:00+00:00,60129.41015625,60129.41015625,60175.03125,59720.0,59860.48046875,184954880
2026-07-01 18:00:00+00:00,60115.6796875,60115.6796875,60232.05859375,59958.3515625,60123.51953125,0
2026-07-01 19:00:00+00:00,59965.1796875,59965.1796875,60282.75,59937.078125,60104.76953125,87269376
2026-07-01 20:00:00+00:00,60067.87109375,60067.87109375,60117.94921875,59803.640625,59992.19921875,0
2026-07-01 21:00:00+00:00,60752.328125,60752.328125,60763.26171875,60059.6484375,60069.76171875,1591775232
2026-07-01 22:00:00+00:00,60416.87890625,60416.87890625,61248.01171875,60289.01953125,60748.3203125,1772191744
2026-07-01 23:00:00+00:00,59963.44140625,59963.44140625,60403.28125,59916.3203125,60403.28125,0
2026-07-02 00:00:00+00:00,59682.5,59682.5,59964.0,59521.75,59950.48828125,1579261952
2026-07-02 01:00:00+00:00,60112.25,60112.25,60252.03125,59650.21875,59689.46875,0
2026-07-02 02:00:00+00:00,60353.87890625,60353.87890625,60416.0,59953.98046875,60109.23046875,221962240
2026-07-02 03:00:00+00:00,60985.76953125,60985.76953125,61042.421875,60236.91015625,60361.98828125,0
2026-07-02 04:00:00+00:00,60707.98828125,60707.98828125,60980.55078125,60658.0,60979.19140625,1351475200
2026-07-02 05:00:00+00:00,60425.98828125,60425.98828125,60794.01171875,60413.0,60707.98828125,736124928
2026-07-02 06:00:00+00:00,60190.01171875,60190.01171875,60570.98828125,60176.44921875,60433.58984375,104833024
2026-07-02 07:00:00+00:00,60058.91015625,60058.91015625,60199.01171875,60026.37109375,60185.890625,1167106048
2026-07-02 08:00:00+00:00,60436.0,60436.0,60472.0,60043.94921875,60064.01171875,49397760
2026-07-02 09:00:00+00:00,61096.640625,61096.640625,61330.01171875,60297.23046875,60432.62109375,1578389504
2026-07-02 10:00:00+00:00,61179.08984375,61179.08984375,61276.140625,60961.75,61089.16015625,900554752
2026-07-02 11:00:00+00:00,61287.37890625,61287.37890625,61306.578125,61052.1484375,61180.98828125,604639232
2026-07-02 12:00:00+00:00,61472.48046875,61472.48046875,61539.98828125,61085.51171875,61228.21875,774189056
2026-07-02 13:00:00+00:00,61855.9296875,61855.9296875,61984.0,61438.0,61488.76953125,751341568
2026-07-02 14:00:00+00:00,61633.96875,61633.96875,62128.671875,61331.87109375,61873.828125,0
2026-07-02 15:00:00+00:00,61540.359375,61540.359375,61765.12890625,61355.609375,61613.25,0
2026-07-02 16:00:00+00:00,61621.98828125,61621.98828125,61742.05859375,61094.66015625,61548.37109375,86687744
2026-07-02 17:00:00+00:00,61604.62109375,61604.62109375,61883.0390625,61565.80078125,61603.98046875,548573184
2026-07-02 18:00:00+00:00,61699.16015625,61699.16015625,61807.94921875,61600.8984375,61613.23828125,248262656
2026-07-02 19:00:00+00:00,61436.01171875,61436.01171875,61700.7109375,61390.078125,61696.16015625,0
2026-07-02 20:00:00+00:00,61511.8203125,61511.8203125,61524.0,61269.0,61446.08984375,85016576
2026-07-02 21:00:00+00:00,61517.0703125,61517.0703125,61577.3203125,61443.19140625,61517.01953125,0
2026-07-02 22:00:00+00:00,61398.1484375,61398.1484375,61528.23046875,61364.44921875,61498.1484375,0
2026-07-02 23:00:00+00:00,61484.03125,61484.03125,61528.0,61275.58984375,61376.01953125,0
2026-07-03 00:00:00+00:00,61221.05859375,61221.05859375,61501.37890625,61162.7890625,61482.46875,0
2026-07-03 01:00:00+00:00,61503.578125,61503.578125,61647.76171875,61200.3203125,61220.921875,0
2026-07-03 02:00:00+00:00,61353.0390625,61353.0390625,61582.73828125,61217.26953125,61513.01171875,42131456
2026-07-03 03:00:00+00:00,61350.9296875,61350.9296875,61493.8203125,61240.3515625,61340.8515625,0
2026-07-03 04:00:00+00:00,61366.03125,61366.03125,61445.98046875,61254.5,61350.9609375,0
2026-07-03 05:00:00+00:00,61623.2890625,61623.2890625,61706.140625,61355.05078125,61355.609375,0
2026-07-03 06:00:00+00:00,61631.12890625,61631.12890625,61770.0,61536.7109375,61623.30078125,0
2026-07-03 07:00:00+00:00,61679.98828125,61679.98828125,61782.33984375,61584.58984375,61631.140625,0
2026-07-03 08:00:00+00:00,61507.0390625,61507.0390625,61829.76953125,61478.01171875,61681.58984375,0
2026-07-03 09:00:00+00:00,61640.05078125,61640.05078125,61705.0,61443.8203125,61510.37109375,0
2026-07-03 10:00:00+00:00,61844.03125,61844.03125,61955.9296875,61597.66015625,61636.9609375,0
2026-07-03 11:00:00+00:00,61949.171875,61949.171875,62009.6796875,61775.55859375,61825.62109375,0
2026-07-03 12:00:00+00:00,61904.828125,61904.828125,62087.91015625,61797.359375,61948.0390625,0
2026-07-03 13:00:00+00:00,62051.1484375,62051.1484375,62156.140625,61869.48828125,61920.3203125,0
2026-07-03 14:00:00+00:00,62098.96875,62098.96875,62206.76171875,61645.98828125,62037.359375,0
2026-07-03 15:00:00+00:00,61862.58984375,61862.58984375,62304.0,61753.44140625,62102.640625,0
2026-07-03 16:00:00+00:00,62040.01953125,62040.01953125,62065.98828125,61854.171875,61867.87109375,0
2026-07-03 17:00:00+00:00,62136.671875,62136.671875,62228.30078125,62009.640625,62045.2890625,0
2026-07-03 18:00:00+00:00,62149.98828125,62149.98828125,62188.1796875,62064.0,62148.23828125,0
2026-07-03 19:00:00+00:00,62151.328125,62151.328125,62256.0390625,62095.87890625,62149.98828125,0
2026-07-03 20:00:00+00:00,62715.23046875,62715.23046875,62817.51953125,62131.48828125,62164.12109375,642357248
2026-07-03 21:00:00+00:00,62669.3984375,62669.3984375,62872.05078125,62459.4296875,62727.828125,0
2026-07-03 22:00:00+00:00,62512.80859375,62512.80859375,62684.55078125,62471.6484375,62668.23046875,957353984
2026-07-03 23:00:00+00:00,62554.140625,62554.140625,62644.30078125,62468.55859375,62512.7890625,0
2026-07-04 00:00:00+00:00,62693.98828125,62693.98828125,62881.33984375,62518.140625,62520.23046875,322349056
2026-07-04 01:00:00+00:00,62403.51171875,62403.51171875,62693.359375,62342.87109375,62693.359375,195698688
2026-07-04 02:00:00+00:00,62481.94921875,62481.94921875,62520.01953125,62369.12109375,62418.62890625,0
2026-07-04 03:00:00+00:00,62564.0390625,62564.0390625,62674.01171875,62423.21875,62481.94921875,0
2026-07-04 04:00:00+00:00,62639.41015625,62639.41015625,62682.9296875,62533.23828125,62564.0390625,0
2026-07-04 05:00:00+00:00,62412.41015625,62412.41015625,62625.609375,62381.0703125,62625.609375,0
2026-07-04 06:00:00+00:00,62434.8203125,62434.8203125,62508.6015625,62274.16015625,62412.3984375,0
2026-07-04 07:00:00+00:00,62511.62890625,62511.62890625,62560.9609375,62404.5703125,62434.8203125,0
2026-07-04 08:00:00+00:00,62497.37890625,62497.37890625,62607.94140625,62452.921875,62511.640625,0
2026-07-04 09:00:00+00:00,62429.0390625,62429.0390625,62523.9609375,62351.73046875,62502.4296875,0
2026-07-04 10:00:00+00:00,62450.078125,62450.078125,62486.0,62383.73046875,62429.0390625,0
2026-07-04 11:00:00+00:00,62428.51953125,62428.51953125,62498.0,62404.7890625,62434.6796875,0
2026-07-04 12:00:00+00:00,62604.671875,62604.671875,62630.69140625,62426.1015625,62426.1015625,0
2026-07-04 13:00:00+00:00,62538.0,62538.0,62698.359375,62483.62109375,62604.66015625,0
2026-07-04 14:00:00+00:00,62644.8203125,62644.8203125,62680.4296875,62535.3984375,62535.3984375,0
2026-07-04 15:00:00+00:00,62881.21875,62881.21875,62956.8984375,62640.01171875,62650.26953125,19519488
2026-07-04 16:00:00+00:00,62865.87890625,62865.87890625,62917.7890625,62730.359375,62885.8203125,0
2026-07-04 17:00:00+00:00,63221.1484375,63221.1484375,63356.12109375,62745.76171875,62860.01171875,509429760
2026-07-04 18:00:00+00:00,63113.3515625,63113.3515625,63291.19140625,63043.23046875,63230.94140625,459352064
2026-07-04 19:00:00+00:00,63238.1796875,63238.1796875,63398.73046875,63066.078125,63113.33984375,0
2026-07-04 20:00:00+00:00,63180.55859375,63180.55859375,63340.1796875,63103.05078125,63232.41015625,0
2026-07-04 21:00:00+00:00,63237.71875,63237.71875,63402.87109375,63151.4609375,63187.8515625,0
2026-07-04 22:00:00+00:00,63127.6796875,63127.6796875,63258.33984375,63105.6015625,63237.98828125,0
2026-07-04 23:00:00+00:00,63083.890625,63083.890625,63181.5703125,62881.28125,63139.98828125,129052672
2026-07-05 00:00:00+00:00,62930.55078125,62930.55078125,63086.4609375,62869.2890625,63086.44921875,0
2026-07-05 01:00:00+00:00,62831.6796875,62831.6796875,62986.73046875,62743.25,62932.55859375,0
2026-07-05 02:00:00+00:00,62639.98046875,62639.98046875,62859.71875,62550.51171875,62822.76171875,78422016
2026-07-05 03:00:00+00:00,62711.2109375,62711.2109375,62738.30078125,62592.26171875,62641.03125,0
2026-07-05 04:00:00+00:00,62776.4296875,62776.4296875,62894.0703125,62658.01953125,62708.78125,101457920
2026-07-05 05:00:00+00:00,62679.01171875,62679.01171875,62752.421875,62601.1015625,62747.5,0
2026-07-05 06:00:00+00:00,62722.05859375,62722.05859375,62769.26953125,62613.73046875,62687.51171875,0
2026-07-05 07:00:00+00:00,62958.44140625,62958.44140625,63001.37890625,62662.6015625,62722.0703125,0
2026-07-05 08:00:00+00:00,62858.3515625,62858.3515625,63041.4296875,62841.0703125,62958.16015625,0
2026-07-05 09:00:00+00:00,62569.5,62569.5,62876.75,62408.0,62869.76953125,105627648
2026-07-05 10:00:00+00:00,62700.7890625,62700.7890625,62701.8203125,62488.19921875,62558.87109375,86398976
2026-07-05 11:00:00+00:00,62575.6015625,62575.6015625,62739.609375,62557.87109375,62700.78125,84828160
2026-07-05 12:00:00+00:00,62692.421875,62692.421875,62716.9609375,62512.98046875,62597.921875,225087488
2026-07-05 13:00:00+00:00,62738.80859375,62738.80859375,62764.23046875,62600.6796875,62692.421875,72845312
2026-07-05 14:00:00+00:00,62758.87109375,62758.87109375,62763.80078125,62600.0,62738.80078125,0
2026-07-05 15:00:00+00:00,62686.171875,62686.171875,62885.87890625,62621.25,62758.87109375,0
2026-07-05 16:00:00+00:00,62571.0,62571.0,62711.87109375,62542.55078125,62686.171875,516942848
2026-07-05 17:00:00+00:00,62571.3984375,62571.3984375,62765.53125,62547.94140625,62582.51171875,0
2026-07-05 18:00:00+00:00,62764.58984375,62764.58984375,62814.0,62563.7890625,62571.3984375,0
2026-07-05 19:00:00+00:00,62716.7109375,62716.7109375,62823.8515625,62672.16015625,62746.3984375,0
2026-07-05 20:00:00+00:00,62673.9296875,62673.9296875,62781.41015625,62643.5,62713.51171875,0
2026-07-05 21:00:00+00:00,63034.921875,63034.921875,63163.3515625,62552.7890625,62673.9296875,224936960
2026-07-05 22:00:00+00:00,63682.0703125,63682.0703125,63848.51953125,62952.12109375,63019.96875,1796741120
2026-07-05 23:00:00+00:00,63583.51953125,63583.51953125,63938.05078125,63508.0,63674.0,690151424
2026-07-06 00:00:00+00:00,63697.48046875,63697.48046875,63705.6484375,63294.0,63581.19140625,230195200
2026-07-06 01:00:00+00:00,63510.62890625,63510.62890625,63851.48046875,63483.87890625,63696.94921875,83992576
2026-07-06 02:00:00+00:00,63388.3203125,63388.3203125,63605.0703125,63305.3984375,63508.19921875,332650496
2026-07-06 03:00:00+00:00,63232.33984375,63232.33984375,63432.12890625,63076.30078125,63385.859375,442503168
2026-07-06 04:00:00+00:00,63206.76171875,63206.76171875,63329.0,63121.51953125,63232.109375,582404096
2026-07-06 05:00:00+00:00,63048.44140625,63048.44140625,63207.98828125,62896.03125,63199.21875,576561152
2026-07-06 06:00:00+00:00,62917.98046875,62917.98046875,63084.55078125,62913.5703125,63048.87890625,337324032
2026-07-06 07:00:00+00:00,63024.26953125,63024.26953125,63053.75,62822.0390625,62915.16015625,168265728
2026-07-06 08:00:00+00:00,62833.37890625,62833.37890625,63175.578125,62768.48828125,63024.26953125,0
2026-07-06 09:00:00+00:00,62597.66015625,62597.66015625,62851.171875,62564.05078125,62833.37890625,720941056
2026-07-06 10:00:00+00:00,62756.26953125,62756.26953125,62970.890625,62591.69921875,62597.66015625,0
2026-07-06 11:00:00+00:00,62421.8515625,62421.8515625,62934.0,62421.8515625,62765.48828125,685877248
2026-07-06 12:00:00+00:00,61691.80859375,61691.80859375,62412.0,61610.96875,62412.0,2682660864
2026-07-06 13:00:00+00:00,61710.359375,61710.359375,61982.25,61268.37109375,61675.44921875,3159451648
2026-07-06 14:00:00+00:00,61992.48828125,61992.48828125,62330.6015625,61664.921875,61702.94921875,2389997568
2026-07-06 15:00:00+00:00,63489.828125,63489.828125,63510.7109375,61997.76171875,61999.98828125,2379450368
2026-07-06 16:00:00+00:00,63691.23046875,63691.23046875,63808.9296875,63352.5,63512.05078125,3002511360
2026-07-06 17:00:00+00:00,63536.16015625,63536.16015625,63896.37109375,63524.01171875,63681.62890625,849530880
2026-07-06 18:00:00+00:00,63650.0,63650.0,63832.01953125,63511.44921875,63545.76953125,573980672
2026-07-06 19:00:00+00:00,63681.8984375,63681.8984375,63848.55859375,63610.05078125,63652.08984375,158543872
2026-07-06 20:00:00+00:00,63784.6015625,63784.6015625,63850.03125,63539.69921875,63692.96875,351186944
2026-07-06 21:00:00+00:00,64440.0390625,64440.0390625,64596.55078125,63764.80078125,63784.6015625,1361907712
2026-07-06 22:00:00+00:00,64197.62890625,64197.62890625,64438.01171875,64104.55078125,64438.01171875,0
2026-07-06 23:00:00+00:00,64001.83984375,64001.83984375,64285.5,63979.80078125,64197.8203125,0
2026-07-07 00:00:00+00:00,64153.7890625,64153.7890625,64272.921875,63975.4296875,64006.01171875,0
2026-07-07 01:00:00+00:00,63796.44140625,63796.44140625,64145.23828125,63744.01953125,64145.23828125,201445376
2026-07-07 02:00:00+00:00,63280.26953125,63280.26953125,63855.4296875,63249.33984375,63788.55078125,126971904
2026-07-07 03:00:00+00:00,63140.03125,63140.03125,63362.7109375,63101.01953125,63276.48828125,383225856
2026-07-07 04:00:00+00:00,63048.37890625,63048.37890625,63229.98828125,63010.390625,63132.8984375,360407040
2026-07-07 05:00:00+00:00,63075.3203125,63075.3203125,63213.0,62745.91015625,63048.37890625,0
2026-07-07 06:00:00+00:00,63285.0,63285.0,63342.5390625,62937.12890625,63073.48828125,587661312
2026-07-07 07:00:00+00:00,63035.4609375,63035.4609375,63387.91015625,63024.8515625,63283.01953125,204738560
2026-07-07 08:00:00+00:00,63045.73828125,63045.73828125,63134.16015625,62955.828125,63047.671875,0
2026-07-07 09:00:00+00:00,63187.8984375,63187.8984375,63274.83984375,63002.55859375,63045.73828125,17764352
2026-07-07 10:00:00+00:00,63222.921875,63222.921875,63400.98828125,63173.859375,63198.37890625,0
2026-07-07 11:00:00+00:00,63345.58984375,63345.58984375,63388.98828125,63060.12890625,63172.76953125,0
2026-07-07 12:00:00+00:00,63418.30078125,63418.30078125,63797.12890625,63333.0,63345.26171875,0
2026-07-07 13:00:00+00:00,62973.55859375,62973.55859375,63415.9609375,62929.578125,63409.98828125,0
2026-07-07 14:00:00+00:00,63506.8984375,63506.8984375,63557.69140625,62609.94921875,62980.0,145612800
2026-07-07 15:00:00+00:00,63878.109375,63878.109375,64050.25,63316.01953125,63477.69921875,0
2026-07-07 16:00:00+00:00,63936.87109375,63936.87109375,64198.19921875,63760.01171875,63890.73828125,0
2026-07-07 17:00:00+00:00,64135.98828125,64135.98828125,64189.55859375,63848.25,63923.98828125,0
2026-07-07 18:00:00+00:00,63632.03125,63632.03125,64126.53125,63632.03125,64122.3203125,373235712
2026-07-07 19:00:00+00:00,63752.01171875,63752.01171875,63846.37109375,63334.01171875,63653.66015625,936026112
2026-07-07 20:00:00+00:00,63655.94921875,63655.94921875,63863.69140625,63566.69921875,63793.7890625,0
2026-07-07 21:00:00+00:00,63388.91015625,63388.91015625,63817.5,63296.7109375,63659.30859375,0
2026-07-07 22:00:00+00:00,63505.0703125,63505.0703125,63613.12890625,63190.37109375,63382.25,0
2026-07-07 23:00:00+00:00,63325.01171875,63325.01171875,63670.69140625,63275.98828125,63502.23046875,0
2026-07-08 00:00:00+00:00,63571.75,63571.75,63696.2109375,63269.26953125,63322.05859375,96026624
2026-07-08 01:00:00+00:00,62992.421875,62992.421875,63604.51171875,62886.5,63572.30859375,287655936
2026-07-08 02:00:00+00:00,62936.359375,62936.359375,63010.33984375,62487.0390625,62978.5703125,743124992
2026-07-08 03:00:00+00:00,62718.58984375,62718.58984375,63049.21875,62651.66015625,62955.890625,0
2026-07-08 04:00:00+00:00,62748.16015625,62748.16015625,62857.640625,62632.3515625,62714.0390625,0
2026-07-08 05:00:00+00:00,62588.76171875,62588.76171875,62821.5,62499.98828125,62744.30859375,0
2026-07-08 06:00:00+00:00,62605.8984375,62605.8984375,62693.01953125,62427.7890625,62584.19921875,0
2026-07-08 07:00:00+00:00,62834.44140625,62834.44140625,62845.98828125,62493.578125,62615.08984375,0
2026-07-08 08:00:00+00:00,61950.21875,61950.21875,62887.01953125,61834.3984375,62811.53125,1443497984
2026-07-08 09:00:00+00:00,62001.80859375,62001.80859375,62110.4296875,61683.6796875,61945.3984375,1313728512
2026-07-08 10:00:00+00:00,62128.01171875,62128.01171875,62131.62109375,61844.2109375,62019.390625,298932224
2026-07-08 11:00:00+00:00,62245.44140625,62245.44140625,62331.05859375,62000.0,62117.05859375,259733504
2026-07-08 12:00:00+00:00,61895.98046875,61895.98046875,62360.5,61895.98046875,62249.3203125,0
2026-07-08 13:00:00+00:00,61871.6484375,61871.6484375,62028.62109375,61565.359375,61900.2109375,0
2026-07-08 14:00:00+00:00,61826.44140625,61826.44140625,62113.5,61642.609375,61872.578125,0
2026-07-08 15:00:00+00:00,61632.8984375,61632.8984375,61848.0,61470.921875,61838.1015625,0
2026-07-08 16:00:00+00:00,62045.7890625,62045.7890625,62087.640625,61622.0,61638.1796875,0
2026-07-08 17:00:00+00:00,62041.98828125,62041.98828125,62340.55078125,61966.6796875,62042.01171875,0
2026-07-08 18:00:00+00:00,62126.23046875,62126.23046875,62302.0,61982.5703125,62050.05859375,0
2026-07-08 19:00:00+00:00,62229.0703125,62229.0703125,62237.2890625,62012.5,62137.9609375,0
2026-07-08 20:00:00+00:00,62059.55859375,62059.55859375,62260.73046875,62035.6484375,62199.1015625,0
2026-07-08 21:00:00+00:00,62132.1015625,62132.1015625,62186.4296875,61912.05078125,62060.37109375,163348480
2026-07-08 22:00:00+00:00,62283.3515625,62283.3515625,62289.48828125,62123.98828125,62140.96875,0
2026-07-08 23:00:00+00:00,62237.69921875,62237.69921875,62299.890625,62119.01953125,62283.3515625,0
2026-07-09 00:00:00+00:00,62084.53125,62084.53125,62263.58984375,62006.5703125,62237.7109375,0
2026-07-09 01:00:00+00:00,61856.6484375,61856.6484375,62584.0,61808.0,62084.03125,0
2026-07-09 02:00:00+00:00,61723.53125,61723.53125,62070.421875,61638.0,61874.5703125,0
2026-07-09 03:00:00+00:00,61913.98828125,61913.98828125,62007.69921875,61675.30078125,61735.01171875,266387456
2026-07-09 04:00:00+00:00,62402.01171875,62402.01171875,62402.66015625,61903.19140625,61941.8984375,0
2026-07-09 05:00:00+00:00,62537.390625,62537.390625,62555.8984375,62183.80859375,62389.3984375,347435008
2026-07-09 06:00:00+00:00,62902.0,62902.0,62904.73046875,62430.6796875,62542.48828125,494761984
2026-07-09 07:00:00+00:00,62947.26171875,62947.26171875,63147.98828125,62739.98046875,62892.609375,737040384
2026-07-09 08:00:00+00:00,62839.98828125,62839.98828125,63028.83984375,62794.12109375,62953.98046875,0
2026-07-09 09:00:00+00:00,62894.28125,62894.28125,62940.91015625,62730.87109375,62836.859375,0
2026-07-09 10:00:00+00:00,62722.51953125,62722.51953125,62992.9609375,62634.37890625,62888.7109375,0
2026-07-09 11:00:00+00:00,62718.96875,62718.96875,62771.2890625,62549.5390625,62722.51953125,0
2026-07-09 12:00:00+00:00,62551.0,62551.0,62896.0,62404.98828125,62699.578125,1863593984
2026-07-09 13:00:00+00:00,62968.1484375,62968.1484375,63161.0,62460.0,62562.0,0
2026-07-09 14:00:00+00:00,62955.69140625,62955.69140625,63073.671875,62602.44921875,62992.96875,0
2026-07-09 15:00:00+00:00,62805.80859375,62805.80859375,63191.828125,62748.33984375,62970.1484375,0
2026-07-09 16:00:00+00:00,62629.8984375,62629.8984375,62947.69921875,62503.9609375,62806.87890625,0
2026-07-09 17:00:00+00:00,63088.25,63088.25,63103.26953125,62613.890625,62645.921875,0
2026-07-09 18:00:00+00:00,63166.2890625,63166.2890625,63439.28125,63020.98828125,63099.609375,1170317312
2026-07-09 19:00:00+00:00,63188.30859375,63188.30859375,63325.390625,63100.0,63175.66015625,0
2026-07-09 20:00:00+00:00,63257.5,63257.5,63275.87109375,63124.01953125,63205.0,0
2026-07-09 21:00:00+00:00,63223.69140625,63223.69140625,63346.51953125,63155.23828125,63270.0,0
2026-07-09 22:00:00+00:00,63169.76171875,63169.76171875,63369.98046875,63160.8203125,63223.69921875,0
2026-07-09 23:00:00+00:00,63175.25,63175.25,63276.01171875,63008.25,63169.76171875,483547136
2026-07-10 00:00:00+00:00,63058.16015625,63058.16015625,63202.921875,62880.890625,63170.96875,0
2026-07-10 01:00:00+00:00,63699.98828125,63699.98828125,63887.7109375,62901.78125,63070.109375,200876032
2026-07-10 02:00:00+00:00,63911.25,63911.25,63991.4296875,63638.71875,63717.01953125,690274304
2026-07-10 03:00:00+00:00,63899.98828125,63899.98828125,63991.390625,63772.58984375,63911.25,0
2026-07-10 04:00:00+00:00,64004.03125,64004.03125,64127.46875,63807.6484375,63911.23828125,324382720
2026-07-10 05:00:00+00:00,64076.23046875,64076.23046875,64151.58984375,63900.0,64004.03125,853338112
2026-07-10 06:00:00+00:00,63812.03125,63812.03125,64118.33984375,63789.6484375,64078.78125,18575360
2026-07-10 07:00:00+00:00,63932.71875,63932.71875,63975.71875,63763.98046875,63820.12109375,0
2026-07-10 08:00:00+00:00,64201.5390625,64201.5390625,64344.98046875,63931.0,63938.1484375,0
2026-07-10 09:00:00+00:00,64341.83984375,64341.83984375,64438.01171875,64057.5,64187.37109375,0
2026-07-10 10:00:00+00:00,64355.3203125,64355.3203125,64446.83984375,64232.23828125,64341.828125,144955392
2026-07-10 11:00:00+00:00,64379.0390625,64379.0390625,64435.66015625,64294.359375,64360.5390625,0
2026-07-10 12:00:00+00:00,64239.0,64239.0,64564.3984375,64222.2109375,64390.94140625,0
2026-07-10 13:00:00+00:00,64438.37890625,64438.37890625,64659.98828125,64094.8984375,64241.44921875,37197824
2026-07-10 14:00:00+00:00,63862.87109375,63862.87109375,64469.171875,63784.0,64420.33984375,1036816384
2026-07-10 15:00:00+00:00,63950.5703125,63950.5703125,64154.3515625,63841.80859375,63848.6796875,0
2026-07-10 16:00:00+00:00,64085.80078125,64085.80078125,64166.48828125,63770.76171875,63977.55078125,305817600
2026-07-10 17:00:00+00:00,63773.421875,63773.421875,64100.01953125,63771.5390625,64072.48046875,0
2026-07-10 18:00:00+00:00,63760.3203125,63760.3203125,63926.9609375,63691.4609375,63779.28125,0
2026-07-10 19:00:00+00:00,63876.25,63876.25,64003.44140625,63724.328125,63736.3984375,6465536
2026-07-10 20:00:00+00:00,63788.75,63788.75,63892.01171875,63621.3515625,63892.01171875,1511383040
2026-07-10 21:00:00+00:00,63970.390625,63970.390625,64039.19921875,63780.078125,63788.76171875,0
2026-07-10 22:00:00+00:00,64068.69921875,64068.69921875,64121.921875,63935.01953125,63961.6015625,115216384
2026-07-10 23:00:00+00:00,64128.48828125,64128.48828125,64174.41015625,63974.890625,64068.87109375,299245568
2026-07-11 00:00:00+00:00,64076.69140625,64076.69140625,64130.37890625,63992.48828125,64125.28125,0
2026-07-11 01:00:00+00:00,63970.46875,63970.46875,64260.55859375,63963.359375,64076.5390625,0
2026-07-11 02:00:00+00:00,64116.98046875,64116.98046875,64128.859375,63940.33984375,63973.73046875,0
2026-07-11 03:00:00+00:00,64107.6796875,64107.6796875,64153.98046875,64027.73828125,64114.390625,0
2026-07-11 04:00:00+00:00,64111.33984375,64111.33984375,64165.75,64036.83984375,64107.671875,0
2026-07-11 05:00:00+00:00,64125.37890625,64125.37890625,64180.03125,64069.98828125,64111.33984375,0
2026-07-11 06:00:00+00:00,64169.578125,64169.578125,64230.98828125,64075.05078125,64125.37890625,0
2026-07-11 07:00:00+00:00,64111.58984375,64111.58984375,64206.01953125,64102.890625,64167.421875,0
2026-07-11 08:00:00+00:00,64216.87109375,64216.87109375,64256.01171875,64100.46875,64111.58984375,0
2026-07-11 09:00:00+00:00,64107.6796875,64107.6796875,64249.62890625,64097.19140625,64216.87109375,0
2026-07-11 10:00:00+00:00,64138.078125,64138.078125,64142.73046875,64083.0703125,64114.3515625,0
2026-07-11 11:00:00+00:00,64145.26953125,64145.26953125,64161.19921875,64116.0,64141.2890625,0
2026-07-11 12:00:00+00:00,64141.46875,64141.46875,64183.1015625,64081.08984375,64145.26953125,0
2026-07-11 13:00:00+00:00,64195.03125,64195.03125,64219.96875,64114.96875,64141.46875,0
2026-07-11 14:00:00+00:00,64297.671875,64297.671875,64453.19921875,64195.03125,64195.03125,0
2026-07-11 15:00:00+00:00,64120.171875,64120.171875,64427.98828125,63964.0,64300.890625,14603264
2026-07-11 16:00:00+00:00,64132.71875,64132.71875,64217.05078125,64038.51953125,64120.171875,0
2026-07-11 17:00:00+00:00,64271.48046875,64271.48046875,64350.01171875,64114.9609375,64132.71875,0
2026-07-11 18:00:00+00:00,64281.98828125,64281.98828125,64345.69140625,64239.359375,64265.51953125,0
2026-07-11 19:00:00+00:00,64245.98828125,64245.98828125,64299.96875,64187.76171875,64281.98828125,0
2026-07-11 20:00:00+00:00,64337.109375,64337.109375,64416.98046875,64241.58984375,64245.98828125,0
2026-07-11 21:00:00+00:00,64310.37890625,64310.37890625,64385.921875,64293.05859375,64337.109375,0
2026-07-11 22:00:00+00:00,64158.078125,64158.078125,64383.25,64100.5703125,64310.37890625,0
2026-07-11 23:00:00+00:00,63773.05078125,63773.05078125,64208.69140625,63773.05078125,64158.0703125,409771008
2026-07-12 00:00:00+00:00,63783.71875,63783.71875,63870.1796875,63667.23828125,63773.6015625,1519595520
2026-07-12 01:00:00+00:00,64085.26171875,64085.26171875,64132.28125,63770.91015625,63789.8515625,385587200
2026-07-12 02:00:00+00:00,64031.23828125,64031.23828125,64091.8203125,63988.01171875,64085.26171875,370010112
2026-07-12 03:00:00+00:00,64179.359375,64179.359375,64179.359375,63991.19921875,64031.23828125,505279488
2026-07-12 04:00:00+00:00,63962.0703125,63962.0703125,64198.671875,63899.5703125,64179.140625,235947008
2026-07-12 05:00:00+00:00,63925.6796875,63925.6796875,63983.62109375,63860.6796875,63962.0703125,0
2026-07-12 06:00:00+00:00,63714.75,63714.75,63921.48046875,63601.30078125,63919.2890625,489414656
2026-07-12 07:00:00+00:00,63843.69921875,63843.69921875,63857.98828125,63695.21875,63714.75,54304768
2026-07-12 08:00:00+00:00,63940.078125,63940.078125,64056.03125,63837.30078125,63843.69921875,1289691136
2026-07-12 09:00:00+00:00,63915.19921875,63915.19921875,63998.46875,63722.76171875,63941.44140625,2463199232
2026-07-12 10:00:00+00:00,63812.0,63812.0,63915.19921875,63795.46875,63915.19921875,284975104
2026-07-12 11:00:00+00:00,63966.5390625,63966.5390625,63979.80078125,63777.12109375,63816.46875,0
2026-07-12 12:00:00+00:00,63982.16015625,63982.16015625,64082.80859375,63929.3203125,63940.98046875,0
2026-07-12 13:00:00+00:00,63980.53125,63980.53125,64053.078125,63951.16015625,63982.171875,0
2026-07-12 14:00:00+00:00,64158.640625,64158.640625,64205.3203125,63918.3984375,63980.51953125,0
2026-07-12 15:00:00+00:00,64136.51953125,64136.51953125,64213.6015625,64075.98828125,64155.4296875,0
2026-07-12 16:00:00+00:00,64131.7890625,64131.7890625,64170.578125,64013.05078125,64137.62109375,0
2026-07-12 17:00:00+00:00,64034.91015625,64034.91015625,64138.66015625,63991.19921875,64131.78125,0
2026-07-12 18:00:00+00:00,64109.19140625,64109.19140625,64112.44140625,63975.62890625,64037.05859375,1302528
2026-07-12 19:00:00+00:00,64193.87109375,64193.87109375,64219.98046875,64104.46875,64109.19921875,0
2026-07-12 20:00:00+00:00,64161.75,64161.75,64216.44140625,64131.12109375,64193.87109375,0
2026-07-12 21:00:00+00:00,63883.78125,63883.78125,64198.26953125,63851.48046875,64161.73828125,222574592
2026-07-12 22:00:00+00:00,63846.05859375,63846.05859375,63890.4296875,63625.0,63796.48828125,321884160
2026-07-12 23:00:00+00:00,63740.3203125,63740.3203125,63874.21875,63688.0,63842.41015625,0
2026-07-13 00:00:00+00:00,64024.78125,64024.78125,64337.73828125,63520.01171875,63734.03125,0
2026-07-13 01:00:00+00:00,63368.76171875,63368.76171875,64015.390625,63361.48828125,64015.390625,290564096
2026-07-13 02:00:00+00:00,63322.640625,63322.640625,63495.94921875,63199.8984375,63327.05859375,612128768
2026-07-13 03:00:00+00:00,62758.578125,62758.578125,63335.3515625,62691.73046875,63326.94140625,564303872
2026-07-13 04:00:00+00:00,62624.44921875,62624.44921875,62852.9609375,62597.51171875,62725.87109375,276889600
2026-07-13 05:00:00+00:00,62749.859375,62749.859375,62858.3515625,62470.46875,62633.109375,719075328
2026-07-13 06:00:00+00:00,62744.48046875,62744.48046875,62821.55859375,62662.55078125,62773.51171875,0
2026-07-13 07:00:00+00:00,62935.5703125,62935.5703125,63008.62109375,62695.51171875,62758.48828125,942792704
2026-07-13 08:00:00+00:00,63142.5,63142.5,63219.30859375,62881.0390625,62935.9609375,324892672
2026-07-13 09:00:00+00:00,63040.55859375,63040.55859375,63139.671875,63021.71875,63131.5,0
2026-07-13 10:00:00+00:00,62801.7890625,62801.7890625,63076.98828125,62794.87890625,63039.0,437700608
2026-07-13 11:00:00+00:00,62842.98046875,62842.98046875,63067.73046875,62811.0,62811.0,300711936
2026-07-13 12:00:00+00:00,62561.5,62561.5,62910.828125,62505.859375,62847.51171875,783476736
2026-07-13 13:00:00+00:00,62249.3203125,62249.3203125,62698.4296875,62090.359375,62553.98828125,1643718656
2026-07-13 14:00:00+00:00,62713.05859375,62713.05859375,62722.01171875,62039.12109375,62237.0,2375000064
2026-07-13 15:00:00+00:00,62555.98046875,62555.98046875,62901.87890625,62500.8203125,62720.578125,826023936
2026-07-13 16:00:00+00:00,62204.80078125,62204.80078125,62559.62109375,62141.53125,62554.80078125,1329143808
2026-07-13 17:00:00+00:00,61829.0,61829.0,62293.3984375,61826.609375,62207.44140625,949397504
2026-07-13 18:00:00+00:00,61945.0703125,61945.0703125,62029.9609375,61750.8984375,61831.03125,1098096640
2026-07-13 19:00:00+00:00,62215.1484375,62215.1484375,62221.94921875,61912.5,61951.55859375,421785600
2026-07-13 20:00:00+00:00,62141.0,62141.0,62261.51171875,61994.4296875,62189.53125,170680320
2026-07-13 21:00:00+00:00,61994.0,61994.0,62157.140625,61836.26953125,62147.859375,321966080
2026-07-13 22:00:00+00:00,61840.890625,61840.890625,62159.26171875,61827.98828125,62002.44140625,6693955584
2026-07-13 23:00:00+00:00,62264.94140625,62264.94140625,62271.5703125,61799.30859375,61843.41015625,103223296
2026-07-14 00:00:00+00:00,62481.0,62481.0,62592.7109375,62191.140625,62276.87109375,0
2026-07-14 01:00:00+00:00,62459.4609375,62459.4609375,62569.98828125,62385.0390625,62486.9296875,0
2026-07-14 02:00:00+00:00,62471.4296875,62471.4296875,62568.30859375,62252.30078125,62459.44921875,0
2026-07-14 03:00:00+00:00,62501.51953125,62501.51953125,62532.55859375,62240.76171875,62477.94921875,0
2026-07-14 04:00:00+00:00,62673.76171875,62673.76171875,62700.0,62466.41015625,62500.01171875,0
2026-07-14 05:00:00+00:00,62654.01171875,62654.01171875,62806.0,62622.48046875,62660.3984375,0
2026-07-14 06:00:00+00:00,62543.8203125,62543.8203125,62695.171875,62498.19140625,62644.0,178616320
2026-07-14 07:00:00+00:00,62467.62890625,62467.62890625,62575.08984375,62427.30078125,62541.140625,0
2026-07-14 08:00:00+00:00,62631.30859375,62631.30859375,62721.921875,62425.94140625,62464.3203125,0
2026-07-14 09:00:00+00:00,62554.05078125,62554.05078125,62663.0390625,62456.9609375,62633.8203125,110671872
2026-07-14 10:00:00+00:00,62725.6015625,62725.6015625,62830.9609375,62535.03125,62557.05859375,0
2026-07-14 11:00:00+00:00,62769.76171875,62769.76171875,62840.62109375,62641.98828125,62728.2109375,82696192
2026-07-14 12:00:00+00:00,63884.7890625,63884.7890625,63888.0,62710.87890625,62784.46875,1951109120
2026-07-14 13:00:00+00:00,63780.01171875,63780.01171875,64083.4296875,63638.23828125,63885.30078125,633546752
2026-07-14 14:00:00+00:00,64249.1796875,64249.1796875,64255.609375,63539.8984375,63774.98046875,0
2026-07-14 15:00:00+00:00,64688.94140625,64688.94140625,64878.87109375,64143.828125,64244.171875,1854179328
2026-07-14 16:00:00+00:00,64688.69140625,64688.69140625,64855.03125,64604.71875,64728.0390625,780318720
2026-07-14 17:00:00+00:00,64586.359375,64586.359375,64690.58984375,64277.58984375,64690.58984375,246996992
2026-07-14 18:00:00+00:00,64532.94140625,64532.94140625,64615.48828125,64441.87109375,64589.37109375,0
2026-07-14 19:00:00+00:00,64534.05078125,64534.05078125,64672.46875,64447.37890625,64533.41015625,0
2026-07-14 20:00:00+00:00,64521.44921875,64521.44921875,64552.5,64373.5703125,64548.0,19736576
2026-07-14 21:00:00+00:00,64634.83984375,64634.83984375,64828.1015625,64480.9609375,64521.44921875,136163328
2026-07-14 22:00:00+00:00,64815.83984375,64815.83984375,65020.78125,64478.7890625,64634.828125,707497984
2026-07-14 23:00:00+00:00,64988.66015625,64988.66015625,65001.48828125,64737.859375,64815.828125,228012032
2026-07-15 00:00:00+00:00,64774.46875,64774.46875,65016.44140625,64718.16015625,64996.171875,0
2026-07-15 01:00:00+00:00,64624.46875,64624.46875,64807.26953125,64592.51171875,64789.98828125,0
2026-07-15 02:00:00+00:00,64440.87109375,64440.87109375,64707.05859375,64431.51953125,64624.48046875,0
2026-07-15 03:00:00+00:00,64736.671875,64736.671875,64793.76171875,64440.51953125,64440.87109375,118837248
2026-07-15 04:00:00+00:00,64698.0703125,64698.0703125,64833.58984375,64664.96875,64732.0,0
2026-07-15 05:00:00+00:00,64882.9609375,64882.9609375,64912.69921875,64552.01171875,64731.96875,0
2026-07-15 06:00:00+00:00,64772.71875,64772.71875,65213.28125,64768.0,64890.55078125,574838784
2026-07-15 07:00:00+00:00,64504.359375,64504.359375,64836.23046875,64437.96875,64781.4609375,945825792
2026-07-15 08:00:00+00:00,64719.9296875,64719.9296875,64738.0,64505.1015625,64520.0,152492032
2026-07-15 09:00:00+00:00,64615.578125,64615.578125,64870.75,64600.0,64714.51953125,159608832
2026-07-15 10:00:00+00:00,64603.96875,64603.96875,64798.3515625,64563.1796875,64595.8515625,0
2026-07-15 11:00:00+00:00,64676.8984375,64676.8984375,64700.0,64567.98828125,64605.98046875,74805248
2026-07-15 12:00:00+00:00,65106.41015625,65106.41015625,65185.921875,64545.19921875,64677.98828125,0
2026-07-15 13:00:00+00:00,65060.0390625,65060.0390625,65510.44921875,64824.5390625,65112.609375,369016832
2026-07-15 14:00:00+00:00,65339.5,65339.5,65462.0390625,65012.0390625,65078.62890625,190306304
2026-07-15 15:00:00+00:00,65369.98046875,65369.98046875,65499.98828125,65200.01171875,65323.98828125,0
2026-07-15 16:00:00+00:00,65060.48828125,65060.48828125,65413.87890625,64725.9609375,65388.71875,0
2026-07-15 17:00:00+00:00,65005.03125,65005.03125,65139.3203125,64916.8984375,65072.1796875,0
2026-07-15 18:00:00+00:00,64812.6796875,64812.6796875,65085.828125,64798.6484375,64997.578125,321009664
2026-07-15 19:00:00+00:00,64927.421875,64927.421875,64968.48046875,64702.78125,64816.578125,10137600
2026-07-15 20:00:00+00:00,64927.94921875,64927.94921875,65014.5390625,64874.53125,64943.609375,29859840
2026-07-15 21:00:00+00:00,64792.96875,64792.96875,64983.69921875,64750.0,64927.9609375,0
2026-07-15 22:00:00+00:00,64821.01953125,64821.01953125,64942.328125,64727.25,64789.609375,0
2026-07-15 23:00:00+00:00,64712.01171875,64712.01171875,64900.0,64667.37890625,64819.3984375,0
2026-07-16 00:00:00+00:00,64536.0,64536.0,64803.76953125,64453.98828125,64697.48828125,414722048
2026-07-16 01:00:00+00:00,64689.078125,64689.078125,64785.37890625,64347.0,64552.28125,27205632
2026-07-16 02:00:00+00:00,64595.8515625,64595.8515625,64689.078125,64531.1484375,64689.078125,0
2026-07-16 03:00:00+00:00,64560.0,64560.0,64694.12890625,64501.30859375,64592.21875,0
2026-07-16 04:00:00+00:00,64574.55078125,64574.55078125,64638.0390625,64488.75,64562.140625,374847488
2026-07-16 05:00:00+00:00,64865.140625,64865.140625,64940.75,64545.03125,64587.76953125,153446400
2026-07-16 06:00:00+00:00,64719.01171875,64719.01171875,64911.078125,64588.58984375,64865.140625,0
2026-07-16 07:00:00+00:00,64172.640625,64172.640625,64722.87890625,64042.8515625,64719.01953125,0
2026-07-16 08:00:00+00:00,64067.87109375,64067.87109375,64301.2890625,63834.37109375,64170.421875,2842585088
2026-07-16 09:00:00+00:00,64036.6015625,64036.6015625,64122.078125,63962.69140625,64071.7109375,2886025216
2026-07-16 10:00:00+00:00,64165.73046875,64165.73046875,64209.6484375,64015.98046875,64035.140625,343705600
2026-07-16 11:00:00+00:00,64200.0,64200.0,64220.171875,64048.01171875,64175.01171875,0
2026-07-16 12:00:00+00:00,63914.109375,63914.109375,64197.80859375,63802.48828125,64188.8203125,0
2026-07-16 13:00:00+00:00,64320.1796875,64320.1796875,64418.16015625,63918.66015625,63938.76953125,0
2026-07-16 14:00:00+00:00,64493.2109375,64493.2109375,64780.73828125,64278.19921875,64322.25,0
2026-07-16 15:00:00+00:00,64660.55078125,64660.55078125,64825.37890625,64264.58984375,64529.4296875,0
2026-07-16 16:00:00+00:00,64436.91015625,64436.91015625,64671.8984375,64286.109375,64667.01171875,0
2026-07-16 17:00:00+00:00,64029.76171875,64029.76171875,64434.828125,63943.83984375,64430.671875,0
2026-07-16 18:00:00+00:00,64201.46875,64201.46875,64285.44921875,64009.51171875,64028.421875,0
2026-07-16 19:00:00+00:00,64218.4609375,64218.4609375,64261.05078125,64099.62890625,64188.80859375,0
2026-07-16 20:00:00+00:00,64066.1484375,64066.1484375,64233.1796875,64060.48046875,64217.5390625,0
2026-07-16 21:00:00+00:00,64113.03125,64113.03125,64188.30859375,64047.0390625,64063.80859375,0
2026-07-16 22:00:00+00:00,63918.8203125,63918.8203125,64184.91015625,63900.0,64126.25,313681920
2026-07-16 23:00:00+00:00,63769.87109375,63769.87109375,63958.01171875,63690.78125,63898.2109375,438210560
2026-07-17 00:00:00+00:00,63833.859375,63833.859375,63852.01171875,63559.62890625,63772.05078125,0
2026-07-17 01:00:00+00:00,63489.0,63489.0,64009.62890625,63418.87109375,63836.44140625,282269696
2026-07-17 02:00:00+00:00,63430.08984375,63430.08984375,63596.08984375,63330.4296875,63464.62890625,434837504
2026-07-17 03:00:00+00:00,63508.140625,63508.140625,63661.87890625,63425.421875,63434.8515625,208195584
2026-07-17 04:00:00+00:00,63423.171875,63423.171875,63514.28125,63259.73828125,63508.1484375,0
2026-07-17 05:00:00+00:00,62782.58984375,62782.58984375,63397.48828125,62747.19921875,63396.51171875,1383671808
2026-07-17 06:00:00+00:00,62890.91015625,62890.91015625,62931.33984375,62657.51953125,62765.48828125,786272256
2026-07-17 07:00:00+00:00,62770.80859375,62770.80859375,62927.26171875,62741.48046875,62851.23046875,113352704
2026-07-17 08:00:00+00:00,62826.01171875,62826.01171875,62875.5390625,62603.78125,62766.078125,0
2026-07-17 09:00:00+00:00,62927.94140625,62927.94140625,63003.76953125,62795.51953125,62826.01171875,0
2026-07-17 10:00:00+00:00,63119.71875,63119.71875,63133.9296875,62924.25,62934.890625,46807040
2026-07-17 11:00:00+00:00,63230.48046875,63230.48046875,63296.62109375,63001.6015625,63119.71875,153339904
2026-07-17 12:00:00+00:00,63037.98828125,63037.98828125,63285.91015625,63012.640625,63237.73828125,0
2026-07-17 13:00:00+00:00,63089.91015625,63089.91015625,63112.87109375,62462.5390625,63042.140625,581152768
2026-07-17 14:00:00+00:00,63113.828125,63113.828125,63443.4296875,63021.30078125,63135.01171875,640800768
2026-07-17 15:00:00+00:00,63403.171875,63403.171875,63403.171875,62799.078125,63108.2109375,0
2026-07-17 16:00:00+00:00,63549.01171875,63549.01171875,63666.12109375,63262.890625,63381.98828125,268142592
2026-07-17 17:00:00+00:00,64015.0390625,64015.0390625,64190.890625,63550.109375,63550.109375,414912512
2026-07-17 18:00:00+00:00,64224.2109375,64224.2109375,64353.55859375,63851.25,64031.359375,1105590272
2026-07-17 19:00:00+00:00,64099.23828125,64099.23828125,64225.33984375,63938.87890625,64213.109375,255332352
2026-07-17 20:00:00+00:00,64077.44921875,64077.44921875,64153.33984375,63914.23828125,64096.69140625,462592000
2026-07-17 21:00:00+00:00,64071.5,64071.5,64186.0390625,64026.44921875,64077.44921875,108318720
2026-07-17 22:00:00+00:00,63937.98828125,63937.98828125,64109.16015625,63875.078125,64066.01953125,0
2026-07-17 23:00:00+00:00,63889.66015625,63889.66015625,63972.359375,63840.640625,63937.98828125,0
2026-07-18 00:00:00+00:00,63865.75,63865.75,63965.75,63850.12890625,63893.98828125,0
2026-07-18 01:00:00+00:00,63916.0,63916.0,63959.73046875,63842.3515625,63871.73828125,0
2026-07-18 02:00:00+00:00,63912.28125,63912.28125,63988.3203125,63884.46875,63916.0,0
2026-07-18 03:00:00+00:00,63970.76171875,63970.76171875,63977.55859375,63888.48046875,63912.28125,0
2026-07-18 04:00:00+00:00,63925.87109375,63925.87109375,63976.0,63895.98828125,63976.0,0
2026-07-18 05:00:00+00:00,63925.6015625,63925.6015625,63954.71875,63875.30859375,63925.87109375,0
2026-07-18 06:00:00+00:00,63935.4296875,63935.4296875,63962.7109375,63901.37109375,63924.328125,0
2026-07-18 07:00:00+00:00,63967.62890625,63967.62890625,63984.80859375,63925.69140625,63935.4296875,0
2026-07-18 08:00:00+00:00,63960.0,63960.0,63980.26171875,63910.94921875,63950.921875,0
2026-07-18 09:00:00+00:00,63943.69921875,63943.69921875,63963.640625,63899.4609375,63960.0,0
2026-07-18 10:00:00+00:00,63961.48046875,63961.48046875,63969.4296875,63939.3203125,63940.8984375,0
2026-07-18 11:00:00+00:00,64016.19140625,64016.19140625,64041.16015625,63960.23828125,63961.48046875,0
2026-07-18 12:00:00+00:00,64164.48046875,64164.48046875,64211.98046875,64009.37890625,64024.62109375,66361344
2026-07-18 13:00:00+00:00,64065.0703125,64065.0703125,64164.48046875,63921.6015625,64164.48046875,0
2026-07-18 14:00:00+00:00,64085.46875,64085.46875,64151.0,64054.078125,64076.1484375,0
2026-07-18 15:00:00+00:00,64076.87890625,64076.87890625,64113.1796875,63987.8515625,64087.19140625,0
2026-07-18 16:00:00+00:00,64259.01953125,64259.01953125,64267.51953125,64040.76171875,64076.87890625,0
2026-07-18 17:00:00+00:00,64438.76953125,64438.76953125,64449.98828125,64227.98828125,64264.19140625,0
2026-07-18 18:00:00+00:00,64468.23828125,64468.23828125,64591.3515625,64436.7890625,64443.3203125,0
2026-07-18 19:00:00+00:00,64515.48046875,64515.48046875,64561.91015625,64443.12890625,64472.01953125,0
2026-07-18 20:00:00+00:00,64654.578125,64654.578125,64690.7109375,64470.53125,64521.44140625,130798592
2026-07-18 21:00:00+00:00,64692.01171875,64692.01171875,64808.46875,64576.640625,64652.66015625,0
2026-07-18 22:00:00+00:00,64764.3203125,64764.3203125,64825.671875,64668.640625,64692.01171875,304708608
2026-07-18 23:00:00+00:00,64793.76171875,64793.76171875,64807.2109375,64676.0,64764.328125,6744064
2026-07-19 00:00:00+00:00,64732.94140625,64732.94140625,64861.9296875,64732.3515625,64799.609375,205850624
2026-07-19 01:00:00+00:00,64725.0,64725.0,64751.05859375,64722.37109375,64745.87890625,0
2026-07-19 02:00:00+00:00,64784.08984375,64784.08984375,64910.03125,64667.46875,64725.0,351183872
2026-07-19 03:00:00+00:00,64670.12109375,64670.12109375,64800.0,64585.5390625,64784.08984375,0
2026-07-19 04:00:00+00:00,64681.46875,64681.46875,64752.01171875,64571.9609375,64670.12109375,0
2026-07-19 05:00:00+00:00,64682.2109375,64682.2109375,64767.1796875,64631.83984375,64690.2890625,0
2026-07-19 06:00:00+00:00,64668.08984375,64668.08984375,64718.62890625,64650.23828125,64679.69140625,73436160
2026-07-19 07:00:00+00:00,64678.0,64678.0,64736.0,64633.44921875,64668.08984375,42611712
2026-07-19 08:00:00+00:00,64668.44921875,64668.44921875,64699.48046875,64585.609375,64678.0,195252224
2026-07-19 09:00:00+00:00,64470.3203125,64470.3203125,64680.171875,64458.87890625,64672.30859375,105986048
2026-07-19 10:00:00+00:00,64553.6484375,64553.6484375,64653.921875,64435.03125,64470.3203125,0
2026-07-19 11:00:00+00:00,64426.69921875,64426.69921875,64596.0,64401.80859375,64550.69140625,0
2026-07-19 12:00:00+00:00,64398.0,64398.0,64420.21875,64238.078125,64420.21875,255333376
2026-07-19 13:00:00+00:00,64432.671875,64432.671875,64470.26171875,64259.19140625,64399.2890625,479375360
2026-07-19 14:00:00+00:00,64547.19921875,64547.19921875,64594.421875,64370.55859375,64432.30078125,158755840
2026-07-19 15:00:00+00:00,64540.03125,64540.03125,64581.0703125,64451.75,64547.2109375,17799168
2026-07-19 16:00:00+00:00,64495.078125,64495.078125,64596.51171875,64460.01171875,64532.48046875,79618048
2026-07-19 17:00:00+00:00,64504.55859375,64504.55859375,64701.890625,64338.2109375,64490.1484375,0
2026-07-19 18:00:00+00:00,64374.23046875,64374.23046875,64510.0,64256.76171875,64502.3984375,0
2026-07-19 19:00:00+00:00,64410.0,64410.0,64423.5703125,64301.05078125,64387.98046875,0
2026-07-19 20:00:00+00:00,64488.3203125,64488.3203125,64494.8203125,64410.0,64410.0,0
2026-07-19 21:00:00+00:00,64372.609375,64372.609375,64518.3515625,64300.0,64492.51171875,0
2026-07-19 22:00:00+00:00,64629.21875,64629.21875,64855.921875,64317.01953125,64355.109375,622130176
2026-07-19 23:00:00+00:00,64681.828125,64681.828125,64727.87109375,64523.98828125,64626.01171875,125468672
2026-07-20 00:00:00+00:00,64503.0390625,64503.0390625,65040.46875,64364.19921875,64685.609375,644488192
2026-07-20 01:00:00+00:00,64576.640625,64576.640625,64959.3515625,64453.9296875,64510.94921875,472088576
2026-07-20 02:00:00+00:00,64775.7890625,64775.7890625,64906.828125,64544.55078125,64575.76171875,0
2026-07-20 03:00:00+00:00,64814.390625,64814.390625,64863.5390625,64599.44921875,64775.7890625,0
2026-07-20 04:00:00+00:00,64493.66015625,64493.66015625,64820.98046875,64485.87109375,64820.98046875,439355392
2026-07-20 05:00:00+00:00,64072.46875,64072.46875,64504.94921875,64043.1015625,64503.01171875,999267328
2026-07-20 06:00:00+00:00,63859.03125,63859.03125,64160.7890625,63702.01171875,64076.16015625,820592640
2026-07-20 07:00:00+00:00,64214.23828125,64214.23828125,64245.19921875,63834.9296875,63861.76171875,815616000
2026-07-20 08:00:00+00:00,63997.3515625,63997.3515625,64297.2890625,63829.98828125,64199.76953125,2564913152
2026-07-20 09:00:00+00:00,64138.71875,64138.71875,64221.55859375,63952.421875,63997.3515625,315140096
2026-07-20 10:00:00+00:00,64242.3515625,64242.3515625,64354.37890625,64100.1015625,64137.4609375,6586368
2026-07-20 11:00:00+00:00,64944.01171875,64944.01171875,65005.48046875,64218.12109375,64250.69921875,884346880
2026-07-20 12:00:00+00:00,64585.98828125,64585.98828125,64947.16015625,64544.76171875,64947.16015625,427556864
2026-07-20 13:00:00+00:00,64274.640625,64274.640625,64695.62890625,64153.3203125,64599.71875,910170112
2026-07-20 14:00:00+00:00,64346.62890625,64346.62890625,64480.0,64015.359375,64285.48828125,741005312
2026-07-20 15:00:00+00:00,65551.0078125,65551.0078125,65580.0,64348.0,64404.0,2737639424
2026-07-20 16:00:00+00:00,65454.01171875,65454.01171875,65591.1484375,65296.69921875,65562.0,1077618688
2026-07-20 17:00:00+00:00,65533.51953125,65533.51953125,65591.8125,65289.73828125,65459.23046875,0
2026-07-20 18:00:00+00:00,65192.3203125,65192.3203125,65742.1328125,65150.01171875,65548.28125,1193953280
2026-07-20 19:00:00+00:00,65085.01953125,65085.01953125,65221.73828125,64990.25,65181.0,873455616
2026-07-20 20:00:00+00:00,65327.98828125,65327.98828125,65390.55859375,65010.328125,65129.94921875,811008000
2026-07-20 21:00:00+00:00,65241.69140625,65241.69140625,65399.87890625,65226.41015625,65303.421875,0
2026-07-20 22:00:00+00:00,65105.44140625,65105.44140625,65241.69140625,65050.01171875,65241.69140625,0
2026-07-20 23:00:00+00:00,65213.05078125,65213.05078125,65231.12109375,65085.83984375,65106.78125,0
2026-07-21 00:00:00+00:00,65522.30859375,65522.30859375,65544.5625,65106.80078125,65192.12109375,0
2026-07-21 01:00:00+00:00,65193.53125,65193.53125,65618.0,65188.7890625,65509.5390625,0
2026-07-21 02:00:00+00:00,65366.94921875,65366.94921875,65446.98046875,65129.98046875,65194.21875,0
2026-07-21 03:00:00+00:00,65528.21875,65528.21875,65542.6328125,65363.53125,65366.94921875,384976896
2026-07-21 04:00:00+00:00,65472.01171875,65472.01171875,65695.4921875,65431.26171875,65522.30859375,565540864
2026-07-21 05:00:00+00:00,65704.1015625,65704.1015625,65848.7890625,65441.23046875,65462.94921875,0
2026-07-21 06:00:00+00:00,65874.6796875,65874.6796875,65946.8125,65596.8828125,65719.0390625,863668224
2026-07-21 07:00:00+00:00,66143.03125,66143.03125,66194.90625,65822.4609375,65856.2109375,0
2026-07-21 08:00:00+00:00,66186.390625,66186.390625,66316.7890625,66086.2265625,66145.3515625,0
2026-07-21 09:00:00+00:00,66250.78125,66250.78125,66310.09375,66114.0,66186.390625,0
2026-07-21 10:00:00+00:00,66148.2109375,66148.2109375,66387.1484375,66135.0,66260.6015625,781248512
2026-07-21 11:00:00+00:00,66309.46875,66309.46875,66318.59375,66107.0234375,66138.796875,0
2026-07-21 12:00:00+00:00,66508.8515625,66508.8515625,66592.03125,66227.7734375,66309.4609375,0
2026-07-21 13:00:00+00:00,66742.921875,66742.921875,66760.2578125,66280.0078125,66508.8515625,21803008
2026-07-21 14:00:00+00:00,66809.71875,66809.71875,66915.8984375,66609.3515625,66743.7109375,1558628352
2026-07-21 15:00:00+00:00,66648.3984375,66648.3984375,66804.3984375,66499.953125,66804.3984375,0
2026-07-21 16:00:00+00:00,66512.6328125,66512.6328125,66728.0078125,66430.5625,66647.578125,0
2026-07-21 17:00:00+00:00,66170.421875,66170.421875,66539.8984375,66103.1015625,66510.09375,458283008
2026-07-21 18:00:00+00:00,66282.0078125,66282.0078125,66324.7734375,66070.5390625,66180.421875,0
2026-07-21 19:00:00+00:00,66415.4375,66415.4375,66476.296875,66231.5625,66278.6484375,0
2026-07-21 20:00:00+00:00,66370.0078125,66370.0078125,66466.0,66324.0234375,66466.0,0
2026-07-21 21:00:00+00:00,66346.90625,66346.90625,66378.53125,66248.6484375,66368.0,425461760
2026-07-21 22:00:00+00:00,66268.0078125,66268.0078125,66351.5703125,66183.421875,66329.9765625,0
2026-07-21 23:00:00+00:00,66516.1796875,66516.1796875,66532.890625,66187.6796875,66263.671875,3618816
2026-07-22 00:00:00+00:00,66586.6875,66586.6875,66696.421875,66499.0,66525.0078125,635860992
2026-07-22 01:00:00+00:00,66389.1796875,66389.1796875,66617.421875,66243.6875,66583.3515625,278083584
2026-07-22 02:00:00+00:00,66268.0078125,66268.0078125,66493.34375,66253.6796875,66392.0,521433088
2026-07-22 03:00:00+00:00,66166.75,66166.75,66330.328125,66133.796875,66262.1015625,0
2026-07-22 04:00:00+00:00,66336.0,66336.0,66380.8515625,66153.78125,66153.78125,187021312
2026-07-22 05:00:00+00:00,65937.328125,65937.328125,66336.0,65901.3828125,66336.0,276082688
2026-07-22 06:00:00+00:00,65891.2734375,65891.2734375,65983.9375,65786.140625,65937.3203125,0
2026-07-22 07:00:00+00:00,65795.2734375,65795.2734375,65929.25,65668.6484375,65890.7109375,341962752
2026-07-22 08:00:00+00:00,65940.4765625,65940.4765625,66112.3984375,65802.25,65802.25,586672128
2026-07-22 09:00:00+00:00,65884.2734375,65884.2734375,66040.328125,65800.0625,65933.5234375,1107994624
2026-07-22 10:00:00+00:00,66008.9921875,66008.9921875,66066.25,65850.0,65884.2890625,0
2026-07-22 11:00:00+00:00,65972.5,65972.5,66046.0234375,65862.4296875,65998.078125,15548416
2026-07-22 12:00:00+00:00,65587.7578125,65587.7578125,65972.4375,65500.96875,65964.4375,0
2026-07-22 13:00:00+00:00,65914.7421875,65914.7421875,65937.859375,65514.859375,65587.9921875,0
2026-07-22 14:00:00+00:00,65760.953125,65760.953125,66146.9765625,65549.53125,65899.2265625,0
2026-07-22 15:00:00+00:00,66020.0390625,66020.0390625,66105.59375,65764.0,65765.90625,0
2026-07-22 16:00:00+00:00,66208.5234375,66208.5234375,66364.359375,65889.1171875,66012.7109375,32114688
2026-07-22 17:00:00+00:00,66001.640625,66001.640625,66256.140625,65914.6796875,66204.828125,0
2026-07-22 18:00:00+00:00,65858.296875,65858.296875,66051.0,65697.4765625,66000.9375,0
2026-07-22 19:00:00+00:00,65900.9921875,65900.9921875,65932.5390625,65660.8984375,65864.2578125,0
2026-07-22 20:00:00+00:00,65892.421875,65892.421875,65950.953125,65758.1171875,65830.1328125,89208832
2026-07-22 21:00:00+00:00,66040.2578125,66040.2578125,66100.0,65863.7578125,65891.15625,0
2026-07-22 22:00:00+00:00,66014.3828125,66014.3828125,66041.25,65897.65625,66041.25,0
2026-07-22 23:00:00+00:00,66086.609375,66086.609375,66113.890625,65814.5625,66017.9921875,146616320
2026-07-23 00:00:00+00:00,66033.59375,66033.59375,66280.609375,66023.5625,66098.453125,0
2026-07-23 01:00:00+00:00,65799.0078125,65799.0078125,66180.3515625,65720.109375,66032.859375,164464640
2026-07-23 02:00:00+00:00,65777.2265625,65777.2265625,65818.140625,65630.953125,65789.75,0
2026-07-23 03:00:00+00:00,65624.5078125,65624.5078125,65785.5703125,65544.09375,65781.6328125,0
2026-07-23 04:00:00+00:00,65570.5390625,65570.5390625,65701.078125,65556.84375,65604.3828125,0
2026-07-23 05:00:00+00:00,65660.203125,65660.203125,65762.9921875,65531.828125,65576.15625,0
2026-07-23 06:00:00+00:00,65758.109375,65758.109375,65785.7109375,65591.9921875,65660.78125,0
2026-07-23 07:00:00+00:00,65394.80859375,65394.80859375,65749.453125,65318.25,65749.453125,0
2026-07-23 08:00:00+00:00,65619.2265625,65619.2265625,65624.40625,65374.66015625,65396.71875,0
2026-07-23 09:00:00+00:00,65607.0703125,65607.0703125,65718.6015625,65565.2265625,65591.203125,0
2026-07-23 10:00:00+00:00,65708.5625,65708.5625,65761.0234375,65556.953125,65617.8125,0
2026-07-23 11:00:00+00:00,65525.21875,65525.21875,65709.8828125,65505.51171875,65708.5625,0
2026-07-23 12:00:00+00:00,65132.140625,65132.140625,65550.890625,64948.16015625,65522.171875,695375872
2026-07-23 13:00:00+00:00,64836.0,64836.0,65184.62890625,64817.62890625,65132.0,0
2026-07-23 14:00:00+00:00,64868.19921875,64868.19921875,65180.0,64780.0,64844.5390625,735115264
2026-07-23 15:00:00+00:00,64898.25,64898.25,64976.01171875,64673.69140625,64853.1484375,239742976
2026-07-23 16:00:00+00:00,64691.01171875,64691.01171875,64898.7890625,64656.0,64898.7890625,353916928
2026-07-23 17:00:00+00:00,64619.12109375,64619.12109375,64829.05078125,64601.3515625,64690.0,210288640
2026-07-23 18:00:00+00:00,64807.578125,64807.578125,64892.109375,64617.8984375,64619.12109375,79642624
2026-07-23 19:00:00+00:00,64778.21875,64778.21875,64879.1015625,64626.171875,64823.05859375,377108480
2026-07-23 20:00:00+00:00,65095.28125,65095.28125,65143.5703125,64763.578125,64763.578125,244234240
2026-07-23 21:00:00+00:00,65120.19140625,65120.19140625,65153.21875,64959.1015625,65097.58984375,10033152
2026-07-23 22:00:00+00:00,65142.51171875,65142.51171875,65177.73828125,64962.7890625,65120.19921875,543023104
2026-07-23 23:00:00+00:00,65051.23046875,65051.23046875,65167.48046875,64997.609375,65134.53125,507904
2026-07-24 00:00:00+00:00,64925.8515625,64925.8515625,65057.98828125,64701.3515625,65057.51171875,0
2026-07-24 01:00:00+00:00,65030.0,65030.0,65120.19140625,64894.69921875,64928.4296875,0
2026-07-24 02:00:00+00:00,65066.98046875,65066.98046875,65135.94921875,64881.91015625,65030.69921875,0
2026-07-24 03:00:00+00:00,65408.0,65408.0,65416.48828125,65019.9609375,65066.98046875,77557760
2026-07-24 04:00:00+00:00,65240.96875,65240.96875,65420.9296875,65217.98828125,65420.9296875,0
2026-07-24 05:00:00+00:00,65268.44140625,65268.44140625,65345.73046875,65205.98828125,65268.28125,114759680
2026-07-24 06:00:00+00:00,65426.94140625,65426.94140625,65464.58984375,65226.7890625,65259.98828125,716007424
2026-07-24 07:00:00+00:00,65453.98046875,65453.98046875,65756.7578125,65316.0,65432.55859375,397283328
2026-07-24 08:00:00+00:00,65259.01953125,65259.01953125,65464.109375,65259.01953125,65456.421875,68415488
2026-07-24 09:00:00+00:00,65064.2890625,65064.2890625,65275.78125,64900.0,65257.0,35381248
2026-07-24 10:00:00+00:00,64903.08984375,64903.08984375,65101.05859375,64855.21875,65074.73046875,294922240
2026-07-24 11:00:00+00:00,65027.6484375,65027.6484375,65033.76953125,64800.01171875,64903.08984375,302503936
2026-07-24 12:00:00+00:00,64715.98046875,64715.98046875,65072.98828125,64701.62109375,65012.12890625,0
2026-07-24 13:00:00+00:00,64056.01171875,64056.01171875,64738.0,63848.2890625,64738.0,923621376
2026-07-24 14:00:00+00:00,63993.51171875,63993.51171875,64139.328125,63669.5703125,64095.0,0
2026-07-24 15:00:00+00:00,64034.75,64034.75,64257.578125,63782.03125,63980.37890625,1884684288
2026-07-24 16:00:00+00:00,63889.83984375,63889.83984375,64139.75,63810.80078125,64026.98828125,0
2026-07-24 17:00:00+00:00,64117.0703125,64117.0703125,64137.51171875,63838.890625,63887.30078125,0
2026-07-24 18:00:00+00:00,64210.91015625,64210.91015625,64236.98046875,64066.328125,64110.7890625,0
2026-07-24 19:00:00+00:00,64161.76171875,64161.76171875,64236.1796875,64081.73828125,64222.640625,0
2026-07-24 20:00:00+00:00,64102.6015625,64102.6015625,64223.73046875,64071.71875,64170.171875,0
2026-07-24 21:00:00+00:00,64087.30078125,64087.30078125,64157.25,64063.98046875,64103.98828125,275441664
2026-07-24 22:00:00+00:00,64100.51953125,64100.51953125,64151.66015625,64064.859375,64088.08984375,0
2026-07-24 23:00:00+00:00,64083.3203125,64083.3203125,64117.80078125,64075.58984375,64100.51953125,0
2026-07-25 00:00:00+00:00,64009.0,64009.0,64114.5390625,63990.12890625,64083.30859375,0
2026-07-25 01:00:00+00:00,64006.48828125,64006.48828125,64098.80078125,63942.28125,64009.01171875,0
2026-07-25 02:00:00+00:00,63980.5703125,63980.5703125,64039.2890625,63956.87109375,64012.28125,0
2026-07-25 03:00:00+00:00,64021.421875,64021.421875,64042.48828125,63954.37890625,63980.5703125,0
2026-07-25 04:00:00+00:00,64117.19140625,64117.19140625,64143.2890625,64021.41015625,64021.41015625,0
2026-07-25 05:00:00+00:00,63956.5703125,63956.5703125,64135.0,63916.0,64117.19140625,100388864
2026-07-25 06:00:00+00:00,63952.078125,63952.078125,64005.5703125,63894.01171875,63956.5703125,0
2026-07-25 07:00:00+00:00,63940.5,63940.5,63979.71875,63933.76953125,63952.2109375,0
2026-07-25 08:00:00+00:00,63806.7109375,63806.7109375,63946.37890625,63733.6796875,63941.41015625,0
2026-07-25 09:00:00+00:00,63940.12890625,63940.12890625,63963.390625,63762.12109375,63816.671875,601425920
2026-07-25 10:00:00+00:00,64000.078125,64000.078125,64000.078125,63924.26171875,63947.66015625,0
2026-07-25 11:00:00+00:00,64005.73046875,64005.73046875,64044.80859375,63982.640625,64000.078125,0
2026-07-25 12:00:00+00:00,64055.98046875,64055.98046875,64055.98046875,63974.96875,64005.73046875,0
2026-07-25 13:00:00+00:00,64103.890625,64103.890625,64197.859375,64044.30078125,64055.98828125,0
2026-07-25 14:00:00+00:00,64149.078125,64149.078125,64153.5,64056.609375,64103.890625,0
2026-07-25 15:00:00+00:00,64117.69921875,64117.69921875,64214.421875,64108.0,64145.25,0
2026-07-25 16:00:00+00:00,64151.30859375,64151.30859375,64179.62890625,64056.91015625,64127.1796875,0
2026-07-25 17:00:00+00:00,64202.0390625,64202.0390625,64257.69140625,64133.640625,64151.3203125,0
2026-07-25 18:00:00+00:00,64353.78125,64353.78125,64386.73828125,64206.19921875,64206.19921875,0
2026-07-25 19:00:00+00:00,64328.7109375,64328.7109375,64382.69921875,64315.87890625,64360.8984375,0
2026-07-25 20:00:00+00:00,64276.5703125,64276.5703125,64335.05859375,64246.8515625,64333.55078125,0
2026-07-25 21:00:00+00:00,64288.0,64288.0,64368.87890625,64193.98828125,64277.5390625,0
2026-07-25 22:00:00+00:00,64352.26953125,64352.26953125,64369.69921875,64288.55859375,64295.80078125,0
2026-07-25 23:00:00+00:00,64293.9296875,64293.9296875,64369.0,64293.9296875,64352.26953125,164596736
2026-07-26 00:00:00+00:00,64450.0,64450.0,64450.0390625,64289.28125,64301.98046875,0
2026-07-26 01:00:00+00:00,64404.53125,64404.53125,64475.8515625,64390.12890625,64450.0,302720000
2026-07-26 02:00:00+00:00,64460.8984375,64460.8984375,64466.44140625,64368.0390625,64407.98828125,0
2026-07-26 03:00:00+00:00,64490.4609375,64490.4609375,64524.48828125,64424.01171875,64464.73046875,0
2026-07-26 04:00:00+00:00,64465.078125,64465.078125,64537.98828125,64429.6796875,64486.33984375,165519360
2026-07-26 05:00:00+00:00,64352.94140625,64352.94140625,64465.078125,64352.94140625,64465.078125,0
2026-07-26 06:00:00+00:00,64375.73046875,64375.73046875,64391.94921875,64229.6015625,64357.98046875,150255616
2026-07-26 07:00:00+00:00,64309.421875,64309.421875,64399.3515625,64280.73828125,64372.83984375,0
2026-07-26 08:00:00+00:00,64423.01171875,64423.01171875,64433.01953125,64288.51171875,64310.7109375,0
2026-07-26 09:00:00+00:00,64481.640625,64481.640625,64492.828125,64420.03125,64423.0,0
2026-07-26 10:00:00+00:00,64454.171875,64454.171875,64512.73046875,64437.109375,64481.62890625,0
2026-07-26 11:00:00+00:00,64450.48046875,64450.48046875,64472.0,64426.98828125,64450.140625,0
2026-07-26 12:00:00+00:00,64405.03125,64405.03125,64599.03125,64379.3984375,64450.48046875,232339456
2026-07-26 13:00:00+00:00,64466.4609375,64466.4609375,64513.6796875,64353.01953125,64404.01953125,7628800
2026-07-26 14:00:00+00:00,64658.98046875,64658.98046875,64710.01171875,64465.96875,64466.4609375,390888448
2026-07-26 15:00:00+00:00,64710.28125,64710.28125,64766.2109375,64616.58984375,64658.98828125,128858112
2026-07-26 16:00:00+00:00,64674.94140625,64674.94140625,64868.94140625,64643.48046875,64722.91015625,289716224
2026-07-26 17:00:00+00:00,64644.05859375,64644.05859375,64739.890625,64613.55859375,64672.69921875,265842688
2026-07-26 18:00:00+00:00,64686.19140625,64686.19140625,64717.28125,64613.48828125,64627.80078125,0
2026-07-26 19:00:00+00:00,64641.08984375,64641.08984375,64702.3984375,64620.578125,64686.19921875,84586496
2026-07-26 20:00:00+00:00,64595.26171875,64595.26171875,64648.3515625,64580.16015625,64644.859375,0
2026-07-26 21:00:00+00:00,64791.12109375,64791.12109375,64851.0703125,64587.328125,64601.91015625,0
2026-07-26 22:00:00+00:00,65347.9609375,65347.9609375,65448.01171875,64954.0,64974.0,1504789504
2026-07-26 23:00:00+00:00,65336.30859375,65336.30859375,65504.80859375,65230.01953125,65375.0,663649280
2026-07-27 00:00:00+00:00,65069.98828125,65069.98828125,65358.2890625,65004.25,65351.0,423820288
2026-07-27 01:00:00+00:00,65141.4296875,65141.4296875,65155.2890625,64843.48046875,65070.4296875,353707008
2026-07-27 02:00:00+00:00,65115.390625,65115.390625,65215.19140625,65055.87890625,65141.44140625,492533760
2026-07-27 03:00:00+00:00,65227.73046875,65227.73046875,65307.19921875,65103.828125,65115.96875,385384448
2026-07-27 04:00:00+00:00,65229.53125,65229.53125,65437.25,65191.01953125,65227.71875,326219776
2026-07-27 05:00:00+00:00,65403.98828125,65403.98828125,65430.0,65224.98046875,65229.53125,27447296
2026-07-27 06:00:00+00:00,65357.98828125,65357.98828125,65650.671875,65355.53125,65407.671875,745957376
2026-07-27 07:00:00+00:00,65165.1015625,65165.1015625,65387.98828125,65157.640625,65348.98828125,961705984
2026-07-27 08:00:00+00:00,65104.5,65104.5,65201.0703125,65066.44140625,65175.48828125,809254912
2026-07-27 09:00:00+00:00,65202.98828125,65202.98828125,65282.75,65037.66015625,65088.16015625,1291581440
2026-07-27 10:00:00+00:00,65278.0,65278.0,65370.5390625,65169.359375,65188.51171875,691945472
2026-07-27 11:00:00+00:00,65040.328125,65040.328125,65278.0,65035.98828125,65278.0,229496832
2026-07-27 12:00:00+00:00,65021.0,65021.0,65197.69921875,64791.05078125,65053.171875,494503936
2026-07-27 13:00:00+00:00,65161.6484375,65161.6484375,65654.8671875,64845.2890625,65024.19140625,1139945472
2026-07-27 14:00:00+00:00,64611.76171875,64611.76171875,65354.12109375,64396.3203125,65166.6796875,1405184000
2026-07-27 15:00:00+00:00,64476.76953125,64476.76953125,64704.359375,64369.1796875,64593.26171875,622467072
2026-07-27 16:00:00+00:00,64828.30859375,64828.30859375,64899.23828125,64440.48828125,64485.5390625,324753408
2026-07-27 17:00:00+00:00,64951.078125,64951.078125,65018.69921875,64718.078125,64819.53125,144111616
2026-07-27 18:00:00+00:00,64805.578125,64805.578125,64990.23828125,64678.1484375,64951.08984375,404586496
2026-07-27 19:00:00+00:00,64907.98828125,64907.98828125,65014.3515625,64737.55859375,64805.5703125,234043392
2026-07-27 20:00:00+00:00,64903.48828125,64903.48828125,64989.0,64836.6796875,64915.16015625,141035520
2026-07-27 21:00:00+00:00,64762.171875,64762.171875,64903.48828125,64738.44140625,64903.48828125,0
2026-07-27 22:00:00+00:00,63746.23828125,63746.23828125,64742.23828125,63746.23828125,64742.23828125,0
2026-07-27 23:00:00+00:00,63696.46875,63696.46875,63878.94140625,63545.8515625,63732.73828125,812914688
2026-07-28 00:00:00+00:00,63421.94140625,63421.94140625,63767.7109375,63410.078125,63698.2109375,349126656
2026-07-28 01:00:00+00:00,63170.48828125,63170.48828125,63465.5,63007.8203125,63412.5,1060788224
2026-07-28 02:00:00+00:00,63115.55859375,63115.55859375,63235.609375,63038.1796875,63155.98828125,0
2026-07-28 03:00:00+00:00,63276.83984375,63276.83984375,63309.01171875,63093.6015625,63115.55859375,211304448
2026-07-28 04:00:00+00:00,63285.4609375,63285.4609375,63294.421875,63153.1015625,63265.3984375,0
2026-07-28 05:00:00+00:00,63385.51953125,63385.51953125,63546.6484375,63258.7109375,63285.4609375,339611648
2026-07-28 06:00:00+00:00,63564.2890625,63564.2890625,63579.62109375,63333.03125,63385.51171875,0
2026-07-28 07:00:00+00:00,63435.80078125,63435.80078125,63580.76171875,63386.94921875,63572.078125,0
2026-07-28 08:00:00+00:00,63353.51171875,63353.51171875,63469.80078125,63330.30859375,63435.80078125,0
2026-07-28 09:00:00+00:00,63322.28125,63322.28125,63507.28125,63294.71875,63349.9296875,0
2026-07-28 10:00:00+00:00,63401.109375,63401.109375,63484.48046875,63227.94140625,63322.28125,0
2026-07-28 11:00:00+00:00,63414.078125,63414.078125,63530.03125,63291.03125,63409.5703125,33814528
2026-07-28 12:00:00+00:00,63475.12109375,63475.12109375,63495.01953125,63297.01171875,63393.5,0
2026-07-28 13:00:00+00:00,63026.0703125,63026.0703125,63515.98828125,62711.5,63468.44140625,278753280
2026-07-28 14:00:00+00:00,63336.05078125,63336.05078125,63444.1796875,62881.328125,63081.66015625,0
2026-07-28 15:00:00+00:00,63857.58984375,63857.58984375,63942.53125,63187.48046875,63332.98828125,424720384
2026-07-28 16:00:00+00:00,63973.3984375,63973.3984375,64032.37890625,63705.828125,63851.21875,0
2026-07-28 17:00:00+00:00,63615.921875,63615.921875,63960.0,63434.640625,63960.0,801329152
2026-07-28 18:00:00+00:00,63656.578125,63656.578125,63765.359375,63600.0,63619.46875,0
2026-07-28 19:00:00+00:00,63817.55859375,63817.55859375,63817.55859375,63601.44921875,63668.73828125,0
2026-07-28 20:00:00+00:00,63834.48046875,63834.48046875,63936.03125,63800.33984375,63840.0,222306304
2026-07-28 21:00:00+00:00,63892.890625,63892.890625,63978.421875,63807.62109375,63834.48046875,0
2026-07-28 22:00:00+00:00,63704.94140625,63704.94140625,63944.91015625,63692.5,63907.73046875,0
2026-07-28 23:00:00+00:00,63847.12109375,63847.12109375,63875.87890625,63469.62890625,63701.76171875,0
2026-07-29 00:00:00+00:00,63883.0,63883.0,64090.3203125,63791.91015625,63867.109375,28846080
2026-07-29 01:00:00+00:00,63619.078125,63619.078125,63918.828125,63606.37109375,63873.48046875,0
2026-07-29 02:00:00+00:00,63883.01171875,63883.01171875,64037.828125,63568.98828125,63634.46875,144171008
2026-07-29 03:00:00+00:00,63659.94921875,63659.94921875,63914.96875,63618.94140625,63891.66015625,0
2026-07-29 04:00:00+00:00,63878.16015625,63878.16015625,63884.30078125,63500.62890625,63673.7890625,261695488
2026-07-29 05:00:00+00:00,63976.87109375,63976.87109375,64009.5703125,63804.80078125,63882.94921875,158234624
2026-07-29 06:00:00+00:00,64352.6015625,64352.6015625,64375.921875,63938.4609375,63976.859375,560560128
2026-07-29 07:00:00+00:00,64477.69140625,64477.69140625,64494.05859375,64319.62109375,64362.51953125,0
2026-07-29 08:00:00+00:00,64342.3515625,64342.3515625,64503.0,64197.8515625,64487.2109375,224405504
2026-07-29 09:00:00+00:00,64611.25,64611.25,64641.78125,64300.76953125,64340.37890625,389038080
2026-07-29 10:00:00+00:00,64395.33984375,64395.33984375,64633.83984375,64334.76953125,64619.51953125,0
2026-07-29 11:00:00+00:00,64437.0,64437.0,64522.87109375,64343.26953125,64395.33984375,0
2026-07-29 12:00:00+00:00,64201.91015625,64201.91015625,64435.37890625,64150.0703125,64434.94921875,0
2026-07-29 13:00:00+00:00,64590.4609375,64590.4609375,64590.4609375,64069.0,64183.51171875,0
2026-07-29 14:00:00+00:00,64014.640625,64014.640625,64650.01171875,63966.62890625,64611.87890625,0
2026-07-29 15:00:00+00:00,63871.921875,63871.921875,64096.25,63790.0390625,64014.6484375,0
2026-07-29 16:00:00+00:00,63716.66015625,63716.66015625,64039.48828125,63538.73828125,63877.0390625,94453760
2026-07-29 17:00:00+00:00,64183.01171875,64183.01171875,64183.01171875,63622.609375,63716.640625,0
2026-07-29 18:00:00+00:00,64421.51171875,64421.51171875,64572.28125,63692.37890625,64332.87890625,2135263232
2026-07-29 19:00:00+00:00,63527.94140625,63527.94140625,64521.94921875,63480.69140625,64430.58984375,1408081920
2026-07-29 20:00:00+00:00,63437.01171875,63437.01171875,63663.51171875,63304.78125,63523.4296875,908242944
2026-07-29 21:00:00+00:00,63778.19921875,63778.19921875,63778.19921875,63206.0,63408.1015625,862601216
2026-07-29 22:00:00+00:00,63852.078125,63852.078125,64052.48046875,63778.4296875,63778.4296875,503392256
2026-07-29 23:00:00+00:00,63897.578125,63897.578125,63985.73828125,63809.4609375,63863.609375,0
2026-07-30 00:00:00+00:00,63600.6015625,63600.6015625,64027.578125,63513.44140625,63893.421875,22591488
2026-07-30 01:00:00+00:00,64183.75,64183.75,64274.671875,63600.58984375,63636.609375,249057280
2026-07-30 02:00:00+00:00,64103.3515625,64103.3515625,64333.73828125,64081.87890625,64203.08984375,0
2026-07-30 03:00:00+00:00,64071.421875,64071.421875,64210.91015625,64046.109375,64103.33984375,99842048
2026-07-30 04:00:00+00:00,63933.28125,63933.28125,64095.359375,63916.75,64077.73828125,0
2026-07-30 05:00:00+00:00,63947.71875,63947.71875,64094.80859375,63822.01171875,63927.98046875,102395904
2026-07-30 06:00:00+00:00,63915.30859375,63915.30859375,63997.12109375,63868.69921875,63947.578125,0
2026-07-30 07:00:00+00:00,63918.30859375,63918.30859375,64056.0,63855.16015625,63915.30859375,80875520
2026-07-30 08:00:00+00:00,64211.87890625,64211.87890625,64266.0,63885.3203125,63923.44140625,373997568
2026-07-30 09:00:00+00:00,64480.5703125,64480.5703125,64544.48828125,64188.140625,64211.87109375,1631981568
2026-07-30 10:00:00+00:00,64472.2890625,64472.2890625,64546.921875,64472.2890625,64498.33984375,110753792
2026-07-30 11:00:00+00:00,64700.83984375,64700.83984375,64789.94921875,64451.55859375,64485.5,462682112
2026-07-30 12:00:00+00:00,64839.6015625,64839.6015625,64935.83984375,64697.76171875,64720.51171875,517560320
2026-07-30 13:00:00+00:00,64950.0,64950.0,65113.578125,64601.44140625,64874.9609375,226985984
2026-07-30 14:00:00+00:00,64614.51953125,64614.51953125,64979.55078125,64551.62109375,64950.0,285751296
2026-07-30 15:00:00+00:00,64658.41015625,64658.41015625,64824.16015625,64541.8203125,64609.03125,0
2026-07-30 16:00:00+00:00,64750.44140625,64750.44140625,64895.8515625,64654.078125,64661.640625,0
2026-07-30 17:00:00+00:00,64809.66015625,64809.66015625,64925.6484375,64703.87890625,64756.83984375,0
2026-07-30 18:00:00+00:00,64634.01953125,64634.01953125,64839.44921875,64619.9296875,64809.66015625,0
2026-07-30 19:00:00+00:00,64727.51953125,64727.51953125,64839.80859375,64632.7109375,64632.7109375,0
2026-07-30 20:00:00+00:00,64711.328125,64711.328125,64877.98828125,64691.8984375,64723.73046875,0
2026-07-30 21:00:00+00:00,64670.6796875,64670.6796875,64743.44921875,64642.75,64711.328125,0
2026-07-30 22:00:00+00:00,64788.7890625,64788.7890625,64958.73828125,64601.44140625,64652.23828125,0
2026-07-30 23:00:00+00:00,64721.890625,64721.890625,65028.9609375,64689.1484375,64785.7109375,126167040
2026-07-31 00:00:00+00:00,64677.12109375,64677.12109375,64845.0,64629.19140625,64737.859375,0
2026-07-31 01:00:00+00:00,64493.6796875,64493.6796875,65329.5703125,64429.87109375,64693.94921875,526886912
2026-07-31 02:00:00+00:00,64230.03125,64230.03125,64536.421875,64133.390625,64482.98828125,440250368
2026-07-31 03:00:00+00:00,64296.76171875,64296.76171875,64368.01171875,64114.9609375,64230.03125,181397504
2026-07-31 04:00:00+00:00,64240.0,64240.0,64366.25,64168.66015625,64290.140625,0
2026-07-31 05:00:00+00:00,64290.12890625,64290.12890625,64351.80078125,64207.37890625,64239.46875,0
2026-07-31 06:00:00+00:00,64171.0703125,64171.0703125,64429.1484375,64138.05859375,64286.828125,133154816
2026-07-31 07:00:00+00:00,63872.109375,63872.109375,64179.359375,63820.1015625,64160.66015625,2426161152
2026-07-31 08:00:00+00:00,63754.30078125,63754.30078125,63907.3984375,63741.76953125,63835.3515625,0
2026-07-31 09:00:00+00:00,63646.69921875,63646.69921875,63775.8515625,63572.98828125,63761.87109375,0
2026-07-31 10:00:00+00:00,63850.421875,63850.421875,63889.01953125,63541.5390625,63632.359375,0
2026-07-31 11:00:00+00:00,63738.73828125,63738.73828125,63945.3515625,63729.3984375,63865.76171875,0
2026-07-31 12:00:00+00:00,63677.859375,63677.859375,63766.890625,63555.19921875,63756.5390625,0
2026-07-31 13:00:00+00:00,63196.73828125,63196.73828125,63761.94921875,63160.109375,63690.98828125,171573248
2026-07-31 14:00:00+00:00,62598.01953125,62598.01953125,63230.73046875,62399.76171875,63192.48046875,2680758272
2026-07-31 15:00:00+00:00,62625.76171875,62625.76171875,62673.03125,62390.7109375,62600.23046875,776017920
2026-07-31 16:00:00+00:00,62813.8515625,62813.8515625,62865.609375,62616.1796875,62628.3984375,275097600
2026-07-31 17:00:00+00:00,63177.9609375,63177.9609375,63228.078125,62728.4296875,62795.37890625,336611328
2026-07-31 18:00:00+00:00,63026.46875,63026.46875,63235.4609375,62889.640625,63177.41015625,563052544
2026-07-31 19:00:00+00:00,62891.890625,62891.890625,63089.6015625,62859.12890625,63026.46875,14292992
2026-07-31 20:00:00+00:00,62892.3984375,62892.3984375,62968.4296875,62862.55859375,62896.75,0
2026-07-31 21:00:00+00:00,62895.69921875,62895.69921875,62999.80859375,62781.859375,62892.41015625,127145984
2026-07-31 22:00:00+00:00,62884.94140625,62884.94140625,62963.48828125,62804.08984375,62886.6484375,0
2026-07-31 23:00:00+00:00,62824.75,62824.75,62957.48828125,62804.08984375,62885.171875,0
2026-08-01 00:00:00+00:00,62875.75,62875.75,62962.3203125,62824.78125,62832.51953125,165044224
2026-08-01 01:00:00+00:00,62903.0390625,62903.0390625,62929.8203125,62854.4296875,62875.73828125,0
2026-08-01 02:00:00+00:00,63001.73828125,63001.73828125,63035.5703125,62903.0390625,62903.0390625,0
2026-08-01 03:00:00+00:00,62938.5390625,62938.5390625,63011.26953125,62915.44140625,63003.3984375,0
2026-08-01 04:00:00+00:00,63035.7109375,63035.7109375,63037.5703125,62931.37109375,62937.51171875,0
2026-08-01 05:00:00+00:00,62965.76953125,62965.76953125,63071.69140625,62938.7890625,63030.44921875,0
2026-08-01 06:00:00+00:00,63013.19921875,63013.19921875,63022.390625,62932.921875,62971.62109375,0
2026-08-01 07:00:00+00:00,62988.58984375,62988.58984375,63053.0,62970.01953125,63016.171875,0
2026-08-01 08:00:00+00:00,63061.33984375,63061.33984375,63093.0,62991.48828125,62991.48828125,0
2026-08-01 09:00:00+00:00,62993.2890625,62993.2890625,63080.53125,62980.12890625,63061.48828125,0
2026-08-01 10:00:00+00:00,62999.44140625,62999.44140625,63044.44140625,62925.01171875,62990.828125,0
2026-08-01 11:00:00+00:00,63016.46875,63016.46875,63032.69921875,62973.46875,62991.25,0
2026-08-01 12:00:00+00:00,63039.62109375,63039.62109375,63058.37109375,63013.33984375,63016.46875,0
2026-08-01 13:00:00+00:00,63005.12109375,63005.12109375,63044.6015625,62986.421875,63034.5703125,0
2026-08-01 14:00:00+00:00,63066.23828125,63066.23828125,63068.9609375,63002.1796875,63009.44921875,0
2026-08-01 15:00:00+00:00,62938.8203125,62938.8203125,63066.19140625,62938.8203125,63066.1796875,0
2026-08-01 16:00:00+00:00,62879.1484375,62879.1484375,62959.23046875,62821.2890625,62941.3984375,0
2026-08-01 17:00:00+00:00,62652.578125,62652.578125,62934.80078125,62604.5703125,62875.44140625,0
2026-08-01 18:00:00+00:00,62523.7890625,62523.7890625,62678.41015625,62222.6015625,62638.66015625,211333120
2026-08-01 19:00:00+00:00,62471.53125,62471.53125,62568.921875,62398.9296875,62509.83984375,186913792
2026-08-01 20:00:00+00:00,62604.921875,62604.921875,62615.2890625,62432.55859375,62455.078125,0
2026-08-01 21:00:00+00:00,62761.359375,62761.359375,62803.12109375,62603.48828125,62603.48828125,0
2026-08-01 22:00:00+00:00,62765.359375,62765.359375,62810.51953125,62735.2890625,62760.1484375,0
2026-08-01 23:00:00+00:00,62764.19921875,62764.19921875,62799.33984375,62709.3515625,62765.359375,0
2026-08-02 00:00:00+00:00,62775.0,62775.0,62909.2109375,62743.87890625,62764.19921875,0
2026-08-02 01:00:00+00:00,62921.05078125,62921.05078125,63004.01953125,62782.05859375,62782.51171875,0
2026-08-02 02:00:00+00:00,63381.98828125,63381.98828125,63480.0,62895.0,62921.05078125,956019712
2026-08-02 03:00:00+00:00,63392.87109375,63392.87109375,63471.87890625,63306.5,63390.5,204731392
2026-08-02 04:00:00+00:00,63519.609375,63519.609375,63540.25,63407.96875,63407.96875,179216384
2026-08-02 05:00:00+00:00,63396.19921875,63396.19921875,63561.75,63351.01953125,63516.19921875,0
2026-08-02 06:00:00+00:00,63409.73828125,63409.73828125,63437.6796875,63368.80078125,63396.19140625,0
2026-08-02 07:00:00+00:00,63447.62109375,63447.62109375,63473.78125,63408.87890625,63411.01171875,293088256
2026-08-02 08:00:00+00:00,63130.0390625,63130.0390625,63464.98828125,63105.6015625,63441.359375,650278912
2026-08-02 09:00:00+00:00,63205.2109375,63205.2109375,63251.28125,63017.19921875,63130.0390625,253876224
2026-08-02 10:00:00+00:00,63142.76953125,63142.76953125,63207.2109375,63051.78125,63201.01171875,0
2026-08-02 11:00:00+00:00,62962.5,62962.5,63142.76171875,62923.46875,63142.76171875,199538688
2026-08-02 12:00:00+00:00,63062.08984375,63062.08984375,63162.8984375,62965.8515625,62965.8515625,47333376
2026-08-02 13:00:00+00:00,63054.0,63054.0,63082.44140625,62933.76953125,63050.01171875,134451200
2026-08-02 14:00:00+00:00,63002.30078125,63002.30078125,63099.359375,62991.51171875,63053.98828125,29817856
2026-08-02 15:00:00+00:00,63041.4296875,63041.4296875,63100.0,62986.140625,63002.30859375,127488000
2026-08-02 16:00:00+00:00,63104.859375,63104.859375,63189.83984375,63000.01171875,63046.08984375,0
2026-08-02 17:00:00+00:00,63228.01171875,63228.01171875,63265.109375,63081.46875,63104.859375,0
2026-08-02 18:00:00+00:00,63307.6015625,63307.6015625,63529.1796875,63216.4296875,63229.51171875,0
2026-08-02 19:00:00+00:00,63380.1796875,63380.1796875,63401.12890625,63248.55078125,63302.171875,0
2026-08-02 20:00:00+00:00,63423.328125,63423.328125,63430.16015625,63325.73046875,63387.75,0
2026-08-02 21:00:00+00:00,63503.80859375,63503.80859375,63695.05078125,63405.0,63425.87890625,201224192
2026-08-02 22:00:00+00:00,63351.05078125,63351.05078125,63730.48046875,63301.6796875,63589.05078125,661208064
2026-08-02 23:00:00+00:00,63499.48828125,63499.48828125,63528.76171875,63267.03125,63329.62109375,340466688
2026-08-03 00:00:00+00:00,63245.98046875,63245.98046875,63512.71875,63133.5703125,63503.98046875,64495616
2026-08-03 01:00:00+00:00,63130.87890625,63130.87890625,63280.0703125,63034.5703125,63237.0,338775040
2026-08-03 02:00:00+00:00,63081.3203125,63081.3203125,63200.19921875,63015.19140625,63127.44921875,0
2026-08-03 03:00:00+00:00,62780.0,62780.0,63089.16015625,62714.109375,63058.640625,76901376
2026-08-03 04:00:00+00:00,62707.78125,62707.78125,62915.96875,62695.91015625,62781.0,36328448
2026-08-03 05:00:00+00:00,62743.53125,62743.53125,62789.30078125,62665.30859375,62714.62890625,266765312
2026-08-03 06:00:00+00:00,62542.5,62542.5,62784.91015625,62529.44921875,62744.98828125,445596672
2026-08-03 07:00:00+00:00,62530.71875,62530.71875,62614.75,62470.0,62542.62890625,807680000
2026-08-03 08:00:00+00:00,62457.578125,62457.578125,62562.03125,62210.1484375,62537.58984375,93111296
2026-08-03 09:00:00+00:00,62749.359375,62749.359375,62778.421875,62439.140625,62476.80078125,248924160
2026-08-03 10:00:00+00:00,62656.0,62656.0,62777.58984375,62535.55078125,62748.109375,302209024
2026-08-03 11:00:00+00:00,62476.98828125,62476.98828125,62697.55859375,62457.26171875,62658.0703125,0
2026-08-03 12:00:00+00:00,62620.55078125,62620.55078125,62709.46875,62365.01171875,62480.0390625,359346176
2026-08-03 13:00:00+00:00,63292.80078125,63292.80078125,63310.1796875,62476.1015625,62617.328125,917499904
2026-08-03 14:00:00+00:00,63891.19921875,63891.19921875,63899.078125,63073.51171875,63243.44140625,2704281600
2026-08-03 15:00:00+00:00,63627.73046875,63627.73046875,63913.6015625,63579.171875,63913.6015625,1932472320
2026-08-03 16:00:00+00:00,63707.23828125,63707.23828125,63883.5703125,63591.1484375,63628.578125,983930880
2026-08-03 17:00:00+00:00,63852.75,63852.75,63994.859375,63650.0,63707.53125,359000064
2026-08-03 18:00:00+00:00,63811.73828125,63811.73828125,63933.1015625,63702.1015625,63852.76171875,150755328
2026-08-03 19:00:00+00:00,63812.5703125,63812.5703125,64018.8984375,63787.51171875,63820.21875,352862208
2026-08-03 20:00:00+00:00,63732.8984375,63732.8984375,63974.0390625,63709.80078125,63824.62109375,332605440
2026-08-03 21:00:00+00:00,63540.41015625,63540.41015625,63735.0,63497.08984375,63732.8984375,217763840
2026-08-03 22:00:00+00:00,63553.44921875,63553.44921875,63616.0,63341.640625,63528.828125,0
2026-08-03 23:00:00+00:00,63466.51171875,63466.51171875,63560.1796875,63402.01171875,63550.109375,81174528
2026-08-04 00:00:00+00:00,63291.5,63291.5,63526.73046875,63268.01171875,63475.55078125,0
2026-08-04 01:00:00+00:00,63782.2890625,63782.2890625,63842.9609375,63299.421875,63299.421875,389627904
2026-08-04 02:00:00+00:00,63758.98828125,63758.98828125,63883.05859375,63621.25,63806.41015625,334237696
2026-08-04 03:00:00+00:00,63729.05078125,63729.05078125,63800.94140625,63595.0390625,63758.98828125,0
2026-08-04 04:00:00+00:00,63975.44921875,63975.44921875,64164.0,63696.73828125,63727.75,436447232
2026-08-04 05:00:00+00:00,63768.8515625,63768.8515625,63993.078125,63736.75,63979.19921875,0
2026-08-04 06:00:00+00:00,63607.16015625,63607.16015625,63805.41015625,63592.69921875,63752.1484375,0
2026-08-04 07:00:00+00:00,63617.41015625,63617.41015625,63687.28125,63437.01171875,63607.16015625,0
2026-08-04 08:00:00+00:00,63514.76953125,63514.76953125,63683.828125,63500.0,63621.0,0
2026-08-04 09:00:00+00:00,63534.578125,63534.578125,63536.8203125,63450.76953125,63508.5,0
2026-08-04 10:00:00+00:00,63694.1484375,63694.1484375,63774.359375,63382.671875,63504.62109375,354342912
2026-08-04 11:00:00+00:00,63853.3203125,63853.3203125,63884.5703125,63644.7890625,63701.140625,0
2026-08-04 12:00:00+00:00,63840.640625,63840.640625,63965.0,63714.01171875,63834.2890625,296318976
2026-08-04 13:00:00+00:00,63616.578125,63616.578125,64032.94140625,63589.8515625,63837.4609375,0
2026-08-04 14:00:00+00:00,64065.0,64065.0,64125.890625,63546.33984375,63614.48828125,0
2026-08-04 15:00:00+00:00,64064.7109375,64064.7109375,64181.8515625,63750.01171875,64087.19921875,0
2026-08-04 16:00:00+00:00,63899.7109375,63899.7109375,64079.9609375,63842.3984375,64076.9296875,0
2026-08-04 17:00:00+00:00,63922.37109375,63922.37109375,64128.0703125,63852.51953125,63899.7109375,14921728
2026-08-04 18:00:00+00:00,64261.41015625,64261.41015625,64360.1484375,63917.140625,63917.140625,467316736
2026-08-04 19:00:00+00:00,64182.671875,64182.671875,64358.3984375,64182.671875,64263.05078125,0
2026-08-04 20:00:00+00:00,64299.078125,64299.078125,64366.8515625,63965.75,64208.921875,314683392
2026-08-04 21:00:00+00:00,64148.51171875,64148.51171875,64299.078125,64128.328125,64299.078125,0
2026-08-04 22:00:00+00:00,64221.8203125,64221.8203125,64243.671875,64083.4296875,64142.30078125,0
2026-08-04 23:00:00+00:00,64050.51171875,64050.51171875,64473.6015625,64042.03125,64222.0,225824768
2026-08-05 00:00:00+00:00,63947.37109375,63947.37109375,64140.890625,63928.3984375,64041.6015625,137392128
2026-08-05 01:00:00+00:00,64284.7890625,64284.7890625,64297.390625,63897.6015625,63946.98828125,0
2026-08-05 02:00:00+00:00,64315.94921875,64315.94921875,64456.6484375,64279.16015625,64291.19140625,61159424
2026-08-05 03:00:00+00:00,64128.0,64128.0,64396.78125,64007.421875,64315.94921875,206305280
2026-08-05 04:00:00+00:00,64113.96875,64113.96875,64165.76953125,64035.2109375,64128.0,0
2026-08-05 05:00:00+00:00,64275.21875,64275.21875,64470.140625,64102.94140625,64111.0,0
2026-08-05 06:00:00+00:00,64199.30859375,64199.30859375,64319.3984375,64173.0,64276.9609375,191909888
2026-08-05 07:00:00+00:00,64109.98046875,64109.98046875,64220.5390625,63946.078125,64199.30078125,0
2026-08-05 08:00:00+00:00,64063.03125,64063.03125,64215.9609375,64035.0,64109.96875,205142016
2026-08-05 09:00:00+00:00,64097.26953125,64097.26953125,64152.41015625,64038.4296875,64063.03125,0
2026-08-05 10:00:00+00:00,64004.26953125,64004.26953125,64182.76953125,63960.0703125,64097.28125,0
2026-08-05 11:00:00+00:00,64018.2890625,64018.2890625,64092.890625,63987.51171875,64005.19140625,0
2026-08-05 12:00:00+00:00,64277.0390625,64277.0390625,64525.55859375,64003.109375,64018.2890625,583636992
2026-08-05 13:00:00+00:00,64361.23828125,64361.23828125,64361.23828125,63821.55078125,64277.05078125,115902464
2026-08-05 14:00:00+00:00,64426.83984375,64426.83984375,64535.25,64242.1015625,64355.33984375,58828800
2026-08-05 15:00:00+00:00,64328.25,64328.25,64697.01953125,64324.8984375,64434.26953125,0
2026-08-05 16:00:00+00:00,64606.01953125,64606.01953125,64707.94140625,64328.26171875,64328.26171875,234237952
2026-08-05 17:00:00+00:00,64695.3515625,64695.3515625,64737.98046875,64474.51171875,64615.37890625,0
2026-08-05 18:00:00+00:00,64741.109375,64741.109375,64788.12109375,64599.640625,64694.25,0
2026-08-05 19:00:00+00:00,64794.62890625,64794.62890625,64883.3984375,64719.44921875,64727.55859375,52594688
2026-08-05 20:00:00+00:00,64778.6015625,64778.6015625,64954.28125,64750.5,64817.2890625,0
2026-08-05 21:00:00+00:00,64671.6796875,64671.6796875,64779.828125,64600.0,64779.828125,264816640
2026-08-05 22:00:00+00:00,64573.53125,64573.53125,64725.921875,64566.76953125,64674.328125,84234240
2026-08-05 23:00:00+00:00,64597.859375,64597.859375,64692.3984375,64524.19921875,64557.078125,0
2026-08-06 00:00:00+00:00,64582.30078125,64582.30078125,64651.66015625,64510.23828125,64603.609375,0
2026-08-06 01:00:00+00:00,64520.62109375,64520.62109375,64599.2109375,64431.671875,64578.1484375,0
2026-08-06 02:00:00+00:00,64516.6796875,64516.6796875,64587.83984375,64386.75,64520.62109375,0
2026-08-06 03:00:00+00:00,64470.01171875,64470.01171875,64524.98828125,64431.0,64516.671875,0
2026-08-06 04:00:00+00:00,64666.2890625,64666.2890625,64674.5703125,64433.91015625,64470.0,83888128
2026-08-06 05:00:00+00:00,64845.37890625,64845.37890625,64934.7890625,64669.44921875,64674.0703125,289581056
2026-08-06 06:00:00+00:00,64798.08984375,64798.08984375,64846.80078125,64683.5390625,64846.80078125,0
2026-08-06 07:00:00+00:00,64744.41015625,64744.41015625,64891.671875,64708.6484375,64793.94140625,37390336
2026-08-06 08:00:00+00:00,64873.6015625,64873.6015625,64934.390625,64685.53125,64744.76171875,0
2026-08-06 09:00:00+00:00,64615.94140625,64615.94140625,64877.48828125,64570.91015625,64875.23046875,346519552
2026-08-06 10:00:00+00:00,64546.7890625,64546.7890625,64618.98828125,64515.46875,64615.9296875,0
2026-08-06 11:00:00+00:00,64552.62109375,64552.62109375,64582.44921875,64438.3984375,64558.19140625,291227648
2026-08-06 12:00:00+00:00,64346.01171875,64346.01171875,64560.0,64334.9296875,64546.80078125,0
2026-08-06 13:00:00+00:00,64360.51953125,64360.51953125,64448.94921875,64091.3203125,64337.80859375,0
2026-08-06 14:00:00+00:00,64709.55078125,64709.55078125,64774.69921875,64285.8203125,64354.078125,0
2026-08-06 15:00:00+00:00,64570.921875,64570.921875,64925.44921875,64570.921875,64716.51171875,0
2026-08-06 16:00:00+00:00,64690.12890625,64690.12890625,64713.859375,64531.25,64570.94140625,0
2026-08-06 17:00:00+00:00,64557.16015625,64557.16015625,64779.71875,64486.91015625,64699.94140625,0
2026-08-06 18:00:00+00:00,64356.3515625,64356.3515625,64558.98828125,64314.0,64558.98828125,0
2026-08-06 19:00:00+00:00,64397.94921875,64397.94921875,64422.12890625,64306.9296875,64357.98828125,0
2026-08-06 20:00:00+00:00,64381.3984375,64381.3984375,64483.69921875,64381.3984375,64396.69921875,0
2026-08-06 21:00:00+00:00,64388.37109375,64388.37109375,64461.1015625,64341.828125,64383.9296875,0
2026-08-06 22:00:00+00:00,64296.37890625,64296.37890625,64397.12890625,64267.0,64388.37109375,0
2026-08-06 23:00:00+00:00,64267.30078125,64267.30078125,64310.96875,64132.23828125,64285.94921875,0
2026-08-07 00:00:00+00:00,64258.8203125,64258.8203125,64356.23046875,64170.41015625,64262.1484375,0
2026-08-07 01:00:00+00:00,64364.25,64364.25,64416.94140625,64241.46875,64270.41015625,0
2026-08-07 02:00:00+00:00,64337.96875,64337.96875,64477.1484375,64192.30078125,64354.53125,3074048
2026-08-07 03:00:00+00:00,64234.48046875,64234.48046875,64351.28125,64200.0,64337.98046875,0
2026-08-07 04:00:00+00:00,64191.671875,64191.671875,64308.2109375,64113.9296875,64225.66015625,7251968
2026-08-07 05:00:00+00:00,64276.05859375,64276.05859375,64345.76953125,64112.26953125,64191.671875,0
2026-08-07 06:00:00+00:00,64254.3984375,64254.3984375,64413.0,64225.33984375,64269.6796875,170334208
2026-08-07 07:00:00+00:00,64264.19921875,64264.19921875,64377.05078125,64206.98828125,64241.46875,0
2026-08-07 08:00:00+00:00,64552.890625,64552.890625,64619.83984375,64239.5390625,64257.62890625,54499328
2026-08-07 09:00:00+00:00,64794.05859375,64794.05859375,64920.0,64552.890625,64552.890625,382791680
2026-08-07 10:00:00+00:00,64849.23828125,64849.23828125,64874.01953125,64758.1796875,64817.73046875,353634304
2026-08-07 11:00:00+00:00,64975.62890625,64975.62890625,65164.2109375,64845.0,64856.98828125,352909312
2026-08-07 12:00:00+00:00,65248.75,65248.75,65348.23828125,64935.55859375,64982.01953125,1301786624
2026-08-07 13:00:00+00:00,64964.58984375,64964.58984375,65292.83984375,64951.19921875,65254.12109375,574025728
2026-08-07 14:00:00+00:00,64902.0,64902.0,65228.76171875,64735.37890625,64950.0390625,572766208
2026-08-07 15:00:00+00:00,64858.44140625,64858.44140625,65077.8515625,64850.01953125,64915.5,0
2026-08-07 16:00:00+00:00,64758.078125,64758.078125,65026.05859375,64758.0703125,64877.0,3729408
2026-08-07 17:00:00+00:00,64713.2890625,64713.2890625,64774.69921875,64470.01953125,64755.109375,424923136
2026-08-07 18:00:00+00:00,64689.7109375,64689.7109375,64837.671875,64626.94921875,64711.12890625,19681280
2026-08-07 19:00:00+00:00,64913.921875,64913.921875,64992.078125,64693.01953125,64697.73046875,82950144
2026-08-07 20:00:00+00:00,64935.71875,64935.71875,64991.53125,64906.5703125,64917.91015625,244441088
2026-08-07 21:00:00+00:00,64895.73046875,64895.73046875,65058.12109375,64892.8515625,64935.71875,0
2026-08-07 22:00:00+00:00,64852.171875,64852.171875,64916.5390625,64815.7890625,64895.73046875,172249088
2026-08-07 23:00:00+00:00,64891.6015625,64891.6015625,64896.48046875,64841.44921875,64851.44140625,49770496
2026-08-08 00:00:00+00:00,64888.16015625,64888.16015625,64925.96875,64789.890625,64891.609375,73015296
2026-08-08 01:00:00+00:00,64868.859375,64868.859375,64924.23046875,64868.8515625,64884.359375,0
2026-08-08 02:00:00+00:00,64888.12109375,64888.12109375,64924.3515625,64855.19140625,64868.859375,0
2026-08-08 03:00:00+00:00,64989.859375,64989.859375,65035.55859375,64880.0,64888.078125,94937088
2026-08-08 04:00:00+00:00,64974.140625,64974.140625,65028.37109375,64925.01171875,64989.859375,0
2026-08-08 05:00:00+00:00,64961.0,64961.0,64986.25,64933.8515625,64973.640625,81999872
2026-08-08 06:00:00+00:00,64968.73046875,64968.73046875,64981.78125,64921.73046875,64961.01171875,0
2026-08-08 07:00:00+00:00,64928.80078125,64928.80078125,64973.55859375,64900.01953125,64965.5,0
2026-08-08 08:00:00+00:00,64957.71875,64957.71875,64979.0,64913.8515625,64915.828125,0
2026-08-08 09:00:00+00:00,64955.2890625,64955.2890625,65014.2890625,64949.73046875,64957.71875,0
2026-08-08 10:00:00+00:00,64966.6796875,64966.6796875,64986.828125,64950.140625,64955.2890625,0
2026-08-08 11:00:00+00:00,64922.83984375,64922.83984375,64991.98828125,64914.69921875,64966.6796875,0
2026-08-08 12:00:00+00:00,64960.890625,64960.890625,64999.44921875,64880.0,64921.87109375,0
2026-08-08 13:00:00+00:00,64973.609375,64973.609375,64981.0,64954.12109375,64960.91015625,0
2026-08-08 14:00:00+00:00,65082.73828125,65082.73828125,65148.921875,64968.4296875,64973.609375,0
2026-08-08 15:00:00+00:00,65029.66015625,65029.66015625,65109.3203125,65013.828125,65091.2109375,0
2026-08-08 16:00:00+00:00,65039.98828125,65039.98828125,65073.05859375,64990.390625,65029.671875,0
2026-08-08 17:00:00+00:00,65073.140625,65073.140625,65107.98046875,65028.05078125,65040.0,0
2026-08-08 18:00:00+00:00,64992.8515625,64992.8515625,65083.1484375,64979.0,65073.12890625,0
2026-08-08 19:00:00+00:00,65025.421875,65025.421875,65040.69921875,64964.859375,64992.8515625,0
2026-08-08 20:00:00+00:00,65032.1796875,65032.1796875,65045.390625,65011.58984375,65025.41015625,0
2026-08-08 21:00:00+00:00,64968.03125,64968.03125,65035.46875,64941.078125,65032.1796875,143378432
2026-08-08 22:00:00+00:00,64892.51171875,64892.51171875,64994.98828125,64892.51171875,64978.98828125,31205376
2026-08-08 23:00:00+00:00,64908.71875,64908.71875,64922.921875,64881.890625,64892.51171875,0
2026-08-09 00:00:00+00:00,64922.078125,64922.078125,64939.1796875,64899.26171875,64908.71875,0
2026-08-09 01:00:00+00:00,64806.0,64806.0,64950.01171875,64790.4609375,64919.01953125,0
2026-08-09 02:00:00+00:00,64770.0703125,64770.0703125,64809.140625,64725.01953125,64806.23046875,4036608
2026-08-09 03:00:00+00:00,64734.96875,64734.96875,64767.51171875,64675.21875,64767.51171875,0
2026-08-09 04:00:00+00:00,64735.4296875,64735.4296875,64779.390625,64724.0390625,64734.96875,0
2026-08-09 05:00:00+00:00,64754.3203125,64754.3203125,64754.3203125,64717.51171875,64735.33984375,0
2026-08-09 06:00:00+00:00,64792.8984375,64792.8984375,64813.8984375,64741.78125,64754.3203125,1116160
2026-08-09 07:00:00+00:00,64770.87109375,64770.87109375,64803.2109375,64763.98046875,64792.91015625,297702400
2026-08-09 08:00:00+00:00,64770.0703125,64770.0703125,64880.96875,64736.46875,64770.87109375,319245312
2026-08-09 09:00:00+00:00,64832.30859375,64832.30859375,64832.30859375,64759.55078125,64770.0703125,0
2026-08-09 10:00:00+00:00,64905.4609375,64905.4609375,64930.359375,64829.6796875,64832.30859375,182960128
2026-08-09 11:00:00+00:00,64899.96875,64899.96875,64957.16015625,64895.75,64905.4609375,0
2026-08-09 12:00:00+00:00,64906.58984375,64906.58984375,64906.58984375,64866.16015625,64893.87890625,0
2026-08-09 13:00:00+00:00,65178.6796875,65178.6796875,65209.5,64906.58984375,64906.58984375,284931072
2026-08-09 14:00:00+00:00,65214.2890625,65214.2890625,65252.9609375,65100.3984375,65178.6796875,0
2026-08-09 15:00:00+00:00,65174.98828125,65174.98828125,65220.0,65156.0390625,65220.0,137942016
2026-08-09 16:00:00+00:00,65181.96875,65181.96875,65218.83984375,65132.2109375,65175.73046875,48659456
2026-08-09 17:00:00+00:00,65142.0,65142.0,65191.6484375,65142.0,65181.96875,0
2026-08-09 18:00:00+00:00,65147.12109375,65147.12109375,65174.0703125,65138.28125,65142.01171875,0
2026-08-09 19:00:00+00:00,65130.73828125,65130.73828125,65169.98828125,65130.03125,65147.12890625,0
2026-08-09 20:00:00+00:00,65095.5703125,65095.5703125,65140.5,65028.16015625,65140.48828125,34034688
2026-08-09 21:00:00+00:00,65143.69921875,65143.69921875,65196.8203125,65077.53125,65095.578125,126631936
2026-08-09 22:00:00+00:00,65023.078125,65023.078125,65398.26953125,64921.8984375,65160.359375,0
2026-08-09 23:00:00+00:00,64848.69140625,64848.69140625,65056.421875,64788.671875,65013.8203125,979812352
2026-08-10 00:00:00+00:00,64916.98046875,64916.98046875,65245.4609375,64772.66015625,64839.01171875,423720960
2026-08-10 01:00:00+00:00,65146.8515625,65146.8515625,65330.140625,64845.578125,64921.66015625,177770496
2026-08-10 02:00:00+00:00,65043.01953125,65043.01953125,65165.3984375,64852.23828125,65163.609375,141419520
2026-08-10 03:00:00+00:00,64921.08984375,64921.08984375,65115.4609375,64852.30859375,65047.94921875,225532928
2026-08-10 04:00:00+00:00,64950.76953125,64950.76953125,65038.171875,64863.171875,64912.37109375,261892096
2026-08-10 05:00:00+00:00,65085.6015625,65085.6015625,65104.46875,64924.69921875,64942.69921875,25053184
2026-08-10 06:00:00+00:00,65248.078125,65248.078125,65283.0703125,65076.73828125,65087.578125,255106048
2026-08-10 07:00:00+00:00,65149.83984375,65149.83984375,65319.26953125,65141.66015625,65254.109375,217287680
2026-08-10 08:00:00+00:00,65190.3515625,65190.3515625,65277.2890625,65138.171875,65152.609375,0
2026-08-10 09:00:00+00:00,64907.6484375,64907.6484375,65182.98828125,64897.55859375,65182.98828125,368641024
2026-08-10 10:00:00+00:00,64956.26171875,64956.26171875,65012.3515625,64903.9609375,64906.3515625,232712192
2026-08-10 11:00:00+00:00,65069.4609375,65069.4609375,65080.3515625,64910.73828125,64960.98046875,6216704
2026-08-10 12:00:00+00:00,64817.1015625,64817.1015625,65182.26171875,64794.75,65061.140625,535363584
2026-08-10 13:00:00+00:00,64494.73046875,64494.73046875,64915.7109375,64446.7109375,64805.69921875,1122759680
2026-08-10 14:00:00+00:00,64562.76171875,64562.76171875,64840.55859375,64471.6484375,64471.6484375,938384384
2026-08-10 15:00:00+00:00,64235.8515625,64235.8515625,64651.4296875,64145.98828125,64564.12109375,1014921216
2026-08-10 16:00:00+00:00,63833.921875,63833.921875,64298.71875,63758.48828125,64174.01171875,1191725056
2026-08-10 17:00:00+00:00,63884.98046875,63884.98046875,63948.94921875,63759.66015625,63863.30078125,1634191360
2026-08-10 18:00:00+00:00,63815.8984375,63815.8984375,63947.62890625,63739.28125,63884.98828125,1308930048
2026-08-10 19:00:00+00:00,63975.87890625,63975.87890625,64033.03125,63810.25,63815.91015625,332916736
2026-08-10 20:00:00+00:00,64096.859375,64096.859375,64126.4609375,63947.62890625,63978.66015625,111267840
2026-08-10 21:00:00+00:00,63910.421875,63910.421875,64092.01171875,63910.3984375,64092.01171875,0
2026-08-10 22:00:00+00:00,63959.7109375,63959.7109375,63997.0,63873.3515625,63910.16015625,0
2026-08-10 23:00:00+00:00,63911.87890625,63911.87890625,63963.01171875,63854.8984375,63959.7109375,0
2026-08-11 00:00:00+00:00,63972.08984375,63972.08984375,63989.96875,63830.28125,63911.87109375,0
2026-08-11 01:00:00+00:00,63993.25,63993.25,64013.3984375,63891.69921875,63970.9296875,54255616
2026-08-11 02:00:00+00:00,63978.05078125,63978.05078125,64024.48046875,63957.83984375,63987.08984375,0
2026-08-11 03:00:00+00:00,64074.71875,64074.71875,64110.08984375,63979.8984375,63979.8984375,0
2026-08-11 04:00:00+00:00,63960.2109375,63960.2109375,64094.37109375,63960.2109375,64072.01171875,99895296
2026-08-11 05:00:00+00:00,63926.890625,63926.890625,63992.19140625,63889.578125,63955.55859375,148107264
2026-08-11 06:00:00+00:00,63897.94140625,63897.94140625,63985.30859375,63798.2109375,63926.890625,0
2026-08-11 07:00:00+00:00,63999.171875,63999.171875,64049.28125,63836.55078125,63897.94140625,86181888
2026-08-11 08:00:00+00:00,64073.8515625,64073.8515625,64084.19921875,63975.0,64004.1796875,0
2026-08-11 09:00:00+00:00,64242.44921875,64242.44921875,64242.44921875,64059.4296875,64073.859375,0
2026-08-11 10:00:00+00:00,64171.171875,64171.171875,64253.01953125,64141.359375,64244.2109375,150532096
2026-08-11 11:00:00+00:00,64327.171875,64327.171875,64347.55859375,64194.69140625,64202.30859375,349552640
2026-08-11 12:00:00+00:00,64266.51953125,64266.51953125,64434.7109375,64229.6015625,64347.890625,101439488
2026-08-11 13:00:00+00:00,64139.98828125,64139.98828125,64315.8515625,63988.078125,64263.28125,5517312
2026-08-11 14:00:00+00:00,63713.9609375,63713.9609375,64202.30859375,63651.12890625,64129.921875,72439808
2026-08-11 15:00:00+00:00,63541.37109375,63541.37109375,63812.98046875,63386.859375,63691.51171875,464998400
2026-08-11 16:00:00+00:00,63440.58984375,63440.58984375,63594.140625,63392.41015625,63486.03125,0
2026-08-11 17:00:00+00:00,63537.12109375,63537.12109375,63567.37890625,63390.51171875,63438.71875,0
2026-08-11 18:00:00+00:00,63305.7890625,63305.7890625,63562.23046875,63203.1484375,63524.12890625,0
2026-08-11 19:00:00+00:00,63477.96875,63477.96875,63479.44140625,63173.62890625,63304.8203125,0
2026-08-11 20:00:00+00:00,63682.16015625,63682.16015625,63691.421875,63469.421875,63476.0,271638528
2026-08-11 21:00:00+00:00,63615.578125,63615.578125,63700.6484375,63553.8984375,63675.23046875,12924928
2026-08-11 22:00:00+00:00,63604.66015625,63604.66015625,63710.96875,63558.6484375,63624.53125,44627968
2026-08-11 23:00:00+00:00,63531.75,63531.75,63604.66015625,63480.1015625,63604.66015625,2052096
2026-08-12 00:00:00+00:00,63685.0390625,63685.0390625,63687.94921875,63466.08984375,63525.109375,0
2026-08-12 01:00:00+00:00,63760.8984375,63760.8984375,63798.55078125,63628.44140625,63685.0390625,0
2026-08-12 02:00:00+00:00,63687.94921875,63687.94921875,63847.96875,63665.76171875,63775.578125,716976128
2026-08-12 03:00:00+00:00,63762.01953125,63762.01953125,63784.01953125,63638.53125,63694.98828125,40464384
2026-08-12 04:00:00+00:00,63713.62109375,63713.62109375,63829.98828125,63670.25,63766.41015625,0
2026-08-12 05:00:00+00:00,63786.76953125,63786.76953125,63809.87109375,63663.87890625,63713.62109375,420454400
2026-08-12 06:00:00+00:00,63650.69140625,63650.69140625,63780.109375,63534.01171875,63780.109375,265777152
2026-08-12 07:00:00+00:00,63767.03125,63767.03125,63767.0390625,63570.51171875,63652.0703125,84150272
2026-08-12 08:00:00+00:00,63730.5,63730.5,63798.8203125,63705.6015625,63767.578125,271355904
2026-08-12 09:00:00+00:00,64052.33984375,64052.33984375,64052.33984375,63698.3984375,63730.96875,109529088
2026-08-12 10:00:00+00:00,64079.98828125,64079.98828125,64154.01171875,64002.640625,64054.7890625,597952512
2026-08-12 11:00:00+00:00,64175.8984375,64175.8984375,64189.3984375,64054.578125,64096.05859375,0
2026-08-12 12:00:00+00:00,64066.44140625,64066.44140625,64383.83984375,63921.0,64187.48828125,1067313152
2026-08-12 13:00:00+00:00,63780.55859375,63780.55859375,64099.98828125,63770.890625,64067.23828125,0
2026-08-12 14:00:00+00:00,63296.7109375,63296.7109375,63848.1015625,63287.7109375,63743.109375,279646208
2026-08-12 15:00:00+00:00,63368.640625,63368.640625,63501.6015625,63248.91015625,63296.69921875,0
2026-08-12 16:00:00+00:00,63427.44921875,63427.44921875,63512.69921875,63283.6796875,63367.25,0
2026-08-12 17:00:00+00:00,63398.8203125,63398.8203125,63485.078125,63335.0,63424.5703125,0
2026-08-12 18:00:00+00:00,63309.609375,63309.609375,63453.58984375,63300.1796875,63385.55859375,0
2026-08-12 19:00:00+00:00,63345.71875,63345.71875,63395.12890625,63241.171875,63305.44921875,0
2026-08-12 20:00:00+00:00,63535.46875,63535.46875,63535.46875,63349.2109375,63350.76953125,0
2026-08-12 21:00:00+00:00,63403.19140625,63403.19140625,63577.5703125,63356.44140625,63537.0,51781632
2026-08-12 22:00:00+00:00,63361.5703125,63361.5703125,63473.76953125,63297.51953125,63392.3984375,76079104
2026-08-12 23:00:00+00:00,63413.05859375,63413.05859375,63417.109375,63305.140625,63361.578125,517941248
2026-08-13 00:00:00+00:00,63489.83984375,63489.83984375,63633.66015625,63392.3984375,63406.80078125,232583168
2026-08-13 01:00:00+00:00,63385.51171875,63385.51171875,63567.46875,63309.0,63487.30078125,0
2026-08-13 02:00:00+00:00,63479.05078125,63479.05078125,63514.80859375,63303.73046875,63381.609375,342726656
2026-08-13 03:00:00+00:00,63580.26171875,63580.26171875,63614.7109375,63445.48046875,63478.76171875,18593792
2026-08-13 04:00:00+00:00,63627.44921875,63627.44921875,63698.6796875,63526.6015625,63580.26171875,0
2026-08-13 05:00:00+00:00,63806.0,63806.0,63947.6015625,63599.828125,63624.390625,0
2026-08-13 06:00:00+00:00,63875.76171875,63875.76171875,63875.76171875,63693.80078125,63805.6015625,0
2026-08-13 07:00:00+00:00,63803.98046875,63803.98046875,63882.75,63788.23046875,63879.19921875,270321664
2026-08-13 08:00:00+00:00,63708.01953125,63708.01953125,63853.19140625,63675.12109375,63803.12890625,3221504
2026-08-13 09:00:00+00:00,63718.12109375,63718.12109375,63728.05078125,63516.44921875,63709.19921875,0
2026-08-13 10:00:00+00:00,63582.41015625,63582.41015625,63757.78125,63519.12109375,63718.140625,0
2026-08-13 11:00:00+00:00,63414.8984375,63414.8984375,63593.25,63273.921875,63582.3984375,0
2026-08-13 12:00:00+00:00,63621.640625,63621.640625,63637.87109375,63371.94140625,63414.8984375,0
2026-08-13 13:00:00+00:00,63653.0390625,63653.0390625,63784.16015625,63482.71875,63624.51953125,0
2026-08-13 14:00:00+00:00,63801.51171875,63801.51171875,63931.23828125,63613.51171875,63658.94140625,0
2026-08-13 15:00:00+00:00,63358.12109375,63358.12109375,63877.140625,63358.12109375,63798.41015625,0
2026-08-13 16:00:00+00:00,63092.44140625,63092.44140625,63508.53125,62782.2109375,63354.5,1650429952
2026-08-13 17:00:00+00:00,63070.01953125,63070.01953125,63229.80078125,63004.0,63033.4296875,0
2026-08-13 18:00:00+00:00,63235.828125,63235.828125,63303.140625,63037.80859375,63064.6484375,0
2026-08-13 19:00:00+00:00,63335.078125,63335.078125,63441.6484375,63239.98046875,63239.98046875,0
2026-08-13 20:00:00+00:00,63349.1796875,63349.1796875,63407.26953125,63301.19140625,63339.4609375,0
2026-08-13 21:00:00+00:00,63409.171875,63409.171875,63440.16015625,63327.33984375,63335.80078125,0
2026-08-13 22:00:00+00:00,63463.33984375,63463.33984375,63581.37890625,63406.28125,63409.1796875,298012672
2026-08-13 23:00:00+00:00,63425.3515625,63425.3515625,63475.44921875,63330.30859375,63468.1796875,0
2026-08-14 00:00:00+00:00,63480.94140625,63480.94140625,63492.12109375,63343.41015625,63427.23828125,0
2026-08-14 01:00:00+00:00,63511.08984375,63511.08984375,63527.359375,63395.01953125,63474.0,0
2026-08-14 02:00:00+00:00,63403.83984375,63403.83984375,63555.0,63403.83984375,63512.87890625,118896640
2026-08-14 03:00:00+00:00,63246.69140625,63246.69140625,63516.51953125,63238.5,63401.0,0
2026-08-14 04:00:00+00:00,63307.140625,63307.140625,63405.87890625,63213.12890625,63243.0703125,323325952
2026-08-14 05:00:00+00:00,63314.5,63314.5,63334.3984375,63213.12109375,63307.140625,0
2026-08-14 06:00:00+00:00,62904.2890625,62904.2890625,63314.51953125,62883.1796875,63314.51953125,171321344
2026-08-14 07:00:00+00:00,62848.6796875,62848.6796875,63042.828125,62847.078125,62903.16015625,421163008
2026-08-14 08:00:00+00:00,62868.390625,62868.390625,62915.73828125,62624.390625,62848.6796875,822470656
2026-08-14 09:00:00+00:00,62722.6484375,62722.6484375,62871.55859375,62674.98828125,62871.55859375,116989952
2026-08-14 10:00:00+00:00,62746.12890625,62746.12890625,62873.5390625,62669.73046875,62718.2109375,278519808
2026-08-14 11:00:00+00:00,62793.30078125,62793.30078125,62868.83984375,62735.1484375,62746.12890625,25317376
2026-08-14 12:00:00+00:00,62661.8515625,62661.8515625,62834.37890625,62652.421875,62800.58984375,143765504
2026-08-14 13:00:00+00:00,62577.66015625,62577.66015625,62737.19921875,62516.62890625,62668.671875,396158976
2026-08-14 14:00:00+00:00,62545.66015625,62545.66015625,62725.48828125,62483.640625,62593.2890625,226076672
2026-08-14 15:00:00+00:00,62913.0390625,62913.0390625,63010.37109375,62541.640625,62551.9296875,751867904
2026-08-14 16:00:00+00:00,63071.08984375,63071.08984375,63152.80078125,62894.19921875,62912.390625,0
2026-08-14 17:00:00+00:00,62954.48828125,62954.48828125,63183.0703125,62931.890625,63079.44921875,0
2026-08-14 18:00:00+00:00,62855.921875,62855.921875,63016.0390625,62816.609375,62954.76953125,103481344
2026-08-14 19:00:00+00:00,62895.828125,62895.828125,62920.96875,62756.3984375,62850.26171875,81668096
2026-08-14 20:00:00+00:00,62835.140625,62835.140625,62952.921875,62821.98828125,62905.0,97798144
2026-08-14 21:00:00+00:00,62860.8984375,62860.8984375,62870.19921875,62801.5,62835.1484375,18022400
2026-08-14 22:00:00+00:00,62814.53125,62814.53125,62891.9296875,62727.30859375,62860.8984375,0
2026-08-14 23:00:00+00:00,62975.19140625,62975.19140625,62998.98046875,62796.859375,62812.55859375,13991936
2026-08-15 00:00:00+00:00,62950.71875,62950.71875,62996.5,62928.26953125,62975.1796875,0
2026-08-15 01:00:00+00:00,62972.28125,62972.28125,62975.0,62923.859375,62950.71875,56567808
2026-08-15 02:00:00+00:00,63071.390625,63071.390625,63072.0703125,62963.2890625,62972.28125,0
2026-08-15 03:00:00+00:00,62988.390625,62988.390625,63120.7890625,62975.8515625,63071.390625,197591040
2026-08-15 04:00:00+00:00,63052.01953125,63052.01953125,63087.37890625,62989.98828125,62989.98828125,0
2026-08-15 05:00:00+00:00,63016.1015625,63016.1015625,63091.78125,62966.3984375,63052.01953125,0
2026-08-15 06:00:00+00:00,63045.5390625,63045.5390625,63067.53125,62969.7109375,63016.1015625,0
2026-08-15 07:00:00+00:00,63005.66015625,63005.66015625,63061.76953125,62972.6484375,63045.5390625,0
2026-08-15 08:00:00+00:00,62869.0703125,62869.0703125,63018.890625,62863.12890625,63014.98046875,0
2026-08-15 09:00:00+00:00,62957.640625,62957.640625,62979.859375,62847.078125,62874.08984375,0
2026-08-15 10:00:00+00:00,62976.03125,62976.03125,62984.53125,62928.58984375,62959.01171875,0
2026-08-15 11:00:00+00:00,62949.21875,62949.21875,62990.359375,62923.53125,62966.83984375,0
2026-08-15 12:00:00+00:00,62985.9296875,62985.9296875,62987.12109375,62875.96875,62949.21875,0
2026-08-15 13:00:00+00:00,62985.921875,62985.921875,63012.828125,62951.83984375,62982.12890625,0
2026-08-15 14:00:00+00:00,62966.421875,62966.421875,62985.98046875,62920.0,62985.96875,0
2026-08-15 15:00:00+00:00,63022.94921875,63022.94921875,63051.73828125,62955.01171875,62966.4296875,0
2026-08-15 16:00:00+00:00,63024.05859375,63024.05859375,63054.828125,62984.96875,63022.94921875,0
2026-08-15 17:00:00+00:00,63000.33984375,63000.33984375,63034.75,62988.3984375,63024.05859375,0
2026-08-15 18:00:00+00:00,62989.12109375,62989.12109375,63041.76953125,62971.171875,63000.3515625,0
2026-08-15 19:00:00+00:00,63051.37890625,63051.37890625,63053.51171875,62987.80078125,62989.12109375,35456000
2026-08-15 20:00:00+00:00,63036.5,63036.5,63051.44140625,62999.98828125,63051.390625,0
2026-08-15 21:00:00+00:00,63085.921875,63085.921875,63097.44140625,63019.8984375,63030.5390625,0
2026-08-15 22:00:00+00:00,63061.6796875,63061.6796875,63107.33984375,63057.5,63085.921875,0
2026-08-15 23:00:00+00:00,63018.76171875,63018.76171875,63075.0,63013.51953125,63061.671875,0
2026-08-16 00:00:00+00:00,63012.9296875,63012.9296875,63019.66015625,62992.16015625,63018.75,0
2026-08-16 01:00:00+00:00,63013.8984375,63013.8984375,63013.8984375,62938.171875,63012.9296875,0
2026-08-16 02:00:00+00:00,63054.44921875,63054.44921875,63087.08984375,62950.640625,63010.37109375,17978368
2026-08-16 03:00:00+00:00,63059.4296875,63059.4296875,63060.578125,63039.73828125,63054.4609375,0
2026-08-16 04:00:00+00:00,63016.9296875,63016.9296875,63082.5,63016.9296875,63059.421875,0
2026-08-16 05:00:00+00:00,62997.828125,62997.828125,63030.3203125,62966.91015625,63016.9296875,0
2026-08-16 06:00:00+00:00,62993.71875,62993.71875,63016.5390625,62977.69140625,62995.0390625,0
2026-08-16 07:00:00+00:00,62991.23046875,62991.23046875,63000.01171875,62982.01171875,62993.71875,0
2026-08-16 08:00:00+00:00,63001.91015625,63001.91015625,63008.6015625,62988.03125,62991.23046875,0
2026-08-16 09:00:00+00:00,62917.51953125,62917.51953125,63001.91015625,62897.48046875,63001.8984375,65421824
2026-08-16 10:00:00+00:00,62940.19140625,62940.19140625,62942.9296875,62891.0703125,62917.51953125,3644928
2026-08-16 11:00:00+00:00,62945.3203125,62945.3203125,62946.0390625,62906.80078125,62940.19921875,0
2026-08-16 12:00:00+00:00,62948.0,62948.0,62954.98046875,62921.171875,62945.328125,0
2026-08-16 13:00:00+00:00,62993.62890625,62993.62890625,63000.0,62947.140625,62948.0,0
2026-08-16 14:00:00+00:00,63034.5390625,63034.5390625,63039.0,62989.87109375,62993.828125,0
2026-08-16 15:00:00+00:00,63070.03125,63070.03125,63070.03125,63034.69921875,63038.37109375,0
2026-08-16 16:00:00+00:00,63186.921875,63186.921875,63313.0,63063.78125,63074.05859375,319698944
2026-08-16 17:00:00+00:00,63087.421875,63087.421875,63210.51171875,63053.12109375,63195.62890625,186375168
2026-08-16 18:00:00+00:00,63074.2890625,63074.2890625,63112.578125,63050.76171875,63087.41015625,0
2026-08-16 19:00:00+00:00,63040.171875,63040.171875,63162.890625,63025.2890625,63074.2890625,0
2026-08-16 20:00:00+00:00,63000.73046875,63000.73046875,63073.359375,62954.2890625,63040.05859375,110647808
2026-08-16 21:00:00+00:00,62862.80078125,62862.80078125,63016.7109375,62744.4609375,62997.4296875,80567296
2026-08-16 22:00:00+00:00,62843.44921875,62843.44921875,62889.05859375,62640.87890625,62857.0,528695296
2026-08-16 23:00:00+00:00,62830.578125,62830.578125,62924.5703125,62756.921875,62839.78125,238403584
2026-08-17 00:00:00+00:00,62840.55078125,62840.55078125,62886.44140625,62681.37890625,62832.44921875,523719680
2026-08-17 01:00:00+00:00,63042.03125,63042.03125,63173.98828125,62831.3984375,62831.3984375,548464640
2026-08-17 02:00:00+00:00,63335.73828125,63335.73828125,63430.6796875,62966.0390625,63060.609375,268684288
2026-08-17 03:00:00+00:00,63367.80859375,63367.80859375,63458.2890625,63277.98828125,63346.51171875,644800512
2026-08-17 04:00:00+00:00,63479.98046875,63479.98046875,63521.578125,63373.359375,63388.1796875,589127680
2026-08-17 05:00:00+00:00,63456.6015625,63456.6015625,63534.25,63381.109375,63481.37109375,631631872
2026-08-17 06:00:00+00:00,63603.33984375,63603.33984375,63653.421875,63412.671875,63456.6015625,168604672
2026-08-17 07:00:00+00:00,63461.4609375,63461.4609375,63605.98828125,63461.4609375,63605.98828125,385545216
2026-08-17 08:00:00+00:00,63307.859375,63307.859375,63488.98046875,63278.578125,63468.91015625,587085824
2026-08-17 09:00:00+00:00,63246.19921875,63246.19921875,63358.48828125,63218.171875,63307.8515625,136393728
2026-08-17 10:00:00+00:00,63627.28125,63627.28125,63627.28125,63219.44921875,63246.2109375,562246656
2026-08-17 11:00:00+00:00,63559.890625,63559.890625,63713.2109375,63524.05859375,63606.578125,0
2026-08-17 12:00:00+00:00,63478.25,63478.25,63613.55078125,63456.26171875,63565.921875,1031956480
2026-08-17 13:00:00+00:00,63601.390625,63601.390625,63720.8203125,63357.2890625,63478.23828125,683301888
2026-08-17 14:00:00+00:00,63830.78125,63830.78125,63836.19921875,63515.9296875,63591.2890625,588694528
2026-08-17 15:00:00+00:00,64139.69921875,64139.69921875,64174.30078125,63750.0,63830.66015625,1396312064
2026-08-17 16:00:00+00:00,64060.3515625,64060.3515625,64154.98046875,63993.609375,64150.109375,435357696
2026-08-17 17:00:00+00:00,64276.80859375,64276.80859375,64379.98828125,63921.01171875,64060.359375,1444204544
2026-08-17 18:00:00+00:00,64380.578125,64380.578125,64562.1796875,64229.0,64293.9296875,1275262976
2026-08-17 19:00:00+00:00,64266.44140625,64266.44140625,64374.26171875,64231.01171875,64362.421875,368891904
2026-08-17 20:00:00+00:00,64341.76953125,64341.76953125,64376.41015625,64214.7109375,64260.8984375,230129664
2026-08-17 21:00:00+00:00,64335.03125,64335.03125,64388.51953125,64245.19140625,64341.76953125,210223104
2026-08-17 22:00:00+00:00,64240.21875,64240.21875,64369.51171875,64222.9609375,64340.1796875,0
2026-08-17 23:00:00+00:00,64477.25,64477.25,64530.0390625,64230.01171875,64240.21875,51107840
2026-08-18 00:00:00+00:00,64322.2890625,64322.2890625,64506.9609375,64300.53125,64486.25,0
2026-08-18 01:00:00+00:00,64148.44921875,64148.44921875,64323.62109375,64097.46875,64323.62109375,0
2026-08-18 02:00:00+00:00,64036.12890625,64036.12890625,64217.98828125,63995.2890625,64144.328125,41668608
2026-08-18 03:00:00+00:00,64117.2109375,64117.2109375,64119.44140625,63979.37109375,64043.3984375,0
2026-08-18 04:00:00+00:00,64149.69140625,64149.69140625,64181.87109375,64018.69921875,64117.19921875,137375744
2026-08-18 05:00:00+00:00,64169.4609375,64169.4609375,64211.73046875,64079.7109375,64149.69140625,272480256
2026-08-18 06:00:00+00:00,64266.41015625,64266.41015625,64397.37890625,64099.19921875,64169.4609375,243425280
2026-08-18 07:00:00+00:00,64139.78125,64139.78125,64294.19921875,64104.16015625,64264.41015625,0
2026-08-18 08:00:00+00:00,64228.640625,64228.640625,64278.23046875,64027.421875,64139.78125,0
2026-08-18 09:00:00+00:00,64110.01171875,64110.01171875,64215.5390625,64070.87890625,64203.12890625,350208
2026-08-18 10:00:00+00:00,64134.5390625,64134.5390625,64154.171875,64062.7109375,64105.01171875,0
2026-08-18 11:00:00+00:00,64288.1796875,64288.1796875,64342.44140625,64124.7890625,64124.7890625,0
2026-08-18 12:00:00+00:00,64161.671875,64161.671875,64300.3203125,64161.671875,64280.921875,0
2026-08-18 13:00:00+00:00,64155.9296875,64155.9296875,64226.08984375,63991.25,64128.609375,241235968
2026-08-18 14:00:00+00:00,64668.140625,64668.140625,65007.2890625,64158.171875,64158.171875,2084710400
2026-08-18 15:00:00+00:00,64808.0,64808.0,64849.41015625,64601.3203125,64696.3203125,0
2026-08-18 16:00:00+00:00,64795.1796875,64795.1796875,64853.08984375,64629.51953125,64819.66015625,0
2026-08-18 17:00:00+00:00,64629.55859375,64629.55859375,64798.19921875,64629.55078125,64798.19921875,0
2026-08-18 18:00:00+00:00,64737.171875,64737.171875,64790.91015625,64611.2890625,64625.3984375,0
2026-08-18 19:00:00+00:00,64603.9296875,64603.9296875,64763.05078125,64603.921875,64729.05078125,0
2026-08-18 20:00:00+00:00,64538.48046875,64538.48046875,64621.94921875,64523.28125,64612.53125,0
2026-08-18 21:00:00+00:00,64559.328125,64559.328125,64611.28125,64527.37109375,64540.16015625,0
2026-08-18 22:00:00+00:00,64596.41015625,64596.41015625,64615.12890625,64513.91015625,64559.19140625,0
2026-08-18 23:00:00+00:00,64681.328125,64681.328125,64744.26953125,64584.9609375,64588.2109375,0
2026-08-19 00:00:00+00:00,64445.4296875,64445.4296875,64697.80078125,64445.4296875,64692.2109375,0
2026-08-19 01:00:00+00:00,64358.4609375,64358.4609375,64502.98046875,64341.46875,64440.12109375,60477440
2026-08-19 02:00:00+00:00,64295.83984375,64295.83984375,64367.2109375,64293.0703125,64348.55078125,0
2026-08-19 03:00:00+00:00,64269.359375,64269.359375,64363.6484375,64218.3984375,64295.8515625,0
2026-08-19 04:00:00+00:00,64255.1015625,64255.1015625,64336.859375,64234.37109375,64268.109375,0
2026-08-19 05:00:00+00:00,64185.23046875,64185.23046875,64357.890625,64178.28125,64255.9296875,0
2026-08-19 06:00:00+00:00,64289.8203125,64289.8203125,64291.421875,64112.0390625,64186.33984375,0
2026-08-19 07:00:00+00:00,64243.55078125,64243.55078125,64343.9296875,64211.23828125,64289.8203125,52691968
2026-08-19 08:00:00+00:00,64357.12109375,64357.12109375,64455.6015625,64190.69921875,64236.76171875,35102720
2026-08-19 09:00:00+00:00,64371.5703125,64371.5703125,64418.390625,64307.171875,64356.46875,0
2026-08-19 10:00:00+00:00,64393.80078125,64393.80078125,64404.78125,64304.98828125,64367.80078125,94493696
2026-08-19 11:00:00+00:00,64459.109375,64459.109375,64483.671875,64386.7890625,64386.7890625,0
2026-08-19 12:00:00+00:00,64830.890625,64830.890625,64935.94140625,64417.140625,64459.109375,896557056
2026-08-19 13:00:00+00:00,64966.71875,64966.71875,65170.19921875,64735.921875,64812.16015625,1065179136
2026-08-19 14:00:00+00:00,65886.25,65886.25,65930.828125,64966.08984375,64969.9296875,652589056
2026-08-19 15:00:00+00:00,68519.6328125,68519.6328125,69594.25,65858.65625,65926.2734375,10297483264
2026-08-19 16:00:00+00:00,68453.9765625,68453.9765625,68892.6484375,68403.96875,68588.359375,2866417664
2026-08-19 17:00:00+00:00,68168.3125,68168.3125,68514.390625,67802.34375,68444.3203125,2094526464
2026-08-19 18:00:00+00:00,68389.1171875,68389.1171875,68439.5,68013.4921875,68187.0078125,871927808
2026-08-19 19:00:00+00:00,68406.1328125,68406.1328125,68471.0390625,68093.3515625,68367.0390625,997826560
2026-08-19 20:00:00+00:00,69043.25,69043.25,69544.90625,68373.4765625,68428.6015625,1756401664
2026-08-19 21:00:00+00:00,69700.0,69700.0,70010.9609375,68975.6171875,69038.640625,4437491712
2026-08-19 22:00:00+00:00,69219.546875,69219.546875,69819.2578125,68959.609375,69790.28125,1832513536
2026-08-19 23:00:00+00:00,69300.0078125,69300.0078125,69421.6171875,69130.578125,69224.703125,1161973760
2026-08-20 00:00:00+00:00,69387.7734375,69387.7734375,69749.9921875,69291.6015625,69298.7890625,2000023552
2026-08-20 01:00:00+00:00,69678.6796875,69678.6796875,69856.3828125,69239.65625,69385.7578125,913199104
2026-08-20 02:00:00+00:00,69258.5703125,69258.5703125,69787.1171875,69223.5625,69682.296875,964894720
2026-08-20 03:00:00+00:00,69139.9921875,69139.9921875,69282.921875,68857.28125,69245.8671875,1270792192
2026-08-20 04:00:00+00:00,69442.5234375,69442.5234375,69533.421875,69104.421875,69130.1875,1019191296
2026-08-20 05:00:00+00:00,69374.828125,69374.828125,69633.0703125,69318.0,69445.640625,888156160
2026-08-20 06:00:00+00:00,69813.9921875,69813.9921875,69866.296875,69313.96875,69368.4609375,1263570944
2026-08-20 07:00:00+00:00,69781.84375,69781.84375,69957.09375,69456.03125,69792.046875,1780432896
2026-08-20 08:00:00+00:00,71524.28125,71524.28125,71746.5625,69736.640625,69784.5078125,4352184320
2026-08-20 09:00:00+00:00,71740.890625,71740.890625,71994.2265625,71458.3125,71532.3984375,3360026624
2026-08-20 10:00:00+00:00,71941.6875,71941.6875,72407.171875,71651.609375,71733.2421875,3147587584
2026-08-20 11:00:00+00:00,71870.109375,71870.109375,72272.6328125,71765.890625,71934.6484375,1450704896
2026-08-20 12:00:00+00:00,71894.5078125,71894.5078125,71950.8125,71440.046875,71886.3515625,242876416
2026-08-20 13:00:00+00:00,71631.4609375,71631.4609375,72025.5625,71143.1328125,71921.15625,1817792512
2026-08-20 14:00:00+00:00,71780.2890625,71780.2890625,71935.0703125,71364.3515625,71632.3203125,0
2026-08-20 15:00:00+00:00,72443.1484375,72443.1484375,72781.046875,71751.640625,71776.4921875,0
2026-08-20 16:00:00+00:00,72829.4296875,72829.4296875,72843.2890625,72180.0078125,72437.671875,0
2026-08-20 17:00:00+00:00,72715.328125,72715.328125,72940.40625,72540.59375,72820.609375,0
2026-08-20 18:00:00+00:00,72413.0390625,72413.0390625,72794.5390625,72373.5625,72733.828125,684711936
2026-08-20 19:00:00+00:00,72626.453125,72626.453125,72768.4765625,72313.75,72410.921875,20582400
2026-08-20 20:00:00+00:00,72660.2265625,72660.2265625,73002.6796875,72585.0390625,72678.2265625,0
2026-08-20 21:00:00+00:00,72725.6328125,72725.6328125,72829.4375,72547.5625,72660.2265625,0
2026-08-20 22:00:00+00:00,72664.6796875,72664.6796875,72853.7890625,72485.0,72745.90625,0
2026-08-20 23:00:00+00:00,73015.9296875,73015.9296875,73377.8203125,72645.0,72658.7109375,88973312
2026-08-21 00:00:00+00:00,73692.40625,73692.40625,73945.1796875,73010.2734375,73010.2734375,531660800
2026-08-21 01:00:00+00:00,75107.890625,75107.890625,75704.40625,73648.796875,73658.7734375,3005939712
2026-08-21 02:00:00+00:00,74409.7109375,74409.7109375,75155.9765625,74358.859375,75107.1328125,1275346944
2026-08-21 03:00:00+00:00,74478.2734375,74478.2734375,74832.65625,74219.6328125,74444.28125,28532736
2026-08-21 04:00:00+00:00,74999.9921875,74999.9921875,75023.03125,74499.828125,74499.828125,3575808
2026-08-21 05:00:00+00:00,75438.078125,75438.078125,75482.921875,74888.2265625,74999.9921875,320593920
2026-08-21 06:00:00+00:00,75615.7890625,75615.7890625,75700.1171875,75065.3515625,75391.1484375,265400320
2026-08-21 07:00:00+00:00,76306.328125,76306.328125,76845.359375,75596.9921875,75600.0,1269219328
2026-08-21 08:00:00+00:00,79224.703125,79224.703125,79442.859375,76267.5078125,76299.171875,431730688
2026-08-21 09:00:00+00:00,77888.171875,77888.171875,79326.21875,77267.3984375,79189.2734375,4098641920
2026-08-21 10:00:00+00:00,77802.359375,77802.359375,78236.171875,77606.1171875,77861.5234375,101093376
2026-08-21 11:00:00+00:00,76709.6171875,76709.6171875,77840.640625,76416.4765625,77814.40625,0
2026-08-21 12:00:00+00:00,77195.1484375,77195.1484375,77457.5,76521.2890625,76740.953125,4271996928
2026-08-21 13:00:00+00:00,77244.2265625,77244.2265625,77671.5078125,76225.8125,77229.71875,0
2026-08-21 14:00:00+00:00,77374.78125,77374.78125,77432.6484375,76526.828125,77217.4921875,1856126976
2026-08-21 15:00:00+00:00,77178.828125,77178.828125,77843.2734375,77136.0234375,77403.0625,0
2026-08-21 16:00:00+00:00,77451.34375,77451.34375,77516.71875,76795.3671875,77190.75,187875328
2026-08-21 17:00:00+00:00,77370.28125,77370.28125,77695.6796875,77167.8203125,77472.65625,0
2026-08-21 18:00:00+00:00,77110.5234375,77110.5234375,77519.7578125,76623.4296875,77380.25,0
2026-08-21 19:00:00+00:00,76995.203125,76995.203125,77338.90625,76837.8125,77144.8984375,2632744960
2026-08-21 20:00:00+00:00,77497.96875,77497.96875,77518.40625,76837.75,77028.0,266452992
2026-08-21 21:00:00+00:00,78495.390625,78495.390625,78664.171875,77363.09375,77492.390625,1140613120
2026-08-21 22:00:00+00:00,78432.7734375,78432.7734375,78747.0625,78106.6015625,78503.3828125,1738825728
2026-08-21 23:00:00+00:00,78325.546875,78325.546875,78711.09375,78122.8203125,78459.7734375,12009472
2026-08-22 00:00:00+00:00,77934.0625,77934.0625,78495.5,77695.40625,78325.5390625,0
2026-08-22 01:00:00+00:00,77821.046875,77821.046875,78220.59375,77805.34375,77938.3671875,0
2026-08-22 02:00:00+00:00,78462.796875,78462.796875,78543.8671875,77783.4609375,77840.703125,0
2026-08-22 03:00:00+00:00,78402.6171875,78402.6171875,78814.4921875,78351.6015625,78481.8984375,408903680
2026-08-22 04:00:00+00:00,78475.7109375,78475.7109375,78795.140625,78195.40625,78402.6171875,767688704
2026-08-22 05:00:00+00:00,77351.1875,77351.1875,78562.9296875,76650.2734375,78440.0,7252869120
2026-08-22 06:00:00+00:00,77477.25,77477.25,77560.6875,76992.3515625,77343.546875,0
2026-08-22 07:00:00+00:00,77286.2421875,77286.2421875,77645.3203125,77208.1796875,77475.5703125,0
2026-08-22 08:00:00+00:00,77195.4921875,77195.4921875,77429.1328125,77021.546875,77293.890625,0
2026-08-22 09:00:00+00:00,77049.3984375,77049.3984375,77366.7421875,76835.4921875,77195.4921875,0
2026-08-22 10:00:00+00:00,76964.8828125,76964.8828125,77179.3125,76524.3515625,77049.390625,0
2026-08-22 11:00:00+00:00,77114.3515625,77114.3515625,77206.0234375,76808.7578125,76961.5390625,0
2026-08-22 12:00:00+00:00,77300.0078125,77300.0078125,77373.046875,77069.0078125,77119.921875,0
2026-08-22 13:00:00+00:00,77277.296875,77277.296875,77359.6328125,77101.390625,77300.0078125,0
2026-08-22 14:00:00+00:00,76995.59375,76995.59375,77315.703125,76927.1796875,77277.2890625,0
2026-08-22 15:00:00+00:00,76970.5625,76970.5625,77093.828125,76884.0078125,77007.3828125,0
2026-08-22 16:00:00+00:00,77282.4609375,77282.4609375,77534.4921875,76944.0,76972.4765625,0
2026-08-22 17:00:00+00:00,77270.5234375,77270.5234375,77367.140625,77072.328125,77272.078125,0
2026-08-22 18:00:00+00:00,77261.921875,77261.921875,77357.5,77133.9609375,77270.53125,0
2026-08-22 19:00:00+00:00,77419.9375,77419.9375,77475.78125,77196.7265625,77261.921875,0
2026-08-22 20:00:00+00:00,77312.9765625,77312.9765625,77459.640625,77260.0078125,77421.578125,0
2026-08-22 21:00:00+00:00,76847.3671875,76847.3671875,77312.2109375,76839.796875,77311.2265625,0
2026-08-22 22:00:00+00:00,76989.453125,76989.453125,77146.4921875,76770.53125,76873.6796875,0
2026-08-22 23:00:00+00:00,77054.4375,77054.4375,77121.96875,76888.96875,77005.953125,0
2026-08-23 00:00:00+00:00,77289.0,77289.0,77343.5625,77037.9375,77054.4609375,0
2026-08-23 01:00:00+00:00,77184.53125,77184.53125,77397.3828125,77152.5390625,77287.4375,0
2026-08-23 02:00:00+00:00,77064.6875,77064.6875,77206.5,76992.1015625,77184.5390625,0
2026-08-23 03:00:00+00:00,76914.7265625,76914.7265625,77133.4296875,76824.03125,77072.7421875,0
2026-08-23 04:00:00+00:00,76602.46875,76602.46875,77025.0,76495.4765625,76914.7265625,0
2026-08-23 05:00:00+00:00,76048.5703125,76048.5703125,76707.0390625,75601.5703125,76564.2734375,0
2026-08-23 06:00:00+00:00,76089.0,76089.0,76339.5078125,75899.578125,76100.0,0
2026-08-23 07:00:00+00:00,75986.9921875,75986.9921875,76335.0078125,75899.2734375,76090.8203125,0
2026-08-23 08:00:00+00:00,76464.9375,76464.9375,76605.8828125,75933.96875,75987.7890625,0
2026-08-23 09:00:00+00:00,76540.0078125,76540.0078125,76629.203125,76449.671875,76468.46875,0
2026-08-23 10:00:00+00:00,76776.9296875,76776.9296875,76896.609375,76533.7109375,76533.7109375,0
2026-08-23 11:00:00+00:00,77288.15625,77288.15625,77369.140625,76729.578125,76776.9375,2861056
2026-08-23 12:00:00+00:00,77201.59375,77201.59375,77288.15625,76999.75,77288.15625,0
2026-08-23 13:00:00+00:00,77477.2421875,77477.2421875,77715.546875,77184.8828125,77201.59375,715337728
2026-08-23 14:00:00+00:00,77180.453125,77180.453125,77630.578125,76829.4296875,77481.78125,1025032192
2026-08-23 15:00:00+00:00,77133.453125,77133.453125,77320.0625,76917.921875,77212.0078125,327010304
2026-08-23 16:00:00+00:00,77405.671875,77405.671875,77454.0,77133.453125,77133.453125,0
2026-08-23 17:00:00+00:00,77175.46875,77175.46875,77433.1171875,77144.90625,77405.671875,0
2026-08-23 18:00:00+00:00,77325.0,77325.0,77396.921875,77104.453125,77179.28125,460367872
2026-08-23 19:00:00+00:00,77328.2734375,77328.2734375,77455.078125,77237.6328125,77347.359375,80019456
2026-08-23 20:00:00+00:00,77393.1875,77393.1875,77431.3984375,77186.84375,77320.6328125,0
2026-08-23 21:00:00+00:00,77832.5,77832.5,78025.8984375,77400.0,77400.0,384538624
2026-08-23 22:00:00+00:00,77600.671875,77600.671875,77966.2421875,77560.0234375,77866.8828125,481656832
2026-08-23 23:00:00+00:00,77725.5390625,77725.5390625,77819.03125,77329.2578125,77612.5234375,522901504
2026-08-24 00:00:00+00:00,77672.046875,77672.046875,77740.3203125,77175.7265625,77733.703125,511672320
2026-08-24 01:00:00+00:00,76907.8515625,76907.8515625,77700.2421875,76907.8515625,77684.5234375,714055680
2026-08-24 02:00:00+00:00,77466.328125,77466.328125,77542.1796875,76867.84375,76913.0625,690757632
2026-08-24 03:00:00+00:00,76933.4609375,76933.4609375,77519.2578125,76919.53125,77474.15625,1072965632
2026-08-24 04:00:00+00:00,76893.2265625,76893.2265625,77250.09375,76678.859375,76969.8671875,0
2026-08-24 05:00:00+00:00,77159.59375,77159.59375,77213.65625,76835.4921875,76877.5,0
2026-08-24 06:00:00+00:00,77459.1328125,77459.1328125,77520.09375,77064.6875,77152.53125,0
2026-08-24 07:00:00+00:00,77297.8671875,77297.8671875,77782.53125,77276.4375,77459.7265625,328226816
2026-08-24 08:00:00+00:00,77032.90625,77032.90625,77397.96875,76819.7109375,77316.1171875,109729792
2026-08-24 09:00:00+00:00,77540.8828125,77540.8828125,77590.921875,77007.8984375,77025.0703125,394989568
2026-08-24 10:00:00+00:00,77608.859375,77608.859375,78004.0703125,77523.5625,77540.7265625,1007820800
2026-08-24 11:00:00+00:00,78434.0234375,78434.0234375,78589.0,77449.96875,77614.2421875,1150758912
2026-08-24 12:00:00+00:00,79137.0390625,79137.0390625,79279.3828125,77967.6328125,78400.7109375,2219028480
2026-08-24 13:00:00+00:00,78562.3984375,78562.3984375,79345.2109375,77873.2578125,79136.359375,4471562240
2026-08-24 14:00:00+00:00,79484.3203125,79484.3203125,79798.1171875,78578.6875,78578.6875,3139547136
2026-08-24 15:00:00+00:00,79079.5,79079.5,79987.03125,78809.28125,79486.1015625,3707219968
2026-08-24 16:00:00+00:00,79041.0390625,79041.0390625,79838.546875,78894.75,79091.3828125,3043389440
2026-08-24 17:00:00+00:00,78744.9375,78744.9375,79182.640625,78469.078125,79040.2421875,3124101120
2026-08-24 18:00:00+00:00,78926.4921875,78926.4921875,79091.3828125,78722.4375,78763.71875,642224128
2026-08-24 19:00:00+00:00,78744.359375,78744.359375,79114.953125,78588.359375,78935.078125,1296715776
2026-08-24 20:00:00+00:00,78913.78125,78913.78125,78984.6328125,78550.1328125,78787.5234375,768851968
2026-08-24 21:00:00+00:00,78970.3125,78970.3125,79036.8515625,78843.453125,78929.2578125,0
2026-08-24 22:00:00+00:00,78734.6171875,78734.6171875,78977.9765625,78696.1015625,78970.3125,0
2026-08-24 23:00:00+00:00,78987.4296875,78987.4296875,79009.2109375,78635.2109375,78734.6171875,30892032
2026-08-25 00:00:00+00:00,79743.828125,79743.828125,79880.2890625,78711.4921875,78969.171875,552529920
2026-08-25 01:00:00+00:00,79821.8984375,79821.8984375,79969.03125,79481.8203125,79741.6875,874496000
2026-08-25 02:00:00+00:00,80634.3984375,80634.3984375,81245.53125,79730.0078125,79821.890625,3530829824
2026-08-25 03:00:00+00:00,80468.96875,80468.96875,80938.0625,80303.2109375,80643.921875,330780672
2026-08-25 04:00:00+00:00,80348.0703125,80348.0703125,80591.5625,80126.03125,80458.25,0
2026-08-25 05:00:00+00:00,80702.0,80702.0,80796.2421875,80303.2109375,80382.7265625,68665344
2026-08-25 06:00:00+00:00,80533.7734375,80533.7734375,80874.5625,80374.3828125,80688.46875,2277376
2026-08-25 07:00:00+00:00,79674.2109375,79674.2109375,80772.4375,79362.3125,80533.7734375,559218688
2026-08-25 08:00:00+00:00,79905.8125,79905.8125,80226.4765625,79580.59375,79704.6328125,443031552
2026-08-25 09:00:00+00:00,79177.828125,79177.828125,79930.7265625,78885.21875,79919.3125,708382720
2026-08-25 10:00:00+00:00,79293.1796875,79293.1796875,79466.34375,78982.6796875,79176.859375,0
2026-08-25 11:00:00+00:00,79118.9921875,79118.9921875,79434.6328125,79036.7734375,79294.8828125,0
2026-08-25 12:00:00+00:00,78966.9609375,78966.9609375,79167.953125,78632.7734375,79114.109375,0
2026-08-25 13:00:00+00:00,78627.359375,78627.359375,79200.0078125,78114.640625,78971.2890625,0
2026-08-25 14:00:00+00:00,79225.0078125,79225.0078125,79376.09375,78541.390625,78626.859375,0
2026-08-25 15:00:00+00:00,79506.2265625,79506.2265625,79537.4609375,79031.1328125,79232.7265625,0
2026-08-25 16:00:00+00:00,79153.296875,79153.296875,79574.9921875,79065.3828125,79495.0625,0
2026-08-25 17:00:00+00:00,79234.1015625,79234.1015625,79261.9375,78779.7578125,79144.5703125,0
2026-08-25 18:00:00+00:00,79135.6796875,79135.6796875,79343.203125,79045.53125,79235.7578125,0
2026-08-25 19:00:00+00:00,78923.8125,78923.8125,79233.9375,78736.4375,79120.8125,0
2026-08-25 20:00:00+00:00,78184.046875,78184.046875,78981.0703125,78171.1015625,78964.0,270336000
2026-08-25 21:00:00+00:00,78550.578125,78550.578125,78660.53125,77871.7421875,78165.2890625,1512439808
2026-08-25 22:00:00+00:00,78876.8671875,78876.8671875,78989.9921875,78552.2109375,78552.2109375,129847296
2026-08-25 23:00:00+00:00,78526.796875,78526.796875,78963.3984375,78388.96875,78876.8671875,262873088
2026-08-26 00:00:00+00:00,78632.359375,78632.359375,78707.6796875,78310.8515625,78574.0390625,0
2026-08-26 01:00:00+00:00,78809.6328125,78809.6328125,78954.4765625,78613.71875,78613.71875,0
2026-08-26 02:00:00+00:00,79098.25,79098.25,79239.09375,78743.3515625,78835.671875,0
2026-08-26 03:00:00+00:00,79075.5234375,79075.5234375,79176.2421875,78891.1328125,79092.4765625,0
2026-08-26 04:00:00+00:00,78823.8515625,78823.8515625,79188.2421875,78784.75,79066.40625,0
2026-08-26 05:00:00+00:00,79080.25,79080.25,79124.3984375,78633.1015625,78823.8515625,0
2026-08-26 06:00:00+00:00,78934.0234375,78934.0234375,79194.90625,78806.9296875,79079.25,0
2026-08-26 07:00:00+00:00,78915.9765625,78915.9765625,79085.796875,78855.1015625,78931.453125,0
2026-08-26 08:00:00+00:00,78690.9765625,78690.9765625,79110.7734375,78603.6328125,78915.9765625,0
2026-08-26 09:00:00+00:00,78434.75,78434.75,78875.7265625,78239.1015625,78695.7265625,0
2026-08-26 10:00:00+00:00,78707.890625,78707.890625,78862.3203125,78288.40625,78423.2109375,0
2026-08-26 11:00:00+00:00,78467.421875,78467.421875,78770.21875,78303.3671875,78710.140625,0
2026-08-26 12:00:00+00:00,78300.1484375,78300.1484375,78693.171875,78135.4765625,78488.34375,317390848
2026-08-26 13:00:00+00:00,78446.78125,78446.78125,78545.4296875,77907.6875,78298.2734375,0
2026-08-26 14:00:00+00:00,77787.5390625,77787.5390625,78606.5625,77768.2265625,78410.7578125,0
2026-08-26 15:00:00+00:00,78013.359375,78013.359375,78163.390625,77632.0390625,77787.53125,1208088576
2026-08-26 16:00:00+00:00,77982.2265625,77982.2265625,78167.9921875,77856.2890625,78005.4375,0
2026-08-26 17:00:00+00:00,78441.453125,78441.453125,78611.25,77997.71875,77999.78125,0
2026-08-26 18:00:00+00:00,78471.3828125,78471.3828125,78643.921875,78277.0390625,78448.046875,0
2026-08-26 19:00:00+00:00,78463.0078125,78463.0078125,78563.4765625,78281.96875,78471.390625,0
2026-08-26 20:00:00+00:00,78448.546875,78448.546875,78535.859375,78200.0078125,78487.609375,0
2026-08-26 21:00:00+00:00,78720.8984375,78720.8984375,78838.7890625,78379.0625,78448.546875,0
2026-08-26 22:00:00+00:00,78704.171875,78704.171875,78987.671875,78553.1875,78718.609375,49297408
2026-08-26 23:00:00+00:00,79026.1796875,79026.1796875,79156.546875,78653.7421875,78692.671875,327227392
2026-08-27 00:00:00+00:00,78695.1171875,78695.1171875,79019.71875,78692.7734375,79019.71875,155062272
2026-08-27 01:00:00+00:00,78893.5,78893.5,79024.109375,78583.4921875,78678.0078125,0
2026-08-27 02:00:00+00:00,78725.0,78725.0,78978.59375,78703.859375,78897.75,0
2026-08-27 03:00:00+00:00,78820.8203125,78820.8203125,78980.078125,78630.0,78726.4765625,206419968
2026-08-27 04:00:00+00:00,78765.2734375,78765.2734375,78887.9609375,78670.0,78820.828125,0
2026-08-27 05:00:00+00:00,78876.53125,78876.53125,78919.3984375,78590.0,78770.28125,0
2026-08-27 06:00:00+00:00,78820.0,78820.0,78895.34375,78609.828125,78895.34375,0
2026-08-27 07:00:00+00:00,79067.34375,79067.34375,79093.890625,78735.359375,78801.1171875,0
2026-08-27 08:00:00+00:00,79755.2578125,79755.2578125,80022.4296875,79034.921875,79082.53125,1561767936
2026-08-27 09:00:00+00:00,79988.75,79988.75,80500.0,79671.1484375,79755.2578125,1072343040
2026-08-27 10:00:00+00:00,79619.4921875,79619.4921875,80163.078125,79346.609375,79988.7421875,730159104
2026-08-27 11:00:00+00:00,79476.34375,79476.34375,79776.90625,79217.7734375,79617.9921875,557361152
2026-08-27 12:00:00+00:00,79276.0703125,79276.0703125,79577.75,79252.9375,79475.5,0
2026-08-27 13:00:00+00:00,79533.0,79533.0,79553.9921875,78921.5,79272.5,0
2026-08-27 14:00:00+00:00,80221.296875,80221.296875,80406.109375,79353.2109375,79533.1171875,998203392
2026-08-27 15:00:00+00:00,80316.9609375,80316.9609375,80799.0,80116.5234375,80221.4375,1218215936
2026-08-27 16:00:00+00:00,80389.3203125,80389.3203125,80631.671875,80205.6328125,80332.359375,1035792384
2026-08-27 17:00:00+00:00,80445.1328125,80445.1328125,80816.0,80239.5078125,80384.7890625,1106821120
2026-08-27 18:00:00+00:00,80174.53125,80174.53125,80454.03125,79759.5078125,80441.2109375,1190932480
2026-08-27 19:00:00+00:00,79932.53125,79932.53125,80302.8984375,79931.6796875,80175.8984375,897859584
2026-08-27 20:00:00+00:00,80003.2578125,80003.2578125,80122.9375,79881.1875,79934.53125,512495616
