Datetime,Adj Close,Close,High,Low,Open,Volume
2026-08-20 00:00:00-04:00,4556.2001953125,4556.2001953125,4556.60009765625,4556.0,4556.39990234375,0
2026-08-20 00:01:00-04:00,4555.2001953125,4555.2001953125,4556.39990234375,4555.10009765625,4556.39990234375,47
2026-08-20 00:02:00-04:00,4555.7001953125,4555.7001953125,4555.7001953125,4554.7001953125,4555.10009765625,42
2026-08-20 00:03:00-04:00,4553.60009765625,4553.60009765625,4556.0,4553.2001953125,4555.7998046875,334
2026-08-20 00:04:00-04:00,4553.10009765625,4553.10009765625,4554.5,4552.39990234375,4553.60009765625,92
2026-08-20 00:05:00-04:00,4553.7001953125,4553.7001953125,4553.7001953125,4552.7998046875,4552.89990234375,31
2026-08-20 00:06:00-04:00,4554.0,4554.0,4554.2998046875,4552.89990234375,4553.2001953125,32
2026-08-20 00:07:00-04:00,4554.60009765625,4554.60009765625,4554.60009765625,4553.7001953125,4554.10009765625,25
2026-08-20 00:08:00-04:00,4554.7998046875,4554.7998046875,4554.89990234375,4554.2998046875,4554.2998046875,113
2026-08-20 00:09:00-04:00,4554.10009765625,4554.10009765625,4554.7001953125,4553.7001953125,4554.7001953125,41
2026-08-20 00:10:00-04:00,4554.60009765625,4554.60009765625,4554.7001953125,4553.60009765625,4554.0,15
2026-08-20 00:11:00-04:00,4554.2998046875,4554.2998046875,4554.89990234375,4554.2001953125,4554.39990234375,38
2026-08-20 00:12:00-04:00,4554.60009765625,4554.60009765625,4554.7998046875,4554.0,4554.2001953125,15
2026-08-20 00:13:00-04:00,4554.60009765625,4554.60009765625,4554.60009765625,4554.2998046875,4554.5,12
2026-08-20 00:14:00-04:00,4553.60009765625,4553.60009765625,4554.39990234375,4553.2998046875,4554.39990234375,49
2026-08-20 00:15:00-04:00,4553.10009765625,4553.10009765625,4554.10009765625,4552.7001953125,4553.60009765625,73
2026-08-20 00:16:00-04:00,4553.5,4553.5,4553.5,4552.2998046875,4552.7001953125,21
2026-08-20 00:17:00-04:00,4554.2001953125,4554.2001953125,4554.2001953125,4553.60009765625,4553.60009765625,13
2026-08-20 00:18:00-04:00,4553.60009765625,4553.60009765625,4553.89990234375,4553.2001953125,4553.89990234375,18
2026-08-20 00:19:00-04:00,4553.89990234375,4553.89990234375,4553.89990234375,4553.2001953125,4553.2998046875,4
2026-08-20 00:20:00-04:00,4552.5,4552.5,4554.2998046875,4552.2998046875,4554.0,36
2026-08-20 00:21:00-04:00,4552.60009765625,4552.60009765625,4552.60009765625,4551.7001953125,4552.5,53
2026-08-20 00:22:00-04:00,4553.39990234375,4553.39990234375,4554.0,4552.60009765625,4552.7001953125,72
2026-08-20 00:23:00-04:00,4551.7998046875,4551.7998046875,4553.7001953125,4551.7998046875,4553.60009765625,56
2026-08-20 00:24:00-04:00,4552.7001953125,4552.7001953125,4552.7001953125,4552.10009765625,4552.10009765625,17
2026-08-20 00:25:00-04:00,4552.39990234375,4552.39990234375,4552.39990234375,4551.7001953125,4552.10009765625,29
2026-08-20 00:26:00-04:00,4551.7001953125,4551.7001953125,4552.39990234375,4551.39990234375,4552.39990234375,15
2026-08-20 00:27:00-04:00,4552.0,4552.0,4552.0,4551.39990234375,4551.7998046875,13
2026-08-20 00:28:00-04:00,4549.7001953125,4549.7001953125,4551.89990234375,4549.2998046875,4551.5,153
2026-08-20 00:29:00-04:00,4547.39990234375,4547.39990234375,4550.0,4547.10009765625,4549.7001953125,129
2026-08-20 00:30:00-04:00,4546.7998046875,4546.7998046875,4547.89990234375,4546.7001953125,4547.2001953125,120
2026-08-20 00:31:00-04:00,4547.39990234375,4547.39990234375,4548.2998046875,4547.10009765625,4547.10009765625,49
2026-08-20 00:32:00-04:00,4545.7998046875,4545.7998046875,4546.7001953125,4545.2998046875,4546.7001953125,103
2026-08-20 00:33:00-04:00,4545.60009765625,4545.60009765625,4545.89990234375,4544.2001953125,4545.7001953125,77
2026-08-20 00:34:00-04:00,4545.89990234375,4545.89990234375,4546.2998046875,4545.10009765625,4545.10009765625,83
2026-08-20 00:35:00-04:00,4545.2001953125,4545.2001953125,4545.7998046875,4545.10009765625,4545.39990234375,13
2026-08-20 00:36:00-04:00,4545.39990234375,4545.39990234375,4545.5,4543.7998046875,4545.5,48
2026-08-20 00:37:00-04:00,4544.7998046875,4544.7998046875,4545.89990234375,4544.2998046875,4545.5,34
2026-08-20 00:38:00-04:00,4544.2001953125,4544.2001953125,4544.5,4543.39990234375,4544.5,72
2026-08-20 00:39:00-04:00,4544.7998046875,4544.7998046875,4544.7998046875,4543.89990234375,4544.39990234375,25
2026-08-20 00:40:00-04:00,4546.10009765625,4546.10009765625,4546.2998046875,4544.2998046875,4544.39990234375,78
2026-08-20 00:41:00-04:00,4545.2998046875,4545.2998046875,4545.7998046875,4544.89990234375,4545.7998046875,46
2026-08-20 00:42:00-04:00,4545.0,4545.0,4545.5,4544.89990234375,4545.2998046875,12
2026-08-20 00:43:00-04:00,4545.2998046875,4545.2998046875,4545.2998046875,4545.0,4545.2001953125,7
2026-08-20 00:44:00-04:00,4544.39990234375,4544.39990234375,4545.2001953125,4544.2001953125,4545.2001953125,41
2026-08-20 00:45:00-04:00,4545.60009765625,4545.60009765625,4545.7998046875,4544.10009765625,4544.2998046875,71
2026-08-20 00:46:00-04:00,4546.0,4546.0,4546.2998046875,4545.2998046875,4545.5,56
2026-08-20 00:47:00-04:00,4546.10009765625,4546.10009765625,4546.2998046875,4545.7998046875,4546.2998046875,8
2026-08-20 00:48:00-04:00,4546.7001953125,4546.7001953125,4546.7001953125,4546.10009765625,4546.2998046875,54
2026-08-20 00:49:00-04:00,4548.0,4548.0,4548.0,4546.5,4546.5,21
2026-08-20 00:50:00-04:00,4547.39990234375,4547.39990234375,4547.7998046875,4547.10009765625,4547.7001953125,26
2026-08-20 00:51:00-04:00,4547.0,4547.0,4547.60009765625,4546.89990234375,4547.39990234375,14
2026-08-20 00:52:00-04:00,4548.39990234375,4548.39990234375,4549.10009765625,4547.10009765625,4547.10009765625,65
2026-08-20 00:53:00-04:00,4548.39990234375,4548.39990234375,4548.60009765625,4548.0,4548.5,28
2026-08-20 00:54:00-04:00,4547.60009765625,4547.60009765625,4548.39990234375,4547.10009765625,4548.2998046875,38
2026-08-20 00:55:00-04:00,4547.39990234375,4547.39990234375,4548.0,4546.5,4546.60009765625,17
2026-08-20 00:56:00-04:00,4547.5,4547.5,4549.10009765625,4547.2998046875,4547.2998046875,20
2026-08-20 00:57:00-04:00,4546.2998046875,4546.2998046875,4547.5,4546.2998046875,4547.39990234375,27
2026-08-20 00:58:00-04:00,4547.2998046875,4547.2998046875,4547.2998046875,4546.10009765625,4546.2001953125,21
2026-08-20 00:59:00-04:00,4546.10009765625,4546.10009765625,4546.39990234375,4545.7998046875,4546.2001953125,13
2026-08-20 01:00:00-04:00,4546.10009765625,4546.10009765625,4547.10009765625,4545.89990234375,4546.0,28
2026-08-20 01:01:00-04:00,4547.10009765625,4547.10009765625,4547.10009765625,4545.7998046875,4546.39990234375,22
2026-08-20 01:02:00-04:00,4547.7998046875,4547.7998046875,4547.7998046875,4547.10009765625,4547.10009765625,7
2026-08-20 01:03:00-04:00,4548.5,4548.5,4549.10009765625,4547.2998046875,4547.2998046875,30
2026-08-20 01:04:00-04:00,4548.7001953125,4548.7001953125,4548.7998046875,4548.7001953125,4548.7998046875,2
2026-08-20 01:05:00-04:00,4549.7998046875,4549.7998046875,4550.10009765625,4548.89990234375,4549.0,29
2026-08-20 01:06:00-04:00,4549.5,4549.5,4550.5,4549.39990234375,4550.10009765625,60
2026-08-20 01:07:00-04:00,4549.2998046875,4549.2998046875,4551.39990234375,4549.2001953125,4549.7001953125,78
2026-08-20 01:08:00-04:00,4549.60009765625,4549.60009765625,4549.60009765625,4548.89990234375,4549.2001953125,24
2026-08-20 01:09:00-04:00,4548.39990234375,4548.39990234375,4549.2001953125,4548.39990234375,4549.10009765625,16
2026-08-20 01:10:00-04:00,4548.5,4548.5,4549.0,4547.89990234375,4548.2001953125,32
2026-08-20 01:11:00-04:00,4547.5,4547.5,4548.60009765625,4547.39990234375,4548.60009765625,16
2026-08-20 01:12:00-04:00,4546.2001953125,4546.2001953125,4547.60009765625,4545.89990234375,4547.2998046875,59
2026-08-20 01:13:00-04:00,4543.89990234375,4543.89990234375,4546.5,4543.89990234375,4546.0,136
2026-08-20 01:14:00-04:00,4542.89990234375,4542.89990234375,4544.0,4541.5,4544.0,220
2026-08-20 01:15:00-04:00,4543.0,4543.0,4543.60009765625,4542.39990234375,4542.89990234375,28
2026-08-20 01:16:00-04:00,4543.0,4543.0,4543.89990234375,4542.60009765625,4543.2998046875,103
2026-08-20 01:17:00-04:00,4544.0,4544.0,4544.5,4542.10009765625,4542.7001953125,46
2026-08-20 01:18:00-04:00,4543.2001953125,4543.2001953125,4543.89990234375,4542.39990234375,4543.89990234375,66
2026-08-20 01:19:00-04:00,4542.2001953125,4542.2001953125,4543.10009765625,4541.7001953125,4543.10009765625,48
2026-08-20 01:20:00-04:00,4542.0,4542.0,4543.39990234375,4541.89990234375,4541.89990234375,43
2026-08-20 01:21:00-04:00,4543.7001953125,4543.7001953125,4544.0,4541.89990234375,4542.0,60
2026-08-20 01:22:00-04:00,4542.2998046875,4542.2998046875,4543.5,4542.10009765625,4543.39990234375,52
2026-08-20 01:23:00-04:00,4543.89990234375,4543.89990234375,4543.89990234375,4541.0,4542.5,120
2026-08-20 01:24:00-04:00,4544.0,4544.0,4544.39990234375,4543.5,4543.89990234375,70
2026-08-20 01:25:00-04:00,4542.60009765625,4542.60009765625,4543.7001953125,4542.60009765625,4543.7001953125,26
2026-08-20 01:26:00-04:00,4543.10009765625,4543.10009765625,4543.10009765625,4542.7001953125,4542.89990234375,8
2026-08-20 01:27:00-04:00,4541.60009765625,4541.60009765625,4543.0,4541.60009765625,4542.39990234375,85
2026-08-20 01:28:00-04:00,4541.89990234375,4541.89990234375,4542.2998046875,4540.2998046875,4541.7001953125,99
2026-08-20 01:29:00-04:00,4540.5,4540.5,4542.39990234375,4540.0,4541.89990234375,105
2026-08-20 01:30:00-04:00,4541.0,4541.0,4543.10009765625,4538.7001953125,4540.0,242
2026-08-20 01:31:00-04:00,4541.2001953125,4541.2001953125,4541.7998046875,4540.2998046875,4541.10009765625,49
2026-08-20 01:32:00-04:00,4539.7001953125,4539.7001953125,4541.0,4538.89990234375,4540.89990234375,56
2026-08-20 01:33:00-04:00,4538.7998046875,4538.7998046875,4540.2001953125,4538.7998046875,4539.89990234375,27
2026-08-20 01:34:00-04:00,4537.7001953125,4537.7001953125,4539.0,4536.60009765625,4539.0,247
2026-08-20 01:35:00-04:00,4537.7998046875,4537.7998046875,4538.7001953125,4536.89990234375,4537.7001953125,112
2026-08-20 01:36:00-04:00,4538.60009765625,4538.60009765625,4538.89990234375,4537.0,4537.7001953125,51
2026-08-20 01:37:00-04:00,4536.60009765625,4536.60009765625,4538.7001953125,4536.2998046875,4538.5,125
2026-08-20 01:38:00-04:00,4536.5,4536.5,4536.89990234375,4535.2001953125,4536.5,97
2026-08-20 01:39:00-04:00,4537.5,4537.5,4537.5,4535.7001953125,4536.2998046875,46
2026-08-20 01:40:00-04:00,4537.7998046875,4537.7998046875,4538.0,4536.2998046875,4537.5,41
2026-08-20 01:41:00-04:00,4537.60009765625,4537.60009765625,4538.10009765625,4536.60009765625,4537.7001953125,69
2026-08-20 01:42:00-04:00,4538.7001953125,4538.7001953125,4539.2001953125,4537.7001953125,4537.89990234375,66
2026-08-20 01:43:00-04:00,4538.2998046875,4538.2998046875,4539.39990234375,4537.89990234375,4538.5,39
2026-08-20 01:44:00-04:00,4537.7998046875,4537.7998046875,4538.89990234375,4537.39990234375,4538.5,22
2026-08-20 01:45:00-04:00,4536.7001953125,4536.7001953125,4538.0,4536.5,4537.89990234375,28
2026-08-20 01:46:00-04:00,4536.7998046875,4536.7998046875,4537.10009765625,4536.7001953125,4536.7001953125,24
2026-08-20 01:47:00-04:00,4538.2001953125,4538.2001953125,4539.0,4536.7001953125,4536.7998046875,53
2026-08-20 01:48:00-04:00,4538.2998046875,4538.2998046875,4538.60009765625,4537.7001953125,4538.2001953125,55
2026-08-20 01:49:00-04:00,4538.60009765625,4538.60009765625,4538.60009765625,4538.10009765625,4538.2001953125,23
2026-08-20 01:50:00-04:00,4538.2001953125,4538.2001953125,4539.0,4538.0,4538.60009765625,18
2026-08-20 01:51:00-04:00,4537.39990234375,4537.39990234375,4538.60009765625,4537.39990234375,4538.0,88
2026-08-20 01:52:00-04:00,4537.5,4537.5,4538.2001953125,4536.2998046875,4537.2998046875,46
2026-08-20 01:53:00-04:00,4535.89990234375,4535.89990234375,4537.7998046875,4535.7001953125,4537.60009765625,76
2026-08-20 01:54:00-04:00,4535.7001953125,4535.7001953125,4536.60009765625,4535.60009765625,4536.10009765625,38
2026-08-20 01:55:00-04:00,4536.2001953125,4536.2001953125,4536.2998046875,4534.7998046875,4535.7001953125,111
2026-08-20 01:56:00-04:00,4536.2998046875,4536.2998046875,4537.7001953125,4536.2998046875,4536.60009765625,21
2026-08-20 01:57:00-04:00,4537.7998046875,4537.7998046875,4538.10009765625,4536.2998046875,4536.2998046875,29
2026-08-20 01:58:00-04:00,4539.10009765625,4539.10009765625,4539.10009765625,4537.5,4537.7998046875,43
2026-08-20 01:59:00-04:00,4538.5,4538.5,4540.5,4538.2001953125,4539.2998046875,146
2026-08-20 02:00:00-04:00,4537.2998046875,4537.2998046875,4539.5,4537.2001953125,4538.60009765625,139
2026-08-20 02:01:00-04:00,4538.5,4538.5,4539.89990234375,4537.2998046875,4537.39990234375,117
2026-08-20 02:02:00-04:00,4541.39990234375,4541.39990234375,4542.10009765625,4538.7001953125,4538.7001953125,112
2026-08-20 02:03:00-04:00,4541.7001953125,4541.7001953125,4542.2001953125,4541.39990234375,4541.7001953125,50
2026-08-20 02:04:00-04:00,4545.89990234375,4545.89990234375,4546.2998046875,4541.10009765625,4541.10009765625,525
2026-08-20 02:05:00-04:00,4547.2998046875,4547.2998046875,4547.5,4545.60009765625,4545.60009765625,174
2026-08-20 02:06:00-04:00,4546.7998046875,4546.7998046875,4548.2001953125,4546.7998046875,4547.39990234375,105
2026-08-20 02:07:00-04:00,4547.5,4547.5,4547.7998046875,4545.2998046875,4546.7998046875,78
2026-08-20 02:08:00-04:00,4547.10009765625,4547.10009765625,4547.7001953125,4546.89990234375,4547.5,66
2026-08-20 02:09:00-04:00,4547.2998046875,4547.2998046875,4548.89990234375,4547.2001953125,4547.39990234375,121
2026-08-20 02:10:00-04:00,4549.39990234375,4549.39990234375,4549.5,4547.2001953125,4547.5,83
2026-08-20 02:11:00-04:00,4548.7001953125,4548.7001953125,4550.2001953125,4548.5,4549.39990234375,150
2026-08-20 02:12:00-04:00,4548.89990234375,4548.89990234375,4548.89990234375,4547.60009765625,4548.60009765625,129
2026-08-20 02:13:00-04:00,4550.2001953125,4550.2001953125,4550.2998046875,4548.0,4548.60009765625,84
2026-08-20 02:14:00-04:00,4550.10009765625,4550.10009765625,4550.7001953125,4550.0,4550.2998046875,48
2026-08-20 02:15:00-04:00,4551.10009765625,4551.10009765625,4551.89990234375,4549.2998046875,4550.39990234375,224
2026-08-20 02:16:00-04:00,4551.7998046875,4551.7998046875,4551.7998046875,4550.5,4551.10009765625,168
2026-08-20 02:17:00-04:00,4553.2998046875,4553.2998046875,4553.5,4551.7998046875,4551.7998046875,143
2026-08-20 02:18:00-04:00,4551.10009765625,4551.10009765625,4553.2001953125,4549.10009765625,4552.89990234375,388
2026-08-20 02:19:00-04:00,4551.2998046875,4551.2998046875,4551.7998046875,4549.2001953125,4551.2998046875,166
2026-08-20 02:20:00-04:00,4551.10009765625,4551.10009765625,4551.89990234375,4550.10009765625,4550.7998046875,66
2026-08-20 02:21:00-04:00,4550.5,4550.5,4551.7001953125,4550.5,4550.7998046875,100
2026-08-20 02:22:00-04:00,4550.2998046875,4550.2998046875,4551.39990234375,4549.7998046875,4550.60009765625,197
2026-08-20 02:23:00-04:00,4550.0,4550.0,4550.39990234375,4549.60009765625,4550.2998046875,21
2026-08-20 02:24:00-04:00,4550.5,4550.5,4550.5,4549.7998046875,4550.0,31
2026-08-20 02:25:00-04:00,4550.5,4550.5,4551.7998046875,4550.5,4550.7998046875,49
2026-08-20 02:26:00-04:00,4551.2001953125,4551.2001953125,4551.60009765625,4550.5,4550.5,31
2026-08-20 02:27:00-04:00,4551.0,4551.0,4551.60009765625,4550.7998046875,4551.5,23
2026-08-20 02:28:00-04:00,4552.39990234375,4552.39990234375,4553.0,4550.89990234375,4551.2998046875,90
2026-08-20 02:29:00-04:00,4551.2998046875,4551.2998046875,4552.7001953125,4551.10009765625,4552.0,52
2026-08-20 02:30:00-04:00,4551.39990234375,4551.39990234375,4551.7001953125,4549.60009765625,4551.2998046875,209
2026-08-20 02:31:00-04:00,4552.0,4552.0,4552.2001953125,4550.7001953125,4551.39990234375,46
2026-08-20 02:32:00-04:00,4551.5,4551.5,4552.7998046875,4551.10009765625,4551.89990234375,47
2026-08-20 02:33:00-04:00,4550.39990234375,4550.39990234375,4551.7998046875,4550.0,4551.7998046875,65
2026-08-20 02:34:00-04:00,4552.5,4552.5,4552.5,4550.7998046875,4550.7998046875,26
2026-08-20 02:35:00-04:00,4552.5,4552.5,4553.0,4551.60009765625,4552.60009765625,140
2026-08-20 02:36:00-04:00,4552.2998046875,4552.2998046875,4552.60009765625,4552.0,4552.0,65
2026-08-20 02:37:00-04:00,4552.39990234375,4552.39990234375,4553.0,4552.2998046875,4552.5,70
2026-08-20 02:38:00-04:00,4551.89990234375,4551.89990234375,4552.2998046875,4551.5,4552.2998046875,25
2026-08-20 02:39:00-04:00,4551.2001953125,4551.2001953125,4551.7998046875,4550.7998046875,4551.7001953125,27
2026-08-20 02:40:00-04:00,4551.39990234375,4551.39990234375,4552.0,4550.39990234375,4551.2001953125,117
2026-08-20 02:41:00-04:00,4551.5,4551.5,4551.5,4550.89990234375,4551.10009765625,34
2026-08-20 02:42:00-04:00,4550.5,4550.5,4551.2998046875,4550.39990234375,4550.60009765625,34
2026-08-20 02:43:00-04:00,4550.2998046875,4550.2998046875,4551.10009765625,4550.0,4550.2998046875,39
2026-08-20 02:44:00-04:00,4550.10009765625,4550.10009765625,4550.2001953125,4549.5,4550.10009765625,50
2026-08-20 02:45:00-04:00,4552.60009765625,4552.60009765625,4553.0,4550.39990234375,4550.39990234375,142
2026-08-20 02:46:00-04:00,4552.39990234375,4552.39990234375,4553.0,4552.10009765625,4552.5,58
2026-08-20 02:47:00-04:00,4551.7998046875,4551.7998046875,4553.0,4551.7001953125,4552.39990234375,74
2026-08-20 02:48:00-04:00,4551.89990234375,4551.89990234375,4551.89990234375,4551.0,4551.60009765625,58
2026-08-20 02:49:00-04:00,4550.7998046875,4550.7998046875,4551.7998046875,4550.10009765625,4551.7001953125,87
2026-08-20 02:50:00-04:00,4549.7998046875,4549.7998046875,4550.7998046875,4548.60009765625,4550.7001953125,138
2026-08-20 02:51:00-04:00,4549.60009765625,4549.60009765625,4550.60009765625,4549.2998046875,4549.7001953125,139
2026-08-20 02:52:00-04:00,4550.2001953125,4550.2001953125,4550.5,4550.0,4550.0,18
2026-08-20 02:53:00-04:00,4549.5,4549.5,4550.39990234375,4549.39990234375,4550.0,19
2026-08-20 02:54:00-04:00,4549.39990234375,4549.39990234375,4550.2001953125,4548.89990234375,4549.5,135
2026-08-20 02:55:00-04:00,4549.2001953125,4549.2001953125,4549.5,4548.5,4549.2001953125,69
2026-08-20 02:56:00-04:00,4549.10009765625,4549.10009765625,4549.7998046875,4548.7001953125,4549.0,60
2026-08-20 02:57:00-04:00,4550.60009765625,4550.60009765625,4550.7998046875,4549.0,4549.2001953125,126
2026-08-20 02:58:00-04:00,4551.2001953125,4551.2001953125,4551.2998046875,4550.10009765625,4550.39990234375,90
2026-08-20 02:59:00-04:00,4550.7998046875,4550.7998046875,4551.5,4550.7001953125,4551.2998046875,87
2026-08-20 03:00:00-04:00,4549.7998046875,4549.7998046875,4551.0,4549.0,4550.60009765625,153
2026-08-20 03:01:00-04:00,4549.2998046875,4549.2998046875,4550.39990234375,4548.7998046875,4549.7001953125,131
2026-08-20 03:02:00-04:00,4545.7998046875,4545.7998046875,4549.5,4545.39990234375,4549.39990234375,170
2026-08-20 03:03:00-04:00,4545.7998046875,4545.7998046875,4546.39990234375,4545.60009765625,4545.7001953125,52
2026-08-20 03:04:00-04:00,4545.7998046875,4545.7998046875,4546.2001953125,4544.5,4546.10009765625,132
2026-08-20 03:05:00-04:00,4544.7998046875,4544.7998046875,4545.7001953125,4544.60009765625,4545.5,63
2026-08-20 03:06:00-04:00,4545.60009765625,4545.60009765625,4546.39990234375,4544.60009765625,4544.7001953125,133
2026-08-20 03:07:00-04:00,4545.2998046875,4545.2998046875,4546.10009765625,4544.60009765625,4545.5,49
2026-08-20 03:08:00-04:00,4546.7998046875,4546.7998046875,4547.0,4545.5,4545.89990234375,35
2026-08-20 03:09:00-04:00,4546.0,4546.0,4547.5,4546.0,4547.0,75
2026-08-20 03:10:00-04:00,4546.5,4546.5,4546.89990234375,4545.7998046875,4545.7998046875,34
2026-08-20 03:11:00-04:00,4546.2998046875,4546.2998046875,4547.10009765625,4546.0,4546.5,86
2026-08-20 03:12:00-04:00,4546.2998046875,4546.2998046875,4547.0,4546.0,4546.7001953125,36
2026-08-20 03:13:00-04:00,4545.5,4545.5,4546.10009765625,4545.39990234375,4545.89990234375,49
2026-08-20 03:14:00-04:00,4544.5,4544.5,4545.10009765625,4543.89990234375,4545.0,60
2026-08-20 03:15:00-04:00,4545.60009765625,4545.60009765625,4547.10009765625,4544.2998046875,4544.39990234375,151
2026-08-20 03:16:00-04:00,4544.7998046875,4544.7998046875,4545.7998046875,4544.10009765625,4545.7998046875,68
2026-08-20 03:17:00-04:00,4544.89990234375,4544.89990234375,4544.89990234375,4544.2001953125,4544.89990234375,30
2026-08-20 03:18:00-04:00,4544.0,4544.0,4544.7998046875,4544.0,4544.7001953125,45
2026-08-20 03:19:00-04:00,4543.7998046875,4543.7998046875,4544.7001953125,4543.39990234375,4544.10009765625,58
2026-08-20 03:20:00-04:00,4543.7998046875,4543.7998046875,4544.5,4543.5,4543.89990234375,97
2026-08-20 03:21:00-04:00,4544.10009765625,4544.10009765625,4544.7998046875,4543.89990234375,4543.89990234375,27
2026-08-20 03:22:00-04:00,4544.39990234375,4544.39990234375,4544.7998046875,4543.89990234375,4544.10009765625,37
2026-08-20 03:23:00-04:00,4543.39990234375,4543.39990234375,4544.2998046875,4542.7998046875,4544.0,82
2026-08-20 03:24:00-04:00,4542.2998046875,4542.2998046875,4543.89990234375,4542.2998046875,4543.2001953125,53
2026-08-20 03:25:00-04:00,4541.89990234375,4541.89990234375,4542.7998046875,4541.39990234375,4542.2001953125,92
2026-08-20 03:26:00-04:00,4541.7998046875,4541.7998046875,4542.7998046875,4541.7998046875,4542.2001953125,55
2026-08-20 03:27:00-04:00,4541.5,4541.5,4542.0,4540.60009765625,4541.7998046875,97
2026-08-20 03:28:00-04:00,4540.39990234375,4540.39990234375,4541.7001953125,4540.39990234375,4541.2998046875,78
2026-08-20 03:29:00-04:00,4540.5,4540.5,4541.2998046875,4540.10009765625,4540.60009765625,108
2026-08-20 03:30:00-04:00,4541.10009765625,4541.10009765625,4541.10009765625,4540.10009765625,4540.7998046875,59
2026-08-20 03:31:00-04:00,4542.7998046875,4542.7998046875,4542.89990234375,4541.0,4541.39990234375,116
2026-08-20 03:32:00-04:00,4541.60009765625,4541.60009765625,4542.7998046875,4540.89990234375,4542.60009765625,82
2026-08-20 03:33:00-04:00,4543.7001953125,4543.7001953125,4543.7001953125,4541.2001953125,4541.5,80
2026-08-20 03:34:00-04:00,4546.5,4546.5,4546.5,4542.7998046875,4543.5,194
2026-08-20 03:35:00-04:00,4546.89990234375,4546.89990234375,4547.60009765625,4546.0,4546.2998046875,98
2026-08-20 03:36:00-04:00,4547.2998046875,4547.2998046875,4547.7001953125,4546.5,4546.5,84
2026-08-20 03:37:00-04:00,4546.39990234375,4546.39990234375,4547.39990234375,4546.2001953125,4547.2998046875,72
2026-08-20 03:38:00-04:00,4547.2998046875,4547.2998046875,4547.89990234375,4546.0,4546.39990234375,80
2026-08-20 03:39:00-04:00,4546.2001953125,4546.2001953125,4547.2998046875,4545.5,4547.10009765625,129
2026-08-20 03:40:00-04:00,4548.0,4548.0,4548.39990234375,4546.5,4546.5,43
2026-08-20 03:41:00-04:00,4548.7001953125,4548.7001953125,4550.2001953125,4547.7998046875,4548.60009765625,200
2026-08-20 03:42:00-04:00,4548.39990234375,4548.39990234375,4550.10009765625,4548.0,4549.10009765625,98
2026-08-20 03:43:00-04:00,4546.39990234375,4546.39990234375,4548.5,4546.39990234375,4548.10009765625,51
2026-08-20 03:44:00-04:00,4547.89990234375,4547.89990234375,4547.89990234375,4545.89990234375,4546.10009765625,134
2026-08-20 03:45:00-04:00,4548.7998046875,4548.7998046875,4549.39990234375,4546.7998046875,4547.5,45
2026-08-20 03:46:00-04:00,4549.39990234375,4549.39990234375,4549.39990234375,4548.60009765625,4549.2001953125,30
2026-08-20 03:47:00-04:00,4547.7001953125,4547.7001953125,4552.7001953125,4547.7001953125,4549.60009765625,403
2026-08-20 03:48:00-04:00,4546.5,4546.5,4547.89990234375,4546.2998046875,4547.5,65
2026-08-20 03:49:00-04:00,4546.2001953125,4546.2001953125,4547.39990234375,4546.2001953125,4546.60009765625,51
2026-08-20 03:50:00-04:00,4546.39990234375,4546.39990234375,4546.60009765625,4545.5,4546.2001953125,69
2026-08-20 03:51:00-04:00,4547.5,4547.5,4547.5,4545.2998046875,4545.60009765625,43
2026-08-20 03:52:00-04:00,4546.60009765625,4546.60009765625,4547.5,4545.7998046875,4547.39990234375,45
2026-08-20 03:53:00-04:00,4546.5,4546.5,4546.89990234375,4545.7998046875,4546.39990234375,21
2026-08-20 03:54:00-04:00,4547.7998046875,4547.7998046875,4547.89990234375,4546.39990234375,4546.5,34
2026-08-20 03:55:00-04:00,4548.5,4548.5,4548.7998046875,4547.7001953125,4548.0,37
2026-08-20 03:56:00-04:00,4548.60009765625,4548.60009765625,4549.2998046875,4547.2998046875,4548.60009765625,59
2026-08-20 03:57:00-04:00,4547.2001953125,4547.2001953125,4548.7001953125,4547.2001953125,4548.60009765625,40
2026-08-20 03:58:00-04:00,4546.2998046875,4546.2998046875,4547.5,4546.2998046875,4546.89990234375,18
2026-08-20 03:59:00-04:00,4547.60009765625,4547.60009765625,4548.10009765625,4545.89990234375,4546.39990234375,57
2026-08-20 04:00:00-04:00,4548.2001953125,4548.2001953125,4548.7001953125,4547.60009765625,4547.89990234375,81
2026-08-20 04:01:00-04:00,4550.2001953125,4550.2001953125,4550.89990234375,4548.39990234375,4548.39990234375,222
2026-08-20 04:02:00-04:00,4548.7998046875,4548.7998046875,4550.7001953125,4548.0,4550.2998046875,126
2026-08-20 04:03:00-04:00,4551.2998046875,4551.2998046875,4552.2001953125,4548.89990234375,4548.89990234375,92
2026-08-20 04:04:00-04:00,4549.39990234375,4549.39990234375,4551.10009765625,4548.89990234375,4551.0,48
2026-08-20 04:05:00-04:00,4548.39990234375,4548.39990234375,4549.39990234375,4548.2001953125,4549.2998046875,59
2026-08-20 04:06:00-04:00,4550.39990234375,4550.39990234375,4550.39990234375,4548.10009765625,4548.2998046875,38
2026-08-20 04:07:00-04:00,4551.10009765625,4551.10009765625,4551.39990234375,4549.60009765625,4550.2998046875,70
2026-08-20 04:08:00-04:00,4549.89990234375,4549.89990234375,4551.10009765625,4549.7001953125,4551.0,66
2026-08-20 04:09:00-04:00,4551.2001953125,4551.2001953125,4551.2001953125,4549.2001953125,4549.89990234375,44
2026-08-20 04:10:00-04:00,4550.10009765625,4550.10009765625,4552.2998046875,4550.0,4550.89990234375,133
2026-08-20 04:11:00-04:00,4548.89990234375,4548.89990234375,4550.10009765625,4548.7001953125,4550.10009765625,35
2026-08-20 04:12:00-04:00,4548.89990234375,4548.89990234375,4549.89990234375,4548.5,4549.2001953125,36
2026-08-20 04:13:00-04:00,4549.0,4549.0,4549.60009765625,4548.5,4549.39990234375,53
2026-08-20 04:14:00-04:00,4551.39990234375,4551.39990234375,4551.5,4549.0,4549.10009765625,348
2026-08-20 04:15:00-04:00,4551.7001953125,4551.7001953125,4551.89990234375,4550.7998046875,4551.10009765625,52
2026-08-20 04:16:00-04:00,4554.89990234375,4554.89990234375,4555.39990234375,4551.5,4551.7998046875,413
2026-08-20 04:17:00-04:00,4554.5,4554.5,4555.5,4554.10009765625,4554.60009765625,139
2026-08-20 04:18:00-04:00,4554.7001953125,4554.7001953125,4555.2998046875,4553.89990234375,4554.7001953125,108
2026-08-20 04:19:00-04:00,4553.60009765625,4553.60009765625,4555.89990234375,4552.89990234375,4554.60009765625,162
2026-08-20 04:20:00-04:00,4553.10009765625,4553.10009765625,4553.89990234375,4553.10009765625,4553.5,46
2026-08-20 04:21:00-04:00,4553.7998046875,4553.7998046875,4554.2001953125,4552.0,4552.89990234375,122
2026-08-20 04:22:00-04:00,4554.2001953125,4554.2001953125,4554.60009765625,4553.10009765625,4553.7998046875,88
2026-08-20 04:23:00-04:00,4554.5,4554.5,4554.89990234375,4553.7998046875,4554.2001953125,68
2026-08-20 04:24:00-04:00,4552.7001953125,4552.7001953125,4555.2001953125,4552.5,4554.60009765625,100
2026-08-20 04:25:00-04:00,4552.10009765625,4552.10009765625,4553.2001953125,4551.39990234375,4552.60009765625,66
2026-08-20 04:26:00-04:00,4549.7001953125,4549.7001953125,4552.0,4549.5,4552.0,73
2026-08-20 04:27:00-04:00,4547.2001953125,4547.2001953125,4549.39990234375,4547.0,4549.39990234375,212
2026-08-20 04:28:00-04:00,4547.2998046875,4547.2998046875,4547.89990234375,4547.0,4547.7001953125,81
2026-08-20 04:29:00-04:00,4548.60009765625,4548.60009765625,4548.7998046875,4547.0,4547.39990234375,52
2026-08-20 04:30:00-04:00,4546.89990234375,4546.89990234375,4548.7001953125,4546.60009765625,4548.10009765625,89
2026-08-20 04:31:00-04:00,4544.60009765625,4544.60009765625,4547.2001953125,4543.89990234375,4547.10009765625,188
2026-08-20 04:32:00-04:00,4544.89990234375,4544.89990234375,4545.39990234375,4544.2001953125,4544.5,112
2026-08-20 04:33:00-04:00,4546.2998046875,4546.2998046875,4546.89990234375,4544.7998046875,4544.7998046875,183
2026-08-20 04:34:00-04:00,4550.0,4550.0,4550.0,4546.2001953125,4546.39990234375,489
2026-08-20 04:35:00-04:00,4550.7998046875,4550.7998046875,4551.89990234375,4549.0,4549.7998046875,108
2026-08-20 04:36:00-04:00,4550.7998046875,4550.7998046875,4552.10009765625,4550.5,4550.7998046875,69
2026-08-20 04:37:00-04:00,4551.60009765625,4551.60009765625,4551.7001953125,4550.89990234375,4551.10009765625,21
2026-08-20 04:38:00-04:00,4551.2998046875,4551.2998046875,4552.39990234375,4550.7998046875,4551.89990234375,119
2026-08-20 04:39:00-04:00,4548.7001953125,4548.7001953125,4550.7998046875,4547.2001953125,4550.7998046875,75
2026-08-20 04:40:00-04:00,4548.7998046875,4548.7998046875,4549.2001953125,4548.10009765625,4548.7001953125,41
2026-08-20 04:41:00-04:00,4547.60009765625,4547.60009765625,4548.7001953125,4547.5,4548.7001953125,14
2026-08-20 04:42:00-04:00,4549.10009765625,4549.10009765625,4549.60009765625,4547.2001953125,4547.2998046875,55
2026-08-20 04:43:00-04:00,4548.39990234375,4548.39990234375,4549.7998046875,4548.39990234375,4549.2998046875,65
2026-08-20 04:44:00-04:00,4547.39990234375,4547.39990234375,4549.0,4547.39990234375,4548.7998046875,27
2026-08-20 04:45:00-04:00,4548.2001953125,4548.2001953125,4548.39990234375,4547.2001953125,4547.2998046875,29
2026-08-20 04:46:00-04:00,4545.39990234375,4545.39990234375,4548.0,4545.0,4548.0,109
2026-08-20 04:47:00-04:00,4545.10009765625,4545.10009765625,4545.89990234375,4545.0,4545.39990234375,48
2026-08-20 04:48:00-04:00,4545.2001953125,4545.2001953125,4545.7998046875,4545.10009765625,4545.39990234375,42
2026-08-20 04:49:00-04:00,4544.89990234375,4544.89990234375,4545.89990234375,4544.60009765625,4545.5,39
2026-08-20 04:50:00-04:00,4546.10009765625,4546.10009765625,4546.10009765625,4544.7001953125,4544.7998046875,34
2026-08-20 04:51:00-04:00,4546.2998046875,4546.2998046875,4546.7001953125,4546.0,4546.2001953125,17
2026-08-20 04:52:00-04:00,4547.0,4547.0,4547.2001953125,4545.39990234375,4545.39990234375,51
2026-08-20 04:53:00-04:00,4547.5,4547.5,4547.5,4546.7998046875,4547.10009765625,44
2026-08-20 04:54:00-04:00,4548.39990234375,4548.39990234375,4548.60009765625,4547.2001953125,4547.2001953125,34
2026-08-20 04:55:00-04:00,4546.7998046875,4546.7998046875,4549.0,4546.7998046875,4548.60009765625,78
2026-08-20 04:56:00-04:00,4546.2001953125,4546.2001953125,4546.7001953125,4545.60009765625,4546.2998046875,22
2026-08-20 04:57:00-04:00,4544.39990234375,4544.39990234375,4546.0,4544.39990234375,4545.7998046875,57
2026-08-20 04:58:00-04:00,4546.2998046875,4546.2998046875,4546.2998046875,4544.39990234375,4544.39990234375,23
2026-08-20 04:59:00-04:00,4546.10009765625,4546.10009765625,4546.39990234375,4545.39990234375,4546.2001953125,15
2026-08-20 05:00:00-04:00,4545.5,4545.5,4546.2001953125,4545.2001953125,4546.2001953125,19
2026-08-20 05:01:00-04:00,4545.7998046875,4545.7998046875,4546.5,4545.2998046875,4545.5,24
2026-08-20 05:02:00-04:00,4546.2998046875,4546.2998046875,4546.39990234375,4545.2998046875,4546.0,155
2026-08-20 05:03:00-04:00,4547.0,4547.0,4547.60009765625,4545.7001953125,4546.0,103
2026-08-20 05:04:00-04:00,4547.5,4547.5,4547.89990234375,4546.39990234375,4547.0,50
2026-08-20 05:05:00-04:00,4546.2998046875,4546.2998046875,4548.2998046875,4546.0,4547.7001953125,36
2026-08-20 05:06:00-04:00,4547.2998046875,4547.2998046875,4547.2998046875,4545.39990234375,4545.60009765625,54
2026-08-20 05:07:00-04:00,4548.7001953125,4548.7001953125,4548.7001953125,4547.2998046875,4547.2998046875,47
2026-08-20 05:08:00-04:00,4548.7001953125,4548.7001953125,4550.0,4548.10009765625,4548.39990234375,89
2026-08-20 05:09:00-04:00,4548.2998046875,4548.2998046875,4549.5,4548.0,4549.0,33
2026-08-20 05:10:00-04:00,4549.7998046875,4549.7998046875,4551.0,4548.7001953125,4548.7001953125,79
2026-08-20 05:11:00-04:00,4549.0,4549.0,4550.2998046875,4548.10009765625,4549.7998046875,48
2026-08-20 05:12:00-04:00,4548.7001953125,4548.7001953125,4549.0,4548.10009765625,4548.89990234375,51
2026-08-20 05:13:00-04:00,4548.39990234375,4548.39990234375,4549.2001953125,4548.10009765625,4548.39990234375,53
2026-08-20 05:14:00-04:00,4549.10009765625,4549.10009765625,4549.39990234375,4548.7998046875,4548.7998046875,16
2026-08-20 05:15:00-04:00,4549.2998046875,4549.2998046875,4549.2998046875,4548.7998046875,4549.0,21
2026-08-20 05:16:00-04:00,4549.39990234375,4549.39990234375,4550.5,4549.39990234375,4549.60009765625,86
2026-08-20 05:17:00-04:00,4547.7001953125,4547.7001953125,4550.2998046875,4547.39990234375,4549.2998046875,68
2026-08-20 05:18:00-04:00,4547.39990234375,4547.39990234375,4548.2998046875,4547.2001953125,4547.60009765625,56
2026-08-20 05:19:00-04:00,4545.89990234375,4545.89990234375,4547.39990234375,4545.7998046875,4547.39990234375,81
2026-08-20 05:20:00-04:00,4545.60009765625,4545.60009765625,4546.2998046875,4544.7001953125,4546.0,110
2026-08-20 05:21:00-04:00,4548.7001953125,4548.7001953125,4549.5,4545.60009765625,4545.60009765625,94
2026-08-20 05:22:00-04:00,4548.0,4548.0,4548.60009765625,4547.5,4548.60009765625,61
2026-08-20 05:23:00-04:00,4547.2998046875,4547.2998046875,4548.2998046875,4547.0,4548.0,42
2026-08-20 05:24:00-04:00,4546.39990234375,4546.39990234375,4547.7001953125,4546.2998046875,4547.10009765625,50
2026-08-20 05:25:00-04:00,4546.7001953125,4546.7001953125,4547.2001953125,4546.60009765625,4546.7001953125,22
2026-08-20 05:26:00-04:00,4545.7001953125,4545.7001953125,4546.7998046875,4545.60009765625,4546.7998046875,48
2026-08-20 05:27:00-04:00,4545.89990234375,4545.89990234375,4546.2001953125,4544.7998046875,4545.5,73
2026-08-20 05:28:00-04:00,4545.60009765625,4545.60009765625,4546.0,4545.2001953125,4546.0,28
2026-08-20 05:29:00-04:00,4546.7998046875,4546.7998046875,4547.5,4545.60009765625,4545.60009765625,119
2026-08-20 05:30:00-04:00,4546.0,4546.0,4546.60009765625,4544.2998046875,4546.60009765625,229
2026-08-20 05:31:00-04:00,4546.0,4546.0,4547.2001953125,4545.5,4546.2001953125,177
2026-08-20 05:32:00-04:00,4546.5,4546.5,4547.0,4544.60009765625,4546.10009765625,132
2026-08-20 05:33:00-04:00,4544.60009765625,4544.60009765625,4546.2998046875,4544.39990234375,4546.2001953125,67
2026-08-20 05:34:00-04:00,4544.60009765625,4544.60009765625,4544.7998046875,4543.7998046875,4544.5,67
2026-08-20 05:35:00-04:00,4543.7001953125,4543.7001953125,4544.7001953125,4543.2001953125,4544.39990234375,60
2026-08-20 05:36:00-04:00,4544.39990234375,4544.39990234375,4545.0,4542.7001953125,4542.89990234375,44
2026-08-20 05:37:00-04:00,4542.60009765625,4542.60009765625,4544.2001953125,4542.0,4544.10009765625,92
2026-08-20 05:38:00-04:00,4541.39990234375,4541.39990234375,4542.5,4541.0,4542.39990234375,147
2026-08-20 05:39:00-04:00,4542.7998046875,4542.7998046875,4542.89990234375,4541.0,4541.0,74
2026-08-20 05:40:00-04:00,4543.5,4543.5,4544.2001953125,4542.5,4542.7998046875,46
2026-08-20 05:41:00-04:00,4542.7998046875,4542.7998046875,4544.2998046875,4542.2998046875,4543.5,81
2026-08-20 05:42:00-04:00,4545.60009765625,4545.60009765625,4545.89990234375,4543.10009765625,4543.10009765625,150
2026-08-20 05:43:00-04:00,4546.89990234375,4546.89990234375,4547.0,4544.7998046875,4545.2998046875,100
2026-08-20 05:44:00-04:00,4545.7001953125,4545.7001953125,4547.0,4545.60009765625,4546.89990234375,51
2026-08-20 05:45:00-04:00,4545.60009765625,4545.60009765625,4545.60009765625,4544.7998046875,4545.60009765625,54
2026-08-20 05:46:00-04:00,4544.5,4544.5,4545.2001953125,4544.39990234375,4545.2001953125,35
2026-08-20 05:47:00-04:00,4542.7001953125,4542.7001953125,4545.0,4542.5,4544.5,58
2026-08-20 05:48:00-04:00,4543.10009765625,4543.10009765625,4543.10009765625,4542.2001953125,4542.89990234375,44
2026-08-20 05:49:00-04:00,4542.10009765625,4542.10009765625,4543.2001953125,4541.89990234375,4542.89990234375,59
2026-08-20 05:50:00-04:00,4542.2001953125,4542.2001953125,4542.89990234375,4541.7998046875,4542.2001953125,54
2026-08-20 05:51:00-04:00,4542.10009765625,4542.10009765625,4542.2001953125,4540.89990234375,4542.2001953125,50
2026-08-20 05:52:00-04:00,4541.89990234375,4541.89990234375,4542.2998046875,4540.7001953125,4542.2998046875,89
2026-08-20 05:53:00-04:00,4539.89990234375,4539.89990234375,4542.2001953125,4539.2998046875,4542.10009765625,110
2026-08-20 05:54:00-04:00,4540.5,4540.5,4540.60009765625,4538.2001953125,4539.7998046875,276
2026-08-20 05:55:00-04:00,4539.2001953125,4539.2001953125,4540.5,4539.0,4540.5,56
2026-08-20 05:56:00-04:00,4539.2001953125,4539.2001953125,4539.5,4538.39990234375,4539.10009765625,86
2026-08-20 05:57:00-04:00,4539.7001953125,4539.7001953125,4540.2001953125,4538.7001953125,4539.2998046875,118
2026-08-20 05:58:00-04:00,4540.7998046875,4540.7998046875,4541.10009765625,4539.2998046875,4539.7998046875,71
2026-08-20 05:59:00-04:00,4538.89990234375,4538.89990234375,4540.60009765625,4538.89990234375,4540.60009765625,67
2026-08-20 06:00:00-04:00,4539.2998046875,4539.2998046875,4539.2998046875,4537.0,4539.10009765625,137
2026-08-20 06:01:00-04:00,4538.39990234375,4538.39990234375,4539.2001953125,4537.5,4539.2001953125,63
2026-08-20 06:02:00-04:00,4539.5,4539.5,4539.7998046875,4538.60009765625,4538.89990234375,65
2026-08-20 06:03:00-04:00,4541.89990234375,4541.89990234375,4542.2998046875,4539.60009765625,4539.60009765625,76
2026-08-20 06:04:00-04:00,4542.10009765625,4542.10009765625,4542.7001953125,4541.5,4541.5,25
2026-08-20 06:05:00-04:00,4542.7998046875,4542.7998046875,4543.5,4541.89990234375,4541.89990234375,75
2026-08-20 06:06:00-04:00,4543.0,4543.0,4543.5,4542.5,4542.7998046875,51
2026-08-20 06:07:00-04:00,4543.0,4543.0,4543.7998046875,4542.7998046875,4543.2001953125,47
2026-08-20 06:08:00-04:00,4543.60009765625,4543.60009765625,4544.2001953125,4543.0,4543.2001953125,131
2026-08-20 06:09:00-04:00,4546.10009765625,4546.10009765625,4546.60009765625,4543.89990234375,4543.89990234375,240
2026-08-20 06:10:00-04:00,4545.39990234375,4545.39990234375,4546.7998046875,4544.7998046875,4546.10009765625,81
2026-08-20 06:11:00-04:00,4545.39990234375,4545.39990234375,4546.2001953125,4545.10009765625,4545.7001953125,61
2026-08-20 06:12:00-04:00,4545.7001953125,4545.7001953125,4546.10009765625,4545.2998046875,4545.5,40
2026-08-20 06:13:00-04:00,4546.60009765625,4546.60009765625,4547.0,4545.39990234375,4545.60009765625,78
2026-08-20 06:14:00-04:00,4547.10009765625,4547.10009765625,4547.7998046875,4546.2001953125,4546.7001953125,136
2026-08-20 06:15:00-04:00,4546.89990234375,4546.89990234375,4547.7998046875,4546.5,4547.39990234375,53
2026-08-20 06:16:00-04:00,4546.89990234375,4546.89990234375,4548.2001953125,4546.7998046875,4546.7998046875,312
2026-08-20 06:17:00-04:00,4547.5,4547.5,4547.60009765625,4547.0,4547.2001953125,42
2026-08-20 06:18:00-04:00,4547.60009765625,4547.60009765625,4548.0,4547.39990234375,4547.5,20
2026-08-20 06:19:00-04:00,4547.2998046875,4547.2998046875,4548.2001953125,4546.39990234375,4547.7998046875,116
2026-08-20 06:20:00-04:00,4545.0,4545.0,4547.2001953125,4544.5,4547.10009765625,94
2026-08-20 06:21:00-04:00,4543.5,4543.5,4544.89990234375,4543.2001953125,4544.89990234375,93
2026-08-20 06:22:00-04:00,4543.2998046875,4543.2998046875,4543.7001953125,4542.89990234375,4543.60009765625,32
2026-08-20 06:23:00-04:00,4543.2001953125,4543.2001953125,4543.60009765625,4543.10009765625,4543.2998046875,21
2026-08-20 06:24:00-04:00,4545.2998046875,4545.2998046875,4545.2998046875,4542.60009765625,4543.10009765625,69
2026-08-20 06:25:00-04:00,4545.89990234375,4545.89990234375,4547.2998046875,4544.60009765625,4545.2001953125,80
2026-08-20 06:26:00-04:00,4546.89990234375,4546.89990234375,4546.89990234375,4545.7001953125,4546.0,52
2026-08-20 06:27:00-04:00,4547.0,4547.0,4547.89990234375,4547.0,4547.2998046875,43
2026-08-20 06:28:00-04:00,4548.89990234375,4548.89990234375,4549.60009765625,4546.89990234375,4547.2001953125,68
2026-08-20 06:29:00-04:00,4550.2001953125,4550.2001953125,4550.5,4548.2998046875,4549.0,228
2026-08-20 06:30:00-04:00,4550.5,4550.5,4552.5,4549.89990234375,4550.2998046875,267
2026-08-20 06:31:00-04:00,4550.2998046875,4550.2998046875,4550.7001953125,4549.89990234375,4550.5,36
2026-08-20 06:32:00-04:00,4550.60009765625,4550.60009765625,4550.89990234375,4550.0,4550.5,50
2026-08-20 06:33:00-04:00,4550.0,4550.0,4551.10009765625,4549.7001953125,4550.39990234375,68
2026-08-20 06:34:00-04:00,4549.7001953125,4549.7001953125,4549.89990234375,4549.0,4549.7001953125,46
2026-08-20 06:35:00-04:00,4549.10009765625,4549.10009765625,4549.60009765625,4549.0,4549.39990234375,42
2026-08-20 06:36:00-04:00,4549.7001953125,4549.7001953125,4551.2998046875,4548.7998046875,4548.7998046875,213
2026-08-20 06:37:00-04:00,4549.60009765625,4549.60009765625,4550.7998046875,4549.39990234375,4549.7998046875,88
2026-08-20 06:38:00-04:00,4547.7001953125,4547.7001953125,4549.60009765625,4547.2001953125,4549.60009765625,105
2026-08-20 06:39:00-04:00,4546.89990234375,4546.89990234375,4548.0,4546.7001953125,4547.89990234375,18
2026-08-20 06:40:00-04:00,4547.0,4547.0,4547.5,4546.60009765625,4546.7001953125,41
2026-08-20 06:41:00-04:00,4547.0,4547.0,4547.39990234375,4546.7998046875,4546.7998046875,36
2026-08-20 06:42:00-04:00,4547.2001953125,4547.2001953125,4547.2001953125,4546.60009765625,4547.0,7
2026-08-20 06:43:00-04:00,4546.7001953125,4546.7001953125,4547.2998046875,4546.7001953125,4547.0,13
2026-08-20 06:44:00-04:00,4547.5,4547.5,4547.60009765625,4546.5,4546.60009765625,31
2026-08-20 06:45:00-04:00,4546.7998046875,4546.7998046875,4547.7001953125,4546.7998046875,4547.7001953125,21
2026-08-20 06:46:00-04:00,4545.2001953125,4545.2001953125,4546.7001953125,4545.2001953125,4546.7001953125,26
2026-08-20 06:47:00-04:00,4547.10009765625,4547.10009765625,4547.2998046875,4545.0,4545.0,84
2026-08-20 06:48:00-04:00,4546.60009765625,4546.60009765625,4547.10009765625,4546.39990234375,4547.10009765625,34
2026-08-20 06:49:00-04:00,4546.7001953125,4546.7001953125,4546.7001953125,4546.2998046875,4546.2998046875,3
2026-08-20 06:50:00-04:00,4546.7998046875,4546.7998046875,4547.2998046875,4546.60009765625,4546.7998046875,27
2026-08-20 06:51:00-04:00,4546.10009765625,4546.10009765625,4546.7998046875,4545.60009765625,4546.7001953125,16
2026-08-20 06:52:00-04:00,4546.0,4546.0,4546.39990234375,4545.5,4546.39990234375,22
2026-08-20 06:53:00-04:00,4544.7998046875,4544.7998046875,4545.89990234375,4544.7001953125,4545.89990234375,19
2026-08-20 06:54:00-04:00,4544.2998046875,4544.2998046875,4545.0,4543.7998046875,4545.0,68
2026-08-20 06:55:00-04:00,4544.5,4544.5,4544.89990234375,4543.89990234375,4543.89990234375,18
2026-08-20 06:56:00-04:00,4544.2998046875,4544.2998046875,4544.89990234375,4544.2998046875,4544.7001953125,23
2026-08-20 06:57:00-04:00,4545.2001953125,4545.2001953125,4546.2998046875,4544.60009765625,4544.60009765625,82
2026-08-20 06:58:00-04:00,4546.0,4546.0,4546.0,4544.89990234375,4545.10009765625,19
2026-08-20 06:59:00-04:00,4546.39990234375,4546.39990234375,4547.10009765625,4546.0,4546.0,19
2026-08-20 07:00:00-04:00,4545.10009765625,4545.10009765625,4547.5,4544.2001953125,4546.7001953125,88
2026-08-20 07:01:00-04:00,4547.60009765625,4547.60009765625,4547.7001953125,4544.2001953125,4545.10009765625,154
2026-08-20 07:02:00-04:00,4546.89990234375,4546.89990234375,4547.89990234375,4546.60009765625,4547.2001953125,76
2026-08-20 07:03:00-04:00,4547.10009765625,4547.10009765625,4547.39990234375,4546.5,4546.89990234375,89
2026-08-20 07:04:00-04:00,4545.0,4545.0,4547.0,4544.60009765625,4547.0,323
2026-08-20 07:05:00-04:00,4543.89990234375,4543.89990234375,4544.89990234375,4542.7998046875,4544.89990234375,402
2026-08-20 07:06:00-04:00,4543.5,4543.5,4544.10009765625,4543.2001953125,4543.7001953125,55
2026-08-20 07:07:00-04:00,4544.39990234375,4544.39990234375,4544.39990234375,4543.2001953125,4543.2998046875,55
2026-08-20 07:08:00-04:00,4543.7998046875,4543.7998046875,4544.39990234375,4542.10009765625,4544.39990234375,404
2026-08-20 07:09:00-04:00,4543.7998046875,4543.7998046875,4543.89990234375,4543.10009765625,4543.60009765625,89
2026-08-20 07:10:00-04:00,4543.60009765625,4543.60009765625,4544.0,4543.10009765625,4543.89990234375,55
2026-08-20 07:11:00-04:00,4542.5,4542.5,4543.7998046875,4541.7998046875,4543.60009765625,263
2026-08-20 07:12:00-04:00,4543.10009765625,4543.10009765625,4543.7998046875,4541.7001953125,4542.5,152
2026-08-20 07:13:00-04:00,4540.7998046875,4540.7998046875,4543.60009765625,4540.60009765625,4543.2001953125,99
2026-08-20 07:14:00-04:00,4541.7998046875,4541.7998046875,4541.7998046875,4539.39990234375,4540.7001953125,132
2026-08-20 07:15:00-04:00,4541.10009765625,4541.10009765625,4541.7998046875,4540.7998046875,4541.7001953125,49
2026-08-20 07:16:00-04:00,4541.89990234375,4541.89990234375,4542.39990234375,4541.0,4541.10009765625,55
2026-08-20 07:17:00-04:00,4538.7998046875,4538.7998046875,4542.2001953125,4538.7998046875,4542.10009765625,107
2026-08-20 07:18:00-04:00,4537.89990234375,4537.89990234375,4539.2001953125,4537.60009765625,4538.7998046875,116
2026-08-20 07:19:00-04:00,4538.89990234375,4538.89990234375,4539.10009765625,4537.89990234375,4538.2001953125,59
2026-08-20 07:20:00-04:00,4539.7998046875,4539.7998046875,4539.7998046875,4537.89990234375,4538.60009765625,96
2026-08-20 07:21:00-04:00,4539.7001953125,4539.7001953125,4541.2001953125,4539.2001953125,4539.89990234375,190
2026-08-20 07:22:00-04:00,4540.5,4540.5,4541.2998046875,4539.10009765625,4539.39990234375,64
2026-08-20 07:23:00-04:00,4541.60009765625,4541.60009765625,4542.0,4540.7001953125,4540.7001953125,74
2026-08-20 07:24:00-04:00,4544.0,4544.0,4544.0,4541.39990234375,4541.7998046875,93
2026-08-20 07:25:00-04:00,4545.89990234375,4545.89990234375,4545.89990234375,4543.7998046875,4543.7998046875,84
2026-08-20 07:26:00-04:00,4543.89990234375,4543.89990234375,4546.2998046875,4543.89990234375,4545.7998046875,63
2026-08-20 07:27:00-04:00,4543.60009765625,4543.60009765625,4544.60009765625,4543.5,4544.2001953125,46
2026-08-20 07:28:00-04:00,4540.7998046875,4540.7998046875,4543.60009765625,4540.7998046875,4543.2998046875,58
2026-08-20 07:29:00-04:00,4540.7998046875,4540.7998046875,4541.60009765625,4540.7001953125,4541.2001953125,31
2026-08-20 07:30:00-04:00,4540.60009765625,4540.60009765625,4541.39990234375,4540.2001953125,4541.10009765625,53
2026-08-20 07:31:00-04:00,4541.2001953125,4541.2001953125,4541.2001953125,4539.5,4540.2998046875,93
2026-08-20 07:32:00-04:00,4541.5,4541.5,4542.5,4540.89990234375,4541.39990234375,57
2026-08-20 07:33:00-04:00,4539.7998046875,4539.7998046875,4541.5,4539.2001953125,4541.5,119
2026-08-20 07:34:00-04:00,4541.2001953125,4541.2001953125,4541.2001953125,4539.60009765625,4539.7998046875,36
2026-08-20 07:35:00-04:00,4543.0,4543.0,4543.2001953125,4541.0,4541.2001953125,92
2026-08-20 07:36:00-04:00,4539.0,4539.0,4543.2001953125,4539.0,4543.2001953125,125
2026-08-20 07:37:00-04:00,4536.7998046875,4536.7998046875,4539.39990234375,4536.39990234375,4539.10009765625,728
2026-08-20 07:38:00-04:00,4536.7998046875,4536.7998046875,4537.2998046875,4536.2998046875,4537.0,134
2026-08-20 07:39:00-04:00,4537.89990234375,4537.89990234375,4538.7001953125,4536.39990234375,4537.0,139
2026-08-20 07:40:00-04:00,4535.2001953125,4535.2001953125,4539.0,4535.10009765625,4537.7998046875,140
2026-08-20 07:41:00-04:00,4534.7998046875,4534.7998046875,4535.7001953125,4533.0,4535.60009765625,429
2026-08-20 07:42:00-04:00,4534.2998046875,4534.2998046875,4535.10009765625,4533.5,4535.10009765625,72
2026-08-20 07:43:00-04:00,4533.2998046875,4533.2998046875,4534.7998046875,4532.7001953125,4534.2001953125,167
2026-08-20 07:44:00-04:00,4530.89990234375,4530.89990234375,4533.5,4530.10009765625,4533.2998046875,399
2026-08-20 07:45:00-04:00,4527.39990234375,4527.39990234375,4531.89990234375,4526.0,4530.7998046875,551
2026-08-20 07:46:00-04:00,4524.7998046875,4524.7998046875,4527.60009765625,4524.0,4527.2998046875,318
2026-08-20 07:47:00-04:00,4526.2001953125,4526.2001953125,4527.2998046875,4523.7998046875,4524.89990234375,366
2026-08-20 07:48:00-04:00,4525.0,4525.0,4526.5,4522.0,4526.5,726
2026-08-20 07:49:00-04:00,4527.39990234375,4527.39990234375,4528.60009765625,4524.89990234375,4524.89990234375,327
2026-08-20 07:50:00-04:00,4527.2001953125,4527.2001953125,4529.10009765625,4526.10009765625,4527.60009765625,218
2026-08-20 07:51:00-04:00,4526.2001953125,4526.2001953125,4526.7998046875,4525.2998046875,4526.7998046875,134
2026-08-20 07:52:00-04:00,4524.10009765625,4524.10009765625,4526.10009765625,4523.2998046875,4526.10009765625,134
2026-08-20 07:53:00-04:00,4524.5,4524.5,4527.0,4523.5,4523.7998046875,435
2026-08-20 07:54:00-04:00,4524.0,4524.0,4524.60009765625,4522.2001953125,4524.5,223
2026-08-20 07:55:00-04:00,4526.0,4526.0,4526.0,4523.2001953125,4523.2998046875,293
2026-08-20 07:56:00-04:00,4523.89990234375,4523.89990234375,4527.39990234375,4522.89990234375,4526.39990234375,193
2026-08-20 07:57:00-04:00,4523.10009765625,4523.10009765625,4524.5,4521.2001953125,4523.60009765625,193
2026-08-20 07:58:00-04:00,4523.2998046875,4523.2998046875,4523.89990234375,4523.0,4523.0,54
2026-08-20 07:59:00-04:00,4523.10009765625,4523.10009765625,4523.5,4521.7998046875,4523.10009765625,100
2026-08-20 08:00:00-04:00,4517.7998046875,4517.7998046875,4523.39990234375,4517.60009765625,4523.2998046875,446
2026-08-20 08:01:00-04:00,4514.7001953125,4514.7001953125,4518.2001953125,4514.7001953125,4518.0,671
2026-08-20 08:02:00-04:00,4514.7998046875,4514.7998046875,4517.10009765625,4513.5,4514.5,498
2026-08-20 08:03:00-04:00,4514.89990234375,4514.89990234375,4516.5,4513.39990234375,4514.7998046875,210
2026-08-20 08:04:00-04:00,4513.60009765625,4513.60009765625,4515.2998046875,4512.5,4515.10009765625,238
2026-08-20 08:05:00-04:00,4511.60009765625,4511.60009765625,4514.5,4509.10009765625,4513.39990234375,730
2026-08-20 08:06:00-04:00,4507.0,4507.0,4511.89990234375,4506.2001953125,4511.7998046875,757
2026-08-20 08:07:00-04:00,4509.2001953125,4509.2001953125,4510.7998046875,4506.2001953125,4507.2001953125,828
2026-08-20 08:08:00-04:00,4511.5,4511.5,4513.7998046875,4508.89990234375,4509.39990234375,398
2026-08-20 08:09:00-04:00,4512.39990234375,4512.39990234375,4512.5,4510.5,4511.2001953125,332
2026-08-20 08:10:00-04:00,4515.7001953125,4515.7001953125,4516.60009765625,4512.10009765625,4512.7001953125,429
2026-08-20 08:11:00-04:00,4516.10009765625,4516.10009765625,4516.5,4514.5,4515.5,368
2026-08-20 08:12:00-04:00,4519.39990234375,4519.39990234375,4519.60009765625,4515.39990234375,4515.89990234375,358
2026-08-20 08:13:00-04:00,4521.10009765625,4521.10009765625,4521.7001953125,4519.10009765625,4519.2998046875,274
2026-08-20 08:14:00-04:00,4518.0,4518.0,4521.7998046875,4518.0,4521.2998046875,193
2026-08-20 08:15:00-04:00,4519.10009765625,4519.10009765625,4521.39990234375,4517.7998046875,4517.7998046875,253
2026-08-20 08:16:00-04:00,4518.7998046875,4518.7998046875,4519.39990234375,4517.60009765625,4518.89990234375,145
2026-08-20 08:17:00-04:00,4521.5,4521.5,4521.7998046875,4518.0,4518.60009765625,296
2026-08-20 08:18:00-04:00,4520.5,4520.5,4522.39990234375,4520.10009765625,4521.60009765625,238
2026-08-20 08:19:00-04:00,4522.5,4522.5,4522.89990234375,4519.60009765625,4520.5,198
2026-08-20 08:20:00-04:00,4517.39990234375,4517.39990234375,4523.39990234375,4517.39990234375,4522.2001953125,388
2026-08-20 08:21:00-04:00,4518.89990234375,4518.89990234375,4520.0,4517.2001953125,4517.5,180
2026-08-20 08:22:00-04:00,4519.0,4519.0,4520.0,4518.0,4519.2998046875,173
2026-08-20 08:23:00-04:00,4520.0,4520.0,4520.60009765625,4518.5,4519.2001953125,164
2026-08-20 08:24:00-04:00,4519.2001953125,4519.2001953125,4522.10009765625,4518.0,4519.7998046875,194
2026-08-20 08:25:00-04:00,4514.0,4514.0,4519.2001953125,4513.60009765625,4519.2001953125,407
2026-08-20 08:26:00-04:00,4514.2001953125,4514.2001953125,4514.2001953125,4512.2001953125,4514.10009765625,271
2026-08-20 08:27:00-04:00,4515.10009765625,4515.10009765625,4515.10009765625,4513.39990234375,4513.7998046875,136
2026-08-20 08:28:00-04:00,4513.60009765625,4513.60009765625,4516.10009765625,4513.2001953125,4515.10009765625,229
2026-08-20 08:29:00-04:00,4514.2998046875,4514.2998046875,4515.10009765625,4513.2998046875,4513.5,140
2026-08-20 08:30:00-04:00,4513.10009765625,4513.10009765625,4516.60009765625,4512.2001953125,4514.89990234375,304
2026-08-20 08:31:00-04:00,4510.2998046875,4510.2998046875,4513.5,4509.7998046875,4513.2001953125,270
2026-08-20 08:32:00-04:00,4510.60009765625,4510.60009765625,4510.7998046875,4509.0,4510.2001953125,163
2026-08-20 08:33:00-04:00,4510.5,4510.5,4511.10009765625,4507.7998046875,4510.39990234375,391
2026-08-20 08:34:00-04:00,4508.60009765625,4508.60009765625,4511.2001953125,4506.0,4510.7001953125,369
2026-08-20 08:35:00-04:00,4509.2001953125,4509.2001953125,4512.0,4507.60009765625,4508.39990234375,351
2026-08-20 08:36:00-04:00,4511.60009765625,4511.60009765625,4511.60009765625,4506.89990234375,4509.5,322
2026-08-20 08:37:00-04:00,4514.2001953125,4514.2001953125,4515.60009765625,4511.7998046875,4512.0,314
2026-08-20 08:38:00-04:00,4514.2998046875,4514.2998046875,4514.39990234375,4512.7001953125,4514.2001953125,180
2026-08-20 08:39:00-04:00,4518.2001953125,4518.2001953125,4518.2001953125,4513.7998046875,4514.39990234375,277
2026-08-20 08:40:00-04:00,4519.89990234375,4519.89990234375,4520.7998046875,4517.0,4517.89990234375,270
2026-08-20 08:41:00-04:00,4518.89990234375,4518.89990234375,4520.7998046875,4518.39990234375,4520.10009765625,258
2026-08-20 08:42:00-04:00,4515.0,4515.0,4519.5,4515.0,4519.10009765625,238
2026-08-20 08:43:00-04:00,4521.2001953125,4521.2001953125,4521.39990234375,4515.2001953125,4515.2998046875,231
2026-08-20 08:44:00-04:00,4522.0,4522.0,4522.2998046875,4520.39990234375,4521.5,215
2026-08-20 08:45:00-04:00,4520.89990234375,4520.89990234375,4522.10009765625,4519.0,4521.60009765625,134
2026-08-20 08:46:00-04:00,4522.0,4522.0,4522.7001953125,4521.10009765625,4521.10009765625,115
2026-08-20 08:47:00-04:00,4523.2998046875,4523.2998046875,4524.39990234375,4521.60009765625,4521.7998046875,369
2026-08-20 08:48:00-04:00,4525.60009765625,4525.60009765625,4526.10009765625,4523.0,4523.2998046875,351
2026-08-20 08:49:00-04:00,4526.2998046875,4526.2998046875,4526.5,4524.60009765625,4525.60009765625,282
2026-08-20 08:50:00-04:00,4526.39990234375,4526.39990234375,4526.60009765625,4524.7998046875,4526.2998046875,164
2026-08-20 08:51:00-04:00,4528.89990234375,4528.89990234375,4529.10009765625,4526.7001953125,4526.7001953125,396
2026-08-20 08:52:00-04:00,4528.0,4528.0,4530.39990234375,4527.7998046875,4528.89990234375,367
2026-08-20 08:53:00-04:00,4527.10009765625,4527.10009765625,4528.89990234375,4527.0,4528.2001953125,147
2026-08-20 08:54:00-04:00,4527.2001953125,4527.2001953125,4528.0,4526.7001953125,4527.5,79
2026-08-20 08:55:00-04:00,4527.60009765625,4527.60009765625,4528.10009765625,4526.7001953125,4527.2001953125,67
2026-08-20 08:56:00-04:00,4528.7001953125,4528.7001953125,4529.0,4527.10009765625,4527.7001953125,151
2026-08-20 08:57:00-04:00,4528.7998046875,4528.7998046875,4530.10009765625,4528.0,4528.7001953125,172
2026-08-20 08:58:00-04:00,4531.60009765625,4531.60009765625,4532.2998046875,4528.7998046875,4529.0,263
2026-08-20 08:59:00-04:00,4529.7001953125,4529.7001953125,4531.5,4529.0,4531.5,171
2026-08-20 09:00:00-04:00,4536.5,4536.5,4537.0,4528.7001953125,4529.7998046875,1002
2026-08-20 09:01:00-04:00,4538.7001953125,4538.7001953125,4539.60009765625,4536.0,4536.7998046875,411
2026-08-20 09:02:00-04:00,4536.7998046875,4536.7998046875,4538.7001953125,4535.39990234375,4538.7001953125,314
2026-08-20 09:03:00-04:00,4534.5,4534.5,4537.39990234375,4534.5,4537.2001953125,164
2026-08-20 09:04:00-04:00,4533.5,4533.5,4537.0,4532.39990234375,4534.5,425
2026-08-20 09:05:00-04:00,4533.10009765625,4533.10009765625,4535.39990234375,4531.39990234375,4533.7001953125,223
2026-08-20 09:06:00-04:00,4532.39990234375,4532.39990234375,4534.10009765625,4532.10009765625,4533.0,131
2026-08-20 09:07:00-04:00,4533.0,4533.0,4533.39990234375,4531.89990234375,4532.60009765625,110
2026-08-20 09:08:00-04:00,4530.0,4530.0,4532.89990234375,4529.10009765625,4532.7998046875,165
2026-08-20 09:09:00-04:00,4529.0,4529.0,4530.7998046875,4527.7998046875,4529.7998046875,117
2026-08-20 09:10:00-04:00,4528.7001953125,4528.7001953125,4530.7998046875,4528.39990234375,4528.39990234375,113
2026-08-20 09:11:00-04:00,4528.2001953125,4528.2001953125,4529.7001953125,4527.2998046875,4528.2998046875,136
2026-08-20 09:12:00-04:00,4528.60009765625,4528.60009765625,4529.60009765625,4527.5,4528.39990234375,101
2026-08-20 09:13:00-04:00,4529.89990234375,4529.89990234375,4530.5,4528.0,4528.7001953125,151
2026-08-20 09:14:00-04:00,4527.89990234375,4527.89990234375,4530.0,4526.7001953125,4529.60009765625,219
2026-08-20 09:15:00-04:00,4527.2001953125,4527.2001953125,4528.2998046875,4526.2998046875,4528.2001953125,188
2026-08-20 09:16:00-04:00,4529.60009765625,4529.60009765625,4530.39990234375,4525.89990234375,4527.2998046875,157
2026-08-20 09:17:00-04:00,4530.39990234375,4530.39990234375,4530.39990234375,4528.0,4529.60009765625,116
2026-08-20 09:18:00-04:00,4529.89990234375,4529.89990234375,4530.7998046875,4528.89990234375,4529.89990234375,205
2026-08-20 09:19:00-04:00,4529.5,4529.5,4531.89990234375,4529.2998046875,4530.0,117
2026-08-20 09:20:00-04:00,4529.0,4529.0,4531.0,4528.7998046875,4529.7998046875,95
2026-08-20 09:21:00-04:00,4529.2001953125,4529.2001953125,4531.89990234375,4529.0,4529.0,130
2026-08-20 09:22:00-04:00,4527.2998046875,4527.2998046875,4530.5,4527.2001953125,4529.89990234375,80
2026-08-20 09:23:00-04:00,4529.2998046875,4529.2998046875,4529.7001953125,4526.39990234375,4526.7998046875,53
2026-08-20 09:24:00-04:00,4529.60009765625,4529.60009765625,4530.10009765625,4527.89990234375,4529.39990234375,65
2026-08-20 09:25:00-04:00,4527.7998046875,4527.7998046875,4529.2998046875,4526.89990234375,4528.60009765625,103
2026-08-20 09:26:00-04:00,4528.0,4528.0,4528.7001953125,4526.2001953125,4526.60009765625,125
2026-08-20 09:27:00-04:00,4528.7998046875,4528.7998046875,4529.10009765625,4527.39990234375,4528.2998046875,90
2026-08-20 09:28:00-04:00,4527.5,4527.5,4529.39990234375,4527.10009765625,4528.7001953125,141
2026-08-20 09:29:00-04:00,4526.7001953125,4526.7001953125,4527.89990234375,4525.0,4527.7001953125,268
2026-08-20 09:30:00-04:00,4527.2998046875,4527.2998046875,4532.39990234375,4526.7998046875,4526.7998046875,421
2026-08-20 09:31:00-04:00,4525.39990234375,4525.39990234375,4529.89990234375,4524.10009765625,4526.89990234375,423
2026-08-20 09:32:00-04:00,4527.60009765625,4527.60009765625,4529.0,4524.10009765625,4525.60009765625,308
2026-08-20 09:33:00-04:00,4530.0,4530.0,4530.7001953125,4524.7001953125,4527.60009765625,235
2026-08-20 09:34:00-04:00,4530.60009765625,4530.60009765625,4531.0,4528.5,4530.10009765625,294
2026-08-20 09:35:00-04:00,4538.2001953125,4538.2001953125,4540.7998046875,4529.39990234375,4530.2998046875,1484
2026-08-20 09:36:00-04:00,4536.7998046875,4536.7998046875,4540.89990234375,4536.5,4538.10009765625,464
2026-08-20 09:37:00-04:00,4536.7001953125,4536.7001953125,4539.0,4533.60009765625,4537.10009765625,347
2026-08-20 09:38:00-04:00,4539.0,4539.0,4540.7998046875,4536.10009765625,4536.89990234375,421
2026-08-20 09:39:00-04:00,4538.5,4538.5,4541.10009765625,4537.39990234375,4539.10009765625,443
2026-08-20 09:40:00-04:00,4534.7001953125,4534.7001953125,4538.60009765625,4533.7998046875,4538.60009765625,247
2026-08-20 09:41:00-04:00,4539.7998046875,4539.7998046875,4540.0,4532.60009765625,4534.60009765625,208
2026-08-20 09:42:00-04:00,4540.2001953125,4540.2001953125,4541.5,4538.2998046875,4539.89990234375,314
2026-08-20 09:43:00-04:00,4541.60009765625,4541.60009765625,4543.0,4539.7998046875,4540.60009765625,589
2026-08-20 09:44:00-04:00,4541.89990234375,4541.89990234375,4541.89990234375,4540.7998046875,4541.39990234375,112
2026-08-20 09:45:00-04:00,4540.60009765625,4540.60009765625,4544.39990234375,4540.0,4541.7001953125,398
2026-08-20 09:46:00-04:00,4539.2001953125,4539.2001953125,4541.7001953125,4538.10009765625,4540.2001953125,551
2026-08-20 09:47:00-04:00,4538.39990234375,4538.39990234375,4538.7998046875,4535.60009765625,4538.7998046875,376
2026-08-20 09:48:00-04:00,4537.7998046875,4537.7998046875,4539.0,4535.7998046875,4538.2001953125,130
2026-08-20 09:49:00-04:00,4537.0,4537.0,4539.39990234375,4534.89990234375,4537.7001953125,198
2026-08-20 09:50:00-04:00,4537.89990234375,4537.89990234375,4538.5,4536.10009765625,4537.10009765625,328
2026-08-20 09:51:00-04:00,4537.0,4537.0,4538.39990234375,4536.2998046875,4537.7998046875,141
2026-08-20 09:52:00-04:00,4541.0,4541.0,4541.10009765625,4536.10009765625,4537.10009765625,225
2026-08-20 09:53:00-04:00,4538.5,4538.5,4541.60009765625,4538.0,4541.2998046875,264
2026-08-20 09:54:00-04:00,4540.89990234375,4540.89990234375,4540.89990234375,4537.0,4538.2998046875,208
2026-08-20 09:55:00-04:00,4539.0,4539.0,4541.7998046875,4537.89990234375,4541.0,175
2026-08-20 09:56:00-04:00,4537.5,4537.5,4539.60009765625,4537.2998046875,4539.10009765625,157
2026-08-20 09:57:00-04:00,4535.89990234375,4535.89990234375,4537.89990234375,4535.7998046875,4537.60009765625,136
2026-08-20 09:58:00-04:00,4537.0,4537.0,4538.0,4534.2998046875,4536.2001953125,469
2026-08-20 09:59:00-04:00,4537.0,4537.0,4537.39990234375,4535.5,4537.10009765625,170
2026-08-20 10:00:00-04:00,4543.5,4543.5,4543.89990234375,4536.7001953125,4536.7998046875,783
2026-08-20 10:01:00-04:00,4544.39990234375,4544.39990234375,4545.5,4542.2998046875,4543.7001953125,513
2026-08-20 10:02:00-04:00,4542.89990234375,4542.89990234375,4545.89990234375,4542.60009765625,4544.7001953125,393
2026-08-20 10:03:00-04:00,4539.7998046875,4539.7998046875,4542.7998046875,4538.7001953125,4542.60009765625,498
2026-08-20 10:04:00-04:00,4538.60009765625,4538.60009765625,4541.0,4537.7998046875,4539.60009765625,209
2026-08-20 10:05:00-04:00,4537.5,4537.5,4538.60009765625,4537.10009765625,4538.2998046875,165
2026-08-20 10:06:00-04:00,4538.5,4538.5,4541.7001953125,4535.7998046875,4537.10009765625,576
2026-08-20 10:07:00-04:00,4539.39990234375,4539.39990234375,4539.60009765625,4536.60009765625,4538.39990234375,140
2026-08-20 10:08:00-04:00,4539.7998046875,4539.7998046875,4541.5,4538.7001953125,4539.60009765625,106
2026-08-20 10:09:00-04:00,4540.5,4540.5,4542.0,4538.5,4540.2998046875,296
2026-08-20 10:10:00-04:00,4542.2001953125,4542.2001953125,4542.2998046875,4538.5,4540.60009765625,260
2026-08-20 10:11:00-04:00,4542.5,4542.5,4544.39990234375,4539.7001953125,4542.5,316
2026-08-20 10:12:00-04:00,4543.2001953125,4543.2001953125,4543.5,4541.89990234375,4542.5,154
2026-08-20 10:13:00-04:00,4540.60009765625,4540.60009765625,4544.7998046875,4540.60009765625,4543.2001953125,265
2026-08-20 10:14:00-04:00,4541.0,4541.0,4542.2001953125,4539.2998046875,4540.39990234375,401
2026-08-20 10:15:00-04:00,4542.5,4542.5,4542.7998046875,4539.39990234375,4541.0,418
2026-08-20 10:16:00-04:00,4543.2998046875,4543.2998046875,4543.2998046875,4541.10009765625,4542.10009765625,225
2026-08-20 10:17:00-04:00,4543.39990234375,4543.39990234375,4545.39990234375,4541.89990234375,4543.2998046875,298
2026-08-20 10:18:00-04:00,4543.7998046875,4543.7998046875,4544.89990234375,4542.7001953125,4543.2998046875,183
2026-08-20 10:19:00-04:00,4537.7001953125,4537.7001953125,4543.39990234375,4537.39990234375,4543.2998046875,438
2026-08-20 10:20:00-04:00,4543.2001953125,4543.2001953125,4543.2001953125,4537.39990234375,4538.0,202
2026-08-20 10:21:00-04:00,4544.39990234375,4544.39990234375,4546.60009765625,4542.39990234375,4543.0,328
2026-08-20 10:22:00-04:00,4543.2998046875,4543.2998046875,4544.7998046875,4542.5,4544.5,250
2026-08-20 10:23:00-04:00,4547.2998046875,4547.2998046875,4547.2998046875,4542.7998046875,4543.60009765625,231
2026-08-20 10:24:00-04:00,4546.7001953125,4546.7001953125,4549.89990234375,4546.7001953125,4547.10009765625,368
2026-08-20 10:25:00-04:00,4545.7998046875,4545.7998046875,4548.0,4545.7998046875,4546.60009765625,368
2026-08-20 10:26:00-04:00,4545.0,4545.0,4546.7001953125,4543.7998046875,4545.89990234375,184
2026-08-20 10:27:00-04:00,4543.7001953125,4543.7001953125,4545.7998046875,4543.39990234375,4545.2001953125,165
2026-08-20 10:28:00-04:00,4545.10009765625,4545.10009765625,4546.5,4542.60009765625,4543.60009765625,348
2026-08-20 10:29:00-04:00,4547.39990234375,4547.39990234375,4549.0,4545.2998046875,4545.7001953125,236
2026-08-20 10:30:00-04:00,4549.2998046875,4549.2998046875,4551.89990234375,4547.5,4547.60009765625,610
2026-08-20 10:31:00-04:00,4549.10009765625,4549.10009765625,4550.2998046875,4548.10009765625,4549.5,238
2026-08-20 10:32:00-04:00,4550.2998046875,4550.2998046875,4550.7998046875,4549.0,4549.0,158
2026-08-20 10:33:00-04:00,4552.89990234375,4552.89990234375,4553.5,4549.7998046875,4550.2998046875,323
2026-08-20 10:34:00-04:00,4550.10009765625,4550.10009765625,4552.89990234375,4549.60009765625,4552.89990234375,365
2026-08-20 10:35:00-04:00,4553.10009765625,4553.10009765625,4554.2998046875,4548.60009765625,4550.2001953125,385
2026-08-20 10:36:00-04:00,4555.2998046875,4555.2998046875,4556.0,4552.89990234375,4553.5,402
2026-08-20 10:37:00-04:00,4552.5,4552.5,4556.60009765625,4551.89990234375,4554.89990234375,298
2026-08-20 10:38:00-04:00,4552.2998046875,4552.2998046875,4553.39990234375,4551.10009765625,4552.39990234375,129
2026-08-20 10:39:00-04:00,4551.60009765625,4551.60009765625,4553.2001953125,4551.10009765625,4552.2998046875,171
2026-08-20 10:40:00-04:00,4552.2998046875,4552.2998046875,4552.39990234375,4549.60009765625,4551.7998046875,282
2026-08-20 10:41:00-04:00,4549.60009765625,4549.60009765625,4552.39990234375,4549.2998046875,4551.89990234375,96
2026-08-20 10:42:00-04:00,4553.5,4553.5,4554.0,4549.2001953125,4549.5,113
2026-08-20 10:43:00-04:00,4555.2998046875,4555.2998046875,4555.5,4553.5,4553.7001953125,139
2026-08-20 10:44:00-04:00,4555.10009765625,4555.10009765625,4556.89990234375,4554.7998046875,4555.39990234375,159
2026-08-20 10:45:00-04:00,4557.89990234375,4557.89990234375,4557.89990234375,4554.5,4555.0,510
2026-08-20 10:46:00-04:00,4559.60009765625,4559.60009765625,4561.39990234375,4557.10009765625,4557.7001953125,563
2026-08-20 10:47:00-04:00,4559.39990234375,4559.39990234375,4560.7998046875,4559.2001953125,4559.7998046875,284
2026-08-20 10:48:00-04:00,4561.5,4561.5,4562.10009765625,4559.2998046875,4559.60009765625,279
2026-08-20 10:49:00-04:00,4563.39990234375,4563.39990234375,4564.2998046875,4560.60009765625,4561.5,512
2026-08-20 10:50:00-04:00,4562.7001953125,4562.7001953125,4564.5,4562.0,4563.7998046875,273
2026-08-20 10:51:00-04:00,4561.7001953125,4561.7001953125,4563.7001953125,4561.2998046875,4562.89990234375,334
2026-08-20 10:52:00-04:00,4563.0,4563.0,4564.0,4560.2001953125,4561.2998046875,500
2026-08-20 10:53:00-04:00,4564.2998046875,4564.2998046875,4566.0,4562.7998046875,4563.2001953125,382
2026-08-20 10:54:00-04:00,4565.5,4565.5,4566.0,4563.39990234375,4564.2001953125,178
2026-08-20 10:55:00-04:00,4565.89990234375,4565.89990234375,4567.2001953125,4565.0,4565.60009765625,372
2026-08-20 10:56:00-04:00,4567.89990234375,4567.89990234375,4568.10009765625,4565.7001953125,4566.0,193
2026-08-20 10:57:00-04:00,4570.10009765625,4570.10009765625,4571.7001953125,4567.7001953125,4568.0,753
2026-08-20 10:58:00-04:00,4569.39990234375,4569.39990234375,4572.0,4569.39990234375,4569.89990234375,369
2026-08-20 10:59:00-04:00,4571.7001953125,4571.7001953125,4572.0,4569.60009765625,4569.60009765625,272
2026-08-20 11:00:00-04:00,4573.7998046875,4573.7998046875,4574.7001953125,4570.7001953125,4571.7998046875,747
2026-08-20 11:01:00-04:00,4578.0,4578.0,4584.2998046875,4572.2001953125,4573.89990234375,2195
2026-08-20 11:02:00-04:00,4581.60009765625,4581.60009765625,4592.2998046875,4578.10009765625,4578.2001953125,3168
2026-08-20 11:03:00-04:00,4591.89990234375,4591.89990234375,4592.5,4579.60009765625,4581.60009765625,1447
2026-08-20 11:04:00-04:00,4591.60009765625,4591.60009765625,4592.60009765625,4587.0,4591.7001953125,1160
2026-08-20 11:05:00-04:00,4585.0,4585.0,4592.7001953125,4585.0,4591.5,927
2026-08-20 11:06:00-04:00,4581.10009765625,4581.10009765625,4588.89990234375,4580.7998046875,4585.0,1118
2026-08-20 11:07:00-04:00,4586.89990234375,4586.89990234375,4588.7998046875,4580.2998046875,4581.60009765625,788
2026-08-20 11:08:00-04:00,4586.5,4586.5,4588.39990234375,4585.10009765625,4587.2998046875,534
2026-08-20 11:09:00-04:00,4581.2001953125,4581.2001953125,4586.5,4578.60009765625,4586.2998046875,717
2026-08-20 11:10:00-04:00,4579.89990234375,4579.89990234375,4585.2998046875,4578.89990234375,4581.2001953125,474
2026-08-20 11:11:00-04:00,4581.10009765625,4581.10009765625,4582.5,4577.7998046875,4579.7998046875,436
2026-08-20 11:12:00-04:00,4588.89990234375,4588.89990234375,4588.89990234375,4580.0,4581.2001953125,422
2026-08-20 11:13:00-04:00,4592.2001953125,4592.2001953125,4593.39990234375,4587.89990234375,4589.0,1132
2026-08-20 11:14:00-04:00,4591.5,4591.5,4593.7001953125,4590.2998046875,4592.2001953125,489
2026-08-20 11:15:00-04:00,4591.89990234375,4591.89990234375,4591.89990234375,4586.39990234375,4591.2001953125,610
2026-08-20 11:16:00-04:00,4590.89990234375,4590.89990234375,4593.5,4588.0,4591.7001953125,363
2026-08-20 11:17:00-04:00,4596.0,4596.0,4596.2001953125,4590.0,4591.10009765625,633
2026-08-20 11:18:00-04:00,4593.5,4593.5,4596.0,4592.2998046875,4595.7998046875,281
2026-08-20 11:19:00-04:00,4595.89990234375,4595.89990234375,4597.0,4592.7001953125,4593.39990234375,592
2026-08-20 11:20:00-04:00,4590.39990234375,4590.39990234375,4597.10009765625,4590.0,4595.89990234375,469
2026-08-20 11:21:00-04:00,4583.7001953125,4583.7001953125,4590.5,4583.39990234375,4590.5,915
2026-08-20 11:22:00-04:00,4581.39990234375,4581.39990234375,4584.2001953125,4581.2001953125,4583.7001953125,553
2026-08-20 11:23:00-04:00,4580.2001953125,4580.2001953125,4582.89990234375,4579.2001953125,4581.0,612
2026-08-20 11:24:00-04:00,4583.2998046875,4583.2998046875,4584.2001953125,4579.5,4580.2001953125,627
2026-08-20 11:25:00-04:00,4582.7001953125,4582.7001953125,4584.10009765625,4581.7001953125,4583.0,368
2026-08-20 11:26:00-04:00,4586.0,4586.0,4587.2998046875,4582.60009765625,4582.60009765625,444
2026-08-20 11:27:00-04:00,4588.39990234375,4588.39990234375,4590.39990234375,4584.60009765625,4585.89990234375,519
2026-08-20 11:28:00-04:00,4588.89990234375,4588.89990234375,4589.7001953125,4587.39990234375,4588.5,342
2026-08-20 11:29:00-04:00,4588.60009765625,4588.60009765625,4589.39990234375,4586.7001953125,4588.7998046875,314
2026-08-20 11:30:00-04:00,4585.10009765625,4585.10009765625,4590.0,4582.60009765625,4588.39990234375,400
2026-08-20 11:31:00-04:00,4584.5,4584.5,4586.2001953125,4584.2001953125,4585.2998046875,187
2026-08-20 11:32:00-04:00,4584.7998046875,4584.7998046875,4584.7998046875,4581.60009765625,4584.10009765625,283
2026-08-20 11:33:00-04:00,4580.2001953125,4580.2001953125,4585.10009765625,4579.60009765625,4584.60009765625,408
2026-08-20 11:34:00-04:00,4580.0,4580.0,4581.60009765625,4578.39990234375,4580.2001953125,593
2026-08-20 11:35:00-04:00,4578.60009765625,4578.60009765625,4582.89990234375,4578.2998046875,4580.2001953125,502
2026-08-20 11:36:00-04:00,4579.2998046875,4579.2998046875,4579.7998046875,4576.39990234375,4578.2998046875,565
2026-08-20 11:37:00-04:00,4578.60009765625,4578.60009765625,4580.2001953125,4578.0,4579.2998046875,204
2026-08-20 11:38:00-04:00,4577.39990234375,4577.39990234375,4581.10009765625,4576.60009765625,4579.0,248
2026-08-20 11:39:00-04:00,4574.60009765625,4574.60009765625,4577.2001953125,4573.2001953125,4577.2001953125,628
2026-08-20 11:40:00-04:00,4573.7001953125,4573.7001953125,4576.10009765625,4573.10009765625,4574.60009765625,290
2026-08-20 11:41:00-04:00,4571.2998046875,4571.2998046875,4573.7001953125,4570.10009765625,4573.7001953125,418
2026-08-20 11:42:00-04:00,4574.39990234375,4574.39990234375,4575.7998046875,4571.39990234375,4571.39990234375,247
2026-08-20 11:43:00-04:00,4567.60009765625,4567.60009765625,4574.5,4563.5,4574.5,1075
2026-08-20 11:44:00-04:00,4567.60009765625,4567.60009765625,4569.89990234375,4566.89990234375,4567.60009765625,313
2026-08-20 11:45:00-04:00,4572.10009765625,4572.10009765625,4573.2001953125,4566.7998046875,4567.5,251
2026-08-20 11:46:00-04:00,4574.5,4574.5,4575.2998046875,4570.10009765625,4572.2998046875,268
2026-08-20 11:47:00-04:00,4575.2001953125,4575.2001953125,4575.39990234375,4573.2001953125,4574.39990234375,229
2026-08-20 11:48:00-04:00,4575.2001953125,4575.2001953125,4577.2001953125,4574.7001953125,4575.0,531
2026-08-20 11:49:00-04:00,4576.10009765625,4576.10009765625,4577.2001953125,4574.89990234375,4575.39990234375,96
2026-08-20 11:50:00-04:00,4575.0,4575.0,4577.39990234375,4573.89990234375,4575.7001953125,145
2026-08-20 11:51:00-04:00,4574.60009765625,4574.60009765625,4575.2998046875,4573.2998046875,4574.60009765625,278
2026-08-20 11:52:00-04:00,4571.7001953125,4571.7001953125,4575.39990234375,4571.39990234375,4575.0,103
2026-08-20 11:53:00-04:00,4573.7998046875,4573.7998046875,4573.7998046875,4571.7001953125,4571.7001953125,72
2026-08-20 11:54:00-04:00,4574.7998046875,4574.7998046875,4575.7998046875,4573.2998046875,4573.60009765625,144
2026-08-20 11:55:00-04:00,4575.2001953125,4575.2001953125,4575.7998046875,4573.2998046875,4574.89990234375,114
2026-08-20 11:56:00-04:00,4577.10009765625,4577.10009765625,4577.10009765625,4575.5,4575.60009765625,95
2026-08-20 11:57:00-04:00,4578.60009765625,4578.60009765625,4579.10009765625,4575.7998046875,4577.10009765625,299
2026-08-20 11:58:00-04:00,4579.2998046875,4579.2998046875,4579.39990234375,4577.60009765625,4578.7001953125,260
2026-08-20 11:59:00-04:00,4577.2998046875,4577.2998046875,4579.7998046875,4577.10009765625,4579.2998046875,160
2026-08-20 12:00:00-04:00,4578.7998046875,4578.7998046875,4579.39990234375,4577.0,4577.5,166
2026-08-20 12:01:00-04:00,4580.10009765625,4580.10009765625,4580.5,4578.7001953125,4579.5,196
2026-08-20 12:02:00-04:00,4580.0,4580.0,4580.7001953125,4579.39990234375,4579.89990234375,112
2026-08-20 12:03:00-04:00,4578.60009765625,4578.60009765625,4580.0,4576.7998046875,4579.60009765625,234
2026-08-20 12:04:00-04:00,4575.5,4575.5,4578.39990234375,4575.10009765625,4578.39990234375,74
2026-08-20 12:05:00-04:00,4575.7998046875,4575.7998046875,4578.0,4574.89990234375,4575.5,102
2026-08-20 12:06:00-04:00,4577.10009765625,4577.10009765625,4577.2001953125,4574.89990234375,4575.89990234375,51
2026-08-20 12:07:00-04:00,4576.0,4576.0,4576.89990234375,4575.2998046875,4576.89990234375,61
2026-08-20 12:08:00-04:00,4576.2998046875,4576.2998046875,4576.89990234375,4574.89990234375,4575.5,98
2026-08-20 12:09:00-04:00,4575.60009765625,4575.60009765625,4576.2998046875,4575.2001953125,4576.0,44
2026-08-20 12:10:00-04:00,4575.7998046875,4575.7998046875,4576.2001953125,4574.89990234375,4576.2001953125,61
2026-08-20 12:11:00-04:00,4571.89990234375,4571.89990234375,4575.0,4571.89990234375,4574.39990234375,163
2026-08-20 12:12:00-04:00,4570.2998046875,4570.2998046875,4572.2001953125,4568.89990234375,4572.10009765625,444
2026-08-20 12:13:00-04:00,4568.7001953125,4568.7001953125,4570.7998046875,4568.2998046875,4570.10009765625,154
2026-08-20 12:14:00-04:00,4567.10009765625,4567.10009765625,4568.7998046875,4566.2001953125,4568.7998046875,327
2026-08-20 12:15:00-04:00,4565.10009765625,4565.10009765625,4567.0,4564.5,4566.89990234375,272
2026-08-20 12:16:00-04:00,4565.5,4565.5,4566.10009765625,4564.60009765625,4565.39990234375,210
2026-08-20 12:17:00-04:00,4566.7001953125,4566.7001953125,4567.39990234375,4565.2001953125,4565.7001953125,135
2026-08-20 12:18:00-04:00,4567.2001953125,4567.2001953125,4567.7001953125,4565.0,4566.7001953125,115
2026-08-20 12:19:00-04:00,4568.2001953125,4568.2001953125,4569.2001953125,4567.0,4567.0,127
2026-08-20 12:20:00-04:00,4567.89990234375,4567.89990234375,4568.89990234375,4567.10009765625,4568.10009765625,109
2026-08-20 12:21:00-04:00,4566.7001953125,4566.7001953125,4567.89990234375,4566.2001953125,4567.89990234375,72
2026-08-20 12:22:00-04:00,4567.60009765625,4567.60009765625,4568.60009765625,4565.60009765625,4566.7998046875,154
2026-08-20 12:23:00-04:00,4566.10009765625,4566.10009765625,4568.10009765625,4565.5,4567.60009765625,61
2026-08-20 12:24:00-04:00,4567.89990234375,4567.89990234375,4569.10009765625,4566.2998046875,4566.5,63
2026-08-20 12:25:00-04:00,4565.60009765625,4565.60009765625,4567.89990234375,4565.60009765625,4567.89990234375,55
2026-08-20 12:26:00-04:00,4564.7001953125,4564.7001953125,4565.7001953125,4564.0,4565.7001953125,114
2026-08-20 12:27:00-04:00,4562.10009765625,4562.10009765625,4565.10009765625,4561.39990234375,4564.7001953125,222
2026-08-20 12:28:00-04:00,4564.89990234375,4564.89990234375,4565.2001953125,4561.7001953125,4562.0,129
2026-08-20 12:29:00-04:00,4565.60009765625,4565.60009765625,4565.7998046875,4563.89990234375,4564.89990234375,69
2026-08-20 12:30:00-04:00,4563.7001953125,4563.7001953125,4566.2001953125,4562.7998046875,4565.89990234375,197
2026-08-20 12:31:00-04:00,4562.10009765625,4562.10009765625,4564.10009765625,4561.60009765625,4563.5,121
2026-08-20 12:32:00-04:00,4561.0,4561.0,4562.2998046875,4559.2001953125,4561.89990234375,601
2026-08-20 12:33:00-04:00,4563.7998046875,4563.7998046875,4564.2001953125,4560.89990234375,4561.0,144
2026-08-20 12:34:00-04:00,4565.5,4565.5,4566.60009765625,4563.7001953125,4563.7001953125,143
2026-08-20 12:35:00-04:00,4567.39990234375,4567.39990234375,4567.60009765625,4565.10009765625,4565.89990234375,143
2026-08-20 12:36:00-04:00,4568.10009765625,4568.10009765625,4569.2998046875,4567.0,4567.5,197
2026-08-20 12:37:00-04:00,4566.0,4566.0,4568.0,4566.0,4567.7998046875,63
2026-08-20 12:38:00-04:00,4565.2001953125,4565.2001953125,4565.7998046875,4563.7998046875,4565.7998046875,172
2026-08-20 12:39:00-04:00,4563.7998046875,4563.7998046875,4565.2998046875,4563.60009765625,4565.2001953125,98
2026-08-20 12:40:00-04:00,4565.7998046875,4565.7998046875,4566.2998046875,4563.7998046875,4563.7998046875,55
2026-08-20 12:41:00-04:00,4566.0,4566.0,4566.7998046875,4565.7001953125,4565.7001953125,54
2026-08-20 12:42:00-04:00,4564.0,4564.0,4566.5,4564.0,4565.7998046875,84
2026-08-20 12:43:00-04:00,4565.0,4565.0,4565.2001953125,4564.0,4564.7998046875,78
2026-08-20 12:44:00-04:00,4565.7001953125,4565.7001953125,4566.5,4564.5,4565.10009765625,65
2026-08-20 12:45:00-04:00,4565.0,4565.0,4566.39990234375,4563.89990234375,4565.60009765625,64
2026-08-20 12:46:00-04:00,4568.7998046875,4568.7998046875,4569.0,4565.5,4565.5,158
2026-08-20 12:47:00-04:00,4568.2998046875,4568.2998046875,4569.10009765625,4567.5,4568.60009765625,139
2026-08-20 12:48:00-04:00,4568.2001953125,4568.2001953125,4568.5,4567.0,4568.10009765625,61
2026-08-20 12:49:00-04:00,4568.60009765625,4568.60009765625,4568.89990234375,4568.0,4568.0,401
2026-08-20 12:50:00-04:00,4568.2998046875,4568.2998046875,4570.60009765625,4567.89990234375,4568.5,379
2026-08-20 12:51:00-04:00,4567.7001953125,4567.7001953125,4568.7001953125,4567.7001953125,4567.89990234375,63
2026-08-20 12:52:00-04:00,4566.7001953125,4566.7001953125,4568.2998046875,4566.39990234375,4568.0,68
2026-08-20 12:53:00-04:00,4567.10009765625,4567.10009765625,4567.10009765625,4565.39990234375,4567.0,56
2026-08-20 12:54:00-04:00,4566.0,4566.0,4567.39990234375,4566.0,4567.2998046875,42
2026-08-20 12:55:00-04:00,4566.5,4566.5,4566.7998046875,4565.60009765625,4566.0,221
2026-08-20 12:56:00-04:00,4565.89990234375,4565.89990234375,4566.7998046875,4565.7001953125,4566.39990234375,42
2026-08-20 12:57:00-04:00,4566.60009765625,4566.60009765625,4567.7998046875,4565.5,4566.2001953125,189
2026-08-20 12:58:00-04:00,4566.2001953125,4566.2001953125,4567.2998046875,4566.2001953125,4566.7001953125,79
2026-08-20 12:59:00-04:00,4566.7001953125,4566.7001953125,4566.7998046875,4564.2001953125,4565.7001953125,103
2026-08-20 13:00:00-04:00,4568.7001953125,4568.7001953125,4568.7001953125,4566.5,4566.7001953125,132
2026-08-20 13:01:00-04:00,4568.5,4568.5,4569.2001953125,4568.10009765625,4568.39990234375,108
2026-08-20 13:02:00-04:00,4567.2998046875,4567.2998046875,4570.89990234375,4567.2998046875,4568.5,482
2026-08-20 13:03:00-04:00,4567.89990234375,4567.89990234375,4569.0,4567.2001953125,4567.7001953125,82
2026-08-20 13:04:00-04:00,4567.89990234375,4567.89990234375,4568.5,4567.7001953125,4568.10009765625,68
2026-08-20 13:05:00-04:00,4567.7998046875,4567.7998046875,4568.2998046875,4566.89990234375,4568.2001953125,66
2026-08-20 13:06:00-04:00,4566.89990234375,4566.89990234375,4568.10009765625,4566.39990234375,4567.7001953125,86
2026-08-20 13:07:00-04:00,4567.2001953125,4567.2001953125,4567.7998046875,4566.2998046875,4566.60009765625,66
2026-08-20 13:08:00-04:00,4565.2001953125,4565.2001953125,4567.2998046875,4564.2001953125,4567.10009765625,103
2026-08-20 13:09:00-04:00,4566.39990234375,4566.39990234375,4567.0,4565.2001953125,4565.2001953125,56
2026-08-20 13:10:00-04:00,4565.89990234375,4565.89990234375,4566.7998046875,4565.7998046875,4566.2998046875,65
2026-08-20 13:11:00-04:00,4565.10009765625,4565.10009765625,4565.89990234375,4564.10009765625,4565.7998046875,77
2026-08-20 13:12:00-04:00,4565.39990234375,4565.39990234375,4565.60009765625,4564.89990234375,4565.0,37
2026-08-20 13:13:00-04:00,4564.89990234375,4564.89990234375,4565.89990234375,4564.89990234375,4565.5,32
2026-08-20 13:14:00-04:00,4565.7998046875,4565.7998046875,4567.2001953125,4564.2998046875,4564.5,162
2026-08-20 13:15:00-04:00,4564.5,4564.5,4566.2998046875,4564.5,4565.60009765625,110
2026-08-20 13:16:00-04:00,4567.2001953125,4567.2001953125,4567.5,4564.2998046875,4564.39990234375,112
2026-08-20 13:17:00-04:00,4567.39990234375,4567.39990234375,4567.7998046875,4566.89990234375,4567.5,58
2026-08-20 13:18:00-04:00,4567.0,4567.0,4567.7998046875,4566.5,4567.7001953125,56
2026-08-20 13:19:00-04:00,4565.2998046875,4565.2998046875,4567.2998046875,4564.7998046875,4566.7001953125,121
2026-08-20 13:20:00-04:00,4566.89990234375,4566.89990234375,4567.10009765625,4564.89990234375,4565.5,112
2026-08-20 13:21:00-04:00,4568.2001953125,4568.2001953125,4568.7998046875,4567.0,4567.2998046875,147
2026-08-20 13:22:00-04:00,4568.7998046875,4568.7998046875,4570.7001953125,4567.7998046875,4568.10009765625,567
2026-08-20 13:23:00-04:00,4568.5,4568.5,4569.10009765625,4568.39990234375,4569.0,67
2026-08-20 13:24:00-04:00,4567.89990234375,4567.89990234375,4568.7998046875,4567.10009765625,4568.5,137
2026-08-20 13:25:00-04:00,4568.10009765625,4568.10009765625,4568.5,4567.10009765625,4567.7998046875,73
2026-08-20 13:26:00-04:00,4569.2001953125,4569.2001953125,4569.60009765625,4567.7001953125,4568.10009765625,79
2026-08-20 13:27:00-04:00,4566.7001953125,4566.7001953125,4569.60009765625,4566.0,4569.10009765625,154
2026-08-20 13:28:00-04:00,4568.39990234375,4568.39990234375,4568.60009765625,4566.7998046875,4566.7998046875,72
2026-08-20 13:29:00-04:00,4569.60009765625,4569.60009765625,4573.39990234375,4568.5,4568.60009765625,1191
2026-08-20 13:30:00-04:00,4567.5,4567.5,4570.2001953125,4567.2998046875,4569.60009765625,277
2026-08-20 13:31:00-04:00,4573.0,4573.0,4573.10009765625,4567.7001953125,4567.7001953125,181
2026-08-20 13:32:00-04:00,4572.89990234375,4572.89990234375,4573.39990234375,4572.2998046875,4572.89990234375,112
2026-08-20 13:33:00-04:00,4572.60009765625,4572.60009765625,4574.2998046875,4572.60009765625,4572.7998046875,100
2026-08-20 13:34:00-04:00,4575.0,4575.0,4575.10009765625,4572.7998046875,4572.7998046875,232
2026-08-20 13:35:00-04:00,4574.0,4574.0,4575.2001953125,4573.2001953125,4574.7001953125,64
2026-08-20 13:36:00-04:00,4573.39990234375,4573.39990234375,4573.60009765625,4572.7998046875,4573.5,34
2026-08-20 13:37:00-04:00,4573.5,4573.5,4573.7998046875,4573.10009765625,4573.7998046875,20
2026-08-20 13:38:00-04:00,4574.0,4574.0,4574.10009765625,4572.7001953125,4573.5,33
2026-08-20 13:39:00-04:00,4573.60009765625,4573.60009765625,4574.5,4573.39990234375,4573.89990234375,32
2026-08-20 13:40:00-04:00,4573.39990234375,4573.39990234375,4574.60009765625,4572.89990234375,4573.39990234375,81
2026-08-20 13:41:00-04:00,4573.39990234375,4573.39990234375,4574.10009765625,4573.10009765625,4573.39990234375,72
2026-08-20 13:42:00-04:00,4573.5,4573.5,4574.0,4573.10009765625,4573.2001953125,44
2026-08-20 13:43:00-04:00,4574.2001953125,4574.2001953125,4574.60009765625,4573.5,4573.60009765625,13
2026-08-20 13:44:00-04:00,4574.89990234375,4574.89990234375,4574.89990234375,4574.2998046875,4574.60009765625,18
2026-08-20 13:45:00-04:00,4574.7001953125,4574.7001953125,4575.0,4574.0,4574.7001953125,45
2026-08-20 13:46:00-04:00,4576.0,4576.0,4576.2001953125,4574.39990234375,4574.7998046875,61
2026-08-20 13:47:00-04:00,4576.0,4576.0,4576.89990234375,4575.60009765625,4576.2998046875,76
2026-08-20 13:48:00-04:00,4576.2001953125,4576.2001953125,4576.89990234375,4576.0,4576.0,36
2026-08-20 13:49:00-04:00,4575.60009765625,4575.60009765625,4576.10009765625,4575.10009765625,4576.10009765625,40
2026-08-20 13:50:00-04:00,4575.7998046875,4575.7998046875,4576.60009765625,4575.2998046875,4575.89990234375,80
2026-08-20 13:51:00-04:00,4575.0,4575.0,4576.0,4575.0,4576.0,40
2026-08-20 13:52:00-04:00,4574.7001953125,4574.7001953125,4575.10009765625,4574.7001953125,4575.0,32
2026-08-20 13:53:00-04:00,4574.2998046875,4574.2998046875,4574.7998046875,4573.60009765625,4574.7001953125,94
2026-08-20 13:54:00-04:00,4575.0,4575.0,4575.10009765625,4574.10009765625,4574.39990234375,19
2026-08-20 13:55:00-04:00,4575.0,4575.0,4575.5,4574.2998046875,4575.2998046875,27
2026-08-20 13:56:00-04:00,4575.60009765625,4575.60009765625,4575.7001953125,4575.10009765625,4575.10009765625,26
2026-08-20 13:57:00-04:00,4576.2001953125,4576.2001953125,4576.39990234375,4575.2998046875,4575.5,31
2026-08-20 13:58:00-04:00,4576.0,4576.0,4576.89990234375,4575.60009765625,4576.2998046875,58
2026-08-20 13:59:00-04:00,4576.0,4576.0,4576.39990234375,4575.5,4575.7998046875,40
2026-08-20 14:00:00-04:00,4577.2001953125,4577.2001953125,4577.5,4576.0,4576.0,109
2026-08-20 14:01:00-04:00,4576.0,4576.0,4577.2998046875,4574.89990234375,4577.2998046875,80
2026-08-20 14:02:00-04:00,4576.7001953125,4576.7001953125,4576.89990234375,4576.10009765625,4576.10009765625,27
2026-08-20 14:03:00-04:00,4578.60009765625,4578.60009765625,4578.60009765625,4577.2001953125,4577.2001953125,54
2026-08-20 14:04:00-04:00,4578.10009765625,4578.10009765625,4578.7001953125,4577.2998046875,4578.39990234375,131
2026-08-20 14:05:00-04:00,4577.39990234375,4577.39990234375,4578.7998046875,4577.0,4577.89990234375,66
2026-08-20 14:06:00-04:00,4575.7001953125,4575.7001953125,4577.7998046875,4575.7001953125,4577.2998046875,87
2026-08-20 14:07:00-04:00,4573.5,4573.5,4575.89990234375,4573.10009765625,4575.60009765625,231
2026-08-20 14:08:00-04:00,4572.0,4572.0,4573.7001953125,4571.2998046875,4573.7001953125,113
2026-08-20 14:09:00-04:00,4572.89990234375,4572.89990234375,4573.0,4572.0,4572.2998046875,99
2026-08-20 14:10:00-04:00,4570.7998046875,4570.7998046875,4573.0,4570.5,4573.0,138
2026-08-20 14:11:00-04:00,4569.5,4569.5,4571.0,4569.10009765625,4571.0,265
2026-08-20 14:12:00-04:00,4566.60009765625,4566.60009765625,4570.0,4565.2998046875,4569.7001953125,438
2026-08-20 14:13:00-04:00,4566.89990234375,4566.89990234375,4567.89990234375,4566.39990234375,4566.39990234375,138
2026-08-20 14:14:00-04:00,4567.2998046875,4567.2998046875,4568.0,4566.89990234375,4567.2998046875,78
2026-08-20 14:15:00-04:00,4567.89990234375,4567.89990234375,4568.60009765625,4566.89990234375,4567.39990234375,59
2026-08-20 14:16:00-04:00,4565.5,4565.5,4568.2998046875,4564.7001953125,4567.5,204
2026-08-20 14:17:00-04:00,4566.5,4566.5,4567.2001953125,4565.7001953125,4565.89990234375,45
2026-08-20 14:18:00-04:00,4569.60009765625,4569.60009765625,4570.0,4565.39990234375,4566.2001953125,152
2026-08-20 14:19:00-04:00,4572.2998046875,4572.2998046875,4572.39990234375,4569.39990234375,4569.39990234375,148
2026-08-20 14:20:00-04:00,4572.0,4572.0,4572.2998046875,4571.5,4572.2998046875,99
2026-08-20 14:21:00-04:00,4573.2998046875,4573.2998046875,4573.2998046875,4571.7001953125,4571.7001953125,38
2026-08-20 14:22:00-04:00,4573.5,4573.5,4574.5,4572.7998046875,4573.10009765625,53
2026-08-20 14:23:00-04:00,4572.10009765625,4572.10009765625,4573.39990234375,4571.89990234375,4573.2998046875,44
2026-08-20 14:24:00-04:00,4572.39990234375,4572.39990234375,4573.0,4572.10009765625,4572.2001953125,14
2026-08-20 14:25:00-04:00,4574.10009765625,4574.10009765625,4574.7001953125,4572.7998046875,4572.7998046875,100
2026-08-20 14:26:00-04:00,4575.10009765625,4575.10009765625,4575.39990234375,4574.2998046875,4574.2998046875,151
2026-08-20 14:27:00-04:00,4576.0,4576.0,4576.0,4575.0,4575.0,14
2026-08-20 14:28:00-04:00,4574.7001953125,4574.7001953125,4575.7998046875,4574.7001953125,4575.7998046875,37
2026-08-20 14:29:00-04:00,4575.89990234375,4575.89990234375,4576.60009765625,4575.10009765625,4575.10009765625,62
2026-08-20 14:30:00-04:00,4577.2998046875,4577.2998046875,4577.2998046875,4575.0,4575.2998046875,45
2026-08-20 14:31:00-04:00,4576.7001953125,4576.7001953125,4577.7998046875,4576.5,4577.10009765625,46
2026-08-20 14:32:00-04:00,4577.2998046875,4577.2998046875,4577.2998046875,4576.2998046875,4577.0,32
2026-08-20 14:33:00-04:00,4576.0,4576.0,4577.2998046875,4575.89990234375,4577.10009765625,52
2026-08-20 14:34:00-04:00,4575.7998046875,4575.7998046875,4576.60009765625,4575.2998046875,4575.7998046875,67
2026-08-20 14:35:00-04:00,4576.10009765625,4576.10009765625,4577.0,4575.2001953125,4575.5,49
2026-08-20 14:36:00-04:00,4578.2998046875,4578.2998046875,4578.60009765625,4575.7001953125,4575.89990234375,87
2026-08-20 14:37:00-04:00,4579.2001953125,4579.2001953125,4579.2001953125,4578.10009765625,4578.2001953125,85
2026-08-20 14:38:00-04:00,4578.0,4578.0,4579.7001953125,4577.89990234375,4579.10009765625,114
2026-08-20 14:39:00-04:00,4577.60009765625,4577.60009765625,4578.39990234375,4576.89990234375,4578.2001953125,33
2026-08-20 14:40:00-04:00,4577.5,4577.5,4577.5,4576.60009765625,4577.0,27
2026-08-20 14:41:00-04:00,4577.2998046875,4577.2998046875,4577.60009765625,4577.2998046875,4577.39990234375,14
2026-08-20 14:42:00-04:00,4577.89990234375,4577.89990234375,4578.0,4577.2998046875,4577.60009765625,16
2026-08-20 14:43:00-04:00,4577.2001953125,4577.2001953125,4577.89990234375,4576.39990234375,4577.39990234375,56
2026-08-20 14:44:00-04:00,4576.5,4576.5,4577.2998046875,4576.10009765625,4577.0,38
2026-08-20 14:45:00-04:00,4575.5,4575.5,4576.89990234375,4575.39990234375,4576.60009765625,52
2026-08-20 14:46:00-04:00,4575.10009765625,4575.10009765625,4575.2998046875,4574.10009765625,4575.2998046875,60
2026-08-20 14:47:00-04:00,4575.5,4575.5,4575.5,4574.60009765625,4575.10009765625,34
2026-08-20 14:48:00-04:00,4576.2001953125,4576.2001953125,4576.2001953125,4575.2998046875,4575.39990234375,33
2026-08-20 14:49:00-04:00,4577.5,4577.5,4577.60009765625,4576.10009765625,4576.7001953125,47
2026-08-20 14:50:00-04:00,4578.7001953125,4578.7001953125,4578.89990234375,4577.5,4577.5,26
2026-08-20 14:51:00-04:00,4579.10009765625,4579.10009765625,4581.10009765625,4578.7001953125,4578.7001953125,428
2026-08-20 14:52:00-04:00,4580.2998046875,4580.2998046875,4581.7001953125,4579.0,4579.0,173
2026-08-20 14:53:00-04:00,4580.2001953125,4580.2001953125,4580.60009765625,4579.60009765625,4580.5,326
2026-08-20 14:54:00-04:00,4580.89990234375,4580.89990234375,4581.0,4580.0,4580.2001953125,47
2026-08-20 14:55:00-04:00,4580.10009765625,4580.10009765625,4581.2998046875,4580.0,4581.10009765625,46
2026-08-20 14:56:00-04:00,4580.39990234375,4580.39990234375,4581.0,4579.7998046875,4580.2998046875,57
2026-08-20 14:57:00-04:00,4580.39990234375,4580.39990234375,4580.7001953125,4580.0,4580.5,42
2026-08-20 14:58:00-04:00,4578.39990234375,4578.39990234375,4580.0,4578.10009765625,4580.0,47
2026-08-20 14:59:00-04:00,4578.5,4578.5,4578.89990234375,4577.5,4578.2998046875,87
2026-08-20 15:00:00-04:00,4577.89990234375,4577.89990234375,4578.5,4574.7001953125,4578.2998046875,137
2026-08-20 15:01:00-04:00,4577.7001953125,4577.7001953125,4578.39990234375,4577.7001953125,4578.0,30
2026-08-20 15:02:00-04:00,4577.7001953125,4577.7001953125,4577.7001953125,4577.0,4577.39990234375,15
2026-08-20 15:03:00-04:00,4578.2998046875,4578.2998046875,4578.89990234375,4577.5,4577.5,37
2026-08-20 15:04:00-04:00,4578.2001953125,4578.2001953125,4578.7998046875,4577.10009765625,4578.7001953125,58
2026-08-20 15:05:00-04:00,4578.60009765625,4578.60009765625,4578.89990234375,4577.7998046875,4578.2998046875,28
2026-08-20 15:06:00-04:00,4579.39990234375,4579.39990234375,4579.39990234375,4578.5,4579.10009765625,12
2026-08-20 15:07:00-04:00,4580.5,4580.5,4580.89990234375,4579.7998046875,4579.7998046875,31
2026-08-20 15:08:00-04:00,4581.7001953125,4581.7001953125,4582.5,4580.2998046875,4580.60009765625,70
2026-08-20 15:09:00-04:00,4582.89990234375,4582.89990234375,4582.89990234375,4581.5,4581.7998046875,144
2026-08-20 15:10:00-04:00,4581.10009765625,4581.10009765625,4583.0,4580.7998046875,4582.89990234375,66
2026-08-20 15:11:00-04:00,4581.2998046875,4581.2998046875,4581.5,4581.10009765625,4581.2998046875,26
2026-08-20 15:12:00-04:00,4582.60009765625,4582.60009765625,4582.60009765625,4581.5,4581.5,44
2026-08-20 15:13:00-04:00,4584.5,4584.5,4584.5,4582.60009765625,4582.7001953125,93
2026-08-20 15:14:00-04:00,4584.2001953125,4584.2001953125,4584.60009765625,4583.7998046875,4584.60009765625,47
2026-08-20 15:15:00-04:00,4584.60009765625,4584.60009765625,4584.89990234375,4584.2001953125,4584.2001953125,53
2026-08-20 15:16:00-04:00,4585.2998046875,4585.2998046875,4585.89990234375,4584.60009765625,4584.7998046875,78
2026-08-20 15:17:00-04:00,4584.2998046875,4584.2998046875,4585.39990234375,4584.0,4585.10009765625,62
2026-08-20 15:18:00-04:00,4584.10009765625,4584.10009765625,4584.5,4584.0,4584.2001953125,45
2026-08-20 15:19:00-04:00,4582.2001953125,4582.2001953125,4583.60009765625,4582.10009765625,4583.2998046875,56
2026-08-20 15:20:00-04:00,4581.60009765625,4581.60009765625,4583.2001953125,4581.39990234375,4582.60009765625,53
2026-08-20 15:21:00-04:00,4580.7998046875,4580.7998046875,4581.7001953125,4580.2001953125,4581.5,59
2026-08-20 15:22:00-04:00,4582.39990234375,4582.39990234375,4582.5,4580.7998046875,4580.89990234375,113
2026-08-20 15:23:00-04:00,4584.39990234375,4584.39990234375,4584.5,4582.39990234375,4582.60009765625,170
2026-08-20 15:24:00-04:00,4583.5,4583.5,4584.5,4583.39990234375,4584.2998046875,51
2026-08-20 15:25:00-04:00,4583.5,4583.5,4584.10009765625,4583.10009765625,4583.39990234375,40
2026-08-20 15:26:00-04:00,4582.0,4582.0,4583.5,4582.0,4583.5,56
2026-08-20 15:27:00-04:00,4581.7998046875,4581.7998046875,4582.5,4580.89990234375,4582.0,56
2026-08-20 15:28:00-04:00,4580.2001953125,4580.2001953125,4581.89990234375,4580.0,4581.89990234375,52
2026-08-20 15:29:00-04:00,4579.2001953125,4579.2001953125,4580.5,4579.10009765625,4580.5,51
2026-08-20 15:30:00-04:00,4579.60009765625,4579.60009765625,4580.2998046875,4578.2001953125,4579.0,84
2026-08-20 15:31:00-04:00,4579.7001953125,4579.7001953125,4580.39990234375,4579.2001953125,4579.2998046875,56
2026-08-20 15:32:00-04:00,4580.60009765625,4580.60009765625,4580.7998046875,4579.2998046875,4579.7001953125,45
2026-08-20 15:33:00-04:00,4580.0,4580.0,4580.89990234375,4579.89990234375,4580.5,30
2026-08-20 15:34:00-04:00,4580.10009765625,4580.10009765625,4580.2998046875,4579.7998046875,4580.10009765625,38
2026-08-20 15:35:00-04:00,4580.2001953125,4580.2001953125,4580.2001953125,4579.2001953125,4579.7001953125,26
2026-08-20 15:36:00-04:00,4581.39990234375,4581.39990234375,4582.0,4579.7001953125,4580.7001953125,48
2026-08-20 15:37:00-04:00,4583.10009765625,4583.10009765625,4583.2998046875,4581.0,4581.60009765625,73
2026-08-20 15:38:00-04:00,4583.7998046875,4583.7998046875,4585.7001953125,4583.60009765625,4583.60009765625,106
2026-08-20 15:39:00-04:00,4584.7001953125,4584.7001953125,4584.7998046875,4583.89990234375,4583.89990234375,24
2026-08-20 15:40:00-04:00,4583.7998046875,4583.7998046875,4584.89990234375,4583.7998046875,4584.7998046875,45
2026-08-20 15:41:00-04:00,4583.7001953125,4583.7001953125,4583.89990234375,4583.39990234375,4583.7001953125,39
2026-08-20 15:42:00-04:00,4582.89990234375,4582.89990234375,4584.10009765625,4582.89990234375,4583.89990234375,51
2026-08-20 15:43:00-04:00,4583.0,4583.0,4584.39990234375,4582.60009765625,4582.60009765625,94
2026-08-20 15:44:00-04:00,4582.2001953125,4582.2001953125,4584.10009765625,4582.2001953125,4583.0,80
2026-08-20 15:45:00-04:00,4583.5,4583.5,4583.5,4581.0,4582.39990234375,100
2026-08-20 15:46:00-04:00,4582.0,4582.0,4584.2001953125,4582.0,4583.39990234375,38
2026-08-20 15:47:00-04:00,4582.10009765625,4582.10009765625,4582.60009765625,4581.0,4582.2001953125,90
2026-08-20 15:48:00-04:00,4584.2001953125,4584.2001953125,4584.2001953125,4581.89990234375,4582.10009765625,43
2026-08-20 15:49:00-04:00,4584.7998046875,4584.7998046875,4586.0,4584.5,4584.5,174
2026-08-20 15:50:00-04:00,4586.7001953125,4586.7001953125,4586.89990234375,4584.39990234375,4584.60009765625,108
2026-08-20 15:51:00-04:00,4584.7998046875,4584.7998046875,4587.2998046875,4584.7998046875,4586.89990234375,122
2026-08-20 15:52:00-04:00,4585.60009765625,4585.60009765625,4585.7001953125,4584.10009765625,4584.7001953125,60
2026-08-20 15:53:00-04:00,4587.5,4587.5,4587.7001953125,4585.0,4585.7001953125,78
2026-08-20 15:54:00-04:00,4587.10009765625,4587.10009765625,4588.0,4586.60009765625,4587.5,104
2026-08-20 15:55:00-04:00,4587.2001953125,4587.2001953125,4587.2001953125,4586.2998046875,4586.7998046875,86
2026-08-20 15:56:00-04:00,4585.10009765625,4585.10009765625,4587.5,4584.0,4587.2001953125,177
2026-08-20 15:57:00-04:00,4584.2998046875,4584.2998046875,4585.0,4583.2001953125,4584.7998046875,109
2026-08-20 15:58:00-04:00,4583.7998046875,4583.7998046875,4585.10009765625,4583.39990234375,4584.60009765625,76
2026-08-20 15:59:00-04:00,4584.89990234375,4584.89990234375,4585.10009765625,4582.60009765625,4583.7998046875,154
2026-08-20 16:00:00-04:00,4584.7001953125,4584.7001953125,4585.2001953125,4584.10009765625,4584.5,121
2026-08-20 16:01:00-04:00,4582.60009765625,4582.60009765625,4585.2001953125,4582.60009765625,4584.5,56
2026-08-20 16:02:00-04:00,4582.7998046875,4582.7998046875,4583.2001953125,4582.0,4582.7998046875,31
2026-08-20 16:03:00-04:00,4584.0,4584.0,4584.0,4583.2001953125,4583.2001953125,16
2026-08-20 16:04:00-04:00,4583.2998046875,4583.2998046875,4584.5,4583.10009765625,4584.10009765625,19
2026-08-20 16:05:00-04:00,4583.39990234375,4583.39990234375,4584.10009765625,4583.10009765625,4583.10009765625,35
2026-08-20 16:06:00-04:00,4582.60009765625,4582.60009765625,4583.39990234375,4582.0,4583.2998046875,61
2026-08-20 16:07:00-04:00,4581.2998046875,4581.2998046875,4582.2001953125,4581.2998046875,4582.2001953125,18
2026-08-20 16:08:00-04:00,4579.10009765625,4579.10009765625,4581.5,4578.89990234375,4581.5,123
2026-08-20 16:09:00-04:00,4579.5,4579.5,4579.7001953125,4579.0,4579.2001953125,21
2026-08-20 16:10:00-04:00,4580.2998046875,4580.2998046875,4580.7998046875,4579.2001953125,4579.2001953125,44
2026-08-20 16:11:00-04:00,4580.39990234375,4580.39990234375,4580.7998046875,4580.39990234375,4580.60009765625,10
2026-08-20 16:12:00-04:00,4580.89990234375,4580.89990234375,4580.89990234375,4580.10009765625,4580.39990234375,42
2026-08-20 16:13:00-04:00,4579.0,4579.0,4581.10009765625,4578.7998046875,4581.10009765625,46
2026-08-20 16:14:00-04:00,4578.89990234375,4578.89990234375,4579.5,4578.7998046875,4579.0,29
2026-08-20 16:15:00-04:00,4577.89990234375,4577.89990234375,4579.0,4577.89990234375,4578.7001953125,41
2026-08-20 16:16:00-04:00,4577.89990234375,4577.89990234375,4578.39990234375,4577.89990234375,4578.2998046875,6
2026-08-20 16:17:00-04:00,4577.5,4577.5,4577.89990234375,4576.7001953125,4577.7998046875,38
2026-08-20 16:18:00-04:00,4578.39990234375,4578.39990234375,4578.39990234375,4577.39990234375,4577.39990234375,21
2026-08-20 16:19:00-04:00,4578.2998046875,4578.2998046875,4578.2998046875,4577.60009765625,4577.89990234375,11
2026-08-20 16:20:00-04:00,4578.2001953125,4578.2001953125,4578.2998046875,4578.10009765625,4578.2998046875,32
2026-08-20 16:21:00-04:00,4578.0,4578.0,4578.0,4577.89990234375,4578.0,3
2026-08-20 16:22:00-04:00,4577.39990234375,4577.39990234375,4578.10009765625,4577.2001953125,4577.60009765625,32
2026-08-20 16:23:00-04:00,4577.7001953125,4577.7001953125,4578.10009765625,4576.89990234375,4577.39990234375,45
2026-08-20 16:24:00-04:00,4577.7998046875,4577.7998046875,4578.5,4577.39990234375,4577.7998046875,18
2026-08-20 16:25:00-04:00,4577.2998046875,4577.2998046875,4577.7998046875,4576.7001953125,4577.7998046875,28
2026-08-20 16:26:00-04:00,4576.7998046875,4576.7998046875,4577.2998046875,4576.7998046875,4577.2998046875,8
2026-08-20 16:27:00-04:00,4577.7001953125,4577.7001953125,4577.7998046875,4576.89990234375,4576.89990234375,34
2026-08-20 16:28:00-04:00,4577.2998046875,4577.2998046875,4577.89990234375,4577.2001953125,4577.7998046875,35
2026-08-20 16:29:00-04:00,4577.10009765625,4577.10009765625,4578.2001953125,4576.89990234375,4577.39990234375,63
2026-08-20 16:30:00-04:00,4576.7998046875,4576.7998046875,4577.2001953125,4576.5,4577.10009765625,34
2026-08-20 16:31:00-04:00,4576.2998046875,4576.2998046875,4577.10009765625,4575.5,4577.10009765625,55
2026-08-20 16:32:00-04:00,4575.5,4575.5,4576.2001953125,4575.5,4576.2001953125,21
2026-08-20 16:33:00-04:00,4574.5,4574.5,4575.39990234375,4574.39990234375,4575.39990234375,69
2026-08-20 16:34:00-04:00,4574.2001953125,4574.2001953125,4574.60009765625,4573.0,4574.60009765625,63
2026-08-20 16:35:00-04:00,4574.10009765625,4574.10009765625,4574.7998046875,4573.7001953125,4574.2001953125,28
2026-08-20 16:36:00-04:00,4574.0,4574.0,4574.39990234375,4573.7001953125,4573.7998046875,15
2026-08-20 16:37:00-04:00,4574.2001953125,4574.2001953125,4574.2001953125,4573.89990234375,4573.89990234375,14
2026-08-20 16:38:00-04:00,4574.0,4574.0,4574.7998046875,4573.89990234375,4574.10009765625,34
2026-08-20 16:39:00-04:00,4573.60009765625,4573.60009765625,4574.2998046875,4573.5,4574.0,29
2026-08-20 16:40:00-04:00,4574.39990234375,4574.39990234375,4574.7998046875,4573.89990234375,4574.0,15
2026-08-20 16:41:00-04:00,4574.2001953125,4574.2001953125,4574.39990234375,4574.2001953125,4574.39990234375,9
2026-08-20 16:42:00-04:00,4574.10009765625,4574.10009765625,4574.60009765625,4574.10009765625,4574.5,10
2026-08-20 16:43:00-04:00,4574.89990234375,4574.89990234375,4574.89990234375,4574.2998046875,4574.39990234375,21
2026-08-20 16:44:00-04:00,4574.39990234375,4574.39990234375,4574.7998046875,4574.2001953125,4574.7998046875,17
2026-08-20 16:45:00-04:00,4574.7001953125,4574.7001953125,4574.7998046875,4574.2998046875,4574.60009765625,23
2026-08-20 16:46:00-04:00,4574.7998046875,4574.7998046875,4575.2001953125,4574.7998046875,4574.7998046875,33
2026-08-20 16:47:00-04:00,4574.5,4574.5,4575.0,4574.39990234375,4575.0,16
2026-08-20 16:48:00-04:00,4574.2001953125,4574.2001953125,4574.2998046875,4574.2001953125,4574.2998046875,4
2026-08-20 16:49:00-04:00,4574.60009765625,4574.60009765625,4574.60009765625,4574.10009765625,4574.2001953125,11
2026-08-20 16:50:00-04:00,4574.7998046875,4574.7998046875,4575.2001953125,4574.0,4574.39990234375,31
2026-08-20 16:51:00-04:00,4577.0,4577.0,4577.0,4574.7001953125,4574.7001953125,145
2026-08-20 16:52:00-04:00,4577.2001953125,4577.2001953125,4577.2001953125,4576.2001953125,4576.7001953125,41
2026-08-20 16:53:00-04:00,4576.60009765625,4576.60009765625,4577.2998046875,4576.60009765625,4577.2998046875,17
2026-08-20 16:54:00-04:00,4575.7001953125,4575.7001953125,4576.7998046875,4575.2998046875,4576.7001953125,65
2026-08-20 16:55:00-04:00,4575.5,4575.5,4576.39990234375,4574.89990234375,4576.10009765625,54
2026-08-20 16:56:00-04:00,4575.5,4575.5,4576.10009765625,4575.2998046875,4575.7001953125,17
2026-08-20 16:57:00-04:00,4574.89990234375,4574.89990234375,4575.2998046875,4574.89990234375,4575.2998046875,14
2026-08-20 16:58:00-04:00,4575.39990234375,4575.39990234375,4575.39990234375,4575.10009765625,4575.10009765625,7
2026-08-20 16:59:00-04:00,4575.10009765625,4575.10009765625,4575.39990234375,4574.89990234375,4575.2001953125,27
2026-08-20 18:00:00-04:00,4577.0,4577.0,4577.7001953125,4571.0,4577.0,0
2026-08-20 18:01:00-04:00,4576.10009765625,4576.10009765625,4577.2998046875,4575.5,4576.0,40
2026-08-20 18:02:00-04:00,4576.0,4576.0,4576.10009765625,4575.5,4575.7001953125,8
2026-08-20 18:03:00-04:00,4575.89990234375,4575.89990234375,4576.2998046875,4575.39990234375,4575.39990234375,27
2026-08-20 18:04:00-04:00,4575.7001953125,4575.7001953125,4576.7998046875,4575.5,4576.0,42
2026-08-20 18:05:00-04:00,4576.7998046875,4576.7998046875,4577.10009765625,4576.2001953125,4576.39990234375,13
2026-08-20 18:06:00-04:00,4576.60009765625,4576.60009765625,4577.2998046875,4576.39990234375,4576.60009765625,29
2026-08-20 18:07:00-04:00,4576.0,4576.0,4576.7998046875,4575.5,4576.7001953125,34
2026-08-20 18:08:00-04:00,4575.60009765625,4575.60009765625,4575.60009765625,4575.60009765625,4575.60009765625,2
2026-08-20 18:09:00-04:00,4574.2998046875,4574.2998046875,4575.7001953125,4574.2998046875,4575.7001953125,17
2026-08-20 18:10:00-04:00,4573.39990234375,4573.39990234375,4574.2998046875,4572.89990234375,4574.2998046875,24
2026-08-20 18:11:00-04:00,4575.5,4575.5,4575.60009765625,4573.5,4573.5,53
2026-08-20 18:12:00-04:00,4574.2001953125,4574.2001953125,4575.7001953125,4574.2001953125,4575.7001953125,16
2026-08-20 18:13:00-04:00,4574.7998046875,4574.7998046875,4574.7998046875,4574.39990234375,4574.5,6
2026-08-20 18:14:00-04:00,4574.60009765625,4574.60009765625,4575.2001953125,4574.39990234375,4574.39990234375,22
2026-08-20 18:15:00-04:00,4575.7998046875,4575.7998046875,4575.89990234375,4574.60009765625,4574.60009765625,18
2026-08-20 18:16:00-04:00,4575.89990234375,4575.89990234375,4575.89990234375,4574.89990234375,4575.60009765625,12
2026-08-20 18:17:00-04:00,4576.0,4576.0,4576.0,4575.10009765625,4575.7001953125,14
2026-08-20 18:18:00-04:00,4575.7998046875,4575.7998046875,4576.10009765625,4575.39990234375,4576.10009765625,16
2026-08-20 18:19:00-04:00,4575.89990234375,4575.89990234375,4576.2001953125,4575.7001953125,4575.7998046875,13
2026-08-20 18:20:00-04:00,4576.10009765625,4576.10009765625,4576.10009765625,4575.5,4575.5,7
2026-08-20 18:21:00-04:00,4574.60009765625,4574.60009765625,4575.7001953125,4574.5,4575.39990234375,22
2026-08-20 18:22:00-04:00,4574.5,4574.5,4574.89990234375,4574.2998046875,4574.7998046875,25
2026-08-20 18:23:00-04:00,4574.0,4574.0,4574.60009765625,4574.0,4574.60009765625,8
2026-08-20 18:24:00-04:00,4574.2998046875,4574.2998046875,4574.7998046875,4574.2001953125,4574.2998046875,25
2026-08-20 18:25:00-04:00,4575.2001953125,4575.2001953125,4575.2001953125,4574.39990234375,4574.60009765625,17
2026-08-20 18:26:00-04:00,4575.10009765625,4575.10009765625,4575.39990234375,4574.89990234375,4575.2998046875,26
2026-08-20 18:27:00-04:00,4575.7001953125,4575.7001953125,4576.10009765625,4574.89990234375,4574.89990234375,65
2026-08-20 18:28:00-04:00,4575.10009765625,4575.10009765625,4576.7998046875,4575.10009765625,4576.10009765625,82
2026-08-20 18:29:00-04:00,4575.39990234375,4575.39990234375,4575.60009765625,4574.7998046875,4575.10009765625,40
2026-08-20 18:30:00-04:00,4575.0,4575.0,4575.89990234375,4574.39990234375,4575.60009765625,143
2026-08-20 18:31:00-04:00,4575.2998046875,4575.2998046875,4575.7998046875,4574.89990234375,4574.89990234375,19
2026-08-20 18:32:00-04:00,4574.7998046875,4574.7998046875,4575.2998046875,4574.7998046875,4575.2998046875,17
2026-08-20 18:33:00-04:00,4575.7998046875,4575.7998046875,4575.7998046875,4575.10009765625,4575.10009765625,12
2026-08-20 18:34:00-04:00,4576.0,4576.0,4576.2998046875,4575.7998046875,4575.89990234375,21
2026-08-20 18:35:00-04:00,4576.0,4576.0,4576.2998046875,4575.7001953125,4576.0,34
2026-08-20 18:36:00-04:00,4576.7998046875,4576.7998046875,4577.0,4575.89990234375,4575.89990234375,32
2026-08-20 18:37:00-04:00,4576.7998046875,4576.7998046875,4576.89990234375,4575.89990234375,4576.39990234375,17
2026-08-20 18:38:00-04:00,4578.10009765625,4578.10009765625,4578.60009765625,4576.7001953125,4576.7998046875,39
2026-08-20 18:39:00-04:00,4577.5,4577.5,4578.10009765625,4577.5,4577.7001953125,12
2026-08-20 18:40:00-04:00,4578.2001953125,4578.2001953125,4578.2001953125,4577.2998046875,4577.39990234375,49
2026-08-20 18:41:00-04:00,4578.2001953125,4578.2001953125,4578.5,4577.89990234375,4577.89990234375,56
2026-08-20 18:42:00-04:00,4578.7998046875,4578.7998046875,4579.10009765625,4578.0,4578.2998046875,49
2026-08-20 18:43:00-04:00,4579.39990234375,4579.39990234375,4579.5,4578.89990234375,4579.0,66
2026-08-20 18:44:00-04:00,4578.7001953125,4578.7001953125,4579.7998046875,4578.5,4579.2998046875,44
2026-08-20 18:45:00-04:00,4579.39990234375,4579.39990234375,4579.5,4578.89990234375,4578.89990234375,28
2026-08-20 18:46:00-04:00,4578.5,4578.5,4579.7001953125,4578.0,4579.39990234375,46
2026-08-20 18:47:00-04:00,4576.2998046875,4576.2998046875,4578.5,4575.7001953125,4578.5,228
2026-08-20 18:48:00-04:00,4576.2998046875,4576.2998046875,4576.89990234375,4575.5,4576.5,97
2026-08-20 18:49:00-04:00,4578.0,4578.0,4578.0,4576.10009765625,4576.10009765625,59
2026-08-20 18:50:00-04:00,4578.0,4578.0,4578.10009765625,4577.60009765625,4578.10009765625,14
2026-08-20 18:51:00-04:00,4579.0,4579.0,4579.0,4577.7998046875,4578.10009765625,22
2026-08-20 18:52:00-04:00,4579.7001953125,4579.7001953125,4579.7998046875,4578.7001953125,4578.89990234375,31
2026-08-20 18:53:00-04:00,4579.89990234375,4579.89990234375,4580.2001953125,4579.7001953125,4579.7001953125,26
2026-08-20 18:54:00-04:00,4579.7001953125,4579.7001953125,4579.7998046875,4579.2001953125,4579.7001953125,29
2026-08-20 18:55:00-04:00,4579.7001953125,4579.7001953125,4579.89990234375,4579.5,4579.5,29
2026-08-20 18:56:00-04:00,4579.7998046875,4579.7998046875,4579.89990234375,4579.2998046875,4579.7998046875,23
2026-08-20 18:57:00-04:00,4579.7998046875,4579.7998046875,4580.0,4579.5,4579.89990234375,31
2026-08-20 18:58:00-04:00,4579.7001953125,4579.7001953125,4580.2001953125,4579.7001953125,4580.10009765625,14
2026-08-20 18:59:00-04:00,4580.2001953125,4580.2001953125,4580.2001953125,4579.60009765625,4579.7001953125,9
2026-08-20 19:00:00-04:00,4579.7001953125,4579.7001953125,4580.39990234375,4579.7001953125,4579.89990234375,23
2026-08-20 19:01:00-04:00,4580.39990234375,4580.39990234375,4580.39990234375,4579.39990234375,4579.7001953125,29
2026-08-20 19:02:00-04:00,4583.10009765625,4583.10009765625,4583.2001953125,4580.60009765625,4580.60009765625,208
2026-08-20 19:03:00-04:00,4585.10009765625,4585.10009765625,4585.7998046875,4582.60009765625,4582.7998046875,167
2026-08-20 19:04:00-04:00,4585.10009765625,4585.10009765625,4585.2998046875,4584.60009765625,4584.89990234375,34
2026-08-20 19:05:00-04:00,4585.7998046875,4585.7998046875,4585.7998046875,4585.10009765625,4585.10009765625,51
2026-08-20 19:06:00-04:00,4584.89990234375,4584.89990234375,4586.2001953125,4584.60009765625,4585.7001953125,89
2026-08-20 19:07:00-04:00,4584.2001953125,4584.2001953125,4585.89990234375,4583.89990234375,4585.2998046875,103
2026-08-20 19:08:00-04:00,4581.10009765625,4581.10009765625,4584.2998046875,4581.10009765625,4584.0,175
2026-08-20 19:09:00-04:00,4582.7001953125,4582.7001953125,4583.10009765625,4580.89990234375,4581.10009765625,120
2026-08-20 19:10:00-04:00,4583.2001953125,4583.2001953125,4583.7998046875,4583.2001953125,4583.2001953125,8
2026-08-20 19:11:00-04:00,4584.2001953125,4584.2001953125,4585.0,4584.2001953125,4584.5,13
2026-08-20 19:12:00-04:00,4587.39990234375,4587.39990234375,4589.0,4584.7001953125,4584.7001953125,227
2026-08-20 19:13:00-04:00,4587.2001953125,4587.2001953125,4588.39990234375,4586.39990234375,4587.2001953125,72
2026-08-20 19:14:00-04:00,4587.60009765625,4587.60009765625,4588.0,4586.7001953125,4587.5,44
2026-08-20 19:15:00-04:00,4587.10009765625,4587.10009765625,4587.7998046875,4586.60009765625,4587.5,23
2026-08-20 19:16:00-04:00,4586.0,4586.0,4587.7001953125,4585.7998046875,4586.7998046875,58
2026-08-20 19:17:00-04:00,4585.7998046875,4585.7998046875,4586.7001953125,4585.2998046875,4586.0,47
2026-08-20 19:18:00-04:00,4587.39990234375,4587.39990234375,4587.39990234375,4586.39990234375,4586.60009765625,8
2026-08-20 19:19:00-04:00,4587.5,4587.5,4588.39990234375,4587.5,4587.7998046875,28
2026-08-20 19:20:00-04:00,4586.2001953125,4586.2001953125,4587.60009765625,4586.2001953125,4587.60009765625,41
2026-08-20 19:21:00-04:00,4586.2001953125,4586.2001953125,4586.2998046875,4585.60009765625,4586.0,15
2026-08-20 19:22:00-04:00,4584.2001953125,4584.2001953125,4585.7001953125,4584.10009765625,4585.7001953125,51
2026-08-20 19:23:00-04:00,4584.7998046875,4584.7998046875,4585.2001953125,4584.10009765625,4584.5,23
2026-08-20 19:24:00-04:00,4584.7998046875,4584.7998046875,4585.10009765625,4584.39990234375,4585.10009765625,22
2026-08-20 19:25:00-04:00,4585.60009765625,4585.60009765625,4585.60009765625,4584.5,4584.89990234375,57
2026-08-20 19:26:00-04:00,4583.60009765625,4583.60009765625,4586.39990234375,4583.5,4585.60009765625,143
2026-08-20 19:27:00-04:00,4585.10009765625,4585.10009765625,4585.10009765625,4583.60009765625,4583.89990234375,33
2026-08-20 19:28:00-04:00,4582.2001953125,4582.2001953125,4585.2998046875,4578.5,4585.2998046875,301
2026-08-20 19:29:00-04:00,4583.2001953125,4583.2001953125,4583.2001953125,4580.7001953125,4582.2001953125,132
2026-08-20 19:30:00-04:00,4583.39990234375,4583.39990234375,4583.7998046875,4581.7001953125,4582.89990234375,135
2026-08-20 19:31:00-04:00,4581.2998046875,4581.2998046875,4584.5,4580.89990234375,4583.7998046875,63
2026-08-20 19:32:00-04:00,4580.2001953125,4580.2001953125,4581.7001953125,4578.2998046875,4581.60009765625,165
2026-08-20 19:33:00-04:00,4580.5,4580.5,4580.7001953125,4579.2998046875,4580.2998046875,65
2026-08-20 19:34:00-04:00,4579.39990234375,4579.39990234375,4580.7998046875,4579.0,4580.39990234375,49
2026-08-20 19:35:00-04:00,4578.7998046875,4578.7998046875,4579.89990234375,4578.39990234375,4579.39990234375,41
2026-08-20 19:36:00-04:00,4578.0,4578.0,4578.7001953125,4577.10009765625,4578.5,147
2026-08-20 19:37:00-04:00,4579.0,4579.0,4579.39990234375,4578.10009765625,4578.10009765625,28
2026-08-20 19:38:00-04:00,4580.2001953125,4580.2001953125,4580.5,4579.2998046875,4579.2998046875,15
2026-08-20 19:39:00-04:00,4579.7001953125,4579.7001953125,4580.2998046875,4579.39990234375,4580.2998046875,17
2026-08-20 19:40:00-04:00,4581.0,4581.0,4581.0,4580.2001953125,4580.60009765625,8
2026-08-20 19:41:00-04:00,4581.0,4581.0,4581.39990234375,4580.60009765625,4580.7001953125,19
2026-08-20 19:42:00-04:00,4579.89990234375,4579.89990234375,4580.7998046875,4579.89990234375,4580.7998046875,15
2026-08-20 19:43:00-04:00,4580.7001953125,4580.7001953125,4580.7998046875,4580.39990234375,4580.7998046875,5
2026-08-20 19:44:00-04:00,4580.7998046875,4580.7998046875,4580.89990234375,4580.7998046875,4580.89990234375,5
2026-08-20 19:45:00-04:00,4580.39990234375,4580.39990234375,4581.0,4580.2001953125,4581.0,15
2026-08-20 19:46:00-04:00,4580.5,4580.5,4580.5,4579.2001953125,4580.2998046875,32
2026-08-20 19:47:00-04:00,4581.5,4581.5,4581.7001953125,4580.5,4580.5,17
2026-08-20 19:48:00-04:00,4581.39990234375,4581.39990234375,4581.89990234375,4581.10009765625,4581.89990234375,18
2026-08-20 19:49:00-04:00,4583.5,4583.5,4583.7998046875,4581.39990234375,4581.39990234375,36
2026-08-20 19:50:00-04:00,4583.60009765625,4583.60009765625,4583.60009765625,4582.7001953125,4583.2001953125,7
2026-08-20 19:51:00-04:00,4582.2998046875,4582.2998046875,4583.7001953125,4582.2998046875,4583.2998046875,13
2026-08-20 19:52:00-04:00,4582.10009765625,4582.10009765625,4582.89990234375,4582.10009765625,4582.39990234375,15
2026-08-20 19:53:00-04:00,4583.2998046875,4583.2998046875,4583.5,4582.2001953125,4582.2001953125,10
2026-08-20 19:54:00-04:00,4584.2001953125,4584.2001953125,4584.2998046875,4583.39990234375,4583.5,16
2026-08-20 19:55:00-04:00,4582.7998046875,4582.7998046875,4583.5,4582.2998046875,4583.5,18
2026-08-20 19:56:00-04:00,4582.39990234375,4582.39990234375,4582.7001953125,4582.10009765625,4582.7001953125,12
2026-08-20 19:57:00-04:00,4583.2001953125,4583.2001953125,4583.5,4582.60009765625,4582.60009765625,16
2026-08-20 19:58:00-04:00,4583.89990234375,4583.89990234375,4584.10009765625,4582.0,4582.10009765625,61
2026-08-20 19:59:00-04:00,4582.2001953125,4582.2001953125,4584.0,4581.89990234375,4583.7998046875,32
2026-08-20 20:00:00-04:00,4582.10009765625,4582.10009765625,4583.60009765625,4582.0,4582.2998046875,28
2026-08-20 20:01:00-04:00,4581.89990234375,4581.89990234375,4583.60009765625,4581.60009765625,4582.2001953125,44
2026-08-20 20:02:00-04:00,4582.5,4582.5,4583.7001953125,4581.2998046875,4581.5,40
2026-08-20 20:03:00-04:00,4580.2998046875,4580.2998046875,4582.89990234375,4580.0,4582.7001953125,47
2026-08-20 20:04:00-04:00,4578.7998046875,4578.7998046875,4580.0,4578.5,4580.0,25
2026-08-20 20:05:00-04:00,4577.39990234375,4577.39990234375,4579.2001953125,4577.10009765625,4579.10009765625,32
2026-08-20 20:06:00-04:00,4576.7001953125,4576.7001953125,4578.10009765625,4576.39990234375,4577.39990234375,27
2026-08-20 20:07:00-04:00,4577.7001953125,4577.7001953125,4579.39990234375,4576.7998046875,4577.39990234375,58
2026-08-20 20:08:00-04:00,4577.2001953125,4577.2001953125,4579.0,4577.2001953125,4579.0,13
2026-08-20 20:09:00-04:00,4576.39990234375,4576.39990234375,4576.89990234375,4576.0,4576.89990234375,38
2026-08-20 20:10:00-04:00,4579.10009765625,4579.10009765625,4579.5,4576.39990234375,4576.5,41
2026-08-20 20:11:00-04:00,4577.7001953125,4577.7001953125,4579.2001953125,4577.2001953125,4579.10009765625,27
2026-08-20 20:12:00-04:00,4576.2998046875,4576.2998046875,4578.2001953125,4576.2998046875,4577.39990234375,48
2026-08-20 20:13:00-04:00,4576.5,4576.5,4576.89990234375,4574.2998046875,4576.0,239
2026-08-20 20:14:00-04:00,4575.10009765625,4575.10009765625,4576.10009765625,4573.7998046875,4576.10009765625,94
2026-08-20 20:15:00-04:00,4573.2998046875,4573.2998046875,4575.2998046875,4573.2001953125,4574.89990234375,56
2026-08-20 20:16:00-04:00,4571.39990234375,4571.39990234375,4574.2998046875,4571.0,4573.89990234375,146
2026-08-20 20:17:00-04:00,4574.2001953125,4574.2001953125,4574.60009765625,4571.39990234375,4571.5,73
2026-08-20 20:18:00-04:00,4574.5,4574.5,4575.0,4573.7001953125,4574.10009765625,27
2026-08-20 20:19:00-04:00,4574.39990234375,4574.39990234375,4576.39990234375,4574.2998046875,4575.0,99
2026-08-20 20:20:00-04:00,4574.7998046875,4574.7998046875,4575.2998046875,4573.0,4574.2001953125,39
2026-08-20 20:21:00-04:00,4573.2001953125,4573.2001953125,4575.2001953125,4573.2001953125,4575.10009765625,47
2026-08-20 20:22:00-04:00,4574.39990234375,4574.39990234375,4575.10009765625,4573.2998046875,4573.39990234375,16
2026-08-20 20:23:00-04:00,4575.10009765625,4575.10009765625,4575.7001953125,4574.7998046875,4575.5,32
2026-08-20 20:24:00-04:00,4574.2998046875,4574.2998046875,4575.7001953125,4574.10009765625,4575.60009765625,25
2026-08-20 20:25:00-04:00,4576.7998046875,4576.7998046875,4576.89990234375,4573.89990234375,4575.0,37
2026-08-20 20:26:00-04:00,4577.2998046875,4577.2998046875,4577.39990234375,4576.60009765625,4576.7001953125,42
2026-08-20 20:27:00-04:00,4575.2998046875,4575.2998046875,4577.2998046875,4574.7001953125,4577.2998046875,87
2026-08-20 20:28:00-04:00,4575.5,4575.5,4575.7001953125,4574.60009765625,4574.7998046875,23
2026-08-20 20:29:00-04:00,4571.39990234375,4571.39990234375,4575.2998046875,4570.39990234375,4575.2998046875,110
2026-08-20 20:30:00-04:00,4571.0,4571.0,4572.10009765625,4570.10009765625,4571.89990234375,73
2026-08-20 20:31:00-04:00,4572.5,4572.5,4572.7001953125,4569.7998046875,4570.89990234375,86
2026-08-20 20:32:00-04:00,4571.2001953125,4571.2001953125,4573.89990234375,4571.0,4572.89990234375,57
2026-08-20 20:33:00-04:00,4572.2998046875,4572.2998046875,4572.5,4570.5,4570.89990234375,40
2026-08-20 20:34:00-04:00,4571.2001953125,4571.2001953125,4572.39990234375,4571.2001953125,4572.39990234375,21
2026-08-20 20:35:00-04:00,4571.89990234375,4571.89990234375,4572.5,4570.5,4571.10009765625,88
2026-08-20 20:36:00-04:00,4569.60009765625,4569.60009765625,4572.10009765625,4569.5,4572.10009765625,85
2026-08-20 20:37:00-04:00,4570.39990234375,4570.39990234375,4570.39990234375,4569.39990234375,4569.5,31
2026-08-20 20:38:00-04:00,4570.2001953125,4570.2001953125,4570.39990234375,4568.39990234375,4570.39990234375,130
2026-08-20 20:39:00-04:00,4569.39990234375,4569.39990234375,4570.7001953125,4569.39990234375,4570.10009765625,35
2026-08-20 20:40:00-04:00,4569.2998046875,4569.2998046875,4570.0,4569.2998046875,4569.7001953125,25
2026-08-20 20:41:00-04:00,4567.7998046875,4567.7998046875,4569.39990234375,4567.39990234375,4569.39990234375,108
2026-08-20 20:42:00-04:00,4568.0,4568.0,4568.2001953125,4567.60009765625,4568.0,36
2026-08-20 20:43:00-04:00,4569.0,4569.0,4569.0,4567.89990234375,4568.7998046875,39
2026-08-20 20:44:00-04:00,4570.39990234375,4570.39990234375,4571.39990234375,4568.60009765625,4569.0,72
2026-08-20 20:45:00-04:00,4570.10009765625,4570.10009765625,4570.89990234375,4569.39990234375,4570.7001953125,61
2026-08-20 20:46:00-04:00,4568.39990234375,4568.39990234375,4570.0,4568.10009765625,4570.0,21
2026-08-20 20:47:00-04:00,4567.2998046875,4567.2998046875,4568.39990234375,4566.7998046875,4568.2001953125,49
2026-08-20 20:48:00-04:00,4567.2001953125,4567.2001953125,4568.0,4566.7998046875,4567.2998046875,75
2026-08-20 20:49:00-04:00,4568.60009765625,4568.60009765625,4569.2998046875,4567.2998046875,4567.39990234375,45
2026-08-20 20:50:00-04:00,4568.2998046875,4568.2998046875,4568.60009765625,4568.10009765625,4568.39990234375,14
2026-08-20 20:51:00-04:00,4567.10009765625,4567.10009765625,4568.10009765625,4567.0,4568.10009765625,29
2026-08-20 20:52:00-04:00,4568.7001953125,4568.7001953125,4569.39990234375,4568.0,4568.0,35
2026-08-20 20:53:00-04:00,4567.10009765625,4567.10009765625,4568.5,4567.10009765625,4567.60009765625,43
2026-08-20 20:54:00-04:00,4568.10009765625,4568.10009765625,4568.2998046875,4567.60009765625,4568.0,14
2026-08-20 20:55:00-04:00,4567.7001953125,4567.7001953125,4568.39990234375,4567.0,4567.7998046875,16
2026-08-20 20:56:00-04:00,4567.10009765625,4567.10009765625,4567.7001953125,4566.89990234375,4567.2001953125,23
2026-08-20 20:57:00-04:00,4567.7998046875,4567.7998046875,4568.0,4566.7001953125,4567.2998046875,17
2026-08-20 20:58:00-04:00,4567.7998046875,4567.7998046875,4568.2001953125,4566.89990234375,4568.10009765625,34
2026-08-20 20:59:00-04:00,4567.2001953125,4567.2001953125,4568.0,4566.2998046875,4568.0,64
2026-08-20 21:00:00-04:00,4569.39990234375,4569.39990234375,4570.39990234375,4565.5,4567.2001953125,262
2026-08-20 21:01:00-04:00,4569.2998046875,4569.2998046875,4570.2001953125,4565.60009765625,4568.89990234375,118
2026-08-20 21:02:00-04:00,4572.7001953125,4572.7001953125,4573.5,4568.7998046875,4569.0,144
2026-08-20 21:03:00-04:00,4572.7998046875,4572.7998046875,4574.10009765625,4569.2998046875,4572.39990234375,210
2026-08-20 21:04:00-04:00,4569.60009765625,4569.60009765625,4573.7001953125,4569.60009765625,4573.0,97
2026-08-20 21:05:00-04:00,4570.5,4570.5,4571.89990234375,4568.89990234375,4570.0,92
2026-08-20 21:06:00-04:00,4572.2998046875,4572.2998046875,4573.0,4568.89990234375,4570.89990234375,151
2026-08-20 21:07:00-04:00,4571.7998046875,4571.7998046875,4572.60009765625,4569.7998046875,4572.2998046875,41
2026-08-20 21:08:00-04:00,4570.7001953125,4570.7001953125,4572.39990234375,4570.2001953125,4571.60009765625,29
2026-08-20 21:09:00-04:00,4570.39990234375,4570.39990234375,4572.2001953125,4569.2998046875,4570.39990234375,56
2026-08-20 21:10:00-04:00,4569.5,4569.5,4571.0,4569.0,4570.0,33
2026-08-20 21:11:00-04:00,4568.7998046875,4568.7998046875,4570.2001953125,4568.7998046875,4569.0,58
2026-08-20 21:12:00-04:00,4574.7001953125,4574.7001953125,4575.2998046875,4568.89990234375,4569.10009765625,145
2026-08-20 21:13:00-04:00,4575.7998046875,4575.7998046875,4576.89990234375,4574.5,4574.5,84
2026-08-20 21:14:00-04:00,4577.39990234375,4577.39990234375,4577.7001953125,4575.10009765625,4575.2998046875,149
2026-08-20 21:15:00-04:00,4580.2998046875,4580.2998046875,4580.7001953125,4577.0,4577.5,163
2026-08-20 21:16:00-04:00,4581.60009765625,4581.60009765625,4581.7001953125,4580.0,4580.7001953125,87
2026-08-20 21:17:00-04:00,4580.7001953125,4580.7001953125,4583.5,4580.7001953125,4581.89990234375,79
2026-08-20 21:18:00-04:00,4580.7998046875,4580.7998046875,4581.10009765625,4579.89990234375,4581.10009765625,52
2026-08-20 21:19:00-04:00,4580.89990234375,4580.89990234375,4581.60009765625,4579.5,4580.5,99
2026-08-20 21:20:00-04:00,4582.2001953125,4582.2001953125,4582.60009765625,4578.60009765625,4581.10009765625,201
2026-08-20 21:21:00-04:00,4581.60009765625,4581.60009765625,4584.2998046875,4581.60009765625,4582.39990234375,87
2026-08-20 21:22:00-04:00,4582.7001953125,4582.7001953125,4583.2001953125,4581.2998046875,4581.7001953125,44
2026-08-20 21:23:00-04:00,4584.2001953125,4584.2001953125,4584.7001953125,4582.10009765625,4582.5,60
2026-08-20 21:24:00-04:00,4583.10009765625,4583.10009765625,4586.5,4583.10009765625,4584.7001953125,111
2026-08-20 21:25:00-04:00,4583.0,4583.0,4584.5,4583.0,4583.2998046875,54
2026-08-20 21:26:00-04:00,4583.60009765625,4583.60009765625,4583.60009765625,4581.7998046875,4583.10009765625,67
2026-08-20 21:27:00-04:00,4586.60009765625,4586.60009765625,4587.2998046875,4583.89990234375,4584.0,75
2026-08-20 21:28:00-04:00,4587.0,4587.0,4587.0,4585.2001953125,4586.39990234375,71
2026-08-20 21:29:00-04:00,4586.39990234375,4586.39990234375,4587.2001953125,4586.10009765625,4586.89990234375,87
2026-08-20 21:30:00-04:00,4586.5,4586.5,4587.10009765625,4585.10009765625,4585.89990234375,117
2026-08-20 21:31:00-04:00,4589.10009765625,4589.10009765625,4591.0,4587.2001953125,4587.2001953125,332
2026-08-20 21:32:00-04:00,4591.7998046875,4591.7998046875,4592.10009765625,4588.7001953125,4589.2001953125,102
2026-08-20 21:33:00-04:00,4592.39990234375,4592.39990234375,4593.2998046875,4591.5,4591.7001953125,196
2026-08-20 21:34:00-04:00,4594.0,4594.0,4596.7001953125,4592.0,4592.10009765625,543
2026-08-20 21:35:00-04:00,4597.7001953125,4597.7001953125,4600.2998046875,4593.10009765625,4594.10009765625,583
2026-08-20 21:36:00-04:00,4591.7998046875,4591.7998046875,4597.7998046875,4591.2001953125,4597.7998046875,309
2026-08-20 21:37:00-04:00,4591.2998046875,4591.2998046875,4592.7998046875,4590.7998046875,4591.60009765625,144
2026-08-20 21:38:00-04:00,4587.10009765625,4587.10009765625,4591.2001953125,4586.0,4591.2001953125,237
2026-08-20 21:39:00-04:00,4584.7001953125,4584.7001953125,4587.60009765625,4583.0,4586.89990234375,209
2026-08-20 21:40:00-04:00,4581.2001953125,4581.2001953125,4585.39990234375,4581.0,4585.2998046875,154
2026-08-20 21:41:00-04:00,4583.0,4583.0,4583.0,4579.7998046875,4581.39990234375,142
2026-08-20 21:42:00-04:00,4582.0,4582.0,4583.10009765625,4581.2998046875,4583.0,49
2026-08-20 21:43:00-04:00,4582.0,4582.0,4582.7998046875,4581.2001953125,4582.60009765625,41
2026-08-20 21:44:00-04:00,4582.39990234375,4582.39990234375,4583.89990234375,4581.89990234375,4581.89990234375,47
2026-08-20 21:45:00-04:00,4583.2998046875,4583.2998046875,4583.5,4582.2001953125,4582.60009765625,26
2026-08-20 21:46:00-04:00,4584.5,4584.5,4584.7001953125,4582.7001953125,4583.39990234375,77
2026-08-20 21:47:00-04:00,4587.5,4587.5,4587.7998046875,4584.5,4584.60009765625,115
2026-08-20 21:48:00-04:00,4588.39990234375,4588.39990234375,4588.7001953125,4586.2998046875,4587.39990234375,72
2026-08-20 21:49:00-04:00,4587.7001953125,4587.7001953125,4589.60009765625,4586.7998046875,4588.2001953125,152
2026-08-20 21:50:00-04:00,4584.2001953125,4584.2001953125,4588.7001953125,4583.60009765625,4587.7998046875,127
2026-08-20 21:51:00-04:00,4581.7998046875,4581.7998046875,4585.39990234375,4581.7998046875,4584.60009765625,33
2026-08-20 21:52:00-04:00,4583.2001953125,4583.2001953125,4583.5,4581.7998046875,4582.2001953125,71
2026-08-20 21:53:00-04:00,4583.5,4583.5,4584.2998046875,4583.0,4583.60009765625,38
2026-08-20 21:54:00-04:00,4582.39990234375,4582.39990234375,4583.2998046875,4582.2001953125,4583.0,41
2026-08-20 21:55:00-04:00,4583.2998046875,4583.2998046875,4583.7998046875,4582.2998046875,4582.39990234375,21
2026-08-20 21:56:00-04:00,4583.7998046875,4583.7998046875,4584.60009765625,4583.2001953125,4583.39990234375,39
2026-08-20 21:57:00-04:00,4586.0,4586.0,4586.2001953125,4583.7001953125,4584.0,53
2026-08-20 21:58:00-04:00,4585.7001953125,4585.7001953125,4586.5,4585.60009765625,4585.7998046875,22
2026-08-20 21:59:00-04:00,4587.0,4587.0,4587.10009765625,4585.5,4585.7001953125,43
2026-08-20 22:00:00-04:00,4586.39990234375,4586.39990234375,4587.39990234375,4585.39990234375,4586.7998046875,53
2026-08-20 22:01:00-04:00,4584.89990234375,4584.89990234375,4587.5,4584.89990234375,4586.60009765625,136
2026-08-20 22:02:00-04:00,4583.10009765625,4583.10009765625,4586.39990234375,4582.7001953125,4585.0,170
2026-08-20 22:03:00-04:00,4581.2998046875,4581.2998046875,4583.39990234375,4580.7998046875,4582.7001953125,313
2026-08-20 22:04:00-04:00,4578.39990234375,4578.39990234375,4582.7001953125,4577.60009765625,4581.5,287
2026-08-20 22:05:00-04:00,4577.7998046875,4577.7998046875,4579.10009765625,4577.5,4578.7998046875,216
2026-08-20 22:06:00-04:00,4580.39990234375,4580.39990234375,4580.5,4576.7998046875,4577.60009765625,90
2026-08-20 22:07:00-04:00,4578.5,4578.5,4580.39990234375,4577.2998046875,4580.39990234375,166
2026-08-20 22:08:00-04:00,4579.60009765625,4579.60009765625,4579.7998046875,4578.7998046875,4578.7998046875,25
2026-08-20 22:09:00-04:00,4579.0,4579.0,4581.2998046875,4578.39990234375,4579.7998046875,171
2026-08-20 22:10:00-04:00,4576.5,4576.5,4579.5,4576.0,4578.7998046875,203
2026-08-20 22:11:00-04:00,4576.7998046875,4576.7998046875,4577.2001953125,4575.7001953125,4576.2998046875,87
2026-08-20 22:12:00-04:00,4574.0,4574.0,4577.7001953125,4574.0,4577.10009765625,289
2026-08-20 22:13:00-04:00,4577.89990234375,4577.89990234375,4578.0,4574.2001953125,4574.2001953125,59
2026-08-20 22:14:00-04:00,4576.2998046875,4576.2998046875,4578.0,4576.2001953125,4577.89990234375,31
2026-08-20 22:15:00-04:00,4577.2001953125,4577.2001953125,4577.7998046875,4576.39990234375,4577.2001953125,21
2026-08-20 22:16:00-04:00,4578.0,4578.0,4578.0,4576.5,4576.60009765625,52
2026-08-20 22:17:00-04:00,4577.60009765625,4577.60009765625,4578.2998046875,4576.7001953125,4577.89990234375,54
2026-08-20 22:18:00-04:00,4577.2001953125,4577.2001953125,4577.89990234375,4576.10009765625,4577.7001953125,66
2026-08-20 22:19:00-04:00,4578.2001953125,4578.2001953125,4578.2998046875,4577.2001953125,4577.2998046875,50
2026-08-20 22:20:00-04:00,4579.10009765625,4579.10009765625,4579.10009765625,4578.0,4578.5,50
2026-08-20 22:21:00-04:00,4579.0,4579.0,4579.10009765625,4578.10009765625,4578.5,20
2026-08-20 22:22:00-04:00,4580.5,4580.5,4580.60009765625,4578.7998046875,4579.2001953125,32
2026-08-20 22:23:00-04:00,4582.7001953125,4582.7001953125,4583.0,4580.60009765625,4580.60009765625,79
2026-08-20 22:24:00-04:00,4583.2001953125,4583.2001953125,4583.2998046875,4582.60009765625,4582.60009765625,42
2026-08-20 22:25:00-04:00,4584.89990234375,4584.89990234375,4585.2998046875,4583.2001953125,4583.2001953125,103
2026-08-20 22:26:00-04:00,4585.0,4585.0,4585.0,4584.2001953125,4584.7998046875,24
2026-08-20 22:27:00-04:00,4583.7998046875,4583.7998046875,4585.2001953125,4583.7001953125,4585.2001953125,56
2026-08-20 22:28:00-04:00,4582.7998046875,4582.7998046875,4583.7998046875,4582.7001953125,4583.7998046875,30
2026-08-20 22:29:00-04:00,4583.2998046875,4583.2998046875,4583.2998046875,4582.0,4582.7001953125,25
2026-08-20 22:30:00-04:00,4583.7998046875,4583.7998046875,4585.89990234375,4581.2998046875,4583.89990234375,262
2026-08-20 22:31:00-04:00,4585.7998046875,4585.7998046875,4586.7001953125,4583.7001953125,4583.7001953125,93
2026-08-20 22:32:00-04:00,4584.0,4584.0,4586.7001953125,4583.60009765625,4585.7001953125,75
2026-08-20 22:33:00-04:00,4581.39990234375,4581.39990234375,4583.7001953125,4581.39990234375,4583.7001953125,58
2026-08-20 22:34:00-04:00,4582.2998046875,4582.2998046875,4582.89990234375,4581.60009765625,4581.60009765625,46
2026-08-20 22:35:00-04:00,4583.7998046875,4583.7998046875,4584.60009765625,4582.5,4582.5,55
2026-08-20 22:36:00-04:00,4582.60009765625,4582.60009765625,4584.5,4582.60009765625,4584.2001953125,26
2026-08-20 22:37:00-04:00,4583.5,4583.5,4584.10009765625,4582.5,4582.60009765625,24
2026-08-20 22:38:00-04:00,4585.7001953125,4585.7001953125,4585.7998046875,4583.5,4583.7001953125,20
2026-08-20 22:39:00-04:00,4587.39990234375,4587.39990234375,4588.0,4585.60009765625,4585.60009765625,91
2026-08-20 22:40:00-04:00,4588.89990234375,4588.89990234375,4589.60009765625,4587.0,4587.5,120
2026-08-20 22:41:00-04:00,4590.2001953125,4590.2001953125,4590.2001953125,4588.10009765625,4589.0,40
2026-08-20 22:42:00-04:00,4590.2998046875,4590.2998046875,4590.7998046875,4589.10009765625,4590.5,35
2026-08-20 22:43:00-04:00,4591.89990234375,4591.89990234375,4592.0,4590.10009765625,4590.39990234375,49
2026-08-20 22:44:00-04:00,4593.7001953125,4593.7001953125,4594.0,4591.0,4591.7998046875,134
2026-08-20 22:45:00-04:00,4592.60009765625,4592.60009765625,4595.60009765625,4591.0,4594.10009765625,243
2026-08-20 22:46:00-04:00,4592.2001953125,4592.2001953125,4593.60009765625,4592.0,4592.7998046875,52
2026-08-20 22:47:00-04:00,4592.60009765625,4592.60009765625,4593.0,4591.89990234375,4592.10009765625,35
2026-08-20 22:48:00-04:00,4594.0,4594.0,4594.7001953125,4592.7998046875,4592.7998046875,54
2026-08-20 22:49:00-04:00,4595.2001953125,4595.2001953125,4595.7001953125,4593.5,4593.60009765625,85
2026-08-20 22:50:00-04:00,4593.10009765625,4593.10009765625,4595.10009765625,4593.10009765625,4595.10009765625,77
2026-08-20 22:51:00-04:00,4594.89990234375,4594.89990234375,4595.0,4590.7001953125,4593.5,162
2026-08-20 22:52:00-04:00,4597.7001953125,4597.7001953125,4599.2001953125,4595.10009765625,4595.10009765625,219
2026-08-20 22:53:00-04:00,4595.7001953125,4595.7001953125,4597.7001953125,4595.39990234375,4597.7001953125,78
2026-08-20 22:54:00-04:00,4597.10009765625,4597.10009765625,4597.2001953125,4595.39990234375,4595.7001953125,46
2026-08-20 22:55:00-04:00,4595.39990234375,4595.39990234375,4597.5,4594.89990234375,4597.2001953125,65
2026-08-20 22:56:00-04:00,4593.7998046875,4593.7998046875,4595.5,4593.7001953125,4595.5,43
2026-08-20 22:57:00-04:00,4593.60009765625,4593.60009765625,4595.2001953125,4593.60009765625,4594.2998046875,30
2026-08-20 22:58:00-04:00,4590.39990234375,4590.39990234375,4593.60009765625,4590.39990234375,4593.5,115
2026-08-20 22:59:00-04:00,4590.0,4590.0,4591.0,4588.7001953125,4590.39990234375,128
2026-08-20 23:00:00-04:00,4589.7001953125,4589.7001953125,4591.7001953125,4589.2998046875,4590.0,47
2026-08-20 23:01:00-04:00,4590.5,4590.5,4591.7001953125,4590.39990234375,4590.7001953125,17
2026-08-20 23:02:00-04:00,4592.7001953125,4592.7001953125,4594.10009765625,4590.39990234375,4590.39990234375,66
2026-08-20 23:03:00-04:00,4592.60009765625,4592.60009765625,4594.7001953125,4592.2001953125,4593.10009765625,128
2026-08-20 23:04:00-04:00,4589.5,4589.5,4592.5,4589.2998046875,4592.5,78
2026-08-20 23:05:00-04:00,4590.10009765625,4590.10009765625,4591.0,4590.0,4590.0,18
2026-08-20 23:06:00-04:00,4589.7998046875,4589.7998046875,4590.0,4588.2001953125,4590.0,55
2026-08-20 23:07:00-04:00,4590.39990234375,4590.39990234375,4591.2001953125,4590.0,4590.0,39
2026-08-20 23:08:00-04:00,4591.2001953125,4591.2001953125,4591.2998046875,4589.10009765625,4590.0,15
2026-08-20 23:09:00-04:00,4590.89990234375,4590.89990234375,4592.0,4590.7998046875,4592.0,12
2026-08-20 23:10:00-04:00,4591.39990234375,4591.39990234375,4591.39990234375,4590.0,4590.7001953125,16
2026-08-20 23:11:00-04:00,4592.60009765625,4592.60009765625,4593.0,4591.5,4591.5,10
2026-08-20 23:12:00-04:00,4592.10009765625,4592.10009765625,4592.2998046875,4591.60009765625,4591.60009765625,13
2026-08-20 23:13:00-04:00,4591.0,4591.0,4592.0,4590.5,4591.60009765625,44
2026-08-20 23:14:00-04:00,4588.89990234375,4588.89990234375,4591.0,4588.60009765625,4590.89990234375,66
2026-08-20 23:15:00-04:00,4589.5,4589.5,4589.5,4588.2001953125,4588.89990234375,67
2026-08-20 23:16:00-04:00,4590.39990234375,4590.39990234375,4590.39990234375,4589.2998046875,4589.7001953125,26
2026-08-20 23:17:00-04:00,4589.2998046875,4589.2998046875,4590.10009765625,4588.89990234375,4590.10009765625,26
2026-08-20 23:18:00-04:00,4590.2998046875,4590.2998046875,4591.10009765625,4589.2001953125,4589.2001953125,24
2026-08-20 23:19:00-04:00,4589.2001953125,4589.2001953125,4591.0,4588.60009765625,4590.2998046875,61
2026-08-20 23:20:00-04:00,4590.39990234375,4590.39990234375,4590.7001953125,4589.10009765625,4589.10009765625,17
2026-08-20 23:21:00-04:00,4589.7001953125,4589.7001953125,4590.2998046875,4589.7001953125,4590.2998046875,15
2026-08-20 23:22:00-04:00,4590.0,4590.0,4590.5,4589.10009765625,4589.7001953125,13
2026-08-20 23:23:00-04:00,4589.89990234375,4589.89990234375,4590.5,4589.7998046875,4590.2001953125,19
2026-08-20 23:24:00-04:00,4590.0,4590.0,4591.2001953125,4589.7001953125,4590.0,82
2026-08-20 23:25:00-04:00,4589.89990234375,4589.89990234375,4590.7998046875,4589.10009765625,4590.0,22
2026-08-20 23:26:00-04:00,4589.2001953125,4589.2001953125,4590.0,4588.7001953125,4589.89990234375,37
2026-08-20 23:27:00-04:00,4588.39990234375,4588.39990234375,4588.7001953125,4587.60009765625,4588.7001953125,49
2026-08-20 23:28:00-04:00,4587.7001953125,4587.7001953125,4588.60009765625,4587.10009765625,4587.89990234375,63
2026-08-20 23:29:00-04:00,4585.89990234375,4585.89990234375,4587.7998046875,4585.7001953125,4587.5,63
2026-08-20 23:30:00-04:00,4586.0,4586.0,4587.2001953125,4585.39990234375,4585.89990234375,60
2026-08-20 23:31:00-04:00,4587.89990234375,4587.89990234375,4589.10009765625,4586.2998046875,4586.2998046875,105
2026-08-20 23:32:00-04:00,4591.2001953125,4591.2001953125,4591.7998046875,4588.0,4588.0,79
2026-08-20 23:33:00-04:00,4590.2998046875,4590.2998046875,4591.2998046875,4590.2998046875,4591.2998046875,16
2026-08-20 23:34:00-04:00,4591.60009765625,4591.60009765625,4591.7998046875,4590.39990234375,4590.39990234375,52
2026-08-20 23:35:00-04:00,4589.10009765625,4589.10009765625,4591.5,4589.10009765625,4591.5,46
2026-08-20 23:36:00-04:00,4587.0,4587.0,4588.7001953125,4586.89990234375,4588.7001953125,43
2026-08-20 23:37:00-04:00,4587.39990234375,4587.39990234375,4587.5,4586.5,4587.5,13
2026-08-20 23:38:00-04:00,4587.0,4587.0,4588.0,4585.5,4587.7001953125,40
2026-08-20 23:39:00-04:00,4585.2998046875,4585.2998046875,4586.89990234375,4585.10009765625,4586.89990234375,59
2026-08-20 23:40:00-04:00,4584.5,4584.5,4585.39990234375,4583.2998046875,4585.0,76
2026-08-20 23:41:00-04:00,4583.89990234375,4583.89990234375,4584.7001953125,4582.60009765625,4584.7001953125,100
2026-08-20 23:42:00-04:00,4584.39990234375,4584.39990234375,4585.10009765625,4583.39990234375,4584.0,58
2026-08-20 23:43:00-04:00,4584.7998046875,4584.7998046875,4585.10009765625,4584.5,4584.60009765625,10
2026-08-20 23:44:00-04:00,4585.0,4585.0,4585.2998046875,4584.7001953125,4585.2998046875,13
2026-08-20 23:45:00-04:00,4584.39990234375,4584.39990234375,4585.39990234375,4584.2001953125,4585.2001953125,12
2026-08-20 23:46:00-04:00,4586.2001953125,4586.2001953125,4586.7001953125,4584.2998046875,4584.5,132
2026-08-20 23:47:00-04:00,4586.7001953125,4586.7001953125,4587.2001953125,4585.7001953125,4586.0,80
2026-08-20 23:48:00-04:00,4589.2001953125,4589.2001953125,4589.7998046875,4586.2001953125,4587.0,96
2026-08-20 23:49:00-04:00,4587.39990234375,4587.39990234375,4588.7998046875,4587.2998046875,4588.7998046875,21
2026-08-20 23:50:00-04:00,4587.5,4587.5,4588.0,4587.5,4587.7001953125,6
2026-08-20 23:51:00-04:00,4589.2001953125,4589.2001953125,4589.2001953125,4588.10009765625,4588.2001953125,22
2026-08-20 23:52:00-04:00,4587.7998046875,4587.7998046875,4589.2001953125,4587.7998046875,4588.7001953125,24
2026-08-20 23:53:00-04:00,4588.39990234375,4588.39990234375,4588.39990234375,4586.89990234375,4587.5,12
2026-08-20 23:54:00-04:00,4589.2998046875,4589.2998046875,4589.2998046875,4588.5,4588.5,14
2026-08-20 23:55:00-04:00,4589.60009765625,4589.60009765625,4589.89990234375,4589.0,4589.0,18
2026-08-20 23:56:00-04:00,4589.0,4589.0,4589.2998046875,4589.0,4589.2998046875,3
2026-08-20 23:57:00-04:00,4589.0,4589.0,4589.60009765625,4588.2998046875,4588.7001953125,16
2026-08-20 23:58:00-04:00,4590.89990234375,4590.89990234375,4590.89990234375,4589.10009765625,4589.2001953125,31
2026-08-21 00:00:00-04:00,4592.60009765625,4592.60009765625,4592.7001953125,4591.2001953125,4591.5,76
2026-08-21 00:01:00-04:00,4593.0,4593.0,4593.60009765625,4592.7001953125,4592.89990234375,37
2026-08-21 00:02:00-04:00,4594.10009765625,4594.10009765625,4594.7998046875,4593.0,4593.0,75
2026-08-21 00:03:00-04:00,4593.39990234375,4593.39990234375,4595.5,4593.2998046875,4594.10009765625,117
2026-08-21 00:04:00-04:00,4594.7001953125,4594.7001953125,4595.0,4593.60009765625,4593.7998046875,28
2026-08-21 00:05:00-04:00,4594.89990234375,4594.89990234375,4595.0,4593.7001953125,4594.5,42
2026-08-21 00:06:00-04:00,4593.0,4593.0,4595.5,4592.60009765625,4595.0,92
2026-08-21 00:07:00-04:00,4592.60009765625,4592.60009765625,4593.60009765625,4592.5,4593.10009765625,36
2026-08-21 00:08:00-04:00,4593.0,4593.0,4593.0,4592.10009765625,4592.2998046875,15
2026-08-21 00:09:00-04:00,4594.2001953125,4594.2001953125,4594.89990234375,4593.10009765625,4593.2001953125,47
2026-08-21 00:10:00-04:00,4595.2001953125,4595.2001953125,4596.2001953125,4594.39990234375,4594.5,38
2026-08-21 00:11:00-04:00,4594.0,4594.0,4595.2998046875,4594.0,4595.2001953125,50
2026-08-21 00:12:00-04:00,4594.10009765625,4594.10009765625,4594.10009765625,4593.39990234375,4593.7998046875,15
2026-08-21 00:13:00-04:00,4596.0,4596.0,4596.39990234375,4594.5,4594.5,30
2026-08-21 00:14:00-04:00,4596.60009765625,4596.60009765625,4598.5,4595.7001953125,4596.39990234375,242
2026-08-21 00:15:00-04:00,4594.89990234375,4594.89990234375,4597.0,4594.10009765625,4596.39990234375,79
2026-08-21 00:16:00-04:00,4594.5,4594.5,4595.2001953125,4594.0,4594.89990234375,39
2026-08-21 00:17:00-04:00,4595.10009765625,4595.10009765625,4595.39990234375,4594.2001953125,4594.60009765625,30
2026-08-21 00:18:00-04:00,4596.7998046875,4596.7998046875,4596.89990234375,4594.39990234375,4594.89990234375,50
2026-08-21 00:19:00-04:00,4597.2998046875,4597.2998046875,4597.2998046875,4596.5,4596.5,32
2026-08-21 00:20:00-04:00,4599.10009765625,4599.10009765625,4599.2998046875,4597.2998046875,4597.2998046875,78
2026-08-21 00:21:00-04:00,4599.7998046875,4599.7998046875,4602.39990234375,4598.39990234375,4598.7998046875,442
2026-08-21 00:22:00-04:00,4599.2998046875,4599.2998046875,4600.0,4597.7998046875,4599.7998046875,133
2026-08-21 00:23:00-04:00,4600.2001953125,4600.2001953125,4600.2001953125,4598.60009765625,4599.10009765625,86
2026-08-21 00:24:00-04:00,4599.60009765625,4599.60009765625,4600.2998046875,4599.0,4600.0,81
2026-08-21 00:25:00-04:00,4600.39990234375,4600.39990234375,4600.5,4598.89990234375,4599.5,50
2026-08-21 00:26:00-04:00,4602.0,4602.0,4602.0,4600.39990234375,4600.39990234375,79
2026-08-21 00:27:00-04:00,4602.7001953125,4602.7001953125,4603.39990234375,4601.7998046875,4601.7998046875,218
2026-08-21 00:28:00-04:00,4603.2998046875,4603.2998046875,4603.89990234375,4601.89990234375,4602.60009765625,171
2026-08-21 00:29:00-04:00,4603.2001953125,4603.2001953125,4603.7998046875,4601.2998046875,4602.89990234375,116
2026-08-21 00:30:00-04:00,4603.60009765625,4603.60009765625,4604.0,4601.7001953125,4603.39990234375,267
2026-08-21 00:31:00-04:00,4603.5,4603.5,4604.0,4603.2001953125,4603.5,55
2026-08-21 00:32:00-04:00,4600.89990234375,4600.89990234375,4604.39990234375,4600.60009765625,4603.39990234375,157
2026-08-21 00:33:00-04:00,4600.39990234375,4600.39990234375,4601.2998046875,4599.7001953125,4600.2001953125,104
2026-08-21 00:34:00-04:00,4600.39990234375,4600.39990234375,4601.60009765625,4600.10009765625,4600.2001953125,151
2026-08-21 00:35:00-04:00,4600.39990234375,4600.39990234375,4601.2001953125,4599.89990234375,4601.0,37
2026-08-21 00:36:00-04:00,4599.2998046875,4599.2998046875,4600.2998046875,4598.89990234375,4600.2998046875,31
2026-08-21 00:37:00-04:00,4599.2998046875,4599.2998046875,4599.39990234375,4598.7998046875,4599.2001953125,26
2026-08-21 00:38:00-04:00,4598.2001953125,4598.2001953125,4599.5,4597.10009765625,4599.2001953125,111
2026-08-21 00:39:00-04:00,4598.2001953125,4598.2001953125,4599.10009765625,4598.2001953125,4598.2001953125,23
2026-08-21 00:40:00-04:00,4598.89990234375,4598.89990234375,4599.60009765625,4598.10009765625,4598.10009765625,33
2026-08-21 00:41:00-04:00,4597.60009765625,4597.60009765625,4598.89990234375,4597.39990234375,4598.89990234375,26
2026-08-21 00:42:00-04:00,4597.60009765625,4597.60009765625,4597.60009765625,4597.0,4597.5,17
2026-08-21 00:43:00-04:00,4597.7998046875,4597.7998046875,4598.7001953125,4597.60009765625,4597.60009765625,58
2026-08-21 00:44:00-04:00,4598.10009765625,4598.10009765625,4598.10009765625,4597.2998046875,4598.0,25
2026-08-21 00:45:00-04:00,4596.60009765625,4596.60009765625,4598.10009765625,4596.60009765625,4598.0,18
2026-08-21 00:46:00-04:00,4598.0,4598.0,4598.0,4596.7998046875,4597.10009765625,13
2026-08-21 00:47:00-04:00,4597.7998046875,4597.7998046875,4597.7998046875,4597.39990234375,4597.5,10
2026-08-21 00:48:00-04:00,4598.2001953125,4598.2001953125,4598.5,4596.89990234375,4597.39990234375,20
2026-08-21 00:49:00-04:00,4597.2998046875,4597.2998046875,4598.2998046875,4596.89990234375,4598.2001953125,21
2026-08-21 00:50:00-04:00,4597.5,4597.5,4598.0,4597.5,4597.60009765625,9
2026-08-21 00:51:00-04:00,4598.0,4598.0,4598.0,4597.5,4597.5,6
2026-08-21 00:52:00-04:00,4598.2998046875,4598.2998046875,4598.2998046875,4597.2998046875,4598.0,28
2026-08-21 00:53:00-04:00,4598.2001953125,4598.2001953125,4598.7001953125,4597.60009765625,4598.60009765625,13
2026-08-21 00:54:00-04:00,4597.60009765625,4597.60009765625,4598.10009765625,4597.2001953125,4598.10009765625,12
2026-08-21 00:55:00-04:00,4597.7001953125,4597.7001953125,4597.7998046875,4597.2998046875,4597.5,9
2026-08-21 00:56:00-04:00,4597.39990234375,4597.39990234375,4597.7998046875,4597.39990234375,4597.60009765625,9
2026-08-21 00:57:00-04:00,4597.0,4597.0,4598.5,4597.0,4597.89990234375,50
2026-08-21 00:58:00-04:00,4597.60009765625,4597.60009765625,4597.60009765625,4596.89990234375,4597.0,14
2026-08-21 00:59:00-04:00,4596.7998046875,4596.7998046875,4597.60009765625,4596.2998046875,4597.60009765625,13
2026-08-21 01:00:00-04:00,4596.2001953125,4596.2001953125,4596.89990234375,4596.10009765625,4596.39990234375,32
2026-08-21 01:01:00-04:00,4594.10009765625,4594.10009765625,4595.7001953125,4593.7998046875,4595.7001953125,136
2026-08-21 01:02:00-04:00,4593.60009765625,4593.60009765625,4594.10009765625,4593.0,4594.10009765625,33
2026-08-21 01:03:00-04:00,4594.10009765625,4594.10009765625,4594.39990234375,4593.2998046875,4593.5,37
2026-08-21 01:04:00-04:00,4594.10009765625,4594.10009765625,4594.39990234375,4593.89990234375,4594.10009765625,24
2026-08-21 01:05:00-04:00,4595.60009765625,4595.60009765625,4595.89990234375,4594.10009765625,4594.2001953125,137
2026-08-21 01:06:00-04:00,4595.2998046875,4595.2998046875,4596.10009765625,4595.10009765625,4595.60009765625,36
2026-08-21 01:07:00-04:00,4593.2001953125,4593.2001953125,4595.2001953125,4593.0,4595.2001953125,39
2026-08-21 01:08:00-04:00,4592.60009765625,4592.60009765625,4593.2001953125,4591.2001953125,4593.10009765625,172
2026-08-21 01:09:00-04:00,4592.7998046875,4592.7998046875,4593.2998046875,4592.60009765625,4592.7001953125,28
2026-08-21 01:10:00-04:00,4592.10009765625,4592.10009765625,4593.2998046875,4590.89990234375,4593.2998046875,129
2026-08-21 01:11:00-04:00,4591.5,4591.5,4593.0,4591.5,4592.2001953125,176
2026-08-21 01:12:00-04:00,4591.5,4591.5,4592.60009765625,4591.5,4591.89990234375,25
2026-08-21 01:13:00-04:00,4591.89990234375,4591.89990234375,4592.7001953125,4591.60009765625,4591.60009765625,16
2026-08-21 01:14:00-04:00,4593.60009765625,4593.60009765625,4594.0,4592.10009765625,4592.39990234375,48
2026-08-21 01:15:00-04:00,4592.10009765625,4592.10009765625,4595.0,4592.10009765625,4593.7001953125,89
2026-08-21 01:16:00-04:00,4590.7998046875,4590.7998046875,4592.10009765625,4590.5,4591.7998046875,138
2026-08-21 01:17:00-04:00,4589.7998046875,4589.7998046875,4590.60009765625,4587.0,4590.60009765625,334
2026-08-21 01:18:00-04:00,4589.89990234375,4589.89990234375,4590.39990234375,4588.60009765625,4590.10009765625,116
2026-08-21 01:19:00-04:00,4590.0,4590.0,4591.10009765625,4589.5,4590.5,72
2026-08-21 01:20:00-04:00,4590.2001953125,4590.2001953125,4590.5,4589.2001953125,4590.2998046875,34
2026-08-21 01:21:00-04:00,4589.39990234375,4589.39990234375,4590.10009765625,4589.0,4589.89990234375,23
2026-08-21 01:22:00-04:00,4590.2998046875,4590.2998046875,4590.60009765625,4589.89990234375,4590.0,32
2026-08-21 01:23:00-04:00,4590.7998046875,4590.7998046875,4590.7998046875,4590.0,4590.2998046875,21
2026-08-21 01:24:00-04:00,4590.10009765625,4590.10009765625,4591.0,4589.89990234375,4590.7998046875,27
2026-08-21 01:25:00-04:00,4590.2001953125,4590.2001953125,4590.5,4589.7998046875,4590.2998046875,17
2026-08-21 01:26:00-04:00,4587.7001953125,4587.7001953125,4590.10009765625,4587.60009765625,4590.10009765625,46
2026-08-21 01:27:00-04:00,4586.7001953125,4586.7001953125,4588.39990234375,4586.7001953125,4587.2001953125,71
2026-08-21 01:28:00-04:00,4587.2001953125,4587.2001953125,4588.10009765625,4587.0,4587.2998046875,55
2026-08-21 01:29:00-04:00,4586.7001953125,4586.7001953125,4587.7001953125,4586.7001953125,4587.0,15
2026-08-21 01:30:00-04:00,4589.0,4589.0,4590.89990234375,4585.39990234375,4586.5,204
2026-08-21 01:31:00-04:00,4588.7998046875,4588.7998046875,4589.7001953125,4587.5,4589.0,51
2026-08-21 01:32:00-04:00,4591.89990234375,4591.89990234375,4592.0,4588.89990234375,4588.89990234375,55
2026-08-21 01:33:00-04:00,4594.39990234375,4594.39990234375,4594.5,4591.7001953125,4591.7001953125,85
2026-08-21 01:34:00-04:00,4594.39990234375,4594.39990234375,4594.39990234375,4592.7998046875,4594.2001953125,65
2026-08-21 01:35:00-04:00,4596.60009765625,4596.60009765625,4596.60009765625,4593.7998046875,4594.5,75
2026-08-21 01:36:00-04:00,4596.5,4596.5,4597.0,4595.60009765625,4596.60009765625,64
2026-08-21 01:37:00-04:00,4594.2998046875,4594.2998046875,4596.60009765625,4594.2998046875,4596.60009765625,53
2026-08-21 01:38:00-04:00,4595.2001953125,4595.2001953125,4595.60009765625,4593.7998046875,4594.2001953125,60
2026-08-21 01:39:00-04:00,4592.39990234375,4592.39990234375,4595.89990234375,4591.7998046875,4595.39990234375,74
2026-08-21 01:40:00-04:00,4592.60009765625,4592.60009765625,4594.10009765625,4592.39990234375,4592.39990234375,49
2026-08-21 01:41:00-04:00,4593.10009765625,4593.10009765625,4593.10009765625,4592.2001953125,4592.2998046875,35
2026-08-21 01:42:00-04:00,4595.60009765625,4595.60009765625,4596.10009765625,4592.7998046875,4593.0,65
2026-08-21 01:43:00-04:00,4595.10009765625,4595.10009765625,4595.60009765625,4594.2001953125,4595.39990234375,43
2026-08-21 01:44:00-04:00,4599.5,4599.5,4599.7001953125,4595.0,4595.10009765625,192
2026-08-21 01:45:00-04:00,4598.89990234375,4598.89990234375,4599.60009765625,4598.0,4599.5,200
2026-08-21 01:46:00-04:00,4599.0,4599.0,4599.5,4597.7998046875,4598.5,156
2026-08-21 01:47:00-04:00,4599.2998046875,4599.2998046875,4599.60009765625,4598.60009765625,4599.10009765625,53
2026-08-21 01:48:00-04:00,4600.2998046875,4600.2998046875,4600.2998046875,4598.5,4599.2001953125,311
2026-08-21 01:49:00-04:00,4602.39990234375,4602.39990234375,4602.7998046875,4600.5,4600.5,152
2026-08-21 01:50:00-04:00,4601.5,4601.5,4602.89990234375,4599.2001953125,4602.2998046875,82
2026-08-21 01:51:00-04:00,4604.39990234375,4604.39990234375,4604.60009765625,4601.7998046875,4601.7998046875,177
2026-08-21 01:52:00-04:00,4605.10009765625,4605.10009765625,4605.39990234375,4603.7998046875,4604.39990234375,146
2026-08-21 01:53:00-04:00,4604.60009765625,4604.60009765625,4605.39990234375,4604.39990234375,4605.10009765625,75
2026-08-21 01:54:00-04:00,4604.0,4604.0,4604.7998046875,4603.0,4604.60009765625,157
2026-08-21 01:55:00-04:00,4607.89990234375,4607.89990234375,4608.7998046875,4604.0,4604.2998046875,426
2026-08-21 01:56:00-04:00,4608.7001953125,4608.7001953125,4609.7001953125,4607.7998046875,4608.2001953125,144
2026-08-21 01:57:00-04:00,4609.2998046875,4609.2998046875,4609.60009765625,4608.2998046875,4608.5,107
2026-08-21 01:58:00-04:00,4611.2001953125,4611.2001953125,4611.89990234375,4609.5,4609.5,226
2026-08-21 01:59:00-04:00,4610.10009765625,4610.10009765625,4612.39990234375,4609.7001953125,4611.2001953125,168
2026-08-21 02:00:00-04:00,4609.7001953125,4609.7001953125,4610.7998046875,4608.60009765625,4609.89990234375,196
2026-08-21 02:01:00-04:00,4608.89990234375,4608.89990234375,4611.5,4607.89990234375,4609.7998046875,116
2026-08-21 02:02:00-04:00,4604.39990234375,4604.39990234375,4609.0,4604.39990234375,4609.0,212
2026-08-21 02:03:00-04:00,4605.0,4605.0,4606.2001953125,4603.89990234375,4604.2001953125,169
2026-08-21 02:04:00-04:00,4605.7998046875,4605.7998046875,4606.0,4604.60009765625,4604.89990234375,72
2026-08-21 02:05:00-04:00,4606.7001953125,4606.7001953125,4607.60009765625,4605.0,4605.60009765625,91
2026-08-21 02:06:00-04:00,4606.39990234375,4606.39990234375,4608.0,4605.7998046875,4606.7998046875,76
2026-08-21 02:07:00-04:00,4603.89990234375,4603.89990234375,4606.89990234375,4603.7998046875,4606.60009765625,51
2026-08-21 02:08:00-04:00,4603.5,4603.5,4605.0,4603.2001953125,4603.7998046875,66
2026-08-21 02:09:00-04:00,4604.60009765625,4604.60009765625,4605.39990234375,4603.7001953125,4603.7001953125,28
2026-08-21 02:10:00-04:00,4604.2001953125,4604.2001953125,4605.2998046875,4603.7998046875,4604.60009765625,44
2026-08-21 02:11:00-04:00,4602.2001953125,4602.2001953125,4603.7998046875,4601.7998046875,4603.7001953125,105
2026-08-21 02:12:00-04:00,4603.7001953125,4603.7001953125,4604.2001953125,4602.0,4602.2001953125,79
2026-08-21 02:13:00-04:00,4604.39990234375,4604.39990234375,4604.7001953125,4602.7998046875,4603.60009765625,50
2026-08-21 02:14:00-04:00,4605.2001953125,4605.2001953125,4606.39990234375,4604.5,4604.5,63
2026-08-21 02:15:00-04:00,4608.2001953125,4608.2001953125,4610.0,4605.39990234375,4605.39990234375,270
2026-08-21 02:16:00-04:00,4611.60009765625,4611.60009765625,4611.60009765625,4607.7998046875,4607.7998046875,105
2026-08-21 02:17:00-04:00,4611.39990234375,4611.39990234375,4613.10009765625,4611.2001953125,4611.89990234375,143
2026-08-21 02:18:00-04:00,4610.7998046875,4610.7998046875,4611.7998046875,4610.2998046875,4611.39990234375,118
2026-08-21 02:19:00-04:00,4612.0,4612.0,4612.2998046875,4609.7998046875,4610.5,107
2026-08-21 02:20:00-04:00,4610.7998046875,4610.7998046875,4613.0,4610.7001953125,4612.10009765625,112
2026-08-21 02:21:00-04:00,4610.39990234375,4610.39990234375,4611.60009765625,4609.10009765625,4610.7998046875,96
2026-08-21 02:22:00-04:00,4609.0,4609.0,4610.10009765625,4608.39990234375,4610.10009765625,109
2026-08-21 02:23:00-04:00,4607.0,4607.0,4609.10009765625,4606.7001953125,4609.10009765625,114
2026-08-21 02:24:00-04:00,4606.89990234375,4606.89990234375,4607.7998046875,4606.39990234375,4607.0,70
2026-08-21 02:25:00-04:00,4608.89990234375,4608.89990234375,4609.2001953125,4606.39990234375,4607.0,52
2026-08-21 02:26:00-04:00,4611.39990234375,4611.39990234375,4611.5,4608.5,4608.89990234375,249
2026-08-21 02:27:00-04:00,4613.5,4613.5,4614.0,4611.2001953125,4611.7998046875,358
2026-08-21 02:28:00-04:00,4613.7998046875,4613.7998046875,4615.10009765625,4613.10009765625,4613.7998046875,644
2026-08-21 02:29:00-04:00,4612.2001953125,4612.2001953125,4614.10009765625,4612.0,4613.60009765625,149
2026-08-21 02:30:00-04:00,4612.89990234375,4612.89990234375,4613.5,4611.2998046875,4612.0,186
2026-08-21 02:31:00-04:00,4613.89990234375,4613.89990234375,4614.5,4612.7001953125,4612.7001953125,94
2026-08-21 02:32:00-04:00,4616.2998046875,4616.2998046875,4616.39990234375,4613.39990234375,4613.60009765625,224
2026-08-21 02:33:00-04:00,4618.5,4618.5,4619.0,4616.10009765625,4616.10009765625,175
2026-08-21 02:34:00-04:00,4618.2001953125,4618.2001953125,4620.39990234375,4618.0,4618.5,503
2026-08-21 02:35:00-04:00,4621.89990234375,4621.89990234375,4622.2001953125,4618.2001953125,4618.2001953125,456
2026-08-21 02:36:00-04:00,4621.5,4621.5,4622.10009765625,4621.0,4621.7998046875,115
2026-08-21 02:37:00-04:00,4622.2998046875,4622.2998046875,4622.7998046875,4621.10009765625,4621.2998046875,204
2026-08-21 02:38:00-04:00,4621.39990234375,4621.39990234375,4622.7998046875,4621.39990234375,4622.39990234375,96
2026-08-21 02:39:00-04:00,4621.7998046875,4621.7998046875,4622.7998046875,4621.5,4621.7998046875,108
2026-08-21 02:40:00-04:00,4617.60009765625,4617.60009765625,4621.7998046875,4617.39990234375,4621.60009765625,160
2026-08-21 02:41:00-04:00,4618.2998046875,4618.2998046875,4618.7001953125,4617.60009765625,4618.0,94
2026-08-21 02:42:00-04:00,4621.39990234375,4621.39990234375,4621.89990234375,4618.0,4618.2998046875,437
2026-08-21 02:43:00-04:00,4621.2001953125,4621.2001953125,4621.5,4620.60009765625,4621.2001953125,73
2026-08-21 02:44:00-04:00,4619.5,4619.5,4621.7998046875,4619.5,4620.7998046875,242
2026-08-21 02:45:00-04:00,4620.10009765625,4620.10009765625,4622.2998046875,4619.7001953125,4619.7001953125,336
2026-08-21 02:46:00-04:00,4620.60009765625,4620.60009765625,4620.7998046875,4620.0,4620.10009765625,132
2026-08-21 02:47:00-04:00,4620.5,4620.5,4621.2998046875,4620.39990234375,4620.5,51
2026-08-21 02:48:00-04:00,4623.2001953125,4623.2001953125,4623.2001953125,4620.2001953125,4620.5,144
2026-08-21 02:49:00-04:00,4624.5,4624.5,4624.7001953125,4623.0,4623.10009765625,143
2026-08-21 02:50:00-04:00,4623.60009765625,4623.60009765625,4624.5,4623.2001953125,4624.2998046875,85
2026-08-21 02:51:00-04:00,4622.89990234375,4622.89990234375,4624.0,4622.5,4624.0,120
2026-08-21 02:52:00-04:00,4623.39990234375,4623.39990234375,4624.10009765625,4622.7001953125,4623.2001953125,55
2026-08-21 02:53:00-04:00,4622.0,4622.0,4623.0,4621.60009765625,4623.0,148
2026-08-21 02:54:00-04:00,4621.5,4621.5,4622.7001953125,4621.2998046875,4621.89990234375,92
2026-08-21 02:55:00-04:00,4621.7998046875,4621.7998046875,4622.10009765625,4621.2001953125,4621.5,45
2026-08-21 02:56:00-04:00,4621.5,4621.5,4624.7001953125,4621.2998046875,4621.89990234375,143
2026-08-21 02:57:00-04:00,4620.39990234375,4620.39990234375,4622.5,4620.2001953125,4622.0,73
2026-08-21 02:58:00-04:00,4618.89990234375,4618.89990234375,4620.60009765625,4618.7998046875,4620.10009765625,89
2026-08-21 02:59:00-04:00,4617.89990234375,4617.89990234375,4619.7001953125,4617.7998046875,4618.7998046875,195
2026-08-21 03:00:00-04:00,4619.2998046875,4619.2998046875,4619.2998046875,4616.39990234375,4617.7998046875,246
2026-08-21 03:01:00-04:00,4619.2001953125,4619.2001953125,4620.7998046875,4618.7998046875,4619.39990234375,94
2026-08-21 03:02:00-04:00,4618.2998046875,4618.2998046875,4619.5,4618.0,4618.89990234375,34
2026-08-21 03:03:00-04:00,4620.60009765625,4620.60009765625,4620.60009765625,4618.60009765625,4618.7001953125,84
2026-08-21 03:04:00-04:00,4623.0,4623.0,4623.0,4618.7998046875,4620.7001953125,212
2026-08-21 03:05:00-04:00,4620.7001953125,4620.7001953125,4622.7998046875,4620.2001953125,4622.7998046875,142
2026-08-21 03:06:00-04:00,4620.7001953125,4620.7001953125,4621.0,4620.2998046875,4620.89990234375,45
2026-08-21 03:07:00-04:00,4620.7998046875,4620.7998046875,4621.0,4620.2998046875,4620.7998046875,36
2026-08-21 03:08:00-04:00,4619.2001953125,4619.2001953125,4621.10009765625,4618.2998046875,4620.60009765625,410
2026-08-21 03:09:00-04:00,4615.7998046875,4615.7998046875,4619.2001953125,4615.7998046875,4618.89990234375,186
2026-08-21 03:10:00-04:00,4617.10009765625,4617.10009765625,4617.60009765625,4615.39990234375,4615.7001953125,194
2026-08-21 03:11:00-04:00,4616.60009765625,4616.60009765625,4617.2998046875,4615.7998046875,4616.7998046875,99
2026-08-21 03:12:00-04:00,4616.0,4616.0,4617.7998046875,4616.0,4616.5,86
2026-08-21 03:13:00-04:00,4616.2998046875,4616.2998046875,4617.2998046875,4615.89990234375,4615.89990234375,60
2026-08-21 03:14:00-04:00,4618.39990234375,4618.39990234375,4618.7001953125,4616.2001953125,4616.2998046875,91
2026-08-21 03:15:00-04:00,4618.89990234375,4618.89990234375,4619.2001953125,4616.7001953125,4618.60009765625,151
2026-08-21 03:16:00-04:00,4618.7998046875,4618.7998046875,4619.5,4618.10009765625,4618.60009765625,85
2026-08-21 03:17:00-04:00,4621.60009765625,4621.60009765625,4621.89990234375,4619.0,4619.10009765625,127
2026-08-21 03:18:00-04:00,4623.5,4623.5,4623.7998046875,4621.60009765625,4621.60009765625,164
2026-08-21 03:19:00-04:00,4623.2001953125,4623.2001953125,4623.5,4622.5,4623.10009765625,69
2026-08-21 03:20:00-04:00,4622.10009765625,4622.10009765625,4623.2998046875,4622.10009765625,4623.2001953125,39
2026-08-21 03:21:00-04:00,4622.39990234375,4622.39990234375,4623.0,4621.60009765625,4622.2998046875,121
2026-08-21 03:22:00-04:00,4622.10009765625,4622.10009765625,4624.7998046875,4622.10009765625,4622.5,96
2026-08-21 03:23:00-04:00,4622.2001953125,4622.2001953125,4622.2001953125,4620.10009765625,4622.0,128
2026-08-21 03:24:00-04:00,4620.7001953125,4620.7001953125,4622.2998046875,4619.89990234375,4622.10009765625,63
2026-08-21 03:25:00-04:00,4620.2001953125,4620.2001953125,4621.5,4619.5,4620.7001953125,167
2026-08-21 03:26:00-04:00,4618.2001953125,4618.2001953125,4620.60009765625,4618.0,4620.10009765625,177
2026-08-21 03:27:00-04:00,4618.2001953125,4618.2001953125,4618.60009765625,4617.60009765625,4618.2998046875,35
2026-08-21 03:28:00-04:00,4619.5,4619.5,4620.0,4618.39990234375,4618.39990234375,39
2026-08-21 03:29:00-04:00,4618.60009765625,4618.60009765625,4619.89990234375,4618.5,4619.60009765625,43
2026-08-21 03:30:00-04:00,4620.10009765625,4620.10009765625,4620.2001953125,4617.2998046875,4618.5,206
2026-08-21 03:31:00-04:00,4619.0,4619.0,4621.7998046875,4619.0,4620.2001953125,145
2026-08-21 03:32:00-04:00,4619.0,4619.0,4619.89990234375,4618.2001953125,4619.2998046875,105
2026-08-21 03:33:00-04:00,4619.7001953125,4619.7001953125,4620.10009765625,4618.2998046875,4619.60009765625,49
2026-08-21 03:34:00-04:00,4619.2998046875,4619.2998046875,4619.60009765625,4618.39990234375,4619.2001953125,33
2026-08-21 03:35:00-04:00,4618.60009765625,4618.60009765625,4619.7001953125,4618.2998046875,4618.2998046875,34
2026-08-21 03:36:00-04:00,4619.2001953125,4619.2001953125,4620.2001953125,4618.7001953125,4618.7998046875,87
2026-08-21 03:37:00-04:00,4617.60009765625,4617.60009765625,4619.89990234375,4617.0,4619.39990234375,83
2026-08-21 03:38:00-04:00,4621.60009765625,4621.60009765625,4621.7001953125,4617.7998046875,4617.7998046875,80
2026-08-21 03:39:00-04:00,4621.2001953125,4621.2001953125,4622.0,4619.7001953125,4621.5,89
2026-08-21 03:40:00-04:00,4620.39990234375,4620.39990234375,4621.89990234375,4619.60009765625,4621.7001953125,28
2026-08-21 03:41:00-04:00,4621.2998046875,4621.2998046875,4621.5,4620.2001953125,4620.2001953125,63
2026-08-21 03:42:00-04:00,4623.0,4623.0,4623.5,4621.10009765625,4621.10009765625,73
2026-08-21 03:43:00-04:00,4622.7001953125,4622.7001953125,4623.0,4620.89990234375,4622.89990234375,73
2026-08-21 03:44:00-04:00,4621.10009765625,4621.10009765625,4623.10009765625,4620.7998046875,4622.5,36
2026-08-21 03:45:00-04:00,4621.7998046875,4621.7998046875,4622.5,4620.5,4621.39990234375,70
2026-08-21 03:46:00-04:00,4620.60009765625,4620.60009765625,4621.5,4619.5,4621.2001953125,91
2026-08-21 03:47:00-04:00,4624.2001953125,4624.2001953125,4625.0,4620.39990234375,4620.7001953125,134
2026-08-21 03:48:00-04:00,4621.2998046875,4621.2998046875,4625.0,4621.0,4624.2001953125,177
2026-08-21 03:49:00-04:00,4623.10009765625,4623.10009765625,4623.10009765625,4621.2998046875,4621.2998046875,63
2026-08-21 03:50:00-04:00,4622.5,4622.5,4624.0,4622.39990234375,4623.5,37
2026-08-21 03:51:00-04:00,4621.5,4621.5,4622.5,4621.5,4622.2998046875,26
2026-08-21 03:52:00-04:00,4619.89990234375,4619.89990234375,4621.2998046875,4619.89990234375,4621.2998046875,61
2026-08-21 03:53:00-04:00,4619.0,4619.0,4620.89990234375,4619.0,4619.89990234375,81
2026-08-21 03:54:00-04:00,4618.7998046875,4618.7998046875,4619.7001953125,4617.89990234375,4619.39990234375,53
2026-08-21 03:55:00-04:00,4618.39990234375,4618.39990234375,4618.89990234375,4618.10009765625,4618.7001953125,33
2026-08-21 03:56:00-04:00,4619.7998046875,4619.7998046875,4620.60009765625,4618.5,4618.5,68
2026-08-21 03:57:00-04:00,4621.5,4621.5,4622.2001953125,4620.10009765625,4620.10009765625,114
2026-08-21 03:58:00-04:00,4620.2998046875,4620.2998046875,4621.2001953125,4620.0,4621.2001953125,61
2026-08-21 03:59:00-04:00,4621.0,4621.0,4622.0,4619.5,4620.2001953125,114
2026-08-21 04:00:00-04:00,4622.0,4622.0,4622.2998046875,4619.0,4621.39990234375,317
2026-08-21 04:01:00-04:00,4621.7001953125,4621.7001953125,4623.5,4621.10009765625,4621.89990234375,116
2026-08-21 04:02:00-04:00,4621.2998046875,4621.2998046875,4621.7998046875,4620.2998046875,4621.7998046875,24
2026-08-21 04:03:00-04:00,4619.5,4619.5,4621.7998046875,4619.2998046875,4621.39990234375,184
2026-08-21 04:04:00-04:00,4618.2001953125,4618.2001953125,4619.5,4618.0,4619.39990234375,138
2026-08-21 04:05:00-04:00,4618.10009765625,4618.10009765625,4619.10009765625,4617.89990234375,4618.0,35
2026-08-21 04:06:00-04:00,4616.39990234375,4616.39990234375,4617.89990234375,4616.2001953125,4617.7001953125,88
2026-08-21 04:07:00-04:00,4616.89990234375,4616.89990234375,4617.0,4615.7998046875,4616.7001953125,92
2026-08-21 04:08:00-04:00,4618.5,4618.5,4618.60009765625,4616.5,4617.0,47
2026-08-21 04:09:00-04:00,4618.5,4618.5,4619.39990234375,4617.60009765625,4617.7998046875,121
2026-08-21 04:10:00-04:00,4619.60009765625,4619.60009765625,4620.0,4618.2998046875,4618.39990234375,51
2026-08-21 04:11:00-04:00,4620.89990234375,4620.89990234375,4621.0,4619.10009765625,4619.39990234375,66
2026-08-21 04:12:00-04:00,4622.2998046875,4622.2998046875,4622.60009765625,4620.89990234375,4620.89990234375,107
2026-08-21 04:13:00-04:00,4624.39990234375,4624.39990234375,4624.7998046875,4621.60009765625,4622.60009765625,357
2026-08-21 04:14:00-04:00,4622.2998046875,4622.2998046875,4625.0,4622.2998046875,4624.7001953125,347
2026-08-21 04:15:00-04:00,4621.7001953125,4621.7001953125,4623.0,4620.7998046875,4622.60009765625,121
2026-08-21 04:16:00-04:00,4623.39990234375,4623.39990234375,4623.7001953125,4621.2001953125,4621.60009765625,153
2026-08-21 04:17:00-04:00,4627.2001953125,4627.2001953125,4627.2998046875,4623.2001953125,4623.2998046875,631
2026-08-21 04:18:00-04:00,4626.5,4626.5,4627.2001953125,4625.89990234375,4627.0,207
2026-08-21 04:19:00-04:00,4629.60009765625,4629.60009765625,4630.60009765625,4625.7001953125,4626.2001953125,580
2026-08-21 04:20:00-04:00,4630.89990234375,4630.89990234375,4631.10009765625,4628.7998046875,4629.60009765625,241
2026-08-21 04:21:00-04:00,4633.39990234375,4633.39990234375,4633.60009765625,4630.2001953125,4630.89990234375,399
2026-08-21 04:22:00-04:00,4632.7001953125,4632.7001953125,4633.60009765625,4631.2001953125,4633.5,216
2026-08-21 04:23:00-04:00,4634.39990234375,4634.39990234375,4634.89990234375,4632.2001953125,4632.7001953125,245
2026-08-21 04:24:00-04:00,4634.5,4634.5,4636.2998046875,4634.2998046875,4634.5,344
2026-08-21 04:25:00-04:00,4637.5,4637.5,4637.7998046875,4634.39990234375,4634.39990234375,309
2026-08-21 04:26:00-04:00,4636.89990234375,4636.89990234375,4637.5,4636.2001953125,4637.39990234375,176
2026-08-21 04:27:00-04:00,4637.7001953125,4637.7001953125,4638.2998046875,4636.5,4636.5,283
2026-08-21 04:28:00-04:00,4636.60009765625,4636.60009765625,4638.89990234375,4636.39990234375,4637.7998046875,184
2026-08-21 04:29:00-04:00,4636.7001953125,4636.7001953125,4637.5,4636.0,4636.60009765625,109
2026-08-21 04:30:00-04:00,4635.89990234375,4635.89990234375,4637.10009765625,4635.7998046875,4636.7001953125,229
2026-08-21 04:31:00-04:00,4635.60009765625,4635.60009765625,4636.2001953125,4634.7001953125,4636.10009765625,151
2026-08-21 04:32:00-04:00,4638.0,4638.0,4638.10009765625,4635.60009765625,4635.7001953125,191
2026-08-21 04:33:00-04:00,4637.60009765625,4637.60009765625,4638.60009765625,4637.0,4638.10009765625,209
2026-08-21 04:34:00-04:00,4637.7998046875,4637.7998046875,4638.39990234375,4637.2001953125,4637.89990234375,59
2026-08-21 04:35:00-04:00,4638.7001953125,4638.7001953125,4639.0,4637.7001953125,4638.0,143
2026-08-21 04:36:00-04:00,4638.0,4638.0,4639.7001953125,4637.39990234375,4638.60009765625,219
2026-08-21 04:37:00-04:00,4639.5,4639.5,4639.5,4638.0,4638.39990234375,64
2026-08-21 04:38:00-04:00,4635.39990234375,4635.39990234375,4639.7001953125,4635.2998046875,4639.39990234375,208
2026-08-21 04:39:00-04:00,4636.5,4636.5,4636.7001953125,4633.5,4635.2001953125,438
2026-08-21 04:40:00-04:00,4637.10009765625,4637.10009765625,4638.2998046875,4636.0,4636.5,250
2026-08-21 04:41:00-04:00,4639.2998046875,4639.2998046875,4639.60009765625,4636.7001953125,4637.2001953125,101
2026-08-21 04:42:00-04:00,4639.2998046875,4639.2998046875,4641.2001953125,4638.7001953125,4639.5,369
2026-08-21 04:43:00-04:00,4639.5,4639.5,4639.60009765625,4637.7001953125,4639.2001953125,76
2026-08-21 04:44:00-04:00,4639.7001953125,4639.7001953125,4641.10009765625,4639.2001953125,4639.2001953125,117
2026-08-21 04:45:00-04:00,4638.7001953125,4638.7001953125,4639.7998046875,4637.7998046875,4639.60009765625,44
2026-08-21 04:46:00-04:00,4639.39990234375,4639.39990234375,4639.60009765625,4638.0,4638.2998046875,30
2026-08-21 04:47:00-04:00,4640.2998046875,4640.2998046875,4640.2998046875,4639.0,4639.2998046875,99
2026-08-21 04:48:00-04:00,4638.0,4638.0,4640.39990234375,4638.0,4640.0,72
2026-08-21 04:49:00-04:00,4638.0,4638.0,4638.7001953125,4637.39990234375,4637.89990234375,42
2026-08-21 04:50:00-04:00,4638.0,4638.0,4638.60009765625,4637.60009765625,4638.0,63
2026-08-21 04:51:00-04:00,4638.89990234375,4638.89990234375,4640.0,4637.0,4637.7001953125,161
2026-08-21 04:52:00-04:00,4638.2001953125,4638.2001953125,4638.89990234375,4637.5,4638.89990234375,44
2026-08-21 04:53:00-04:00,4638.2998046875,4638.2998046875,4639.2998046875,4638.0,4638.2001953125,60
2026-08-21 04:54:00-04:00,4638.5,4638.5,4638.89990234375,4637.5,4638.2998046875,65
2026-08-21 04:55:00-04:00,4637.7001953125,4637.7001953125,4638.39990234375,4637.10009765625,4638.2998046875,58
2026-08-21 04:56:00-04:00,4637.7998046875,4637.7998046875,4638.0,4637.2998046875,4637.89990234375,84
2026-08-21 04:57:00-04:00,4639.7998046875,4639.7998046875,4639.89990234375,4637.5,4637.7998046875,141
2026-08-21 04:58:00-04:00,4639.39990234375,4639.39990234375,4640.2001953125,4639.10009765625,4639.7001953125,130
2026-08-21 04:59:00-04:00,4641.0,4641.0,4642.0,4639.60009765625,4639.60009765625,133
2026-08-21 05:00:00-04:00,4641.2001953125,4641.2001953125,4641.60009765625,4640.0,4641.10009765625,116
2026-08-21 05:01:00-04:00,4642.0,4642.0,4642.39990234375,4640.7001953125,4640.89990234375,113
2026-08-21 05:02:00-04:00,4640.60009765625,4640.60009765625,4642.0,4639.5,4642.0,121
2026-08-21 05:03:00-04:00,4640.0,4640.0,4641.0,4638.89990234375,4640.7998046875,96
2026-08-21 05:04:00-04:00,4642.89990234375,4642.89990234375,4642.89990234375,4640.0,4640.2998046875,113
2026-08-21 05:05:00-04:00,4642.39990234375,4642.39990234375,4642.89990234375,4641.5,4642.89990234375,66
2026-08-21 05:06:00-04:00,4644.7001953125,4644.7001953125,4645.2998046875,4642.2001953125,4642.39990234375,293
2026-08-21 05:07:00-04:00,4646.60009765625,4646.60009765625,4647.60009765625,4644.10009765625,4644.7001953125,410
2026-08-21 05:08:00-04:00,4650.2998046875,4650.2998046875,4651.0,4646.2998046875,4646.60009765625,1471
2026-08-21 05:09:00-04:00,4653.39990234375,4653.39990234375,4653.60009765625,4650.0,4650.2998046875,570
2026-08-21 05:10:00-04:00,4653.10009765625,4653.10009765625,4654.89990234375,4652.5,4652.7998046875,385
2026-08-21 05:11:00-04:00,4654.39990234375,4654.39990234375,4654.5,4652.89990234375,4653.10009765625,212
2026-08-21 05:12:00-04:00,4653.7998046875,4653.7998046875,4655.39990234375,4653.2998046875,4654.2998046875,242
2026-08-21 05:13:00-04:00,4657.10009765625,4657.10009765625,4659.0,4653.89990234375,4653.89990234375,1144
2026-08-21 05:14:00-04:00,4656.7998046875,4656.7998046875,4657.2001953125,4655.60009765625,4656.7998046875,193
2026-08-21 05:15:00-04:00,4656.7998046875,4656.7998046875,4657.2998046875,4655.10009765625,4656.89990234375,225
2026-08-21 05:16:00-04:00,4658.10009765625,4658.10009765625,4658.39990234375,4656.60009765625,4656.7998046875,159
2026-08-21 05:17:00-04:00,4658.2998046875,4658.2998046875,4658.5,4656.7998046875,4658.0,141
2026-08-21 05:18:00-04:00,4654.0,4654.0,4659.39990234375,4653.5,4658.39990234375,516
2026-08-21 05:19:00-04:00,4650.7001953125,4650.7001953125,4654.39990234375,4650.39990234375,4653.5,407
2026-08-21 05:20:00-04:00,4648.7998046875,4648.7998046875,4650.60009765625,4647.2001953125,4650.2998046875,545
2026-08-21 05:21:00-04:00,4645.7001953125,4645.7001953125,4649.0,4645.0,4648.7998046875,406
2026-08-21 05:22:00-04:00,4646.0,4646.0,4647.60009765625,4645.2001953125,4645.60009765625,192
2026-08-21 05:23:00-04:00,4643.89990234375,4643.89990234375,4646.39990234375,4642.7998046875,4646.0,225
2026-08-21 05:24:00-04:00,4644.2001953125,4644.2001953125,4644.2001953125,4641.89990234375,4643.7001953125,196
2026-08-21 05:25:00-04:00,4644.39990234375,4644.39990234375,4644.7998046875,4642.7001953125,4644.10009765625,214
2026-08-21 05:26:00-04:00,4643.5,4643.5,4644.89990234375,4643.0,4644.10009765625,229
2026-08-21 05:27:00-04:00,4641.2998046875,4641.2998046875,4643.7001953125,4641.2998046875,4643.60009765625,137
2026-08-21 05:28:00-04:00,4639.10009765625,4639.10009765625,4641.2001953125,4638.2998046875,4641.10009765625,338
2026-08-21 05:29:00-04:00,4639.60009765625,4639.60009765625,4640.10009765625,4638.2998046875,4639.2001953125,103
2026-08-21 05:30:00-04:00,4640.89990234375,4640.89990234375,4641.5,4639.2998046875,4639.2998046875,258
2026-08-21 05:31:00-04:00,4641.89990234375,4641.89990234375,4641.89990234375,4639.10009765625,4641.0,235
2026-08-21 05:32:00-04:00,4641.0,4641.0,4641.89990234375,4640.2998046875,4641.5,185
2026-08-21 05:33:00-04:00,4640.2001953125,4640.2001953125,4641.10009765625,4639.7998046875,4640.7998046875,176
2026-08-21 05:34:00-04:00,4640.10009765625,4640.10009765625,4641.39990234375,4639.7998046875,4640.2001953125,106
2026-08-21 05:35:00-04:00,4639.89990234375,4639.89990234375,4640.5,4638.10009765625,4640.10009765625,247
2026-08-21 05:36:00-04:00,4641.39990234375,4641.39990234375,4641.60009765625,4639.10009765625,4639.60009765625,94
2026-08-21 05:37:00-04:00,4642.39990234375,4642.39990234375,4642.39990234375,4640.7998046875,4641.39990234375,120
2026-08-21 05:38:00-04:00,4642.5,4642.5,4643.2998046875,4641.2001953125,4642.5,108
2026-08-21 05:39:00-04:00,4642.89990234375,4642.89990234375,4643.0,4641.0,4642.5,158
2026-08-21 05:40:00-04:00,4642.5,4642.5,4643.7001953125,4642.0,4643.10009765625,166
2026-08-21 05:41:00-04:00,4643.89990234375,4643.89990234375,4644.2001953125,4642.39990234375,4642.39990234375,111
2026-08-21 05:42:00-04:00,4641.5,4641.5,4644.2998046875,4641.0,4643.89990234375,125
2026-08-21 05:43:00-04:00,4641.0,4641.0,4642.2998046875,4641.0,4642.10009765625,84
2026-08-21 05:44:00-04:00,4640.39990234375,4640.39990234375,4641.60009765625,4639.0,4641.2998046875,156
2026-08-21 05:45:00-04:00,4640.0,4640.0,4640.89990234375,4639.39990234375,4640.2998046875,111
2026-08-21 05:46:00-04:00,4638.7998046875,4638.7998046875,4641.0,4638.7998046875,4640.39990234375,203
2026-08-21 05:47:00-04:00,4640.5,4640.5,4640.7998046875,4638.2998046875,4638.89990234375,93
2026-08-21 05:48:00-04:00,4638.2998046875,4638.2998046875,4641.0,4638.2998046875,4641.0,286
2026-08-21 05:49:00-04:00,4638.60009765625,4638.60009765625,4639.2998046875,4638.2001953125,4638.7001953125,118
2026-08-21 05:50:00-04:00,4638.5,4638.5,4639.0,4638.10009765625,4638.60009765625,77
2026-08-21 05:51:00-04:00,4638.10009765625,4638.10009765625,4638.89990234375,4637.60009765625,4638.89990234375,99
2026-08-21 05:52:00-04:00,4639.2998046875,4639.2998046875,4639.2998046875,4638.10009765625,4638.2001953125,52
2026-08-21 05:53:00-04:00,4640.2001953125,4640.2001953125,4640.60009765625,4638.39990234375,4639.2001953125,341
2026-08-21 05:54:00-04:00,4641.2998046875,4641.2998046875,4641.2998046875,4639.7998046875,4639.7998046875,89
2026-08-21 05:55:00-04:00,4642.2998046875,4642.2998046875,4642.7998046875,4641.2998046875,4641.39990234375,164
2026-08-21 05:56:00-04:00,4642.39990234375,4642.39990234375,4642.5,4641.7001953125,4641.89990234375,32
2026-08-21 05:57:00-04:00,4641.5,4641.5,4642.2001953125,4641.2998046875,4642.2001953125,39
2026-08-21 05:58:00-04:00,4638.2998046875,4638.2998046875,4641.7001953125,4638.2998046875,4641.2001953125,112
2026-08-21 05:59:00-04:00,4639.7001953125,4639.7001953125,4639.89990234375,4638.10009765625,4638.10009765625,113
2026-08-21 06:00:00-04:00,4639.60009765625,4639.60009765625,4640.5,4639.0,4639.39990234375,85
2026-08-21 06:01:00-04:00,4643.2998046875,4643.2998046875,4643.60009765625,4639.60009765625,4639.60009765625,287
2026-08-21 06:02:00-04:00,4644.39990234375,4644.39990234375,4646.0,4643.2998046875,4643.7001953125,241
2026-08-21 06:03:00-04:00,4643.7998046875,4643.7998046875,4644.89990234375,4642.89990234375,4644.0,100
2026-08-21 06:04:00-04:00,4642.10009765625,4642.10009765625,4644.39990234375,4642.10009765625,4643.89990234375,96
2026-08-21 06:05:00-04:00,4640.60009765625,4640.60009765625,4642.2001953125,4640.2998046875,4642.10009765625,265
2026-08-21 06:06:00-04:00,4642.10009765625,4642.10009765625,4642.10009765625,4640.7001953125,4640.7998046875,87
2026-08-21 06:07:00-04:00,4641.10009765625,4641.10009765625,4642.39990234375,4640.39990234375,4642.0,89
2026-08-21 06:08:00-04:00,4640.60009765625,4640.60009765625,4641.39990234375,4639.5,4641.10009765625,507
2026-08-21 06:09:00-04:00,4640.10009765625,4640.10009765625,4640.5,4638.39990234375,4640.39990234375,127
2026-08-21 06:10:00-04:00,4640.0,4640.0,4641.10009765625,4639.10009765625,4640.39990234375,229
2026-08-21 06:11:00-04:00,4637.5,4637.5,4640.2998046875,4636.89990234375,4640.0,186
2026-08-21 06:12:00-04:00,4636.7998046875,4636.7998046875,4637.89990234375,4636.7998046875,4637.7001953125,96
2026-08-21 06:13:00-04:00,4636.0,4636.0,4637.2001953125,4634.5,4637.2001953125,369
2026-08-21 06:14:00-04:00,4635.7001953125,4635.7001953125,4637.39990234375,4635.7001953125,4636.2001953125,84
2026-08-21 06:15:00-04:00,4637.39990234375,4637.39990234375,4637.5,4635.2998046875,4636.0,117
2026-08-21 06:16:00-04:00,4638.2998046875,4638.2998046875,4639.2001953125,4637.2001953125,4637.39990234375,113
2026-08-21 06:17:00-04:00,4641.0,4641.0,4641.2998046875,4638.5,4638.7001953125,132
2026-08-21 06:18:00-04:00,4643.60009765625,4643.60009765625,4644.2998046875,4640.60009765625,4640.60009765625,171
2026-08-21 06:19:00-04:00,4641.2998046875,4641.2998046875,4643.7998046875,4640.2998046875,4643.60009765625,129
2026-08-21 06:20:00-04:00,4642.7001953125,4642.7001953125,4643.2998046875,4641.10009765625,4641.39990234375,104
2026-08-21 06:21:00-04:00,4640.7001953125,4640.7001953125,4643.2998046875,4640.2998046875,4643.2001953125,114
2026-08-21 06:22:00-04:00,4642.0,4642.0,4642.0,4640.2001953125,4640.7998046875,149
2026-08-21 06:23:00-04:00,4642.2998046875,4642.2998046875,4642.60009765625,4641.60009765625,4641.7001953125,34
2026-08-21 06:24:00-04:00,4642.89990234375,4642.89990234375,4643.7998046875,4642.10009765625,4642.2998046875,99
2026-08-21 06:25:00-04:00,4643.5,4643.5,4643.5,4642.7001953125,4643.10009765625,59
2026-08-21 06:26:00-04:00,4645.5,4645.5,4645.5,4642.89990234375,4643.5,249
2026-08-21 06:27:00-04:00,4643.7998046875,4643.7998046875,4646.39990234375,4643.60009765625,4645.39990234375,98
2026-08-21 06:28:00-04:00,4644.89990234375,4644.89990234375,4645.60009765625,4643.2001953125,4644.0,100
2026-08-21 06:29:00-04:00,4645.60009765625,4645.60009765625,4645.7998046875,4644.7001953125,4645.2998046875,79
2026-08-21 06:30:00-04:00,4644.7998046875,4644.7998046875,4646.0,4644.60009765625,4645.7998046875,60
2026-08-21 06:31:00-04:00,4643.39990234375,4643.39990234375,4644.89990234375,4642.7001953125,4644.7001953125,103
2026-08-21 06:32:00-04:00,4644.5,4644.5,4644.89990234375,4643.60009765625,4643.60009765625,48
2026-08-21 06:33:00-04:00,4646.0,4646.0,4646.0,4644.89990234375,4644.89990234375,30
2026-08-21 06:34:00-04:00,4648.0,4648.0,4648.0,4645.7998046875,4645.7998046875,116
2026-08-21 06:35:00-04:00,4647.0,4647.0,4648.7998046875,4647.0,4647.60009765625,128
2026-08-21 06:36:00-04:00,4647.7001953125,4647.7001953125,4648.0,4646.7001953125,4647.0,70
2026-08-21 06:37:00-04:00,4649.2998046875,4649.2998046875,4649.7998046875,4647.7998046875,4648.2998046875,75
2026-08-21 06:38:00-04:00,4649.7001953125,4649.7001953125,4650.7998046875,4649.0,4649.2998046875,80
2026-08-21 06:39:00-04:00,4650.7998046875,4650.7998046875,4650.7998046875,4649.60009765625,4649.60009765625,57
2026-08-21 06:40:00-04:00,4650.10009765625,4650.10009765625,4651.60009765625,4648.7001953125,4651.0,224
2026-08-21 06:41:00-04:00,4649.89990234375,4649.89990234375,4650.5,4648.2998046875,4650.5,108
2026-08-21 06:42:00-04:00,4649.5,4649.5,4649.7998046875,4648.2001953125,4649.7001953125,47
2026-08-21 06:43:00-04:00,4650.60009765625,4650.60009765625,4651.10009765625,4649.2998046875,4649.89990234375,83
2026-08-21 06:44:00-04:00,4650.39990234375,4650.39990234375,4650.39990234375,4649.10009765625,4650.10009765625,59
2026-08-21 06:45:00-04:00,4650.0,4650.0,4650.7001953125,4649.5,4650.39990234375,65
2026-08-21 06:46:00-04:00,4648.2998046875,4648.2998046875,4650.0,4648.2001953125,4649.89990234375,71
2026-08-21 06:47:00-04:00,4648.60009765625,4648.60009765625,4649.0,4648.2001953125,4648.5,53
2026-08-21 06:48:00-04:00,4647.60009765625,4647.60009765625,4649.10009765625,4647.10009765625,4648.7001953125,100
2026-08-21 06:49:00-04:00,4647.7001953125,4647.7001953125,4648.2001953125,4647.0,4647.5,123
2026-08-21 06:50:00-04:00,4647.2001953125,4647.2001953125,4648.2001953125,4647.0,4647.7001953125,61
2026-08-21 06:51:00-04:00,4647.89990234375,4647.89990234375,4648.10009765625,4646.5,4647.10009765625,63
2026-08-21 06:52:00-04:00,4647.2998046875,4647.2998046875,4648.2001953125,4645.5,4647.7998046875,187
2026-08-21 06:53:00-04:00,4648.60009765625,4648.60009765625,4649.10009765625,4646.60009765625,4647.2998046875,166
2026-08-21 06:54:00-04:00,4647.2998046875,4647.2998046875,4650.0,4647.2998046875,4648.7001953125,177
2026-08-21 06:55:00-04:00,4647.5,4647.5,4648.0,4647.0,4647.39990234375,89
2026-08-21 06:56:00-04:00,4646.10009765625,4646.10009765625,4647.2998046875,4645.2998046875,4647.2998046875,97
2026-08-21 06:57:00-04:00,4645.5,4645.5,4646.60009765625,4645.10009765625,4646.10009765625,50
2026-08-21 06:58:00-04:00,4645.0,4645.0,4646.0,4645.0,4645.2001953125,40
2026-08-21 06:59:00-04:00,4645.7998046875,4645.7998046875,4646.2001953125,4645.2001953125,4645.2998046875,56
2026-08-21 07:00:00-04:00,4644.89990234375,4644.89990234375,4646.10009765625,4644.7001953125,4645.5,108
2026-08-21 07:01:00-04:00,4646.2001953125,4646.2001953125,4646.2998046875,4644.2998046875,4645.39990234375,73
2026-08-21 07:02:00-04:00,4648.2998046875,4648.2998046875,4648.89990234375,4646.2001953125,4646.2998046875,120
2026-08-21 07:03:00-04:00,4651.60009765625,4651.60009765625,4652.39990234375,4648.2001953125,4648.2001953125,166
2026-08-21 07:04:00-04:00,4651.2001953125,4651.2001953125,4651.7998046875,4650.7998046875,4651.2998046875,76
2026-08-21 07:05:00-04:00,4652.0,4652.0,4652.2001953125,4650.7998046875,4651.10009765625,75
2026-08-21 07:06:00-04:00,4650.7001953125,4650.7001953125,4652.7998046875,4649.39990234375,4652.2001953125,164
2026-08-21 07:07:00-04:00,4650.7998046875,4650.7998046875,4650.89990234375,4649.5,4650.39990234375,85
2026-08-21 07:08:00-04:00,4650.0,4650.0,4651.7001953125,4649.2001953125,4650.60009765625,86
2026-08-21 07:09:00-04:00,4649.60009765625,4649.60009765625,4650.60009765625,4647.89990234375,4650.10009765625,87
2026-08-21 07:10:00-04:00,4650.39990234375,4650.39990234375,4650.39990234375,4649.0,4649.60009765625,49
2026-08-21 07:11:00-04:00,4648.7998046875,4648.7998046875,4650.2998046875,4648.7998046875,4650.2998046875,63
2026-08-21 07:12:00-04:00,4646.7001953125,4646.7001953125,4648.89990234375,4645.5,4648.89990234375,162
2026-08-21 07:13:00-04:00,4646.2998046875,4646.2998046875,4647.5,4645.7998046875,4646.89990234375,44
2026-08-21 07:14:00-04:00,4647.5,4647.5,4647.7001953125,4646.0,4646.0,52
2026-08-21 07:15:00-04:00,4649.2998046875,4649.2998046875,4650.10009765625,4648.2001953125,4648.2001953125,109
2026-08-21 07:16:00-04:00,4649.7001953125,4649.7001953125,4650.0,4648.7001953125,4649.2998046875,90
2026-08-21 07:17:00-04:00,4651.10009765625,4651.10009765625,4651.2998046875,4649.39990234375,4649.39990234375,93
2026-08-21 07:18:00-04:00,4654.39990234375,4654.39990234375,4655.10009765625,4650.7998046875,4651.10009765625,261
2026-08-21 07:19:00-04:00,4653.2998046875,4653.2998046875,4654.5,4653.0,4654.39990234375,139
2026-08-21 07:20:00-04:00,4653.7001953125,4653.7001953125,4655.2998046875,4653.7001953125,4653.7001953125,123
2026-08-21 07:21:00-04:00,4656.10009765625,4656.10009765625,4657.0,4653.5,4653.7001953125,241
2026-08-21 07:22:00-04:00,4655.2998046875,4655.2998046875,4659.2998046875,4654.60009765625,4655.7998046875,514
2026-08-21 07:23:00-04:00,4655.10009765625,4655.10009765625,4655.5,4653.10009765625,4655.5,113
2026-08-21 07:24:00-04:00,4655.39990234375,4655.39990234375,4657.7001953125,4654.39990234375,4654.5,276
2026-08-21 07:25:00-04:00,4656.7998046875,4656.7998046875,4657.10009765625,4653.60009765625,4654.89990234375,158
2026-08-21 07:26:00-04:00,4654.60009765625,4654.60009765625,4656.89990234375,4654.2998046875,4656.89990234375,116
2026-08-21 07:27:00-04:00,4653.5,4653.5,4654.5,4652.89990234375,4654.5,82
2026-08-21 07:28:00-04:00,4654.7001953125,4654.7001953125,4654.7001953125,4653.2998046875,4653.5,78
2026-08-21 07:29:00-04:00,4655.7001953125,4655.7001953125,4656.2998046875,4654.39990234375,4654.39990234375,76
2026-08-21 07:30:00-04:00,4654.2998046875,4654.2998046875,4656.10009765625,4654.2998046875,4655.89990234375,108
2026-08-21 07:31:00-04:00,4654.2998046875,4654.2998046875,4655.0,4653.60009765625,4654.39990234375,76
2026-08-21 07:32:00-04:00,4650.7001953125,4650.7001953125,4654.5,4650.2998046875,4654.5,136
2026-08-21 07:33:00-04:00,4652.60009765625,4652.60009765625,4652.60009765625,4650.7001953125,4650.7998046875,148
2026-08-21 07:34:00-04:00,4652.2001953125,4652.2001953125,4652.7998046875,4651.2001953125,4652.7001953125,102
2026-08-21 07:35:00-04:00,4655.2001953125,4655.2001953125,4655.7998046875,4652.2001953125,4652.2001953125,89
2026-08-21 07:36:00-04:00,4659.0,4659.0,4660.2998046875,4655.0,4655.2001953125,274
2026-08-21 07:37:00-04:00,4660.10009765625,4660.10009765625,4661.7001953125,4658.89990234375,4659.10009765625,425
2026-08-21 07:38:00-04:00,4656.7998046875,4656.7998046875,4660.89990234375,4656.7998046875,4660.0,149
2026-08-21 07:39:00-04:00,4654.60009765625,4654.60009765625,4657.2998046875,4654.0,4656.39990234375,157
2026-08-21 07:40:00-04:00,4652.39990234375,4652.39990234375,4654.39990234375,4652.2998046875,4654.2001953125,222
2026-08-21 07:41:00-04:00,4652.39990234375,4652.39990234375,4652.89990234375,4650.60009765625,4652.2998046875,226
2026-08-21 07:42:00-04:00,4651.39990234375,4651.39990234375,4652.60009765625,4651.0,4652.0,57
2026-08-21 07:43:00-04:00,4651.2998046875,4651.2998046875,4652.0,4650.7998046875,4651.0,66
2026-08-21 07:44:00-04:00,4654.2998046875,4654.2998046875,4655.0,4651.7001953125,4651.7001953125,133
2026-08-21 07:45:00-04:00,4654.7001953125,4654.7001953125,4655.2998046875,4653.7998046875,4654.2998046875,110
2026-08-21 07:46:00-04:00,4654.60009765625,4654.60009765625,4655.39990234375,4654.39990234375,4654.7001953125,64
2026-08-21 07:47:00-04:00,4655.89990234375,4655.89990234375,4656.39990234375,4654.2998046875,4654.7998046875,89
2026-08-21 07:48:00-04:00,4655.89990234375,4655.89990234375,4657.7001953125,4654.89990234375,4656.0,94
2026-08-21 07:49:00-04:00,4657.10009765625,4657.10009765625,4657.2998046875,4655.39990234375,4656.10009765625,113
2026-08-21 07:50:00-04:00,4655.2998046875,4655.2998046875,4657.5,4655.2998046875,4656.7998046875,158
2026-08-21 07:51:00-04:00,4655.10009765625,4655.10009765625,4655.7998046875,4654.0,4655.60009765625,120
2026-08-21 07:52:00-04:00,4654.2998046875,4654.2998046875,4657.0,4654.2001953125,4655.2001953125,170
2026-08-21 07:53:00-04:00,4653.5,4653.5,4655.2998046875,4653.0,4654.39990234375,327
2026-08-21 07:54:00-04:00,4654.89990234375,4654.89990234375,4655.39990234375,4653.2998046875,4653.39990234375,74
2026-08-21 07:55:00-04:00,4654.7001953125,4654.7001953125,4656.10009765625,4654.7001953125,4655.2001953125,66
2026-08-21 07:56:00-04:00,4654.7998046875,4654.7998046875,4656.10009765625,4654.5,4654.89990234375,86
2026-08-21 07:57:00-04:00,4655.60009765625,4655.60009765625,4656.10009765625,4654.7001953125,4654.7001953125,91
2026-08-21 07:58:00-04:00,4654.2998046875,4654.2998046875,4655.7001953125,4654.2998046875,4655.2998046875,61
2026-08-21 07:59:00-04:00,4654.39990234375,4654.39990234375,4654.89990234375,4653.5,4654.39990234375,80
2026-08-21 08:00:00-04:00,4653.89990234375,4653.89990234375,4657.2001953125,4653.5,4654.7001953125,233
2026-08-21 08:01:00-04:00,4658.2001953125,4658.2001953125,4658.7998046875,4653.2001953125,4654.0,539
2026-08-21 08:02:00-04:00,4655.2001953125,4655.2001953125,4659.10009765625,4654.60009765625,4658.10009765625,296
2026-08-21 08:03:00-04:00,4652.0,4652.0,4654.7998046875,4651.2998046875,4654.7998046875,271
2026-08-21 08:04:00-04:00,4652.89990234375,4652.89990234375,4653.2001953125,4651.0,4652.2001953125,303
2026-08-21 08:05:00-04:00,4654.60009765625,4654.60009765625,4657.5,4653.2001953125,4653.2001953125,385
2026-08-21 08:06:00-04:00,4653.2998046875,4653.2998046875,4654.60009765625,4651.89990234375,4654.60009765625,157
2026-08-21 08:07:00-04:00,4653.60009765625,4653.60009765625,4654.10009765625,4652.2998046875,4653.2998046875,84
2026-08-21 08:08:00-04:00,4652.7998046875,4652.7998046875,4655.60009765625,4651.7001953125,4653.5,141
2026-08-21 08:09:00-04:00,4650.7001953125,4650.7001953125,4652.60009765625,4649.0,4652.2001953125,285
2026-08-21 08:10:00-04:00,4648.39990234375,4648.39990234375,4651.2001953125,4646.7001953125,4651.10009765625,423
2026-08-21 08:11:00-04:00,4648.0,4648.0,4649.60009765625,4647.2001953125,4648.39990234375,124
2026-08-21 08:12:00-04:00,4646.7001953125,4646.7001953125,4648.60009765625,4646.7001953125,4648.2001953125,106
2026-08-21 08:13:00-04:00,4647.5,4647.5,4647.7998046875,4646.5,4646.7001953125,171
2026-08-21 08:14:00-04:00,4650.0,4650.0,4650.7998046875,4647.89990234375,4647.89990234375,248
2026-08-21 08:15:00-04:00,4651.60009765625,4651.60009765625,4653.2001953125,4649.60009765625,4650.10009765625,335
2026-08-21 08:16:00-04:00,4648.0,4648.0,4651.89990234375,4647.7001953125,4651.7998046875,549
2026-08-21 08:17:00-04:00,4646.39990234375,4646.39990234375,4648.0,4646.39990234375,4648.0,153
2026-08-21 08:18:00-04:00,4643.60009765625,4643.60009765625,4647.39990234375,4643.39990234375,4646.2001953125,426
2026-08-21 08:19:00-04:00,4645.2001953125,4645.2001953125,4645.2001953125,4643.2001953125,4643.60009765625,273
2026-08-21 08:20:00-04:00,4641.60009765625,4641.60009765625,4646.39990234375,4641.2001953125,4645.2998046875,483
2026-08-21 08:21:00-04:00,4642.10009765625,4642.10009765625,4642.5,4638.0,4641.7998046875,815
2026-08-21 08:22:00-04:00,4640.7998046875,4640.7998046875,4642.60009765625,4640.2998046875,4642.10009765625,312
2026-08-21 08:23:00-04:00,4640.60009765625,4640.60009765625,4641.2001953125,4639.89990234375,4641.10009765625,134
2026-08-21 08:24:00-04:00,4642.7998046875,4642.7998046875,4645.39990234375,4639.2001953125,4641.0,435
2026-08-21 08:25:00-04:00,4643.2998046875,4643.2998046875,4643.5,4640.7998046875,4642.7998046875,148
2026-08-21 08:26:00-04:00,4643.10009765625,4643.10009765625,4643.7001953125,4641.89990234375,4643.60009765625,86
2026-08-21 08:27:00-04:00,4642.7998046875,4642.7998046875,4643.7998046875,4642.60009765625,4643.2998046875,43
2026-08-21 08:28:00-04:00,4643.7998046875,4643.7998046875,4643.89990234375,4642.0,4642.7001953125,49
2026-08-21 08:29:00-04:00,4642.2001953125,4642.2001953125,4644.0,4641.89990234375,4643.89990234375,73
2026-08-21 08:30:00-04:00,4637.0,4637.0,4642.0,4636.60009765625,4642.0,380
2026-08-21 08:31:00-04:00,4640.5,4640.5,4640.5,4636.7998046875,4637.39990234375,235
2026-08-21 08:32:00-04:00,4635.89990234375,4635.89990234375,4640.89990234375,4633.39990234375,4640.39990234375,1594
2026-08-21 08:33:00-04:00,4635.39990234375,4635.39990234375,4636.89990234375,4634.5,4635.7998046875,136
2026-08-21 08:34:00-04:00,4634.89990234375,4634.89990234375,4636.5,4634.2998046875,4635.2001953125,157
2026-08-21 08:35:00-04:00,4628.5,4628.5,4635.39990234375,4627.7001953125,4635.0,855
2026-08-21 08:36:00-04:00,4628.2998046875,4628.2998046875,4628.60009765625,4626.7998046875,4628.60009765625,249
2026-08-21 08:37:00-04:00,4626.7001953125,4626.7001953125,4629.10009765625,4626.5,4628.2001953125,262
2026-08-21 08:38:00-04:00,4625.0,4625.0,4627.2998046875,4624.10009765625,4626.60009765625,249
2026-08-21 08:39:00-04:00,4621.7998046875,4621.7998046875,4625.89990234375,4621.2001953125,4625.0,712
2026-08-21 08:40:00-04:00,4623.2998046875,4623.2998046875,4625.0,4620.5,4621.7998046875,475
2026-08-21 08:41:00-04:00,4628.0,4628.0,4628.2001953125,4622.7001953125,4622.7998046875,627
2026-08-21 08:42:00-04:00,4629.39990234375,4629.39990234375,4629.5,4627.2001953125,4628.2001953125,234
2026-08-21 08:43:00-04:00,4632.2998046875,4632.2998046875,4632.7998046875,4628.10009765625,4628.89990234375,350
2026-08-21 08:44:00-04:00,4630.5,4630.5,4632.7001953125,4629.10009765625,4632.39990234375,347
2026-08-21 08:45:00-04:00,4633.60009765625,4633.60009765625,4633.60009765625,4630.2001953125,4630.2998046875,180
2026-08-21 08:46:00-04:00,4633.5,4633.5,4634.2998046875,4632.60009765625,4633.2998046875,174
2026-08-21 08:47:00-04:00,4634.39990234375,4634.39990234375,4635.2998046875,4633.0,4633.10009765625,366
2026-08-21 08:48:00-04:00,4635.7001953125,4635.7001953125,4636.2001953125,4634.2001953125,4634.5,183
2026-08-21 08:49:00-04:00,4636.2998046875,4636.2998046875,4636.60009765625,4634.7001953125,4635.89990234375,123
2026-08-21 08:50:00-04:00,4636.39990234375,4636.39990234375,4637.2998046875,4635.7001953125,4636.39990234375,159
2026-08-21 08:51:00-04:00,4636.5,4636.5,4637.60009765625,4634.10009765625,4636.2001953125,558
2026-08-21 08:52:00-04:00,4636.2001953125,4636.2001953125,4636.7001953125,4633.7998046875,4636.5,310
2026-08-21 08:53:00-04:00,4635.2998046875,4635.2998046875,4636.10009765625,4634.89990234375,4636.10009765625,195
2026-08-21 08:54:00-04:00,4636.60009765625,4636.60009765625,4637.89990234375,4635.39990234375,4635.39990234375,120
2026-08-21 08:55:00-04:00,4635.39990234375,4635.39990234375,4637.89990234375,4635.2001953125,4637.0,142
2026-08-21 08:56:00-04:00,4635.10009765625,4635.10009765625,4636.60009765625,4634.7998046875,4635.7001953125,183
2026-08-21 08:57:00-04:00,4633.0,4633.0,4635.10009765625,4631.39990234375,4634.89990234375,310
2026-08-21 08:58:00-04:00,4633.7001953125,4633.7001953125,4635.2998046875,4632.89990234375,4632.89990234375,91
2026-08-21 08:59:00-04:00,4634.7001953125,4634.7001953125,4635.0,4631.7001953125,4633.89990234375,154
2026-08-21 09:00:00-04:00,4639.10009765625,4639.10009765625,4640.0,4632.5,4634.60009765625,453
2026-08-21 09:01:00-04:00,4639.10009765625,4639.10009765625,4640.39990234375,4636.5,4638.89990234375,286
2026-08-21 09:02:00-04:00,4640.7001953125,4640.7001953125,4640.7998046875,4638.7001953125,4638.89990234375,250
2026-08-21 09:03:00-04:00,4639.0,4639.0,4641.5,4637.60009765625,4640.60009765625,241
2026-08-21 09:04:00-04:00,4637.60009765625,4637.60009765625,4639.7001953125,4636.60009765625,4638.89990234375,155
2026-08-21 09:05:00-04:00,4637.7998046875,4637.7998046875,4638.2001953125,4637.0,4637.7001953125,59
2026-08-21 09:06:00-04:00,4639.5,4639.5,4640.7998046875,4637.5,4637.7001953125,164
2026-08-21 09:07:00-04:00,4638.0,4638.0,4639.89990234375,4636.10009765625,4639.5,148
2026-08-21 09:08:00-04:00,4639.39990234375,4639.39990234375,4639.89990234375,4638.0,4638.2001953125,146
2026-08-21 09:09:00-04:00,4637.7001953125,4637.7001953125,4640.2001953125,4636.10009765625,4639.39990234375,137
2026-08-21 09:10:00-04:00,4637.7001953125,4637.7001953125,4638.7998046875,4637.0,4637.7998046875,96
2026-08-21 09:11:00-04:00,4641.39990234375,4641.39990234375,4643.89990234375,4638.0,4638.0,538
2026-08-21 09:12:00-04:00,4641.7998046875,4641.7998046875,4642.5,4640.7001953125,4641.2998046875,119
2026-08-21 09:13:00-04:00,4640.7001953125,4640.7001953125,4643.60009765625,4640.7001953125,4642.10009765625,146
2026-08-21 09:14:00-04:00,4642.0,4642.0,4642.0,4639.7998046875,4640.7998046875,142
2026-08-21 09:15:00-04:00,4644.0,4644.0,4644.7001953125,4642.2998046875,4642.39990234375,202
2026-08-21 09:16:00-04:00,4641.10009765625,4641.10009765625,4643.7998046875,4640.7998046875,4643.7001953125,163
2026-08-21 09:17:00-04:00,4638.7001953125,4638.7001953125,4642.0,4637.7998046875,4641.0,105
2026-08-21 09:18:00-04:00,4637.7998046875,4637.7998046875,4639.2001953125,4637.39990234375,4638.89990234375,92
2026-08-21 09:19:00-04:00,4637.60009765625,4637.60009765625,4638.2001953125,4636.5,4637.5,88
2026-08-21 09:20:00-04:00,4640.2998046875,4640.2998046875,4640.2998046875,4635.89990234375,4637.39990234375,125
2026-08-21 09:21:00-04:00,4642.39990234375,4642.39990234375,4642.7998046875,4639.89990234375,4640.5,206
2026-08-21 09:22:00-04:00,4640.89990234375,4640.89990234375,4643.7001953125,4640.39990234375,4642.39990234375,75
2026-08-21 09:23:00-04:00,4640.0,4640.0,4641.39990234375,4639.89990234375,4640.7998046875,62
2026-08-21 09:24:00-04:00,4640.0,4640.0,4640.7998046875,4639.7998046875,4640.60009765625,66
2026-08-21 09:25:00-04:00,4640.2001953125,4640.2001953125,4641.0,4639.7998046875,4639.89990234375,74
2026-08-21 09:26:00-04:00,4639.10009765625,4639.10009765625,4640.7001953125,4639.0,4640.10009765625,124
2026-08-21 09:27:00-04:00,4638.39990234375,4638.39990234375,4639.60009765625,4638.39990234375,4638.7998046875,71
2026-08-21 09:28:00-04:00,4641.2998046875,4641.2998046875,4641.2998046875,4638.7998046875,4639.10009765625,80
2026-08-21 09:29:00-04:00,4641.10009765625,4641.10009765625,4642.2998046875,4640.5,4640.89990234375,171
2026-08-21 09:30:00-04:00,4639.2998046875,4639.2998046875,4642.60009765625,4638.39990234375,4640.89990234375,305
2026-08-21 09:31:00-04:00,4639.2998046875,4639.2998046875,4643.7998046875,4638.5,4639.5,196
2026-08-21 09:32:00-04:00,4641.39990234375,4641.39990234375,4642.10009765625,4639.0,4639.5,220
2026-08-21 09:33:00-04:00,4634.10009765625,4634.10009765625,4641.89990234375,4633.2998046875,4641.89990234375,410
2026-08-21 09:34:00-04:00,4631.0,4631.0,4634.2001953125,4630.60009765625,4634.0,415
2026-08-21 09:35:00-04:00,4637.89990234375,4637.89990234375,4637.89990234375,4630.0,4630.7998046875,468
2026-08-21 09:36:00-04:00,4639.7001953125,4639.7001953125,4640.7001953125,4635.0,4638.0,371
2026-08-21 09:37:00-04:00,4644.2998046875,4644.2998046875,4645.2001953125,4636.7998046875,4639.5,658
2026-08-21 09:38:00-04:00,4645.7001953125,4645.7001953125,4647.89990234375,4644.10009765625,4644.39990234375,406
2026-08-21 09:39:00-04:00,4644.60009765625,4644.60009765625,4646.5,4641.39990234375,4645.7001953125,420
2026-08-21 09:40:00-04:00,4646.2998046875,4646.2998046875,4646.89990234375,4643.60009765625,4644.0,166
2026-08-21 09:41:00-04:00,4646.2998046875,4646.2998046875,4647.7001953125,4644.2001953125,4646.7998046875,333
2026-08-21 09:42:00-04:00,4645.39990234375,4645.39990234375,4646.7998046875,4643.39990234375,4646.5,208
2026-08-21 09:43:00-04:00,4643.7998046875,4643.7998046875,4645.2998046875,4643.2001953125,4645.2001953125,212
2026-08-21 09:44:00-04:00,4645.0,4645.0,4645.5,4641.10009765625,4644.0,298
2026-08-21 09:45:00-04:00,4644.10009765625,4644.10009765625,4645.39990234375,4639.7001953125,4644.60009765625,432
2026-08-21 09:46:00-04:00,4646.10009765625,4646.10009765625,4646.39990234375,4643.7001953125,4644.10009765625,96
2026-08-21 09:47:00-04:00,4647.2001953125,4647.2001953125,4647.7001953125,4645.7001953125,4646.10009765625,248
2026-08-21 09:48:00-04:00,4645.7998046875,4645.7998046875,4650.2001953125,4645.2001953125,4647.2001953125,976
2026-08-21 09:49:00-04:00,4647.10009765625,4647.10009765625,4647.39990234375,4645.0,4645.5,115
2026-08-21 09:50:00-04:00,4646.89990234375,4646.89990234375,4648.0,4646.2001953125,4646.5,105
2026-08-21 09:51:00-04:00,4642.89990234375,4642.89990234375,4647.0,4641.7001953125,4647.0,204
2026-08-21 09:52:00-04:00,4639.89990234375,4639.89990234375,4643.2001953125,4637.89990234375,4642.7001953125,734
2026-08-21 09:53:00-04:00,4637.0,4637.0,4641.10009765625,4637.0,4639.7998046875,358
2026-08-21 09:54:00-04:00,4638.2998046875,4638.2998046875,4638.2998046875,4633.7998046875,4636.7998046875,436
2026-08-21 09:55:00-04:00,4641.0,4641.0,4642.7001953125,4638.2998046875,4638.7001953125,312
2026-08-21 09:56:00-04:00,4641.0,4641.0,4642.89990234375,4640.7998046875,4641.39990234375,237
2026-08-21 09:57:00-04:00,4639.0,4639.0,4641.89990234375,4638.60009765625,4641.2001953125,356
2026-08-21 09:58:00-04:00,4639.2998046875,4639.2998046875,4640.89990234375,4637.2001953125,4639.39990234375,208
2026-08-21 09:59:00-04:00,4638.2998046875,4638.2998046875,4640.5,4638.2001953125,4639.2001953125,373
2026-08-21 10:00:00-04:00,4637.7998046875,4637.7998046875,4640.7001953125,4637.0,4638.10009765625,336
2026-08-21 10:01:00-04:00,4639.39990234375,4639.39990234375,4640.89990234375,4637.7998046875,4638.2001953125,193
2026-08-21 10:02:00-04:00,4644.0,4644.0,4644.0,4638.0,4639.2998046875,972
2026-08-21 10:03:00-04:00,4642.2001953125,4642.2001953125,4646.2001953125,4642.0,4644.10009765625,276
2026-08-21 10:04:00-04:00,4645.60009765625,4645.60009765625,4645.60009765625,4642.39990234375,4642.60009765625,101
2026-08-21 10:05:00-04:00,4647.2998046875,4647.2998046875,4647.7998046875,4645.7998046875,4645.7998046875,434
2026-08-21 10:06:00-04:00,4646.0,4646.0,4647.2001953125,4644.7001953125,4647.10009765625,199
2026-08-21 10:07:00-04:00,4640.2998046875,4640.2998046875,4645.89990234375,4640.10009765625,4645.89990234375,180
2026-08-21 10:08:00-04:00,4643.5,4643.5,4644.0,4640.39990234375,4640.39990234375,297
2026-08-21 10:09:00-04:00,4644.2998046875,4644.2998046875,4645.0,4643.2998046875,4643.7001953125,70
2026-08-21 10:10:00-04:00,4643.2998046875,4643.2998046875,4644.7001953125,4641.60009765625,4644.39990234375,131
2026-08-21 10:11:00-04:00,4644.7001953125,4644.7001953125,4644.89990234375,4643.39990234375,4643.39990234375,57
2026-08-21 10:12:00-04:00,4645.0,4645.0,4646.60009765625,4644.2998046875,4644.60009765625,155
2026-08-21 10:13:00-04:00,4646.10009765625,4646.10009765625,4646.10009765625,4644.89990234375,4645.5,72
2026-08-21 10:14:00-04:00,4646.2998046875,4646.2998046875,4646.5,4645.39990234375,4645.60009765625,71
2026-08-21 10:15:00-04:00,4645.5,4645.5,4647.2998046875,4642.89990234375,4646.39990234375,315
2026-08-21 10:16:00-04:00,4644.7998046875,4644.7998046875,4645.5,4643.89990234375,4645.5,69
2026-08-21 10:17:00-04:00,4647.10009765625,4647.10009765625,4647.10009765625,4644.2998046875,4645.2001953125,123
2026-08-21 10:18:00-04:00,4646.60009765625,4646.60009765625,4647.2001953125,4645.89990234375,4647.2001953125,135
2026-08-21 10:19:00-04:00,4646.7001953125,4646.7001953125,4647.60009765625,4645.7998046875,4646.2998046875,153
2026-08-21 10:20:00-04:00,4648.60009765625,4648.60009765625,4649.10009765625,4646.2998046875,4646.39990234375,302
2026-08-21 10:21:00-04:00,4653.39990234375,4653.39990234375,4653.39990234375,4648.39990234375,4648.60009765625,571
2026-08-21 10:22:00-04:00,4652.2001953125,4652.2001953125,4654.2001953125,4652.0,4653.10009765625,786
2026-08-21 10:23:00-04:00,4653.2998046875,4653.2998046875,4653.7998046875,4652.0,4652.0,257
2026-08-21 10:24:00-04:00,4653.7998046875,4653.7998046875,4654.5,4653.0,4653.0,168
2026-08-21 10:25:00-04:00,4656.10009765625,4656.10009765625,4656.89990234375,4654.0,4654.0,389
2026-08-21 10:26:00-04:00,4655.5,4655.5,4656.89990234375,4655.2001953125,4656.0,295
2026-08-21 10:27:00-04:00,4658.5,4658.5,4659.60009765625,4655.0,4655.2001953125,407
2026-08-21 10:28:00-04:00,4659.39990234375,4659.39990234375,4659.5,4658.0,4658.39990234375,257
2026-08-21 10:29:00-04:00,4659.5,4659.5,4659.7998046875,4658.2001953125,4659.10009765625,303
2026-08-21 10:30:00-04:00,4657.2001953125,4657.2001953125,4660.2001953125,4656.2998046875,4659.7001953125,536
2026-08-21 10:31:00-04:00,4657.2998046875,4657.2998046875,4657.89990234375,4655.7998046875,4657.0,348
2026-08-21 10:32:00-04:00,4652.7001953125,4652.7001953125,4657.39990234375,4652.0,4657.2998046875,357
2026-08-21 10:33:00-04:00,4650.2001953125,4650.2001953125,4653.0,4649.5,4652.60009765625,467
2026-08-21 10:34:00-04:00,4646.60009765625,4646.60009765625,4650.0,4646.5,4649.89990234375,291
2026-08-21 10:35:00-04:00,4648.0,4648.0,4649.2001953125,4644.60009765625,4646.7001953125,739
2026-08-21 10:36:00-04:00,4645.10009765625,4645.10009765625,4648.39990234375,4644.39990234375,4648.10009765625,261
2026-08-21 10:37:00-04:00,4642.10009765625,4642.10009765625,4645.7001953125,4641.0,4644.39990234375,427
2026-08-21 10:38:00-04:00,4639.39990234375,4639.39990234375,4642.2001953125,4637.39990234375,4642.0,496
2026-08-21 10:39:00-04:00,4638.39990234375,4638.39990234375,4640.7998046875,4638.0,4639.5,257
2026-08-21 10:40:00-04:00,4642.2998046875,4642.2998046875,4642.60009765625,4636.7001953125,4638.2998046875,466
2026-08-21 10:41:00-04:00,4643.5,4643.5,4644.0,4639.5,4642.5,251
2026-08-21 10:42:00-04:00,4640.60009765625,4640.60009765625,4643.60009765625,4637.5,4643.2001953125,512
2026-08-21 10:43:00-04:00,4645.0,4645.0,4646.2001953125,4640.60009765625,4641.0,465
2026-08-21 10:44:00-04:00,4639.0,4639.0,4646.10009765625,4636.5,4644.7998046875,521
2026-08-21 10:45:00-04:00,4641.2001953125,4641.2001953125,4641.2998046875,4637.0,4639.10009765625,275
2026-08-21 10:46:00-04:00,4641.2998046875,4641.2998046875,4644.10009765625,4640.39990234375,4641.39990234375,697
2026-08-21 10:47:00-04:00,4642.89990234375,4642.89990234375,4643.10009765625,4640.0,4641.39990234375,120
2026-08-21 10:48:00-04:00,4645.2001953125,4645.2001953125,4646.2998046875,4642.7998046875,4642.7998046875,187
2026-08-21 10:49:00-04:00,4647.89990234375,4647.89990234375,4648.2998046875,4645.60009765625,4645.7001953125,111
2026-08-21 10:50:00-04:00,4650.7001953125,4650.7001953125,4651.7001953125,4647.89990234375,4648.0,490
2026-08-21 10:51:00-04:00,4649.2001953125,4649.2001953125,4652.0,4649.0,4650.89990234375,214
2026-08-21 10:52:00-04:00,4646.5,4646.5,4649.0,4646.10009765625,4648.89990234375,197
2026-08-21 10:53:00-04:00,4647.2001953125,4647.2001953125,4648.2001953125,4645.7998046875,4646.2998046875,114
2026-08-21 10:54:00-04:00,4646.5,4646.5,4647.5,4644.89990234375,4647.2998046875,107
2026-08-21 10:55:00-04:00,4642.5,4642.5,4646.2001953125,4640.89990234375,4646.10009765625,351
2026-08-21 10:56:00-04:00,4646.2001953125,4646.2001953125,4646.2001953125,4642.10009765625,4642.5,131
2026-08-21 10:57:00-04:00,4647.39990234375,4647.39990234375,4648.5,4644.5,4645.89990234375,148
2026-08-21 10:58:00-04:00,4648.60009765625,4648.60009765625,4649.0,4646.60009765625,4647.39990234375,97
2026-08-21 10:59:00-04:00,4648.10009765625,4648.10009765625,4649.10009765625,4647.60009765625,4649.0,169
2026-08-21 11:00:00-04:00,4645.2998046875,4645.2998046875,4648.7001953125,4644.10009765625,4648.5,181
2026-08-21 11:01:00-04:00,4645.2998046875,4645.2998046875,4647.7001953125,4644.2001953125,4644.89990234375,176
2026-08-21 11:02:00-04:00,4648.0,4648.0,4649.10009765625,4645.5,4645.5,101
2026-08-21 11:03:00-04:00,4650.0,4650.0,4650.5,4647.2001953125,4647.89990234375,226
2026-08-21 11:04:00-04:00,4650.2001953125,4650.2001953125,4651.10009765625,4649.2998046875,4650.2001953125,128
2026-08-21 11:05:00-04:00,4651.7001953125,4651.7001953125,4652.2998046875,4649.10009765625,4650.2998046875,279
2026-08-21 11:06:00-04:00,4652.10009765625,4652.10009765625,4652.89990234375,4650.2001953125,4651.89990234375,383
2026-08-21 11:07:00-04:00,4653.7998046875,4653.7998046875,4654.10009765625,4652.5,4652.5,456
2026-08-21 11:08:00-04:00,4653.2998046875,4653.2998046875,4655.10009765625,4652.7001953125,4653.7001953125,118
2026-08-21 11:09:00-04:00,4651.0,4651.0,4653.7001953125,4650.2998046875,4653.2998046875,221
2026-08-21 11:10:00-04:00,4654.2001953125,4654.2001953125,4654.7001953125,4650.7998046875,4651.10009765625,131
2026-08-21 11:11:00-04:00,4652.39990234375,4652.39990234375,4654.7001953125,4651.2998046875,4654.2001953125,137
2026-08-21 11:12:00-04:00,4652.10009765625,4652.10009765625,4653.39990234375,4652.10009765625,4652.2998046875,95
2026-08-21 11:13:00-04:00,4652.60009765625,4652.60009765625,4653.2001953125,4651.2998046875,4651.7998046875,229
2026-08-21 11:14:00-04:00,4652.2001953125,4652.2001953125,4653.0,4651.2001953125,4652.7001953125,107
2026-08-21 11:15:00-04:00,4654.7998046875,4654.7998046875,4655.10009765625,4652.0,4652.2998046875,305
2026-08-21 11:16:00-04:00,4653.60009765625,4653.60009765625,4656.2998046875,4653.5,4654.89990234375,112
2026-08-21 11:17:00-04:00,4653.7998046875,4653.7998046875,4654.89990234375,4653.7001953125,4653.7001953125,74
2026-08-21 11:18:00-04:00,4654.7001953125,4654.7001953125,4655.5,4653.5,4653.89990234375,89
2026-08-21 11:19:00-04:00,4654.89990234375,4654.89990234375,4655.7001953125,4652.7998046875,4654.7001953125,213
2026-08-21 11:20:00-04:00,4653.89990234375,4653.89990234375,4655.0,4652.5,4654.7998046875,142
2026-08-21 11:21:00-04:00,4654.2001953125,4654.2001953125,4655.5,4653.39990234375,4654.10009765625,104
2026-08-21 11:22:00-04:00,4655.7998046875,4655.7998046875,4657.89990234375,4653.7998046875,4654.2998046875,278
2026-08-21 11:23:00-04:00,4658.0,4658.0,4658.39990234375,4655.7001953125,4655.7998046875,170
2026-08-21 11:24:00-04:00,4659.7001953125,4659.7001953125,4660.10009765625,4657.7001953125,4657.7998046875,400
2026-08-21 11:25:00-04:00,4658.89990234375,4658.89990234375,4665.5,4658.0,4659.7998046875,1566
2026-08-21 11:26:00-04:00,4658.0,4658.0,4660.2998046875,4657.39990234375,4658.7001953125,187
2026-08-21 11:27:00-04:00,4659.2001953125,4659.2001953125,4659.7001953125,4657.60009765625,4658.2001953125,176
2026-08-21 11:28:00-04:00,4662.5,4662.5,4663.60009765625,4659.2001953125,4659.2001953125,230
2026-08-21 11:29:00-04:00,4660.2998046875,4660.2998046875,4663.0,4659.7998046875,4662.39990234375,243
2026-08-21 11:30:00-04:00,4658.5,4658.5,4661.10009765625,4657.0,4660.2998046875,205
2026-08-21 11:31:00-04:00,4657.7001953125,4657.7001953125,4659.89990234375,4657.2001953125,4658.7001953125,241
2026-08-21 11:32:00-04:00,4659.60009765625,4659.60009765625,4659.60009765625,4657.0,4657.7001953125,138
2026-08-21 11:33:00-04:00,4661.89990234375,4661.89990234375,4663.10009765625,4659.0,4659.7998046875,147
2026-08-21 11:34:00-04:00,4663.60009765625,4663.60009765625,4663.7998046875,4661.89990234375,4662.0,207
2026-08-21 11:35:00-04:00,4664.7001953125,4664.7001953125,4665.39990234375,4663.2998046875,4663.60009765625,294
2026-08-21 11:36:00-04:00,4663.89990234375,4663.89990234375,4665.7998046875,4663.7001953125,4664.7998046875,115
2026-08-21 11:37:00-04:00,4663.7001953125,4663.7001953125,4666.0,4663.39990234375,4664.2998046875,305
2026-08-21 11:38:00-04:00,4664.0,4664.0,4664.60009765625,4662.5,4663.5,176
2026-08-21 11:39:00-04:00,4664.2001953125,4664.2001953125,4665.5,4663.89990234375,4664.2998046875,229
2026-08-21 11:40:00-04:00,4664.7998046875,4664.7998046875,4665.2001953125,4663.10009765625,4664.0,143
2026-08-21 11:41:00-04:00,4666.2001953125,4666.2001953125,4666.2998046875,4664.0,4664.7001953125,228
2026-08-21 11:42:00-04:00,4666.7001953125,4666.7001953125,4667.89990234375,4665.60009765625,4665.89990234375,400
2026-08-21 11:43:00-04:00,4667.2998046875,4667.2998046875,4667.7998046875,4665.2998046875,4666.7001953125,216
2026-08-21 11:44:00-04:00,4666.89990234375,4666.89990234375,4668.2001953125,4666.0,4667.2998046875,125
2026-08-21 11:45:00-04:00,4667.39990234375,4667.39990234375,4669.0,4666.7998046875,4667.2001953125,178
2026-08-21 11:46:00-04:00,4667.0,4667.0,4668.10009765625,4667.0,4667.60009765625,179
2026-08-21 11:47:00-04:00,4666.5,4666.5,4667.89990234375,4665.7001953125,4666.89990234375,150
2026-08-21 11:48:00-04:00,4665.39990234375,4665.39990234375,4666.7998046875,4665.2998046875,4666.39990234375,125
2026-08-21 11:49:00-04:00,4665.10009765625,4665.10009765625,4665.60009765625,4664.2001953125,4665.5,219
2026-08-21 11:50:00-04:00,4665.10009765625,4665.10009765625,4667.10009765625,4664.7001953125,4665.2001953125,184
2026-08-21 11:51:00-04:00,4667.7001953125,4667.7001953125,4669.10009765625,4665.0,4665.2998046875,307
2026-08-21 11:52:00-04:00,4669.7001953125,4669.7001953125,4670.2998046875,4667.7998046875,4667.89990234375,183
2026-08-21 11:53:00-04:00,4671.89990234375,4671.89990234375,4672.5,4670.0,4670.0,405
2026-08-21 11:54:00-04:00,4671.39990234375,4671.39990234375,4673.0,4670.7998046875,4672.0,180
2026-08-21 11:55:00-04:00,4671.7998046875,4671.7998046875,4672.2001953125,4670.2998046875,4671.5,175
2026-08-21 11:56:00-04:00,4672.39990234375,4672.39990234375,4672.39990234375,4669.89990234375,4672.0,209
2026-08-21 11:57:00-04:00,4669.7998046875,4669.7998046875,4672.7998046875,4669.7001953125,4672.10009765625,135
2026-08-21 11:58:00-04:00,4670.2998046875,4670.2998046875,4670.39990234375,4668.2001953125,4670.0,202
2026-08-21 11:59:00-04:00,4672.0,4672.0,4672.0,4670.10009765625,4670.2998046875,123
2026-08-21 12:00:00-04:00,4670.7998046875,4670.7998046875,4673.5,4670.60009765625,4672.10009765625,309
2026-08-21 12:01:00-04:00,4671.2998046875,4671.2998046875,4673.60009765625,4670.5,4670.60009765625,132
2026-08-21 12:02:00-04:00,4672.60009765625,4672.60009765625,4672.89990234375,4671.0,4671.10009765625,105
2026-08-21 12:03:00-04:00,4674.5,4674.5,4675.0,4672.39990234375,4672.39990234375,227
2026-08-21 12:04:00-04:00,4674.2998046875,4674.2998046875,4674.39990234375,4673.39990234375,4674.2001953125,134
2026-08-21 12:05:00-04:00,4672.39990234375,4672.39990234375,4674.5,4672.2001953125,4674.2001953125,146
2026-08-21 12:06:00-04:00,4671.60009765625,4671.60009765625,4672.7001953125,4670.7001953125,4672.7001953125,159
2026-08-21 12:07:00-04:00,4672.10009765625,4672.10009765625,4674.0,4670.39990234375,4671.60009765625,143
2026-08-21 12:08:00-04:00,4667.7001953125,4667.7001953125,4673.0,4667.5,4672.2998046875,313
2026-08-21 12:09:00-04:00,4667.60009765625,4667.60009765625,4668.39990234375,4666.2998046875,4667.5,428
2026-08-21 12:10:00-04:00,4670.7998046875,4670.7998046875,4671.7001953125,4667.60009765625,4667.7998046875,144
2026-08-21 12:11:00-04:00,4670.10009765625,4670.10009765625,4670.7998046875,4669.10009765625,4670.7998046875,122
2026-08-21 12:12:00-04:00,4671.2001953125,4671.2001953125,4671.7998046875,4669.10009765625,4669.89990234375,120
2026-08-21 12:13:00-04:00,4673.10009765625,4673.10009765625,4673.39990234375,4671.0,4671.2001953125,88
2026-08-21 12:14:00-04:00,4672.10009765625,4672.10009765625,4672.89990234375,4671.7998046875,4672.5,106
2026-08-21 12:15:00-04:00,4672.2001953125,4672.2001953125,4672.5,4671.10009765625,4672.10009765625,84
2026-08-21 12:16:00-04:00,4673.39990234375,4673.39990234375,4673.5,4672.10009765625,4672.39990234375,93
2026-08-21 12:17:00-04:00,4672.60009765625,4672.60009765625,4673.39990234375,4672.2998046875,4673.10009765625,64
2026-08-21 12:18:00-04:00,4671.7998046875,4671.7998046875,4673.39990234375,4671.7001953125,4672.7998046875,93
2026-08-21 12:19:00-04:00,4671.60009765625,4671.60009765625,4672.7001953125,4671.60009765625,4671.7998046875,134
2026-08-21 12:20:00-04:00,4669.2001953125,4669.2001953125,4671.39990234375,4668.7998046875,4671.39990234375,130
2026-08-21 12:21:00-04:00,4670.7001953125,4670.7001953125,4678.39990234375,4668.7001953125,4669.2998046875,1080
2026-08-21 12:22:00-04:00,4671.2998046875,4671.2998046875,4673.2001953125,4670.5,4671.0,134
2026-08-21 12:23:00-04:00,4671.7998046875,4671.7998046875,4671.7998046875,4669.60009765625,4671.2998046875,127
2026-08-21 12:24:00-04:00,4670.2001953125,4670.2001953125,4671.5,4670.2001953125,4671.5,97
2026-08-21 12:25:00-04:00,4670.5,4670.5,4671.2998046875,4669.7001953125,4670.2998046875,98
2026-08-21 12:26:00-04:00,4669.0,4669.0,4670.2998046875,4667.7998046875,4670.0,145
2026-08-21 12:27:00-04:00,4670.10009765625,4670.10009765625,4670.10009765625,4668.0,4669.2998046875,112
2026-08-21 12:28:00-04:00,4671.2001953125,4671.2001953125,4671.5,4670.39990234375,4670.60009765625,101
2026-08-21 12:29:00-04:00,4671.60009765625,4671.60009765625,4672.0,4670.7998046875,4670.89990234375,69
2026-08-21 12:30:00-04:00,4671.89990234375,4671.89990234375,4672.60009765625,4670.60009765625,4671.7001953125,109
2026-08-21 12:31:00-04:00,4670.10009765625,4670.10009765625,4672.2001953125,4669.89990234375,4672.2001953125,93
2026-08-21 12:32:00-04:00,4673.5,4673.5,4673.5,4669.7998046875,4670.10009765625,134
2026-08-21 12:33:00-04:00,4672.60009765625,4672.60009765625,4673.39990234375,4672.0,4673.39990234375,104
2026-08-21 12:34:00-04:00,4673.2001953125,4673.2001953125,4673.7001953125,4672.39990234375,4672.7001953125,86
2026-08-21 12:35:00-04:00,4672.7001953125,4672.7001953125,4673.39990234375,4672.0,4672.89990234375,83
2026-08-21 12:36:00-04:00,4672.7998046875,4672.7998046875,4673.89990234375,4672.5,4673.0,81
2026-08-21 12:37:00-04:00,4674.10009765625,4674.10009765625,4674.60009765625,4672.7001953125,4672.7001953125,135
2026-08-21 12:38:00-04:00,4677.0,4677.0,4677.2998046875,4673.89990234375,4674.2001953125,425
2026-08-21 12:39:00-04:00,4676.7001953125,4676.7001953125,4678.5,4675.89990234375,4677.2001953125,445
2026-08-21 12:40:00-04:00,4675.60009765625,4675.60009765625,4677.10009765625,4675.2001953125,4676.7998046875,182
2026-08-21 12:41:00-04:00,4676.60009765625,4676.60009765625,4676.7998046875,4674.89990234375,4675.7001953125,86
2026-08-21 12:42:00-04:00,4677.7001953125,4677.7001953125,4678.39990234375,4676.5,4676.5,189
2026-08-21 12:43:00-04:00,4678.7998046875,4678.7998046875,4679.60009765625,4677.39990234375,4677.39990234375,236
2026-08-21 12:44:00-04:00,4678.89990234375,4678.89990234375,4679.5,4678.0,4678.7998046875,145
2026-08-21 12:45:00-04:00,4679.39990234375,4679.39990234375,4679.5,4678.39990234375,4678.89990234375,95
2026-08-21 12:46:00-04:00,4679.60009765625,4679.60009765625,4679.89990234375,4678.7001953125,4679.60009765625,123
2026-08-21 12:47:00-04:00,4681.5,4681.5,4681.7001953125,4679.0,4679.5,184
2026-08-21 12:48:00-04:00,4681.2001953125,4681.2001953125,4682.2998046875,4680.7001953125,4681.60009765625,181
2026-08-21 12:49:00-04:00,4681.10009765625,4681.10009765625,4682.2001953125,4680.89990234375,4681.2001953125,105
2026-08-21 12:50:00-04:00,4681.89990234375,4681.89990234375,4682.39990234375,4681.2001953125,4681.2001953125,95
2026-08-21 12:51:00-04:00,4682.89990234375,4682.89990234375,4684.10009765625,4681.60009765625,4681.7998046875,309
2026-08-21 12:52:00-04:00,4682.5,4682.5,4683.10009765625,4681.2001953125,4682.89990234375,225
2026-08-21 12:53:00-04:00,4684.2001953125,4684.2001953125,4684.2998046875,4682.5,4682.7001953125,156
2026-08-21 12:54:00-04:00,4684.89990234375,4684.89990234375,4685.0,4683.7001953125,4684.2001953125,264
2026-08-21 12:55:00-04:00,4684.60009765625,4684.60009765625,4685.0,4684.0,4684.7998046875,191
2026-08-21 12:56:00-04:00,4684.2998046875,4684.2998046875,4684.89990234375,4683.2998046875,4684.60009765625,304
2026-08-21 12:57:00-04:00,4685.0,4685.0,4685.5,4684.10009765625,4684.10009765625,209
2026-08-21 12:58:00-04:00,4686.10009765625,4686.10009765625,4686.39990234375,4684.89990234375,4684.89990234375,206
2026-08-21 12:59:00-04:00,4686.60009765625,4686.60009765625,4687.2001953125,4685.39990234375,4686.0,368
2026-08-21 13:00:00-04:00,4685.7001953125,4685.7001953125,4687.10009765625,4685.2001953125,4686.7001953125,429
2026-08-21 13:01:00-04:00,4686.10009765625,4686.10009765625,4686.10009765625,4684.60009765625,4685.7001953125,185
2026-08-21 13:02:00-04:00,4687.39990234375,4687.39990234375,4687.89990234375,4685.89990234375,4686.10009765625,307
2026-08-21 13:03:00-04:00,4687.0,4687.0,4689.0,4686.60009765625,4687.5,321
2026-08-21 13:04:00-04:00,4685.60009765625,4685.60009765625,4688.5,4685.0,4687.10009765625,211
2026-08-21 13:05:00-04:00,4685.10009765625,4685.10009765625,4687.0,4684.0,4685.7001953125,219
2026-08-21 13:06:00-04:00,4685.10009765625,4685.10009765625,4687.0,4684.89990234375,4685.2001953125,162
2026-08-21 13:07:00-04:00,4687.7001953125,4687.7001953125,4688.2001953125,4685.2001953125,4685.2998046875,247
2026-08-21 13:08:00-04:00,4689.60009765625,4689.60009765625,4689.7998046875,4687.60009765625,4687.7001953125,289
2026-08-21 13:09:00-04:00,4689.0,4689.0,4690.39990234375,4688.10009765625,4689.7001953125,387
2026-08-21 13:10:00-04:00,4687.5,4687.5,4689.7998046875,4687.39990234375,4688.7998046875,411
2026-08-21 13:11:00-04:00,4687.2998046875,4687.2998046875,4689.60009765625,4686.7998046875,4687.7998046875,303
2026-08-21 13:12:00-04:00,4683.60009765625,4683.60009765625,4687.39990234375,4683.39990234375,4687.2001953125,230
2026-08-21 13:13:00-04:00,4680.7998046875,4680.7998046875,4683.60009765625,4679.7001953125,4683.60009765625,791
2026-08-21 13:14:00-04:00,4681.39990234375,4681.39990234375,4682.39990234375,4680.10009765625,4680.7001953125,335
2026-08-21 13:15:00-04:00,4681.5,4681.5,4682.2998046875,4680.5,4681.2998046875,210
2026-08-21 13:16:00-04:00,4681.7001953125,4681.7001953125,4682.10009765625,4680.10009765625,4681.5,232
2026-08-21 13:17:00-04:00,4681.2001953125,4681.2001953125,4683.2001953125,4680.39990234375,4681.89990234375,242
2026-08-21 13:18:00-04:00,4682.7001953125,4682.7001953125,4684.2001953125,4681.0,4681.10009765625,205
2026-08-21 13:19:00-04:00,4681.5,4681.5,4683.5,4680.89990234375,4682.2998046875,242
2026-08-21 13:20:00-04:00,4680.7001953125,4680.7001953125,4681.2001953125,4680.2998046875,4681.2001953125,108
2026-08-21 13:21:00-04:00,4681.60009765625,4681.60009765625,4682.7001953125,4679.89990234375,4680.5,168
2026-08-21 13:22:00-04:00,4678.60009765625,4678.60009765625,4681.60009765625,4676.60009765625,4681.60009765625,545
2026-08-21 13:23:00-04:00,4673.7998046875,4673.7998046875,4678.89990234375,4673.39990234375,4678.60009765625,1102
2026-08-21 13:24:00-04:00,4676.39990234375,4676.39990234375,4677.10009765625,4673.39990234375,4673.89990234375,180
2026-08-21 13:25:00-04:00,4675.60009765625,4675.60009765625,4677.0,4675.0,4676.39990234375,137
2026-08-21 13:26:00-04:00,4675.7001953125,4675.7001953125,4675.7998046875,4673.60009765625,4675.7998046875,150
2026-08-21 13:27:00-04:00,4677.5,4677.5,4677.5,4675.2998046875,4675.60009765625,124
2026-08-21 13:28:00-04:00,4679.89990234375,4679.89990234375,4683.0,4677.2001953125,4677.2998046875,1055
2026-08-21 13:29:00-04:00,4680.10009765625,4680.10009765625,4681.60009765625,4679.60009765625,4680.0,1046
2026-08-21 13:30:00-04:00,4677.89990234375,4677.89990234375,4680.5,4677.60009765625,4680.39990234375,276
2026-08-21 13:31:00-04:00,4679.2998046875,4679.2998046875,4679.89990234375,4678.10009765625,4678.2998046875,120
2026-08-21 13:32:00-04:00,4678.0,4678.0,4679.5,4678.0,4679.2998046875,73
2026-08-21 13:33:00-04:00,4679.0,4679.0,4679.0,4677.7998046875,4678.10009765625,77
2026-08-21 13:34:00-04:00,4678.60009765625,4678.60009765625,4679.2998046875,4678.10009765625,4678.7001953125,104
2026-08-21 13:35:00-04:00,4681.7998046875,4681.7998046875,4681.89990234375,4678.7998046875,4678.89990234375,194
2026-08-21 13:36:00-04:00,4681.7998046875,4681.7998046875,4682.5,4681.10009765625,4681.89990234375,98
2026-08-21 13:37:00-04:00,4682.10009765625,4682.10009765625,4683.10009765625,4681.5,4681.7998046875,116
2026-08-21 13:38:00-04:00,4681.89990234375,4681.89990234375,4682.2001953125,4681.2001953125,4681.89990234375,50
2026-08-21 13:39:00-04:00,4680.89990234375,4680.89990234375,4681.7998046875,4680.5,4681.7998046875,70
2026-08-21 13:40:00-04:00,4681.5,4681.5,4682.2001953125,4680.7998046875,4680.7998046875,59
2026-08-21 13:41:00-04:00,4682.5,4682.5,4682.7001953125,4680.60009765625,4681.5,61
2026-08-21 13:42:00-04:00,4681.10009765625,4681.10009765625,4682.89990234375,4680.39990234375,4682.60009765625,103
2026-08-21 13:43:00-04:00,4681.39990234375,4681.39990234375,4681.39990234375,4680.10009765625,4681.2001953125,87
2026-08-21 13:44:00-04:00,4677.7001953125,4677.7001953125,4681.5,4676.89990234375,4681.2001953125,676
2026-08-21 13:45:00-04:00,4676.2998046875,4676.2998046875,4678.10009765625,4675.5,4678.0,178
2026-08-21 13:46:00-04:00,4676.2001953125,4676.2001953125,4676.89990234375,4675.10009765625,4676.89990234375,219
2026-08-21 13:47:00-04:00,4675.89990234375,4675.89990234375,4677.2998046875,4675.60009765625,4676.60009765625,153
2026-08-21 13:48:00-04:00,4676.39990234375,4676.39990234375,4677.39990234375,4675.7998046875,4675.7998046875,122
2026-08-21 13:49:00-04:00,4676.2001953125,4676.2001953125,4678.2001953125,4676.10009765625,4676.2998046875,226
2026-08-21 13:50:00-04:00,4678.0,4678.0,4678.5,4676.39990234375,4677.0,120
2026-08-21 13:51:00-04:00,4677.7998046875,4677.7998046875,4678.60009765625,4676.2001953125,4678.2998046875,109
2026-08-21 13:52:00-04:00,4677.2998046875,4677.2998046875,4678.0,4677.2998046875,4677.60009765625,37
2026-08-21 13:53:00-04:00,4677.7998046875,4677.7998046875,4678.39990234375,4676.89990234375,4677.10009765625,103
2026-08-21 13:54:00-04:00,4677.7998046875,4677.7998046875,4680.7001953125,4677.60009765625,4678.2001953125,456
2026-08-21 13:55:00-04:00,4678.10009765625,4678.10009765625,4678.39990234375,4677.5,4677.89990234375,46
2026-08-21 13:56:00-04:00,4678.2001953125,4678.2001953125,4678.7998046875,4678.2001953125,4678.39990234375,41
2026-08-21 13:57:00-04:00,4679.10009765625,4679.10009765625,4679.2998046875,4678.0,4678.2998046875,34
2026-08-21 13:58:00-04:00,4678.5,4678.5,4679.60009765625,4678.2998046875,4679.39990234375,48
2026-08-21 13:59:00-04:00,4678.7001953125,4678.7001953125,4679.10009765625,4678.10009765625,4678.39990234375,68
2026-08-21 14:00:00-04:00,4680.60009765625,4680.60009765625,4680.60009765625,4678.60009765625,4679.0,77
2026-08-21 14:01:00-04:00,4680.39990234375,4680.39990234375,4681.39990234375,4680.2001953125,4680.5,62
2026-08-21 14:02:00-04:00,4682.7998046875,4682.7998046875,4682.7998046875,4680.2001953125,4680.2001953125,102
2026-08-21 14:03:00-04:00,4683.7998046875,4683.7998046875,4684.2001953125,4682.7998046875,4682.89990234375,113
2026-08-21 14:04:00-04:00,4684.39990234375,4684.39990234375,4684.39990234375,4684.0,4684.10009765625,33
2026-08-21 14:05:00-04:00,4682.89990234375,4682.89990234375,4684.39990234375,4682.7001953125,4684.2998046875,104
2026-08-21 14:06:00-04:00,4683.2001953125,4683.2001953125,4683.89990234375,4682.39990234375,4682.89990234375,70
2026-08-21 14:07:00-04:00,4684.10009765625,4684.10009765625,4684.5,4683.10009765625,4683.2998046875,119
2026-08-21 14:08:00-04:00,4685.2001953125,4685.2001953125,4685.89990234375,4684.2001953125,4684.2001953125,315
2026-08-21 14:09:00-04:00,4684.0,4684.0,4685.10009765625,4683.7998046875,4684.89990234375,63
2026-08-21 14:10:00-04:00,4682.7998046875,4682.7998046875,4684.2998046875,4682.7998046875,4684.10009765625,40
2026-08-21 14:11:00-04:00,4682.2001953125,4682.2001953125,4682.7001953125,4681.39990234375,4682.7001953125,36
2026-08-21 14:12:00-04:00,4682.7001953125,4682.7001953125,4682.7998046875,4681.89990234375,4682.60009765625,78
2026-08-21 14:13:00-04:00,4682.2998046875,4682.2998046875,4682.7001953125,4682.2001953125,4682.5,23
2026-08-21 14:14:00-04:00,4682.5,4682.5,4682.89990234375,4682.10009765625,4682.7998046875,33
2026-08-21 14:15:00-04:00,4683.5,4683.5,4683.5,4682.5,4682.5,15
2026-08-21 14:16:00-04:00,4683.39990234375,4683.39990234375,4683.7001953125,4682.7998046875,4683.5,39
2026-08-21 14:17:00-04:00,4683.39990234375,4683.39990234375,4683.89990234375,4683.2001953125,4683.39990234375,27
2026-08-21 14:18:00-04:00,4684.2001953125,4684.2001953125,4684.5,4683.2998046875,4683.2998046875,32
2026-08-21 14:19:00-04:00,4684.89990234375,4684.89990234375,4685.2998046875,4684.2998046875,4684.2998046875,66
2026-08-21 14:20:00-04:00,4684.89990234375,4684.89990234375,4685.7998046875,4684.60009765625,4684.7998046875,63
2026-08-21 14:21:00-04:00,4684.39990234375,4684.39990234375,4684.89990234375,4684.2998046875,4684.89990234375,27
2026-08-21 14:22:00-04:00,4684.2998046875,4684.2998046875,4684.2998046875,4683.7001953125,4684.2001953125,15
2026-08-21 14:23:00-04:00,4684.60009765625,4684.60009765625,4684.7001953125,4684.2001953125,4684.2001953125,26
2026-08-21 14:24:00-04:00,4684.5,4684.5,4684.60009765625,4683.7001953125,4684.60009765625,39
2026-08-21 14:25:00-04:00,4685.2001953125,4685.2001953125,4686.10009765625,4684.7001953125,4684.7001953125,89
2026-08-21 14:26:00-04:00,4684.39990234375,4684.39990234375,4685.39990234375,4684.2998046875,4685.2998046875,64
2026-08-21 14:27:00-04:00,4683.7001953125,4683.7001953125,4684.2998046875,4683.7001953125,4684.2998046875,30
2026-08-21 14:28:00-04:00,4683.39990234375,4683.39990234375,4684.0,4683.2998046875,4683.39990234375,20
2026-08-21 14:29:00-04:00,4683.5,4683.5,4683.7001953125,4682.7001953125,4683.0,86
2026-08-21 14:30:00-04:00,4679.7001953125,4679.7001953125,4683.2998046875,4679.39990234375,4683.2998046875,397
2026-08-21 14:31:00-04:00,4679.60009765625,4679.60009765625,4679.7998046875,4678.10009765625,4679.5,560
2026-08-21 14:32:00-04:00,4678.89990234375,4678.89990234375,4679.89990234375,4677.60009765625,4679.39990234375,139
2026-08-21 14:33:00-04:00,4679.5,4679.5,4679.5,4678.5,4678.60009765625,34
2026-08-21 14:34:00-04:00,4680.2001953125,4680.2001953125,4680.5,4679.39990234375,4679.39990234375,54
2026-08-21 14:35:00-04:00,4679.2998046875,4679.2998046875,4680.7001953125,4679.0,4680.5,93
2026-08-21 14:36:00-04:00,4680.60009765625,4680.60009765625,4680.7001953125,4679.39990234375,4679.39990234375,60
2026-08-21 14:37:00-04:00,4679.7998046875,4679.7998046875,4681.10009765625,4679.60009765625,4681.0,39
2026-08-21 14:38:00-04:00,4677.60009765625,4677.60009765625,4680.7001953125,4677.60009765625,4680.60009765625,105
2026-08-21 14:39:00-04:00,4677.7001953125,4677.7001953125,4678.10009765625,4677.5,4677.7998046875,50
2026-08-21 14:40:00-04:00,4678.39990234375,4678.39990234375,4679.0,4678.0,4678.0,44
2026-08-21 14:41:00-04:00,4678.89990234375,4678.89990234375,4679.2001953125,4678.10009765625,4678.5,38
2026-08-21 14:42:00-04:00,4678.2998046875,4678.2998046875,4678.89990234375,4678.10009765625,4678.89990234375,29
2026-08-21 14:43:00-04:00,4679.2001953125,4679.2001953125,4679.2001953125,4678.2001953125,4678.5,41
2026-08-21 14:44:00-04:00,4678.5,4678.5,4679.2998046875,4678.0,4679.2998046875,24
2026-08-21 14:45:00-04:00,4680.10009765625,4680.10009765625,4680.7001953125,4678.7998046875,4678.7998046875,89
2026-08-21 14:46:00-04:00,4680.89990234375,4680.89990234375,4680.89990234375,4680.2001953125,4680.2001953125,27
2026-08-21 14:47:00-04:00,4680.89990234375,4680.89990234375,4681.39990234375,4680.60009765625,4680.7001953125,45
2026-08-21 14:48:00-04:00,4682.10009765625,4682.10009765625,4684.0,4680.89990234375,4681.10009765625,502
2026-08-21 14:49:00-04:00,4682.2998046875,4682.2998046875,4682.89990234375,4682.0,4682.39990234375,114
2026-08-21 14:50:00-04:00,4682.0,4682.0,4682.60009765625,4681.7998046875,4682.39990234375,35
2026-08-21 14:51:00-04:00,4680.5,4680.5,4682.2001953125,4680.5,4682.0,53
2026-08-21 14:52:00-04:00,4681.7001953125,4681.7001953125,4681.7001953125,4680.7998046875,4680.7998046875,23
2026-08-21 14:53:00-04:00,4682.2001953125,4682.2001953125,4682.2001953125,4681.7001953125,4681.7998046875,23
2026-08-21 14:54:00-04:00,4682.39990234375,4682.39990234375,4682.60009765625,4682.2001953125,4682.2998046875,30
2026-08-21 14:55:00-04:00,4681.60009765625,4681.60009765625,4682.39990234375,4681.39990234375,4682.39990234375,75
2026-08-21 14:56:00-04:00,4681.2001953125,4681.2001953125,4681.7001953125,4680.7998046875,4681.7001953125,88
2026-08-21 14:57:00-04:00,4681.7998046875,4681.7998046875,4681.7998046875,4681.2001953125,4681.60009765625,106
2026-08-21 14:58:00-04:00,4681.60009765625,4681.60009765625,4682.0,4681.0,4681.7998046875,82
2026-08-21 14:59:00-04:00,4681.7998046875,4681.7998046875,4681.7998046875,4681.0,4681.39990234375,50
2026-08-21 15:00:00-04:00,4681.89990234375,4681.89990234375,4683.10009765625,4681.39990234375,4682.10009765625,136
2026-08-21 15:01:00-04:00,4679.89990234375,4679.89990234375,4681.5,4679.89990234375,4681.5,79
2026-08-21 15:02:00-04:00,4681.7998046875,4681.7998046875,4681.7998046875,4679.2998046875,4680.2998046875,77
2026-08-21 15:03:00-04:00,4680.60009765625,4680.60009765625,4682.7001953125,4680.60009765625,4681.89990234375,54
2026-08-21 15:04:00-04:00,4679.2998046875,4679.2998046875,4680.39990234375,4678.7998046875,4680.39990234375,86
2026-08-21 15:05:00-04:00,4677.2998046875,4677.2998046875,4679.7001953125,4675.89990234375,4679.2998046875,319
2026-08-21 15:06:00-04:00,4678.0,4678.0,4678.5,4677.60009765625,4677.89990234375,89
2026-08-21 15:07:00-04:00,4679.7998046875,4679.7998046875,4679.7998046875,4677.60009765625,4677.89990234375,60
2026-08-21 15:08:00-04:00,4678.7998046875,4678.7998046875,4679.7001953125,4678.60009765625,4679.60009765625,38
2026-08-21 15:09:00-04:00,4678.60009765625,4678.60009765625,4679.2001953125,4678.39990234375,4678.7001953125,33
2026-08-21 15:10:00-04:00,4678.7998046875,4678.7998046875,4678.89990234375,4678.2998046875,4678.39990234375,15
2026-08-21 15:11:00-04:00,4678.60009765625,4678.60009765625,4679.10009765625,4678.0,4678.7001953125,48
2026-08-21 15:12:00-04:00,4679.7998046875,4679.7998046875,4679.7998046875,4678.39990234375,4678.7001953125,36
2026-08-21 15:13:00-04:00,4680.5,4680.5,4680.7998046875,4679.5,4679.7998046875,41
2026-08-21 15:14:00-04:00,4680.0,4680.0,4680.7001953125,4679.89990234375,4680.5,48
2026-08-21 15:15:00-04:00,4679.10009765625,4679.10009765625,4680.2001953125,4678.89990234375,4680.2001953125,43
2026-08-21 15:16:00-04:00,4677.7001953125,4677.7001953125,4679.2998046875,4677.5,4679.10009765625,63
2026-08-21 15:17:00-04:00,4678.89990234375,4678.89990234375,4678.89990234375,4677.5,4677.5,57
2026-08-21 15:18:00-04:00,4679.39990234375,4679.39990234375,4679.60009765625,4678.2998046875,4678.7998046875,170
2026-08-21 15:19:00-04:00,4679.7998046875,4679.7998046875,4679.7998046875,4679.2001953125,4679.39990234375,31
2026-08-21 15:20:00-04:00,4679.7001953125,4679.7001953125,4680.2001953125,4679.2998046875,4679.7001953125,44
2026-08-21 15:21:00-04:00,4679.39990234375,4679.39990234375,4680.39990234375,4679.39990234375,4679.7998046875,51
2026-08-21 15:22:00-04:00,4679.89990234375,4679.89990234375,4680.2998046875,4679.2001953125,4679.7998046875,51
2026-08-21 15:23:00-04:00,4680.2001953125,4680.2001953125,4680.2998046875,4679.39990234375,4679.5,41
2026-08-21 15:24:00-04:00,4679.5,4679.5,4680.2001953125,4679.5,4680.0,48
2026-08-21 15:25:00-04:00,4679.2998046875,4679.2998046875,4680.10009765625,4679.2998046875,4679.7001953125,45
2026-08-21 15:26:00-04:00,4679.39990234375,4679.39990234375,4679.7998046875,4679.0,4679.5,38
2026-08-21 15:27:00-04:00,4678.7998046875,4678.7998046875,4679.2998046875,4678.60009765625,4679.2998046875,39
2026-08-21 15:28:00-04:00,4676.10009765625,4676.10009765625,4678.7001953125,4675.39990234375,4678.7001953125,157
2026-08-21 15:29:00-04:00,4675.60009765625,4675.60009765625,4676.39990234375,4675.2998046875,4675.7001953125,73
2026-08-21 15:30:00-04:00,4676.2998046875,4676.2998046875,4676.7998046875,4675.10009765625,4675.5,79
2026-08-21 15:31:00-04:00,4675.2998046875,4675.2998046875,4676.89990234375,4675.2998046875,4676.5,83
2026-08-21 15:32:00-04:00,4675.5,4675.5,4676.2001953125,4675.2998046875,4675.89990234375,45
2026-08-21 15:33:00-04:00,4675.0,4675.0,4676.2001953125,4674.7001953125,4675.7001953125,69
2026-08-21 15:34:00-04:00,4674.10009765625,4674.10009765625,4675.2998046875,4674.0,4674.7998046875,69
2026-08-21 15:35:00-04:00,4674.0,4674.0,4674.89990234375,4673.0,4674.39990234375,147
2026-08-21 15:36:00-04:00,4673.7001953125,4673.7001953125,4674.5,4673.2001953125,4674.0,45
2026-08-21 15:37:00-04:00,4674.2998046875,4674.2998046875,4674.60009765625,4673.7001953125,4673.7998046875,34
2026-08-21 15:38:00-04:00,4674.39990234375,4674.39990234375,4675.60009765625,4674.39990234375,4674.7001953125,62
2026-08-21 15:39:00-04:00,4674.89990234375,4674.89990234375,4675.0,4673.10009765625,4674.2998046875,47
2026-08-21 15:40:00-04:00,4676.2998046875,4676.2998046875,4676.7001953125,4675.0,4675.39990234375,85
2026-08-21 15:41:00-04:00,4676.2998046875,4676.2998046875,4676.60009765625,4675.60009765625,4676.0,47
2026-08-21 15:42:00-04:00,4676.0,4676.0,4676.39990234375,4675.39990234375,4676.0,55
2026-08-21 15:43:00-04:00,4676.5,4676.5,4676.7998046875,4675.7001953125,4675.7998046875,72
2026-08-21 15:44:00-04:00,4675.39990234375,4675.39990234375,4676.2998046875,4675.0,4676.2998046875,51
2026-08-21 15:45:00-04:00,4675.89990234375,4675.89990234375,4675.89990234375,4674.5,4675.39990234375,62
2026-08-21 15:46:00-04:00,4675.2998046875,4675.2998046875,4676.7998046875,4675.2001953125,4676.10009765625,78
2026-08-21 15:47:00-04:00,4678.10009765625,4678.10009765625,4678.2001953125,4675.10009765625,4675.5,87
2026-08-21 15:48:00-04:00,4678.7998046875,4678.7998046875,4679.60009765625,4678.0,4678.0,153
2026-08-21 15:49:00-04:00,4680.10009765625,4680.10009765625,4680.2998046875,4678.89990234375,4678.89990234375,107
2026-08-21 15:50:00-04:00,4678.7998046875,4678.7998046875,4680.2998046875,4678.2998046875,4679.7001953125,131
2026-08-21 15:51:00-04:00,4679.39990234375,4679.39990234375,4679.5,4678.60009765625,4678.89990234375,50
2026-08-21 15:52:00-04:00,4679.7998046875,4679.7998046875,4680.2001953125,4679.2001953125,4679.2998046875,54
2026-08-21 15:53:00-04:00,4679.5,4679.5,4680.60009765625,4679.39990234375,4679.89990234375,64
2026-08-21 15:54:00-04:00,4679.89990234375,4679.89990234375,4679.89990234375,4678.7001953125,4679.10009765625,65
2026-08-21 15:55:00-04:00,4677.89990234375,4677.89990234375,4679.7001953125,4676.10009765625,4679.60009765625,249
2026-08-21 15:56:00-04:00,4676.2998046875,4676.2998046875,4678.2998046875,4676.2001953125,4678.10009765625,60
2026-08-21 15:57:00-04:00,4675.5,4675.5,4676.2998046875,4674.7998046875,4676.2998046875,84
2026-08-21 15:58:00-04:00,4674.89990234375,4674.89990234375,4676.2998046875,4674.7001953125,4675.2998046875,118
2026-08-21 15:59:00-04:00,4674.7001953125,4674.7001953125,4675.2001953125,4673.0,4674.89990234375,206
2026-08-21 16:00:00-04:00,4672.89990234375,4672.89990234375,4674.7998046875,4672.7001953125,4674.60009765625,82
2026-08-21 16:01:00-04:00,4673.60009765625,4673.60009765625,4673.7998046875,4672.60009765625,4673.10009765625,42
2026-08-21 16:02:00-04:00,4673.7001953125,4673.7001953125,4674.7001953125,4672.7001953125,4673.0,41
2026-08-21 16:03:00-04:00,4674.7001953125,4674.7001953125,4674.7998046875,4673.2001953125,4674.0,65
2026-08-21 16:04:00-04:00,4674.7998046875,4674.7998046875,4674.7998046875,4674.2998046875,4674.5,15
2026-08-21 16:05:00-04:00,4674.39990234375,4674.39990234375,4674.89990234375,4674.2998046875,4674.7001953125,24
2026-08-21 16:06:00-04:00,4674.7998046875,4674.7998046875,4675.39990234375,4674.10009765625,4674.10009765625,48
2026-08-21 16:07:00-04:00,4673.89990234375,4673.89990234375,4674.60009765625,4673.89990234375,4674.5,31
2026-08-21 16:08:00-04:00,4674.39990234375,4674.39990234375,4674.39990234375,4673.0,4674.2001953125,65
2026-08-21 16:09:00-04:00,4673.7001953125,4673.7001953125,4674.5,4673.60009765625,4674.0,33
2026-08-21 16:10:00-04:00,4674.2001953125,4674.2001953125,4674.7001953125,4673.5,4674.10009765625,52
2026-08-21 16:11:00-04:00,4674.10009765625,4674.10009765625,4674.39990234375,4674.10009765625,4674.2998046875,14
2026-08-21 16:12:00-04:00,4674.39990234375,4674.39990234375,4674.39990234375,4673.60009765625,4674.2998046875,37
2026-08-21 16:13:00-04:00,4674.60009765625,4674.60009765625,4675.2001953125,4674.2998046875,4674.2998046875,41
2026-08-21 16:14:00-04:00,4674.60009765625,4674.60009765625,4674.60009765625,4674.2998046875,4674.5,9
2026-08-21 16:15:00-04:00,4673.60009765625,4673.60009765625,4675.0,4673.60009765625,4674.39990234375,37
2026-08-21 16:16:00-04:00,4672.2001953125,4672.2001953125,4674.0,4672.2001953125,4673.7998046875,34
2026-08-21 16:17:00-04:00,4672.10009765625,4672.10009765625,4672.2998046875,4671.89990234375,4672.2998046875,50
2026-08-21 16:18:00-04:00,4670.39990234375,4670.39990234375,4672.39990234375,4670.2998046875,4672.2998046875,103
2026-08-21 16:19:00-04:00,4670.10009765625,4670.10009765625,4670.2998046875,4668.7001953125,4670.2998046875,105
2026-08-21 16:20:00-04:00,4669.2001953125,4669.2001953125,4670.60009765625,4669.2001953125,4670.2998046875,42
2026-08-21 16:21:00-04:00,4669.89990234375,4669.89990234375,4670.7998046875,4669.5,4669.5,27
2026-08-21 16:22:00-04:00,4668.89990234375,4668.89990234375,4669.7001953125,4668.89990234375,4669.7001953125,18
2026-08-21 16:23:00-04:00,4668.10009765625,4668.10009765625,4669.89990234375,4668.0,4669.39990234375,18
2026-08-21 16:24:00-04:00,4668.5,4668.5,4668.60009765625,4667.7001953125,4668.5,24
2026-08-21 16:25:00-04:00,4668.39990234375,4668.39990234375,4668.60009765625,4668.0,4668.60009765625,22
2026-08-21 16:26:00-04:00,4668.39990234375,4668.39990234375,4669.10009765625,4668.0,4668.0,15
2026-08-21 16:27:00-04:00,4668.10009765625,4668.10009765625,4668.60009765625,4667.60009765625,4668.60009765625,25
2026-08-21 16:28:00-04:00,4668.39990234375,4668.39990234375,4669.2001953125,4668.2001953125,4668.5,40
2026-08-21 16:29:00-04:00,4668.0,4668.0,4668.7998046875,4668.0,4668.5,26
2026-08-21 16:30:00-04:00,4669.2001953125,4669.2001953125,4669.2001953125,4667.5,4668.0,33
2026-08-21 16:31:00-04:00,4668.60009765625,4668.60009765625,4669.39990234375,4668.39990234375,4669.2998046875,34
2026-08-21 16:32:00-04:00,4668.10009765625,4668.10009765625,4668.5,4667.7001953125,4668.39990234375,23
2026-08-21 16:33:00-04:00,4668.39990234375,4668.39990234375,4668.60009765625,4667.7998046875,4668.0,30
2026-08-21 16:34:00-04:00,4668.5,4668.5,4668.7998046875,4668.0,4668.60009765625,12
2026-08-21 16:35:00-04:00,4667.60009765625,4667.60009765625,4668.10009765625,4667.60009765625,4668.10009765625,6
2026-08-21 16:36:00-04:00,4668.7998046875,4668.7998046875,4669.2998046875,4668.2001953125,4668.2001953125,16
2026-08-21 16:37:00-04:00,4667.7998046875,4667.7998046875,4669.60009765625,4667.7998046875,4668.5,36
2026-08-21 16:38:00-04:00,4665.7001953125,4665.7001953125,4667.5,4665.39990234375,4667.39990234375,83
2026-08-21 16:39:00-04:00,4666.0,4666.0,4666.7001953125,4665.39990234375,4665.7001953125,33
2026-08-21 16:40:00-04:00,4667.10009765625,4667.10009765625,4667.39990234375,4665.7998046875,4666.0,25
2026-08-21 16:41:00-04:00,4667.0,4667.0,4667.2998046875,4666.60009765625,4666.89990234375,22
2026-08-21 16:42:00-04:00,4666.10009765625,4666.10009765625,4667.2001953125,4665.7998046875,4667.2001953125,38
2026-08-21 16:43:00-04:00,4665.7001953125,4665.7001953125,4666.2998046875,4665.7001953125,4666.2998046875,10
2026-08-21 16:44:00-04:00,4665.7998046875,4665.7998046875,4666.2001953125,4665.60009765625,4665.7998046875,9
2026-08-21 16:45:00-04:00,4665.89990234375,4665.89990234375,4666.39990234375,4665.2998046875,4665.60009765625,48
2026-08-21 16:46:00-04:00,4665.7001953125,4665.7001953125,4666.2998046875,4665.2001953125,4665.89990234375,56
2026-08-21 16:47:00-04:00,4664.7001953125,4664.7001953125,4665.89990234375,4663.5,4665.60009765625,78
2026-08-21 16:48:00-04:00,4662.2001953125,4662.2001953125,4665.10009765625,4661.0,4664.7001953125,142
2026-08-21 16:49:00-04:00,4664.0,4664.0,4664.2998046875,4662.2001953125,4662.2001953125,31
2026-08-21 16:50:00-04:00,4663.2998046875,4663.2998046875,4664.89990234375,4663.0,4663.5,77
2026-08-21 16:51:00-04:00,4662.39990234375,4662.39990234375,4663.7998046875,4661.39990234375,4663.60009765625,83
2026-08-21 16:52:00-04:00,4662.7001953125,4662.7001953125,4662.7998046875,4661.39990234375,4662.39990234375,29
2026-08-21 16:53:00-04:00,4662.60009765625,4662.60009765625,4662.89990234375,4662.0,4662.7998046875,30
2026-08-21 16:54:00-04:00,4663.2001953125,4663.2001953125,4663.5,4661.89990234375,4662.7001953125,79
2026-08-21 16:55:00-04:00,4661.89990234375,4661.89990234375,4663.2001953125,4661.60009765625,4663.2001953125,82
2026-08-21 16:56:00-04:00,4661.2001953125,4661.2001953125,4662.7998046875,4661.0,4661.7998046875,97
2026-08-21 16:57:00-04:00,4662.60009765625,4662.60009765625,4662.60009765625,4661.0,4661.39990234375,53
2026-08-21 16:58:00-04:00,4661.89990234375,4661.89990234375,4662.5,4661.5,4662.39990234375,31
2026-08-21 16:59:00-04:00,4680.60009765625,4680.60009765625,4680.60009765625,4661.10009765625,4661.7998046875,69
2026-08-23 18:10:00-04:00,4678.10009765625,4678.10009765625,4679.10009765625,4674.7998046875,4675.39990234375,0
2026-08-23 18:11:00-04:00,4675.39990234375,4675.39990234375,4678.10009765625,4675.0,4678.0,95
2026-08-23 18:12:00-04:00,4675.0,4675.0,4677.10009765625,4674.60009765625,4676.10009765625,46
2026-08-23 18:13:00-04:00,4676.2001953125,4676.2001953125,4676.2001953125,4673.7998046875,4675.2001953125,60
2026-08-23 18:14:00-04:00,4675.39990234375,4675.39990234375,4675.89990234375,4673.89990234375,4675.7001953125,40
2026-08-23 18:15:00-04:00,4675.2998046875,4675.2998046875,4675.2998046875,4673.2998046875,4675.10009765625,51
2026-08-23 18:16:00-04:00,4674.89990234375,4674.89990234375,4675.7998046875,4674.39990234375,4675.39990234375,27
2026-08-23 18:17:00-04:00,4671.5,4671.5,4674.39990234375,4670.60009765625,4674.39990234375,66
2026-08-23 18:18:00-04:00,4672.5,4672.5,4672.60009765625,4670.89990234375,4670.89990234375,22
2026-08-23 18:19:00-04:00,4675.7998046875,4675.7998046875,4675.7998046875,4672.2998046875,4672.39990234375,56
2026-08-23 18:20:00-04:00,4678.39990234375,4678.39990234375,4678.39990234375,4675.5,4675.89990234375,95
2026-08-23 18:21:00-04:00,4675.7998046875,4675.7998046875,4678.7001953125,4675.10009765625,4678.60009765625,112
2026-08-23 18:22:00-04:00,4674.10009765625,4674.10009765625,4675.7998046875,4674.10009765625,4675.10009765625,31
2026-08-23 18:23:00-04:00,4674.39990234375,4674.39990234375,4674.7998046875,4674.10009765625,4674.2001953125,11
2026-08-23 18:24:00-04:00,4674.89990234375,4674.89990234375,4674.89990234375,4672.89990234375,4674.0,31
2026-08-23 18:25:00-04:00,4674.10009765625,4674.10009765625,4674.7998046875,4673.7998046875,4674.7998046875,77
2026-08-23 18:26:00-04:00,4670.7001953125,4670.7001953125,4674.0,4670.5,4674.0,34
2026-08-23 18:27:00-04:00,4672.7998046875,4672.7998046875,4673.39990234375,4670.2001953125,4670.2998046875,66
2026-08-23 18:28:00-04:00,4671.89990234375,4671.89990234375,4672.60009765625,4671.89990234375,4672.5,12
2026-08-23 18:29:00-04:00,4671.60009765625,4671.60009765625,4671.89990234375,4670.89990234375,4671.5,22
2026-08-23 18:30:00-04:00,4673.60009765625,4673.60009765625,4674.2001953125,4671.10009765625,4671.10009765625,70
2026-08-23 18:31:00-04:00,4672.10009765625,4672.10009765625,4672.7998046875,4671.89990234375,4672.60009765625,18
2026-08-23 18:32:00-04:00,4673.5,4673.5,4673.5,4672.0,4672.0,36
2026-08-23 18:33:00-04:00,4672.7001953125,4672.7001953125,4673.0,4671.89990234375,4673.0,31
2026-08-23 18:34:00-04:00,4671.60009765625,4671.60009765625,4674.0,4670.7998046875,4672.39990234375,83
2026-08-23 18:35:00-04:00,4671.5,4671.5,4672.60009765625,4671.10009765625,4672.0,34
2026-08-23 18:36:00-04:00,4672.60009765625,4672.60009765625,4673.89990234375,4671.39990234375,4671.39990234375,41
2026-08-23 18:37:00-04:00,4671.7998046875,4671.7998046875,4673.39990234375,4671.39990234375,4672.2001953125,50
2026-08-23 18:38:00-04:00,4670.39990234375,4670.39990234375,4671.39990234375,4670.2998046875,4671.39990234375,27
2026-08-23 18:39:00-04:00,4668.89990234375,4668.89990234375,4670.89990234375,4668.7998046875,4670.89990234375,33
2026-08-23 18:40:00-04:00,4666.89990234375,4666.89990234375,4668.89990234375,4666.2001953125,4668.89990234375,81
2026-08-23 18:41:00-04:00,4664.0,4664.0,4666.7998046875,4664.0,4666.7998046875,77
2026-08-23 18:42:00-04:00,4669.5,4669.5,4669.5,4664.2001953125,4664.60009765625,99
2026-08-23 18:43:00-04:00,4667.39990234375,4667.39990234375,4669.0,4667.10009765625,4669.0,29
2026-08-23 18:44:00-04:00,4667.5,4667.5,4668.0,4666.7001953125,4667.2001953125,12
2026-08-23 18:45:00-04:00,4667.2998046875,4667.2998046875,4668.0,4667.0,4667.60009765625,26
2026-08-23 18:46:00-04:00,4667.10009765625,4667.10009765625,4667.5,4666.10009765625,4667.2998046875,28
2026-08-23 18:47:00-04:00,4667.60009765625,4667.60009765625,4667.60009765625,4664.2998046875,4667.0,60
2026-08-23 18:48:00-04:00,4665.5,4665.5,4667.7998046875,4664.60009765625,4667.5,31
2026-08-23 18:49:00-04:00,4665.89990234375,4665.89990234375,4667.10009765625,4665.89990234375,4666.0,20
2026-08-23 18:50:00-04:00,4665.7001953125,4665.7001953125,4666.2001953125,4665.2001953125,4665.60009765625,14
2026-08-23 18:51:00-04:00,4664.7001953125,4664.7001953125,4666.0,4664.60009765625,4665.60009765625,25
2026-08-23 18:52:00-04:00,4664.7001953125,4664.7001953125,4665.0,4664.10009765625,4664.60009765625,31
2026-08-23 18:53:00-04:00,4664.39990234375,4664.39990234375,4665.2998046875,4664.39990234375,4664.89990234375,8
2026-08-23 18:54:00-04:00,4665.10009765625,4665.10009765625,4665.10009765625,4664.2001953125,4664.39990234375,34
2026-08-23 18:55:00-04:00,4664.5,4664.5,4665.0,4664.5,4664.89990234375,8
2026-08-23 18:56:00-04:00,4664.60009765625,4664.60009765625,4665.0,4663.89990234375,4664.2001953125,31
2026-08-23 18:57:00-04:00,4663.7998046875,4663.7998046875,4664.7001953125,4663.7001953125,4664.7001953125,21
2026-08-23 18:58:00-04:00,4663.2998046875,4663.2998046875,4664.10009765625,4663.10009765625,4663.7001953125,22
2026-08-23 18:59:00-04:00,4663.10009765625,4663.10009765625,4663.5,4663.0,4663.5,28
2026-08-23 19:00:00-04:00,4663.2998046875,4663.2998046875,4664.2001953125,4662.10009765625,4663.5,74
2026-08-23 19:01:00-04:00,4662.89990234375,4662.89990234375,4663.5,4662.89990234375,4663.5,12
2026-08-23 19:02:00-04:00,4665.2001953125,4665.2001953125,4666.2998046875,4663.7001953125,4663.7001953125,72
2026-08-23 19:03:00-04:00,4665.39990234375,4665.39990234375,4666.10009765625,4665.10009765625,4665.10009765625,34
2026-08-23 19:04:00-04:00,4664.60009765625,4664.60009765625,4665.7001953125,4664.0,4665.60009765625,40
2026-08-23 19:05:00-04:00,4663.39990234375,4663.39990234375,4664.39990234375,4661.89990234375,4664.39990234375,55
2026-08-23 19:06:00-04:00,4664.39990234375,4664.39990234375,4664.7001953125,4663.0,4663.0,23
2026-08-23 19:07:00-04:00,4664.2001953125,4664.2001953125,4664.7998046875,4663.7998046875,4664.7998046875,11
2026-08-23 19:08:00-04:00,4664.5,4664.5,4664.7001953125,4664.2998046875,4664.2998046875,9
2026-08-23 19:09:00-04:00,4665.0,4665.0,4665.0,4664.60009765625,4664.60009765625,25
2026-08-23 19:10:00-04:00,4664.89990234375,4664.89990234375,4665.89990234375,4664.7998046875,4665.0,27
2026-08-23 19:11:00-04:00,4665.5,4665.5,4665.7998046875,4664.89990234375,4664.89990234375,14
2026-08-23 19:12:00-04:00,4665.10009765625,4665.10009765625,4666.5,4665.10009765625,4665.5,25
2026-08-23 19:13:00-04:00,4666.0,4666.0,4666.0,4664.89990234375,4665.2001953125,24
2026-08-23 19:14:00-04:00,4665.0,4665.0,4666.0,4664.7998046875,4665.7998046875,28
2026-08-23 19:15:00-04:00,4664.2998046875,4664.2998046875,4664.89990234375,4664.2998046875,4664.7998046875,8
2026-08-23 19:16:00-04:00,4664.39990234375,4664.39990234375,4664.89990234375,4664.2001953125,4664.5,12
2026-08-23 19:17:00-04:00,4665.2001953125,4665.2001953125,4665.2001953125,4664.5,4664.89990234375,23
2026-08-23 19:18:00-04:00,4664.2998046875,4664.2998046875,4665.2998046875,4664.0,4665.2998046875,84
2026-08-23 19:19:00-04:00,4664.60009765625,4664.60009765625,4664.7001953125,4664.5,4664.5,8
2026-08-23 19:20:00-04:00,4665.39990234375,4665.39990234375,4665.39990234375,4664.7998046875,4665.0,21
2026-08-23 19:21:00-04:00,4668.5,4668.5,4668.7001953125,4665.7001953125,4665.7001953125,89
2026-08-23 19:22:00-04:00,4669.7998046875,4669.7998046875,4670.0,4667.39990234375,4668.5,130
2026-08-23 19:23:00-04:00,4669.2998046875,4669.2998046875,4670.7001953125,4668.10009765625,4669.7998046875,140
2026-08-23 19:24:00-04:00,4669.39990234375,4669.39990234375,4670.39990234375,4669.2998046875,4669.5,47
2026-08-23 19:25:00-04:00,4670.7001953125,4670.7001953125,4670.7001953125,4668.39990234375,4669.7998046875,78
2026-08-23 19:26:00-04:00,4672.2998046875,4672.2998046875,4673.89990234375,4670.2998046875,4670.89990234375,168
2026-08-23 19:27:00-04:00,4671.7001953125,4671.7001953125,4672.7998046875,4671.39990234375,4672.60009765625,46
2026-08-23 19:28:00-04:00,4672.10009765625,4672.10009765625,4672.10009765625,4671.60009765625,4671.60009765625,21
2026-08-23 19:29:00-04:00,4672.60009765625,4672.60009765625,4672.7001953125,4671.89990234375,4672.2001953125,20
2026-08-23 19:30:00-04:00,4674.2001953125,4674.2001953125,4674.2001953125,4672.2001953125,4672.39990234375,40
2026-08-23 19:31:00-04:00,4674.5,4674.5,4675.2998046875,4673.7001953125,4674.2998046875,58
2026-08-23 19:32:00-04:00,4673.89990234375,4673.89990234375,4674.60009765625,4673.7998046875,4674.39990234375,17
2026-08-23 19:33:00-04:00,4671.89990234375,4671.89990234375,4674.0,4671.39990234375,4674.0,66
2026-08-23 19:34:00-04:00,4675.2998046875,4675.2998046875,4675.7001953125,4671.39990234375,4671.39990234375,80
2026-08-23 19:35:00-04:00,4673.60009765625,4673.60009765625,4676.2001953125,4673.2998046875,4675.10009765625,78
2026-08-23 19:36:00-04:00,4675.60009765625,4675.60009765625,4676.2998046875,4673.2998046875,4673.39990234375,98
2026-08-23 19:37:00-04:00,4674.10009765625,4674.10009765625,4675.0,4674.0,4675.0,37
2026-08-23 19:38:00-04:00,4674.39990234375,4674.39990234375,4675.10009765625,4673.5,4674.0,47
2026-08-23 19:39:00-04:00,4670.7998046875,4670.7998046875,4675.39990234375,4670.7001953125,4674.60009765625,87
2026-08-23 19:40:00-04:00,4669.89990234375,4669.89990234375,4671.7001953125,4669.5,4670.7998046875,41
2026-08-23 19:41:00-04:00,4667.89990234375,4667.89990234375,4669.7001953125,4667.5,4669.7001953125,107
2026-08-23 19:42:00-04:00,4665.60009765625,4665.60009765625,4668.2001953125,4665.0,4667.60009765625,107
2026-08-23 19:43:00-04:00,4665.5,4665.5,4665.7998046875,4664.7998046875,4665.7998046875,53
2026-08-23 19:44:00-04:00,4665.5,4665.5,4667.7998046875,4665.5,4665.7998046875,98
2026-08-23 19:45:00-04:00,4666.5,4666.5,4668.2001953125,4665.39990234375,4665.7001953125,60
2026-08-23 19:46:00-04:00,4666.0,4666.0,4666.89990234375,4665.89990234375,4666.60009765625,84
2026-08-23 19:47:00-04:00,4668.2001953125,4668.2001953125,4669.0,4666.39990234375,4666.39990234375,85
2026-08-23 19:48:00-04:00,4669.89990234375,4669.89990234375,4671.2001953125,4668.89990234375,4668.89990234375,43
2026-08-23 19:49:00-04:00,4672.10009765625,4672.10009765625,4672.39990234375,4669.5,4669.7001953125,48
2026-08-23 19:50:00-04:00,4674.2001953125,4674.2001953125,4675.2001953125,4672.2998046875,4672.2998046875,134
2026-08-23 19:51:00-04:00,4674.60009765625,4674.60009765625,4675.2001953125,4674.0,4674.7001953125,31
2026-08-23 19:52:00-04:00,4675.5,4675.5,4676.2001953125,4675.2998046875,4675.2998046875,35
2026-08-23 19:53:00-04:00,4676.2998046875,4676.2998046875,4676.7998046875,4675.0,4675.60009765625,34
2026-08-23 19:54:00-04:00,4679.60009765625,4679.60009765625,4679.7998046875,4676.2998046875,4676.2998046875,340
2026-08-23 19:55:00-04:00,4680.5,4680.5,4680.7001953125,4679.39990234375,4679.60009765625,65
2026-08-23 19:56:00-04:00,4682.0,4682.0,4682.0,4679.5,4680.5,78
2026-08-23 19:57:00-04:00,4681.60009765625,4681.60009765625,4682.0,4680.60009765625,4681.60009765625,31
2026-08-23 19:58:00-04:00,4680.89990234375,4680.89990234375,4681.7001953125,4680.7001953125,4681.2998046875,34
2026-08-23 19:59:00-04:00,4681.60009765625,4681.60009765625,4682.0,4680.7998046875,4680.7998046875,64
2026-08-23 20:00:00-04:00,4678.0,4678.0,4682.89990234375,4677.7998046875,4681.60009765625,212
2026-08-23 20:01:00-04:00,4678.5,4678.5,4681.0,4677.7998046875,4678.2998046875,71
2026-08-23 20:02:00-04:00,4680.89990234375,4680.89990234375,4681.0,4678.2001953125,4678.39990234375,62
2026-08-23 20:03:00-04:00,4682.60009765625,4682.60009765625,4683.2998046875,4681.39990234375,4681.5,100
2026-08-23 20:04:00-04:00,4684.7998046875,4684.7998046875,4685.5,4683.0,4683.0,170
2026-08-23 20:05:00-04:00,4688.0,4688.0,4694.2001953125,4685.0,4685.0,919
2026-08-23 20:06:00-04:00,4691.5,4691.5,4693.10009765625,4688.60009765625,4688.60009765625,238
2026-08-23 20:07:00-04:00,4695.7998046875,4695.7998046875,4696.39990234375,4691.39990234375,4691.39990234375,235
2026-08-23 20:08:00-04:00,4691.39990234375,4691.39990234375,4696.7998046875,4690.39990234375,4696.39990234375,162
2026-08-23 20:09:00-04:00,4692.2001953125,4692.2001953125,4693.89990234375,4691.60009765625,4692.0,64
2026-08-23 20:10:00-04:00,4694.2998046875,4694.2998046875,4694.2998046875,4691.2998046875,4692.2001953125,114
2026-08-23 20:11:00-04:00,4696.10009765625,4696.10009765625,4696.5,4693.10009765625,4694.7001953125,254
2026-08-23 20:12:00-04:00,4697.7001953125,4697.7001953125,4698.2998046875,4695.5,4695.5,243
2026-08-23 20:13:00-04:00,4696.39990234375,4696.39990234375,4697.7998046875,4694.7001953125,4697.39990234375,158
2026-08-23 20:14:00-04:00,4694.89990234375,4694.89990234375,4698.60009765625,4694.89990234375,4696.39990234375,62
2026-08-23 20:15:00-04:00,4697.5,4697.5,4697.89990234375,4694.2001953125,4694.7998046875,254
2026-08-23 20:16:00-04:00,4692.2998046875,4692.2998046875,4698.10009765625,4691.60009765625,4697.2998046875,135
2026-08-23 20:17:00-04:00,4688.89990234375,4688.89990234375,4691.89990234375,4688.89990234375,4691.7998046875,81
2026-08-23 20:18:00-04:00,4687.0,4687.0,4690.39990234375,4686.60009765625,4688.7998046875,149
2026-08-23 20:19:00-04:00,4686.89990234375,4686.89990234375,4687.89990234375,4686.2001953125,4686.89990234375,63
2026-08-23 20:20:00-04:00,4684.0,4684.0,4687.60009765625,4683.7998046875,4687.10009765625,171
2026-08-23 20:21:00-04:00,4676.5,4676.5,4684.0,4674.89990234375,4684.0,337
2026-08-23 20:22:00-04:00,4676.5,4676.5,4679.0,4676.0,4676.5,160
2026-08-23 20:23:00-04:00,4678.0,4678.0,4679.89990234375,4675.7001953125,4676.2998046875,125
2026-08-23 20:24:00-04:00,4670.0,4670.0,4678.39990234375,4669.39990234375,4677.89990234375,314
2026-08-23 20:25:00-04:00,4667.39990234375,4667.39990234375,4670.2001953125,4661.2001953125,4670.10009765625,496
2026-08-23 20:26:00-04:00,4654.7001953125,4654.7001953125,4669.10009765625,4653.60009765625,4667.2998046875,522
2026-08-23 20:27:00-04:00,4659.2998046875,4659.2998046875,4659.5,4651.7998046875,4654.7998046875,408
2026-08-23 20:28:00-04:00,4662.2001953125,4662.2001953125,4662.7001953125,4658.60009765625,4658.7998046875,68
2026-08-23 20:29:00-04:00,4661.60009765625,4661.60009765625,4663.2998046875,4659.7001953125,4661.89990234375,170
2026-08-23 20:30:00-04:00,4662.0,4662.0,4664.0,4660.2001953125,4661.60009765625,124
2026-08-23 20:31:00-04:00,4664.5,4664.5,4665.89990234375,4661.0,4662.0,163
2026-08-23 20:32:00-04:00,4665.10009765625,4665.10009765625,4665.2998046875,4663.7001953125,4664.39990234375,58
2026-08-23 20:33:00-04:00,4665.0,4665.0,4665.89990234375,4664.39990234375,4665.10009765625,73
2026-08-23 20:34:00-04:00,4659.5,4659.5,4666.0,4659.5,4665.0,118
2026-08-23 20:35:00-04:00,4665.0,4665.0,4665.5,4658.2001953125,4659.60009765625,204
2026-08-23 20:36:00-04:00,4663.39990234375,4663.39990234375,4665.7998046875,4662.39990234375,4664.7998046875,146
2026-08-23 20:37:00-04:00,4660.89990234375,4660.89990234375,4664.10009765625,4659.2998046875,4663.2001953125,99
2026-08-23 20:38:00-04:00,4660.60009765625,4660.60009765625,4665.60009765625,4659.2001953125,4660.39990234375,311
2026-08-23 20:39:00-04:00,4658.5,4658.5,4660.0,4658.2001953125,4660.0,67
2026-08-23 20:40:00-04:00,4661.7998046875,4661.7998046875,4662.5,4658.2998046875,4658.60009765625,60
2026-08-23 20:41:00-04:00,4662.5,4662.5,4664.39990234375,4662.39990234375,4662.39990234375,84
2026-08-23 20:42:00-04:00,4662.60009765625,4662.60009765625,4663.2001953125,4661.7001953125,4662.39990234375,21
2026-08-23 20:43:00-04:00,4663.10009765625,4663.10009765625,4664.0,4663.10009765625,4663.2998046875,32
2026-08-23 20:44:00-04:00,4664.10009765625,4664.10009765625,4664.39990234375,4661.7001953125,4663.2001953125,41
2026-08-23 20:45:00-04:00,4662.7998046875,4662.7998046875,4663.7001953125,4661.5,4663.10009765625,38
2026-08-23 20:46:00-04:00,4663.60009765625,4663.60009765625,4663.7998046875,4660.89990234375,4662.2001953125,32
2026-08-23 20:47:00-04:00,4667.5,4667.5,4667.7001953125,4663.10009765625,4663.2001953125,200
2026-08-23 20:48:00-04:00,4669.7998046875,4669.7998046875,4672.39990234375,4667.0,4667.0,308
2026-08-23 20:49:00-04:00,4671.10009765625,4671.10009765625,4671.5,4668.2001953125,4669.39990234375,97
2026-08-23 20:50:00-04:00,4670.7998046875,4670.7998046875,4671.39990234375,4669.7998046875,4670.89990234375,52
2026-08-23 20:51:00-04:00,4669.0,4669.0,4671.0,4668.60009765625,4670.7998046875,54
2026-08-23 20:52:00-04:00,4672.2001953125,4672.2001953125,4672.2998046875,4669.5,4670.0,33
2026-08-23 20:53:00-04:00,4673.60009765625,4673.60009765625,4673.60009765625,4672.10009765625,4672.10009765625,74
2026-08-23 20:54:00-04:00,4674.0,4674.0,4674.5,4673.0,4673.7001953125,85
2026-08-23 20:55:00-04:00,4673.5,4673.5,4675.2998046875,4673.2998046875,4674.2998046875,86
2026-08-23 20:56:00-04:00,4675.2001953125,4675.2001953125,4676.0,4672.7998046875,4673.89990234375,146
2026-08-23 20:57:00-04:00,4674.0,4674.0,4675.5,4673.7001953125,4675.2998046875,24
2026-08-23 20:58:00-04:00,4674.5,4674.5,4674.89990234375,4672.7998046875,4674.2998046875,64
2026-08-23 20:59:00-04:00,4678.7998046875,4678.7998046875,4680.2998046875,4674.7998046875,4674.7998046875,182
2026-08-23 21:00:00-04:00,4686.0,4686.0,4686.0,4677.10009765625,4679.0,496
2026-08-23 21:01:00-04:00,4688.2001953125,4688.2001953125,4692.0,4685.5,4685.5,525
2026-08-23 21:02:00-04:00,4677.89990234375,4677.89990234375,4688.7998046875,4677.89990234375,4688.2001953125,356
2026-08-23 21:03:00-04:00,4680.2001953125,4680.2001953125,4684.39990234375,4676.89990234375,4677.2998046875,254
2026-08-23 21:04:00-04:00,4678.7998046875,4678.7998046875,4681.10009765625,4675.7001953125,4680.5,295
2026-08-23 21:05:00-04:00,4681.7998046875,4681.7998046875,4683.2998046875,4679.5,4680.0,139
2026-08-23 21:06:00-04:00,4685.60009765625,4685.60009765625,4686.2998046875,4681.2001953125,4681.7998046875,193
2026-08-23 21:07:00-04:00,4682.7001953125,4682.7001953125,4685.7998046875,4682.7001953125,4685.2001953125,66
2026-08-23 21:08:00-04:00,4677.89990234375,4677.89990234375,4684.0,4677.2001953125,4682.5,200
2026-08-23 21:09:00-04:00,4680.0,4680.0,4681.0,4676.7998046875,4677.7998046875,101
2026-08-23 21:10:00-04:00,4680.7001953125,4680.7001953125,4684.60009765625,4679.89990234375,4680.2001953125,108
2026-08-23 21:11:00-04:00,4681.2998046875,4681.2998046875,4681.60009765625,4680.0,4680.89990234375,44
2026-08-23 21:12:00-04:00,4682.7001953125,4682.7001953125,4682.89990234375,4681.7001953125,4682.0,55
2026-08-23 21:13:00-04:00,4684.10009765625,4684.10009765625,4684.5,4682.2998046875,4682.60009765625,49
2026-08-23 21:14:00-04:00,4679.10009765625,4679.10009765625,4684.39990234375,4678.7001953125,4684.2001953125,146
2026-08-23 21:15:00-04:00,4677.7998046875,4677.7998046875,4680.0,4676.7998046875,4679.0,120
2026-08-23 21:16:00-04:00,4676.89990234375,4676.89990234375,4678.0,4673.60009765625,4678.0,138
2026-08-23 21:17:00-04:00,4681.0,4681.0,4681.39990234375,4677.2998046875,4677.39990234375,106
2026-08-23 21:18:00-04:00,4680.89990234375,4680.89990234375,4682.60009765625,4679.39990234375,4681.39990234375,107
2026-08-23 21:19:00-04:00,4678.60009765625,4678.60009765625,4682.2001953125,4678.2998046875,4680.89990234375,78
2026-08-23 21:20:00-04:00,4673.89990234375,4673.89990234375,4678.7001953125,4672.39990234375,4678.39990234375,164
2026-08-23 21:21:00-04:00,4673.2001953125,4673.2001953125,4673.89990234375,4671.2998046875,4673.7998046875,81
2026-08-23 21:22:00-04:00,4673.89990234375,4673.89990234375,4676.0,4672.60009765625,4672.7998046875,75
2026-08-23 21:23:00-04:00,4671.2001953125,4671.2001953125,4674.10009765625,4670.5,4673.7001953125,75
2026-08-23 21:24:00-04:00,4671.60009765625,4671.60009765625,4672.2998046875,4667.89990234375,4671.7001953125,179
2026-08-23 21:25:00-04:00,4671.0,4671.0,4671.60009765625,4669.0,4671.60009765625,62
2026-08-23 21:26:00-04:00,4671.5,4671.5,4672.10009765625,4669.10009765625,4671.0,120
2026-08-23 21:27:00-04:00,4672.7001953125,4672.7001953125,4673.7998046875,4669.89990234375,4671.89990234375,159
2026-08-23 21:28:00-04:00,4672.10009765625,4672.10009765625,4674.89990234375,4670.2998046875,4672.89990234375,138
2026-08-23 21:29:00-04:00,4671.39990234375,4671.39990234375,4673.2001953125,4669.0,4671.5,129
2026-08-23 21:30:00-04:00,4666.0,4666.0,4671.5,4666.0,4671.5,120
2026-08-23 21:31:00-04:00,4665.2001953125,4665.2001953125,4666.60009765625,4664.7998046875,4665.7001953125,107
2026-08-23 21:32:00-04:00,4668.2001953125,4668.2001953125,4668.2001953125,4664.60009765625,4665.39990234375,74
2026-08-23 21:33:00-04:00,4668.0,4668.0,4668.7001953125,4665.0,4668.5,84
2026-08-23 21:34:00-04:00,4671.2998046875,4671.2998046875,4671.2998046875,4668.10009765625,4668.7001953125,64
2026-08-23 21:35:00-04:00,4671.39990234375,4671.39990234375,4672.39990234375,4669.0,4671.2998046875,138
2026-08-23 21:36:00-04:00,4674.89990234375,4674.89990234375,4675.2998046875,4670.5,4670.5,171
2026-08-23 21:37:00-04:00,4675.39990234375,4675.39990234375,4677.7001953125,4673.89990234375,4674.39990234375,201
2026-08-23 21:38:00-04:00,4671.10009765625,4671.10009765625,4676.2998046875,4669.5,4675.2001953125,193
2026-08-23 21:39:00-04:00,4670.2998046875,4670.2998046875,4672.7998046875,4669.2001953125,4670.7998046875,106
2026-08-23 21:40:00-04:00,4665.60009765625,4665.60009765625,4671.0,4665.2998046875,4670.39990234375,114
2026-08-23 21:41:00-04:00,4667.5,4667.5,4667.60009765625,4664.60009765625,4665.7001953125,73
2026-08-23 21:42:00-04:00,4669.89990234375,4669.89990234375,4670.2998046875,4668.10009765625,4668.2998046875,81
2026-08-23 21:43:00-04:00,4672.7001953125,4672.7001953125,4674.7001953125,4670.2001953125,4670.2001953125,99
2026-08-23 21:44:00-04:00,4674.60009765625,4674.60009765625,4675.0,4671.89990234375,4672.0,55
2026-08-23 21:45:00-04:00,4672.10009765625,4672.10009765625,4675.0,4671.60009765625,4674.7998046875,112
2026-08-23 21:46:00-04:00,4673.0,4673.0,4673.39990234375,4671.7001953125,4672.39990234375,44
2026-08-23 21:47:00-04:00,4673.2001953125,4673.2001953125,4675.10009765625,4672.89990234375,4673.10009765625,44
2026-08-23 21:48:00-04:00,4672.2001953125,4672.2001953125,4672.60009765625,4671.5,4672.60009765625,24
2026-08-23 21:49:00-04:00,4675.39990234375,4675.39990234375,4675.39990234375,4672.0,4672.2001953125,39
2026-08-23 21:50:00-04:00,4680.2001953125,4680.2001953125,4680.5,4676.0,4676.0,170
2026-08-23 21:51:00-04:00,4683.7001953125,4683.7001953125,4684.0,4680.0,4680.0,288
2026-08-23 21:52:00-04:00,4683.2998046875,4683.2998046875,4686.60009765625,4683.2998046875,4684.2001953125,155
2026-08-23 21:53:00-04:00,4684.10009765625,4684.10009765625,4684.10009765625,4680.10009765625,4683.60009765625,177
2026-08-23 21:54:00-04:00,4685.2998046875,4685.2998046875,4685.7998046875,4683.7998046875,4684.10009765625,165
2026-08-23 21:55:00-04:00,4685.0,4685.0,4685.7001953125,4683.0,4685.10009765625,107
2026-08-23 21:56:00-04:00,4690.60009765625,4690.60009765625,4690.60009765625,4685.39990234375,4685.60009765625,381
2026-08-23 21:57:00-04:00,4692.7001953125,4692.7001953125,4692.7998046875,4690.2001953125,4690.60009765625,186
2026-08-23 21:58:00-04:00,4693.39990234375,4693.39990234375,4694.2998046875,4691.0,4692.7001953125,396
2026-08-23 21:59:00-04:00,4688.60009765625,4688.60009765625,4693.0,4688.60009765625,4693.0,176
2026-08-23 22:00:00-04:00,4686.2001953125,4686.2001953125,4689.10009765625,4684.39990234375,4688.7001953125,326
2026-08-23 22:01:00-04:00,4688.39990234375,4688.39990234375,4689.89990234375,4685.10009765625,4685.89990234375,163
2026-08-23 22:02:00-04:00,4692.10009765625,4692.10009765625,4694.10009765625,4687.89990234375,4688.0,174
2026-08-23 22:03:00-04:00,4691.5,4691.5,4693.2998046875,4691.5,4692.39990234375,68
2026-08-23 22:04:00-04:00,4693.60009765625,4693.60009765625,4695.2998046875,4692.2001953125,4692.39990234375,171
2026-08-23 22:05:00-04:00,4693.10009765625,4693.10009765625,4693.7998046875,4690.7001953125,4693.7001953125,133
2026-08-23 22:06:00-04:00,4693.7001953125,4693.7001953125,4694.60009765625,4692.89990234375,4693.2001953125,57
2026-08-23 22:07:00-04:00,4695.10009765625,4695.10009765625,4695.5,4693.10009765625,4693.7001953125,66
2026-08-23 22:08:00-04:00,4699.5,4699.5,4699.7001953125,4694.10009765625,4694.89990234375,198
2026-08-23 22:09:00-04:00,4699.2001953125,4699.2001953125,4700.0,4696.7001953125,4699.2998046875,306
2026-08-23 22:10:00-04:00,4706.10009765625,4706.10009765625,4706.39990234375,4699.0,4699.60009765625,628
2026-08-23 22:11:00-04:00,4708.2998046875,4708.2998046875,4709.0,4704.2001953125,4706.2998046875,563
2026-08-23 22:12:00-04:00,4706.5,4706.5,4709.0,4705.7001953125,4708.2001953125,245
2026-08-23 22:13:00-04:00,4705.60009765625,4705.60009765625,4708.39990234375,4705.0,4705.5,135
2026-08-23 22:14:00-04:00,4707.5,4707.5,4708.0,4704.89990234375,4705.39990234375,190
2026-08-23 22:15:00-04:00,4706.89990234375,4706.89990234375,4707.7998046875,4706.2001953125,4707.10009765625,70
2026-08-23 22:16:00-04:00,4709.0,4709.0,4709.60009765625,4707.10009765625,4707.10009765625,118
2026-08-23 22:17:00-04:00,4711.2001953125,4711.2001953125,4711.2001953125,4708.39990234375,4708.7001953125,262
2026-08-23 22:18:00-04:00,4710.2998046875,4710.2998046875,4712.10009765625,4709.7998046875,4711.10009765625,131
2026-08-23 22:19:00-04:00,4711.0,4711.0,4712.2998046875,4709.7998046875,4710.10009765625,114
2026-08-23 22:20:00-04:00,4708.60009765625,4708.60009765625,4711.2001953125,4706.2001953125,4711.2001953125,239
2026-08-23 22:21:00-04:00,4710.60009765625,4710.60009765625,4711.0,4707.2001953125,4708.5,115
2026-08-23 22:22:00-04:00,4709.39990234375,4709.39990234375,4712.0,4708.7998046875,4710.39990234375,129
2026-08-23 22:23:00-04:00,4710.7001953125,4710.7001953125,4711.10009765625,4709.0,4709.2001953125,51
2026-08-23 22:24:00-04:00,4711.10009765625,4711.10009765625,4711.7001953125,4708.39990234375,4710.60009765625,126
2026-08-23 22:25:00-04:00,4709.7998046875,4709.7998046875,4711.89990234375,4709.7998046875,4710.60009765625,69
2026-08-23 22:26:00-04:00,4708.7998046875,4708.7998046875,4710.2998046875,4708.5,4709.89990234375,50
2026-08-23 22:27:00-04:00,4707.2001953125,4707.2001953125,4708.89990234375,4706.5,4708.89990234375,61
2026-08-23 22:28:00-04:00,4711.10009765625,4711.10009765625,4711.10009765625,4707.10009765625,4707.2998046875,99
2026-08-23 22:29:00-04:00,4712.2998046875,4712.2998046875,4712.39990234375,4710.7001953125,4711.2998046875,136
2026-08-23 22:30:00-04:00,4709.10009765625,4709.10009765625,4713.7998046875,4708.10009765625,4712.39990234375,286
2026-08-23 22:31:00-04:00,4710.2998046875,4710.2998046875,4712.5,4708.89990234375,4709.10009765625,156
2026-08-23 22:32:00-04:00,4711.60009765625,4711.60009765625,4711.89990234375,4710.0,4710.39990234375,36
2026-08-23 22:33:00-04:00,4708.7998046875,4708.7998046875,4711.5,4706.5,4711.5,159
2026-08-23 22:34:00-04:00,4708.7001953125,4708.7001953125,4710.39990234375,4708.39990234375,4709.39990234375,118
2026-08-23 22:35:00-04:00,4708.2001953125,4708.2001953125,4710.7998046875,4708.0,4708.89990234375,168
2026-08-23 22:36:00-04:00,4707.2001953125,4707.2001953125,4708.39990234375,4707.0,4707.60009765625,70
2026-08-23 22:37:00-04:00,4709.2998046875,4709.2998046875,4710.2001953125,4707.39990234375,4707.7001953125,52
2026-08-23 22:38:00-04:00,4707.5,4707.5,4709.89990234375,4706.5,4708.89990234375,85
2026-08-23 22:39:00-04:00,4702.5,4702.5,4707.89990234375,4701.89990234375,4707.5,346
2026-08-23 22:40:00-04:00,4698.10009765625,4698.10009765625,4702.89990234375,4697.10009765625,4702.0,296
2026-08-23 22:41:00-04:00,4697.2998046875,4697.2998046875,4699.60009765625,4697.10009765625,4697.89990234375,62
2026-08-23 22:42:00-04:00,4698.2001953125,4698.2001953125,4698.39990234375,4695.89990234375,4696.89990234375,94
2026-08-23 22:43:00-04:00,4696.5,4696.5,4698.39990234375,4696.5,4697.7998046875,56
2026-08-23 22:44:00-04:00,4694.89990234375,4694.89990234375,4697.2001953125,4694.60009765625,4696.7998046875,166
2026-08-23 22:45:00-04:00,4691.2001953125,4691.2001953125,4695.0,4691.2001953125,4694.60009765625,240
2026-08-23 22:46:00-04:00,4690.89990234375,4690.89990234375,4692.10009765625,4690.0,4691.10009765625,264
2026-08-23 22:47:00-04:00,4689.2998046875,4689.2998046875,4691.2001953125,4688.0,4690.5,201
2026-08-23 22:48:00-04:00,4686.2998046875,4686.2998046875,4689.60009765625,4684.2998046875,4689.2001953125,286
2026-08-23 22:49:00-04:00,4685.5,4685.5,4687.7998046875,4684.7998046875,4686.2998046875,274
2026-08-23 22:50:00-04:00,4688.39990234375,4688.39990234375,4690.5,4684.7998046875,4685.39990234375,274
2026-08-23 22:51:00-04:00,4688.0,4688.0,4690.7001953125,4688.0,4689.2998046875,124
2026-08-23 22:52:00-04:00,4690.60009765625,4690.60009765625,4692.0,4688.0,4688.39990234375,141
2026-08-23 22:53:00-04:00,4692.7001953125,4692.7001953125,4693.5,4689.7998046875,4690.39990234375,160
2026-08-23 22:54:00-04:00,4695.0,4695.0,4695.0,4692.5,4692.5,91
2026-08-23 22:55:00-04:00,4699.0,4699.0,4699.2001953125,4694.2001953125,4694.7998046875,256
2026-08-23 22:56:00-04:00,4700.7001953125,4700.7001953125,4700.7998046875,4698.2998046875,4699.2998046875,133
2026-08-23 22:57:00-04:00,4699.5,4699.5,4701.5,4698.10009765625,4700.2998046875,80
2026-08-23 22:58:00-04:00,4698.2001953125,4698.2001953125,4699.10009765625,4696.7998046875,4699.10009765625,51
2026-08-23 22:59:00-04:00,4700.39990234375,4700.39990234375,4700.39990234375,4697.89990234375,4697.89990234375,65
2026-08-23 23:00:00-04:00,4699.89990234375,4699.89990234375,4700.7001953125,4697.7001953125,4700.39990234375,161
2026-08-23 23:01:00-04:00,4698.60009765625,4698.60009765625,4700.39990234375,4697.7001953125,4699.60009765625,74
2026-08-23 23:02:00-04:00,4695.39990234375,4695.39990234375,4698.7001953125,4694.7001953125,4698.7001953125,93
2026-08-23 23:03:00-04:00,4697.7998046875,4697.7998046875,4697.7998046875,4696.0,4696.0,19
2026-08-23 23:04:00-04:00,4696.89990234375,4696.89990234375,4698.7998046875,4696.60009765625,4698.0,21
2026-08-23 23:05:00-04:00,4695.39990234375,4695.39990234375,4696.5,4694.0,4696.5,85
2026-08-23 23:06:00-04:00,4691.89990234375,4691.89990234375,4695.89990234375,4691.7998046875,4695.2998046875,129
2026-08-23 23:07:00-04:00,4693.7998046875,4693.7998046875,4693.89990234375,4691.5,4692.2998046875,79
2026-08-23 23:08:00-04:00,4693.60009765625,4693.60009765625,4693.89990234375,4692.39990234375,4693.2001953125,38
2026-08-23 23:09:00-04:00,4694.5,4694.5,4695.5,4693.39990234375,4693.7001953125,26
2026-08-23 23:10:00-04:00,4692.89990234375,4692.89990234375,4696.39990234375,4692.89990234375,4694.5,32
2026-08-23 23:11:00-04:00,4691.0,4691.0,4692.5,4690.10009765625,4692.39990234375,133
2026-08-23 23:12:00-04:00,4692.2998046875,4692.2998046875,4693.0,4690.0,4690.5,49
2026-08-23 23:13:00-04:00,4695.2001953125,4695.2001953125,4695.2001953125,4691.39990234375,4692.10009765625,71
2026-08-23 23:14:00-04:00,4694.10009765625,4694.10009765625,4695.7998046875,4693.2001953125,4695.7998046875,34
2026-08-23 23:15:00-04:00,4694.39990234375,4694.39990234375,4695.89990234375,4693.7998046875,4694.2001953125,63
2026-08-23 23:16:00-04:00,4696.0,4696.0,4696.2001953125,4693.89990234375,4694.0,23
2026-08-23 23:17:00-04:00,4697.7998046875,4697.7998046875,4697.7998046875,4695.60009765625,4696.10009765625,27
2026-08-23 23:18:00-04:00,4696.39990234375,4696.39990234375,4698.0,4695.60009765625,4697.2001953125,21
2026-08-23 23:19:00-04:00,4695.0,4695.0,4697.0,4694.39990234375,4697.0,33
2026-08-23 23:20:00-04:00,4692.89990234375,4692.89990234375,4696.2998046875,4692.7998046875,4695.39990234375,58
2026-08-23 23:21:00-04:00,4696.0,4696.0,4696.0,4691.7998046875,4692.7998046875,58
2026-08-23 23:22:00-04:00,4696.2001953125,4696.2001953125,4696.39990234375,4694.89990234375,4695.2998046875,9
2026-08-23 23:23:00-04:00,4699.60009765625,4699.60009765625,4700.5,4696.5,4696.5,184
2026-08-23 23:24:00-04:00,4698.60009765625,4698.60009765625,4700.39990234375,4698.2998046875,4699.89990234375,60
2026-08-23 23:25:00-04:00,4701.89990234375,4701.89990234375,4702.10009765625,4699.2001953125,4699.5,65
2026-08-23 23:26:00-04:00,4704.0,4704.0,4705.10009765625,4701.89990234375,4702.2998046875,136
2026-08-23 23:27:00-04:00,4702.2998046875,4702.2998046875,4704.5,4701.2998046875,4704.0,103
2026-08-23 23:28:00-04:00,4700.89990234375,4700.89990234375,4702.7998046875,4700.39990234375,4702.60009765625,42
2026-08-23 23:29:00-04:00,4700.5,4700.5,4701.0,4699.2001953125,4700.60009765625,80
2026-08-23 23:30:00-04:00,4701.60009765625,4701.60009765625,4702.2998046875,4700.60009765625,4700.60009765625,40
2026-08-23 23:31:00-04:00,4703.60009765625,4703.60009765625,4703.60009765625,4700.7001953125,4701.7998046875,50
2026-08-23 23:32:00-04:00,4704.0,4704.0,4704.39990234375,4703.39990234375,4703.89990234375,30
2026-08-23 23:33:00-04:00,4703.60009765625,4703.60009765625,4704.5,4701.2001953125,4704.0,108
2026-08-23 23:34:00-04:00,4704.7001953125,4704.7001953125,4704.7001953125,4703.2001953125,4703.2001953125,43
2026-08-23 23:35:00-04:00,4704.39990234375,4704.39990234375,4705.5,4704.2001953125,4704.7001953125,46
2026-08-23 23:36:00-04:00,4705.2998046875,4705.2998046875,4705.39990234375,4703.7998046875,4704.39990234375,40
2026-08-23 23:37:00-04:00,4706.5,4706.5,4706.60009765625,4704.5,4705.2001953125,82
2026-08-23 23:38:00-04:00,4706.60009765625,4706.60009765625,4706.7998046875,4705.7998046875,4706.2001953125,50
2026-08-23 23:39:00-04:00,4704.10009765625,4704.10009765625,4707.0,4703.5,4707.0,108
2026-08-23 23:40:00-04:00,4704.5,4704.5,4705.0,4703.89990234375,4704.39990234375,21
2026-08-23 23:41:00-04:00,4703.5,4703.5,4704.60009765625,4702.89990234375,4704.60009765625,37
2026-08-23 23:42:00-04:00,4702.7001953125,4702.7001953125,4703.2998046875,4701.7998046875,4703.2001953125,75
2026-08-23 23:43:00-04:00,4702.10009765625,4702.10009765625,4703.10009765625,4702.0,4702.60009765625,20
2026-08-23 23:44:00-04:00,4700.0,4700.0,4702.10009765625,4699.60009765625,4702.10009765625,76
2026-08-23 23:45:00-04:00,4699.5,4699.5,4700.2001953125,4699.39990234375,4699.7998046875,32
2026-08-23 23:46:00-04:00,4701.5,4701.5,4701.89990234375,4699.7001953125,4699.7001953125,26
2026-08-23 23:47:00-04:00,4700.5,4700.5,4701.5,4699.7001953125,4701.5,46
2026-08-23 23:48:00-04:00,4699.7001953125,4699.7001953125,4700.7001953125,4699.39990234375,4700.5,24
2026-08-23 23:49:00-04:00,4699.60009765625,4699.60009765625,4700.7998046875,4699.10009765625,4699.39990234375,27
2026-08-23 23:50:00-04:00,4700.7998046875,4700.7998046875,4701.2001953125,4699.2998046875,4699.7001953125,19
2026-08-23 23:51:00-04:00,4700.7998046875,4700.7998046875,4701.5,4700.5,4700.5,26
2026-08-23 23:52:00-04:00,4700.39990234375,4700.39990234375,4701.39990234375,4699.7998046875,4700.2998046875,24
2026-08-23 23:53:00-04:00,4700.0,4700.0,4700.5,4699.39990234375,4700.5,14
2026-08-23 23:54:00-04:00,4698.10009765625,4698.10009765625,4700.5,4697.7001953125,4699.7001953125,83
2026-08-23 23:55:00-04:00,4698.89990234375,4698.89990234375,4700.39990234375,4698.10009765625,4698.10009765625,156
2026-08-23 23:56:00-04:00,4697.89990234375,4697.89990234375,4699.5,4697.2998046875,4698.7998046875,107
2026-08-23 23:57:00-04:00,4697.39990234375,4697.39990234375,4697.89990234375,4696.7998046875,4697.7998046875,60
2026-08-23 23:58:00-04:00,4698.2001953125,4698.2001953125,4698.39990234375,4697.5,4697.60009765625,29
2026-08-24 00:00:00-04:00,4695.5,4695.5,4698.7998046875,4695.39990234375,4698.2001953125,97
2026-08-24 00:01:00-04:00,4696.10009765625,4696.10009765625,4696.2001953125,4694.10009765625,4695.39990234375,100
2026-08-24 00:02:00-04:00,4695.89990234375,4695.89990234375,4696.5,4694.7998046875,4696.10009765625,50
2026-08-24 00:03:00-04:00,4698.2998046875,4698.2998046875,4699.0,4695.7998046875,4695.89990234375,40
2026-08-24 00:04:00-04:00,4696.2998046875,4696.2998046875,4698.2998046875,4695.89990234375,4698.2998046875,25
2026-08-24 00:05:00-04:00,4691.5,4691.5,4695.7998046875,4691.39990234375,4695.7998046875,197
2026-08-24 00:06:00-04:00,4689.60009765625,4689.60009765625,4692.39990234375,4689.2001953125,4692.2001953125,102
2026-08-24 00:07:00-04:00,4689.10009765625,4689.10009765625,4690.2998046875,4688.89990234375,4689.39990234375,98
2026-08-24 00:08:00-04:00,4690.2001953125,4690.2001953125,4690.7998046875,4689.2998046875,4689.2998046875,51
2026-08-24 00:09:00-04:00,4690.2001953125,4690.2001953125,4691.39990234375,4689.39990234375,4690.0,50
2026-08-24 00:10:00-04:00,4691.0,4691.0,4692.0,4689.39990234375,4690.0,65
2026-08-24 00:11:00-04:00,4691.7998046875,4691.7998046875,4692.10009765625,4689.7998046875,4691.2001953125,38
2026-08-24 00:12:00-04:00,4693.7001953125,4693.7001953125,4693.7001953125,4692.2001953125,4692.2001953125,20
2026-08-24 00:13:00-04:00,4694.0,4694.0,4695.0,4693.7001953125,4693.7998046875,67
2026-08-24 00:14:00-04:00,4694.7001953125,4694.7001953125,4694.7001953125,4693.39990234375,4693.39990234375,52
2026-08-24 00:15:00-04:00,4692.10009765625,4692.10009765625,4694.7001953125,4691.7998046875,4694.7001953125,41
2026-08-24 00:16:00-04:00,4692.10009765625,4692.10009765625,4692.39990234375,4690.7998046875,4692.39990234375,34
2026-08-24 00:17:00-04:00,4695.2998046875,4695.2998046875,4695.5,4692.10009765625,4692.10009765625,51
2026-08-24 00:18:00-04:00,4696.89990234375,4696.89990234375,4697.10009765625,4694.60009765625,4695.7001953125,60
2026-08-24 00:19:00-04:00,4695.7998046875,4695.7998046875,4696.89990234375,4695.39990234375,4696.89990234375,36
2026-08-24 00:20:00-04:00,4695.2998046875,4695.2998046875,4696.5,4694.89990234375,4696.2998046875,49
2026-08-24 00:21:00-04:00,4694.89990234375,4694.89990234375,4695.7998046875,4694.7001953125,4695.2001953125,26
2026-08-24 00:22:00-04:00,4694.5,4694.5,4695.2998046875,4693.5,4695.10009765625,20
2026-08-24 00:23:00-04:00,4695.7001953125,4695.7001953125,4695.7001953125,4693.7001953125,4694.60009765625,38
2026-08-24 00:24:00-04:00,4693.39990234375,4693.39990234375,4696.0,4693.39990234375,4695.89990234375,30
2026-08-24 00:25:00-04:00,4695.2998046875,4695.2998046875,4695.89990234375,4694.0,4694.10009765625,50
2026-08-24 00:26:00-04:00,4696.5,4696.5,4697.2998046875,4694.39990234375,4695.10009765625,65
2026-08-24 00:27:00-04:00,4695.39990234375,4695.39990234375,4698.10009765625,4695.39990234375,4696.7998046875,57
2026-08-24 00:28:00-04:00,4696.89990234375,4696.89990234375,4697.2001953125,4695.39990234375,4695.5,20
2026-08-24 00:29:00-04:00,4696.60009765625,4696.60009765625,4697.10009765625,4695.60009765625,4696.39990234375,19
2026-08-24 00:30:00-04:00,4694.7998046875,4694.7998046875,4697.0,4694.7001953125,4696.60009765625,32
2026-08-24 00:31:00-04:00,4694.2998046875,4694.2998046875,4694.89990234375,4694.10009765625,4694.7998046875,8
2026-08-24 00:32:00-04:00,4693.89990234375,4693.89990234375,4694.2998046875,4693.0,4694.2998046875,25
2026-08-24 00:33:00-04:00,4689.7998046875,4689.7998046875,4694.0,4689.10009765625,4693.89990234375,64
2026-08-24 00:34:00-04:00,4691.2998046875,4691.2998046875,4692.0,4689.60009765625,4689.60009765625,48
2026-08-24 00:35:00-04:00,4691.89990234375,4691.89990234375,4692.2998046875,4691.0,4691.5,28
2026-08-24 00:36:00-04:00,4691.7001953125,4691.7001953125,4692.39990234375,4691.2998046875,4692.2001953125,26
2026-08-24 00:37:00-04:00,4692.0,4692.0,4692.0,4691.5,4691.7001953125,8
2026-08-24 00:38:00-04:00,4693.2001953125,4693.2001953125,4693.60009765625,4691.7001953125,4692.2998046875,54
2026-08-24 00:39:00-04:00,4692.89990234375,4692.89990234375,4693.60009765625,4692.60009765625,4693.0,25
2026-08-24 00:40:00-04:00,4691.7001953125,4691.7001953125,4693.2001953125,4691.39990234375,4693.2001953125,18
2026-08-24 00:41:00-04:00,4692.7001953125,4692.7001953125,4693.0,4691.7001953125,4691.7001953125,22
2026-08-24 00:42:00-04:00,4692.5,4692.5,4692.60009765625,4691.2998046875,4692.10009765625,11
2026-08-24 00:43:00-04:00,4694.10009765625,4694.10009765625,4694.2001953125,4692.89990234375,4693.0,12
2026-08-24 00:44:00-04:00,4694.39990234375,4694.39990234375,4694.60009765625,4693.2001953125,4694.10009765625,17
2026-08-24 00:45:00-04:00,4693.60009765625,4693.60009765625,4695.2998046875,4693.5,4694.10009765625,17
2026-08-24 00:46:00-04:00,4694.10009765625,4694.10009765625,4694.2001953125,4692.0,4692.60009765625,37
2026-08-24 00:47:00-04:00,4693.0,4693.0,4694.0,4692.60009765625,4694.0,13
2026-08-24 00:48:00-04:00,4693.10009765625,4693.10009765625,4693.7001953125,4692.89990234375,4693.0,18
2026-08-24 00:49:00-04:00,4692.60009765625,4692.60009765625,4693.0,4692.10009765625,4692.7001953125,20
2026-08-24 00:50:00-04:00,4694.89990234375,4694.89990234375,4696.2998046875,4692.0,4692.7001953125,78
2026-08-24 00:51:00-04:00,4694.2998046875,4694.2998046875,4694.60009765625,4693.89990234375,4694.60009765625,31
2026-08-24 00:52:00-04:00,4693.7001953125,4693.7001953125,4694.2001953125,4693.7001953125,4694.0,7
2026-08-24 00:53:00-04:00,4695.2998046875,4695.2998046875,4695.89990234375,4694.0,4694.2998046875,23
2026-08-24 00:54:00-04:00,4696.0,4696.0,4696.0,4695.60009765625,4695.7998046875,7
2026-08-24 00:55:00-04:00,4694.89990234375,4694.89990234375,4696.39990234375,4694.89990234375,4696.2001953125,21
2026-08-24 00:56:00-04:00,4695.10009765625,4695.10009765625,4695.7001953125,4694.7001953125,4694.7998046875,13
2026-08-24 00:57:00-04:00,4695.5,4695.5,4695.5,4695.0,4695.2998046875,10
2026-08-24 00:58:00-04:00,4693.5,4693.5,4696.0,4693.39990234375,4695.10009765625,24
2026-08-24 00:59:00-04:00,4695.2001953125,4695.2001953125,4695.2001953125,4693.7001953125,4694.10009765625,21
2026-08-24 01:00:00-04:00,4696.60009765625,4696.60009765625,4698.0,4695.60009765625,4695.7998046875,83
2026-08-24 01:01:00-04:00,4695.7998046875,4695.7998046875,4697.0,4694.89990234375,4696.2001953125,59
2026-08-24 01:02:00-04:00,4696.0,4696.0,4697.2001953125,4696.0,4696.2001953125,13
2026-08-24 01:03:00-04:00,4696.39990234375,4696.39990234375,4696.7998046875,4695.39990234375,4695.7998046875,39
2026-08-24 01:04:00-04:00,4696.0,4696.0,4696.2001953125,4695.0,4696.10009765625,38
2026-08-24 01:05:00-04:00,4697.10009765625,4697.10009765625,4698.10009765625,4695.7998046875,4695.7998046875,30
2026-08-24 01:06:00-04:00,4697.89990234375,4697.89990234375,4698.5,4697.0,4697.0,52
2026-08-24 01:07:00-04:00,4696.89990234375,4696.89990234375,4698.7998046875,4696.39990234375,4698.0,58
2026-08-24 01:08:00-04:00,4697.7998046875,4697.7998046875,4698.2001953125,4697.39990234375,4697.60009765625,35
2026-08-24 01:09:00-04:00,4696.10009765625,4696.10009765625,4697.89990234375,4696.10009765625,4697.60009765625,46
2026-08-24 01:10:00-04:00,4696.7001953125,4696.7001953125,4696.7001953125,4695.60009765625,4696.10009765625,16
2026-08-24 01:11:00-04:00,4698.2998046875,4698.2998046875,4698.39990234375,4696.2998046875,4697.39990234375,22
2026-08-24 01:12:00-04:00,4698.2001953125,4698.2001953125,4698.39990234375,4697.2998046875,4698.2998046875,20
2026-08-24 01:13:00-04:00,4697.2001953125,4697.2001953125,4697.7998046875,4696.60009765625,4697.7998046875,23
2026-08-24 01:14:00-04:00,4699.10009765625,4699.10009765625,4699.39990234375,4696.89990234375,4697.10009765625,34
2026-08-24 01:15:00-04:00,4700.39990234375,4700.39990234375,4701.7001953125,4697.5,4699.5,148
2026-08-24 01:16:00-04:00,4700.2998046875,4700.2998046875,4700.60009765625,4700.0,4700.2001953125,16
2026-08-24 01:17:00-04:00,4701.60009765625,4701.60009765625,4702.5,4700.7001953125,4700.7001953125,52
2026-08-24 01:18:00-04:00,4700.0,4700.0,4701.5,4699.5,4701.2998046875,58
2026-08-24 01:19:00-04:00,4699.0,4699.0,4700.2001953125,4699.0,4700.2001953125,42
2026-08-24 01:20:00-04:00,4697.10009765625,4697.10009765625,4699.2001953125,4696.60009765625,4699.2001953125,58
2026-08-24 01:21:00-04:00,4695.7001953125,4695.7001953125,4697.0,4695.2998046875,4696.7998046875,59
2026-08-24 01:22:00-04:00,4695.89990234375,4695.89990234375,4696.0,4694.10009765625,4695.7998046875,55
2026-08-24 01:23:00-04:00,4694.7001953125,4694.7001953125,4695.89990234375,4694.2998046875,4695.7998046875,46
2026-08-24 01:24:00-04:00,4694.39990234375,4694.39990234375,4695.0,4694.2998046875,4694.89990234375,34
2026-08-24 01:25:00-04:00,4695.7001953125,4695.7001953125,4696.2001953125,4694.2001953125,4694.2998046875,58
2026-08-24 01:26:00-04:00,4695.2998046875,4695.2998046875,4696.10009765625,4694.2998046875,4696.10009765625,25
2026-08-24 01:27:00-04:00,4697.7001953125,4697.7001953125,4698.2998046875,4695.7998046875,4695.7998046875,56
2026-08-24 01:28:00-04:00,4695.7001953125,4695.7001953125,4697.5,4695.0,4697.5,36
2026-08-24 01:29:00-04:00,4692.2001953125,4692.2001953125,4696.2001953125,4692.2001953125,4696.0,74
2026-08-24 01:30:00-04:00,4692.7998046875,4692.7998046875,4694.60009765625,4686.7998046875,4692.0,575
2026-08-24 01:31:00-04:00,4689.7001953125,4689.7001953125,4695.60009765625,4688.7001953125,4693.10009765625,169
2026-08-24 01:32:00-04:00,4689.60009765625,4689.60009765625,4690.2001953125,4688.39990234375,4689.2001953125,60
2026-08-24 01:33:00-04:00,4688.7998046875,4688.7998046875,4690.39990234375,4687.7001953125,4689.2001953125,60
2026-08-24 01:34:00-04:00,4688.7998046875,4688.7998046875,4688.7998046875,4685.5,4688.0,126
2026-08-24 01:35:00-04:00,4692.7998046875,4692.7998046875,4693.60009765625,4688.2998046875,4688.89990234375,147
2026-08-24 01:36:00-04:00,4693.5,4693.5,4695.0,4692.5,4693.0,89
2026-08-24 01:37:00-04:00,4687.5,4687.5,4693.89990234375,4687.5,4693.5,93
2026-08-24 01:38:00-04:00,4690.10009765625,4690.10009765625,4690.39990234375,4687.0,4687.5,105
2026-08-24 01:39:00-04:00,4689.2998046875,4689.2998046875,4690.10009765625,4689.2998046875,4690.10009765625,12
2026-08-24 01:40:00-04:00,4690.0,4690.0,4691.2001953125,4688.7998046875,4689.2998046875,78
2026-08-24 01:41:00-04:00,4690.0,4690.0,4690.7998046875,4689.60009765625,4690.0,26
2026-08-24 01:42:00-04:00,4689.39990234375,4689.39990234375,4690.89990234375,4687.60009765625,4690.89990234375,61
2026-08-24 01:43:00-04:00,4690.60009765625,4690.60009765625,4690.60009765625,4687.5,4688.7998046875,73
2026-08-24 01:44:00-04:00,4689.39990234375,4689.39990234375,4691.60009765625,4689.2998046875,4690.5,69
2026-08-24 01:45:00-04:00,4692.39990234375,4692.39990234375,4692.7998046875,4688.5,4689.2001953125,60
2026-08-24 01:46:00-04:00,4688.7998046875,4688.7998046875,4692.7001953125,4688.2998046875,4692.39990234375,100
2026-08-24 01:47:00-04:00,4689.5,4689.5,4689.7998046875,4686.2998046875,4689.2998046875,153
2026-08-24 01:48:00-04:00,4692.10009765625,4692.10009765625,4692.10009765625,4688.39990234375,4689.39990234375,72
2026-08-24 01:49:00-04:00,4694.5,4694.5,4694.5,4692.0,4692.2001953125,55
2026-08-24 01:50:00-04:00,4692.60009765625,4692.60009765625,4695.7998046875,4692.60009765625,4694.7998046875,82
2026-08-24 01:51:00-04:00,4697.2998046875,4697.2998046875,4698.89990234375,4692.7998046875,4692.7998046875,81
2026-08-24 01:52:00-04:00,4697.89990234375,4697.89990234375,4698.39990234375,4697.10009765625,4697.5,61
2026-08-24 01:53:00-04:00,4697.39990234375,4697.39990234375,4699.2998046875,4696.5,4698.10009765625,61
2026-08-24 01:54:00-04:00,4694.7001953125,4694.7001953125,4697.2001953125,4693.39990234375,4697.2001953125,35
2026-08-24 01:55:00-04:00,4694.89990234375,4694.89990234375,4696.39990234375,4694.60009765625,4694.7998046875,37
2026-08-24 01:56:00-04:00,4694.10009765625,4694.10009765625,4696.10009765625,4693.89990234375,4695.10009765625,44
2026-08-24 01:57:00-04:00,4696.10009765625,4696.10009765625,4696.10009765625,4693.89990234375,4694.2001953125,21
2026-08-24 01:58:00-04:00,4696.39990234375,4696.39990234375,4697.5,4696.39990234375,4696.7001953125,33
2026-08-24 01:59:00-04:00,4697.2998046875,4697.2998046875,4697.60009765625,4696.2998046875,4696.2998046875,45
2026-08-24 02:00:00-04:00,4698.39990234375,4698.39990234375,4699.0,4695.7998046875,4697.5,165
2026-08-24 02:01:00-04:00,4698.60009765625,4698.60009765625,4698.7001953125,4697.7998046875,4697.7998046875,44
2026-08-24 02:02:00-04:00,4701.39990234375,4701.39990234375,4701.39990234375,4697.2998046875,4698.60009765625,113
2026-08-24 02:03:00-04:00,4700.7998046875,4700.7998046875,4702.2998046875,4700.39990234375,4701.2001953125,84
2026-08-24 02:04:00-04:00,4701.10009765625,4701.10009765625,4701.7001953125,4700.2001953125,4701.2001953125,56
2026-08-24 02:05:00-04:00,4702.0,4702.0,4702.60009765625,4699.39990234375,4701.2001953125,134
2026-08-24 02:06:00-04:00,4705.60009765625,4705.60009765625,4706.0,4702.0,4702.0,255
2026-08-24 02:07:00-04:00,4702.2001953125,4702.2001953125,4706.0,4702.0,4705.7998046875,145
2026-08-24 02:08:00-04:00,4705.7001953125,4705.7001953125,4706.5,4702.10009765625,4702.2998046875,135
2026-08-24 02:09:00-04:00,4705.39990234375,4705.39990234375,4708.0,4705.0,4705.60009765625,178
2026-08-24 02:10:00-04:00,4704.0,4704.0,4705.7998046875,4703.7001953125,4705.5,51
2026-08-24 02:11:00-04:00,4704.2998046875,4704.2998046875,4705.10009765625,4703.89990234375,4704.0,38
2026-08-24 02:12:00-04:00,4703.5,4703.5,4705.2001953125,4703.5,4704.5,72
2026-08-24 02:13:00-04:00,4708.0,4708.0,4708.0,4704.2001953125,4704.2001953125,173
2026-08-24 02:14:00-04:00,4708.2001953125,4708.2001953125,4708.7998046875,4706.89990234375,4708.0,100
2026-08-24 02:15:00-04:00,4712.0,4712.0,4713.2998046875,4708.5,4708.5,281
2026-08-24 02:16:00-04:00,4712.7998046875,4712.7998046875,4712.7998046875,4710.7998046875,4711.89990234375,279
2026-08-24 02:17:00-04:00,4713.10009765625,4713.10009765625,4715.7001953125,4710.89990234375,4712.7998046875,334
2026-08-24 02:18:00-04:00,4715.39990234375,4715.39990234375,4715.7001953125,4712.60009765625,4712.89990234375,534
2026-08-24 02:19:00-04:00,4712.7001953125,4712.7001953125,4716.7001953125,4712.60009765625,4715.2998046875,477
2026-08-24 02:20:00-04:00,4713.2998046875,4713.2998046875,4714.10009765625,4711.2001953125,4713.2001953125,142
2026-08-24 02:21:00-04:00,4709.7998046875,4709.7998046875,4715.0,4709.7998046875,4713.2001953125,199
2026-08-24 02:22:00-04:00,4704.7998046875,4704.7998046875,4709.89990234375,4704.0,4709.89990234375,289
2026-08-24 02:23:00-04:00,4704.39990234375,4704.39990234375,4705.2998046875,4702.89990234375,4704.7001953125,166
2026-08-24 02:24:00-04:00,4706.60009765625,4706.60009765625,4706.7998046875,4703.7001953125,4704.10009765625,110
2026-08-24 02:25:00-04:00,4705.10009765625,4705.10009765625,4706.5,4703.2998046875,4706.2998046875,85
2026-08-24 02:26:00-04:00,4701.2998046875,4701.2998046875,4705.10009765625,4700.0,4704.60009765625,303
2026-08-24 02:27:00-04:00,4699.2001953125,4699.2001953125,4701.2998046875,4699.2001953125,4701.2998046875,98
2026-08-24 02:28:00-04:00,4699.2001953125,4699.2001953125,4700.5,4698.7001953125,4698.7001953125,140
2026-08-24 02:29:00-04:00,4698.7001953125,4698.7001953125,4700.2998046875,4697.39990234375,4699.39990234375,127
2026-08-24 02:30:00-04:00,4700.89990234375,4700.89990234375,4701.7001953125,4698.60009765625,4699.2998046875,128
2026-08-24 02:31:00-04:00,4703.2998046875,4703.2998046875,4703.60009765625,4700.5,4701.2001953125,114
2026-08-24 02:32:00-04:00,4704.89990234375,4704.89990234375,4705.39990234375,4702.39990234375,4702.5,68
2026-08-24 02:33:00-04:00,4708.10009765625,4708.10009765625,4708.89990234375,4704.89990234375,4705.10009765625,86
2026-08-24 02:34:00-04:00,4706.89990234375,4706.89990234375,4707.7001953125,4705.2998046875,4707.7001953125,87
2026-08-24 02:35:00-04:00,4708.5,4708.5,4709.10009765625,4706.89990234375,4707.2998046875,144
2026-08-24 02:36:00-04:00,4708.60009765625,4708.60009765625,4709.2001953125,4707.7001953125,4709.2001953125,52
2026-08-24 02:37:00-04:00,4709.7998046875,4709.7998046875,4710.10009765625,4708.5,4708.5,61
2026-08-24 02:38:00-04:00,4707.5,4707.5,4709.5,4707.5,4709.2998046875,34
2026-08-24 02:39:00-04:00,4707.89990234375,4707.89990234375,4709.10009765625,4707.2998046875,4707.7998046875,54
2026-08-24 02:40:00-04:00,4707.2998046875,4707.2998046875,4708.2998046875,4705.7998046875,4707.7998046875,60
2026-08-24 02:41:00-04:00,4705.10009765625,4705.10009765625,4707.0,4704.89990234375,4706.89990234375,140
2026-08-24 02:42:00-04:00,4703.2998046875,4703.2998046875,4705.7001953125,4703.0,4705.10009765625,95
2026-08-24 02:43:00-04:00,4700.89990234375,4700.89990234375,4703.10009765625,4700.89990234375,4703.0,121
2026-08-24 02:44:00-04:00,4699.5,4699.5,4701.10009765625,4698.39990234375,4701.0,332
2026-08-24 02:45:00-04:00,4701.2001953125,4701.2001953125,4701.7998046875,4699.0,4699.5,157
2026-08-24 02:46:00-04:00,4702.60009765625,4702.60009765625,4702.60009765625,4700.60009765625,4701.2998046875,75
2026-08-24 02:47:00-04:00,4702.10009765625,4702.10009765625,4703.39990234375,4701.39990234375,4702.60009765625,96
2026-08-24 02:48:00-04:00,4704.10009765625,4704.10009765625,4704.39990234375,4702.2998046875,4702.2998046875,61
2026-08-24 02:49:00-04:00,4706.2001953125,4706.2001953125,4706.2998046875,4704.2998046875,4704.2998046875,67
2026-08-24 02:50:00-04:00,4705.7001953125,4705.7001953125,4708.0,4705.7001953125,4706.10009765625,97
2026-08-24 02:51:00-04:00,4705.2998046875,4705.2998046875,4705.7001953125,4702.0,4705.60009765625,200
2026-08-24 02:52:00-04:00,4708.39990234375,4708.39990234375,4708.89990234375,4704.5,4704.7001953125,76
2026-08-24 02:53:00-04:00,4709.89990234375,4709.89990234375,4710.10009765625,4708.39990234375,4708.5,108
2026-08-24 02:54:00-04:00,4707.2998046875,4707.2998046875,4709.60009765625,4707.2998046875,4709.60009765625,135
2026-08-24 02:55:00-04:00,4705.7001953125,4705.7001953125,4707.7001953125,4705.7001953125,4707.7001953125,92
2026-08-24 02:56:00-04:00,4707.10009765625,4707.10009765625,4707.7001953125,4705.89990234375,4705.89990234375,94
2026-08-24 02:57:00-04:00,4705.7998046875,4705.7998046875,4706.7998046875,4705.2001953125,4706.7998046875,28
2026-08-24 02:58:00-04:00,4706.2998046875,4706.2998046875,4706.5,4705.60009765625,4706.0,64
2026-08-24 02:59:00-04:00,4706.7001953125,4706.7001953125,4707.10009765625,4705.5,4706.2001953125,96
2026-08-24 03:00:00-04:00,4708.39990234375,4708.39990234375,4711.0,4706.10009765625,4706.39990234375,151
2026-08-24 03:01:00-04:00,4704.2001953125,4704.2001953125,4709.2998046875,4704.2001953125,4707.89990234375,114
2026-08-24 03:02:00-04:00,4705.2001953125,4705.2001953125,4705.60009765625,4703.7998046875,4704.60009765625,48
2026-08-24 03:03:00-04:00,4705.0,4705.0,4707.0,4705.0,4705.2001953125,44
2026-08-24 03:04:00-04:00,4705.10009765625,4705.10009765625,4707.0,4704.60009765625,4704.60009765625,101
2026-08-24 03:05:00-04:00,4705.7998046875,4705.7998046875,4706.2998046875,4703.7001953125,4705.10009765625,62
2026-08-24 03:06:00-04:00,4705.0,4705.0,4706.5,4704.60009765625,4706.39990234375,78
2026-08-24 03:07:00-04:00,4703.10009765625,4703.10009765625,4705.0,4702.2001953125,4705.0,184
2026-08-24 03:08:00-04:00,4703.10009765625,4703.10009765625,4704.0,4701.89990234375,4703.2998046875,104
2026-08-24 03:09:00-04:00,4702.7001953125,4702.7001953125,4703.39990234375,4700.60009765625,4703.2001953125,128
2026-08-24 03:10:00-04:00,4703.2001953125,4703.2001953125,4703.89990234375,4700.7998046875,4703.0,73
2026-08-24 03:11:00-04:00,4705.5,4705.5,4705.7001953125,4702.0,4703.2001953125,145
2026-08-24 03:12:00-04:00,4704.5,4704.5,4705.10009765625,4703.7001953125,4705.0,62
2026-08-24 03:13:00-04:00,4703.0,4703.0,4704.2998046875,4702.39990234375,4704.2998046875,50
2026-08-24 03:14:00-04:00,4704.39990234375,4704.39990234375,4705.0,4703.5,4703.60009765625,51
2026-08-24 03:15:00-04:00,4703.0,4703.0,4706.2001953125,4702.89990234375,4704.0,67
2026-08-24 03:16:00-04:00,4700.2001953125,4700.2001953125,4703.0,4698.89990234375,4702.89990234375,88
2026-08-24 03:17:00-04:00,4700.10009765625,4700.10009765625,4701.10009765625,4699.0,4700.60009765625,123
2026-08-24 03:18:00-04:00,4699.60009765625,4699.60009765625,4700.7001953125,4698.60009765625,4700.0,49
2026-08-24 03:19:00-04:00,4701.7001953125,4701.7001953125,4702.39990234375,4699.89990234375,4700.39990234375,98
2026-08-24 03:20:00-04:00,4702.7998046875,4702.7998046875,4703.2001953125,4701.2998046875,4701.89990234375,80
2026-08-24 03:21:00-04:00,4701.39990234375,4701.39990234375,4703.5,4701.10009765625,4702.2001953125,69
2026-08-24 03:22:00-04:00,4703.60009765625,4703.60009765625,4703.60009765625,4701.10009765625,4701.10009765625,41
2026-08-24 03:23:00-04:00,4699.5,4699.5,4703.7998046875,4699.10009765625,4703.60009765625,58
2026-08-24 03:24:00-04:00,4698.89990234375,4698.89990234375,4699.7001953125,4698.39990234375,4699.39990234375,35
2026-08-24 03:25:00-04:00,4702.2998046875,4702.2998046875,4702.5,4699.2998046875,4699.2998046875,63
2026-08-24 03:26:00-04:00,4700.10009765625,4700.10009765625,4703.2001953125,4699.7998046875,4702.5,32
2026-08-24 03:27:00-04:00,4701.2998046875,4701.2998046875,4701.39990234375,4699.89990234375,4699.89990234375,46
2026-08-24 03:28:00-04:00,4700.5,4700.5,4702.10009765625,4699.7001953125,4701.10009765625,43
2026-08-24 03:29:00-04:00,4699.0,4699.0,4701.2998046875,4698.0,4700.10009765625,111
2026-08-24 03:30:00-04:00,4697.2998046875,4697.2998046875,4699.2001953125,4697.2998046875,4698.39990234375,56
2026-08-24 03:31:00-04:00,4697.7998046875,4697.7998046875,4698.10009765625,4697.2001953125,4697.7998046875,54
2026-08-24 03:32:00-04:00,4699.60009765625,4699.60009765625,4700.2001953125,4698.2998046875,4698.7001953125,58
2026-08-24 03:33:00-04:00,4699.7998046875,4699.7998046875,4700.10009765625,4697.2998046875,4699.5,148
2026-08-24 03:34:00-04:00,4702.39990234375,4702.39990234375,4702.60009765625,4699.5,4699.5,35
2026-08-24 03:35:00-04:00,4703.39990234375,4703.39990234375,4704.0,4701.7001953125,4702.5,90
2026-08-24 03:36:00-04:00,4702.5,4702.5,4703.7001953125,4702.0,4703.5,50
2026-08-24 03:37:00-04:00,4701.0,4701.0,4702.5,4700.89990234375,4702.39990234375,28
2026-08-24 03:38:00-04:00,4700.89990234375,4700.89990234375,4701.60009765625,4698.89990234375,4701.10009765625,68
2026-08-24 03:39:00-04:00,4700.39990234375,4700.39990234375,4701.0,4699.60009765625,4700.2001953125,117
2026-08-24 03:40:00-04:00,4699.2001953125,4699.2001953125,4700.7998046875,4698.7998046875,4700.7001953125,47
2026-08-24 03:41:00-04:00,4696.2001953125,4696.2001953125,4700.89990234375,4696.10009765625,4699.60009765625,426
2026-08-24 03:42:00-04:00,4694.7998046875,4694.7998046875,4697.60009765625,4693.7001953125,4696.60009765625,250
2026-08-24 03:43:00-04:00,4692.10009765625,4692.10009765625,4695.2001953125,4691.39990234375,4695.0,218
2026-08-24 03:44:00-04:00,4690.60009765625,4690.60009765625,4692.5,4690.5,4691.5,296
2026-08-24 03:45:00-04:00,4689.7001953125,4689.7001953125,4691.2001953125,4687.0,4691.10009765625,441
2026-08-24 03:46:00-04:00,4688.5,4688.5,4690.2001953125,4687.7001953125,4689.5,175
2026-08-24 03:47:00-04:00,4689.5,4689.5,4689.7998046875,4686.2001953125,4688.7001953125,432
2026-08-24 03:48:00-04:00,4690.89990234375,4690.89990234375,4691.39990234375,4687.2998046875,4689.89990234375,409
2026-08-24 03:49:00-04:00,4687.39990234375,4687.39990234375,4690.60009765625,4686.39990234375,4690.60009765625,181
2026-08-24 03:50:00-04:00,4689.5,4689.5,4690.5,4686.0,4687.39990234375,126
2026-08-24 03:51:00-04:00,4692.0,4692.0,4692.0,4688.0,4689.2998046875,160
2026-08-24 03:52:00-04:00,4689.7001953125,4689.7001953125,4692.89990234375,4689.7001953125,4691.89990234375,136
2026-08-24 03:53:00-04:00,4692.2001953125,4692.2001953125,4692.2998046875,4690.0,4690.0,65
2026-08-24 03:54:00-04:00,4691.10009765625,4691.10009765625,4692.7001953125,4690.39990234375,4692.7001953125,102
2026-08-24 03:55:00-04:00,4694.39990234375,4694.39990234375,4694.5,4691.39990234375,4691.7001953125,59
2026-08-24 03:56:00-04:00,4696.10009765625,4696.10009765625,4696.60009765625,4693.7001953125,4694.2001953125,188
2026-08-24 03:57:00-04:00,4696.60009765625,4696.60009765625,4697.10009765625,4695.10009765625,4696.0,173
2026-08-24 03:58:00-04:00,4698.60009765625,4698.60009765625,4699.2001953125,4696.60009765625,4696.7998046875,225
2026-08-24 03:59:00-04:00,4697.39990234375,4697.39990234375,4699.7001953125,4697.39990234375,4699.10009765625,83
2026-08-24 04:00:00-04:00,4696.2001953125,4696.2001953125,4699.60009765625,4696.0,4697.7998046875,240
2026-08-24 04:01:00-04:00,4693.10009765625,4693.10009765625,4696.7001953125,4692.5,4696.5,253
2026-08-24 04:02:00-04:00,4693.89990234375,4693.89990234375,4695.2998046875,4692.2001953125,4693.2001953125,100
2026-08-24 04:03:00-04:00,4695.0,4695.0,4697.0,4694.0,4694.0,63
2026-08-24 04:04:00-04:00,4696.39990234375,4696.39990234375,4697.2001953125,4694.10009765625,4694.7998046875,52
2026-08-24 04:05:00-04:00,4694.2998046875,4694.2998046875,4697.7001953125,4694.2998046875,4697.39990234375,85
2026-08-24 04:06:00-04:00,4694.5,4694.5,4695.10009765625,4692.89990234375,4694.2998046875,110
2026-08-24 04:07:00-04:00,4697.7001953125,4697.7001953125,4702.0,4694.39990234375,4694.60009765625,336
2026-08-24 04:08:00-04:00,4693.2998046875,4693.2998046875,4698.10009765625,4693.2001953125,4697.7001953125,140
2026-08-24 04:09:00-04:00,4694.10009765625,4694.10009765625,4694.5,4692.39990234375,4693.0,68
2026-08-24 04:10:00-04:00,4696.39990234375,4696.39990234375,4696.39990234375,4693.89990234375,4694.2001953125,77
2026-08-24 04:11:00-04:00,4692.2001953125,4692.2001953125,4696.0,4691.7998046875,4695.7998046875,158
2026-08-24 04:12:00-04:00,4691.89990234375,4691.89990234375,4693.2998046875,4691.39990234375,4691.7998046875,99
2026-08-24 04:13:00-04:00,4694.0,4694.0,4694.0,4691.89990234375,4692.0,34
2026-08-24 04:14:00-04:00,4692.7001953125,4692.7001953125,4695.10009765625,4692.2001953125,4694.5,101
2026-08-24 04:15:00-04:00,4691.2998046875,4691.2998046875,4693.5,4690.89990234375,4693.0,58
2026-08-24 04:16:00-04:00,4687.7998046875,4687.7998046875,4691.2998046875,4687.5,4691.2998046875,149
2026-08-24 04:17:00-04:00,4687.2998046875,4687.2998046875,4688.89990234375,4687.2998046875,4687.7998046875,69
2026-08-24 04:18:00-04:00,4690.7001953125,4690.7001953125,4691.2001953125,4687.10009765625,4687.10009765625,75
2026-08-24 04:19:00-04:00,4691.2998046875,4691.2998046875,4692.89990234375,4691.2001953125,4691.5,94
2026-08-24 04:20:00-04:00,4692.89990234375,4692.89990234375,4692.89990234375,4692.0,4692.0,38
2026-08-24 04:21:00-04:00,4694.10009765625,4694.10009765625,4694.10009765625,4692.0,4692.7001953125,48
2026-08-24 04:22:00-04:00,4693.7001953125,4693.7001953125,4694.2998046875,4693.5,4693.7998046875,27
2026-08-24 04:23:00-04:00,4691.5,4691.5,4694.0,4691.39990234375,4693.7001953125,74
2026-08-24 04:24:00-04:00,4691.7998046875,4691.7998046875,4692.7001953125,4690.2998046875,4691.2001953125,35
2026-08-24 04:25:00-04:00,4691.5,4691.5,4696.2001953125,4690.7001953125,4691.7998046875,895
2026-08-24 04:26:00-04:00,4689.89990234375,4689.89990234375,4691.89990234375,4689.7001953125,4691.0,73
2026-08-24 04:27:00-04:00,4688.7998046875,4688.7998046875,4691.2998046875,4688.2001953125,4689.7998046875,241
2026-08-24 04:28:00-04:00,4688.39990234375,4688.39990234375,4689.0,4687.39990234375,4688.7001953125,67
2026-08-24 04:29:00-04:00,4684.7998046875,4684.7998046875,4688.7998046875,4684.7998046875,4688.0,258
2026-08-24 04:30:00-04:00,4687.5,4687.5,4688.7998046875,4684.2001953125,4685.0,602
2026-08-24 04:31:00-04:00,4687.7998046875,4687.7998046875,4688.10009765625,4686.2001953125,4687.10009765625,146
2026-08-24 04:32:00-04:00,4689.10009765625,4689.10009765625,4690.0,4687.7998046875,4687.89990234375,82
2026-08-24 04:33:00-04:00,4687.7998046875,4687.7998046875,4689.89990234375,4686.2001953125,4689.39990234375,90
2026-08-24 04:34:00-04:00,4690.10009765625,4690.10009765625,4690.10009765625,4688.10009765625,4688.10009765625,55
2026-08-24 04:35:00-04:00,4689.5,4689.5,4690.7001953125,4689.39990234375,4690.0,37
2026-08-24 04:36:00-04:00,4692.0,4692.0,4692.0,4689.2998046875,4689.39990234375,76
2026-08-24 04:37:00-04:00,4690.2001953125,4690.2001953125,4692.0,4689.60009765625,4691.89990234375,80
2026-08-24 04:38:00-04:00,4691.7001953125,4691.7001953125,4691.7001953125,4690.0,4690.0,21
2026-08-24 04:39:00-04:00,4693.10009765625,4693.10009765625,4693.2001953125,4691.10009765625,4691.10009765625,62
2026-08-24 04:40:00-04:00,4692.2001953125,4692.2001953125,4693.2001953125,4691.7998046875,4692.89990234375,45
2026-08-24 04:41:00-04:00,4695.5,4695.5,4695.5,4692.2998046875,4692.7001953125,131
2026-08-24 04:42:00-04:00,4697.60009765625,4697.60009765625,4697.7001953125,4694.2998046875,4695.10009765625,238
2026-08-24 04:43:00-04:00,4700.5,4700.5,4701.39990234375,4697.7998046875,4697.7998046875,324
2026-08-24 04:44:00-04:00,4700.89990234375,4700.89990234375,4701.7998046875,4700.60009765625,4700.60009765625,153
2026-08-24 04:45:00-04:00,4701.5,4701.5,4701.5,4700.10009765625,4701.2998046875,86
2026-08-24 04:46:00-04:00,4699.2998046875,4699.2998046875,4701.60009765625,4698.7001953125,4701.60009765625,131
2026-08-24 04:47:00-04:00,4701.5,4701.5,4701.5,4698.89990234375,4699.60009765625,228
2026-08-24 04:48:00-04:00,4700.39990234375,4700.39990234375,4702.0,4700.2998046875,4701.7998046875,52
2026-08-24 04:49:00-04:00,4699.2001953125,4699.2001953125,4700.7001953125,4697.89990234375,4700.39990234375,65
2026-08-24 04:50:00-04:00,4699.89990234375,4699.89990234375,4700.2001953125,4699.10009765625,4699.5,44
2026-08-24 04:51:00-04:00,4699.0,4699.0,4699.7998046875,4698.2998046875,4699.7998046875,31
2026-08-24 04:52:00-04:00,4697.10009765625,4697.10009765625,4699.2998046875,4696.39990234375,4699.2998046875,63
2026-08-24 04:53:00-04:00,4697.39990234375,4697.39990234375,4697.39990234375,4695.89990234375,4696.7998046875,59
2026-08-24 04:54:00-04:00,4697.2998046875,4697.2998046875,4698.0,4696.89990234375,4697.0,60
2026-08-24 04:55:00-04:00,4697.89990234375,4697.89990234375,4698.2001953125,4696.7001953125,4697.5,35
2026-08-24 04:56:00-04:00,4694.2998046875,4694.2998046875,4697.10009765625,4694.2998046875,4697.10009765625,57
2026-08-24 04:57:00-04:00,4692.2001953125,4692.2001953125,4694.60009765625,4691.2001953125,4694.5,163
2026-08-24 04:58:00-04:00,4693.0,4693.0,4693.39990234375,4692.2001953125,4692.2998046875,56
2026-08-24 04:59:00-04:00,4693.5,4693.5,4694.2998046875,4693.2001953125,4693.2001953125,78
2026-08-24 05:00:00-04:00,4696.0,4696.0,4696.0,4692.89990234375,4693.7001953125,234
2026-08-24 05:01:00-04:00,4696.2998046875,4696.2998046875,4698.7001953125,4695.7998046875,4696.2001953125,247
2026-08-24 05:02:00-04:00,4695.60009765625,4695.60009765625,4696.60009765625,4695.0,4696.5,87
2026-08-24 05:03:00-04:00,4696.60009765625,4696.60009765625,4697.10009765625,4695.10009765625,4695.7998046875,125
2026-08-24 05:04:00-04:00,4697.7998046875,4697.7998046875,4698.10009765625,4696.0,4696.7998046875,79
2026-08-24 05:05:00-04:00,4697.7998046875,4697.7998046875,4698.7998046875,4697.39990234375,4698.10009765625,112
2026-08-24 05:06:00-04:00,4699.2001953125,4699.2001953125,4700.2998046875,4697.7001953125,4697.7001953125,184
2026-08-24 05:07:00-04:00,4698.0,4698.0,4700.10009765625,4696.7001953125,4699.2998046875,362
2026-08-24 05:08:00-04:00,4696.2001953125,4696.2001953125,4698.10009765625,4695.60009765625,4698.0,92
2026-08-24 05:09:00-04:00,4697.7998046875,4697.7998046875,4698.7001953125,4696.7001953125,4696.7001953125,123
2026-08-24 05:10:00-04:00,4697.0,4697.0,4698.5,4696.7998046875,4697.89990234375,56
2026-08-24 05:11:00-04:00,4695.2001953125,4695.2001953125,4696.7998046875,4694.60009765625,4696.39990234375,48
2026-08-24 05:12:00-04:00,4698.7001953125,4698.7001953125,4699.2998046875,4695.39990234375,4695.39990234375,143
2026-08-24 05:13:00-04:00,4696.0,4696.0,4698.7998046875,4695.89990234375,4698.7998046875,33
2026-08-24 05:14:00-04:00,4697.2998046875,4697.2998046875,4697.5,4695.7998046875,4695.7998046875,150
2026-08-24 05:15:00-04:00,4695.2998046875,4695.2998046875,4697.2001953125,4695.2998046875,4697.2001953125,121
2026-08-24 05:16:00-04:00,4692.7998046875,4692.7998046875,4695.60009765625,4692.10009765625,4695.5,120
2026-08-24 05:17:00-04:00,4691.89990234375,4691.89990234375,4692.5,4690.7998046875,4692.5,164
2026-08-24 05:18:00-04:00,4691.7998046875,4691.7998046875,4692.5,4690.2998046875,4691.7998046875,67
2026-08-24 05:19:00-04:00,4691.89990234375,4691.89990234375,4693.7998046875,4691.7998046875,4692.2001953125,231
2026-08-24 05:20:00-04:00,4694.0,4694.0,4694.5,4691.2998046875,4692.0,87
2026-08-24 05:21:00-04:00,4694.10009765625,4694.10009765625,4694.7001953125,4693.7998046875,4693.89990234375,62
2026-08-24 05:22:00-04:00,4693.39990234375,4693.39990234375,4694.7001953125,4693.10009765625,4693.89990234375,110
2026-08-24 05:23:00-04:00,4692.2998046875,4692.2998046875,4693.5,4691.7998046875,4693.5,62
2026-08-24 05:24:00-04:00,4692.7998046875,4692.7998046875,4693.10009765625,4692.39990234375,4692.5,25
2026-08-24 05:25:00-04:00,4692.39990234375,4692.39990234375,4692.7001953125,4690.89990234375,4692.2001953125,83
2026-08-24 05:26:00-04:00,4692.2001953125,4692.2001953125,4693.7001953125,4692.10009765625,4692.7001953125,119
2026-08-24 05:27:00-04:00,4692.89990234375,4692.89990234375,4693.10009765625,4692.10009765625,4692.10009765625,22
2026-08-24 05:28:00-04:00,4691.7998046875,4691.7998046875,4694.2001953125,4691.7998046875,4693.0,222
2026-08-24 05:29:00-04:00,4691.39990234375,4691.39990234375,4692.7001953125,4691.10009765625,4692.0,284
2026-08-24 05:30:00-04:00,4690.60009765625,4690.60009765625,4694.60009765625,4690.0,4691.60009765625,261
2026-08-24 05:31:00-04:00,4692.7998046875,4692.7998046875,4692.7998046875,4690.60009765625,4690.7001953125,90
2026-08-24 05:32:00-04:00,4693.89990234375,4693.89990234375,4696.60009765625,4692.89990234375,4692.89990234375,543
2026-08-24 05:33:00-04:00,4692.0,4692.0,4694.0,4690.60009765625,4693.7001953125,259
2026-08-24 05:34:00-04:00,4691.0,4691.0,4692.5,4690.60009765625,4691.7001953125,82
2026-08-24 05:35:00-04:00,4689.7001953125,4689.7001953125,4691.60009765625,4689.7001953125,4691.2001953125,110
2026-08-24 05:36:00-04:00,4690.89990234375,4690.89990234375,4691.5,4688.7998046875,4689.60009765625,204
2026-08-24 05:37:00-04:00,4691.0,4691.0,4692.2998046875,4689.60009765625,4690.2998046875,133
2026-08-24 05:38:00-04:00,4691.60009765625,4691.60009765625,4692.60009765625,4691.2001953125,4691.2001953125,63
2026-08-24 05:39:00-04:00,4692.7998046875,4692.7998046875,4693.10009765625,4691.0,4691.2998046875,144
2026-08-24 05:40:00-04:00,4692.5,4692.5,4693.7998046875,4692.5,4693.10009765625,86
2026-08-24 05:41:00-04:00,4692.89990234375,4692.89990234375,4694.7998046875,4692.60009765625,4692.89990234375,170
2026-08-24 05:42:00-04:00,4694.7001953125,4694.7001953125,4695.0,4693.2001953125,4693.2001953125,56
2026-08-24 05:43:00-04:00,4693.89990234375,4693.89990234375,4695.2998046875,4693.89990234375,4694.89990234375,102
2026-08-24 05:44:00-04:00,4695.2998046875,4695.2998046875,4695.89990234375,4694.0,4694.39990234375,57
2026-08-24 05:45:00-04:00,4697.60009765625,4697.60009765625,4697.7998046875,4695.2001953125,4695.2998046875,102
2026-08-24 05:46:00-04:00,4698.7001953125,4698.7001953125,4698.7001953125,4696.5,4697.39990234375,197
2026-08-24 05:47:00-04:00,4701.10009765625,4701.10009765625,4701.10009765625,4698.60009765625,4698.7998046875,169
2026-08-24 05:48:00-04:00,4699.7001953125,4699.7001953125,4701.39990234375,4699.39990234375,4701.0,116
2026-08-24 05:49:00-04:00,4700.39990234375,4700.39990234375,4701.0,4699.7001953125,4699.7998046875,67
2026-08-24 05:50:00-04:00,4699.60009765625,4699.60009765625,4701.7998046875,4699.2998046875,4700.2998046875,153
2026-08-24 05:51:00-04:00,4698.7001953125,4698.7001953125,4699.60009765625,4698.2998046875,4699.60009765625,51
2026-08-24 05:52:00-04:00,4699.10009765625,4699.10009765625,4699.10009765625,4698.10009765625,4698.89990234375,34
2026-08-24 05:53:00-04:00,4699.10009765625,4699.10009765625,4700.10009765625,4698.89990234375,4699.2001953125,120
2026-08-24 05:54:00-04:00,4700.89990234375,4700.89990234375,4700.89990234375,4699.2001953125,4699.2998046875,61
2026-08-24 05:55:00-04:00,4700.7998046875,4700.7998046875,4701.2001953125,4700.39990234375,4700.7001953125,65
2026-08-24 05:56:00-04:00,4701.60009765625,4701.60009765625,4701.7001953125,4699.7001953125,4700.39990234375,50
2026-08-24 05:57:00-04:00,4701.10009765625,4701.10009765625,4701.89990234375,4701.10009765625,4701.7998046875,90
2026-08-24 05:58:00-04:00,4701.7001953125,4701.7001953125,4701.7001953125,4701.2998046875,4701.39990234375,26
2026-08-24 05:59:00-04:00,4702.39990234375,4702.39990234375,4702.7001953125,4701.39990234375,4701.5,120
2026-08-24 06:00:00-04:00,4703.7998046875,4703.7998046875,4704.89990234375,4702.39990234375,4702.39990234375,237
2026-08-24 06:01:00-04:00,4704.0,4704.0,4704.0,4702.7001953125,4703.89990234375,113
2026-08-24 06:02:00-04:00,4703.60009765625,4703.60009765625,4704.5,4703.5,4704.10009765625,70
2026-08-24 06:03:00-04:00,4706.60009765625,4706.60009765625,4706.60009765625,4703.2998046875,4703.7998046875,128
2026-08-24 06:04:00-04:00,4705.7001953125,4705.7001953125,4706.60009765625,4704.89990234375,4706.5,139
2026-08-24 06:05:00-04:00,4705.5,4705.5,4707.0,4704.7998046875,4705.89990234375,189
2026-08-24 06:06:00-04:00,4704.10009765625,4704.10009765625,4705.39990234375,4703.0,4705.39990234375,214
2026-08-24 06:07:00-04:00,4706.5,4706.5,4706.5,4704.2001953125,4704.2998046875,59
2026-08-24 06:08:00-04:00,4704.89990234375,4704.89990234375,4706.89990234375,4704.89990234375,4706.7001953125,175
2026-08-24 06:09:00-04:00,4704.0,4704.0,4704.7998046875,4703.5,4704.7998046875,42
2026-08-24 06:10:00-04:00,4704.5,4704.5,4704.89990234375,4703.60009765625,4704.2998046875,130
2026-08-24 06:11:00-04:00,4705.2998046875,4705.2998046875,4705.2998046875,4702.5,4704.39990234375,180
2026-08-24 06:12:00-04:00,4706.5,4706.5,4707.0,4704.7001953125,4705.2001953125,105
2026-08-24 06:13:00-04:00,4705.7998046875,4705.7998046875,4706.60009765625,4705.60009765625,4706.60009765625,54
2026-08-24 06:14:00-04:00,4704.89990234375,4704.89990234375,4706.7001953125,4704.89990234375,4705.89990234375,87
2026-08-24 06:15:00-04:00,4704.2998046875,4704.2998046875,4705.60009765625,4703.39990234375,4705.2998046875,76
2026-08-24 06:16:00-04:00,4704.5,4704.5,4704.7998046875,4704.10009765625,4704.5,24
2026-08-24 06:17:00-04:00,4703.5,4703.5,4704.60009765625,4703.39990234375,4704.39990234375,105
2026-08-24 06:18:00-04:00,4704.2998046875,4704.2998046875,4704.60009765625,4703.2001953125,4703.89990234375,36
2026-08-24 06:19:00-04:00,4703.60009765625,4703.60009765625,4704.39990234375,4703.60009765625,4704.0,20
2026-08-24 06:20:00-04:00,4701.7001953125,4701.7001953125,4704.39990234375,4701.2998046875,4704.2001953125,82
2026-08-24 06:21:00-04:00,4701.7001953125,4701.7001953125,4702.5,4701.39990234375,4701.60009765625,109
2026-08-24 06:22:00-04:00,4700.60009765625,4700.60009765625,4701.60009765625,4700.10009765625,4701.60009765625,58
2026-08-24 06:23:00-04:00,4702.2001953125,4702.2001953125,4702.2001953125,4699.89990234375,4700.7998046875,82
2026-08-24 06:24:00-04:00,4701.7998046875,4701.7998046875,4702.10009765625,4700.89990234375,4701.89990234375,41
2026-08-24 06:25:00-04:00,4699.5,4699.5,4701.7998046875,4699.2001953125,4701.7998046875,139
2026-08-24 06:26:00-04:00,4700.39990234375,4700.39990234375,4700.89990234375,4699.2998046875,4699.2998046875,44
2026-08-24 06:27:00-04:00,4700.0,4700.0,4703.2001953125,4699.60009765625,4700.7998046875,132
2026-08-24 06:28:00-04:00,4700.39990234375,4700.39990234375,4700.89990234375,4700.0,4700.39990234375,86
2026-08-24 06:29:00-04:00,4700.7001953125,4700.7001953125,4700.7998046875,4700.0,4700.5,32
2026-08-24 06:30:00-04:00,4700.2998046875,4700.2998046875,4700.89990234375,4700.0,4700.39990234375,16
2026-08-24 06:31:00-04:00,4700.2001953125,4700.2001953125,4701.0,4699.89990234375,4700.7001953125,88
2026-08-24 06:32:00-04:00,4701.2998046875,4701.2998046875,4701.60009765625,4700.2998046875,4700.39990234375,25
2026-08-24 06:33:00-04:00,4702.39990234375,4702.39990234375,4702.60009765625,4701.5,4701.5,22
2026-08-24 06:34:00-04:00,4702.5,4702.5,4702.7998046875,4701.5,4702.5,65
2026-08-24 06:35:00-04:00,4701.89990234375,4701.89990234375,4703.10009765625,4701.89990234375,4702.60009765625,103
2026-08-24 06:36:00-04:00,4703.10009765625,4703.10009765625,4703.10009765625,4700.10009765625,4701.7998046875,73
2026-08-24 06:37:00-04:00,4704.7001953125,4704.7001953125,4704.7998046875,4702.89990234375,4703.10009765625,128
2026-08-24 06:38:00-04:00,4705.39990234375,4705.39990234375,4706.39990234375,4704.39990234375,4704.39990234375,136
2026-08-24 06:39:00-04:00,4705.2998046875,4705.2998046875,4705.7001953125,4704.89990234375,4705.2998046875,36
2026-08-24 06:40:00-04:00,4705.2998046875,4705.2998046875,4705.5,4704.2998046875,4705.0,34
2026-08-24 06:41:00-04:00,4703.89990234375,4703.89990234375,4705.89990234375,4703.60009765625,4705.2998046875,178
2026-08-24 06:42:00-04:00,4702.2998046875,4702.2998046875,4703.7001953125,4701.7998046875,4703.7001953125,71
2026-08-24 06:43:00-04:00,4702.5,4702.5,4702.7001953125,4701.2998046875,4702.5,66
2026-08-24 06:44:00-04:00,4701.2998046875,4701.2998046875,4702.2001953125,4701.10009765625,4702.2001953125,40
2026-08-24 06:45:00-04:00,4701.2998046875,4701.2998046875,4702.2998046875,4701.10009765625,4701.39990234375,118
2026-08-24 06:46:00-04:00,4701.0,4701.0,4702.0,4701.0,4701.2001953125,116
2026-08-24 06:47:00-04:00,4699.10009765625,4699.10009765625,4701.2001953125,4698.60009765625,4700.89990234375,174
2026-08-24 06:48:00-04:00,4700.39990234375,4700.39990234375,4700.5,4699.10009765625,4699.2998046875,38
2026-08-24 06:49:00-04:00,4702.5,4702.5,4702.5,4700.0,4700.5,126
2026-08-24 06:50:00-04:00,4703.2998046875,4703.2998046875,4703.7001953125,4702.2001953125,4702.7001953125,122
2026-08-24 06:51:00-04:00,4702.5,4702.5,4704.2998046875,4702.39990234375,4703.5,43
2026-08-24 06:52:00-04:00,4702.0,4702.0,4702.39990234375,4701.5,4702.39990234375,118
2026-08-24 06:53:00-04:00,4702.7998046875,4702.7998046875,4703.2001953125,4701.7998046875,4701.7998046875,20
2026-08-24 06:54:00-04:00,4703.0,4703.0,4703.2001953125,4701.7998046875,4703.0,34
2026-08-24 06:55:00-04:00,4703.2001953125,4703.2001953125,4703.7998046875,4702.5,4702.89990234375,95
2026-08-24 06:56:00-04:00,4700.5,4700.5,4703.7001953125,4700.5,4703.10009765625,62
2026-08-24 06:57:00-04:00,4701.7001953125,4701.7001953125,4701.89990234375,4699.7001953125,4700.5,156
2026-08-24 06:58:00-04:00,4701.2998046875,4701.2998046875,4702.2001953125,4701.0,4701.89990234375,60
2026-08-24 06:59:00-04:00,4700.2998046875,4700.2998046875,4702.2001953125,4699.89990234375,4701.5,101
2026-08-24 07:00:00-04:00,4698.2001953125,4698.2001953125,4700.2001953125,4698.2001953125,4700.10009765625,96
2026-08-24 07:01:00-04:00,4698.5,4698.5,4699.10009765625,4697.0,4698.7001953125,247
2026-08-24 07:02:00-04:00,4699.60009765625,4699.60009765625,4699.7998046875,4698.0,4698.2998046875,128
2026-08-24 07:03:00-04:00,4703.5,4703.5,4703.7998046875,4699.7998046875,4699.7998046875,62
2026-08-24 07:04:00-04:00,4702.60009765625,4702.60009765625,4703.89990234375,4702.10009765625,4703.2998046875,87
2026-08-24 07:05:00-04:00,4701.2001953125,4701.2001953125,4703.5,4701.2001953125,4703.5,154
2026-08-24 07:06:00-04:00,4697.2001953125,4697.2001953125,4701.2998046875,4697.10009765625,4701.0,155
2026-08-24 07:07:00-04:00,4698.0,4698.0,4698.7001953125,4696.89990234375,4697.2001953125,95
2026-08-24 07:08:00-04:00,4697.5,4697.5,4699.10009765625,4697.5,4698.39990234375,83
2026-08-24 07:09:00-04:00,4697.5,4697.5,4699.39990234375,4697.10009765625,4697.5,154
2026-08-24 07:10:00-04:00,4697.39990234375,4697.39990234375,4697.89990234375,4697.39990234375,4697.39990234375,26
2026-08-24 07:11:00-04:00,4697.2998046875,4697.2998046875,4697.5,4696.2001953125,4697.5,82
2026-08-24 07:12:00-04:00,4701.60009765625,4701.60009765625,4701.60009765625,4697.2998046875,4697.39990234375,65
2026-08-24 07:13:00-04:00,4700.10009765625,4700.10009765625,4701.89990234375,4700.10009765625,4701.7998046875,111
2026-08-24 07:14:00-04:00,4699.2001953125,4699.2001953125,4700.0,4698.0,4700.0,105
2026-08-24 07:15:00-04:00,4699.2001953125,4699.2001953125,4700.39990234375,4699.2001953125,4699.60009765625,45
2026-08-24 07:16:00-04:00,4700.2001953125,4700.2001953125,4700.89990234375,4698.7001953125,4699.0,45
2026-08-24 07:17:00-04:00,4701.89990234375,4701.89990234375,4702.60009765625,4700.2001953125,4700.2998046875,96
2026-08-24 07:18:00-04:00,4700.2998046875,4700.2998046875,4702.2998046875,4699.7001953125,4701.89990234375,78
2026-08-24 07:19:00-04:00,4701.89990234375,4701.89990234375,4701.89990234375,4700.5,4700.7998046875,28
2026-08-24 07:20:00-04:00,4702.39990234375,4702.39990234375,4703.2001953125,4702.0,4702.10009765625,105
2026-08-24 07:21:00-04:00,4701.7998046875,4701.7998046875,4702.5,4701.7001953125,4702.10009765625,47
2026-08-24 07:22:00-04:00,4701.0,4701.0,4702.10009765625,4700.7001953125,4701.60009765625,41
2026-08-24 07:23:00-04:00,4700.7998046875,4700.7998046875,4701.2998046875,4699.7998046875,4701.2998046875,75
2026-08-24 07:24:00-04:00,4698.60009765625,4698.60009765625,4701.2001953125,4697.89990234375,4700.89990234375,110
2026-08-24 07:25:00-04:00,4699.0,4699.0,4700.2998046875,4698.0,4698.2998046875,50
2026-08-24 07:26:00-04:00,4699.5,4699.5,4700.2001953125,4699.0,4699.2998046875,88
2026-08-24 07:27:00-04:00,4700.0,4700.0,4700.0,4699.2001953125,4699.5,17
2026-08-24 07:28:00-04:00,4702.5,4702.5,4703.5,4700.10009765625,4700.10009765625,85
2026-08-24 07:29:00-04:00,4704.0,4704.0,4705.39990234375,4701.89990234375,4702.5,208
2026-08-24 07:30:00-04:00,4701.7998046875,4701.7998046875,4705.2001953125,4701.39990234375,4704.10009765625,135
2026-08-24 07:31:00-04:00,4703.10009765625,4703.10009765625,4703.7998046875,4700.89990234375,4701.7001953125,57
2026-08-24 07:32:00-04:00,4705.89990234375,4705.89990234375,4707.2998046875,4702.89990234375,4703.2998046875,312
2026-08-24 07:33:00-04:00,4706.39990234375,4706.39990234375,4706.5,4704.7001953125,4705.60009765625,42
2026-08-24 07:34:00-04:00,4709.5,4709.5,4709.60009765625,4705.10009765625,4706.10009765625,290
2026-08-24 07:35:00-04:00,4709.60009765625,4709.60009765625,4719.7001953125,4708.0,4709.10009765625,1983
2026-08-24 07:36:00-04:00,4719.39990234375,4719.39990234375,4721.7001953125,4708.89990234375,4709.5,764
2026-08-24 07:37:00-04:00,4723.10009765625,4723.10009765625,4724.2998046875,4716.7998046875,4719.39990234375,979
2026-08-24 07:38:00-04:00,4724.10009765625,4724.10009765625,4728.2998046875,4722.2998046875,4722.5,717
2026-08-24 07:39:00-04:00,4718.39990234375,4718.39990234375,4724.2998046875,4718.0,4723.60009765625,500
2026-08-24 07:40:00-04:00,4721.89990234375,4721.89990234375,4723.7998046875,4716.89990234375,4718.5,561
2026-08-24 07:41:00-04:00,4716.89990234375,4716.89990234375,4724.60009765625,4716.89990234375,4721.60009765625,629
2026-08-24 07:42:00-04:00,4719.0,4719.0,4721.60009765625,4715.2001953125,4716.89990234375,305
2026-08-24 07:43:00-04:00,4715.10009765625,4715.10009765625,4719.89990234375,4714.39990234375,4719.10009765625,215
2026-08-24 07:44:00-04:00,4716.7001953125,4716.7001953125,4717.10009765625,4711.60009765625,4715.0,612
2026-08-24 07:45:00-04:00,4717.2001953125,4717.2001953125,4719.2001953125,4715.7998046875,4716.89990234375,222
2026-08-24 07:46:00-04:00,4710.5,4710.5,4717.60009765625,4710.39990234375,4717.5,305
2026-08-24 07:47:00-04:00,4711.39990234375,4711.39990234375,4712.2001953125,4709.2001953125,4710.7001953125,187
2026-08-24 07:48:00-04:00,4708.2998046875,4708.2998046875,4711.2998046875,4707.2001953125,4711.2998046875,264
2026-08-24 07:49:00-04:00,4706.60009765625,4706.60009765625,4708.7001953125,4705.60009765625,4708.2001953125,250
2026-08-24 07:50:00-04:00,4708.2998046875,4708.2998046875,4709.5,4705.7998046875,4706.7001953125,205
2026-08-24 07:51:00-04:00,4708.39990234375,4708.39990234375,4708.7998046875,4706.39990234375,4708.5,170
2026-08-24 07:52:00-04:00,4712.0,4712.0,4712.2001953125,4708.2001953125,4708.2001953125,232
2026-08-24 07:53:00-04:00,4713.7001953125,4713.7001953125,4713.7001953125,4711.0,4712.2998046875,291
2026-08-24 07:54:00-04:00,4716.89990234375,4716.89990234375,4717.89990234375,4713.2001953125,4713.60009765625,399
2026-08-24 07:55:00-04:00,4716.2001953125,4716.2001953125,4717.39990234375,4714.89990234375,4716.89990234375,228
2026-08-24 07:56:00-04:00,4714.7001953125,4714.7001953125,4716.39990234375,4714.2001953125,4716.39990234375,107
2026-08-24 07:57:00-04:00,4714.7001953125,4714.7001953125,4715.7001953125,4713.0,4714.7001953125,116
2026-08-24 07:58:00-04:00,4713.7001953125,4713.7001953125,4714.89990234375,4713.2998046875,4714.89990234375,32
2026-08-24 07:59:00-04:00,4715.0,4715.0,4715.0,4713.7998046875,4713.7998046875,47
2026-08-24 08:00:00-04:00,4713.60009765625,4713.60009765625,4716.2001953125,4713.60009765625,4715.2001953125,137
2026-08-24 08:01:00-04:00,4710.89990234375,4710.89990234375,4714.0,4710.60009765625,4713.89990234375,149
2026-08-24 08:02:00-04:00,4710.2001953125,4710.2001953125,4710.89990234375,4708.2998046875,4710.89990234375,122
2026-08-24 08:03:00-04:00,4708.89990234375,4708.89990234375,4710.89990234375,4708.89990234375,4710.0,85
2026-08-24 08:04:00-04:00,4709.89990234375,4709.89990234375,4711.2001953125,4707.5,4709.10009765625,277
2026-08-24 08:05:00-04:00,4707.7001953125,4707.7001953125,4710.7998046875,4707.39990234375,4709.89990234375,102
2026-08-24 08:06:00-04:00,4710.0,4710.0,4711.2998046875,4707.60009765625,4707.60009765625,103
2026-08-24 08:07:00-04:00,4713.0,4713.0,4713.89990234375,4709.5,4709.5,132
2026-08-24 08:08:00-04:00,4711.7998046875,4711.7998046875,4714.0,4711.7001953125,4713.10009765625,119
2026-08-24 08:09:00-04:00,4712.2998046875,4712.2998046875,4712.5,4711.2001953125,4711.89990234375,40
2026-08-24 08:10:00-04:00,4713.7998046875,4713.7998046875,4713.7998046875,4711.5,4712.5,267
2026-08-24 08:11:00-04:00,4715.7998046875,4715.7998046875,4716.10009765625,4714.2001953125,4714.2001953125,94
2026-08-24 08:12:00-04:00,4715.60009765625,4715.60009765625,4717.7998046875,4714.7998046875,4715.89990234375,243
2026-08-24 08:13:00-04:00,4717.2001953125,4717.2001953125,4717.5,4714.89990234375,4715.10009765625,79
2026-08-24 08:14:00-04:00,4715.5,4715.5,4717.5,4715.5,4717.10009765625,74
2026-08-24 08:15:00-04:00,4713.10009765625,4713.10009765625,4714.7001953125,4713.10009765625,4714.7001953125,110
2026-08-24 08:16:00-04:00,4713.7001953125,4713.7001953125,4714.10009765625,4712.2998046875,4713.2001953125,74
2026-08-24 08:17:00-04:00,4714.0,4714.0,4714.2998046875,4713.39990234375,4713.5,40
2026-08-24 08:18:00-04:00,4711.2001953125,4711.2001953125,4714.2001953125,4711.0,4714.0,78
2026-08-24 08:19:00-04:00,4710.7998046875,4710.7998046875,4711.7001953125,4709.39990234375,4711.0,122
2026-08-24 08:20:00-04:00,4712.2001953125,4712.2001953125,4715.5,4709.0,4710.60009765625,540
2026-08-24 08:21:00-04:00,4714.2001953125,4714.2001953125,4714.2001953125,4710.89990234375,4712.10009765625,138
2026-08-24 08:22:00-04:00,4715.0,4715.0,4716.60009765625,4713.0,4714.10009765625,104
2026-08-24 08:23:00-04:00,4716.10009765625,4716.10009765625,4717.0,4714.7998046875,4714.89990234375,98
2026-08-24 08:24:00-04:00,4715.0,4715.0,4717.5,4714.7001953125,4717.0,132
2026-08-24 08:25:00-04:00,4715.2998046875,4715.2998046875,4716.2001953125,4712.39990234375,4715.10009765625,154
2026-08-24 08:26:00-04:00,4716.2001953125,4716.2001953125,4717.39990234375,4713.60009765625,4715.39990234375,119
2026-08-24 08:27:00-04:00,4718.10009765625,4718.10009765625,4719.0,4715.7998046875,4715.7998046875,233
2026-08-24 08:28:00-04:00,4718.7998046875,4718.7998046875,4718.7998046875,4717.7001953125,4717.7998046875,76
2026-08-24 08:29:00-04:00,4719.39990234375,4719.39990234375,4720.5,4719.0,4719.0,202
2026-08-24 08:30:00-04:00,4718.0,4718.0,4719.39990234375,4716.0,4719.39990234375,232
2026-08-24 08:31:00-04:00,4718.5,4718.5,4719.2001953125,4716.10009765625,4718.10009765625,126
2026-08-24 08:32:00-04:00,4705.39990234375,4705.39990234375,4718.2001953125,4702.0,4718.0,1130
2026-08-24 08:33:00-04:00,4711.60009765625,4711.60009765625,4712.5,4705.7998046875,4705.89990234375,489
2026-08-24 08:34:00-04:00,4712.2001953125,4712.2001953125,4713.10009765625,4710.39990234375,4711.7998046875,176
2026-08-24 08:35:00-04:00,4716.5,4716.5,4716.5,4712.0,4712.0,111
2026-08-24 08:36:00-04:00,4716.7998046875,4716.7998046875,4718.60009765625,4716.39990234375,4716.7001953125,125
2026-08-24 08:37:00-04:00,4717.89990234375,4717.89990234375,4718.5,4715.7001953125,4717.60009765625,130
2026-08-24 08:38:00-04:00,4720.39990234375,4720.39990234375,4721.10009765625,4717.39990234375,4717.5,175
2026-08-24 08:39:00-04:00,4720.5,4720.5,4721.7001953125,4719.2001953125,4720.60009765625,281
2026-08-24 08:40:00-04:00,4720.89990234375,4720.89990234375,4722.5,4720.60009765625,4720.7998046875,124
2026-08-24 08:41:00-04:00,4723.0,4723.0,4726.89990234375,4719.0,4720.60009765625,549
2026-08-24 08:42:00-04:00,4717.2001953125,4717.2001953125,4722.39990234375,4717.0,4722.10009765625,252
2026-08-24 08:43:00-04:00,4713.89990234375,4713.89990234375,4717.2998046875,4713.5,4717.2998046875,294
2026-08-24 08:44:00-04:00,4715.0,4715.0,4715.10009765625,4712.7998046875,4714.2001953125,254
2026-08-24 08:45:00-04:00,4713.10009765625,4713.10009765625,4715.60009765625,4711.89990234375,4715.2998046875,326
2026-08-24 08:46:00-04:00,4713.5,4713.5,4714.89990234375,4712.2998046875,4713.0,82
2026-08-24 08:47:00-04:00,4716.0,4716.0,4716.2001953125,4713.10009765625,4713.5,118
2026-08-24 08:48:00-04:00,4718.60009765625,4718.60009765625,4719.2001953125,4716.10009765625,4716.60009765625,120
2026-08-24 08:49:00-04:00,4719.7001953125,4719.7001953125,4719.7001953125,4718.0,4718.60009765625,51
2026-08-24 08:50:00-04:00,4720.7001953125,4720.7001953125,4720.7001953125,4719.2998046875,4719.5,88
2026-08-24 08:51:00-04:00,4722.39990234375,4722.39990234375,4723.7001953125,4718.7998046875,4721.0,263
2026-08-24 08:52:00-04:00,4722.7998046875,4722.7998046875,4723.10009765625,4721.5,4722.39990234375,113
2026-08-24 08:53:00-04:00,4722.7001953125,4722.7001953125,4723.10009765625,4721.89990234375,4722.7001953125,117
2026-08-24 08:54:00-04:00,4724.7001953125,4724.7001953125,4724.89990234375,4722.60009765625,4722.7001953125,153
2026-08-24 08:55:00-04:00,4724.0,4724.0,4725.2001953125,4723.2001953125,4724.89990234375,138
2026-08-24 08:56:00-04:00,4722.7001953125,4722.7001953125,4723.89990234375,4721.39990234375,4723.89990234375,134
2026-08-24 08:57:00-04:00,4721.0,4721.0,4722.39990234375,4719.2001953125,4722.39990234375,136
2026-08-24 08:58:00-04:00,4720.60009765625,4720.60009765625,4721.5,4719.89990234375,4721.2001953125,72
2026-08-24 08:59:00-04:00,4720.7001953125,4720.7001953125,4720.7998046875,4719.5,4720.7998046875,81
2026-08-24 09:00:00-04:00,4719.39990234375,4719.39990234375,4722.5,4719.2998046875,4720.89990234375,252
2026-08-24 09:01:00-04:00,4723.7001953125,4723.7001953125,4723.7001953125,4719.7001953125,4719.7998046875,129
2026-08-24 09:02:00-04:00,4727.0,4727.0,4727.5,4723.60009765625,4723.89990234375,277
2026-08-24 09:03:00-04:00,4726.2001953125,4726.2001953125,4729.10009765625,4724.5,4727.39990234375,314
2026-08-24 09:04:00-04:00,4724.60009765625,4724.60009765625,4726.2001953125,4724.2001953125,4725.89990234375,144
2026-08-24 09:05:00-04:00,4729.2998046875,4729.2998046875,4730.89990234375,4724.7998046875,4725.2998046875,349
2026-08-24 09:06:00-04:00,4731.60009765625,4731.60009765625,4731.60009765625,4729.39990234375,4729.5,298
2026-08-24 09:07:00-04:00,4729.89990234375,4729.89990234375,4732.0,4728.60009765625,4731.39990234375,170
2026-08-24 09:08:00-04:00,4729.60009765625,4729.60009765625,4731.2998046875,4729.10009765625,4729.89990234375,110
2026-08-24 09:09:00-04:00,4731.39990234375,4731.39990234375,4731.5,4729.2001953125,4729.60009765625,129
2026-08-24 09:10:00-04:00,4732.2001953125,4732.2001953125,4733.0,4731.2001953125,4731.2001953125,238
2026-08-24 09:11:00-04:00,4735.39990234375,4735.39990234375,4735.60009765625,4732.0,4732.7001953125,639
2026-08-24 09:12:00-04:00,4731.2001953125,4731.2001953125,4735.7001953125,4731.10009765625,4735.2001953125,380
2026-08-24 09:13:00-04:00,4732.0,4732.0,4733.0,4731.0,4731.2998046875,226
2026-08-24 09:14:00-04:00,4735.0,4735.0,4735.2001953125,4731.89990234375,4731.89990234375,105
2026-08-24 09:15:00-04:00,4735.0,4735.0,4735.89990234375,4732.5,4734.89990234375,248
2026-08-24 09:16:00-04:00,4734.2998046875,4734.2998046875,4735.39990234375,4734.0,4734.60009765625,150
2026-08-24 09:17:00-04:00,4730.2998046875,4730.2998046875,4734.60009765625,4729.0,4734.60009765625,161
2026-08-24 09:18:00-04:00,4733.10009765625,4733.10009765625,4733.2998046875,4730.10009765625,4730.5,124
2026-08-24 09:19:00-04:00,4729.7998046875,4729.7998046875,4733.2998046875,4729.7998046875,4733.10009765625,157
2026-08-24 09:20:00-04:00,4729.2998046875,4729.2998046875,4730.2998046875,4728.5,4729.7998046875,190
2026-08-24 09:21:00-04:00,4727.0,4727.0,4729.60009765625,4727.0,4729.5,226
2026-08-24 09:22:00-04:00,4728.2998046875,4728.2998046875,4729.7998046875,4726.39990234375,4726.89990234375,209
2026-08-24 09:23:00-04:00,4726.10009765625,4726.10009765625,4728.7001953125,4725.2998046875,4728.2998046875,173
2026-08-24 09:24:00-04:00,4728.2998046875,4728.2998046875,4728.5,4725.10009765625,4726.2001953125,153
2026-08-24 09:25:00-04:00,4728.0,4728.0,4728.60009765625,4725.60009765625,4728.2001953125,417
2026-08-24 09:26:00-04:00,4729.5,4729.5,4729.7998046875,4726.60009765625,4727.7001953125,117
2026-08-24 09:27:00-04:00,4731.5,4731.5,4732.10009765625,4729.10009765625,4729.10009765625,177
2026-08-24 09:28:00-04:00,4730.89990234375,4730.89990234375,4732.10009765625,4730.0,4732.0,77
2026-08-24 09:29:00-04:00,4730.10009765625,4730.10009765625,4731.39990234375,4728.89990234375,4730.7998046875,117
2026-08-24 09:30:00-04:00,4733.5,4733.5,4736.2998046875,4728.39990234375,4730.10009765625,717
2026-08-24 09:31:00-04:00,4731.7998046875,4731.7998046875,4734.60009765625,4728.89990234375,4733.39990234375,352
2026-08-24 09:32:00-04:00,4728.5,4728.5,4732.60009765625,4727.60009765625,4731.7001953125,153
2026-08-24 09:33:00-04:00,4732.7998046875,4732.7998046875,4734.39990234375,4727.7998046875,4728.7001953125,187
2026-08-24 09:34:00-04:00,4737.2998046875,4737.2998046875,4737.7998046875,4732.60009765625,4732.60009765625,478
2026-08-24 09:35:00-04:00,4737.10009765625,4737.10009765625,4738.5,4736.10009765625,4737.2001953125,422
2026-08-24 09:36:00-04:00,4736.60009765625,4736.60009765625,4737.89990234375,4733.2998046875,4737.0,278
2026-08-24 09:37:00-04:00,4729.60009765625,4729.60009765625,4735.89990234375,4728.89990234375,4735.89990234375,397
2026-08-24 09:38:00-04:00,4727.7998046875,4727.7998046875,4730.0,4725.39990234375,4730.0,534
2026-08-24 09:39:00-04:00,4724.39990234375,4724.39990234375,4728.10009765625,4724.10009765625,4727.2998046875,382
2026-08-24 09:40:00-04:00,4729.39990234375,4729.39990234375,4729.89990234375,4722.2998046875,4724.2998046875,714
2026-08-24 09:41:00-04:00,4730.7001953125,4730.7001953125,4731.60009765625,4727.0,4729.5,163
2026-08-24 09:42:00-04:00,4727.2001953125,4727.2001953125,4731.10009765625,4726.7001953125,4730.2001953125,147
2026-08-24 09:43:00-04:00,4722.89990234375,4722.89990234375,4727.2001953125,4721.7001953125,4727.0,266
2026-08-24 09:44:00-04:00,4716.0,4716.0,4723.0,4715.60009765625,4722.89990234375,891
2026-08-24 09:45:00-04:00,4722.0,4722.0,4722.0,4713.2998046875,4715.7998046875,634
2026-08-24 09:46:00-04:00,4728.60009765625,4728.60009765625,4728.60009765625,4721.5,4721.7001953125,479
2026-08-24 09:47:00-04:00,4732.2998046875,4732.2998046875,4733.2001953125,4728.2001953125,4728.7998046875,464
2026-08-24 09:48:00-04:00,4733.7998046875,4733.7998046875,4734.2001953125,4730.39990234375,4732.60009765625,302
2026-08-24 09:49:00-04:00,4731.10009765625,4731.10009765625,4735.60009765625,4729.89990234375,4733.7998046875,302
2026-08-24 09:50:00-04:00,4729.89990234375,4729.89990234375,4733.2998046875,4728.5,4731.2001953125,277
2026-08-24 09:51:00-04:00,4725.2998046875,4725.2998046875,4731.60009765625,4725.2998046875,4729.5,320
2026-08-24 09:52:00-04:00,4719.89990234375,4719.89990234375,4726.2998046875,4719.2998046875,4725.2001953125,501
2026-08-24 09:53:00-04:00,4721.2998046875,4721.2998046875,4721.7001953125,4715.2001953125,4719.39990234375,961
2026-08-24 09:54:00-04:00,4724.2001953125,4724.2001953125,4724.2001953125,4720.2001953125,4721.39990234375,228
2026-08-24 09:55:00-04:00,4724.7998046875,4724.7998046875,4726.2998046875,4723.0,4724.2001953125,765
2026-08-24 09:56:00-04:00,4724.2998046875,4724.2998046875,4726.0,4722.5,4725.10009765625,169
2026-08-24 09:57:00-04:00,4720.2001953125,4720.2001953125,4724.7001953125,4720.2001953125,4724.0,155
2026-08-24 09:58:00-04:00,4719.7001953125,4719.7001953125,4720.5,4716.10009765625,4720.39990234375,384
2026-08-24 09:59:00-04:00,4721.7998046875,4721.7998046875,4722.2998046875,4719.39990234375,4720.0,279
2026-08-24 10:00:00-04:00,4718.10009765625,4718.10009765625,4724.10009765625,4717.0,4721.5,295
2026-08-24 10:01:00-04:00,4722.39990234375,4722.39990234375,4724.0,4718.2998046875,4718.2998046875,526
2026-08-24 10:02:00-04:00,4721.5,4721.5,4725.10009765625,4721.2998046875,4722.2998046875,280
2026-08-24 10:03:00-04:00,4718.0,4718.0,4724.10009765625,4717.7998046875,4721.89990234375,266
2026-08-24 10:04:00-04:00,4719.7001953125,4719.7001953125,4720.7998046875,4717.39990234375,4718.5,223
2026-08-24 10:05:00-04:00,4722.2001953125,4722.2001953125,4722.7001953125,4719.7001953125,4720.2998046875,127
2026-08-24 10:06:00-04:00,4722.5,4722.5,4723.2998046875,4720.2998046875,4722.10009765625,166
2026-08-24 10:07:00-04:00,4722.7001953125,4722.7001953125,4725.10009765625,4721.7998046875,4722.89990234375,198
2026-08-24 10:08:00-04:00,4723.5,4723.5,4723.5,4720.89990234375,4723.0,116
2026-08-24 10:09:00-04:00,4727.7001953125,4727.7001953125,4727.89990234375,4723.39990234375,4723.60009765625,799
2026-08-24 10:10:00-04:00,4728.39990234375,4728.39990234375,4729.2001953125,4727.2998046875,4727.5,248
2026-08-24 10:11:00-04:00,4721.0,4721.0,4728.89990234375,4720.2001953125,4728.89990234375,255
2026-08-24 10:12:00-04:00,4721.5,4721.5,4722.89990234375,4721.10009765625,4721.2001953125,150
2026-08-24 10:13:00-04:00,4723.2001953125,4723.2001953125,4723.7998046875,4718.2998046875,4721.60009765625,437
2026-08-24 10:14:00-04:00,4722.5,4722.5,4724.7001953125,4722.10009765625,4723.60009765625,119
2026-08-24 10:15:00-04:00,4719.10009765625,4719.10009765625,4722.7998046875,4718.39990234375,4722.2998046875,196
2026-08-24 10:16:00-04:00,4714.2001953125,4714.2001953125,4718.7998046875,4712.0,4718.7998046875,571
2026-08-24 10:17:00-04:00,4713.2001953125,4713.2001953125,4716.0,4712.7998046875,4714.39990234375,286
2026-08-24 10:18:00-04:00,4716.0,4716.0,4716.60009765625,4712.2001953125,4713.0,206
2026-08-24 10:19:00-04:00,4722.2001953125,4722.2001953125,4722.7998046875,4715.2998046875,4715.60009765625,558
2026-08-24 10:20:00-04:00,4725.7998046875,4725.7998046875,4725.89990234375,4721.7001953125,4722.60009765625,322
2026-08-24 10:21:00-04:00,4725.5,4725.5,4727.0,4723.5,4726.0,259
2026-08-24 10:22:00-04:00,4724.39990234375,4724.39990234375,4725.7998046875,4723.39990234375,4725.7998046875,157
2026-08-24 10:23:00-04:00,4724.2998046875,4724.2998046875,4726.2001953125,4723.5,4724.5,145
2026-08-24 10:24:00-04:00,4723.7001953125,4723.7001953125,4726.60009765625,4722.5,4724.10009765625,93
2026-08-24 10:25:00-04:00,4723.39990234375,4723.39990234375,4725.39990234375,4723.2998046875,4723.60009765625,43
2026-08-24 10:26:00-04:00,4726.60009765625,4726.60009765625,4727.0,4723.5,4723.5,100
2026-08-24 10:27:00-04:00,4729.2001953125,4729.2001953125,4729.7998046875,4726.39990234375,4727.0,310
2026-08-24 10:28:00-04:00,4731.10009765625,4731.10009765625,4732.2001953125,4729.0,4729.39990234375,283
2026-08-24 10:29:00-04:00,4729.0,4729.0,4731.60009765625,4728.7001953125,4731.39990234375,252
2026-08-24 10:30:00-04:00,4730.2998046875,4730.2998046875,4730.5,4727.7998046875,4729.10009765625,229
2026-08-24 10:31:00-04:00,4729.0,4729.0,4730.39990234375,4728.89990234375,4730.39990234375,86
2026-08-24 10:32:00-04:00,4729.60009765625,4729.60009765625,4730.60009765625,4729.0,4729.2998046875,85
2026-08-24 10:33:00-04:00,4729.2001953125,4729.2001953125,4730.2998046875,4728.2001953125,4729.5,67
2026-08-24 10:34:00-04:00,4733.89990234375,4733.89990234375,4734.7001953125,4729.0,4729.0,557
2026-08-24 10:35:00-04:00,4734.0,4734.0,4735.10009765625,4732.89990234375,4734.10009765625,283
2026-08-24 10:36:00-04:00,4735.2998046875,4735.2998046875,4736.10009765625,4734.10009765625,4734.2001953125,343
2026-08-24 10:37:00-04:00,4733.7001953125,4733.7001953125,4735.2998046875,4733.2001953125,4735.2998046875,105
2026-08-24 10:38:00-04:00,4733.2001953125,4733.2001953125,4734.39990234375,4732.0,4733.89990234375,142
2026-08-24 10:39:00-04:00,4732.89990234375,4732.89990234375,4733.7001953125,4732.5,4733.2001953125,103
2026-08-24 10:40:00-04:00,4733.7998046875,4733.7998046875,4734.2998046875,4733.0,4733.2998046875,125
2026-08-24 10:41:00-04:00,4734.10009765625,4734.10009765625,4735.2998046875,4733.2998046875,4733.7001953125,170
2026-08-24 10:42:00-04:00,4727.7998046875,4727.7998046875,4734.2001953125,4726.39990234375,4734.10009765625,597
2026-08-24 10:43:00-04:00,4728.2001953125,4728.2001953125,4729.0,4727.60009765625,4727.60009765625,133
2026-08-24 10:44:00-04:00,4729.2001953125,4729.2001953125,4729.60009765625,4727.5,4728.10009765625,131
2026-08-24 10:45:00-04:00,4729.10009765625,4729.10009765625,4730.7001953125,4729.0,4729.5,150
2026-08-24 10:46:00-04:00,4728.10009765625,4728.10009765625,4729.60009765625,4727.10009765625,4729.39990234375,149
2026-08-24 10:47:00-04:00,4727.2001953125,4727.2001953125,4728.39990234375,4727.2001953125,4727.89990234375,84
2026-08-24 10:48:00-04:00,4726.89990234375,4726.89990234375,4727.89990234375,4725.7001953125,4727.7001953125,276
2026-08-24 10:49:00-04:00,4722.7001953125,4722.7001953125,4726.7001953125,4721.7001953125,4726.7001953125,200
2026-08-24 10:50:00-04:00,4719.0,4719.0,4723.2001953125,4718.10009765625,4723.2001953125,513
2026-08-24 10:51:00-04:00,4716.89990234375,4716.89990234375,4719.5,4714.2998046875,4718.89990234375,898
2026-08-24 10:52:00-04:00,4717.60009765625,4717.60009765625,4717.7998046875,4714.0,4716.7998046875,311
2026-08-24 10:53:00-04:00,4722.0,4722.0,4723.60009765625,4717.2998046875,4717.60009765625,637
2026-08-24 10:54:00-04:00,4725.60009765625,4725.60009765625,4725.7001953125,4721.7001953125,4721.89990234375,252
2026-08-24 10:55:00-04:00,4725.39990234375,4725.39990234375,4726.0,4724.2001953125,4725.5,165
2026-08-24 10:56:00-04:00,4729.10009765625,4729.10009765625,4729.2998046875,4725.2998046875,4725.60009765625,179
2026-08-24 10:57:00-04:00,4730.7001953125,4730.7001953125,4733.2998046875,4728.0,4728.89990234375,780
2026-08-24 10:58:00-04:00,4729.7001953125,4729.7001953125,4731.0,4729.5,4730.7998046875,79
2026-08-24 10:59:00-04:00,4727.60009765625,4727.60009765625,4729.89990234375,4727.10009765625,4729.7001953125,154
2026-08-24 11:00:00-04:00,4725.0,4725.0,4728.0,4722.7998046875,4727.7998046875,299
2026-08-24 11:01:00-04:00,4723.89990234375,4723.89990234375,4725.7001953125,4723.39990234375,4725.10009765625,145
2026-08-24 11:02:00-04:00,4725.7998046875,4725.7998046875,4726.5,4722.60009765625,4723.7998046875,114
2026-08-24 11:03:00-04:00,4730.39990234375,4730.39990234375,4730.60009765625,4725.89990234375,4725.89990234375,275
2026-08-24 11:04:00-04:00,4732.7001953125,4732.7001953125,4734.0,4730.39990234375,4730.39990234375,469
2026-08-24 11:05:00-04:00,4731.5,4731.5,4733.5,4730.0,4733.0,262
2026-08-24 11:06:00-04:00,4731.89990234375,4731.89990234375,4732.2001953125,4730.39990234375,4731.39990234375,143
2026-08-24 11:07:00-04:00,4732.0,4732.0,4732.39990234375,4731.7001953125,4731.7001953125,64
2026-08-24 11:08:00-04:00,4732.2001953125,4732.2001953125,4732.39990234375,4730.2998046875,4731.7001953125,65
2026-08-24 11:09:00-04:00,4730.60009765625,4730.60009765625,4733.60009765625,4730.60009765625,4732.2998046875,92
2026-08-24 11:10:00-04:00,4729.5,4729.5,4731.10009765625,4728.60009765625,4730.7998046875,104
2026-08-24 11:11:00-04:00,4730.5,4730.5,4730.7998046875,4728.2998046875,4729.60009765625,83
2026-08-24 11:12:00-04:00,4731.5,4731.5,4731.5,4730.39990234375,4730.39990234375,48
2026-08-24 11:13:00-04:00,4730.5,4730.5,4732.2998046875,4729.7001953125,4731.7998046875,194
2026-08-24 11:14:00-04:00,4730.2998046875,4730.2998046875,4731.2001953125,4730.0,4730.2001953125,40
2026-08-24 11:15:00-04:00,4727.39990234375,4727.39990234375,4731.10009765625,4726.7001953125,4730.2998046875,100
2026-08-24 11:16:00-04:00,4728.39990234375,4728.39990234375,4729.89990234375,4727.10009765625,4727.5,252
2026-08-24 11:17:00-04:00,4728.10009765625,4728.10009765625,4728.7998046875,4727.39990234375,4728.0,138
2026-08-24 11:18:00-04:00,4729.5,4729.5,4730.7001953125,4727.5,4727.89990234375,252
2026-08-24 11:19:00-04:00,4730.5,4730.5,4730.7001953125,4729.10009765625,4729.39990234375,186
2026-08-24 11:20:00-04:00,4730.0,4730.0,4730.5,4728.7001953125,4730.5,79
2026-08-24 11:21:00-04:00,4727.60009765625,4727.60009765625,4729.60009765625,4727.39990234375,4729.60009765625,126
2026-08-24 11:22:00-04:00,4727.0,4727.0,4728.39990234375,4727.0,4727.7001953125,274
2026-08-24 11:23:00-04:00,4726.2001953125,4726.2001953125,4727.2001953125,4726.2001953125,4727.0,65
2026-08-24 11:24:00-04:00,4727.10009765625,4727.10009765625,4727.2998046875,4725.2998046875,4726.39990234375,58
2026-08-24 11:25:00-04:00,4728.89990234375,4728.89990234375,4729.7998046875,4727.5,4727.5,148
2026-08-24 11:26:00-04:00,4731.2001953125,4731.2001953125,4731.2001953125,4726.5,4728.2998046875,121
2026-08-24 11:27:00-04:00,4730.60009765625,4730.60009765625,4732.39990234375,4730.5,4731.10009765625,227
2026-08-24 11:28:00-04:00,4732.2001953125,4732.2001953125,4732.39990234375,4730.0,4730.2001953125,65
2026-08-24 11:29:00-04:00,4733.0,4733.0,4737.0,4731.2001953125,4732.39990234375,1049
2026-08-24 11:30:00-04:00,4732.7998046875,4732.7998046875,4735.2001953125,4729.5,4733.10009765625,601
2026-08-24 11:31:00-04:00,4731.39990234375,4731.39990234375,4733.60009765625,4729.7998046875,4732.5,145
2026-08-24 11:32:00-04:00,4729.10009765625,4729.10009765625,4731.89990234375,4727.10009765625,4731.7001953125,342
2026-08-24 11:33:00-04:00,4731.2998046875,4731.2998046875,4731.2998046875,4728.5,4729.0,85
2026-08-24 11:34:00-04:00,4729.5,4729.5,4731.10009765625,4729.2998046875,4731.0,114
2026-08-24 11:35:00-04:00,4730.0,4730.0,4730.7001953125,4728.39990234375,4729.7998046875,167
2026-08-24 11:36:00-04:00,4730.7998046875,4730.7998046875,4731.7001953125,4730.0,4730.0,94
2026-08-24 11:37:00-04:00,4728.5,4728.5,4731.60009765625,4728.5,4731.0,49
2026-08-24 11:38:00-04:00,4725.39990234375,4725.39990234375,4728.39990234375,4725.0,4728.39990234375,201
2026-08-24 11:39:00-04:00,4725.10009765625,4725.10009765625,4726.2001953125,4724.39990234375,4725.2998046875,148
2026-08-24 11:40:00-04:00,4723.0,4723.0,4725.5,4721.39990234375,4725.5,828
2026-08-24 11:41:00-04:00,4722.0,4722.0,4723.7998046875,4721.39990234375,4723.39990234375,201
2026-08-24 11:42:00-04:00,4719.60009765625,4719.60009765625,4722.0,4718.89990234375,4722.0,210
2026-08-24 11:43:00-04:00,4719.2001953125,4719.2001953125,4721.2998046875,4717.0,4719.39990234375,335
2026-08-24 11:44:00-04:00,4718.0,4718.0,4719.10009765625,4716.7998046875,4719.0,223
2026-08-24 11:45:00-04:00,4712.0,4712.0,4718.0,4711.10009765625,4717.60009765625,808
2026-08-24 11:46:00-04:00,4719.7001953125,4719.7001953125,4719.89990234375,4712.2998046875,4712.2998046875,641
2026-08-24 11:47:00-04:00,4717.7998046875,4717.7998046875,4720.2998046875,4717.60009765625,4719.10009765625,176
2026-08-24 11:48:00-04:00,4709.2998046875,4709.2998046875,4717.7001953125,4707.7001953125,4717.60009765625,956
2026-08-24 11:49:00-04:00,4703.7998046875,4703.7998046875,4709.2001953125,4701.7998046875,4709.2001953125,1651
2026-08-24 11:50:00-04:00,4707.89990234375,4707.89990234375,4710.7998046875,4703.5,4703.5,908
2026-08-24 11:51:00-04:00,4709.10009765625,4709.10009765625,4709.60009765625,4705.10009765625,4707.89990234375,182
2026-08-24 11:52:00-04:00,4710.0,4710.0,4710.5,4707.10009765625,4709.60009765625,199
2026-08-24 11:53:00-04:00,4711.2001953125,4711.2001953125,4711.60009765625,4707.60009765625,4709.7001953125,176
2026-08-24 11:54:00-04:00,4710.10009765625,4710.10009765625,4712.5,4709.60009765625,4711.0,243
2026-08-24 11:55:00-04:00,4704.7001953125,4704.7001953125,4710.0,4704.2998046875,4710.0,258
2026-08-24 11:56:00-04:00,4702.2001953125,4702.2001953125,4704.39990234375,4701.39990234375,4704.0,269
2026-08-24 11:57:00-04:00,4699.60009765625,4699.60009765625,4703.5,4698.5,4702.2001953125,747
2026-08-24 11:58:00-04:00,4702.39990234375,4702.39990234375,4703.39990234375,4696.5,4699.60009765625,1298
2026-08-24 11:59:00-04:00,4706.0,4706.0,4706.2998046875,4702.39990234375,4702.60009765625,321
2026-08-24 12:00:00-04:00,4704.89990234375,4704.89990234375,4708.7001953125,4703.5,4706.0,324
2026-08-24 12:01:00-04:00,4710.2998046875,4710.2998046875,4714.5,4703.10009765625,4705.10009765625,843
2026-08-24 12:02:00-04:00,4714.7998046875,4714.7998046875,4715.60009765625,4709.39990234375,4710.2001953125,577
2026-08-24 12:03:00-04:00,4716.7998046875,4716.7998046875,4717.2998046875,4712.5,4714.5,379
2026-08-24 12:04:00-04:00,4715.7998046875,4715.7998046875,4718.89990234375,4715.2998046875,4716.7001953125,1043
2026-08-24 12:05:00-04:00,4716.7998046875,4716.7998046875,4719.0,4715.89990234375,4716.2998046875,224
2026-08-24 12:06:00-04:00,4715.0,4715.0,4716.7001953125,4713.7998046875,4716.7001953125,196
2026-08-24 12:07:00-04:00,4716.2001953125,4716.2001953125,4717.7001953125,4714.89990234375,4715.0,153
2026-08-24 12:08:00-04:00,4712.39990234375,4712.39990234375,4716.39990234375,4712.0,4716.2001953125,128
2026-08-24 12:09:00-04:00,4712.10009765625,4712.10009765625,4712.7998046875,4711.2998046875,4712.39990234375,166
2026-08-24 12:10:00-04:00,4712.7998046875,4712.7998046875,4714.2001953125,4710.7998046875,4711.60009765625,104
2026-08-24 12:11:00-04:00,4713.60009765625,4713.60009765625,4714.60009765625,4711.89990234375,4712.60009765625,153
2026-08-24 12:12:00-04:00,4714.39990234375,4714.39990234375,4715.10009765625,4713.2998046875,4713.7998046875,147
2026-08-24 12:13:00-04:00,4714.10009765625,4714.10009765625,4715.0,4713.39990234375,4714.0,49
2026-08-24 12:14:00-04:00,4714.7998046875,4714.7998046875,4715.2998046875,4714.0,4714.60009765625,44
2026-08-24 12:15:00-04:00,4714.7998046875,4714.7998046875,4715.7001953125,4714.0,4714.5,209
2026-08-24 12:16:00-04:00,4713.7998046875,4713.7998046875,4714.7001953125,4713.39990234375,4714.60009765625,58
2026-08-24 12:17:00-04:00,4716.39990234375,4716.39990234375,4716.7001953125,4714.10009765625,4714.7998046875,78
2026-08-24 12:18:00-04:00,4717.0,4717.0,4717.0,4715.5,4716.7001953125,118
2026-08-24 12:19:00-04:00,4715.89990234375,4715.89990234375,4717.7001953125,4715.5,4717.0,90
2026-08-24 12:20:00-04:00,4715.60009765625,4715.60009765625,4716.39990234375,4714.89990234375,4715.89990234375,109
2026-08-24 12:21:00-04:00,4714.2001953125,4714.2001953125,4716.60009765625,4714.2001953125,4715.60009765625,94
2026-08-24 12:22:00-04:00,4714.60009765625,4714.60009765625,4715.10009765625,4714.0,4714.0,36
2026-08-24 12:23:00-04:00,4714.7001953125,4714.7001953125,4714.89990234375,4714.0,4714.7001953125,28
2026-08-24 12:24:00-04:00,4713.60009765625,4713.60009765625,4714.5,4713.2998046875,4714.5,44
2026-08-24 12:25:00-04:00,4714.7998046875,4714.7998046875,4715.10009765625,4713.39990234375,4713.89990234375,83
2026-08-24 12:26:00-04:00,4715.89990234375,4715.89990234375,4715.89990234375,4714.5,4714.7001953125,61
2026-08-24 12:27:00-04:00,4715.7998046875,4715.7998046875,4716.10009765625,4715.2001953125,4715.7001953125,206
2026-08-24 12:28:00-04:00,4716.10009765625,4716.10009765625,4716.10009765625,4714.89990234375,4716.0,54
2026-08-24 12:29:00-04:00,4716.2001953125,4716.2001953125,4716.60009765625,4715.2001953125,4716.39990234375,48
2026-08-24 12:30:00-04:00,4718.39990234375,4718.39990234375,4718.39990234375,4716.0,4716.2001953125,153
2026-08-24 12:31:00-04:00,4717.2001953125,4717.2001953125,4718.7998046875,4717.2001953125,4718.5,56
2026-08-24 12:32:00-04:00,4718.10009765625,4718.10009765625,4718.7998046875,4717.10009765625,4717.5,78
2026-08-24 12:33:00-04:00,4717.7998046875,4717.7998046875,4718.39990234375,4717.60009765625,4718.2001953125,56
2026-08-24 12:34:00-04:00,4717.7998046875,4717.7998046875,4718.60009765625,4717.60009765625,4718.0,84
2026-08-24 12:35:00-04:00,4717.5,4717.5,4717.89990234375,4716.60009765625,4717.7998046875,52
2026-08-24 12:36:00-04:00,4719.2001953125,4719.2001953125,4719.60009765625,4717.60009765625,4717.89990234375,103
2026-08-24 12:37:00-04:00,4718.10009765625,4718.10009765625,4719.60009765625,4718.10009765625,4719.39990234375,40
2026-08-24 12:38:00-04:00,4718.10009765625,4718.10009765625,4719.60009765625,4718.10009765625,4718.7001953125,46
2026-08-24 12:39:00-04:00,4717.0,4717.0,4718.5,4717.0,4718.2998046875,69
2026-08-24 12:40:00-04:00,4717.5,4717.5,4717.5,4716.2998046875,4716.7998046875,49
2026-08-24 12:41:00-04:00,4718.2001953125,4718.2001953125,4718.7998046875,4717.0,4717.2998046875,56
2026-08-24 12:42:00-04:00,4717.39990234375,4717.39990234375,4718.7998046875,4717.2998046875,4717.89990234375,86
2026-08-24 12:43:00-04:00,4718.2998046875,4718.2998046875,4718.60009765625,4717.5,4717.7001953125,70
2026-08-24 12:44:00-04:00,4717.10009765625,4717.10009765625,4718.2998046875,4715.89990234375,4718.2998046875,134
2026-08-24 12:45:00-04:00,4715.7001953125,4715.7001953125,4717.7001953125,4715.10009765625,4717.2998046875,127
2026-08-24 12:46:00-04:00,4714.60009765625,4714.60009765625,4715.89990234375,4714.60009765625,4715.7001953125,45
2026-08-24 12:47:00-04:00,4713.5,4713.5,4714.7001953125,4713.0,4714.5,206
2026-08-24 12:48:00-04:00,4714.0,4714.0,4714.2001953125,4712.7001953125,4713.7998046875,204
2026-08-24 12:49:00-04:00,4715.0,4715.0,4715.7001953125,4714.2998046875,4714.2998046875,62
2026-08-24 12:50:00-04:00,4713.89990234375,4713.89990234375,4715.2001953125,4713.2998046875,4715.2001953125,65
2026-08-24 12:51:00-04:00,4711.5,4711.5,4714.0,4711.0,4714.0,174
2026-08-24 12:52:00-04:00,4711.39990234375,4711.39990234375,4711.7001953125,4708.60009765625,4711.60009765625,436
2026-08-24 12:53:00-04:00,4711.60009765625,4711.60009765625,4711.60009765625,4710.2001953125,4711.10009765625,56
2026-08-24 12:54:00-04:00,4709.89990234375,4709.89990234375,4711.60009765625,4709.2998046875,4711.60009765625,124
2026-08-24 12:55:00-04:00,4707.0,4707.0,4709.7001953125,4707.0,4709.5,225
2026-08-24 12:56:00-04:00,4701.2998046875,4701.2998046875,4707.39990234375,4697.89990234375,4707.39990234375,1178
2026-08-24 12:57:00-04:00,4703.2001953125,4703.2001953125,4703.2998046875,4700.0,4701.2001953125,223
2026-08-24 12:58:00-04:00,4699.39990234375,4699.39990234375,4703.5,4699.2998046875,4703.0,232
2026-08-24 12:59:00-04:00,4701.89990234375,4701.89990234375,4702.7998046875,4699.0,4699.7998046875,188
2026-08-24 13:00:00-04:00,4700.60009765625,4700.60009765625,4702.2998046875,4699.2998046875,4702.10009765625,177
2026-08-24 13:01:00-04:00,4702.89990234375,4702.89990234375,4704.0,4700.0,4700.60009765625,183
2026-08-24 13:02:00-04:00,4698.7998046875,4698.7998046875,4703.5,4698.7998046875,4702.89990234375,257
2026-08-24 13:03:00-04:00,4701.7001953125,4701.7001953125,4702.39990234375,4699.39990234375,4699.39990234375,121
2026-08-24 13:04:00-04:00,4702.7998046875,4702.7998046875,4704.89990234375,4701.39990234375,4701.89990234375,140
2026-08-24 13:05:00-04:00,4702.39990234375,4702.39990234375,4704.39990234375,4701.39990234375,4703.7001953125,156
2026-08-24 13:06:00-04:00,4702.7998046875,4702.7998046875,4702.7998046875,4701.2998046875,4702.7001953125,45
2026-08-24 13:07:00-04:00,4707.7001953125,4707.7001953125,4708.7998046875,4702.2998046875,4702.7001953125,317
2026-08-24 13:08:00-04:00,4711.39990234375,4711.39990234375,4712.7001953125,4707.2001953125,4708.0,876
2026-08-24 13:09:00-04:00,4709.7001953125,4709.7001953125,4712.7001953125,4709.60009765625,4711.2998046875,265
2026-08-24 13:10:00-04:00,4707.2001953125,4707.2001953125,4710.0,4706.60009765625,4709.39990234375,235
2026-08-24 13:11:00-04:00,4711.2998046875,4711.2998046875,4711.39990234375,4706.7001953125,4707.10009765625,297
2026-08-24 13:12:00-04:00,4710.39990234375,4710.39990234375,4711.7998046875,4708.7001953125,4711.10009765625,87
2026-08-24 13:13:00-04:00,4708.89990234375,4708.89990234375,4711.39990234375,4708.2001953125,4710.2001953125,244
2026-08-24 13:14:00-04:00,4709.0,4709.0,4710.10009765625,4707.2001953125,4708.7998046875,202
2026-08-24 13:15:00-04:00,4709.7998046875,4709.7998046875,4711.0,4708.2001953125,4708.7998046875,64
2026-08-24 13:16:00-04:00,4708.0,4708.0,4710.0,4704.89990234375,4709.7998046875,445
2026-08-24 13:17:00-04:00,4710.2001953125,4710.2001953125,4711.10009765625,4708.2998046875,4708.2998046875,94
2026-08-24 13:18:00-04:00,4708.60009765625,4708.60009765625,4711.2001953125,4708.60009765625,4710.60009765625,51
2026-08-24 13:19:00-04:00,4705.39990234375,4705.39990234375,4709.0,4705.2001953125,4708.7001953125,121
2026-08-24 13:20:00-04:00,4693.89990234375,4693.89990234375,4705.10009765625,4691.0,4705.10009765625,1600
2026-08-24 13:21:00-04:00,4688.10009765625,4688.10009765625,4695.7001953125,4687.0,4693.60009765625,1609
2026-08-24 13:22:00-04:00,4688.10009765625,4688.10009765625,4690.7998046875,4686.7998046875,4688.2998046875,539
2026-08-24 13:23:00-04:00,4693.60009765625,4693.60009765625,4693.7998046875,4686.60009765625,4687.7001953125,388
2026-08-24 13:24:00-04:00,4693.10009765625,4693.10009765625,4695.39990234375,4691.7001953125,4693.89990234375,323
2026-08-24 13:25:00-04:00,4692.10009765625,4692.10009765625,4693.39990234375,4689.60009765625,4693.0,179
2026-08-24 13:26:00-04:00,4695.2001953125,4695.2001953125,4695.2001953125,4691.60009765625,4691.7998046875,147
2026-08-24 13:27:00-04:00,4696.7001953125,4696.7001953125,4698.2001953125,4693.2998046875,4695.39990234375,988
2026-08-24 13:28:00-04:00,4699.7998046875,4699.7998046875,4699.7998046875,4696.0,4696.39990234375,233
2026-08-24 13:29:00-04:00,4695.0,4695.0,4701.89990234375,4694.39990234375,4699.5,807
2026-08-24 13:30:00-04:00,4696.10009765625,4696.10009765625,4697.2001953125,4693.39990234375,4695.10009765625,480
2026-08-24 13:31:00-04:00,4697.39990234375,4697.39990234375,4697.7001953125,4695.0,4695.89990234375,169
2026-08-24 13:32:00-04:00,4692.39990234375,4692.39990234375,4697.7998046875,4692.10009765625,4697.5,132
2026-08-24 13:33:00-04:00,4693.7001953125,4693.7001953125,4695.0,4692.39990234375,4692.5,151
2026-08-24 13:34:00-04:00,4694.5,4694.5,4695.10009765625,4692.7998046875,4693.60009765625,112
2026-08-24 13:35:00-04:00,4694.10009765625,4694.10009765625,4695.0,4693.5,4694.2001953125,84
2026-08-24 13:36:00-04:00,4698.5,4698.5,4699.0,4694.2001953125,4694.2001953125,156
2026-08-24 13:37:00-04:00,4698.7998046875,4698.7998046875,4699.60009765625,4698.10009765625,4698.10009765625,143
2026-08-24 13:38:00-04:00,4698.39990234375,4698.39990234375,4699.2001953125,4698.0,4698.7001953125,76
2026-08-24 13:39:00-04:00,4697.7001953125,4697.7001953125,4698.60009765625,4697.10009765625,4698.60009765625,82
2026-08-24 13:40:00-04:00,4698.2001953125,4698.2001953125,4698.89990234375,4697.7001953125,4698.0,73
2026-08-24 13:41:00-04:00,4697.89990234375,4697.89990234375,4698.2998046875,4697.0,4698.2001953125,67
2026-08-24 13:42:00-04:00,4697.39990234375,4697.39990234375,4698.5,4697.39990234375,4697.89990234375,20
2026-08-24 13:43:00-04:00,4697.0,4697.0,4698.39990234375,4696.39990234375,4697.60009765625,57
2026-08-24 13:44:00-04:00,4695.5,4695.5,4697.10009765625,4695.10009765625,4696.5,106
2026-08-24 13:45:00-04:00,4694.39990234375,4694.39990234375,4695.7998046875,4693.60009765625,4695.2001953125,98
2026-08-24 13:46:00-04:00,4694.89990234375,4694.89990234375,4695.2001953125,4693.89990234375,4694.7998046875,66
2026-08-24 13:47:00-04:00,4693.5,4693.5,4695.0,4693.10009765625,4694.39990234375,54
2026-08-24 13:48:00-04:00,4693.2998046875,4693.2998046875,4693.7998046875,4692.89990234375,4693.2001953125,52
2026-08-24 13:49:00-04:00,4690.2998046875,4690.2998046875,4693.60009765625,4690.2998046875,4693.5,311
2026-08-24 13:50:00-04:00,4695.0,4695.0,4695.39990234375,4689.2998046875,4690.2998046875,467
2026-08-24 13:51:00-04:00,4693.5,4693.5,4695.10009765625,4692.5,4694.89990234375,52
2026-08-24 13:52:00-04:00,4690.5,4690.5,4694.0,4690.5,4693.7001953125,41
2026-08-24 13:53:00-04:00,4691.2998046875,4691.2998046875,4692.10009765625,4690.2998046875,4690.5,81
2026-08-24 13:54:00-04:00,4690.7001953125,4690.7001953125,4691.89990234375,4690.7001953125,4691.89990234375,357
2026-08-24 13:55:00-04:00,4690.39990234375,4690.39990234375,4691.0,4689.5,4690.5,406
2026-08-24 13:56:00-04:00,4691.60009765625,4691.60009765625,4692.2001953125,4689.89990234375,4690.2001953125,66
2026-08-24 13:57:00-04:00,4692.7998046875,4692.7998046875,4693.60009765625,4691.10009765625,4691.7001953125,86
2026-08-24 13:58:00-04:00,4692.89990234375,4692.89990234375,4694.10009765625,4692.7998046875,4692.7998046875,72
2026-08-24 13:59:00-04:00,4693.2998046875,4693.2998046875,4694.0,4692.39990234375,4692.60009765625,119
2026-08-24 14:00:00-04:00,4692.89990234375,4692.89990234375,4694.2998046875,4692.7001953125,4693.0,243
2026-08-24 14:01:00-04:00,4693.5,4693.5,4693.7001953125,4691.60009765625,4692.60009765625,65
2026-08-24 14:02:00-04:00,4695.5,4695.5,4697.5,4693.2998046875,4693.60009765625,146
2026-08-24 14:03:00-04:00,4695.7001953125,4695.7001953125,4696.10009765625,4693.2001953125,4695.5,171
2026-08-24 14:04:00-04:00,4696.89990234375,4696.89990234375,4697.10009765625,4696.0,4696.0,26
2026-08-24 14:05:00-04:00,4696.10009765625,4696.10009765625,4696.7998046875,4694.7998046875,4696.60009765625,49
2026-08-24 14:06:00-04:00,4690.39990234375,4690.39990234375,4696.10009765625,4690.2998046875,4696.0,780
2026-08-24 14:07:00-04:00,4691.0,4691.0,4692.5,4690.2001953125,4690.2001953125,77
2026-08-24 14:08:00-04:00,4683.7998046875,4683.7998046875,4691.2001953125,4682.5,4691.10009765625,685
2026-08-24 14:09:00-04:00,4688.7001953125,4688.7001953125,4689.2998046875,4681.2001953125,4683.7998046875,894
2026-08-24 14:10:00-04:00,4689.5,4689.5,4690.60009765625,4686.89990234375,4688.7001953125,320
2026-08-24 14:11:00-04:00,4691.2001953125,4691.2001953125,4691.5,4688.7001953125,4689.60009765625,49
2026-08-24 14:12:00-04:00,4688.39990234375,4688.39990234375,4691.2001953125,4687.89990234375,4691.2001953125,79
2026-08-24 14:13:00-04:00,4687.5,4687.5,4688.2998046875,4686.60009765625,4688.0,252
2026-08-24 14:14:00-04:00,4688.5,4688.5,4690.10009765625,4688.39990234375,4688.39990234375,110
2026-08-24 14:15:00-04:00,4690.0,4690.0,4690.7001953125,4687.2998046875,4688.89990234375,109
2026-08-24 14:16:00-04:00,4687.10009765625,4687.10009765625,4691.10009765625,4686.7001953125,4690.0,162
2026-08-24 14:17:00-04:00,4687.39990234375,4687.39990234375,4688.60009765625,4687.2998046875,4687.2998046875,98
2026-08-24 14:18:00-04:00,4686.60009765625,4686.60009765625,4688.0,4686.10009765625,4687.2998046875,99
2026-08-24 14:19:00-04:00,4684.7998046875,4684.7998046875,4686.7001953125,4684.10009765625,4686.60009765625,156
2026-08-24 14:20:00-04:00,4687.5,4687.5,4687.7001953125,4683.7001953125,4684.7001953125,111
2026-08-24 14:21:00-04:00,4690.39990234375,4690.39990234375,4690.89990234375,4687.7001953125,4688.0,88
2026-08-24 14:22:00-04:00,4692.0,4692.0,4693.0,4690.10009765625,4690.5,237
2026-08-24 14:23:00-04:00,4692.39990234375,4692.39990234375,4693.2998046875,4691.5,4692.10009765625,153
2026-08-24 14:24:00-04:00,4693.2001953125,4693.2001953125,4693.2001953125,4692.0,4692.7001953125,52
2026-08-24 14:25:00-04:00,4696.39990234375,4696.39990234375,4697.39990234375,4693.0,4693.0,682
2026-08-24 14:26:00-04:00,4697.2001953125,4697.2001953125,4697.2998046875,4695.89990234375,4696.2001953125,105
2026-08-24 14:27:00-04:00,4698.2001953125,4698.2001953125,4699.0,4696.5,4697.10009765625,175
2026-08-24 14:28:00-04:00,4696.10009765625,4696.10009765625,4698.7998046875,4694.7001953125,4698.60009765625,431
2026-08-24 14:29:00-04:00,4697.2998046875,4697.2998046875,4697.5,4695.60009765625,4695.89990234375,91
2026-08-24 14:30:00-04:00,4696.7001953125,4696.7001953125,4698.7001953125,4696.39990234375,4697.2001953125,84
2026-08-24 14:31:00-04:00,4694.2998046875,4694.2998046875,4697.2998046875,4693.89990234375,4696.7001953125,286
2026-08-24 14:32:00-04:00,4694.60009765625,4694.60009765625,4695.10009765625,4693.5,4694.2998046875,57
2026-08-24 14:33:00-04:00,4692.10009765625,4692.10009765625,4694.89990234375,4691.2998046875,4694.7998046875,135
2026-08-24 14:34:00-04:00,4688.7998046875,4688.7998046875,4691.89990234375,4688.2001953125,4691.89990234375,504
2026-08-24 14:35:00-04:00,4688.89990234375,4688.89990234375,4689.60009765625,4686.7998046875,4688.7998046875,260
2026-08-24 14:36:00-04:00,4687.2998046875,4687.2998046875,4689.2998046875,4686.60009765625,4688.89990234375,95
2026-08-24 14:37:00-04:00,4684.7001953125,4684.7001953125,4687.2001953125,4684.0,4686.89990234375,111
2026-08-24 14:38:00-04:00,4681.7001953125,4681.7001953125,4684.7998046875,4681.60009765625,4684.60009765625,190
2026-08-24 14:39:00-04:00,4686.60009765625,4686.60009765625,4686.60009765625,4681.39990234375,4681.7998046875,162
2026-08-24 14:40:00-04:00,4689.0,4689.0,4689.0,4686.39990234375,4686.39990234375,109
2026-08-24 14:41:00-04:00,4689.7998046875,4689.7998046875,4690.89990234375,4688.89990234375,4689.0,75
2026-08-24 14:42:00-04:00,4690.7998046875,4690.7998046875,4691.5,4689.2998046875,4689.7001953125,97
2026-08-24 14:43:00-04:00,4691.60009765625,4691.60009765625,4691.60009765625,4690.2998046875,4690.89990234375,25
2026-08-24 14:44:00-04:00,4691.10009765625,4691.10009765625,4692.10009765625,4690.7001953125,4691.39990234375,44
2026-08-24 14:45:00-04:00,4690.89990234375,4690.89990234375,4691.7001953125,4690.7001953125,4691.39990234375,44
2026-08-24 14:46:00-04:00,4691.10009765625,4691.10009765625,4691.10009765625,4689.7998046875,4690.7001953125,25
2026-08-24 14:47:00-04:00,4689.0,4689.0,4690.7001953125,4688.2998046875,4690.7001953125,92
2026-08-24 14:48:00-04:00,4688.7998046875,4688.7998046875,4689.2001953125,4687.7998046875,4689.2001953125,36
2026-08-24 14:49:00-04:00,4689.39990234375,4689.39990234375,4690.7001953125,4688.7001953125,4689.10009765625,82
2026-08-24 14:50:00-04:00,4689.7998046875,4689.7998046875,4690.0,4689.2001953125,4689.2998046875,30
2026-08-24 14:51:00-04:00,4689.60009765625,4689.60009765625,4689.7998046875,4689.39990234375,4689.7998046875,17
2026-08-24 14:52:00-04:00,4689.7001953125,4689.7001953125,4690.5,4689.39990234375,4690.0,40
2026-08-24 14:53:00-04:00,4690.5,4690.5,4691.39990234375,4690.10009765625,4690.2001953125,53
2026-08-24 14:54:00-04:00,4689.7001953125,4689.7001953125,4690.60009765625,4689.7001953125,4690.39990234375,24
2026-08-24 14:55:00-04:00,4690.7001953125,4690.7001953125,4691.10009765625,4689.89990234375,4689.89990234375,31
2026-08-24 14:56:00-04:00,4690.7998046875,4690.7998046875,4691.5,4690.60009765625,4690.89990234375,20
2026-08-24 14:57:00-04:00,4692.7998046875,4692.7998046875,4693.0,4690.2998046875,4690.60009765625,72
2026-08-24 14:58:00-04:00,4692.7998046875,4692.7998046875,4694.0,4692.7998046875,4693.10009765625,64
2026-08-24 14:59:00-04:00,4693.0,4693.0,4693.60009765625,4692.7001953125,4693.2001953125,80
2026-08-24 15:00:00-04:00,4695.2001953125,4695.2001953125,4696.0,4692.5,4692.7001953125,106
2026-08-24 15:01:00-04:00,4696.7998046875,4696.7998046875,4697.0,4695.2001953125,4695.5,110
2026-08-24 15:02:00-04:00,4695.89990234375,4695.89990234375,4697.0,4695.89990234375,4697.0,47
2026-08-24 15:03:00-04:00,4694.89990234375,4694.89990234375,4696.7998046875,4694.5,4696.60009765625,38
2026-08-24 15:04:00-04:00,4695.39990234375,4695.39990234375,4695.89990234375,4694.7998046875,4694.89990234375,87
2026-08-24 15:05:00-04:00,4695.89990234375,4695.89990234375,4695.89990234375,4695.0,4695.2001953125,11
2026-08-24 15:06:00-04:00,4695.7998046875,4695.7998046875,4696.2001953125,4695.10009765625,4695.89990234375,20
2026-08-24 15:07:00-04:00,4693.60009765625,4693.60009765625,4695.7001953125,4692.60009765625,4695.7001953125,73
2026-08-24 15:08:00-04:00,4696.2001953125,4696.2001953125,4696.7001953125,4692.7998046875,4693.5,43
2026-08-24 15:09:00-04:00,4694.7998046875,4694.7998046875,4696.89990234375,4694.5,4696.2001953125,48
2026-08-24 15:10:00-04:00,4694.2998046875,4694.2998046875,4695.2998046875,4694.10009765625,4694.89990234375,26
2026-08-24 15:11:00-04:00,4695.0,4695.0,4695.10009765625,4693.7998046875,4694.39990234375,43
2026-08-24 15:12:00-04:00,4692.7001953125,4692.7001953125,4694.89990234375,4692.7001953125,4694.7998046875,115
2026-08-24 15:13:00-04:00,4692.89990234375,4692.89990234375,4693.10009765625,4692.7001953125,4692.7998046875,25
2026-08-24 15:14:00-04:00,4692.5,4692.5,4692.7998046875,4692.2001953125,4692.7998046875,41
2026-08-24 15:15:00-04:00,4692.5,4692.5,4693.39990234375,4692.2001953125,4692.7001953125,50
2026-08-24 15:16:00-04:00,4692.7998046875,4692.7998046875,4693.10009765625,4692.2998046875,4692.2998046875,44
2026-08-24 15:17:00-04:00,4696.2998046875,4696.2998046875,4696.2998046875,4692.89990234375,4693.10009765625,42
2026-08-24 15:18:00-04:00,4697.7001953125,4697.7001953125,4697.7001953125,4695.2998046875,4696.5,109
2026-08-24 15:19:00-04:00,4699.0,4699.0,4699.0,4697.60009765625,4697.60009765625,47
2026-08-24 15:20:00-04:00,4699.7998046875,4699.7998046875,4700.0,4697.5,4698.7001953125,119
2026-08-24 15:21:00-04:00,4699.89990234375,4699.89990234375,4700.60009765625,4699.5,4699.89990234375,90
2026-08-24 15:22:00-04:00,4700.60009765625,4700.60009765625,4700.60009765625,4699.7998046875,4700.0,49
2026-08-24 15:23:00-04:00,4699.7001953125,4699.7001953125,4701.2001953125,4699.5,4700.2998046875,58
2026-08-24 15:24:00-04:00,4698.89990234375,4698.89990234375,4699.7001953125,4698.7001953125,4699.60009765625,40
2026-08-24 15:25:00-04:00,4698.2001953125,4698.2001953125,4699.2001953125,4697.60009765625,4698.60009765625,55
2026-08-24 15:26:00-04:00,4696.89990234375,4696.89990234375,4698.2001953125,4696.89990234375,4698.2001953125,54
2026-08-24 15:27:00-04:00,4697.2001953125,4697.2001953125,4697.2001953125,4696.2998046875,4696.7998046875,49
2026-08-24 15:28:00-04:00,4698.2001953125,4698.2001953125,4698.2001953125,4697.0,4697.60009765625,26
2026-08-24 15:29:00-04:00,4697.7001953125,4697.7001953125,4698.10009765625,4697.39990234375,4698.0,30
2026-08-24 15:30:00-04:00,4697.10009765625,4697.10009765625,4697.60009765625,4696.7001953125,4697.60009765625,35
2026-08-24 15:31:00-04:00,4698.0,4698.0,4698.0,4697.0,4697.39990234375,13
2026-08-24 15:32:00-04:00,4697.10009765625,4697.10009765625,4698.0,4696.39990234375,4698.0,50
2026-08-24 15:33:00-04:00,4697.7001953125,4697.7001953125,4697.89990234375,4696.2001953125,4697.0,29
2026-08-24 15:34:00-04:00,4696.89990234375,4696.89990234375,4698.39990234375,4696.89990234375,4698.10009765625,31
2026-08-24 15:35:00-04:00,4697.7001953125,4697.7001953125,4697.89990234375,4696.60009765625,4696.7998046875,28
2026-08-24 15:36:00-04:00,4701.0,4701.0,4701.0,4697.7998046875,4697.7998046875,63
2026-08-24 15:37:00-04:00,4700.60009765625,4700.60009765625,4701.89990234375,4700.2001953125,4701.0,60
2026-08-24 15:38:00-04:00,4701.7001953125,4701.7001953125,4701.7001953125,4700.7998046875,4700.7998046875,40
2026-08-24 15:39:00-04:00,4700.39990234375,4700.39990234375,4702.2001953125,4700.39990234375,4701.2998046875,42
2026-08-24 15:40:00-04:00,4701.39990234375,4701.39990234375,4701.7001953125,4700.60009765625,4700.7998046875,16
2026-08-24 15:45:00-04:00,4706.60009765625,4706.60009765625,4707.2998046875,4706.10009765625,4706.39990234375,824
2026-08-24 15:46:00-04:00,4705.89990234375,4705.89990234375,4706.7998046875,4705.89990234375,4706.60009765625,61
2026-08-24 15:47:00-04:00,4708.0,4708.0,4708.10009765625,4705.7001953125,4705.89990234375,49
2026-08-24 15:48:00-04:00,4709.5,4709.5,4709.7001953125,4707.7998046875,4708.39990234375,124
2026-08-24 15:49:00-04:00,4710.89990234375,4710.89990234375,4711.2001953125,4709.39990234375,4709.7001953125,149
2026-08-24 15:50:00-04:00,4709.2001953125,4709.2001953125,4712.10009765625,4707.7998046875,4711.2001953125,361
2026-08-24 15:51:00-04:00,4709.0,4709.0,4709.0,4708.0,4709.0,67
2026-08-24 15:52:00-04:00,4709.0,4709.0,4710.0,4708.0,4709.0,109
2026-08-24 15:53:00-04:00,4708.2001953125,4708.2001953125,4708.89990234375,4707.39990234375,4708.89990234375,153
2026-08-24 15:54:00-04:00,4709.0,4709.0,4709.2998046875,4708.10009765625,4708.5,55
2026-08-24 15:55:00-04:00,4708.10009765625,4708.10009765625,4710.10009765625,4707.89990234375,4709.0,93
2026-08-24 15:56:00-04:00,4708.2001953125,4708.2001953125,4709.2001953125,4707.39990234375,4708.39990234375,103
2026-08-24 15:57:00-04:00,4707.2001953125,4707.2001953125,4708.60009765625,4706.2001953125,4708.39990234375,58
2026-08-24 15:58:00-04:00,4707.5,4707.5,4707.89990234375,4707.10009765625,4707.10009765625,75
2026-08-24 15:59:00-04:00,4707.5,4707.5,4708.2998046875,4707.0,4707.7998046875,163
2026-08-24 16:00:00-04:00,4708.2998046875,4708.2998046875,4709.2001953125,4706.60009765625,4707.89990234375,199
2026-08-24 16:01:00-04:00,4709.2001953125,4709.2001953125,4710.0,4708.0,4708.2998046875,90
2026-08-24 16:02:00-04:00,4708.2001953125,4708.2001953125,4709.60009765625,4708.0,4709.0,85
2026-08-24 16:03:00-04:00,4708.2998046875,4708.2998046875,4708.7001953125,4708.0,4708.2001953125,65
2026-08-24 16:04:00-04:00,4710.39990234375,4710.39990234375,4711.10009765625,4708.2001953125,4708.2001953125,188
2026-08-24 16:05:00-04:00,4709.89990234375,4709.89990234375,4711.10009765625,4709.60009765625,4710.2998046875,114
2026-08-24 16:06:00-04:00,4710.39990234375,4710.39990234375,4710.60009765625,4710.0,4710.0,12
2026-08-24 16:07:00-04:00,4710.5,4710.5,4710.60009765625,4709.60009765625,4710.2998046875,75
2026-08-24 16:08:00-04:00,4710.10009765625,4710.10009765625,4710.39990234375,4709.7998046875,4710.2998046875,23
2026-08-24 16:09:00-04:00,4710.2998046875,4710.2998046875,4710.2998046875,4709.7001953125,4710.2001953125,18
2026-08-24 16:10:00-04:00,4710.60009765625,4710.60009765625,4711.0,4710.2001953125,4710.2001953125,39
2026-08-24 16:11:00-04:00,4707.10009765625,4707.10009765625,4711.5,4707.10009765625,4710.5,623
2026-08-24 16:12:00-04:00,4706.60009765625,4706.60009765625,4707.7998046875,4706.39990234375,4707.2998046875,40
2026-08-24 16:13:00-04:00,4707.7001953125,4707.7001953125,4707.7001953125,4707.2001953125,4707.2001953125,11
2026-08-24 16:14:00-04:00,4707.2001953125,4707.2001953125,4707.7001953125,4707.10009765625,4707.7001953125,3
2026-08-24 16:15:00-04:00,4709.7998046875,4709.7998046875,4709.7998046875,4706.89990234375,4706.89990234375,122
2026-08-24 16:16:00-04:00,4709.7001953125,4709.7001953125,4710.0,4709.7001953125,4710.0,7
2026-08-24 16:17:00-04:00,4709.5,4709.5,4709.89990234375,4709.5,4709.60009765625,14
2026-08-24 16:18:00-04:00,4708.89990234375,4708.89990234375,4709.2001953125,4708.7998046875,4709.10009765625,14
2026-08-24 16:19:00-04:00,4707.89990234375,4707.89990234375,4708.89990234375,4707.10009765625,4708.7001953125,278
2026-08-24 16:20:00-04:00,4707.7998046875,4707.7998046875,4707.89990234375,4707.10009765625,4707.89990234375,40
2026-08-24 16:21:00-04:00,4706.7998046875,4706.7998046875,4708.7001953125,4706.7998046875,4708.0,49
2026-08-24 16:22:00-04:00,4707.89990234375,4707.89990234375,4707.89990234375,4706.7998046875,4706.89990234375,70
2026-08-24 16:23:00-04:00,4708.10009765625,4708.10009765625,4708.7001953125,4708.0,4708.0,27
2026-08-24 16:24:00-04:00,4707.0,4707.0,4708.0,4707.0,4708.0,27
2026-08-24 16:25:00-04:00,4706.2998046875,4706.2998046875,4706.7001953125,4706.2998046875,4706.60009765625,19
2026-08-24 16:26:00-04:00,4705.7001953125,4705.7001953125,4706.5,4705.60009765625,4706.5,38
2026-08-24 16:27:00-04:00,4705.10009765625,4705.10009765625,4706.0,4705.10009765625,4705.60009765625,31
2026-08-24 16:28:00-04:00,4705.60009765625,4705.60009765625,4705.60009765625,4705.2998046875,4705.2998046875,6
2026-08-24 16:29:00-04:00,4705.2998046875,4705.2998046875,4705.5,4705.0,4705.5,17
2026-08-24 16:30:00-04:00,4706.10009765625,4706.10009765625,4706.2001953125,4705.60009765625,4705.60009765625,19
2026-08-24 16:31:00-04:00,4704.7001953125,4704.7001953125,4705.89990234375,4704.7001953125,4705.89990234375,9
2026-08-24 16:32:00-04:00,4705.2001953125,4705.2001953125,4705.2001953125,4704.7001953125,4704.7998046875,16
2026-08-24 16:33:00-04:00,4705.0,4705.0,4705.10009765625,4704.60009765625,4705.10009765625,28
2026-08-24 16:34:00-04:00,4704.7998046875,4704.7998046875,4705.10009765625,4704.7998046875,4704.89990234375,6
2026-08-24 16:35:00-04:00,4704.60009765625,4704.60009765625,4704.7998046875,4704.2001953125,4704.7998046875,25
2026-08-24 16:36:00-04:00,4704.7001953125,4704.7001953125,4705.0,4704.7001953125,4704.7998046875,5
2026-08-24 16:37:00-04:00,4705.0,4705.0,4705.60009765625,4705.0,4705.0,15
2026-08-24 16:38:00-04:00,4705.10009765625,4705.10009765625,4705.10009765625,4704.5,4704.60009765625,13
2026-08-24 16:39:00-04:00,4705.0,4705.0,4705.0,4704.7998046875,4704.89990234375,6
2026-08-24 16:40:00-04:00,4704.7001953125,4704.7001953125,4704.89990234375,4704.60009765625,4704.60009765625,3
2026-08-24 16:41:00-04:00,4704.10009765625,4704.10009765625,4704.89990234375,4703.7001953125,4704.89990234375,21
2026-08-24 16:42:00-04:00,4703.5,4703.5,4704.0,4703.5,4704.0,11
2026-08-24 16:43:00-04:00,4703.89990234375,4703.89990234375,4704.0,4703.60009765625,4703.7001953125,7
2026-08-24 16:45:00-04:00,4704.60009765625,4704.60009765625,4705.7001953125,4703.39990234375,4704.39990234375,253
2026-08-24 16:46:00-04:00,4705.5,4705.5,4705.5,4704.0,4704.7001953125,30
2026-08-24 16:47:00-04:00,4706.7001953125,4706.7001953125,4707.10009765625,4706.0,4706.0,44
2026-08-24 16:48:00-04:00,4707.5,4707.5,4707.5,4706.5,4706.89990234375,17
2026-08-24 16:49:00-04:00,4707.0,4707.0,4707.0,4706.60009765625,4706.89990234375,9
2026-08-24 16:50:00-04:00,4707.0,4707.0,4707.0,4705.7001953125,4706.60009765625,81
2026-08-24 16:51:00-04:00,4705.89990234375,4705.89990234375,4706.5,4705.7001953125,4706.39990234375,23
2026-08-24 16:52:00-04:00,4706.2998046875,4706.2998046875,4706.2998046875,4705.39990234375,4705.60009765625,7
2026-08-24 16:53:00-04:00,4706.5,4706.5,4706.5,4706.2998046875,4706.2998046875,2
2026-08-24 16:54:00-04:00,4707.7001953125,4707.7001953125,4708.0,4706.7998046875,4706.7998046875,25
2026-08-24 16:55:00-04:00,4707.2998046875,4707.2998046875,4708.10009765625,4706.39990234375,4708.10009765625,135
2026-08-24 16:56:00-04:00,4707.7998046875,4707.7998046875,4707.7998046875,4707.2998046875,4707.39990234375,5
2026-08-24 16:57:00-04:00,4709.7998046875,4709.7998046875,4709.7998046875,4707.60009765625,4707.60009765625,63
2026-08-24 16:58:00-04:00,4709.0,4709.0,4710.0,4708.60009765625,4709.7001953125,67
2026-08-24 16:59:00-04:00,4710.0,4710.0,4710.0,4708.89990234375,4709.10009765625,33
2026-08-24 18:00:00-04:00,4712.2998046875,4712.2998046875,4713.2001953125,4708.39990234375,4710.10009765625,0
2026-08-24 18:01:00-04:00,4714.0,4714.0,4714.0,4712.60009765625,4712.7001953125,30
2026-08-24 18:02:00-04:00,4710.2001953125,4710.2001953125,4713.5,4710.2001953125,4713.5,28
2026-08-24 18:03:00-04:00,4712.89990234375,4712.89990234375,4713.2001953125,4710.2998046875,4710.5,38
2026-08-24 18:04:00-04:00,4713.10009765625,4713.10009765625,4713.2001953125,4712.39990234375,4713.10009765625,21
2026-08-24 18:05:00-04:00,4714.0,4714.0,4714.7998046875,4712.5,4713.0,44
2026-08-24 18:06:00-04:00,4714.7001953125,4714.7001953125,4715.39990234375,4714.2001953125,4714.39990234375,66
2026-08-24 18:07:00-04:00,4715.89990234375,4715.89990234375,4716.0,4714.89990234375,4715.2998046875,41
2026-08-24 18:08:00-04:00,4717.39990234375,4717.39990234375,4717.7001953125,4716.0,4716.39990234375,74
2026-08-24 18:09:00-04:00,4716.0,4716.0,4718.0,4715.60009765625,4717.60009765625,36
2026-08-24 18:10:00-04:00,4716.2998046875,4716.2998046875,4717.0,4716.10009765625,4716.10009765625,18
2026-08-24 18:11:00-04:00,4716.10009765625,4716.10009765625,4716.2001953125,4715.7001953125,4715.7001953125,6
2026-08-24 18:12:00-04:00,4715.89990234375,4715.89990234375,4716.2998046875,4715.7998046875,4716.0,12
2026-08-24 18:13:00-04:00,4714.7998046875,4714.7998046875,4716.39990234375,4714.7998046875,4715.7998046875,27
2026-08-24 18:14:00-04:00,4715.60009765625,4715.60009765625,4715.89990234375,4715.5,4715.7001953125,11
2026-08-24 18:15:00-04:00,4716.39990234375,4716.39990234375,4716.39990234375,4715.7998046875,4715.89990234375,23
2026-08-24 18:16:00-04:00,4715.89990234375,4715.89990234375,4716.39990234375,4715.89990234375,4716.2001953125,16
2026-08-24 18:17:00-04:00,4715.7998046875,4715.7998046875,4716.39990234375,4715.7998046875,4716.0,5
2026-08-24 18:18:00-04:00,4715.60009765625,4715.60009765625,4716.0,4715.60009765625,4716.0,3
2026-08-24 18:19:00-04:00,4714.7998046875,4714.7998046875,4715.7998046875,4714.7998046875,4715.5,18
2026-08-24 18:20:00-04:00,4715.5,4715.5,4715.5,4714.39990234375,4714.39990234375,9
2026-08-24 18:21:00-04:00,4715.2998046875,4715.2998046875,4715.7001953125,4715.2998046875,4715.39990234375,5
2026-08-24 18:22:00-04:00,4715.2998046875,4715.2998046875,4715.60009765625,4714.89990234375,4714.89990234375,8
2026-08-24 18:23:00-04:00,4714.7001953125,4714.7001953125,4715.2001953125,4714.7001953125,4715.2001953125,8
2026-08-24 18:24:00-04:00,4715.0,4715.0,4715.2001953125,4714.89990234375,4715.10009765625,7
2026-08-24 18:25:00-04:00,4714.89990234375,4714.89990234375,4715.10009765625,4714.89990234375,4715.10009765625,4
2026-08-24 18:26:00-04:00,4714.7998046875,4714.7998046875,4715.2001953125,4714.7998046875,4714.7998046875,8
2026-08-24 18:27:00-04:00,4713.89990234375,4713.89990234375,4714.5,4713.89990234375,4714.5,12
2026-08-24 18:28:00-04:00,4714.0,4714.0,4714.10009765625,4713.5,4714.10009765625,10
2026-08-24 18:29:00-04:00,4714.2001953125,4714.2001953125,4714.39990234375,4714.0,4714.39990234375,8
2026-08-24 18:30:00-04:00,4714.7998046875,4714.7998046875,4715.89990234375,4714.7998046875,4714.89990234375,50
2026-08-24 18:31:00-04:00,4714.7998046875,4714.7998046875,4714.7998046875,4714.0,4714.7001953125,31
2026-08-24 18:32:00-04:00,4714.89990234375,4714.89990234375,4715.2998046875,4714.60009765625,4714.7998046875,12
2026-08-24 18:33:00-04:00,4715.7001953125,4715.7001953125,4715.89990234375,4714.89990234375,4715.0,11
2026-08-24 18:34:00-04:00,4716.0,4716.0,4716.0,4715.10009765625,4715.39990234375,14
2026-08-24 18:35:00-04:00,4717.39990234375,4717.39990234375,4717.60009765625,4715.89990234375,4715.89990234375,81
2026-08-24 18:36:00-04:00,4717.60009765625,4717.60009765625,4717.89990234375,4717.2001953125,4717.39990234375,16
2026-08-24 18:37:00-04:00,4717.10009765625,4717.10009765625,4718.0,4717.10009765625,4717.89990234375,8
2026-08-24 18:38:00-04:00,4717.2001953125,4717.2001953125,4717.60009765625,4717.2001953125,4717.5,6
2026-08-24 18:39:00-04:00,4717.2001953125,4717.2001953125,4717.7001953125,4717.2001953125,4717.60009765625,7
2026-08-24 18:40:00-04:00,4717.5,4717.5,4717.7998046875,4717.5,4717.60009765625,5
2026-08-24 18:41:00-04:00,4717.7998046875,4717.7998046875,4717.7998046875,4717.0,4717.2998046875,20
2026-08-24 18:42:00-04:00,4717.7001953125,4717.7001953125,4717.89990234375,4717.5,4717.7998046875,14
2026-08-24 18:43:00-04:00,4718.10009765625,4718.10009765625,4718.10009765625,4717.7001953125,4718.0,10
2026-08-24 18:44:00-04:00,4718.0,4718.0,4718.0,4717.89990234375,4718.0,8
2026-08-24 18:45:00-04:00,4717.89990234375,4717.89990234375,4718.2998046875,4717.89990234375,4718.2001953125,3
2026-08-24 18:46:00-04:00,4718.7001953125,4718.7001953125,4718.7001953125,4717.89990234375,4717.89990234375,17
2026-08-24 18:47:00-04:00,4718.39990234375,4718.39990234375,4718.7001953125,4717.7998046875,4718.5,24
2026-08-24 18:48:00-04:00,4719.10009765625,4719.10009765625,4719.10009765625,4718.2001953125,4718.2001953125,22
2026-08-24 18:49:00-04:00,4719.39990234375,4719.39990234375,4719.5,4718.5,4718.5,21
2026-08-24 18:50:00-04:00,4719.5,4719.5,4720.0,4719.0,4719.0,36
2026-08-24 18:51:00-04:00,4721.7001953125,4721.7001953125,4721.7998046875,4719.2001953125,4719.2998046875,135
2026-08-24 18:52:00-04:00,4721.39990234375,4721.39990234375,4722.0,4720.5,4722.0,80
2026-08-24 18:53:00-04:00,4721.5,4721.5,4722.0,4720.7001953125,4720.89990234375,21
2026-08-24 18:54:00-04:00,4721.39990234375,4721.39990234375,4721.7001953125,4721.39990234375,4721.39990234375,4
2026-08-24 18:55:00-04:00,4720.7998046875,4720.7998046875,4721.2998046875,4720.7998046875,4721.2998046875,10
2026-08-24 18:56:00-04:00,4723.39990234375,4723.39990234375,4723.7001953125,4721.2001953125,4721.2001953125,71
2026-08-24 18:57:00-04:00,4723.7001953125,4723.7001953125,4723.7001953125,4722.89990234375,4723.2998046875,90
2026-08-24 18:58:00-04:00,4723.7998046875,4723.7998046875,4724.10009765625,4723.5,4723.5,16
2026-08-24 18:59:00-04:00,4724.5,4724.5,4725.60009765625,4723.7001953125,4724.0,129
2026-08-24 19:00:00-04:00,4726.5,4726.5,4726.60009765625,4724.60009765625,4724.60009765625,109
2026-08-24 19:01:00-04:00,4725.2998046875,4725.2998046875,4726.10009765625,4724.89990234375,4726.10009765625,26
2026-08-24 19:02:00-04:00,4725.10009765625,4725.10009765625,4725.2001953125,4724.7998046875,4724.7998046875,15
2026-08-24 19:03:00-04:00,4725.7998046875,4725.7998046875,4725.7998046875,4725.39990234375,4725.39990234375,15
2026-08-24 19:04:00-04:00,4725.2998046875,4725.2998046875,4725.7998046875,4725.2998046875,4725.60009765625,18
2026-08-24 19:05:00-04:00,4725.2998046875,4725.2998046875,4725.60009765625,4724.7001953125,4725.0,14
2026-08-24 19:06:00-04:00,4724.5,4724.5,4725.2001953125,4724.39990234375,4725.2001953125,8
2026-08-24 19:07:00-04:00,4723.7001953125,4723.7001953125,4724.5,4723.0,4724.10009765625,59
2026-08-24 19:08:00-04:00,4725.2001953125,4725.2001953125,4725.5,4723.7001953125,4723.7001953125,48
2026-08-24 19:09:00-04:00,4726.2998046875,4726.2998046875,4726.2998046875,4725.39990234375,4725.60009765625,29
2026-08-24 19:10:00-04:00,4728.10009765625,4728.10009765625,4729.0,4725.7998046875,4726.0,129
2026-08-24 19:11:00-04:00,4728.89990234375,4728.89990234375,4729.2001953125,4727.7001953125,4727.89990234375,63
2026-08-24 19:12:00-04:00,4727.5,4727.5,4729.39990234375,4727.0,4728.89990234375,123
2026-08-24 19:13:00-04:00,4727.7998046875,4727.7998046875,4727.7998046875,4727.2998046875,4727.39990234375,13
2026-08-24 19:14:00-04:00,4729.2001953125,4729.2001953125,4729.2001953125,4727.89990234375,4728.0,50
2026-08-24 19:15:00-04:00,4732.39990234375,4732.39990234375,4732.89990234375,4729.2001953125,4729.2001953125,157
2026-08-24 19:16:00-04:00,4732.7001953125,4732.7001953125,4733.7001953125,4732.10009765625,4732.39990234375,147
2026-08-24 19:17:00-04:00,4732.5,4732.5,4733.2001953125,4732.2998046875,4732.89990234375,53
2026-08-24 19:18:00-04:00,4732.2998046875,4732.2998046875,4733.39990234375,4732.2998046875,4732.60009765625,36
2026-08-24 19:19:00-04:00,4731.7998046875,4731.7998046875,4732.2001953125,4731.5,4732.10009765625,43
2026-08-24 19:20:00-04:00,4731.7001953125,4731.7001953125,4732.2998046875,4731.60009765625,4731.60009765625,31
2026-08-24 19:21:00-04:00,4731.89990234375,4731.89990234375,4732.2998046875,4731.5,4731.89990234375,17
2026-08-24 19:22:00-04:00,4732.10009765625,4732.10009765625,4732.2998046875,4730.7998046875,4731.60009765625,41
2026-08-24 19:23:00-04:00,4732.10009765625,4732.10009765625,4732.10009765625,4730.2998046875,4732.10009765625,31
2026-08-24 19:24:00-04:00,4731.5,4731.5,4732.5,4731.2998046875,4731.7001953125,21
2026-08-24 19:25:00-04:00,4730.7998046875,4730.7998046875,4731.60009765625,4730.5,4731.39990234375,18
2026-08-24 19:26:00-04:00,4729.89990234375,4729.89990234375,4730.60009765625,4729.60009765625,4730.10009765625,46
2026-08-24 19:27:00-04:00,4727.2001953125,4727.2001953125,4729.60009765625,4726.5,4729.60009765625,108
2026-08-24 19:28:00-04:00,4726.10009765625,4726.10009765625,4727.10009765625,4726.10009765625,4726.89990234375,104
2026-08-24 19:29:00-04:00,4726.0,4726.0,4727.0,4726.0,4726.2998046875,22
2026-08-24 19:30:00-04:00,4726.7998046875,4726.7998046875,4727.39990234375,4724.5,4726.10009765625,269
2026-08-24 19:31:00-04:00,4726.5,4726.5,4726.89990234375,4725.2998046875,4726.7998046875,91
2026-08-24 19:32:00-04:00,4726.7998046875,4726.7998046875,4726.7998046875,4725.89990234375,4726.2998046875,36
2026-08-24 19:33:00-04:00,4727.60009765625,4727.60009765625,4728.0,4726.5,4726.60009765625,45
2026-08-24 19:34:00-04:00,4729.39990234375,4729.39990234375,4730.10009765625,4727.60009765625,4727.60009765625,54
2026-08-24 19:35:00-04:00,4728.89990234375,4728.89990234375,4729.2998046875,4728.5,4729.2998046875,16
2026-08-24 19:38:00-04:00,4732.0,4732.0,4733.0,4731.0,4731.0,162
2026-08-24 19:39:00-04:00,4732.10009765625,4732.10009765625,4734.10009765625,4731.7001953125,4732.39990234375,108
2026-08-24 19:40:00-04:00,4732.89990234375,4732.89990234375,4733.0,4732.39990234375,4732.5,19
2026-08-24 19:41:00-04:00,4733.0,4733.0,4733.5,4732.39990234375,4733.0,44
2026-08-24 19:42:00-04:00,4733.7998046875,4733.7998046875,4734.0,4733.0,4733.39990234375,48
2026-08-24 19:43:00-04:00,4733.39990234375,4733.39990234375,4733.89990234375,4733.10009765625,4733.89990234375,18
2026-08-24 19:44:00-04:00,4734.0,4734.0,4734.10009765625,4733.0,4733.60009765625,36
2026-08-24 19:45:00-04:00,4733.39990234375,4733.39990234375,4734.10009765625,4732.60009765625,4733.7998046875,61
2026-08-24 19:46:00-04:00,4732.89990234375,4732.89990234375,4733.2001953125,4732.0,4733.10009765625,97
2026-08-24 19:47:00-04:00,4733.0,4733.0,4733.2998046875,4732.5,4733.0,34
2026-08-24 19:48:00-04:00,4732.89990234375,4732.89990234375,4733.2998046875,4732.2001953125,4733.2001953125,79
2026-08-24 19:49:00-04:00,4734.0,4734.0,4734.60009765625,4732.7998046875,4733.10009765625,58
2026-08-24 19:50:00-04:00,4738.89990234375,4738.89990234375,4740.60009765625,4734.2001953125,4734.39990234375,671
2026-08-24 19:51:00-04:00,4735.60009765625,4735.60009765625,4740.0,4735.39990234375,4739.10009765625,208
2026-08-24 19:52:00-04:00,4736.39990234375,4736.39990234375,4736.7998046875,4735.2001953125,4735.7001953125,76
2026-08-24 19:53:00-04:00,4736.2998046875,4736.2998046875,4736.39990234375,4734.10009765625,4736.10009765625,64
2026-08-24 19:54:00-04:00,4736.5,4736.5,4737.7001953125,4736.39990234375,4736.7001953125,61
2026-08-24 19:55:00-04:00,4735.2001953125,4735.2001953125,4736.39990234375,4735.0,4736.2998046875,39
2026-08-24 19:56:00-04:00,4735.5,4735.5,4735.60009765625,4735.0,4735.39990234375,26
2026-08-24 19:57:00-04:00,4735.7001953125,4735.7001953125,4736.7998046875,4735.7001953125,4736.0,69
2026-08-24 19:58:00-04:00,4735.60009765625,4735.60009765625,4738.5,4735.39990234375,4735.5,121
2026-08-24 19:59:00-04:00,4737.2001953125,4737.2001953125,4737.2001953125,4735.5,4735.5,21
2026-08-24 20:00:00-04:00,4745.89990234375,4745.89990234375,4746.39990234375,4736.0,4737.2998046875,674
2026-08-24 20:01:00-04:00,4742.39990234375,4742.39990234375,4746.10009765625,4742.10009765625,4745.39990234375,123
2026-08-24 20:02:00-04:00,4741.2001953125,4741.2001953125,4743.2001953125,4740.60009765625,4742.10009765625,96
2026-08-24 20:03:00-04:00,4737.5,4737.5,4741.10009765625,4737.5,4740.89990234375,136
2026-08-24 20:04:00-04:00,4734.5,4734.5,4738.39990234375,4734.2998046875,4738.0,134
2026-08-24 20:05:00-04:00,4736.2001953125,4736.2001953125,4737.10009765625,4732.7001953125,4734.0,420
2026-08-24 20:06:00-04:00,4740.5,4740.5,4740.5,4736.10009765625,4736.10009765625,69
2026-08-24 20:07:00-04:00,4743.0,4743.0,4744.5,4740.0,4740.2001953125,302
2026-08-24 20:08:00-04:00,4741.7001953125,4741.7001953125,4743.39990234375,4739.39990234375,4742.89990234375,142
2026-08-24 20:09:00-04:00,4739.0,4739.0,4741.39990234375,4738.2998046875,4741.39990234375,63
2026-08-24 20:10:00-04:00,4740.10009765625,4740.10009765625,4740.39990234375,4738.60009765625,4738.7998046875,52
2026-08-24 20:11:00-04:00,4739.2998046875,4739.2998046875,4741.2001953125,4738.7998046875,4740.39990234375,98
2026-08-24 20:12:00-04:00,4741.5,4741.5,4741.5,4737.2001953125,4738.2998046875,53
2026-08-24 20:13:00-04:00,4744.0,4744.0,4744.2001953125,4739.7001953125,4741.10009765625,169
2026-08-24 20:14:00-04:00,4747.7998046875,4747.7998046875,4749.0,4743.5,4743.60009765625,200
2026-08-24 20:15:00-04:00,4742.7001953125,4742.7001953125,4748.89990234375,4742.2998046875,4747.7998046875,188
2026-08-24 20:16:00-04:00,4741.2998046875,4741.2998046875,4743.89990234375,4740.5,4742.7001953125,79
2026-08-24 20:17:00-04:00,4740.39990234375,4740.39990234375,4741.89990234375,4739.39990234375,4740.89990234375,71
2026-08-24 20:18:00-04:00,4740.7001953125,4740.7001953125,4741.89990234375,4739.0,4740.2001953125,87
2026-08-24 20:19:00-04:00,4738.5,4738.5,4741.0,4738.10009765625,4740.5,54
2026-08-24 20:20:00-04:00,4739.10009765625,4739.10009765625,4740.10009765625,4736.39990234375,4738.7001953125,147
2026-08-24 20:21:00-04:00,4738.2998046875,4738.2998046875,4739.89990234375,4738.2998046875,4738.89990234375,52
2026-08-24 20:22:00-04:00,4738.2998046875,4738.2998046875,4738.89990234375,4737.89990234375,4738.7998046875,19
2026-08-24 20:23:00-04:00,4739.2001953125,4739.2001953125,4739.60009765625,4736.10009765625,4738.10009765625,106
2026-08-24 20:24:00-04:00,4737.0,4737.0,4739.39990234375,4736.89990234375,4739.39990234375,47
2026-08-24 20:25:00-04:00,4734.7998046875,4734.7998046875,4736.7998046875,4734.2001953125,4736.7001953125,186
2026-08-24 20:26:00-04:00,4736.0,4736.0,4736.39990234375,4733.7998046875,4734.5,86
2026-08-24 20:27:00-04:00,4735.60009765625,4735.60009765625,4736.7001953125,4734.39990234375,4735.7001953125,140
2026-08-24 20:28:00-04:00,4740.89990234375,4740.89990234375,4741.10009765625,4735.0,4735.5,118
2026-08-24 20:29:00-04:00,4739.7998046875,4739.7998046875,4740.7998046875,4738.7998046875,4740.39990234375,69
2026-08-24 20:30:00-04:00,4743.2998046875,4743.2998046875,4743.60009765625,4739.10009765625,4740.0,230
2026-08-24 20:31:00-04:00,4747.89990234375,4747.89990234375,4748.2998046875,4742.10009765625,4743.39990234375,285
2026-08-24 20:32:00-04:00,4746.89990234375,4746.89990234375,4750.60009765625,4746.2001953125,4748.39990234375,363
2026-08-24 20:33:00-04:00,4745.0,4745.0,4746.89990234375,4744.39990234375,4746.60009765625,163
2026-08-24 20:34:00-04:00,4745.2998046875,4745.2998046875,4745.7998046875,4743.60009765625,4744.7001953125,118
2026-08-24 20:35:00-04:00,4746.60009765625,4746.60009765625,4746.60009765625,4745.2001953125,4745.7001953125,39
2026-08-24 20:36:00-04:00,4749.7001953125,4749.7001953125,4749.89990234375,4746.2998046875,4746.7998046875,97
2026-08-24 20:37:00-04:00,4750.2001953125,4750.2001953125,4751.5,4749.2998046875,4749.60009765625,175
2026-08-24 20:38:00-04:00,4752.39990234375,4752.39990234375,4753.39990234375,4749.89990234375,4750.2998046875,184
2026-08-24 20:39:00-04:00,4752.5,4752.5,4753.2001953125,4750.89990234375,4752.2998046875,102
2026-08-24 20:40:00-04:00,4751.60009765625,4751.60009765625,4752.60009765625,4749.5,4752.5,127
2026-08-24 20:41:00-04:00,4752.60009765625,4752.60009765625,4753.7001953125,4751.5,4751.89990234375,113
2026-08-24 20:42:00-04:00,4752.7998046875,4752.7998046875,4755.0,4752.39990234375,4753.10009765625,237
2026-08-24 20:43:00-04:00,4752.10009765625,4752.10009765625,4753.7001953125,4750.60009765625,4753.2998046875,130
2026-08-24 20:44:00-04:00,4751.2998046875,4751.2998046875,4752.2998046875,4750.10009765625,4752.2001953125,81
2026-08-24 20:45:00-04:00,4751.7998046875,4751.7998046875,4752.39990234375,4750.7001953125,4751.5,66
2026-08-24 20:46:00-04:00,4748.7001953125,4748.7001953125,4751.7001953125,4747.2001953125,4751.7001953125,157
2026-08-24 20:47:00-04:00,4745.7998046875,4745.7998046875,4749.0,4745.39990234375,4748.39990234375,181
2026-08-24 20:48:00-04:00,4749.89990234375,4749.89990234375,4751.39990234375,4745.60009765625,4746.0,203
2026-08-24 20:49:00-04:00,4749.89990234375,4749.89990234375,4750.5,4749.10009765625,4749.7998046875,55
2026-08-24 20:50:00-04:00,4750.7998046875,4750.7998046875,4751.2998046875,4749.5,4749.7998046875,28
2026-08-24 20:51:00-04:00,4747.39990234375,4747.39990234375,4750.89990234375,4747.2998046875,4750.7998046875,76
2026-08-24 20:52:00-04:00,4746.0,4746.0,4747.60009765625,4744.5,4747.60009765625,51
2026-08-24 20:53:00-04:00,4746.10009765625,4746.10009765625,4747.60009765625,4745.2998046875,4745.60009765625,73
2026-08-24 20:54:00-04:00,4745.7001953125,4745.7001953125,4746.60009765625,4745.0,4746.2001953125,42
2026-08-24 20:55:00-04:00,4744.39990234375,4744.39990234375,4746.10009765625,4743.7001953125,4745.39990234375,66
2026-08-24 20:56:00-04:00,4744.5,4744.5,4745.2998046875,4743.10009765625,4744.2001953125,66
2026-08-24 20:57:00-04:00,4745.5,4745.5,4746.10009765625,4744.7001953125,4744.7001953125,32
2026-08-24 20:58:00-04:00,4745.39990234375,4745.39990234375,4746.39990234375,4745.10009765625,4745.89990234375,35
2026-08-24 20:59:00-04:00,4741.0,4741.0,4745.2998046875,4740.7001953125,4745.2998046875,242
2026-08-24 21:00:00-04:00,4731.60009765625,4731.60009765625,4743.2998046875,4731.5,4740.7998046875,772
2026-08-24 21:01:00-04:00,4731.89990234375,4731.89990234375,4733.89990234375,4729.60009765625,4731.2998046875,335
2026-08-24 21:02:00-04:00,4729.2998046875,4729.2998046875,4733.7998046875,4727.89990234375,4732.2001953125,328
2026-08-24 21:03:00-04:00,4731.39990234375,4731.39990234375,4732.2998046875,4727.60009765625,4729.10009765625,194
2026-08-24 21:04:00-04:00,4734.0,4734.0,4735.39990234375,4731.2001953125,4731.39990234375,112
2026-08-24 21:05:00-04:00,4729.10009765625,4729.10009765625,4734.0,4728.2998046875,4734.0,131
2026-08-24 21:06:00-04:00,4734.2998046875,4734.2998046875,4734.2998046875,4728.60009765625,4729.60009765625,141
2026-08-24 21:07:00-04:00,4734.7001953125,4734.7001953125,4737.5,4734.2001953125,4734.2001953125,116
2026-08-24 21:08:00-04:00,4737.0,4737.0,4737.0,4731.2998046875,4734.7998046875,192
2026-08-24 21:09:00-04:00,4735.60009765625,4735.60009765625,4736.7998046875,4734.89990234375,4736.60009765625,107
2026-08-24 21:10:00-04:00,4733.39990234375,4733.39990234375,4737.0,4732.2001953125,4735.89990234375,96
2026-08-24 21:11:00-04:00,4734.5,4734.5,4734.7001953125,4731.7998046875,4733.7001953125,59
2026-08-24 21:12:00-04:00,4734.7998046875,4734.7998046875,4734.89990234375,4733.0,4733.89990234375,52
2026-08-24 21:13:00-04:00,4736.5,4736.5,4736.5,4734.0,4735.10009765625,55
2026-08-24 21:14:00-04:00,4735.0,4735.0,4736.60009765625,4733.39990234375,4736.60009765625,206
2026-08-24 21:15:00-04:00,4730.2001953125,4730.2001953125,4734.2998046875,4730.2001953125,4734.10009765625,223
2026-08-24 21:16:00-04:00,4733.0,4733.0,4733.60009765625,4730.0,4730.7001953125,90
2026-08-24 21:17:00-04:00,4732.89990234375,4732.89990234375,4737.10009765625,4732.7998046875,4733.10009765625,301
2026-08-24 21:18:00-04:00,4735.0,4735.0,4735.0,4731.10009765625,4732.2998046875,111
2026-08-24 21:19:00-04:00,4734.5,4734.5,4736.60009765625,4734.5,4735.2998046875,48
2026-08-24 21:20:00-04:00,4731.60009765625,4731.60009765625,4734.7001953125,4731.60009765625,4734.5,74
2026-08-24 21:21:00-04:00,4733.2998046875,4733.2998046875,4733.2998046875,4730.60009765625,4731.2001953125,197
2026-08-24 21:22:00-04:00,4730.39990234375,4730.39990234375,4733.39990234375,4729.0,4733.10009765625,58
2026-08-24 21:23:00-04:00,4724.2998046875,4724.2998046875,4730.60009765625,4724.2998046875,4730.60009765625,272
2026-08-24 21:24:00-04:00,4723.5,4723.5,4725.7998046875,4722.89990234375,4724.60009765625,181
2026-08-24 21:25:00-04:00,4723.7001953125,4723.7001953125,4725.0,4722.39990234375,4723.39990234375,180
2026-08-24 21:26:00-04:00,4722.60009765625,4722.60009765625,4725.2001953125,4722.10009765625,4723.7998046875,252
2026-08-24 21:27:00-04:00,4726.7998046875,4726.7998046875,4727.2998046875,4720.60009765625,4722.60009765625,219
2026-08-24 21:28:00-04:00,4728.60009765625,4728.60009765625,4729.2998046875,4727.10009765625,4727.10009765625,139
2026-08-24 21:29:00-04:00,4726.0,4726.0,4728.89990234375,4725.60009765625,4728.7998046875,68
2026-08-24 21:30:00-04:00,4727.5,4727.5,4728.2001953125,4726.60009765625,4726.60009765625,65
2026-08-24 21:31:00-04:00,4728.10009765625,4728.10009765625,4728.7001953125,4725.89990234375,4727.0,83
2026-08-24 21:32:00-04:00,4729.7001953125,4729.7001953125,4731.2998046875,4727.5,4728.10009765625,155
2026-08-24 21:33:00-04:00,4728.2998046875,4728.2998046875,4729.7001953125,4727.89990234375,4729.7001953125,92
2026-08-24 21:34:00-04:00,4724.60009765625,4724.60009765625,4728.10009765625,4723.89990234375,4728.10009765625,89
2026-08-24 21:35:00-04:00,4725.39990234375,4725.39990234375,4725.7998046875,4723.2998046875,4724.39990234375,124
2026-08-24 21:36:00-04:00,4729.2998046875,4729.2998046875,4730.89990234375,4726.0,4726.0,255
2026-08-24 21:37:00-04:00,4728.10009765625,4728.10009765625,4730.39990234375,4727.5,4729.7001953125,84
2026-08-24 21:38:00-04:00,4726.0,4726.0,4727.7001953125,4724.7998046875,4727.7001953125,53
2026-08-24 21:39:00-04:00,4725.10009765625,4725.10009765625,4726.5,4724.39990234375,4725.89990234375,109
2026-08-24 21:40:00-04:00,4725.7998046875,4725.7998046875,4726.7998046875,4724.2001953125,4725.0,259
2026-08-24 21:41:00-04:00,4727.10009765625,4727.10009765625,4728.5,4725.89990234375,4725.89990234375,167
2026-08-24 21:42:00-04:00,4729.0,4729.0,4729.7998046875,4727.2001953125,4727.2001953125,110
2026-08-24 21:43:00-04:00,4728.5,4728.5,4729.89990234375,4725.7001953125,4729.0,90
2026-08-24 21:44:00-04:00,4726.7001953125,4726.7001953125,4729.7998046875,4726.7001953125,4728.5,46
2026-08-24 21:45:00-04:00,4727.2001953125,4727.2001953125,4728.2001953125,4726.7001953125,4726.89990234375,38
2026-08-24 21:46:00-04:00,4726.60009765625,4726.60009765625,4727.7998046875,4724.2998046875,4727.7998046875,328
2026-08-24 21:47:00-04:00,4726.7998046875,4726.7998046875,4727.60009765625,4721.60009765625,4726.2998046875,296
2026-08-24 21:48:00-04:00,4730.2001953125,4730.2001953125,4731.7001953125,4727.10009765625,4727.10009765625,548
2026-08-24 21:49:00-04:00,4731.60009765625,4731.60009765625,4732.5,4730.7998046875,4730.7998046875,55
2026-08-24 21:50:00-04:00,4724.2001953125,4724.2001953125,4731.39990234375,4724.2001953125,4731.2998046875,338
2026-08-24 21:51:00-04:00,4725.7001953125,4725.7001953125,4727.7998046875,4722.89990234375,4724.39990234375,207
2026-08-24 21:52:00-04:00,4726.5,4726.5,4727.0,4725.39990234375,4725.89990234375,39
2026-08-24 21:53:00-04:00,4725.0,4725.0,4727.60009765625,4725.0,4725.7001953125,62
2026-08-24 21:54:00-04:00,4721.39990234375,4721.39990234375,4724.60009765625,4720.10009765625,4724.60009765625,175
2026-08-24 21:55:00-04:00,4719.7001953125,4719.7001953125,4721.7998046875,4717.7001953125,4721.7998046875,259
2026-08-24 21:56:00-04:00,4719.0,4719.0,4720.60009765625,4718.7998046875,4719.7001953125,63
2026-08-24 21:57:00-04:00,4719.39990234375,4719.39990234375,4720.2001953125,4718.2001953125,4719.0,125
2026-08-24 21:58:00-04:00,4714.89990234375,4714.89990234375,4718.89990234375,4714.39990234375,4718.89990234375,167
2026-08-24 21:59:00-04:00,4714.7001953125,4714.7001953125,4715.0,4713.2001953125,4714.60009765625,116
2026-08-24 22:00:00-04:00,4715.60009765625,4715.60009765625,4716.0,4713.0,4714.5,197
2026-08-24 22:01:00-04:00,4717.0,4717.0,4718.2998046875,4714.7001953125,4715.7998046875,133
2026-08-24 22:02:00-04:00,4712.39990234375,4712.39990234375,4716.89990234375,4712.10009765625,4716.89990234375,108
2026-08-24 22:03:00-04:00,4708.0,4708.0,4712.5,4707.39990234375,4712.5,308
2026-08-24 22:04:00-04:00,4708.2001953125,4708.2001953125,4709.2001953125,4707.10009765625,4708.2001953125,207
2026-08-24 22:05:00-04:00,4698.7001953125,4698.7001953125,4708.10009765625,4694.5,4708.10009765625,840
2026-08-24 22:06:00-04:00,4696.0,4696.0,4700.10009765625,4696.0,4698.89990234375,613
2026-08-24 22:07:00-04:00,4697.89990234375,4697.89990234375,4701.89990234375,4695.89990234375,4696.60009765625,377
2026-08-24 22:08:00-04:00,4700.60009765625,4700.60009765625,4701.10009765625,4695.89990234375,4697.60009765625,148
2026-08-24 22:09:00-04:00,4701.2998046875,4701.2998046875,4701.7001953125,4695.89990234375,4700.2001953125,182
2026-08-24 22:10:00-04:00,4701.0,4701.0,4702.2998046875,4699.2998046875,4700.10009765625,142
2026-08-24 22:11:00-04:00,4701.5,4701.5,4702.2001953125,4699.60009765625,4700.7998046875,88
2026-08-24 22:12:00-04:00,4696.5,4696.5,4701.2998046875,4696.2998046875,4700.89990234375,129
2026-08-24 22:13:00-04:00,4694.89990234375,4694.89990234375,4697.7998046875,4694.7998046875,4696.60009765625,146
2026-08-24 22:14:00-04:00,4698.10009765625,4698.10009765625,4698.2998046875,4694.2001953125,4694.7998046875,242
2026-08-24 22:15:00-04:00,4698.39990234375,4698.39990234375,4698.89990234375,4697.10009765625,4697.7001953125,102
2026-08-24 22:16:00-04:00,4702.89990234375,4702.89990234375,4702.89990234375,4697.2001953125,4698.10009765625,193
2026-08-24 22:17:00-04:00,4702.2998046875,4702.2998046875,4703.5,4700.5,4702.7998046875,190
2026-08-24 22:18:00-04:00,4704.5,4704.5,4706.2998046875,4701.39990234375,4702.10009765625,186
2026-08-24 22:19:00-04:00,4705.89990234375,4705.89990234375,4706.5,4704.60009765625,4704.60009765625,95
2026-08-24 22:20:00-04:00,4708.0,4708.0,4709.10009765625,4705.7998046875,4706.0,187
2026-08-24 22:21:00-04:00,4709.7001953125,4709.7001953125,4710.0,4708.2001953125,4708.5,140
2026-08-24 22:22:00-04:00,4709.10009765625,4709.10009765625,4711.10009765625,4708.7998046875,4709.60009765625,106
2026-08-24 22:23:00-04:00,4709.89990234375,4709.89990234375,4710.5,4708.7998046875,4709.0,42
2026-08-24 22:24:00-04:00,4710.7001953125,4710.7001953125,4711.89990234375,4710.10009765625,4710.2001953125,76
2026-08-24 22:25:00-04:00,4710.7998046875,4710.7998046875,4711.39990234375,4708.7998046875,4710.39990234375,127
2026-08-24 22:26:00-04:00,4710.89990234375,4710.89990234375,4711.7001953125,4710.10009765625,4711.10009765625,53
2026-08-24 22:27:00-04:00,4712.60009765625,4712.60009765625,4712.60009765625,4711.0,4711.0,68
2026-08-24 22:28:00-04:00,4712.2998046875,4712.2998046875,4712.7001953125,4711.10009765625,4712.2998046875,50
2026-08-24 22:29:00-04:00,4712.7998046875,4712.7998046875,4713.0,4712.2998046875,4712.2998046875,23
2026-08-24 22:30:00-04:00,4707.2998046875,4707.2998046875,4712.89990234375,4706.2998046875,4712.5,492
2026-08-24 22:31:00-04:00,4708.89990234375,4708.89990234375,4710.7001953125,4707.39990234375,4707.60009765625,170
2026-08-24 22:32:00-04:00,4704.10009765625,4704.10009765625,4711.0,4703.2998046875,4708.7001953125,158
2026-08-24 22:33:00-04:00,4700.10009765625,4700.10009765625,4704.39990234375,4698.7998046875,4704.0,198
2026-08-24 22:34:00-04:00,4702.7998046875,4702.7998046875,4704.2001953125,4700.60009765625,4700.7998046875,64
2026-08-24 22:35:00-04:00,4700.39990234375,4700.39990234375,4703.39990234375,4699.5,4702.7998046875,98
2026-08-24 22:36:00-04:00,4700.7998046875,4700.7998046875,4702.0,4699.5,4700.39990234375,94
2026-08-24 22:37:00-04:00,4699.60009765625,4699.60009765625,4701.2001953125,4698.7998046875,4700.5,59
2026-08-24 22:38:00-04:00,4697.7001953125,4697.7001953125,4700.0,4695.7001953125,4699.7998046875,110
2026-08-24 22:39:00-04:00,4699.89990234375,4699.89990234375,4700.0,4696.39990234375,4697.2001953125,315
2026-08-24 22:40:00-04:00,4698.2001953125,4698.2001953125,4701.7001953125,4697.60009765625,4699.7001953125,98
2026-08-24 22:41:00-04:00,4701.2998046875,4701.2998046875,4702.5,4698.7001953125,4698.7998046875,103
2026-08-24 22:42:00-04:00,4703.39990234375,4703.39990234375,4703.7998046875,4701.0,4701.2998046875,98
2026-08-24 22:43:00-04:00,4699.7001953125,4699.7001953125,4703.5,4696.7001953125,4703.5,177
2026-08-24 22:44:00-04:00,4686.7998046875,4686.7998046875,4699.7998046875,4686.7998046875,4699.7998046875,1249
2026-08-24 22:45:00-04:00,4689.60009765625,4689.60009765625,4689.7998046875,4686.2001953125,4687.2998046875,266
2026-08-24 22:46:00-04:00,4688.60009765625,4688.60009765625,4691.2998046875,4687.89990234375,4689.7001953125,160
2026-08-24 22:47:00-04:00,4691.7998046875,4691.7998046875,4693.39990234375,4687.2998046875,4688.7001953125,574
2026-08-24 22:48:00-04:00,4691.0,4691.0,4693.7001953125,4689.39990234375,4691.7001953125,107
2026-08-24 22:49:00-04:00,4689.39990234375,4689.39990234375,4691.5,4687.2001953125,4691.5,134
2026-08-24 22:50:00-04:00,4687.60009765625,4687.60009765625,4692.7001953125,4687.10009765625,4689.10009765625,435
2026-08-24 22:51:00-04:00,4678.39990234375,4678.39990234375,4688.0,4670.5,4687.7001953125,1666
2026-08-24 22:52:00-04:00,4680.89990234375,4680.89990234375,4683.10009765625,4677.2998046875,4678.2001953125,315
2026-08-24 22:53:00-04:00,4684.0,4684.0,4684.2001953125,4677.10009765625,4680.89990234375,447
2026-08-24 22:54:00-04:00,4682.60009765625,4682.60009765625,4685.2001953125,4681.5,4684.2001953125,86
2026-08-24 22:55:00-04:00,4683.7001953125,4683.7001953125,4684.2001953125,4682.0,4682.60009765625,95
2026-08-24 22:56:00-04:00,4682.2001953125,4682.2001953125,4684.2998046875,4680.7998046875,4683.5,417
2026-08-24 22:57:00-04:00,4680.89990234375,4680.89990234375,4683.5,4680.0,4682.0,91
2026-08-24 22:58:00-04:00,4679.60009765625,4679.60009765625,4680.5,4676.89990234375,4680.5,152
2026-08-24 22:59:00-04:00,4685.5,4685.5,4685.5,4679.2998046875,4679.89990234375,176
2026-08-24 23:00:00-04:00,4685.7998046875,4685.7998046875,4687.2998046875,4684.7001953125,4685.7001953125,174
2026-08-24 23:01:00-04:00,4683.89990234375,4683.89990234375,4687.2998046875,4683.89990234375,4685.60009765625,124
2026-08-24 23:02:00-04:00,4682.60009765625,4682.60009765625,4684.2001953125,4682.2001953125,4684.0,128
2026-08-24 23:03:00-04:00,4680.5,4680.5,4683.2001953125,4680.10009765625,4683.2001953125,186
2026-08-24 23:04:00-04:00,4679.5,4679.5,4680.7001953125,4678.10009765625,4680.7001953125,306
2026-08-24 23:05:00-04:00,4684.7998046875,4684.7998046875,4686.0,4678.7001953125,4679.7998046875,305
2026-08-24 23:06:00-04:00,4689.7001953125,4689.7001953125,4689.7001953125,4683.5,4685.2001953125,219
2026-08-24 23:07:00-04:00,4691.7001953125,4691.7001953125,4692.0,4688.89990234375,4689.7998046875,237
2026-08-24 23:08:00-04:00,4691.10009765625,4691.10009765625,4691.39990234375,4689.7001953125,4691.39990234375,133
2026-08-24 23:09:00-04:00,4690.89990234375,4690.89990234375,4693.7998046875,4690.7001953125,4691.0,194
2026-08-24 23:10:00-04:00,4692.7998046875,4692.7998046875,4692.7998046875,4690.2998046875,4690.7001953125,75
2026-08-24 23:11:00-04:00,4691.7001953125,4691.7001953125,4693.7001953125,4691.5,4692.89990234375,115
2026-08-24 23:12:00-04:00,4691.0,4691.0,4691.5,4689.2001953125,4691.0,70
2026-08-24 23:13:00-04:00,4691.7001953125,4691.7001953125,4692.5,4691.0,4691.0,23
2026-08-24 23:14:00-04:00,4689.5,4689.5,4691.10009765625,4687.60009765625,4691.10009765625,86
2026-08-24 23:15:00-04:00,4689.7001953125,4689.7001953125,4690.2001953125,4687.89990234375,4689.60009765625,66
2026-08-24 23:16:00-04:00,4691.10009765625,4691.10009765625,4692.89990234375,4689.7001953125,4689.7001953125,111
2026-08-24 23:17:00-04:00,4691.0,4691.0,4691.7001953125,4690.2998046875,4690.60009765625,25
2026-08-24 23:18:00-04:00,4689.89990234375,4689.89990234375,4690.7998046875,4688.89990234375,4690.39990234375,35
2026-08-24 23:19:00-04:00,4691.10009765625,4691.10009765625,4691.7998046875,4689.39990234375,4689.89990234375,32
2026-08-24 23:20:00-04:00,4690.60009765625,4690.60009765625,4692.89990234375,4690.39990234375,4690.89990234375,78
2026-08-24 23:21:00-04:00,4690.2001953125,4690.2001953125,4691.7998046875,4689.60009765625,4690.7001953125,69
2026-08-24 23:22:00-04:00,4690.0,4690.0,4690.0,4688.7001953125,4689.39990234375,30
2026-08-24 23:23:00-04:00,4689.7001953125,4689.7001953125,4691.7001953125,4689.10009765625,4689.7001953125,39
2026-08-24 23:24:00-04:00,4690.39990234375,4690.39990234375,4690.39990234375,4688.5,4689.2998046875,44
2026-08-24 23:25:00-04:00,4693.39990234375,4693.39990234375,4693.5,4690.7998046875,4690.7998046875,103
2026-08-24 23:26:00-04:00,4693.7998046875,4693.7998046875,4694.0,4691.89990234375,4692.89990234375,56
2026-08-24 23:27:00-04:00,4692.2001953125,4692.2001953125,4694.0,4692.0,4693.7998046875,26
2026-08-24 23:28:00-04:00,4693.60009765625,4693.60009765625,4694.10009765625,4691.5,4691.89990234375,47
2026-08-24 23:29:00-04:00,4693.89990234375,4693.89990234375,4694.10009765625,4693.0,4693.39990234375,74
2026-08-24 23:30:00-04:00,4693.7998046875,4693.7998046875,4693.7998046875,4691.89990234375,4693.0,20
2026-08-24 23:31:00-04:00,4693.2998046875,4693.2998046875,4694.10009765625,4692.60009765625,4693.39990234375,39
2026-08-24 23:32:00-04:00,4694.7998046875,4694.7998046875,4694.7998046875,4693.7001953125,4693.7001953125,36
2026-08-24 23:33:00-04:00,4696.2001953125,4696.2001953125,4697.7001953125,4694.60009765625,4694.7001953125,256
2026-08-24 23:34:00-04:00,4696.0,4696.0,4696.39990234375,4695.7998046875,4695.7998046875,36
2026-08-24 23:35:00-04:00,4695.39990234375,4695.39990234375,4696.7001953125,4695.39990234375,4696.0,45
2026-08-24 23:36:00-04:00,4696.60009765625,4696.60009765625,4696.7998046875,4695.60009765625,4695.60009765625,39
2026-08-24 23:37:00-04:00,4696.39990234375,4696.39990234375,4697.0,4696.10009765625,4696.7998046875,16
2026-08-24 23:38:00-04:00,4695.2001953125,4695.2001953125,4696.39990234375,4694.89990234375,4696.0,87
2026-08-24 23:39:00-04:00,4691.2001953125,4691.2001953125,4694.7001953125,4690.0,4694.7001953125,283
2026-08-24 23:40:00-04:00,4690.2998046875,4690.2998046875,4691.7998046875,4690.0,4691.39990234375,109
2026-08-24 23:41:00-04:00,4692.2001953125,4692.2001953125,4692.2001953125,4690.2001953125,4690.7001953125,22
2026-08-24 23:42:00-04:00,4692.7998046875,4692.7998046875,4693.10009765625,4691.89990234375,4691.89990234375,11
2026-08-24 23:43:00-04:00,4692.2001953125,4692.2001953125,4692.89990234375,4692.0,4692.89990234375,14
2026-08-24 23:44:00-04:00,4690.10009765625,4690.10009765625,4693.0,4690.10009765625,4692.60009765625,52
2026-08-24 23:45:00-04:00,4689.60009765625,4689.60009765625,4690.2998046875,4688.89990234375,4690.10009765625,82
2026-08-24 23:46:00-04:00,4689.39990234375,4689.39990234375,4690.7001953125,4689.39990234375,4689.39990234375,37
2026-08-24 23:47:00-04:00,4689.89990234375,4689.89990234375,4690.60009765625,4687.5,4689.2001953125,175
2026-08-24 23:48:00-04:00,4688.2998046875,4688.2998046875,4691.0,4688.2001953125,4690.0,40
2026-08-24 23:49:00-04:00,4689.7001953125,4689.7001953125,4689.89990234375,4688.5,4688.5,20
2026-08-24 23:50:00-04:00,4688.39990234375,4688.39990234375,4689.2001953125,4688.2998046875,4688.89990234375,13
2026-08-24 23:51:00-04:00,4688.7998046875,4688.7998046875,4688.7998046875,4688.0,4688.7001953125,13
2026-08-24 23:52:00-04:00,4689.10009765625,4689.10009765625,4690.0,4689.10009765625,4689.5,18
2026-08-24 23:53:00-04:00,4688.7998046875,4688.7998046875,4689.5,4688.7998046875,4689.0,26
2026-08-24 23:54:00-04:00,4688.89990234375,4688.89990234375,4690.39990234375,4687.2001953125,4690.2998046875,43
2026-08-24 23:55:00-04:00,4688.7998046875,4688.7998046875,4689.60009765625,4688.2998046875,4689.10009765625,32
2026-08-24 23:56:00-04:00,4691.2001953125,4691.2001953125,4691.5,4689.0,4689.10009765625,49
2026-08-24 23:57:00-04:00,4690.5,4690.5,4691.60009765625,4690.39990234375,4691.10009765625,35
2026-08-24 23:58:00-04:00,4688.2998046875,4688.2998046875,4690.10009765625,4688.2001953125,4690.10009765625,40
2026-08-25 00:00:00-04:00,4686.7998046875,4686.7998046875,4689.89990234375,4686.39990234375,4689.39990234375,137
2026-08-25 00:01:00-04:00,4687.39990234375,4687.39990234375,4689.2001953125,4686.5,4686.5,104
2026-08-25 00:02:00-04:00,4688.7001953125,4688.7001953125,4689.39990234375,4687.0,4687.2001953125,40
2026-08-25 00:03:00-04:00,4691.0,4691.0,4691.0,4689.0,4689.0,44
2026-08-25 00:04:00-04:00,4690.39990234375,4690.39990234375,4691.2998046875,4690.10009765625,4691.0,26
2026-08-25 00:05:00-04:00,4690.7001953125,4690.7001953125,4690.7001953125,4690.10009765625,4690.5,9
2026-08-25 00:06:00-04:00,4690.7998046875,4690.7998046875,4692.5,4690.7998046875,4690.7998046875,34
2026-08-25 00:07:00-04:00,4691.7998046875,4691.7998046875,4692.2998046875,4690.60009765625,4690.7998046875,26
2026-08-25 00:08:00-04:00,4691.7001953125,4691.7001953125,4692.0,4690.7998046875,4691.7001953125,19
2026-08-25 00:09:00-04:00,4691.7001953125,4691.7001953125,4691.7001953125,4690.89990234375,4691.7001953125,8
2026-08-25 00:10:00-04:00,4691.2998046875,4691.2998046875,4692.2998046875,4690.89990234375,4692.0,42
2026-08-25 00:11:00-04:00,4691.2998046875,4691.2998046875,4692.2998046875,4691.0,4691.5,18
2026-08-25 00:12:00-04:00,4693.39990234375,4693.39990234375,4693.39990234375,4691.10009765625,4691.10009765625,32
2026-08-25 00:13:00-04:00,4692.39990234375,4692.39990234375,4693.39990234375,4692.39990234375,4693.39990234375,11
2026-08-25 00:14:00-04:00,4693.2001953125,4693.2001953125,4693.5,4692.60009765625,4692.60009765625,14
2026-08-25 00:15:00-04:00,4691.2001953125,4691.2001953125,4692.60009765625,4690.7998046875,4692.60009765625,55
2026-08-25 00:16:00-04:00,4692.5,4692.5,4693.0,4691.7998046875,4691.7998046875,44
2026-08-25 00:17:00-04:00,4690.60009765625,4690.60009765625,4692.2001953125,4690.2998046875,4692.2001953125,24
2026-08-25 00:18:00-04:00,4689.5,4689.5,4691.39990234375,4688.89990234375,4690.5,46
2026-08-25 00:19:00-04:00,4690.0,4690.0,4691.0,4689.7001953125,4689.7001953125,43
2026-08-25 00:20:00-04:00,4690.39990234375,4690.39990234375,4691.5,4690.39990234375,4691.5,15
2026-08-25 00:21:00-04:00,4689.2001953125,4689.2001953125,4690.60009765625,4689.10009765625,4690.60009765625,17
2026-08-25 00:22:00-04:00,4687.60009765625,4687.60009765625,4688.7998046875,4686.7998046875,4688.7998046875,52
2026-08-25 00:23:00-04:00,4687.89990234375,4687.89990234375,4688.39990234375,4687.0,4687.2001953125,19
2026-08-25 00:24:00-04:00,4688.60009765625,4688.60009765625,4688.89990234375,4687.5,4688.10009765625,18
2026-08-25 00:25:00-04:00,4686.7001953125,4686.7001953125,4688.7001953125,4686.7001953125,4688.39990234375,43
2026-08-25 00:26:00-04:00,4686.39990234375,4686.39990234375,4686.39990234375,4685.0,4686.39990234375,62
2026-08-25 00:27:00-04:00,4685.89990234375,4685.89990234375,4686.7998046875,4685.60009765625,4686.7998046875,41
2026-08-25 00:28:00-04:00,4685.60009765625,4685.60009765625,4686.0,4685.0,4686.0,38
2026-08-25 00:29:00-04:00,4686.7001953125,4686.7001953125,4686.7001953125,4684.60009765625,4685.5,79
2026-08-25 00:30:00-04:00,4686.2998046875,4686.2998046875,4686.7001953125,4685.89990234375,4686.60009765625,58
2026-08-25 00:31:00-04:00,4685.7998046875,4685.7998046875,4686.7001953125,4685.7001953125,4686.5,75
2026-08-25 00:32:00-04:00,4686.7001953125,4686.7001953125,4688.2998046875,4684.7001953125,4686.10009765625,165
2026-08-25 00:33:00-04:00,4685.2001953125,4685.2001953125,4687.2001953125,4684.0,4686.7001953125,160
2026-08-25 00:34:00-04:00,4685.7998046875,4685.7998046875,4686.39990234375,4681.2998046875,4685.10009765625,213
2026-08-25 00:35:00-04:00,4686.5,4686.5,4686.7998046875,4684.89990234375,4685.7998046875,111
2026-08-25 00:36:00-04:00,4685.39990234375,4685.39990234375,4686.7998046875,4685.39990234375,4686.7001953125,26
2026-08-25 00:37:00-04:00,4684.7998046875,4684.7998046875,4685.39990234375,4684.39990234375,4685.39990234375,18
2026-08-25 00:38:00-04:00,4683.39990234375,4683.39990234375,4685.10009765625,4682.10009765625,4685.10009765625,100
2026-08-25 00:39:00-04:00,4682.89990234375,4682.89990234375,4683.2998046875,4682.89990234375,4683.2001953125,13
2026-08-25 00:40:00-04:00,4682.2001953125,4682.2001953125,4683.2998046875,4682.10009765625,4682.89990234375,32
2026-08-25 00:41:00-04:00,4680.60009765625,4680.60009765625,4682.5,4679.7998046875,4682.39990234375,104
2026-08-25 00:42:00-04:00,4682.5,4682.5,4682.5,4679.5,4680.10009765625,90
2026-08-25 00:43:00-04:00,4682.2998046875,4682.2998046875,4682.89990234375,4681.7998046875,4682.2998046875,31
2026-08-25 00:44:00-04:00,4681.60009765625,4681.60009765625,4682.10009765625,4681.5,4682.10009765625,19
2026-08-25 00:45:00-04:00,4681.10009765625,4681.10009765625,4682.5,4680.39990234375,4681.39990234375,30
2026-08-25 00:46:00-04:00,4680.7998046875,4680.7998046875,4681.2001953125,4680.7998046875,4681.2001953125,5
2026-08-25 00:47:00-04:00,4682.0,4682.0,4682.10009765625,4680.5,4680.7998046875,39
2026-08-25 00:48:00-04:00,4681.89990234375,4681.89990234375,4682.2001953125,4680.7001953125,4682.10009765625,28
2026-08-25 00:49:00-04:00,4682.2001953125,4682.2001953125,4682.2998046875,4680.5,4682.0,29
2026-08-25 00:50:00-04:00,4679.89990234375,4679.89990234375,4681.5,4679.89990234375,4681.5,43
2026-08-25 00:51:00-04:00,4681.10009765625,4681.10009765625,4682.10009765625,4680.60009765625,4681.0,18
2026-08-25 00:52:00-04:00,4683.39990234375,4683.39990234375,4684.10009765625,4681.5,4681.5,67
2026-08-25 00:53:00-04:00,4683.2998046875,4683.2998046875,4684.0,4683.0,4683.39990234375,31
2026-08-25 00:54:00-04:00,4682.7998046875,4682.7998046875,4683.60009765625,4682.5,4683.5,29
2026-08-25 00:55:00-04:00,4682.7998046875,4682.7998046875,4683.2001953125,4681.7998046875,4682.2998046875,26
2026-08-25 00:56:00-04:00,4681.60009765625,4681.60009765625,4683.0,4681.60009765625,4682.5,17
2026-08-25 00:57:00-04:00,4681.89990234375,4681.89990234375,4682.5,4681.7998046875,4682.10009765625,5
2026-08-25 00:58:00-04:00,4681.7001953125,4681.7001953125,4681.7001953125,4681.0,4681.7001953125,46
2026-08-25 00:59:00-04:00,4681.10009765625,4681.10009765625,4682.2998046875,4681.0,4681.2998046875,45
2026-08-25 01:00:00-04:00,4681.0,4681.0,4682.10009765625,4680.2998046875,4681.2998046875,87
2026-08-25 01:01:00-04:00,4683.2001953125,4683.2001953125,4683.60009765625,4679.2998046875,4680.7001953125,116
2026-08-25 01:02:00-04:00,4683.0,4683.0,4683.5,4680.89990234375,4683.5,60
2026-08-25 01:03:00-04:00,4683.2998046875,4683.2998046875,4684.39990234375,4682.7998046875,4683.2001953125,34
2026-08-25 01:04:00-04:00,4683.89990234375,4683.89990234375,4684.10009765625,4683.2001953125,4683.2001953125,18
2026-08-25 01:05:00-04:00,4688.89990234375,4688.89990234375,4689.60009765625,4684.89990234375,4685.0,241
2026-08-25 01:06:00-04:00,4691.39990234375,4691.39990234375,4691.39990234375,4688.7998046875,4688.7998046875,195
2026-08-25 01:07:00-04:00,4692.5,4692.5,4694.5,4691.10009765625,4691.39990234375,182
2026-08-25 01:08:00-04:00,4690.7998046875,4690.7998046875,4693.7001953125,4690.7998046875,4692.2001953125,363
2026-08-25 01:09:00-04:00,4691.2998046875,4691.2998046875,4691.89990234375,4690.10009765625,4691.0,130
2026-08-25 01:10:00-04:00,4692.2998046875,4692.2998046875,4692.2998046875,4691.2001953125,4691.7001953125,162
2026-08-25 01:11:00-04:00,4693.2998046875,4693.2998046875,4693.7001953125,4691.89990234375,4691.89990234375,77
2026-08-25 01:12:00-04:00,4694.5,4694.5,4694.5,4693.10009765625,4693.60009765625,90
2026-08-25 01:13:00-04:00,4693.89990234375,4693.89990234375,4694.2998046875,4693.60009765625,4694.10009765625,30
2026-08-25 01:14:00-04:00,4693.60009765625,4693.60009765625,4694.89990234375,4693.5,4693.7998046875,50
2026-08-25 01:15:00-04:00,4696.10009765625,4696.10009765625,4696.10009765625,4693.5,4693.5,95
2026-08-25 01:16:00-04:00,4696.7001953125,4696.7001953125,4697.2001953125,4695.2998046875,4695.7001953125,255
2026-08-25 01:17:00-04:00,4697.0,4697.0,4697.60009765625,4695.10009765625,4696.5,203
2026-08-25 01:18:00-04:00,4698.10009765625,4698.10009765625,4698.2998046875,4696.39990234375,4696.60009765625,68
2026-08-25 01:19:00-04:00,4699.7998046875,4699.7998046875,4699.89990234375,4697.7001953125,4698.0,266
2026-08-25 01:20:00-04:00,4701.7001953125,4701.7001953125,4701.89990234375,4699.89990234375,4700.0,249
2026-08-25 01:21:00-04:00,4700.2998046875,4700.2998046875,4701.60009765625,4700.2001953125,4701.5,62
2026-08-25 01:22:00-04:00,4700.60009765625,4700.60009765625,4700.89990234375,4699.60009765625,4700.10009765625,70
2026-08-25 01:23:00-04:00,4698.89990234375,4698.89990234375,4700.7998046875,4698.89990234375,4700.7001953125,51
2026-08-25 01:24:00-04:00,4700.0,4700.0,4700.0,4698.7998046875,4698.7998046875,35
2026-08-25 01:25:00-04:00,4700.39990234375,4700.39990234375,4700.39990234375,4698.60009765625,4699.7998046875,63
2026-08-25 01:26:00-04:00,4701.0,4701.0,4701.2998046875,4700.2001953125,4700.2998046875,66
2026-08-25 01:27:00-04:00,4701.0,4701.0,4702.0,4700.89990234375,4701.0,74
2026-08-25 01:28:00-04:00,4703.2998046875,4703.2998046875,4703.39990234375,4701.2001953125,4701.2001953125,104
2026-08-25 01:29:00-04:00,4702.39990234375,4702.39990234375,4704.0,4701.5,4703.2998046875,110
2026-08-25 01:30:00-04:00,4698.0,4698.0,4703.2998046875,4697.2001953125,4702.5,432
2026-08-25 01:31:00-04:00,4696.7001953125,4696.7001953125,4698.2001953125,4696.2001953125,4697.60009765625,70
2026-08-25 01:32:00-04:00,4696.60009765625,4696.60009765625,4697.2001953125,4695.2001953125,4696.39990234375,94
2026-08-25 01:33:00-04:00,4699.0,4699.0,4699.0,4696.89990234375,4696.89990234375,74
2026-08-25 01:34:00-04:00,4698.10009765625,4698.10009765625,4700.5,4697.7998046875,4699.5,41
2026-08-25 01:35:00-04:00,4702.0,4702.0,4702.0,4697.7998046875,4698.7001953125,74
2026-08-25 01:36:00-04:00,4700.0,4700.0,4702.2001953125,4698.7998046875,4702.0,84
2026-08-25 01:37:00-04:00,4700.2001953125,4700.2001953125,4700.7001953125,4700.0,4700.2998046875,24
2026-08-25 01:38:00-04:00,4700.39990234375,4700.39990234375,4700.7001953125,4698.7998046875,4699.7998046875,62
2026-08-25 01:39:00-04:00,4699.2998046875,4699.2998046875,4700.5,4699.0,4700.5,7
2026-08-25 01:40:00-04:00,4698.10009765625,4698.10009765625,4698.60009765625,4697.10009765625,4698.60009765625,111
2026-08-25 01:41:00-04:00,4697.0,4697.0,4698.89990234375,4696.60009765625,4698.2998046875,100
2026-08-25 01:42:00-04:00,4694.2001953125,4694.2001953125,4696.7998046875,4693.7001953125,4696.7998046875,228
2026-08-25 01:43:00-04:00,4694.2001953125,4694.2001953125,4696.39990234375,4694.2001953125,4694.2001953125,52
2026-08-25 01:44:00-04:00,4694.7001953125,4694.7001953125,4695.60009765625,4693.89990234375,4694.2998046875,64
2026-08-25 01:45:00-04:00,4696.5,4696.5,4696.5,4694.5,4694.5,32
2026-08-25 01:46:00-04:00,4697.39990234375,4697.39990234375,4698.0,4695.7001953125,4696.5,56
2026-08-25 01:47:00-04:00,4697.89990234375,4697.89990234375,4698.0,4696.2001953125,4696.7998046875,110
2026-08-25 01:48:00-04:00,4694.2001953125,4694.2001953125,4697.2001953125,4694.0,4697.2001953125,54
2026-08-25 01:49:00-04:00,4695.10009765625,4695.10009765625,4695.7998046875,4691.7001953125,4694.0,269
2026-08-25 01:50:00-04:00,4692.89990234375,4692.89990234375,4695.89990234375,4692.7001953125,4695.2001953125,29
2026-08-25 01:51:00-04:00,4694.0,4694.0,4694.2998046875,4693.10009765625,4693.39990234375,23
2026-08-25 01:52:00-04:00,4694.39990234375,4694.39990234375,4694.89990234375,4692.39990234375,4693.5,42
2026-08-25 01:53:00-04:00,4697.0,4697.0,4697.60009765625,4694.2998046875,4694.2998046875,45
2026-08-25 01:54:00-04:00,4698.89990234375,4698.89990234375,4699.39990234375,4696.89990234375,4697.10009765625,221
2026-08-25 01:55:00-04:00,4698.89990234375,4698.89990234375,4701.2001953125,4698.7001953125,4700.2998046875,110
2026-08-25 01:56:00-04:00,4700.2998046875,4700.2998046875,4701.10009765625,4699.0,4699.0,133
2026-08-25 01:57:00-04:00,4700.2001953125,4700.2001953125,4701.5,4699.5,4700.39990234375,77
2026-08-25 01:58:00-04:00,4697.7001953125,4697.7001953125,4700.10009765625,4696.89990234375,4700.10009765625,47
2026-08-25 01:59:00-04:00,4698.5,4698.5,4699.2998046875,4698.0,4698.0,89
2026-08-25 02:00:00-04:00,4699.39990234375,4699.39990234375,4700.39990234375,4697.0,4698.39990234375,130
2026-08-25 02:01:00-04:00,4700.0,4700.0,4700.5,4699.0,4699.2998046875,64
2026-08-25 02:02:00-04:00,4701.5,4701.5,4702.0,4698.7001953125,4699.10009765625,66
2026-08-25 02:03:00-04:00,4700.60009765625,4700.60009765625,4701.7998046875,4700.10009765625,4701.7998046875,383
2026-08-25 02:04:00-04:00,4700.2001953125,4700.2001953125,4700.7998046875,4699.2001953125,4700.7998046875,69
2026-08-25 02:05:00-04:00,4700.2998046875,4700.2998046875,4701.7998046875,4699.7001953125,4700.2001953125,69
2026-08-25 02:06:00-04:00,4702.89990234375,4702.89990234375,4703.2001953125,4700.5,4700.5,93
2026-08-25 02:07:00-04:00,4703.7998046875,4703.7998046875,4704.2998046875,4702.39990234375,4703.2998046875,77
2026-08-25 02:08:00-04:00,4702.39990234375,4702.39990234375,4704.2001953125,4702.10009765625,4703.7001953125,81
2026-08-25 02:09:00-04:00,4703.89990234375,4703.89990234375,4704.0,4701.89990234375,4702.0,50
2026-08-25 02:10:00-04:00,4705.60009765625,4705.60009765625,4706.0,4704.0,4704.0,245
2026-08-25 02:11:00-04:00,4706.10009765625,4706.10009765625,4706.2001953125,4705.2998046875,4705.7998046875,55
2026-08-25 02:12:00-04:00,4706.2998046875,4706.2998046875,4706.60009765625,4705.7001953125,4706.2998046875,57
2026-08-25 02:13:00-04:00,4705.7001953125,4705.7001953125,4706.5,4705.10009765625,4706.5,88
2026-08-25 02:14:00-04:00,4705.7001953125,4705.7001953125,4706.0,4704.10009765625,4705.39990234375,83
2026-08-25 02:15:00-04:00,4703.7998046875,4703.7998046875,4705.60009765625,4703.10009765625,4705.60009765625,36
2026-08-25 02:16:00-04:00,4703.7998046875,4703.7998046875,4704.0,4702.7001953125,4703.7001953125,39
2026-08-25 02:17:00-04:00,4704.2001953125,4704.2001953125,4704.7998046875,4702.7001953125,4703.0,42
2026-08-25 02:18:00-04:00,4703.7001953125,4703.7001953125,4704.10009765625,4703.7001953125,4704.0,13
2026-08-25 02:19:00-04:00,4703.60009765625,4703.60009765625,4704.2001953125,4703.5,4703.7998046875,23
2026-08-25 02:20:00-04:00,4702.60009765625,4702.60009765625,4704.10009765625,4702.5,4703.7998046875,62
2026-08-25 02:21:00-04:00,4702.10009765625,4702.10009765625,4702.7001953125,4701.60009765625,4702.7001953125,57
2026-08-25 02:22:00-04:00,4704.60009765625,4704.60009765625,4704.60009765625,4702.10009765625,4702.10009765625,52
2026-08-25 02:23:00-04:00,4706.10009765625,4706.10009765625,4707.60009765625,4704.10009765625,4704.5,374
2026-08-25 02:24:00-04:00,4707.89990234375,4707.89990234375,4708.39990234375,4706.10009765625,4706.39990234375,90
2026-08-25 02:25:00-04:00,4709.0,4709.0,4709.10009765625,4707.5,4707.89990234375,86
2026-08-25 02:26:00-04:00,4708.2998046875,4708.2998046875,4709.60009765625,4708.2001953125,4709.0,80
2026-08-25 02:27:00-04:00,4708.7001953125,4708.7001953125,4708.7001953125,4707.7998046875,4708.0,34
2026-08-25 02:28:00-04:00,4706.7998046875,4706.7998046875,4709.5,4706.7998046875,4708.7998046875,69
2026-08-25 02:29:00-04:00,4706.2998046875,4706.2998046875,4707.2001953125,4706.0,4706.60009765625,27
2026-08-25 02:30:00-04:00,4705.7001953125,4705.7001953125,4706.5,4705.2001953125,4706.2001953125,43
2026-08-25 02:31:00-04:00,4706.60009765625,4706.60009765625,4706.7998046875,4705.5,4705.5,20
2026-08-25 02:32:00-04:00,4708.7001953125,4708.7001953125,4709.10009765625,4706.2998046875,4706.39990234375,39
2026-08-25 02:33:00-04:00,4708.2998046875,4708.2998046875,4709.60009765625,4708.2998046875,4708.89990234375,73
2026-08-25 02:34:00-04:00,4707.89990234375,4707.89990234375,4708.60009765625,4707.89990234375,4708.39990234375,34
2026-08-25 02:35:00-04:00,4708.10009765625,4708.10009765625,4708.39990234375,4707.39990234375,4707.39990234375,32
2026-08-25 02:36:00-04:00,4706.89990234375,4706.89990234375,4708.5,4706.60009765625,4708.2001953125,53
2026-08-25 02:37:00-04:00,4707.10009765625,4707.10009765625,4707.39990234375,4706.2001953125,4707.2001953125,145
2026-08-25 02:38:00-04:00,4704.5,4704.5,4707.2998046875,4704.5,4706.7998046875,60
2026-08-25 02:39:00-04:00,4706.2001953125,4706.2001953125,4706.2001953125,4704.5,4704.5,87
2026-08-25 02:40:00-04:00,4705.89990234375,4705.89990234375,4706.7001953125,4705.39990234375,4706.10009765625,62
2026-08-25 02:41:00-04:00,4708.7998046875,4708.7998046875,4708.7998046875,4706.10009765625,4706.10009765625,45
2026-08-25 02:42:00-04:00,4706.2998046875,4706.2998046875,4708.7998046875,4705.5,4708.60009765625,96
2026-08-25 02:43:00-04:00,4704.10009765625,4704.10009765625,4705.89990234375,4704.0,4705.89990234375,32
2026-08-25 02:44:00-04:00,4704.0,4704.0,4704.89990234375,4704.0,4704.2998046875,58
2026-08-25 02:45:00-04:00,4703.39990234375,4703.39990234375,4704.2001953125,4702.7998046875,4704.2001953125,51
2026-08-25 02:46:00-04:00,4705.2998046875,4705.2998046875,4705.2998046875,4703.7001953125,4703.89990234375,39
2026-08-25 02:47:00-04:00,4704.2998046875,4704.2998046875,4705.7001953125,4704.10009765625,4705.10009765625,20
2026-08-25 02:48:00-04:00,4704.0,4704.0,4704.60009765625,4703.7001953125,4704.60009765625,39
2026-08-25 02:49:00-04:00,4704.10009765625,4704.10009765625,4704.2001953125,4703.2998046875,4703.7998046875,61
2026-08-25 02:50:00-04:00,4703.5,4703.5,4704.2998046875,4703.2998046875,4704.2001953125,30
2026-08-25 02:51:00-04:00,4701.2998046875,4701.2998046875,4703.39990234375,4700.7998046875,4703.39990234375,78
2026-08-25 02:52:00-04:00,4701.39990234375,4701.39990234375,4701.5,4700.60009765625,4700.7998046875,30
2026-08-25 02:53:00-04:00,4700.10009765625,4700.10009765625,4701.5,4699.10009765625,4701.39990234375,92
2026-08-25 02:54:00-04:00,4698.0,4698.0,4700.39990234375,4696.60009765625,4700.39990234375,146
2026-08-25 02:55:00-04:00,4697.7001953125,4697.7001953125,4698.2998046875,4697.10009765625,4697.7001953125,86
2026-08-25 02:56:00-04:00,4696.7998046875,4696.7998046875,4697.7998046875,4695.5,4697.5,193
2026-08-25 02:57:00-04:00,4696.0,4696.0,4697.2001953125,4695.7998046875,4697.10009765625,128
2026-08-25 02:58:00-04:00,4694.7998046875,4694.7998046875,4696.5,4694.7998046875,4696.0,140
2026-08-25 02:59:00-04:00,4694.60009765625,4694.60009765625,4695.2001953125,4693.0,4695.0,199
2026-08-25 03:00:00-04:00,4693.89990234375,4693.89990234375,4695.7001953125,4693.39990234375,4695.0,172
2026-08-25 03:01:00-04:00,4696.0,4696.0,4696.10009765625,4694.10009765625,4694.10009765625,86
2026-08-25 03:02:00-04:00,4695.5,4695.5,4697.10009765625,4694.7001953125,4696.2998046875,177
2026-08-25 03:03:00-04:00,4695.5,4695.5,4696.0,4694.7001953125,4695.89990234375,61
2026-08-25 03:04:00-04:00,4696.2001953125,4696.2001953125,4696.89990234375,4694.10009765625,4695.5,62
2026-08-25 03:05:00-04:00,4697.89990234375,4697.89990234375,4698.10009765625,4695.60009765625,4696.60009765625,99
2026-08-25 03:06:00-04:00,4697.60009765625,4697.60009765625,4698.2001953125,4696.10009765625,4697.7998046875,74
2026-08-25 03:07:00-04:00,4693.5,4693.5,4697.39990234375,4692.7998046875,4697.39990234375,97
2026-08-25 03:08:00-04:00,4696.2998046875,4696.2998046875,4696.60009765625,4693.0,4693.39990234375,40
2026-08-25 03:09:00-04:00,4697.5,4697.5,4698.2998046875,4696.2998046875,4696.2998046875,30
2026-08-25 03:10:00-04:00,4694.60009765625,4694.60009765625,4697.60009765625,4694.2998046875,4697.39990234375,45
2026-08-25 03:11:00-04:00,4695.7001953125,4695.7001953125,4697.2001953125,4694.2998046875,4694.7998046875,68
2026-08-25 03:12:00-04:00,4697.5,4697.5,4697.89990234375,4696.2998046875,4696.39990234375,94
2026-08-25 03:13:00-04:00,4697.2998046875,4697.2998046875,4697.7998046875,4696.7998046875,4697.7998046875,12
2026-08-25 03:14:00-04:00,4696.2001953125,4696.2001953125,4697.5,4695.89990234375,4697.5,23
2026-08-25 03:15:00-04:00,4696.10009765625,4696.10009765625,4696.10009765625,4694.2001953125,4695.7998046875,78
2026-08-25 03:16:00-04:00,4696.0,4696.0,4698.10009765625,4695.5,4696.0,35
2026-08-25 03:17:00-04:00,4695.7998046875,4695.7998046875,4696.60009765625,4695.60009765625,4696.5,53
2026-08-25 03:18:00-04:00,4697.2001953125,4697.2001953125,4697.5,4695.7001953125,4696.10009765625,93
2026-08-25 03:19:00-04:00,4697.60009765625,4697.60009765625,4699.5,4697.10009765625,4697.5,212
2026-08-25 03:20:00-04:00,4697.2998046875,4697.2998046875,4697.39990234375,4696.10009765625,4697.39990234375,22
2026-08-25 03:21:00-04:00,4697.10009765625,4697.10009765625,4697.2998046875,4696.60009765625,4697.2998046875,31
2026-08-25 03:22:00-04:00,4699.2998046875,4699.2998046875,4699.60009765625,4697.2998046875,4697.2998046875,39
2026-08-25 03:23:00-04:00,4698.39990234375,4698.39990234375,4700.2998046875,4698.10009765625,4699.10009765625,37
2026-08-25 03:24:00-04:00,4697.0,4697.0,4698.2998046875,4697.0,4697.60009765625,66
2026-08-25 03:25:00-04:00,4696.2001953125,4696.2001953125,4697.39990234375,4695.89990234375,4697.39990234375,56
2026-08-25 03:26:00-04:00,4695.5,4695.5,4696.5,4695.2001953125,4696.2998046875,106
2026-08-25 03:27:00-04:00,4695.39990234375,4695.39990234375,4696.0,4694.39990234375,4695.39990234375,117
2026-08-25 03:28:00-04:00,4693.39990234375,4693.39990234375,4695.5,4693.2998046875,4695.5,149
2026-08-25 03:29:00-04:00,4691.10009765625,4691.10009765625,4694.10009765625,4690.5,4693.60009765625,312
2026-08-25 03:30:00-04:00,4694.2001953125,4694.2001953125,4694.2998046875,4691.10009765625,4691.10009765625,103
2026-08-25 03:31:00-04:00,4694.39990234375,4694.39990234375,4695.2998046875,4693.39990234375,4694.2001953125,104
2026-08-25 03:32:00-04:00,4692.39990234375,4692.39990234375,4694.60009765625,4692.39990234375,4694.0,36
2026-08-25 03:33:00-04:00,4690.5,4690.5,4693.2001953125,4690.5,4692.5,61
2026-08-25 03:34:00-04:00,4691.39990234375,4691.39990234375,4692.5,4690.7001953125,4690.7001953125,40
2026-08-25 03:35:00-04:00,4691.7001953125,4691.7001953125,4692.0,4691.2998046875,4691.60009765625,47
2026-08-25 03:36:00-04:00,4690.7001953125,4690.7001953125,4691.7998046875,4690.2998046875,4691.10009765625,63
2026-08-25 03:37:00-04:00,4691.89990234375,4691.89990234375,4692.60009765625,4690.39990234375,4690.7001953125,103
2026-08-25 03:38:00-04:00,4692.0,4692.0,4692.0,4691.0,4691.39990234375,99
2026-08-25 03:39:00-04:00,4692.60009765625,4692.60009765625,4693.2998046875,4690.2001953125,4692.0,167
2026-08-25 03:40:00-04:00,4693.0,4693.0,4693.89990234375,4692.60009765625,4693.0,34
2026-08-25 03:41:00-04:00,4692.7998046875,4692.7998046875,4693.39990234375,4691.60009765625,4693.10009765625,26
2026-08-25 03:42:00-04:00,4692.5,4692.5,4693.2998046875,4692.5,4693.10009765625,21
2026-08-25 03:43:00-04:00,4693.10009765625,4693.10009765625,4693.10009765625,4692.10009765625,4692.7001953125,33
2026-08-25 03:44:00-04:00,4695.89990234375,4695.89990234375,4696.7001953125,4693.2998046875,4693.2998046875,229
2026-08-25 03:45:00-04:00,4695.89990234375,4695.89990234375,4697.10009765625,4695.89990234375,4696.10009765625,50
2026-08-25 03:46:00-04:00,4695.5,4695.5,4697.2001953125,4695.0,4695.7998046875,80
2026-08-25 03:47:00-04:00,4693.60009765625,4693.60009765625,4695.5,4693.10009765625,4695.5,65
2026-08-25 03:48:00-04:00,4692.89990234375,4692.89990234375,4694.89990234375,4692.39990234375,4693.2998046875,53
2026-08-25 03:49:00-04:00,4691.89990234375,4691.89990234375,4693.0,4690.60009765625,4692.7001953125,220
2026-08-25 03:50:00-04:00,4692.10009765625,4692.10009765625,4692.2001953125,4691.10009765625,4691.89990234375,69
2026-08-25 03:51:00-04:00,4689.7001953125,4689.7001953125,4693.39990234375,4689.5,4692.2998046875,330
2026-08-25 03:52:00-04:00,4690.60009765625,4690.60009765625,4691.10009765625,4688.89990234375,4689.89990234375,169
2026-08-25 03:53:00-04:00,4688.7001953125,4688.7001953125,4691.10009765625,4687.7998046875,4691.0,84
2026-08-25 03:54:00-04:00,4687.60009765625,4687.60009765625,4689.0,4687.39990234375,4688.7001953125,60
2026-08-25 03:55:00-04:00,4686.7998046875,4686.7998046875,4688.0,4686.7001953125,4687.7001953125,199
2026-08-25 03:56:00-04:00,4686.7001953125,4686.7001953125,4687.2998046875,4685.7998046875,4686.7001953125,257
2026-08-25 03:57:00-04:00,4687.10009765625,4687.10009765625,4687.2001953125,4685.7998046875,4686.7998046875,113
2026-08-25 03:58:00-04:00,4686.89990234375,4686.89990234375,4687.7998046875,4686.10009765625,4687.39990234375,168
2026-08-25 03:59:00-04:00,4686.10009765625,4686.10009765625,4687.2001953125,4685.89990234375,4686.60009765625,105
2026-08-25 04:00:00-04:00,4685.2998046875,4685.2998046875,4687.60009765625,4684.2001953125,4686.10009765625,262
2026-08-25 04:01:00-04:00,4685.2998046875,4685.2998046875,4687.2001953125,4684.2001953125,4685.0,162
2026-08-25 04:02:00-04:00,4683.60009765625,4683.60009765625,4684.89990234375,4682.2998046875,4684.89990234375,263
2026-08-25 04:03:00-04:00,4684.2998046875,4684.2998046875,4685.0,4683.2998046875,4683.7001953125,65
2026-08-25 04:04:00-04:00,4682.2998046875,4682.2998046875,4684.0,4681.7001953125,4684.0,75
2026-08-25 04:05:00-04:00,4683.7998046875,4683.7998046875,4684.2998046875,4681.7998046875,4681.89990234375,77
2026-08-25 04:06:00-04:00,4684.0,4684.0,4685.2998046875,4683.2998046875,4683.7998046875,80
2026-08-25 04:07:00-04:00,4681.89990234375,4681.89990234375,4683.89990234375,4681.89990234375,4683.39990234375,60
2026-08-25 04:08:00-04:00,4677.89990234375,4677.89990234375,4682.2001953125,4677.10009765625,4682.10009765625,404
2026-08-25 04:09:00-04:00,4679.2001953125,4679.2001953125,4680.2998046875,4676.2998046875,4677.60009765625,224
2026-08-25 04:10:00-04:00,4679.7001953125,4679.7001953125,4680.39990234375,4679.2001953125,4679.60009765625,56
2026-08-25 04:11:00-04:00,4680.10009765625,4680.10009765625,4681.89990234375,4679.7998046875,4679.7998046875,123
2026-08-25 04:12:00-04:00,4681.39990234375,4681.39990234375,4681.60009765625,4680.0,4680.0,71
2026-08-25 04:13:00-04:00,4681.0,4681.0,4682.2001953125,4680.89990234375,4681.2998046875,100
2026-08-25 04:14:00-04:00,4683.10009765625,4683.10009765625,4683.10009765625,4679.5,4681.2998046875,92
2026-08-25 04:15:00-04:00,4683.5,4683.5,4684.7998046875,4682.2001953125,4682.7998046875,166
2026-08-25 04:16:00-04:00,4684.39990234375,4684.39990234375,4684.39990234375,4682.7001953125,4683.2001953125,42
2026-08-25 04:17:00-04:00,4685.89990234375,4685.89990234375,4686.5,4684.7998046875,4684.7998046875,101
2026-08-25 04:18:00-04:00,4686.0,4686.0,4686.0,4684.39990234375,4685.2998046875,54
2026-08-25 04:19:00-04:00,4684.89990234375,4684.89990234375,4686.5,4683.89990234375,4685.89990234375,50
2026-08-25 04:20:00-04:00,4685.2001953125,4685.2001953125,4685.2998046875,4683.10009765625,4684.2998046875,64
2026-08-25 04:21:00-04:00,4687.0,4687.0,4687.5,4685.10009765625,4685.10009765625,41
2026-08-25 04:22:00-04:00,4689.7001953125,4689.7001953125,4690.2001953125,4686.39990234375,4686.7998046875,124
2026-08-25 04:23:00-04:00,4693.89990234375,4693.89990234375,4698.89990234375,4688.10009765625,4690.0,783
2026-08-25 04:24:00-04:00,4700.10009765625,4700.10009765625,4702.0,4692.2001953125,4693.7001953125,561
2026-08-25 04:25:00-04:00,4695.2998046875,4695.2998046875,4700.0,4694.39990234375,4699.7001953125,212
2026-08-25 04:26:00-04:00,4693.2001953125,4693.2001953125,4696.2001953125,4692.7998046875,4694.89990234375,205
2026-08-25 04:27:00-04:00,4692.10009765625,4692.10009765625,4694.0,4691.39990234375,4693.5,80
2026-08-25 04:28:00-04:00,4688.7998046875,4688.7998046875,4692.0,4688.10009765625,4691.89990234375,126
2026-08-25 04:29:00-04:00,4689.10009765625,4689.10009765625,4690.2998046875,4688.60009765625,4688.89990234375,67
2026-08-25 04:30:00-04:00,4689.89990234375,4689.89990234375,4690.7998046875,4689.10009765625,4689.10009765625,120
2026-08-25 04:31:00-04:00,4690.39990234375,4690.39990234375,4691.5,4689.39990234375,4689.7998046875,385
2026-08-25 04:32:00-04:00,4689.7001953125,4689.7001953125,4690.7998046875,4688.2998046875,4689.7998046875,145
2026-08-25 04:33:00-04:00,4687.7998046875,4687.7998046875,4690.10009765625,4687.7998046875,4689.7998046875,125
2026-08-25 04:34:00-04:00,4691.0,4691.0,4691.2998046875,4687.89990234375,4688.2001953125,195
2026-08-25 04:35:00-04:00,4689.2001953125,4689.2001953125,4690.60009765625,4688.39990234375,4690.39990234375,64
2026-08-25 04:36:00-04:00,4689.0,4689.0,4690.10009765625,4688.2001953125,4689.2998046875,94
2026-08-25 04:37:00-04:00,4689.5,4689.5,4690.39990234375,4688.39990234375,4689.0,53
2026-08-25 04:38:00-04:00,4686.7998046875,4686.7998046875,4689.7998046875,4686.39990234375,4689.60009765625,169
2026-08-25 04:39:00-04:00,4686.2001953125,4686.2001953125,4687.2998046875,4685.2001953125,4687.10009765625,104
2026-08-25 04:40:00-04:00,4683.7998046875,4683.7998046875,4686.2001953125,4683.7998046875,4686.0,133
2026-08-25 04:41:00-04:00,4683.7001953125,4683.7001953125,4684.2001953125,4681.60009765625,4684.2001953125,127
2026-08-25 04:42:00-04:00,4684.7001953125,4684.7001953125,4684.7998046875,4683.7001953125,4684.0,47
2026-08-25 04:43:00-04:00,4685.89990234375,4685.89990234375,4685.89990234375,4684.2001953125,4684.7998046875,72
2026-08-25 04:44:00-04:00,4687.89990234375,4687.89990234375,4687.89990234375,4686.0,4686.0,75
2026-08-25 04:45:00-04:00,4689.10009765625,4689.10009765625,4689.60009765625,4687.60009765625,4687.7001953125,77
2026-08-25 04:46:00-04:00,4688.5,4688.5,4689.2998046875,4688.10009765625,4689.10009765625,49
2026-08-25 04:47:00-04:00,4688.0,4688.0,4688.7998046875,4687.7998046875,4688.7998046875,22
2026-08-25 04:48:00-04:00,4684.39990234375,4684.39990234375,4688.0,4684.2001953125,4688.0,71
2026-08-25 04:49:00-04:00,4683.7998046875,4683.7998046875,4684.60009765625,4683.39990234375,4684.39990234375,193
2026-08-25 04:50:00-04:00,4683.7001953125,4683.7001953125,4684.10009765625,4682.5,4684.10009765625,77
2026-08-25 04:51:00-04:00,4681.10009765625,4681.10009765625,4683.89990234375,4680.89990234375,4683.5,76
2026-08-25 04:52:00-04:00,4683.0,4683.0,4683.89990234375,4681.0,4681.2001953125,108
2026-08-25 04:53:00-04:00,4682.39990234375,4682.39990234375,4683.60009765625,4682.10009765625,4683.39990234375,37
2026-08-25 04:54:00-04:00,4682.39990234375,4682.39990234375,4683.5,4682.2001953125,4682.5,39
2026-08-25 04:55:00-04:00,4682.89990234375,4682.89990234375,4684.0,4682.2001953125,4682.2001953125,45
2026-08-25 04:56:00-04:00,4683.39990234375,4683.39990234375,4683.7998046875,4682.7001953125,4682.7998046875,18
2026-08-25 04:57:00-04:00,4683.2001953125,4683.2001953125,4683.2001953125,4682.2998046875,4682.89990234375,17
2026-08-25 04:58:00-04:00,4685.5,4685.5,4685.7998046875,4683.7998046875,4683.7998046875,49
2026-08-25 04:59:00-04:00,4685.7001953125,4685.7001953125,4686.2998046875,4685.2001953125,4685.7998046875,40
2026-08-25 05:00:00-04:00,4682.2001953125,4682.2001953125,4685.7001953125,4681.60009765625,4685.7001953125,81
2026-08-25 05:01:00-04:00,4683.39990234375,4683.39990234375,4683.7001953125,4682.2001953125,4682.2998046875,39
2026-08-25 05:02:00-04:00,4683.39990234375,4683.39990234375,4684.39990234375,4682.7001953125,4683.89990234375,43
2026-08-25 05:03:00-04:00,4682.0,4682.0,4683.39990234375,4680.2998046875,4683.0,95
2026-08-25 05:04:00-04:00,4682.2998046875,4682.2998046875,4683.0,4680.89990234375,4681.5,82
2026-08-25 05:05:00-04:00,4681.7998046875,4681.7998046875,4682.2998046875,4680.5,4682.0,63
2026-08-25 05:06:00-04:00,4683.2001953125,4683.2001953125,4683.39990234375,4681.7001953125,4682.2001953125,90
2026-08-25 05:07:00-04:00,4687.0,4687.0,4687.5,4682.7998046875,4683.2998046875,118
2026-08-25 05:08:00-04:00,4686.2001953125,4686.2001953125,4686.89990234375,4685.60009765625,4686.7998046875,85
2026-08-25 05:09:00-04:00,4688.60009765625,4688.60009765625,4689.0,4685.89990234375,4685.89990234375,68
2026-08-25 05:10:00-04:00,4686.5,4686.5,4688.5,4685.89990234375,4688.5,67
2026-08-25 05:11:00-04:00,4686.89990234375,4686.89990234375,4687.7998046875,4686.39990234375,4686.5,42
2026-08-25 05:12:00-04:00,4686.60009765625,4686.60009765625,4687.2001953125,4685.0,4686.7998046875,87
2026-08-25 05:13:00-04:00,4686.60009765625,4686.60009765625,4686.89990234375,4685.89990234375,4685.89990234375,38
2026-08-25 05:14:00-04:00,4686.0,4686.0,4686.7001953125,4685.7001953125,4686.5,67
2026-08-25 05:15:00-04:00,4687.2001953125,4687.2001953125,4687.2998046875,4685.7998046875,4686.2998046875,51
2026-08-25 05:16:00-04:00,4687.0,4687.0,4687.7001953125,4685.5,4686.2998046875,68
2026-08-25 05:17:00-04:00,4687.7998046875,4687.7998046875,4689.10009765625,4687.10009765625,4687.2001953125,91
2026-08-25 05:18:00-04:00,4688.7998046875,4688.7998046875,4689.0,4688.39990234375,4688.39990234375,44
2026-08-25 05:19:00-04:00,4687.10009765625,4687.10009765625,4689.0,4687.10009765625,4688.7998046875,38
2026-08-25 05:20:00-04:00,4686.60009765625,4686.60009765625,4687.0,4685.7001953125,4687.0,36
2026-08-25 05:21:00-04:00,4686.7998046875,4686.7998046875,4687.7998046875,4686.10009765625,4686.7998046875,36
2026-08-25 05:22:00-04:00,4687.10009765625,4687.10009765625,4688.0,4686.5,4686.5,44
2026-08-25 05:23:00-04:00,4686.10009765625,4686.10009765625,4687.7001953125,4685.7001953125,4687.10009765625,17
2026-08-25 05:24:00-04:00,4685.39990234375,4685.39990234375,4687.0,4685.10009765625,4686.2998046875,60
2026-08-25 05:25:00-04:00,4684.0,4684.0,4685.39990234375,4683.60009765625,4685.2001953125,56
2026-08-25 05:26:00-04:00,4684.0,4684.0,4684.39990234375,4683.10009765625,4683.7001953125,40
2026-08-25 05:27:00-04:00,4683.7001953125,4683.7001953125,4684.5,4683.39990234375,4684.10009765625,52
2026-08-25 05:28:00-04:00,4682.7001953125,4682.7001953125,4683.7998046875,4682.7001953125,4683.60009765625,34
2026-08-25 05:29:00-04:00,4681.7001953125,4681.7001953125,4683.5,4681.2998046875,4682.5,87
2026-08-25 05:30:00-04:00,4679.7001953125,4679.7001953125,4682.7998046875,4679.7001953125,4681.7998046875,243
2026-08-25 05:31:00-04:00,4682.39990234375,4682.39990234375,4683.2001953125,4679.5,4679.89990234375,245
2026-08-25 05:32:00-04:00,4683.7001953125,4683.7001953125,4684.0,4682.0,4682.39990234375,65
2026-08-25 05:33:00-04:00,4685.7001953125,4685.7001953125,4686.7001953125,4681.60009765625,4683.7998046875,107
2026-08-25 05:34:00-04:00,4692.7998046875,4692.7998046875,4695.10009765625,4684.7001953125,4685.60009765625,705
2026-08-25 05:35:00-04:00,4690.60009765625,4690.60009765625,4692.2998046875,4689.5,4692.2001953125,146
2026-08-25 05:36:00-04:00,4690.2998046875,4690.2998046875,4691.2001953125,4689.10009765625,4690.5,72
2026-08-25 05:37:00-04:00,4689.39990234375,4689.39990234375,4690.7998046875,4688.7001953125,4690.2998046875,124
2026-08-25 05:38:00-04:00,4687.39990234375,4687.39990234375,4689.7998046875,4686.7998046875,4689.39990234375,104
2026-08-25 05:39:00-04:00,4685.7001953125,4685.7001953125,4687.0,4685.0,4687.0,72
2026-08-25 05:40:00-04:00,4689.10009765625,4689.10009765625,4690.2998046875,4684.89990234375,4685.89990234375,410
2026-08-25 05:41:00-04:00,4689.7998046875,4689.7998046875,4692.0,4689.0,4689.2998046875,373
2026-08-25 05:42:00-04:00,4690.89990234375,4690.89990234375,4692.7001953125,4689.7001953125,4689.7001953125,131
2026-08-25 05:43:00-04:00,4692.39990234375,4692.39990234375,4694.39990234375,4690.60009765625,4690.60009765625,99
2026-08-25 05:44:00-04:00,4692.7998046875,4692.7998046875,4694.39990234375,4691.89990234375,4692.0,183
2026-08-25 05:45:00-04:00,4694.2998046875,4694.2998046875,4694.60009765625,4692.7001953125,4692.89990234375,95
2026-08-25 05:46:00-04:00,4694.5,4694.5,4695.5,4694.39990234375,4694.5,70
2026-08-25 05:47:00-04:00,4692.5,4692.5,4694.89990234375,4692.0,4694.5,91
2026-08-25 05:48:00-04:00,4693.2001953125,4693.2001953125,4693.7998046875,4692.5,4692.7001953125,49
2026-08-25 05:49:00-04:00,4696.2998046875,4696.2998046875,4696.2998046875,4693.39990234375,4693.60009765625,67
2026-08-25 05:50:00-04:00,4696.39990234375,4696.39990234375,4698.10009765625,4696.0,4696.2998046875,117
2026-08-25 05:51:00-04:00,4696.5,4696.5,4696.89990234375,4695.60009765625,4695.7998046875,85
2026-08-25 05:52:00-04:00,4696.10009765625,4696.10009765625,4697.39990234375,4695.7001953125,4696.0,71
2026-08-25 05:53:00-04:00,4694.5,4694.5,4697.10009765625,4694.5,4696.2998046875,74
2026-08-25 05:54:00-04:00,4693.5,4693.5,4695.10009765625,4693.2998046875,4694.7001953125,65
2026-08-25 05:55:00-04:00,4692.7001953125,4692.7001953125,4693.89990234375,4692.2998046875,4693.7998046875,180
2026-08-25 05:56:00-04:00,4692.89990234375,4692.89990234375,4693.2998046875,4691.2001953125,4692.2998046875,51
2026-08-25 05:57:00-04:00,4693.5,4693.5,4697.2001953125,4691.60009765625,4693.39990234375,229
2026-08-25 05:58:00-04:00,4692.60009765625,4692.60009765625,4693.60009765625,4692.39990234375,4693.60009765625,33
2026-08-25 05:59:00-04:00,4691.7001953125,4691.7001953125,4693.2001953125,4691.7001953125,4692.7998046875,105
2026-08-25 06:00:00-04:00,4691.7998046875,4691.7998046875,4692.39990234375,4690.2001953125,4691.60009765625,107
2026-08-25 06:01:00-04:00,4692.0,4692.0,4692.0,4690.39990234375,4691.5,30
2026-08-25 06:02:00-04:00,4690.0,4690.0,4692.7001953125,4689.10009765625,4692.5,175
2026-08-25 06:03:00-04:00,4688.89990234375,4688.89990234375,4690.39990234375,4688.7001953125,4690.39990234375,67
2026-08-25 06:04:00-04:00,4689.7001953125,4689.7001953125,4689.7998046875,4688.5,4688.7998046875,39
2026-08-25 06:05:00-04:00,4690.5,4690.5,4690.5,4689.0,4690.39990234375,41
2026-08-25 06:06:00-04:00,4690.0,4690.0,4690.89990234375,4689.7998046875,4690.2998046875,79
2026-08-25 06:07:00-04:00,4690.5,4690.5,4690.5,4688.7998046875,4689.5,30
2026-08-25 06:08:00-04:00,4692.10009765625,4692.10009765625,4692.2001953125,4690.7001953125,4691.10009765625,32
2026-08-25 06:09:00-04:00,4690.89990234375,4690.89990234375,4692.2001953125,4690.5,4692.10009765625,72
2026-08-25 06:10:00-04:00,4690.39990234375,4690.39990234375,4690.7001953125,4689.2001953125,4690.7001953125,55
2026-08-25 06:11:00-04:00,4692.0,4692.0,4693.7001953125,4689.89990234375,4689.89990234375,56
2026-08-25 06:12:00-04:00,4691.7998046875,4691.7998046875,4694.0,4691.7998046875,4692.39990234375,72
2026-08-25 06:13:00-04:00,4691.10009765625,4691.10009765625,4692.0,4690.39990234375,4692.0,20
2026-08-25 06:14:00-04:00,4690.39990234375,4690.39990234375,4692.0,4690.2998046875,4691.2001953125,81
2026-08-25 06:15:00-04:00,4691.89990234375,4691.89990234375,4691.89990234375,4690.10009765625,4690.89990234375,47
2026-08-25 06:16:00-04:00,4692.2998046875,4692.2998046875,4692.2998046875,4691.60009765625,4691.7001953125,16
2026-08-25 06:17:00-04:00,4693.0,4693.0,4693.2998046875,4692.39990234375,4692.60009765625,81
2026-08-25 06:18:00-04:00,4693.60009765625,4693.60009765625,4694.2998046875,4693.2998046875,4693.39990234375,45
2026-08-25 06:19:00-04:00,4692.60009765625,4692.60009765625,4693.2998046875,4692.0,4693.2001953125,89
2026-08-25 06:20:00-04:00,4692.0,4692.0,4693.5,4692.0,4692.5,27
2026-08-25 06:21:00-04:00,4693.10009765625,4693.10009765625,4693.10009765625,4691.5,4692.39990234375,30
2026-08-25 06:22:00-04:00,4692.7001953125,4692.7001953125,4693.7998046875,4692.2001953125,4692.5,37
2026-08-25 06:23:00-04:00,4693.2998046875,4693.2998046875,4693.5,4691.89990234375,4692.10009765625,27
2026-08-25 06:24:00-04:00,4691.0,4691.0,4694.10009765625,4690.7998046875,4693.39990234375,43
2026-08-25 06:25:00-04:00,4690.7998046875,4690.7998046875,4691.7001953125,4690.7998046875,4691.10009765625,10
2026-08-25 06:26:00-04:00,4691.2998046875,4691.2998046875,4692.60009765625,4691.2001953125,4691.2001953125,27
2026-08-25 06:27:00-04:00,4692.60009765625,4692.60009765625,4693.10009765625,4691.60009765625,4691.60009765625,42
2026-08-25 06:28:00-04:00,4691.89990234375,4691.89990234375,4693.0,4691.89990234375,4692.7001953125,20
2026-08-25 06:29:00-04:00,4689.39990234375,4689.39990234375,4691.60009765625,4688.5,4691.60009765625,189
2026-08-25 06:30:00-04:00,4689.89990234375,4689.89990234375,4689.89990234375,4688.10009765625,4689.39990234375,164
2026-08-25 06:31:00-04:00,4691.89990234375,4691.89990234375,4692.5,4690.2001953125,4690.2998046875,65
2026-08-25 06:32:00-04:00,4692.10009765625,4692.10009765625,4692.5,4691.7998046875,4691.89990234375,7
2026-08-25 06:33:00-04:00,4690.89990234375,4690.89990234375,4691.0,4690.2001953125,4691.0,25
2026-08-25 06:34:00-04:00,4691.2998046875,4691.2998046875,4691.39990234375,4690.5,4691.2001953125,28
2026-08-25 06:35:00-04:00,4690.2998046875,4690.2998046875,4691.2998046875,4689.10009765625,4691.10009765625,44
2026-08-25 06:36:00-04:00,4690.10009765625,4690.10009765625,4690.7001953125,4689.39990234375,4690.10009765625,42
2026-08-25 06:37:00-04:00,4692.60009765625,4692.60009765625,4692.7998046875,4690.2001953125,4690.2001953125,28
2026-08-25 06:38:00-04:00,4693.10009765625,4693.10009765625,4693.7998046875,4692.89990234375,4693.0,47
2026-08-25 06:39:00-04:00,4693.10009765625,4693.10009765625,4693.5,4693.10009765625,4693.10009765625,10
2026-08-25 06:40:00-04:00,4693.60009765625,4693.60009765625,4695.10009765625,4693.60009765625,4693.7001953125,111
2026-08-25 06:41:00-04:00,4694.5,4694.5,4695.2998046875,4693.2001953125,4693.7998046875,44
2026-08-25 06:42:00-04:00,4695.0,4695.0,4696.7001953125,4694.5,4694.7998046875,143
2026-08-25 06:43:00-04:00,4693.7001953125,4693.7001953125,4694.89990234375,4693.39990234375,4694.7998046875,25
2026-08-25 06:44:00-04:00,4693.60009765625,4693.60009765625,4694.10009765625,4692.89990234375,4693.10009765625,32
2026-08-25 06:45:00-04:00,4693.2001953125,4693.2001953125,4693.7001953125,4693.10009765625,4693.7001953125,18
2026-08-25 06:46:00-04:00,4696.10009765625,4696.10009765625,4696.7001953125,4693.39990234375,4693.39990234375,114
2026-08-25 06:47:00-04:00,4696.39990234375,4696.39990234375,4696.5,4695.89990234375,4696.10009765625,35
2026-08-25 06:48:00-04:00,4693.60009765625,4693.60009765625,4696.39990234375,4693.5,4696.39990234375,70
2026-08-25 06:49:00-04:00,4693.89990234375,4693.89990234375,4695.0,4693.60009765625,4693.60009765625,58
2026-08-25 06:50:00-04:00,4694.2998046875,4694.2998046875,4695.2001953125,4693.60009765625,4693.7001953125,48
2026-08-25 06:51:00-04:00,4693.7998046875,4693.7998046875,4694.0,4692.89990234375,4694.0,83
2026-08-25 06:52:00-04:00,4695.60009765625,4695.60009765625,4695.60009765625,4694.0,4694.0,32
2026-08-25 06:53:00-04:00,4696.7001953125,4696.7001953125,4696.7001953125,4695.5,4695.7001953125,33
2026-08-25 06:54:00-04:00,4697.0,4697.0,4697.7998046875,4696.89990234375,4696.89990234375,46
2026-08-25 06:55:00-04:00,4696.7998046875,4696.7998046875,4697.10009765625,4695.39990234375,4696.60009765625,56
2026-08-25 06:56:00-04:00,4696.7998046875,4696.7998046875,4698.2001953125,4696.5,4696.5,43
2026-08-25 06:57:00-04:00,4696.89990234375,4696.89990234375,4697.2998046875,4696.10009765625,4697.0,46
2026-08-25 06:58:00-04:00,4695.39990234375,4695.39990234375,4697.0,4695.39990234375,4696.7998046875,21
2026-08-25 06:59:00-04:00,4695.0,4695.0,4695.89990234375,4695.0,4695.39990234375,26
2026-08-25 07:00:00-04:00,4695.0,4695.0,4695.10009765625,4694.0,4694.7998046875,30
2026-08-25 07:01:00-04:00,4695.0,4695.0,4695.60009765625,4694.0,4694.0,94
2026-08-25 07:02:00-04:00,4694.7001953125,4694.7001953125,4695.0,4694.2998046875,4694.7998046875,27
2026-08-25 07:03:00-04:00,4694.7001953125,4694.7001953125,4695.2001953125,4694.60009765625,4694.7001953125,17
2026-08-25 07:04:00-04:00,4695.7998046875,4695.7998046875,4696.2998046875,4695.39990234375,4695.7001953125,36
2026-08-25 07:05:00-04:00,4694.5,4694.5,4696.0,4694.0,4695.89990234375,144
2026-08-25 07:06:00-04:00,4694.89990234375,4694.89990234375,4696.0,4694.2998046875,4694.60009765625,85
2026-08-25 07:07:00-04:00,4694.7998046875,4694.7998046875,4694.7998046875,4694.0,4694.10009765625,23
2026-08-25 07:08:00-04:00,4697.39990234375,4697.39990234375,4697.39990234375,4695.10009765625,4695.5,52
2026-08-25 07:09:00-04:00,4695.89990234375,4695.89990234375,4698.7998046875,4691.89990234375,4697.7001953125,325
2026-08-25 07:10:00-04:00,4696.2998046875,4696.2998046875,4696.2998046875,4696.2998046875,4696.2998046875,2
2026-08-25 07:20:00-04:00,4699.7001953125,4699.7001953125,4700.2001953125,4697.7998046875,4697.7998046875,1199
2026-08-25 07:21:00-04:00,4699.2001953125,4699.2001953125,4699.7001953125,4699.0,4699.7001953125,33
2026-08-25 07:22:00-04:00,4696.2998046875,4696.2998046875,4699.10009765625,4696.2998046875,4699.10009765625,49
2026-08-25 07:23:00-04:00,4697.2998046875,4697.2998046875,4697.89990234375,4696.39990234375,4696.39990234375,73
2026-08-25 07:24:00-04:00,4697.89990234375,4697.89990234375,4698.89990234375,4697.5,4697.7001953125,59
2026-08-25 07:25:00-04:00,4696.2998046875,4696.2998046875,4698.2998046875,4696.2998046875,4697.89990234375,89
2026-08-25 07:26:00-04:00,4697.10009765625,4697.10009765625,4697.10009765625,4695.60009765625,4696.2001953125,69
2026-08-25 07:27:00-04:00,4695.39990234375,4695.39990234375,4696.2998046875,4694.5,4696.2998046875,76
2026-08-25 07:28:00-04:00,4696.89990234375,4696.89990234375,4697.2001953125,4695.39990234375,4695.39990234375,30
2026-08-25 07:29:00-04:00,4697.2001953125,4697.2001953125,4697.2001953125,4695.89990234375,4696.7998046875,46
2026-08-25 07:30:00-04:00,4697.60009765625,4697.60009765625,4698.39990234375,4696.2001953125,4697.10009765625,75
2026-08-25 07:31:00-04:00,4699.39990234375,4699.39990234375,4700.2998046875,4697.39990234375,4697.7998046875,89
2026-08-25 07:32:00-04:00,4698.10009765625,4698.10009765625,4699.2998046875,4697.89990234375,4699.2998046875,41
2026-08-25 07:33:00-04:00,4699.7998046875,4699.7998046875,4700.0,4697.7998046875,4698.0,85
2026-08-25 07:34:00-04:00,4698.7998046875,4698.7998046875,4700.10009765625,4698.60009765625,4699.7998046875,41
2026-08-25 07:35:00-04:00,4698.5,4698.5,4699.0,4698.2001953125,4699.0,40
2026-08-25 07:36:00-04:00,4699.2001953125,4699.2001953125,4699.5,4697.7998046875,4698.39990234375,80
2026-08-25 07:37:00-04:00,4699.10009765625,4699.10009765625,4699.60009765625,4698.2998046875,4699.0,54
2026-08-25 07:38:00-04:00,4699.60009765625,4699.60009765625,4700.2998046875,4699.5,4699.5,62
2026-08-25 07:39:00-04:00,4700.60009765625,4700.60009765625,4700.7001953125,4699.2001953125,4699.7001953125,94
2026-08-25 07:40:00-04:00,4700.0,4700.0,4701.2001953125,4700.0,4700.5,363
2026-08-25 07:41:00-04:00,4698.2998046875,4698.2998046875,4700.0,4697.39990234375,4700.0,80
2026-08-25 07:42:00-04:00,4698.2001953125,4698.2001953125,4699.2998046875,4698.2001953125,4698.2001953125,28
2026-08-25 07:43:00-04:00,4697.5,4697.5,4698.2001953125,4697.5,4698.0,31
2026-08-25 07:44:00-04:00,4696.60009765625,4696.60009765625,4697.89990234375,4696.39990234375,4697.7998046875,46
2026-08-25 07:45:00-04:00,4698.7001953125,4698.7001953125,4699.0,4696.60009765625,4696.7001953125,69
2026-08-25 07:46:00-04:00,4698.5,4698.5,4698.7998046875,4698.2001953125,4698.5,36
2026-08-25 07:47:00-04:00,4700.7001953125,4700.7001953125,4701.0,4698.2998046875,4698.5,81
2026-08-25 07:48:00-04:00,4701.39990234375,4701.39990234375,4701.89990234375,4701.0,4701.0,58
2026-08-25 07:49:00-04:00,4700.89990234375,4700.89990234375,4701.5,4700.2998046875,4701.5,58
2026-08-25 07:50:00-04:00,4702.39990234375,4702.39990234375,4703.5,4700.7001953125,4700.7001953125,136
2026-08-25 07:51:00-04:00,4701.5,4701.5,4702.7998046875,4701.10009765625,4702.5,102
2026-08-25 07:52:00-04:00,4699.2998046875,4699.2998046875,4701.5,4699.2998046875,4701.5,85
2026-08-25 07:53:00-04:00,4698.5,4698.5,4699.60009765625,4697.7001953125,4699.2998046875,102
2026-08-25 07:54:00-04:00,4699.7998046875,4699.7998046875,4701.0,4698.5,4698.60009765625,142
2026-08-25 07:55:00-04:00,4700.39990234375,4700.39990234375,4700.5,4699.7001953125,4700.10009765625,85
2026-08-25 07:56:00-04:00,4700.2998046875,4700.2998046875,4700.7998046875,4700.2998046875,4700.39990234375,17
2026-08-25 07:57:00-04:00,4699.7001953125,4699.7001953125,4700.0,4699.2001953125,4700.0,45
2026-08-25 07:58:00-04:00,4698.2998046875,4698.2998046875,4699.89990234375,4698.2001953125,4699.7998046875,101
2026-08-25 07:59:00-04:00,4698.39990234375,4698.39990234375,4698.7998046875,4697.7998046875,4698.2998046875,40
2026-08-25 08:00:00-04:00,4696.2001953125,4696.2001953125,4698.89990234375,4696.10009765625,4698.7001953125,132
2026-08-25 08:01:00-04:00,4696.2001953125,4696.2001953125,4697.0,4695.5,4696.0,97
2026-08-25 08:02:00-04:00,4693.7001953125,4693.7001953125,4696.60009765625,4693.0,4696.2001953125,178
2026-08-25 08:03:00-04:00,4691.89990234375,4691.89990234375,4693.60009765625,4691.0,4693.5,510
2026-08-25 08:04:00-04:00,4692.60009765625,4692.60009765625,4693.10009765625,4691.2001953125,4691.89990234375,1199
2026-08-25 08:05:00-04:00,4692.60009765625,4692.60009765625,4693.0,4692.2001953125,4692.89990234375,78
2026-08-25 08:06:00-04:00,4692.89990234375,4692.89990234375,4694.60009765625,4692.10009765625,4692.60009765625,90
2026-08-25 08:07:00-04:00,4691.7001953125,4691.7001953125,4693.0,4691.39990234375,4693.0,77
2026-08-25 08:08:00-04:00,4693.89990234375,4693.89990234375,4693.89990234375,4691.7001953125,4691.7998046875,48
2026-08-25 08:09:00-04:00,4693.10009765625,4693.10009765625,4694.2001953125,4692.7998046875,4693.60009765625,65
2026-08-25 08:10:00-04:00,4692.39990234375,4692.39990234375,4693.2998046875,4692.10009765625,4692.7001953125,77
2026-08-25 08:11:00-04:00,4696.60009765625,4696.60009765625,4696.60009765625,4691.7998046875,4692.2998046875,171
2026-08-25 08:12:00-04:00,4695.89990234375,4695.89990234375,4697.7998046875,4693.39990234375,4697.0,223
2026-08-25 08:13:00-04:00,4694.10009765625,4694.10009765625,4696.89990234375,4694.10009765625,4695.5,52
2026-08-25 08:14:00-04:00,4694.7998046875,4694.7998046875,4695.10009765625,4694.10009765625,4694.60009765625,53
2026-08-25 08:15:00-04:00,4693.7001953125,4693.7001953125,4694.7998046875,4692.60009765625,4694.60009765625,171
2026-08-25 08:16:00-04:00,4693.5,4693.5,4694.5,4693.2998046875,4693.2998046875,46
2026-08-25 08:17:00-04:00,4693.10009765625,4693.10009765625,4693.7998046875,4693.0,4693.60009765625,39
2026-08-25 08:18:00-04:00,4689.60009765625,4689.60009765625,4693.2998046875,4689.0,4693.2998046875,494
2026-08-25 08:19:00-04:00,4691.2001953125,4691.2001953125,4691.39990234375,4688.60009765625,4689.7001953125,267
2026-08-25 08:20:00-04:00,4691.2001953125,4691.2001953125,4695.10009765625,4690.39990234375,4691.0,356
2026-08-25 08:21:00-04:00,4691.2001953125,4691.2001953125,4693.2001953125,4691.0,4691.2998046875,85
2026-08-25 08:22:00-04:00,4689.89990234375,4689.89990234375,4691.2998046875,4688.7998046875,4691.2998046875,192
2026-08-25 08:23:00-04:00,4688.7998046875,4688.7998046875,4690.89990234375,4688.7001953125,4689.89990234375,162
2026-08-25 08:24:00-04:00,4689.2001953125,4689.2001953125,4689.60009765625,4687.2998046875,4688.7998046875,175
2026-08-25 08:25:00-04:00,4691.10009765625,4691.10009765625,4691.60009765625,4688.60009765625,4689.2998046875,92
2026-08-25 08:26:00-04:00,4690.2998046875,4690.2998046875,4692.39990234375,4690.0,4691.39990234375,71
2026-08-25 08:27:00-04:00,4691.2001953125,4691.2001953125,4691.2998046875,4689.0,4690.0,88
2026-08-25 08:28:00-04:00,4692.39990234375,4692.39990234375,4693.10009765625,4690.5,4691.2001953125,227
2026-08-25 08:29:00-04:00,4692.7998046875,4692.7998046875,4692.89990234375,4690.7998046875,4692.2001953125,56
2026-08-25 08:30:00-04:00,4691.2998046875,4691.2998046875,4692.7998046875,4690.60009765625,4692.7001953125,95
2026-08-25 08:31:00-04:00,4690.7998046875,4690.7998046875,4693.0,4690.5,4691.5,142
2026-08-25 08:32:00-04:00,4689.10009765625,4689.10009765625,4690.5,4688.10009765625,4690.5,247
2026-08-25 08:33:00-04:00,4690.7998046875,4690.7998046875,4690.7998046875,4688.60009765625,4689.2001953125,40
2026-08-25 08:34:00-04:00,4688.39990234375,4688.39990234375,4690.60009765625,4688.39990234375,4690.2001953125,78
2026-08-25 08:35:00-04:00,4689.2001953125,4689.2001953125,4689.5,4688.2001953125,4688.2998046875,156
2026-08-25 08:36:00-04:00,4688.7001953125,4688.7001953125,4690.2001953125,4688.60009765625,4689.2001953125,81
2026-08-25 08:37:00-04:00,4688.7001953125,4688.7001953125,4689.60009765625,4688.2001953125,4689.0,57
2026-08-25 08:38:00-04:00,4688.7001953125,4688.7001953125,4689.7001953125,4688.5,4688.89990234375,53
2026-08-25 08:39:00-04:00,4686.0,4686.0,4688.89990234375,4685.7001953125,4688.60009765625,301
2026-08-25 08:40:00-04:00,4689.5,4689.5,4689.7998046875,4685.2998046875,4685.7001953125,236
2026-08-25 08:41:00-04:00,4690.10009765625,4690.10009765625,4690.39990234375,4688.7001953125,4689.0,103
2026-08-25 08:42:00-04:00,4693.7998046875,4693.7998046875,4694.0,4690.10009765625,4690.10009765625,113
2026-08-25 08:43:00-04:00,4694.10009765625,4694.10009765625,4696.0,4693.89990234375,4693.89990234375,126
2026-08-25 08:44:00-04:00,4693.7001953125,4693.7001953125,4694.7001953125,4693.2998046875,4694.2998046875,98
2026-08-25 08:45:00-04:00,4692.7998046875,4692.7998046875,4694.2998046875,4692.7998046875,4693.39990234375,56
2026-08-25 08:46:00-04:00,4694.39990234375,4694.39990234375,4694.7001953125,4692.7998046875,4692.7998046875,130
2026-08-25 08:47:00-04:00,4694.0,4694.0,4694.7001953125,4693.10009765625,4694.2001953125,99
2026-08-25 08:48:00-04:00,4697.2001953125,4697.2001953125,4698.0,4694.2001953125,4694.2001953125,216
2026-08-25 08:49:00-04:00,4695.7001953125,4695.7001953125,4697.5,4695.2998046875,4697.2001953125,49
2026-08-25 08:50:00-04:00,4695.89990234375,4695.89990234375,4696.0,4695.0,4695.89990234375,76
2026-08-25 08:51:00-04:00,4697.2998046875,4697.2998046875,4699.60009765625,4695.7998046875,4695.89990234375,209
2026-08-25 08:52:00-04:00,4698.7001953125,4698.7001953125,4699.0,4696.7998046875,4697.10009765625,46
2026-08-25 08:53:00-04:00,4696.2001953125,4696.2001953125,4698.39990234375,4696.0,4698.39990234375,69
2026-08-25 08:54:00-04:00,4696.7998046875,4696.7998046875,4696.7998046875,4695.60009765625,4696.0,55
2026-08-25 08:55:00-04:00,4695.10009765625,4695.10009765625,4695.89990234375,4694.7998046875,4695.89990234375,59
2026-08-25 08:56:00-04:00,4696.2001953125,4696.2001953125,4696.60009765625,4695.0,4695.0,111
2026-08-25 08:57:00-04:00,4694.60009765625,4694.60009765625,4696.10009765625,4694.60009765625,4696.10009765625,139
2026-08-25 08:58:00-04:00,4694.2998046875,4694.2998046875,4694.60009765625,4693.7998046875,4694.60009765625,33
2026-08-25 08:59:00-04:00,4695.7001953125,4695.7001953125,4696.0,4694.5,4694.5,47
2026-08-25 09:00:00-04:00,4688.0,4688.0,4696.60009765625,4686.5,4696.2998046875,644
2026-08-25 09:01:00-04:00,4688.60009765625,4688.60009765625,4691.10009765625,4688.0,4688.2001953125,199
2026-08-25 09:02:00-04:00,4687.60009765625,4687.60009765625,4689.0,4685.10009765625,4689.0,435
2026-08-25 09:03:00-04:00,4687.7001953125,4687.7001953125,4688.5,4687.2001953125,4687.5,292
2026-08-25 09:04:00-04:00,4689.60009765625,4689.60009765625,4690.5,4687.10009765625,4687.5,124
2026-08-25 09:05:00-04:00,4688.0,4688.0,4691.7998046875,4688.0,4689.39990234375,391
2026-08-25 09:06:00-04:00,4685.7001953125,4685.7001953125,4688.0,4685.2998046875,4687.7998046875,214
2026-08-25 09:07:00-04:00,4684.2001953125,4684.2001953125,4685.7998046875,4683.39990234375,4685.7998046875,145
2026-08-25 09:08:00-04:00,4684.89990234375,4684.89990234375,4685.10009765625,4683.2001953125,4684.2998046875,140
2026-08-25 09:09:00-04:00,4686.5,4686.5,4688.0,4684.60009765625,4684.60009765625,123
2026-08-25 09:10:00-04:00,4687.60009765625,4687.60009765625,4687.60009765625,4684.60009765625,4686.39990234375,103
2026-08-25 09:11:00-04:00,4688.60009765625,4688.60009765625,4688.60009765625,4684.7001953125,4687.60009765625,402
2026-08-25 09:12:00-04:00,4686.60009765625,4686.60009765625,4689.2001953125,4686.2998046875,4688.2001953125,185
2026-08-25 09:13:00-04:00,4684.7998046875,4684.7998046875,4687.89990234375,4683.89990234375,4686.7001953125,108
2026-08-25 09:14:00-04:00,4678.5,4678.5,4683.89990234375,4678.10009765625,4683.89990234375,476
2026-08-25 09:15:00-04:00,4677.10009765625,4677.10009765625,4679.89990234375,4676.39990234375,4678.10009765625,371
2026-08-25 09:16:00-04:00,4679.10009765625,4679.10009765625,4679.7998046875,4675.60009765625,4676.89990234375,237
2026-08-25 09:17:00-04:00,4682.0,4682.0,4683.2001953125,4679.5,4679.5,205
2026-08-25 09:18:00-04:00,4682.60009765625,4682.60009765625,4682.7998046875,4681.10009765625,4682.0,161
2026-08-25 09:19:00-04:00,4681.10009765625,4681.10009765625,4683.2001953125,4681.10009765625,4682.39990234375,134
2026-08-25 09:20:00-04:00,4678.89990234375,4678.89990234375,4681.5,4678.2001953125,4681.10009765625,109
2026-08-25 09:21:00-04:00,4678.0,4678.0,4680.2998046875,4678.0,4678.60009765625,101
2026-08-25 09:22:00-04:00,4674.2998046875,4674.2998046875,4678.5,4674.0,4678.39990234375,324
2026-08-25 09:23:00-04:00,4670.2998046875,4670.2998046875,4674.39990234375,4667.39990234375,4674.2001953125,1281
2026-08-25 09:24:00-04:00,4669.10009765625,4669.10009765625,4672.0,4668.7001953125,4670.2001953125,295
2026-08-25 09:25:00-04:00,4665.2998046875,4665.2998046875,4671.2001953125,4663.39990234375,4669.7998046875,772
2026-08-25 09:26:00-04:00,4667.60009765625,4667.60009765625,4669.10009765625,4664.60009765625,4665.0,353
2026-08-25 09:27:00-04:00,4670.5,4670.5,4670.7001953125,4667.2001953125,4667.7998046875,349
2026-08-25 09:28:00-04:00,4672.2998046875,4672.2998046875,4673.7998046875,4669.7998046875,4670.60009765625,314
2026-08-25 09:29:00-04:00,4664.7001953125,4664.7001953125,4672.2998046875,4664.7001953125,4672.10009765625,411
2026-08-25 09:30:00-04:00,4670.0,4670.0,4672.5,4664.2001953125,4665.10009765625,497
2026-08-25 09:31:00-04:00,4675.2998046875,4675.2998046875,4675.89990234375,4669.89990234375,4670.0,331
2026-08-25 09:32:00-04:00,4677.60009765625,4677.60009765625,4677.7998046875,4674.60009765625,4675.2001953125,363
2026-08-25 09:33:00-04:00,4676.5,4676.5,4678.5,4676.2998046875,4677.39990234375,237
2026-08-25 09:34:00-04:00,4676.89990234375,4676.89990234375,4678.7001953125,4674.7001953125,4676.2998046875,225
2026-08-25 09:35:00-04:00,4673.89990234375,4673.89990234375,4676.7998046875,4672.7001953125,4676.60009765625,141
2026-08-25 09:36:00-04:00,4665.0,4665.0,4674.2001953125,4664.5,4674.10009765625,512
2026-08-25 09:37:00-04:00,4671.2001953125,4671.2001953125,4671.60009765625,4664.7998046875,4664.7998046875,228
2026-08-25 09:38:00-04:00,4674.2001953125,4674.2001953125,4675.2001953125,4670.10009765625,4671.0,362
2026-08-25 09:39:00-04:00,4670.60009765625,4670.60009765625,4674.7998046875,4668.2998046875,4674.10009765625,185
2026-08-25 09:40:00-04:00,4674.5,4674.5,4676.2001953125,4670.7001953125,4671.0,172
2026-08-25 09:41:00-04:00,4671.7001953125,4671.7001953125,4674.7998046875,4669.5,4674.7001953125,225
2026-08-25 09:42:00-04:00,4668.2001953125,4668.2001953125,4673.10009765625,4665.89990234375,4671.7001953125,247
2026-08-25 09:43:00-04:00,4668.7998046875,4668.7998046875,4670.2001953125,4666.7998046875,4668.2001953125,182
2026-08-25 09:44:00-04:00,4667.7001953125,4667.7001953125,4668.60009765625,4666.5,4668.5,137
2026-08-25 09:45:00-04:00,4666.7998046875,4666.7998046875,4670.2001953125,4666.60009765625,4667.60009765625,188
2026-08-25 09:46:00-04:00,4666.2001953125,4666.2001953125,4669.89990234375,4666.10009765625,4667.0,111
2026-08-25 09:47:00-04:00,4660.60009765625,4660.60009765625,4665.5,4659.5,4665.2998046875,1534
2026-08-25 09:48:00-04:00,4664.2001953125,4664.2001953125,4665.2001953125,4659.89990234375,4660.60009765625,365
2026-08-25 09:49:00-04:00,4661.7001953125,4661.7001953125,4665.5,4661.5,4664.39990234375,196
2026-08-25 09:50:00-04:00,4663.0,4663.0,4665.39990234375,4661.2001953125,4661.5,284
2026-08-25 09:51:00-04:00,4662.5,4662.5,4664.7998046875,4661.0,4662.89990234375,385
2026-08-25 09:52:00-04:00,4664.2001953125,4664.2001953125,4664.7998046875,4661.39990234375,4662.2001953125,320
2026-08-25 09:53:00-04:00,4664.60009765625,4664.60009765625,4664.7001953125,4660.39990234375,4662.89990234375,208
2026-08-25 09:54:00-04:00,4662.7001953125,4662.7001953125,4667.2001953125,4662.7001953125,4664.10009765625,311
2026-08-25 09:55:00-04:00,4665.5,4665.5,4666.2001953125,4660.5,4662.2001953125,291
2026-08-25 09:56:00-04:00,4667.7001953125,4667.7001953125,4668.7998046875,4664.7998046875,4665.2001953125,266
2026-08-25 09:57:00-04:00,4663.39990234375,4663.39990234375,4668.7001953125,4663.2001953125,4668.5,150
2026-08-25 09:58:00-04:00,4668.5,4668.5,4668.89990234375,4663.39990234375,4663.39990234375,140
2026-08-25 09:59:00-04:00,4671.39990234375,4671.39990234375,4673.0,4668.60009765625,4668.89990234375,502
2026-08-25 10:00:00-04:00,4672.5,4672.5,4675.89990234375,4669.89990234375,4671.2998046875,587
2026-08-25 10:01:00-04:00,4673.2998046875,4673.2998046875,4676.10009765625,4671.2001953125,4672.60009765625,581
2026-08-25 10:02:00-04:00,4671.0,4671.0,4676.5,4668.7998046875,4673.39990234375,620
2026-08-25 10:03:00-04:00,4672.7001953125,4672.7001953125,4673.7001953125,4670.7001953125,4671.2001953125,149
2026-08-25 10:04:00-04:00,4674.2998046875,4674.2998046875,4675.2001953125,4671.60009765625,4672.2001953125,155
2026-08-25 10:05:00-04:00,4676.60009765625,4676.60009765625,4677.5,4673.39990234375,4674.39990234375,1612
2026-08-25 10:06:00-04:00,4678.10009765625,4678.10009765625,4680.60009765625,4675.60009765625,4676.5,369
2026-08-25 10:07:00-04:00,4679.5,4679.5,4680.0,4676.7001953125,4678.10009765625,218
2026-08-25 10:08:00-04:00,4676.7998046875,4676.7998046875,4680.2001953125,4674.89990234375,4679.7001953125,163
2026-08-25 10:09:00-04:00,4678.60009765625,4678.60009765625,4679.7998046875,4676.7001953125,4677.10009765625,155
2026-08-25 10:10:00-04:00,4680.7998046875,4680.7998046875,4682.10009765625,4678.2001953125,4679.2998046875,259
2026-08-25 10:11:00-04:00,4679.10009765625,4679.10009765625,4682.2001953125,4678.7998046875,4680.39990234375,278
2026-08-25 10:12:00-04:00,4681.10009765625,4681.10009765625,4681.5,4679.10009765625,4679.2001953125,161
2026-08-25 10:13:00-04:00,4680.0,4680.0,4682.39990234375,4678.89990234375,4681.5,314
2026-08-25 10:14:00-04:00,4678.2001953125,4678.2001953125,4679.7998046875,4677.5,4679.7998046875,161
2026-08-25 10:15:00-04:00,4678.2998046875,4678.2998046875,4679.5,4675.2998046875,4678.7001953125,292
2026-08-25 10:16:00-04:00,4677.60009765625,4677.60009765625,4680.2998046875,4677.60009765625,4678.89990234375,233
2026-08-25 10:17:00-04:00,4679.2998046875,4679.2998046875,4679.7998046875,4677.5,4677.5,81
2026-08-25 10:18:00-04:00,4678.10009765625,4678.10009765625,4680.7998046875,4678.0,4679.5,75
2026-08-25 10:19:00-04:00,4674.89990234375,4674.89990234375,4678.60009765625,4674.89990234375,4678.10009765625,207
2026-08-25 10:20:00-04:00,4679.39990234375,4679.39990234375,4679.39990234375,4674.7001953125,4674.7001953125,137
2026-08-25 10:21:00-04:00,4678.0,4678.0,4680.2998046875,4677.39990234375,4679.2998046875,203
2026-08-25 10:22:00-04:00,4677.2001953125,4677.2001953125,4678.2998046875,4674.10009765625,4678.0,620
2026-08-25 10:23:00-04:00,4677.89990234375,4677.89990234375,4678.89990234375,4676.7001953125,4677.10009765625,121
2026-08-25 10:24:00-04:00,4681.60009765625,4681.60009765625,4681.89990234375,4678.0,4678.2001953125,139
2026-08-25 10:25:00-04:00,4682.39990234375,4682.39990234375,4684.0,4681.10009765625,4681.60009765625,304
2026-08-25 10:26:00-04:00,4683.7001953125,4683.7001953125,4684.5,4682.10009765625,4682.2998046875,189
2026-08-25 10:27:00-04:00,4681.7998046875,4681.7998046875,4683.60009765625,4681.7998046875,4683.5,140
2026-08-25 10:28:00-04:00,4681.7998046875,4681.7998046875,4682.7998046875,4681.0,4681.7001953125,74
2026-08-25 10:29:00-04:00,4679.7998046875,4679.7998046875,4682.2001953125,4679.5,4681.7001953125,126
2026-08-25 10:30:00-04:00,4676.60009765625,4676.60009765625,4680.5,4667.2998046875,4679.7001953125,1737
2026-08-25 10:31:00-04:00,4681.2998046875,4681.2998046875,4681.2998046875,4676.60009765625,4676.7001953125,278
2026-08-25 10:32:00-04:00,4684.10009765625,4684.10009765625,4685.7001953125,4681.2998046875,4681.60009765625,395
2026-08-25 10:33:00-04:00,4686.2998046875,4686.2998046875,4686.39990234375,4683.0,4684.2998046875,228
2026-08-25 10:34:00-04:00,4685.60009765625,4685.60009765625,4687.60009765625,4685.0,4686.2001953125,335
2026-08-25 10:35:00-04:00,4688.2001953125,4688.2001953125,4688.5,4685.60009765625,4685.7001953125,651
2026-08-25 10:36:00-04:00,4686.7001953125,4686.7001953125,4688.2001953125,4685.7001953125,4687.89990234375,155
2026-08-25 10:37:00-04:00,4689.7998046875,4689.7998046875,4690.0,4686.7001953125,4687.0,384
2026-08-25 10:38:00-04:00,4691.0,4691.0,4691.0,4689.5,4690.10009765625,241
2026-08-25 10:39:00-04:00,4692.89990234375,4692.89990234375,4693.5,4690.7001953125,4691.10009765625,374
2026-08-25 10:40:00-04:00,4692.0,4692.0,4694.2001953125,4690.7998046875,4692.7001953125,294
2026-08-25 10:41:00-04:00,4691.89990234375,4691.89990234375,4692.5,4690.7998046875,4692.2998046875,200
2026-08-25 10:42:00-04:00,4687.39990234375,4687.39990234375,4692.0,4687.2001953125,4691.89990234375,383
2026-08-25 10:43:00-04:00,4692.0,4692.0,4692.0,4687.2001953125,4687.60009765625,101
2026-08-25 10:44:00-04:00,4693.10009765625,4693.10009765625,4693.2998046875,4690.39990234375,4691.7998046875,126
2026-08-25 10:45:00-04:00,4692.2001953125,4692.2001953125,4696.0,4692.2001953125,4693.0,284
2026-08-25 10:46:00-04:00,4693.5,4693.5,4693.89990234375,4692.10009765625,4692.5,96
2026-08-25 10:47:00-04:00,4692.60009765625,4692.60009765625,4693.39990234375,4692.0,4693.39990234375,82
2026-08-25 10:48:00-04:00,4692.5,4692.5,4693.2998046875,4691.60009765625,4692.39990234375,100
2026-08-25 10:49:00-04:00,4692.60009765625,4692.60009765625,4694.2001953125,4692.2001953125,4692.7001953125,123
2026-08-25 10:50:00-04:00,4691.10009765625,4691.10009765625,4694.2001953125,4690.89990234375,4693.2001953125,220
2026-08-25 10:51:00-04:00,4690.39990234375,4690.39990234375,4691.39990234375,4688.7998046875,4691.2998046875,277
2026-08-25 10:52:00-04:00,4691.39990234375,4691.39990234375,4691.39990234375,4689.7001953125,4690.0,92
2026-08-25 10:53:00-04:00,4691.7001953125,4691.7001953125,4692.89990234375,4691.2001953125,4691.2998046875,128
2026-08-25 10:54:00-04:00,4690.89990234375,4690.89990234375,4692.2001953125,4690.7998046875,4691.7001953125,53
2026-08-25 10:55:00-04:00,4691.60009765625,4691.60009765625,4693.5,4691.2001953125,4691.39990234375,155
2026-08-25 10:56:00-04:00,4690.10009765625,4690.10009765625,4691.60009765625,4689.0,4691.60009765625,383
2026-08-25 10:57:00-04:00,4692.5,4692.5,4692.7001953125,4690.2998046875,4690.2998046875,92
2026-08-25 10:58:00-04:00,4691.0,4691.0,4693.0,4690.2998046875,4692.7998046875,124
2026-08-25 10:59:00-04:00,4691.60009765625,4691.60009765625,4691.89990234375,4690.39990234375,4690.7998046875,99
2026-08-25 11:00:00-04:00,4690.89990234375,4690.89990234375,4692.7001953125,4690.7001953125,4691.7998046875,109
2026-08-25 11:01:00-04:00,4690.89990234375,4690.89990234375,4693.2998046875,4690.89990234375,4691.10009765625,154
2026-08-25 11:02:00-04:00,4690.60009765625,4690.60009765625,4692.10009765625,4689.89990234375,4691.2001953125,98
2026-08-25 11:03:00-04:00,4687.89990234375,4687.89990234375,4691.2998046875,4687.89990234375,4690.7001953125,122
2026-08-25 11:04:00-04:00,4688.0,4688.0,4688.60009765625,4686.39990234375,4688.2998046875,150
2026-08-25 11:05:00-04:00,4687.5,4687.5,4689.39990234375,4686.39990234375,4688.2001953125,145
2026-08-25 11:06:00-04:00,4688.39990234375,4688.39990234375,4688.60009765625,4686.2998046875,4687.7001953125,229
2026-08-25 11:07:00-04:00,4687.2001953125,4687.2001953125,4689.7001953125,4687.10009765625,4688.5,106
2026-08-25 11:08:00-04:00,4686.89990234375,4686.89990234375,4688.0,4686.60009765625,4687.0,87
2026-08-25 11:09:00-04:00,4688.39990234375,4688.39990234375,4688.5,4686.7001953125,4686.89990234375,63
2026-08-25 11:10:00-04:00,4687.60009765625,4687.60009765625,4688.7001953125,4687.0,4688.2998046875,96
2026-08-25 11:11:00-04:00,4689.2998046875,4689.2998046875,4689.60009765625,4687.2998046875,4687.89990234375,189
2026-08-25 11:12:00-04:00,4690.5,4690.5,4691.2998046875,4689.2998046875,4689.5,137
2026-08-25 11:13:00-04:00,4689.2001953125,4689.2001953125,4690.39990234375,4688.5,4690.39990234375,76
2026-08-25 11:14:00-04:00,4689.2001953125,4689.2001953125,4689.39990234375,4687.89990234375,4688.89990234375,73
2026-08-25 11:15:00-04:00,4687.39990234375,4687.39990234375,4689.7001953125,4685.10009765625,4689.2998046875,268
2026-08-25 11:16:00-04:00,4693.39990234375,4693.39990234375,4693.39990234375,4686.2001953125,4687.2998046875,272
2026-08-25 11:17:00-04:00,4694.2998046875,4694.2998046875,4694.39990234375,4692.5,4693.5,228
2026-08-25 11:18:00-04:00,4692.89990234375,4692.89990234375,4694.89990234375,4692.2998046875,4694.0,135
2026-08-25 11:19:00-04:00,4694.89990234375,4694.89990234375,4695.7001953125,4693.2998046875,4693.2998046875,93
2026-08-25 11:20:00-04:00,4696.89990234375,4696.89990234375,4696.89990234375,4694.60009765625,4694.60009765625,127
2026-08-25 11:21:00-04:00,4699.60009765625,4699.60009765625,4700.10009765625,4697.0,4697.2001953125,306
2026-08-25 11:22:00-04:00,4699.0,4699.0,4701.0,4698.7001953125,4699.60009765625,286
2026-08-25 11:23:00-04:00,4698.2001953125,4698.2001953125,4699.0,4697.60009765625,4698.7998046875,101
2026-08-25 11:24:00-04:00,4696.7001953125,4696.7001953125,4698.2998046875,4696.10009765625,4698.0,158
2026-08-25 11:25:00-04:00,4695.89990234375,4695.89990234375,4696.60009765625,4695.60009765625,4696.39990234375,96
2026-08-25 11:26:00-04:00,4693.89990234375,4693.89990234375,4696.7998046875,4693.7998046875,4695.89990234375,217
2026-08-25 11:27:00-04:00,4696.89990234375,4696.89990234375,4697.0,4693.0,4693.7998046875,323
2026-08-25 11:28:00-04:00,4698.7001953125,4698.7001953125,4699.2998046875,4696.7998046875,4697.2001953125,182
2026-08-25 11:29:00-04:00,4695.7998046875,4695.7998046875,4699.2998046875,4695.60009765625,4698.60009765625,143
2026-08-25 11:30:00-04:00,4699.7998046875,4699.7998046875,4699.7998046875,4696.0,4696.0,172
2026-08-25 11:31:00-04:00,4699.2998046875,4699.2998046875,4700.39990234375,4698.7998046875,4699.7998046875,203
2026-08-25 11:32:00-04:00,4700.0,4700.0,4700.7001953125,4698.7998046875,4698.7998046875,253
2026-08-25 11:33:00-04:00,4706.0,4706.0,4707.5,4698.7998046875,4699.89990234375,765
2026-08-25 11:34:00-04:00,4705.2001953125,4705.2001953125,4707.60009765625,4703.2998046875,4706.0,769
2026-08-25 11:35:00-04:00,4711.2001953125,4711.2001953125,4711.2001953125,4704.60009765625,4705.2001953125,1155
2026-08-25 11:36:00-04:00,4711.60009765625,4711.60009765625,4714.2001953125,4710.5,4711.2998046875,919
2026-08-25 11:37:00-04:00,4712.60009765625,4712.60009765625,4713.7998046875,4710.60009765625,4711.5,624
2026-08-25 11:38:00-04:00,4713.39990234375,4713.39990234375,4715.2998046875,4711.60009765625,4713.10009765625,369
2026-08-25 11:39:00-04:00,4713.0,4713.0,4713.7001953125,4711.39990234375,4713.2001953125,204
2026-08-25 11:40:00-04:00,4714.2998046875,4714.2998046875,4714.39990234375,4711.7998046875,4712.7001953125,119
2026-08-25 11:41:00-04:00,4713.89990234375,4713.89990234375,4716.39990234375,4712.2998046875,4714.5,317
2026-08-25 11:42:00-04:00,4714.0,4714.0,4715.10009765625,4713.0,4714.10009765625,218
2026-08-25 11:43:00-04:00,4711.7998046875,4711.7998046875,4714.2998046875,4711.5,4714.2001953125,174
2026-08-25 11:44:00-04:00,4713.2998046875,4713.2998046875,4714.0,4711.60009765625,4711.60009765625,135
2026-08-25 11:45:00-04:00,4712.7001953125,4712.7001953125,4714.10009765625,4712.0,4713.2998046875,184
2026-08-25 11:46:00-04:00,4712.10009765625,4712.10009765625,4714.0,4712.10009765625,4713.10009765625,120
2026-08-25 11:47:00-04:00,4709.2001953125,4709.2001953125,4712.10009765625,4708.89990234375,4711.7998046875,225
2026-08-25 11:48:00-04:00,4709.2998046875,4709.2998046875,4710.0,4708.60009765625,4709.2998046875,182
2026-08-25 11:49:00-04:00,4708.89990234375,4708.89990234375,4711.60009765625,4707.7998046875,4709.2001953125,251
2026-08-25 11:50:00-04:00,4707.0,4707.0,4709.39990234375,4706.2001953125,4708.7998046875,310
2026-08-25 11:51:00-04:00,4707.7998046875,4707.7998046875,4708.10009765625,4705.89990234375,4706.60009765625,139
2026-08-25 11:52:00-04:00,4706.2001953125,4706.2001953125,4709.2998046875,4706.2001953125,4707.7001953125,212
2026-08-25 11:53:00-04:00,4707.89990234375,4707.89990234375,4708.39990234375,4706.2998046875,4706.5,103
2026-08-25 11:54:00-04:00,4707.39990234375,4707.39990234375,4708.60009765625,4707.2001953125,4707.7001953125,87
2026-08-25 11:55:00-04:00,4707.7998046875,4707.7998046875,4708.2001953125,4706.0,4707.7001953125,198
2026-08-25 11:56:00-04:00,4708.89990234375,4708.89990234375,4709.89990234375,4707.39990234375,4707.7001953125,131
2026-08-25 11:57:00-04:00,4710.0,4710.0,4710.89990234375,4708.7001953125,4709.39990234375,286
2026-08-25 11:58:00-04:00,4707.89990234375,4707.89990234375,4710.0,4707.2998046875,4710.0,132
2026-08-25 11:59:00-04:00,4709.5,4709.5,4709.5,4707.7998046875,4708.2001953125,79
2026-08-25 12:00:00-04:00,4708.7001953125,4708.7001953125,4710.10009765625,4707.39990234375,4709.60009765625,185
2026-08-25 12:01:00-04:00,4707.89990234375,4707.89990234375,4710.0,4707.7998046875,4708.39990234375,123
2026-08-25 12:02:00-04:00,4707.7001953125,4707.7001953125,4710.2001953125,4707.5,4708.2001953125,124
2026-08-25 12:03:00-04:00,4706.10009765625,4706.10009765625,4708.0,4705.89990234375,4707.7998046875,108
2026-08-25 12:04:00-04:00,4704.7998046875,4704.7998046875,4706.2001953125,4704.39990234375,4705.7998046875,316
2026-08-25 12:05:00-04:00,4704.60009765625,4704.60009765625,4705.10009765625,4703.2001953125,4705.0,128
2026-08-25 12:06:00-04:00,4704.5,4704.5,4706.0,4704.2998046875,4704.7001953125,153
2026-08-25 12:07:00-04:00,4704.60009765625,4704.60009765625,4705.7001953125,4704.39990234375,4704.89990234375,152
2026-08-25 12:08:00-04:00,4704.39990234375,4704.39990234375,4704.89990234375,4703.7001953125,4704.5,105
2026-08-25 12:09:00-04:00,4701.60009765625,4701.60009765625,4704.39990234375,4701.60009765625,4704.2001953125,225
2026-08-25 12:10:00-04:00,4700.39990234375,4700.39990234375,4701.7001953125,4700.10009765625,4701.5,289
2026-08-25 12:11:00-04:00,4700.89990234375,4700.89990234375,4700.89990234375,4699.5,4700.39990234375,315
2026-08-25 12:12:00-04:00,4702.2998046875,4702.2998046875,4702.7998046875,4699.7998046875,4700.7998046875,185
2026-08-25 12:13:00-04:00,4701.5,4701.5,4702.7001953125,4700.89990234375,4702.2998046875,145
2026-08-25 12:14:00-04:00,4701.39990234375,4701.39990234375,4701.7001953125,4700.60009765625,4701.60009765625,71
2026-08-25 12:15:00-04:00,4700.39990234375,4700.39990234375,4701.2001953125,4698.39990234375,4701.2001953125,108
2026-08-25 12:16:00-04:00,4701.60009765625,4701.60009765625,4702.5,4700.10009765625,4700.10009765625,154
2026-08-25 12:17:00-04:00,4701.5,4701.5,4703.10009765625,4701.2001953125,4701.7998046875,129
2026-08-25 12:18:00-04:00,4702.10009765625,4702.10009765625,4703.7998046875,4701.60009765625,4701.60009765625,142
2026-08-25 12:19:00-04:00,4699.7998046875,4699.7998046875,4702.0,4698.7998046875,4702.0,240
2026-08-25 12:20:00-04:00,4698.2998046875,4698.2998046875,4700.2001953125,4697.2998046875,4699.7998046875,235
2026-08-25 12:21:00-04:00,4696.10009765625,4696.10009765625,4698.5,4695.5,4698.2001953125,258
2026-08-25 12:22:00-04:00,4695.7998046875,4695.7998046875,4696.89990234375,4694.7998046875,4696.2001953125,297
2026-08-25 12:23:00-04:00,4697.0,4697.0,4697.2001953125,4694.60009765625,4695.60009765625,236
2026-08-25 12:24:00-04:00,4696.89990234375,4696.89990234375,4697.7998046875,4696.2998046875,4697.2001953125,233
2026-08-25 12:25:00-04:00,4698.39990234375,4698.39990234375,4698.7998046875,4695.89990234375,4697.10009765625,341
2026-08-25 12:26:00-04:00,4697.5,4697.5,4699.7001953125,4697.5,4698.5,184
2026-08-25 12:27:00-04:00,4699.10009765625,4699.10009765625,4699.5,4697.2001953125,4697.39990234375,133
2026-08-25 12:28:00-04:00,4698.7001953125,4698.7001953125,4699.7998046875,4698.2001953125,4699.10009765625,189
2026-08-25 12:29:00-04:00,4698.0,4698.0,4698.7998046875,4697.5,4698.60009765625,112
2026-08-25 12:30:00-04:00,4697.60009765625,4697.60009765625,4699.2998046875,4695.2001953125,4697.7998046875,441
2026-08-25 12:31:00-04:00,4697.89990234375,4697.89990234375,4698.2001953125,4696.60009765625,4698.0,71
2026-08-25 12:32:00-04:00,4699.0,4699.0,4699.39990234375,4698.10009765625,4698.2001953125,122
2026-08-25 12:33:00-04:00,4697.0,4697.0,4699.0,4697.0,4699.0,71
2026-08-25 12:34:00-04:00,4695.5,4695.5,4697.2998046875,4695.5,4696.89990234375,97
2026-08-25 12:35:00-04:00,4696.39990234375,4696.39990234375,4696.39990234375,4694.2998046875,4695.5,128
2026-08-25 12:36:00-04:00,4698.7998046875,4698.7998046875,4699.0,4696.7001953125,4696.7001953125,85
2026-08-25 12:37:00-04:00,4700.0,4700.0,4700.5,4698.7001953125,4698.89990234375,121
2026-08-25 12:38:00-04:00,4702.0,4702.0,4702.10009765625,4700.10009765625,4700.2998046875,119
2026-08-25 12:39:00-04:00,4701.60009765625,4701.60009765625,4702.60009765625,4701.39990234375,4702.10009765625,104
2026-08-25 12:40:00-04:00,4700.5,4700.5,4701.89990234375,4700.2998046875,4701.5,229
2026-08-25 12:41:00-04:00,4700.5,4700.5,4701.5,4700.0,4701.39990234375,77
2026-08-25 12:42:00-04:00,4701.7998046875,4701.7998046875,4702.10009765625,4700.60009765625,4700.60009765625,96
2026-08-25 12:43:00-04:00,4700.89990234375,4700.89990234375,4702.39990234375,4700.39990234375,4702.10009765625,177
2026-08-25 12:44:00-04:00,4701.2001953125,4701.2001953125,4702.2998046875,4700.60009765625,4701.0,107
2026-08-25 12:45:00-04:00,4699.2001953125,4699.2001953125,4701.5,4699.2001953125,4701.5,149
2026-08-25 12:46:00-04:00,4699.89990234375,4699.89990234375,4701.2998046875,4699.7998046875,4699.7998046875,120
2026-08-25 12:47:00-04:00,4700.2998046875,4700.2998046875,4700.7001953125,4699.89990234375,4700.2001953125,94
2026-08-25 12:48:00-04:00,4701.7998046875,4701.7998046875,4702.2001953125,4700.2001953125,4700.5,77
2026-08-25 12:49:00-04:00,4702.2998046875,4702.2998046875,4703.5,4701.2001953125,4701.89990234375,153
2026-08-25 12:50:00-04:00,4701.7001953125,4701.7001953125,4702.89990234375,4701.7001953125,4702.5,69
2026-08-25 12:51:00-04:00,4702.60009765625,4702.60009765625,4703.10009765625,4700.7001953125,4701.60009765625,158
2026-08-25 12:52:00-04:00,4703.0,4703.0,4703.60009765625,4702.5,4703.2001953125,94
2026-08-25 12:53:00-04:00,4703.2998046875,4703.2998046875,4703.7998046875,4702.7001953125,4703.0,54
2026-08-25 12:54:00-04:00,4701.10009765625,4701.10009765625,4703.2998046875,4701.10009765625,4703.2001953125,97
2026-08-25 12:55:00-04:00,4701.39990234375,4701.39990234375,4701.39990234375,4700.5,4701.2001953125,66
2026-08-25 12:56:00-04:00,4701.2998046875,4701.2998046875,4701.5,4700.7001953125,4701.39990234375,142
2026-08-25 12:57:00-04:00,4698.39990234375,4698.39990234375,4701.2001953125,4697.7998046875,4701.2001953125,71
2026-08-25 12:58:00-04:00,4698.7998046875,4698.7998046875,4699.10009765625,4697.7001953125,4698.39990234375,111
2026-08-25 12:59:00-04:00,4700.7998046875,4700.7998046875,4702.60009765625,4698.60009765625,4698.7998046875,169
2026-08-25 13:00:00-04:00,4698.2998046875,4698.2998046875,4700.60009765625,4698.10009765625,4700.60009765625,120
2026-08-25 13:01:00-04:00,4698.2998046875,4698.2998046875,4699.2001953125,4698.2001953125,4698.7998046875,52
2026-08-25 13:02:00-04:00,4696.89990234375,4696.89990234375,4699.10009765625,4696.60009765625,4698.2998046875,98
2026-08-25 13:03:00-04:00,4697.10009765625,4697.10009765625,4697.10009765625,4695.7998046875,4696.60009765625,100
2026-08-25 13:04:00-04:00,4697.7001953125,4697.7001953125,4698.2998046875,4696.10009765625,4696.7001953125,78
2026-08-25 13:05:00-04:00,4696.2998046875,4696.2998046875,4697.7998046875,4696.0,4697.7998046875,105
2026-08-25 13:06:00-04:00,4696.2998046875,4696.2998046875,4696.89990234375,4696.2998046875,4696.60009765625,38
2026-08-25 13:07:00-04:00,4695.2998046875,4695.2998046875,4696.5,4695.0,4696.2998046875,189
2026-08-25 13:08:00-04:00,4693.2998046875,4693.2998046875,4695.89990234375,4692.0,4695.60009765625,491
2026-08-25 13:09:00-04:00,4693.10009765625,4693.10009765625,4693.39990234375,4692.60009765625,4693.39990234375,108
2026-08-25 13:10:00-04:00,4693.10009765625,4693.10009765625,4694.2998046875,4692.7001953125,4693.39990234375,125
2026-08-25 13:11:00-04:00,4693.5,4693.5,4693.5,4691.2998046875,4693.39990234375,114
2026-08-25 13:12:00-04:00,4695.0,4695.0,4695.2001953125,4693.10009765625,4693.2001953125,84
2026-08-25 13:13:00-04:00,4695.10009765625,4695.10009765625,4695.60009765625,4694.89990234375,4695.0,71
2026-08-25 13:14:00-04:00,4694.7998046875,4694.7998046875,4697.2001953125,4694.10009765625,4695.2998046875,330
2026-08-25 13:15:00-04:00,4693.2998046875,4693.2998046875,4695.5,4691.7998046875,4695.2998046875,152
2026-08-25 13:16:00-04:00,4695.89990234375,4695.89990234375,4695.89990234375,4693.5,4693.60009765625,124
2026-08-25 13:17:00-04:00,4697.60009765625,4697.60009765625,4698.0,4695.7998046875,4695.7998046875,128
2026-08-25 13:18:00-04:00,4698.2001953125,4698.2001953125,4698.7998046875,4697.60009765625,4697.7998046875,81
2026-08-25 13:19:00-04:00,4700.10009765625,4700.10009765625,4700.39990234375,4698.0,4698.0,201
2026-08-25 13:20:00-04:00,4701.5,4701.5,4702.39990234375,4699.89990234375,4699.89990234375,153
2026-08-25 13:21:00-04:00,4699.7998046875,4699.7998046875,4701.7001953125,4699.60009765625,4701.60009765625,92
2026-08-25 13:22:00-04:00,4699.2998046875,4699.2998046875,4700.2001953125,4698.5,4700.2001953125,119
2026-08-25 13:23:00-04:00,4696.60009765625,4696.60009765625,4699.39990234375,4696.39990234375,4699.39990234375,116
2026-08-25 13:24:00-04:00,4696.5,4696.5,4697.2998046875,4695.2998046875,4696.5,140
2026-08-25 13:25:00-04:00,4696.10009765625,4696.10009765625,4697.2998046875,4695.7998046875,4696.39990234375,114
2026-08-25 13:26:00-04:00,4697.89990234375,4697.89990234375,4698.0,4695.60009765625,4696.2001953125,150
2026-08-25 13:27:00-04:00,4697.0,4697.0,4698.39990234375,4695.7998046875,4697.60009765625,111
2026-08-25 13:28:00-04:00,4693.60009765625,4693.60009765625,4697.2001953125,4693.2001953125,4697.2001953125,288
2026-08-25 13:29:00-04:00,4694.2001953125,4694.2001953125,4696.2001953125,4693.5,4693.5,983
2026-08-25 13:30:00-04:00,4696.0,4696.0,4696.0,4693.5,4694.2001953125,232
2026-08-25 13:31:00-04:00,4696.60009765625,4696.60009765625,4696.7001953125,4695.60009765625,4696.10009765625,124
2026-08-25 13:32:00-04:00,4696.2001953125,4696.2001953125,4696.7001953125,4695.60009765625,4696.60009765625,97
2026-08-25 13:33:00-04:00,4696.10009765625,4696.10009765625,4696.89990234375,4695.2001953125,4696.39990234375,134
2026-08-25 13:34:00-04:00,4695.7001953125,4695.7001953125,4696.0,4695.2998046875,4696.0,27
2026-08-25 13:35:00-04:00,4699.2998046875,4699.2998046875,4699.60009765625,4695.2998046875,4695.5,130
2026-08-25 13:36:00-04:00,4699.89990234375,4699.89990234375,4700.2998046875,4698.7001953125,4699.10009765625,67
2026-08-25 13:37:00-04:00,4699.2998046875,4699.2998046875,4700.0,4699.2998046875,4699.7001953125,32
2026-08-25 13:38:00-04:00,4699.7001953125,4699.7001953125,4700.10009765625,4699.10009765625,4699.10009765625,80
2026-08-25 13:39:00-04:00,4700.0,4700.0,4700.39990234375,4699.2001953125,4700.0,44
2026-08-25 13:40:00-04:00,4698.7001953125,4698.7001953125,4700.39990234375,4698.2998046875,4700.10009765625,93
2026-08-25 13:41:00-04:00,4700.7001953125,4700.7001953125,4700.7001953125,4698.7998046875,4698.7998046875,91
2026-08-25 13:42:00-04:00,4699.39990234375,4699.39990234375,4701.7001953125,4699.39990234375,4701.0,102
2026-08-25 13:43:00-04:00,4700.7001953125,4700.7001953125,4701.0,4699.5,4699.5,29
2026-08-25 13:44:00-04:00,4700.2001953125,4700.2001953125,4700.7998046875,4700.0,4700.7998046875,44
2026-08-25 13:45:00-04:00,4700.7998046875,4700.7998046875,4700.7998046875,4699.89990234375,4700.2001953125,42
2026-08-25 13:46:00-04:00,4701.5,4701.5,4701.7998046875,4700.39990234375,4700.7998046875,44
2026-08-25 13:47:00-04:00,4702.89990234375,4702.89990234375,4704.0,4701.60009765625,4701.60009765625,118
2026-08-25 13:48:00-04:00,4702.2001953125,4702.2001953125,4703.0,4702.2001953125,4702.89990234375,43
2026-08-25 13:49:00-04:00,4702.89990234375,4702.89990234375,4703.10009765625,4701.7001953125,4702.2001953125,20
2026-08-25 13:50:00-04:00,4700.10009765625,4700.10009765625,4703.2998046875,4700.10009765625,4703.2998046875,71
2026-08-25 13:51:00-04:00,4700.2001953125,4700.2001953125,4700.60009765625,4699.89990234375,4700.2998046875,44
2026-08-25 13:52:00-04:00,4700.39990234375,4700.39990234375,4701.0,4700.0,4700.5,44
2026-08-25 13:53:00-04:00,4700.89990234375,4700.89990234375,4700.89990234375,4700.10009765625,4700.5,23
2026-08-25 13:54:00-04:00,4702.2001953125,4702.2001953125,4702.7001953125,4700.89990234375,4700.89990234375,75
2026-08-25 13:55:00-04:00,4703.60009765625,4703.60009765625,4703.7001953125,4702.0,4702.0,47
2026-08-25 13:56:00-04:00,4703.7998046875,4703.7998046875,4704.0,4702.7998046875,4703.60009765625,78
2026-08-25 13:57:00-04:00,4704.10009765625,4704.10009765625,4704.2001953125,4702.89990234375,4703.7998046875,84
2026-08-25 13:58:00-04:00,4705.2998046875,4705.2998046875,4705.2998046875,4703.60009765625,4704.2998046875,200
2026-08-25 13:59:00-04:00,4705.7998046875,4705.7998046875,4705.7998046875,4704.7001953125,4705.39990234375,152
2026-08-25 14:00:00-04:00,4703.89990234375,4703.89990234375,4705.7998046875,4703.7998046875,4705.7998046875,201
2026-08-25 14:01:00-04:00,4702.89990234375,4702.89990234375,4704.2001953125,4702.5,4704.10009765625,91
2026-08-25 14:02:00-04:00,4702.7998046875,4702.7998046875,4703.2998046875,4702.5,4702.7998046875,25
2026-08-25 14:03:00-04:00,4702.60009765625,4702.60009765625,4702.89990234375,4702.10009765625,4702.7998046875,77
2026-08-25 14:04:00-04:00,4702.0,4702.0,4703.2998046875,4702.0,4702.60009765625,85
2026-08-25 14:05:00-04:00,4702.2001953125,4702.2001953125,4702.60009765625,4701.7001953125,4702.0,50
2026-08-25 14:06:00-04:00,4703.39990234375,4703.39990234375,4704.2998046875,4702.2001953125,4702.2001953125,60
2026-08-25 14:07:00-04:00,4704.2001953125,4704.2001953125,4704.5,4703.60009765625,4703.7001953125,46
2026-08-25 14:08:00-04:00,4704.10009765625,4704.10009765625,4705.0,4703.89990234375,4704.2001953125,36
2026-08-25 14:09:00-04:00,4703.39990234375,4703.39990234375,4704.2001953125,4703.39990234375,4704.10009765625,22
2026-08-25 14:10:00-04:00,4703.7001953125,4703.7001953125,4704.0,4703.0,4703.2998046875,31
2026-08-25 14:11:00-04:00,4706.10009765625,4706.10009765625,4706.2001953125,4703.89990234375,4703.89990234375,111
2026-08-25 14:12:00-04:00,4706.0,4706.0,4707.39990234375,4705.7001953125,4706.10009765625,105
2026-08-25 14:13:00-04:00,4704.60009765625,4704.60009765625,4705.5,4704.2001953125,4705.5,52
2026-08-25 14:14:00-04:00,4704.5,4704.5,4705.10009765625,4704.5,4704.7998046875,10
2026-08-25 14:15:00-04:00,4704.5,4704.5,4704.5,4704.10009765625,4704.10009765625,29
2026-08-25 14:16:00-04:00,4704.5,4704.5,4704.89990234375,4704.10009765625,4704.2998046875,50
2026-08-25 14:17:00-04:00,4704.7001953125,4704.7001953125,4705.10009765625,4704.2998046875,4704.39990234375,33
2026-08-25 14:18:00-04:00,4703.2998046875,4703.2998046875,4704.60009765625,4703.2998046875,4704.60009765625,223
2026-08-25 14:19:00-04:00,4705.89990234375,4705.89990234375,4706.10009765625,4703.2998046875,4703.2998046875,201
2026-08-25 14:20:00-04:00,4705.7001953125,4705.7001953125,4705.89990234375,4705.5,4705.89990234375,19
2026-08-25 14:21:00-04:00,4705.7001953125,4705.7001953125,4706.2998046875,4705.2998046875,4706.0,115
2026-08-25 14:22:00-04:00,4706.39990234375,4706.39990234375,4706.5,4705.7998046875,4705.7998046875,45
2026-08-25 14:23:00-04:00,4705.89990234375,4705.89990234375,4706.2998046875,4705.7001953125,4706.2998046875,15
2026-08-25 14:24:00-04:00,4705.7001953125,4705.7001953125,4706.2001953125,4705.10009765625,4705.5,40
2026-08-25 14:25:00-04:00,4706.7001953125,4706.7001953125,4707.60009765625,4705.7001953125,4705.7998046875,49
2026-08-25 14:26:00-04:00,4706.89990234375,4706.89990234375,4707.0,4706.5,4707.0,11
2026-08-25 14:27:00-04:00,4705.89990234375,4705.89990234375,4706.7001953125,4705.89990234375,4706.7001953125,36
2026-08-25 14:28:00-04:00,4706.60009765625,4706.60009765625,4706.7998046875,4705.89990234375,4705.89990234375,27
2026-08-25 14:29:00-04:00,4706.7998046875,4706.7998046875,4707.10009765625,4706.60009765625,4706.7998046875,59
2026-08-25 14:30:00-04:00,4706.10009765625,4706.10009765625,4707.0,4705.7001953125,4707.0,52
2026-08-25 14:31:00-04:00,4704.5,4704.5,4705.89990234375,4704.10009765625,4705.89990234375,88
2026-08-25 14:32:00-04:00,4704.5,4704.5,4704.7001953125,4704.2998046875,4704.7001953125,16
2026-08-25 14:33:00-04:00,4703.7001953125,4703.7001953125,4704.2001953125,4703.39990234375,4704.10009765625,21
2026-08-25 14:34:00-04:00,4704.39990234375,4704.39990234375,4704.5,4703.60009765625,4703.60009765625,35
2026-08-25 14:35:00-04:00,4705.0,4705.0,4705.0,4704.2001953125,4704.60009765625,26
2026-08-25 14:36:00-04:00,4704.0,4704.0,4705.0,4703.89990234375,4704.7998046875,37
2026-08-25 14:37:00-04:00,4704.39990234375,4704.39990234375,4704.7998046875,4702.7001953125,4703.7998046875,48
2026-08-25 14:38:00-04:00,4704.7001953125,4704.7001953125,4705.7001953125,4704.5,4704.7998046875,72
2026-08-25 14:39:00-04:00,4705.10009765625,4705.10009765625,4705.2001953125,4704.0,4704.60009765625,51
2026-08-25 14:40:00-04:00,4705.2001953125,4705.2001953125,4705.7998046875,4704.7998046875,4705.2001953125,136
2026-08-25 14:41:00-04:00,4705.7001953125,4705.7001953125,4706.0,4705.10009765625,4705.10009765625,19
2026-08-25 14:42:00-04:00,4706.39990234375,4706.39990234375,4706.7001953125,4706.0,4706.0,26
2026-08-25 14:43:00-04:00,4706.7998046875,4706.7998046875,4707.2998046875,4706.10009765625,4706.2998046875,41
2026-08-25 14:44:00-04:00,4706.0,4706.0,4707.0,4705.60009765625,4706.89990234375,61
2026-08-25 14:45:00-04:00,4706.2998046875,4706.2998046875,4706.60009765625,4706.0,4706.0,21
2026-08-25 14:46:00-04:00,4708.39990234375,4708.39990234375,4709.0,4706.7998046875,4706.7998046875,207
2026-08-25 14:47:00-04:00,4708.2998046875,4708.2998046875,4708.7001953125,4707.89990234375,4708.2001953125,36
2026-08-25 14:48:00-04:00,4707.60009765625,4707.60009765625,4708.2001953125,4707.60009765625,4708.2001953125,54
2026-08-25 14:49:00-04:00,4707.89990234375,4707.89990234375,4707.89990234375,4707.39990234375,4707.89990234375,23
2026-08-25 14:50:00-04:00,4707.5,4707.5,4708.10009765625,4707.2998046875,4708.10009765625,19
2026-08-25 14:51:00-04:00,4707.39990234375,4707.39990234375,4707.5,4706.5,4707.39990234375,28
2026-08-25 14:52:00-04:00,4707.5,4707.5,4707.60009765625,4706.89990234375,4707.2001953125,20
2026-08-25 14:53:00-04:00,4707.0,4707.0,4707.60009765625,4706.89990234375,4707.60009765625,13
2026-08-25 14:54:00-04:00,4707.7001953125,4707.7001953125,4708.0,4706.89990234375,4706.89990234375,16
2026-08-25 14:55:00-04:00,4708.0,4708.0,4708.0,4707.7001953125,4707.7001953125,18
2026-08-25 14:56:00-04:00,4708.89990234375,4708.89990234375,4708.89990234375,4707.89990234375,4708.10009765625,31
2026-08-25 14:57:00-04:00,4710.5,4710.5,4710.7998046875,4708.5,4708.89990234375,200
2026-08-25 14:58:00-04:00,4711.5,4711.5,4711.5,4709.2001953125,4710.5,241
2026-08-25 14:59:00-04:00,4711.39990234375,4711.39990234375,4711.7998046875,4711.10009765625,4711.5,93
2026-08-25 15:00:00-04:00,4713.7998046875,4713.7998046875,4714.7998046875,4710.7998046875,4711.39990234375,458
2026-08-25 15:01:00-04:00,4713.2001953125,4713.2001953125,4714.5,4712.89990234375,4713.89990234375,62
2026-08-25 15:02:00-04:00,4712.2998046875,4712.2998046875,4714.10009765625,4712.2998046875,4713.2998046875,106
2026-08-25 15:03:00-04:00,4712.10009765625,4712.10009765625,4712.39990234375,4711.2001953125,4712.10009765625,38
2026-08-25 15:04:00-04:00,4711.10009765625,4711.10009765625,4712.2001953125,4710.39990234375,4712.10009765625,46
2026-08-25 15:05:00-04:00,4714.2001953125,4714.2001953125,4714.7001953125,4710.7001953125,4710.7998046875,125
2026-08-25 15:06:00-04:00,4713.5,4713.5,4715.0,4712.60009765625,4714.39990234375,119
2026-08-25 15:07:00-04:00,4716.5,4716.5,4717.2001953125,4713.2998046875,4713.2998046875,183
2026-08-25 15:08:00-04:00,4716.2998046875,4716.2998046875,4717.0,4716.0,4716.39990234375,96
2026-08-25 15:09:00-04:00,4716.2001953125,4716.2001953125,4717.2001953125,4716.2001953125,4716.5,86
2026-08-25 15:10:00-04:00,4719.10009765625,4719.10009765625,4719.5,4715.89990234375,4716.10009765625,272
2026-08-25 15:11:00-04:00,4718.7001953125,4718.7001953125,4720.0,4718.60009765625,4719.2001953125,107
2026-08-25 15:12:00-04:00,4717.2001953125,4717.2001953125,4719.2001953125,4716.7998046875,4718.7998046875,314
2026-08-25 15:13:00-04:00,4717.5,4717.5,4718.5,4716.7998046875,4717.2998046875,98
2026-08-25 15:14:00-04:00,4719.2001953125,4719.2001953125,4720.0,4717.60009765625,4717.60009765625,88
2026-08-25 15:15:00-04:00,4720.10009765625,4720.10009765625,4721.0,4718.7998046875,4719.2998046875,149
2026-08-25 15:16:00-04:00,4722.2001953125,4722.2001953125,4722.5,4720.39990234375,4720.39990234375,183
2026-08-25 15:17:00-04:00,4723.5,4723.5,4724.7001953125,4722.0,4722.0,160
2026-08-25 15:18:00-04:00,4722.60009765625,4722.60009765625,4723.60009765625,4722.2998046875,4723.60009765625,67
2026-08-25 15:19:00-04:00,4723.89990234375,4723.89990234375,4725.60009765625,4722.10009765625,4722.7001953125,277
2026-08-25 15:20:00-04:00,4722.60009765625,4722.60009765625,4724.2001953125,4722.60009765625,4723.89990234375,72
2026-08-25 15:21:00-04:00,4723.2001953125,4723.2001953125,4723.5,4722.2998046875,4722.39990234375,67
2026-08-25 15:22:00-04:00,4721.7998046875,4721.7998046875,4722.89990234375,4721.7001953125,4722.89990234375,35
2026-08-25 15:23:00-04:00,4720.2998046875,4720.2998046875,4722.39990234375,4720.2998046875,4722.0,152
2026-08-25 15:24:00-04:00,4721.5,4721.5,4721.7001953125,4720.2001953125,4720.5,59
2026-08-25 15:25:00-04:00,4719.39990234375,4719.39990234375,4721.5,4719.39990234375,4721.2998046875,90
2026-08-25 15:26:00-04:00,4718.0,4718.0,4719.5,4717.10009765625,4719.5,136
2026-08-25 15:27:00-04:00,4717.89990234375,4717.89990234375,4718.0,4717.10009765625,4717.89990234375,85
2026-08-25 15:28:00-04:00,4717.39990234375,4717.39990234375,4718.10009765625,4717.39990234375,4717.7998046875,34
2026-08-25 15:29:00-04:00,4717.89990234375,4717.89990234375,4718.2001953125,4717.0,4717.5,78
2026-08-25 15:30:00-04:00,4717.39990234375,4717.39990234375,4718.2998046875,4717.0,4718.0,93
2026-08-25 15:31:00-04:00,4717.60009765625,4717.60009765625,4718.5,4716.5,4717.2998046875,103
2026-08-25 15:32:00-04:00,4718.39990234375,4718.39990234375,4718.39990234375,4717.2998046875,4717.5,43
2026-08-25 15:33:00-04:00,4716.0,4716.0,4718.7001953125,4715.89990234375,4718.10009765625,67
2026-08-25 15:34:00-04:00,4715.7998046875,4715.7998046875,4716.2001953125,4715.5,4715.7001953125,49
2026-08-25 15:35:00-04:00,4716.0,4716.0,4717.10009765625,4715.2998046875,4716.2001953125,126
2026-08-25 15:36:00-04:00,4716.0,4716.0,4716.10009765625,4715.10009765625,4715.7998046875,81
2026-08-25 15:37:00-04:00,4715.7001953125,4715.7001953125,4716.10009765625,4714.7001953125,4715.89990234375,64
2026-08-25 15:38:00-04:00,4715.89990234375,4715.89990234375,4716.2998046875,4715.2998046875,4715.39990234375,58
2026-08-25 15:39:00-04:00,4716.10009765625,4716.10009765625,4716.7998046875,4715.89990234375,4716.10009765625,40
2026-08-25 15:40:00-04:00,4716.39990234375,4716.39990234375,4717.5,4716.2001953125,4716.5,66
2026-08-25 15:41:00-04:00,4717.0,4717.0,4717.2998046875,4716.2998046875,4716.2998046875,21
2026-08-25 15:42:00-04:00,4717.89990234375,4717.89990234375,4717.89990234375,4716.60009765625,4717.39990234375,40
2026-08-25 15:43:00-04:00,4720.60009765625,4720.60009765625,4721.89990234375,4717.60009765625,4717.60009765625,496
2026-08-25 15:44:00-04:00,4719.0,4719.0,4720.7998046875,4718.7001953125,4720.60009765625,75
2026-08-25 15:45:00-04:00,4718.5,4718.5,4718.89990234375,4718.10009765625,4718.7998046875,49
2026-08-25 15:46:00-04:00,4717.2998046875,4717.2998046875,4718.2998046875,4717.10009765625,4718.2998046875,69
2026-08-25 15:47:00-04:00,4717.89990234375,4717.89990234375,4718.2998046875,4717.2998046875,4717.60009765625,37
2026-08-25 15:48:00-04:00,4718.5,4718.5,4719.10009765625,4717.7998046875,4717.89990234375,87
2026-08-25 15:49:00-04:00,4721.10009765625,4721.10009765625,4721.39990234375,4718.39990234375,4718.39990234375,135
2026-08-25 15:50:00-04:00,4720.89990234375,4720.89990234375,4721.60009765625,4718.89990234375,4721.0,137
2026-08-25 15:51:00-04:00,4719.7998046875,4719.7998046875,4721.7998046875,4719.7998046875,4720.89990234375,61
2026-08-25 15:52:00-04:00,4723.0,4723.0,4723.39990234375,4718.89990234375,4719.60009765625,160
2026-08-25 15:53:00-04:00,4722.89990234375,4722.89990234375,4724.2001953125,4722.0,4722.60009765625,138
2026-08-25 15:54:00-04:00,4722.10009765625,4722.10009765625,4723.2998046875,4721.7001953125,4723.2001953125,95
2026-08-25 15:55:00-04:00,4718.0,4718.0,4722.10009765625,4717.7998046875,4722.0,286
2026-08-25 15:56:00-04:00,4720.10009765625,4720.10009765625,4721.0,4718.0,4718.2001953125,116
2026-08-25 15:57:00-04:00,4722.60009765625,4722.60009765625,4722.60009765625,4719.89990234375,4720.2001953125,146
2026-08-25 15:58:00-04:00,4723.2998046875,4723.2998046875,4724.0,4721.5,4722.7001953125,225
2026-08-25 15:59:00-04:00,4723.39990234375,4723.39990234375,4724.2998046875,4722.89990234375,4723.39990234375,283
2026-08-25 16:00:00-04:00,4723.0,4723.0,4724.39990234375,4723.0,4723.2998046875,339
2026-08-25 16:01:00-04:00,4722.60009765625,4722.60009765625,4723.5,4722.39990234375,4723.2998046875,34
2026-08-25 16:02:00-04:00,4722.2998046875,4722.2998046875,4723.0,4721.2001953125,4722.5,72
2026-08-25 16:03:00-04:00,4722.7998046875,4722.7998046875,4723.10009765625,4722.0,4722.2001953125,49
2026-08-25 16:04:00-04:00,4721.7998046875,4721.7998046875,4722.7998046875,4721.7998046875,4722.2998046875,29
2026-08-25 16:05:00-04:00,4722.60009765625,4722.60009765625,4723.5,4722.2998046875,4722.2998046875,53
2026-08-25 16:06:00-04:00,4720.5,4720.5,4722.60009765625,4719.89990234375,4722.2998046875,98
2026-08-25 16:07:00-04:00,4721.0,4721.0,4721.0,4719.7001953125,4720.2998046875,44
2026-08-25 16:08:00-04:00,4723.39990234375,4723.39990234375,4723.39990234375,4720.39990234375,4720.7001953125,71
2026-08-25 16:09:00-04:00,4725.5,4725.5,4725.5,4722.7001953125,4723.2998046875,64
2026-08-25 16:10:00-04:00,4725.7001953125,4725.7001953125,4726.0,4724.60009765625,4725.39990234375,98
2026-08-25 16:11:00-04:00,4724.7998046875,4724.7998046875,4725.7001953125,4723.7001953125,4725.7001953125,134
2026-08-25 16:12:00-04:00,4723.5,4723.5,4725.2998046875,4723.2001953125,4724.89990234375,97
2026-08-25 16:13:00-04:00,4724.39990234375,4724.39990234375,4724.60009765625,4723.39990234375,4723.5,67
2026-08-25 16:14:00-04:00,4722.7001953125,4722.7001953125,4724.5,4722.7001953125,4724.5,52
2026-08-25 16:15:00-04:00,4723.0,4723.0,4723.39990234375,4722.2998046875,4722.89990234375,15
2026-08-25 16:16:00-04:00,4723.10009765625,4723.10009765625,4723.7001953125,4722.89990234375,4723.2001953125,54
2026-08-25 16:17:00-04:00,4722.7001953125,4722.7001953125,4723.2998046875,4722.5,4723.0,19
2026-08-25 16:18:00-04:00,4723.10009765625,4723.10009765625,4723.39990234375,4722.60009765625,4722.7998046875,14
2026-08-25 16:19:00-04:00,4723.10009765625,4723.10009765625,4723.5,4722.7001953125,4723.0,35
2026-08-25 16:20:00-04:00,4723.89990234375,4723.89990234375,4724.0,4722.89990234375,4723.10009765625,22
2026-08-25 16:21:00-04:00,4724.0,4724.0,4724.10009765625,4723.7001953125,4723.7001953125,27
2026-08-25 16:22:00-04:00,4724.2001953125,4724.2001953125,4724.89990234375,4723.89990234375,4724.0,51
2026-08-25 16:23:00-04:00,4724.2001953125,4724.2001953125,4724.2998046875,4724.0,4724.2998046875,4
2026-08-25 16:24:00-04:00,4723.2998046875,4723.2998046875,4724.7001953125,4723.2998046875,4724.10009765625,125
2026-08-25 16:25:00-04:00,4721.0,4721.0,4723.2998046875,4721.0,4723.2998046875,55
2026-08-25 16:26:00-04:00,4720.2001953125,4720.2001953125,4721.7998046875,4719.89990234375,4721.10009765625,55
2026-08-25 16:27:00-04:00,4720.0,4720.0,4720.7998046875,4719.7998046875,4720.2998046875,36
2026-08-25 16:28:00-04:00,4719.2998046875,4719.2998046875,4720.2998046875,4719.0,4720.2998046875,53
2026-08-25 16:29:00-04:00,4719.5,4719.5,4720.0,4719.2001953125,4719.5,13
2026-08-25 16:30:00-04:00,4718.7998046875,4718.7998046875,4720.2001953125,4718.7998046875,4719.7001953125,22
2026-08-25 16:31:00-04:00,4720.2001953125,4720.2001953125,4720.2001953125,4718.39990234375,4718.5,82
2026-08-25 16:32:00-04:00,4720.39990234375,4720.39990234375,4721.2001953125,4720.0,4720.2998046875,103
2026-08-25 16:33:00-04:00,4719.39990234375,4719.39990234375,4720.7001953125,4719.39990234375,4720.5,16
2026-08-25 16:34:00-04:00,4718.7998046875,4718.7998046875,4719.7001953125,4718.7001953125,4719.60009765625,28
2026-08-25 16:35:00-04:00,4719.2001953125,4719.2001953125,4719.89990234375,4718.60009765625,4718.89990234375,85
2026-08-25 16:36:00-04:00,4718.89990234375,4718.89990234375,4719.0,4718.2998046875,4718.7998046875,13
2026-08-25 16:37:00-04:00,4718.89990234375,4718.89990234375,4718.89990234375,4718.5,4718.7998046875,3
2026-08-25 16:38:00-04:00,4719.10009765625,4719.10009765625,4719.10009765625,4719.10009765625,4719.10009765625,1
2026-08-25 16:39:00-04:00,4718.60009765625,4718.60009765625,4718.7998046875,4718.39990234375,4718.7998046875,4
2026-08-25 16:40:00-04:00,4718.89990234375,4718.89990234375,4719.10009765625,4718.5,4718.60009765625,11
2026-08-25 16:41:00-04:00,4717.89990234375,4717.89990234375,4718.89990234375,4717.2998046875,4718.7998046875,66
2026-08-25 16:42:00-04:00,4718.10009765625,4718.10009765625,4718.5,4717.89990234375,4718.0,23
2026-08-25 16:43:00-04:00,4718.2001953125,4718.2001953125,4718.39990234375,4717.7001953125,4717.89990234375,7
2026-08-25 16:44:00-04:00,4718.39990234375,4718.39990234375,4718.7998046875,4718.39990234375,4718.39990234375,10
2026-08-25 16:45:00-04:00,4719.2001953125,4719.2001953125,4719.2001953125,4718.2001953125,4718.7998046875,43
2026-08-25 16:46:00-04:00,4719.0,4719.0,4719.39990234375,4718.0,4719.0,56
2026-08-25 16:47:00-04:00,4718.89990234375,4718.89990234375,4719.10009765625,4718.39990234375,4719.10009765625,25
2026-08-25 16:48:00-04:00,4718.89990234375,4718.89990234375,4718.89990234375,4718.0,4718.39990234375,15
2026-08-25 16:49:00-04:00,4718.2998046875,4718.2998046875,4718.7001953125,4717.7998046875,4718.0,25
2026-08-25 16:50:00-04:00,4717.5,4717.5,4718.7001953125,4717.5,4718.0,42
2026-08-25 16:51:00-04:00,4717.0,4717.0,4717.60009765625,4716.7001953125,4717.2001953125,35
2026-08-25 16:52:00-04:00,4717.0,4717.0,4717.2001953125,4716.7001953125,4717.2001953125,40
2026-08-25 16:53:00-04:00,4717.2001953125,4717.2001953125,4718.0,4717.0,4717.10009765625,45
2026-08-25 16:54:00-04:00,4716.7001953125,4716.7001953125,4717.10009765625,4716.5,4717.10009765625,31
2026-08-25 16:55:00-04:00,4715.2001953125,4715.2001953125,4717.2998046875,4715.2001953125,4716.60009765625,116
2026-08-25 16:56:00-04:00,4716.10009765625,4716.10009765625,4716.10009765625,4714.7001953125,4715.2001953125,44
2026-08-25 16:57:00-04:00,4715.89990234375,4715.89990234375,4716.2998046875,4715.7001953125,4716.2998046875,9
2026-08-25 16:58:00-04:00,4715.89990234375,4715.89990234375,4715.89990234375,4715.60009765625,4715.7001953125,23
2026-08-25 16:59:00-04:00,4715.89990234375,4715.89990234375,4716.5,4714.10009765625,4715.7001953125,62
2026-08-25 18:00:00-04:00,4718.0,4718.0,4718.0,4712.10009765625,4715.7001953125,0
2026-08-25 18:01:00-04:00,4718.0,4718.0,4718.0,4714.89990234375,4717.2001953125,41
2026-08-25 18:02:00-04:00,4716.7998046875,4716.7998046875,4717.89990234375,4716.5,4717.89990234375,7
2026-08-25 18:03:00-04:00,4716.60009765625,4716.60009765625,4718.2998046875,4716.60009765625,4718.0,8
2026-08-25 18:04:00-04:00,4718.60009765625,4718.60009765625,4718.60009765625,4716.89990234375,4717.60009765625,15
2026-08-25 18:05:00-04:00,4717.7001953125,4717.7001953125,4718.10009765625,4717.2998046875,4718.10009765625,12
2026-08-25 18:06:00-04:00,4718.10009765625,4718.10009765625,4718.10009765625,4717.2001953125,4718.0,18
2026-08-25 18:07:00-04:00,4717.7001953125,4717.7001953125,4717.89990234375,4717.2998046875,4717.7998046875,14
2026-08-25 18:08:00-04:00,4717.7001953125,4717.7001953125,4718.10009765625,4717.7001953125,4718.0,5
2026-08-25 18:09:00-04:00,4718.2998046875,4718.2998046875,4719.0,4717.5,4717.5,54
2026-08-25 18:10:00-04:00,4718.5,4718.5,4718.60009765625,4718.10009765625,4718.10009765625,3
2026-08-25 18:11:00-04:00,4718.5,4718.5,4718.7001953125,4718.39990234375,4718.7001953125,9
2026-08-25 18:12:00-04:00,4719.39990234375,4719.39990234375,4719.7001953125,4718.5,4719.0,28
2026-08-25 18:13:00-04:00,4720.10009765625,4720.10009765625,4720.10009765625,4719.2001953125,4719.2001953125,23
2026-08-25 18:14:00-04:00,4721.7001953125,4721.7001953125,4722.2998046875,4720.0,4720.10009765625,52
2026-08-25 18:15:00-04:00,4722.2001953125,4722.2001953125,4723.0,4721.60009765625,4721.60009765625,96
2026-08-25 18:16:00-04:00,4722.7998046875,4722.7998046875,4724.0,4722.5,4722.5,87
2026-08-25 18:17:00-04:00,4723.60009765625,4723.60009765625,4723.60009765625,4722.39990234375,4722.39990234375,14
2026-08-25 18:18:00-04:00,4723.39990234375,4723.39990234375,4723.60009765625,4723.0,4723.5,16
2026-08-25 18:19:00-04:00,4723.2001953125,4723.2001953125,4723.60009765625,4723.2001953125,4723.5,6
2026-08-25 18:20:00-04:00,4723.5,4723.5,4724.0,4723.5,4723.5,34
2026-08-25 18:21:00-04:00,4722.60009765625,4722.60009765625,4723.5,4722.60009765625,4723.5,75
2026-08-25 18:22:00-04:00,4723.7998046875,4723.7998046875,4723.7998046875,4722.10009765625,4722.2998046875,25
2026-08-25 18:23:00-04:00,4723.5,4723.5,4723.7998046875,4723.2001953125,4723.39990234375,17
2026-08-25 18:24:00-04:00,4723.89990234375,4723.89990234375,4723.89990234375,4723.60009765625,4723.7998046875,19
2026-08-25 18:25:00-04:00,4723.2998046875,4723.2998046875,4723.89990234375,4723.2001953125,4723.89990234375,14
2026-08-25 18:26:00-04:00,4723.2001953125,4723.2001953125,4723.2001953125,4722.7001953125,4723.2001953125,10
2026-08-25 18:27:00-04:00,4723.2998046875,4723.2998046875,4723.89990234375,4722.7998046875,4722.7998046875,28
2026-08-25 18:28:00-04:00,4723.60009765625,4723.60009765625,4723.89990234375,4723.39990234375,4723.60009765625,15
2026-08-25 18:29:00-04:00,4723.89990234375,4723.89990234375,4724.2998046875,4723.10009765625,4723.39990234375,37
2026-08-25 18:30:00-04:00,4724.89990234375,4724.89990234375,4725.2001953125,4723.7998046875,4723.7998046875,34
2026-08-25 18:31:00-04:00,4725.60009765625,4725.60009765625,4725.7998046875,4725.2001953125,4725.2998046875,24
2026-08-25 18:32:00-04:00,4724.10009765625,4724.10009765625,4725.7001953125,4724.0,4725.7001953125,48
2026-08-25 18:33:00-04:00,4725.5,4725.5,4725.7998046875,4724.5,4724.5,28
2026-08-25 18:34:00-04:00,4726.10009765625,4726.10009765625,4726.2998046875,4725.39990234375,4725.39990234375,30
2026-08-25 18:35:00-04:00,4724.60009765625,4724.60009765625,4727.60009765625,4724.0,4726.39990234375,104
2026-08-25 18:36:00-04:00,4726.7001953125,4726.7001953125,4727.5,4724.60009765625,4724.89990234375,63
2026-08-25 18:37:00-04:00,4726.89990234375,4726.89990234375,4727.2998046875,4726.7998046875,4726.7998046875,32
2026-08-25 18:38:00-04:00,4727.60009765625,4727.60009765625,4727.60009765625,4726.39990234375,4726.89990234375,36
2026-08-25 18:39:00-04:00,4727.39990234375,4727.39990234375,4727.7998046875,4727.10009765625,4727.5,35
2026-08-25 18:40:00-04:00,4727.0,4727.0,4727.39990234375,4726.39990234375,4727.2998046875,11
2026-08-25 18:41:00-04:00,4726.7001953125,4726.7001953125,4727.39990234375,4726.60009765625,4727.0,12
2026-08-25 18:42:00-04:00,4726.5,4726.5,4726.5,4726.5,4726.5,2
2026-08-25 18:43:00-04:00,4726.60009765625,4726.60009765625,4727.10009765625,4725.7001953125,4726.2998046875,26
2026-08-25 18:44:00-04:00,4727.2001953125,4727.2001953125,4727.39990234375,4726.60009765625,4726.7998046875,12
2026-08-25 18:45:00-04:00,4728.10009765625,4728.10009765625,4728.10009765625,4727.2001953125,4727.2001953125,25
2026-08-25 18:46:00-04:00,4728.2998046875,4728.2998046875,4728.89990234375,4728.0,4728.10009765625,34
2026-08-25 18:47:00-04:00,4728.39990234375,4728.39990234375,4728.5,4727.7998046875,4728.10009765625,33
2026-08-25 18:48:00-04:00,4728.60009765625,4728.60009765625,4729.5,4728.60009765625,4728.7001953125,35
2026-08-25 18:49:00-04:00,4729.10009765625,4729.10009765625,4729.89990234375,4728.7001953125,4729.0,51
2026-08-25 18:50:00-04:00,4730.2998046875,4730.2998046875,4730.2998046875,4729.10009765625,4729.10009765625,32
2026-08-25 18:51:00-04:00,4730.7998046875,4730.7998046875,4730.7998046875,4729.7998046875,4730.2001953125,41
2026-08-25 18:52:00-04:00,4730.7001953125,4730.7001953125,4730.7001953125,4729.89990234375,4730.39990234375,43
2026-08-25 18:53:00-04:00,4729.5,4729.5,4730.89990234375,4729.39990234375,4730.7998046875,36
2026-08-25 18:54:00-04:00,4729.7001953125,4729.7001953125,4730.10009765625,4729.5,4729.60009765625,66
2026-08-25 18:55:00-04:00,4730.2998046875,4730.2998046875,4730.39990234375,4730.0,4730.0,40
2026-08-25 18:56:00-04:00,4730.0,4730.0,4730.10009765625,4729.5,4729.89990234375,19
2026-08-25 18:57:00-04:00,4730.39990234375,4730.39990234375,4730.39990234375,4730.10009765625,4730.2001953125,7
2026-08-25 18:58:00-04:00,4730.2001953125,4730.2001953125,4730.60009765625,4729.7998046875,4730.5,18
2026-08-25 18:59:00-04:00,4729.7001953125,4729.7001953125,4730.39990234375,4729.7001953125,4730.39990234375,46
2026-08-25 19:00:00-04:00,4730.10009765625,4730.10009765625,4730.60009765625,4729.7001953125,4729.7001953125,17
2026-08-25 19:01:00-04:00,4728.10009765625,4728.10009765625,4730.39990234375,4728.10009765625,4730.10009765625,65
2026-08-25 19:02:00-04:00,4727.60009765625,4727.60009765625,4728.5,4727.60009765625,4728.10009765625,37
2026-08-25 19:03:00-04:00,4727.5,4727.5,4728.2001953125,4727.39990234375,4727.60009765625,41
2026-08-25 19:04:00-04:00,4729.5,4729.5,4729.5,4728.2001953125,4728.2001953125,40
2026-08-25 19:05:00-04:00,4728.60009765625,4728.60009765625,4729.5,4728.2001953125,4729.2001953125,42
2026-08-25 19:06:00-04:00,4727.89990234375,4727.89990234375,4729.2998046875,4727.89990234375,4729.10009765625,14
2026-08-25 19:07:00-04:00,4728.2001953125,4728.2001953125,4728.2998046875,4727.39990234375,4728.10009765625,28
2026-08-25 19:08:00-04:00,4727.60009765625,4727.60009765625,4728.2001953125,4727.2998046875,4728.2001953125,24
2026-08-25 19:09:00-04:00,4726.2001953125,4726.2001953125,4727.2001953125,4726.2001953125,4727.2001953125,37
2026-08-25 19:10:00-04:00,4725.10009765625,4725.10009765625,4726.89990234375,4725.0,4726.39990234375,56
2026-08-25 19:11:00-04:00,4724.39990234375,4724.39990234375,4725.2998046875,4724.39990234375,4725.2998046875,23
2026-08-25 19:12:00-04:00,4725.0,4725.0,4725.5,4724.0,4724.2998046875,49
2026-08-25 19:13:00-04:00,4724.89990234375,4724.89990234375,4725.5,4724.89990234375,4725.2998046875,19
2026-08-25 19:14:00-04:00,4725.10009765625,4725.10009765625,4725.10009765625,4724.7001953125,4724.89990234375,10
2026-08-25 19:15:00-04:00,4723.7998046875,4723.7998046875,4725.0,4723.7998046875,4725.0,31
2026-08-25 19:16:00-04:00,4723.89990234375,4723.89990234375,4724.0,4723.39990234375,4723.7001953125,22
2026-08-25 19:17:00-04:00,4724.10009765625,4724.10009765625,4725.10009765625,4724.10009765625,4724.2998046875,39
2026-08-25 19:18:00-04:00,4724.60009765625,4724.60009765625,4724.7001953125,4724.60009765625,4724.7001953125,2
2026-08-25 19:19:00-04:00,4724.39990234375,4724.39990234375,4725.10009765625,4724.39990234375,4724.60009765625,15
2026-08-25 19:20:00-04:00,4723.5,4723.5,4724.5,4723.39990234375,4724.10009765625,25
2026-08-25 19:21:00-04:00,4721.7998046875,4721.7998046875,4723.39990234375,4721.60009765625,4723.2998046875,77
2026-08-25 19:22:00-04:00,4721.0,4721.0,4722.2001953125,4720.60009765625,4722.10009765625,52
2026-08-25 19:23:00-04:00,4720.5,4720.5,4721.0,4719.2001953125,4721.0,129
2026-08-25 19:24:00-04:00,4719.10009765625,4719.10009765625,4720.5,4718.89990234375,4720.5,31
2026-08-25 19:25:00-04:00,4718.10009765625,4718.10009765625,4719.2001953125,4717.60009765625,4718.89990234375,110
2026-08-25 19:26:00-04:00,4718.10009765625,4718.10009765625,4718.2998046875,4717.60009765625,4718.2001953125,42
2026-08-25 19:27:00-04:00,4718.2001953125,4718.2001953125,4718.5,4717.5,4718.0,70
2026-08-25 19:28:00-04:00,4718.10009765625,4718.10009765625,4718.2998046875,4717.7998046875,4718.2998046875,18
2026-08-25 19:29:00-04:00,4718.2998046875,4718.2998046875,4718.89990234375,4717.89990234375,4718.0,28
2026-08-25 19:30:00-04:00,4717.10009765625,4717.10009765625,4718.7998046875,4716.89990234375,4718.5,51
2026-08-25 19:31:00-04:00,4717.10009765625,4717.10009765625,4717.10009765625,4715.89990234375,4716.89990234375,60
2026-08-25 19:32:00-04:00,4718.5,4718.5,4718.5,4716.89990234375,4717.0,31
2026-08-25 19:33:00-04:00,4717.89990234375,4717.89990234375,4718.5,4717.89990234375,4718.2001953125,11
2026-08-25 19:34:00-04:00,4717.5,4717.5,4717.89990234375,4717.5,4717.89990234375,4
2026-08-25 19:35:00-04:00,4717.2998046875,4717.2998046875,4718.10009765625,4716.7001953125,4717.39990234375,20
2026-08-25 19:36:00-04:00,4717.7998046875,4717.7998046875,4717.7998046875,4716.89990234375,4717.2998046875,11
2026-08-25 19:37:00-04:00,4717.7001953125,4717.7001953125,4717.7998046875,4717.10009765625,4717.7998046875,21
2026-08-25 19:38:00-04:00,4717.2998046875,4717.2998046875,4717.89990234375,4717.2998046875,4717.7001953125,29
2026-08-25 19:39:00-04:00,4716.5,4716.5,4717.2001953125,4716.5,4717.2001953125,24
2026-08-25 19:40:00-04:00,4716.0,4716.0,4717.2001953125,4715.7001953125,4716.5,79
2026-08-25 19:41:00-04:00,4714.2998046875,4714.2998046875,4716.2001953125,4714.10009765625,4716.0,93
2026-08-25 19:42:00-04:00,4713.7998046875,4713.7998046875,4714.89990234375,4713.39990234375,4714.39990234375,151
2026-08-25 19:43:00-04:00,4714.10009765625,4714.10009765625,4714.2998046875,4712.89990234375,4713.7998046875,65
2026-08-25 19:44:00-04:00,4713.5,4713.5,4714.2001953125,4712.7998046875,4714.10009765625,37
2026-08-25 19:45:00-04:00,4714.2998046875,4714.2998046875,4714.39990234375,4713.0,4713.10009765625,47
2026-08-25 19:46:00-04:00,4715.0,4715.0,4715.2998046875,4714.0,4714.39990234375,37
2026-08-25 19:47:00-04:00,4715.10009765625,4715.10009765625,4716.0,4714.89990234375,4715.10009765625,47
2026-08-25 19:48:00-04:00,4713.2998046875,4713.2998046875,4715.10009765625,4713.0,4715.0,73
2026-08-25 19:49:00-04:00,4712.89990234375,4712.89990234375,4713.7001953125,4712.5,4713.5,38
2026-08-25 19:50:00-04:00,4711.5,4711.5,4713.39990234375,4711.2001953125,4713.10009765625,60
2026-08-25 19:51:00-04:00,4713.0,4713.0,4713.0,4711.2001953125,4711.5,30
2026-08-25 19:52:00-04:00,4712.7001953125,4712.7001953125,4714.39990234375,4712.39990234375,4713.0,63
2026-08-25 19:53:00-04:00,4713.0,4713.0,4713.2998046875,4712.2001953125,4712.2998046875,48
2026-08-25 19:54:00-04:00,4711.7001953125,4711.7001953125,4713.0,4711.7001953125,4713.0,51
2026-08-25 19:55:00-04:00,4711.89990234375,4711.89990234375,4712.2001953125,4711.7001953125,4712.0,17
2026-08-25 19:56:00-04:00,4712.2001953125,4712.2001953125,4712.2001953125,4711.39990234375,4711.7001953125,32
2026-08-25 19:57:00-04:00,4711.60009765625,4711.60009765625,4712.60009765625,4711.60009765625,4712.2998046875,34
2026-08-25 19:58:00-04:00,4710.39990234375,4710.39990234375,4711.60009765625,4710.2998046875,4711.5,53
2026-08-25 19:59:00-04:00,4712.10009765625,4712.10009765625,4712.5,4710.89990234375,4710.89990234375,77
2026-08-25 20:00:00-04:00,4710.89990234375,4710.89990234375,4715.2001953125,4710.5,4711.89990234375,143
2026-08-25 20:01:00-04:00,4711.2998046875,4711.2998046875,4711.5,4709.5,4711.10009765625,108
2026-08-25 20:02:00-04:00,4712.60009765625,4712.60009765625,4713.60009765625,4710.2998046875,4711.60009765625,115
2026-08-25 20:03:00-04:00,4710.2998046875,4710.2998046875,4712.39990234375,4710.0,4712.39990234375,45
2026-08-25 20:04:00-04:00,4709.2998046875,4709.2998046875,4710.5,4708.89990234375,4710.10009765625,80
2026-08-25 20:05:00-04:00,4709.2001953125,4709.2001953125,4710.2001953125,4708.7998046875,4709.39990234375,86
2026-08-25 20:06:00-04:00,4709.0,4709.0,4711.39990234375,4709.0,4709.2001953125,56
2026-08-25 20:07:00-04:00,4709.89990234375,4709.89990234375,4710.2998046875,4708.7001953125,4709.2998046875,36
2026-08-25 20:08:00-04:00,4710.60009765625,4710.60009765625,4710.60009765625,4708.89990234375,4710.0,46
2026-08-25 20:09:00-04:00,4710.89990234375,4710.89990234375,4711.5,4709.7001953125,4710.89990234375,26
2026-08-25 20:10:00-04:00,4710.0,4710.0,4710.89990234375,4708.89990234375,4710.7998046875,44
2026-08-25 20:11:00-04:00,4710.39990234375,4710.39990234375,4711.7998046875,4709.39990234375,4709.60009765625,36
2026-08-25 20:12:00-04:00,4711.5,4711.5,4711.7001953125,4710.39990234375,4710.60009765625,45
2026-08-25 20:13:00-04:00,4710.7998046875,4710.7998046875,4711.2998046875,4709.7998046875,4711.2998046875,16
2026-08-25 20:14:00-04:00,4708.39990234375,4708.39990234375,4710.89990234375,4707.39990234375,4710.89990234375,123
2026-08-25 20:15:00-04:00,4711.39990234375,4711.39990234375,4711.39990234375,4707.60009765625,4708.2998046875,60
2026-08-25 20:16:00-04:00,4709.2001953125,4709.2001953125,4711.7001953125,4708.2998046875,4711.60009765625,46
2026-08-25 20:17:00-04:00,4710.7998046875,4710.7998046875,4710.89990234375,4708.89990234375,4708.89990234375,26
2026-08-25 20:18:00-04:00,4710.2998046875,4710.2998046875,4712.2998046875,4710.2998046875,4710.7001953125,62
2026-08-25 20:19:00-04:00,4708.39990234375,4708.39990234375,4711.0,4707.7998046875,4710.5,26
2026-08-25 20:20:00-04:00,4707.2001953125,4707.2001953125,4708.60009765625,4707.2001953125,4708.39990234375,48
2026-08-25 20:21:00-04:00,4705.0,4705.0,4708.0,4704.7001953125,4707.7001953125,152
2026-08-25 20:22:00-04:00,4703.5,4703.5,4705.2001953125,4703.0,4705.2001953125,97
2026-08-25 20:23:00-04:00,4702.89990234375,4702.89990234375,4703.7998046875,4702.10009765625,4703.5,74
2026-08-25 20:24:00-04:00,4702.89990234375,4702.89990234375,4703.2998046875,4702.10009765625,4702.89990234375,53
2026-08-25 20:25:00-04:00,4700.60009765625,4700.60009765625,4702.89990234375,4700.10009765625,4702.7001953125,132
2026-08-25 20:26:00-04:00,4702.0,4702.0,4702.2001953125,4700.5,4700.60009765625,68
2026-08-25 20:27:00-04:00,4703.2998046875,4703.2998046875,4703.2998046875,4701.2001953125,4701.60009765625,78
2026-08-25 20:28:00-04:00,4703.10009765625,4703.10009765625,4704.7998046875,4703.10009765625,4703.39990234375,71
2026-08-25 20:29:00-04:00,4703.7001953125,4703.7001953125,4704.60009765625,4703.10009765625,4703.39990234375,47
2026-08-25 20:30:00-04:00,4704.5,4704.5,4704.7001953125,4702.89990234375,4704.2001953125,50
2026-08-25 20:31:00-04:00,4704.2998046875,4704.2998046875,4705.7001953125,4704.0,4704.5,72
2026-08-25 20:32:00-04:00,4707.10009765625,4707.10009765625,4707.10009765625,4704.39990234375,4704.39990234375,120
2026-08-25 20:33:00-04:00,4702.89990234375,4702.89990234375,4707.2001953125,4702.7998046875,4707.2001953125,149
2026-08-25 20:34:00-04:00,4702.2001953125,4702.2001953125,4702.7998046875,4701.2001953125,4702.7998046875,87
2026-08-25 20:35:00-04:00,4700.39990234375,4700.39990234375,4702.5,4700.39990234375,4702.10009765625,43
2026-08-25 20:36:00-04:00,4699.2001953125,4699.2001953125,4702.0,4696.39990234375,4700.10009765625,454
2026-08-25 20:37:00-04:00,4699.10009765625,4699.10009765625,4699.89990234375,4698.10009765625,4699.7001953125,50
2026-08-25 20:38:00-04:00,4697.0,4697.0,4699.60009765625,4696.39990234375,4699.39990234375,133
2026-08-25 20:39:00-04:00,4696.89990234375,4696.89990234375,4697.2998046875,4695.7001953125,4697.2998046875,90
2026-08-25 20:40:00-04:00,4694.7998046875,4694.7998046875,4697.2001953125,4694.2001953125,4696.7001953125,131
2026-08-25 20:41:00-04:00,4694.2998046875,4694.2998046875,4695.7001953125,4694.0,4695.2001953125,116
2026-08-25 20:42:00-04:00,4694.7001953125,4694.7001953125,4696.2001953125,4694.0,4694.39990234375,82
2026-08-25 20:43:00-04:00,4694.60009765625,4694.60009765625,4694.7001953125,4693.10009765625,4694.7001953125,69
2026-08-25 20:44:00-04:00,4694.10009765625,4694.10009765625,4694.39990234375,4693.2998046875,4694.10009765625,50
2026-08-25 20:45:00-04:00,4694.39990234375,4694.39990234375,4694.39990234375,4693.0,4694.0,154
2026-08-25 20:46:00-04:00,4694.2998046875,4694.2998046875,4695.2001953125,4693.2001953125,4694.5,81
2026-08-25 20:47:00-04:00,4694.2998046875,4694.2998046875,4695.39990234375,4693.10009765625,4694.5,66
2026-08-25 20:48:00-04:00,4694.5,4694.5,4694.60009765625,4693.5,4694.0,45
2026-08-25 20:49:00-04:00,4693.2001953125,4693.2001953125,4695.5,4693.2001953125,4694.89990234375,53
2026-08-25 20:50:00-04:00,4694.0,4694.0,4695.60009765625,4693.39990234375,4693.39990234375,76
2026-08-25 20:51:00-04:00,4692.2998046875,4692.2998046875,4695.10009765625,4692.2998046875,4694.89990234375,82
2026-08-25 20:52:00-04:00,4695.5,4695.5,4695.5,4692.2001953125,4692.2001953125,74
2026-08-25 20:53:00-04:00,4691.7001953125,4691.7001953125,4695.60009765625,4691.5,4695.60009765625,79
2026-08-25 20:54:00-04:00,4692.7001953125,4692.7001953125,4692.89990234375,4691.10009765625,4692.10009765625,170
2026-08-25 20:55:00-04:00,4693.0,4693.0,4694.10009765625,4692.5,4693.2001953125,86
2026-08-25 20:56:00-04:00,4694.39990234375,4694.39990234375,4694.39990234375,4692.5,4693.39990234375,69
2026-08-25 20:57:00-04:00,4693.60009765625,4693.60009765625,4695.5,4693.10009765625,4695.0,43
2026-08-25 20:58:00-04:00,4695.39990234375,4695.39990234375,4695.7001953125,4693.89990234375,4693.89990234375,32
2026-08-25 20:59:00-04:00,4694.2001953125,4694.2001953125,4695.0,4693.0,4695.0,67
2026-08-25 21:00:00-04:00,4696.0,4696.0,4697.10009765625,4686.2001953125,4694.60009765625,692
2026-08-25 21:01:00-04:00,4694.39990234375,4694.39990234375,4697.89990234375,4692.60009765625,4696.2998046875,254
2026-08-25 21:02:00-04:00,4698.0,4698.0,4698.60009765625,4694.60009765625,4694.60009765625,107
2026-08-25 21:03:00-04:00,4698.2998046875,4698.2998046875,4699.7001953125,4696.2001953125,4698.2998046875,121
2026-08-25 21:04:00-04:00,4702.7001953125,4702.7001953125,4703.10009765625,4696.7998046875,4698.0,203
2026-08-25 21:05:00-04:00,4701.5,4701.5,4703.60009765625,4701.39990234375,4702.2998046875,162
2026-08-25 21:06:00-04:00,4703.10009765625,4703.10009765625,4704.7001953125,4701.0,4702.39990234375,277
2026-08-25 21:07:00-04:00,4699.5,4699.5,4703.2001953125,4698.89990234375,4703.2001953125,142
2026-08-25 21:08:00-04:00,4698.5,4698.5,4699.89990234375,4697.60009765625,4699.2998046875,123
2026-08-25 21:09:00-04:00,4701.7001953125,4701.7001953125,4701.7001953125,4698.7001953125,4699.0,85
2026-08-25 21:10:00-04:00,4699.39990234375,4699.39990234375,4701.39990234375,4697.7001953125,4701.39990234375,119
2026-08-25 21:11:00-04:00,4703.0,4703.0,4703.2001953125,4699.2001953125,4699.2001953125,72
2026-08-25 21:12:00-04:00,4700.60009765625,4700.60009765625,4702.7001953125,4699.5,4702.5,117
2026-08-25 21:13:00-04:00,4699.89990234375,4699.89990234375,4702.89990234375,4699.7001953125,4700.60009765625,171
2026-08-25 21:14:00-04:00,4700.7998046875,4700.7998046875,4700.7998046875,4699.0,4699.89990234375,55
2026-08-25 21:15:00-04:00,4702.7998046875,4702.7998046875,4703.89990234375,4700.89990234375,4701.5,123
2026-08-25 21:16:00-04:00,4706.7001953125,4706.7001953125,4706.89990234375,4702.7998046875,4702.7998046875,298
2026-08-25 21:17:00-04:00,4706.7001953125,4706.7001953125,4706.89990234375,4705.2998046875,4706.2998046875,139
2026-08-25 21:18:00-04:00,4704.10009765625,4704.10009765625,4707.10009765625,4703.2998046875,4706.7001953125,253
2026-08-25 21:19:00-04:00,4702.5,4702.5,4704.60009765625,4702.2001953125,4704.39990234375,81
2026-08-25 21:20:00-04:00,4704.60009765625,4704.60009765625,4705.0,4701.39990234375,4702.10009765625,99
2026-08-25 21:21:00-04:00,4704.2998046875,4704.2998046875,4705.89990234375,4703.0,4704.2998046875,187
2026-08-25 21:22:00-04:00,4704.2998046875,4704.2998046875,4705.60009765625,4704.2998046875,4704.7001953125,23
2026-08-25 21:23:00-04:00,4702.5,4702.5,4705.0,4702.5,4704.7001953125,48
2026-08-25 21:24:00-04:00,4700.89990234375,4700.89990234375,4703.7001953125,4700.89990234375,4702.89990234375,74
2026-08-25 21:25:00-04:00,4701.7001953125,4701.7001953125,4701.89990234375,4700.10009765625,4700.89990234375,49
2026-08-25 21:26:00-04:00,4703.10009765625,4703.10009765625,4704.2001953125,4702.10009765625,4702.2001953125,33
2026-08-25 21:27:00-04:00,4702.2998046875,4702.2998046875,4702.7998046875,4701.7001953125,4702.60009765625,28
2026-08-25 21:28:00-04:00,4703.10009765625,4703.10009765625,4703.7001953125,4701.7001953125,4702.5,23
2026-08-25 21:29:00-04:00,4700.2998046875,4700.2998046875,4703.0,4700.0,4703.0,96
2026-08-25 21:30:00-04:00,4701.0,4701.0,4702.10009765625,4699.2998046875,4700.2998046875,225
2026-08-25 21:31:00-04:00,4698.5,4698.5,4700.7001953125,4697.60009765625,4700.60009765625,112
2026-08-25 21:32:00-04:00,4698.39990234375,4698.39990234375,4700.5,4698.0,4698.5,83
2026-08-25 21:33:00-04:00,4696.0,4696.0,4699.7998046875,4695.60009765625,4698.10009765625,92
2026-08-25 21:34:00-04:00,4696.0,4696.0,4697.7001953125,4696.0,4696.5,114
2026-08-25 21:35:00-04:00,4697.89990234375,4697.89990234375,4699.0,4696.0,4696.2001953125,91
2026-08-25 21:36:00-04:00,4701.60009765625,4701.60009765625,4702.39990234375,4697.2001953125,4697.89990234375,200
2026-08-25 21:37:00-04:00,4701.0,4701.0,4703.5,4701.0,4702.2001953125,235
2026-08-25 21:38:00-04:00,4700.2998046875,4700.2998046875,4701.7998046875,4699.39990234375,4701.2998046875,60
2026-08-25 21:39:00-04:00,4701.89990234375,4701.89990234375,4702.2001953125,4700.2001953125,4700.5,53
2026-08-25 21:40:00-04:00,4700.60009765625,4700.60009765625,4703.89990234375,4700.60009765625,4702.39990234375,121
2026-08-25 21:41:00-04:00,4697.2998046875,4697.2998046875,4700.60009765625,4696.2998046875,4700.60009765625,121
2026-08-25 21:42:00-04:00,4699.89990234375,4699.89990234375,4700.2998046875,4697.7998046875,4697.7998046875,38
2026-08-25 21:43:00-04:00,4699.89990234375,4699.89990234375,4702.0,4699.39990234375,4700.2998046875,61
2026-08-25 21:44:00-04:00,4701.10009765625,4701.10009765625,4701.10009765625,4699.5,4699.7001953125,12
2026-08-25 21:45:00-04:00,4701.89990234375,4701.89990234375,4702.7998046875,4701.60009765625,4702.10009765625,22
2026-08-25 21:46:00-04:00,4700.39990234375,4700.39990234375,4702.10009765625,4700.2001953125,4701.89990234375,53
2026-08-25 21:47:00-04:00,4701.2001953125,4701.2001953125,4701.7001953125,4700.10009765625,4700.39990234375,59
2026-08-25 21:48:00-04:00,4704.10009765625,4704.10009765625,4705.7998046875,4702.5,4702.5,97
2026-08-25 21:49:00-04:00,4707.60009765625,4707.60009765625,4707.89990234375,4704.0,4704.10009765625,142
2026-08-25 21:50:00-04:00,4709.0,4709.0,4709.5,4707.2998046875,4707.7001953125,143
2026-08-25 21:51:00-04:00,4709.7998046875,4709.7998046875,4709.89990234375,4707.39990234375,4708.89990234375,112
2026-08-25 21:52:00-04:00,4709.0,4709.0,4710.7001953125,4707.2001953125,4709.2998046875,86
2026-08-25 21:53:00-04:00,4709.0,4709.0,4709.2998046875,4708.0,4708.7001953125,37
2026-08-25 21:54:00-04:00,4708.39990234375,4708.39990234375,4709.2998046875,4707.7001953125,4708.89990234375,55
2026-08-25 21:55:00-04:00,4710.7001953125,4710.7001953125,4711.0,4708.5,4708.60009765625,30
2026-08-25 21:56:00-04:00,4711.5,4711.5,4712.10009765625,4710.2998046875,4710.7001953125,169
2026-08-25 21:57:00-04:00,4715.39990234375,4715.39990234375,4715.89990234375,4711.7001953125,4712.0,234
2026-08-25 21:58:00-04:00,4715.7998046875,4715.7998046875,4717.7001953125,4715.5,4715.5,278
2026-08-25 21:59:00-04:00,4713.7998046875,4713.7998046875,4716.2998046875,4713.0,4716.2998046875,99
2026-08-25 22:00:00-04:00,4712.0,4712.0,4714.5,4711.60009765625,4713.60009765625,107
2026-08-25 22:01:00-04:00,4713.7001953125,4713.7001953125,4714.5,4711.7001953125,4711.89990234375,88
2026-08-25 22:02:00-04:00,4713.60009765625,4713.60009765625,4714.7998046875,4713.0,4713.60009765625,38
2026-08-25 22:03:00-04:00,4715.7998046875,4715.7998046875,4716.0,4712.60009765625,4713.5,34
2026-08-25 22:04:00-04:00,4716.7001953125,4716.7001953125,4717.5,4714.89990234375,4715.7998046875,131
2026-08-25 22:05:00-04:00,4715.7001953125,4715.7001953125,4716.2998046875,4715.2001953125,4716.0,49
2026-08-25 22:06:00-04:00,4716.2998046875,4716.2998046875,4716.7998046875,4715.7001953125,4716.0,37
2026-08-25 22:07:00-04:00,4716.89990234375,4716.89990234375,4717.60009765625,4716.10009765625,4716.39990234375,70
2026-08-25 22:08:00-04:00,4716.7001953125,4716.7001953125,4718.39990234375,4716.60009765625,4716.7998046875,168
2026-08-25 22:09:00-04:00,4717.39990234375,4717.39990234375,4718.2001953125,4716.10009765625,4716.7998046875,50
2026-08-25 22:10:00-04:00,4716.5,4716.5,4718.5,4716.39990234375,4717.60009765625,56
2026-08-25 22:11:00-04:00,4715.10009765625,4715.10009765625,4717.0,4714.7001953125,4716.7001953125,37
2026-08-25 22:12:00-04:00,4716.2998046875,4716.2998046875,4717.0,4714.7001953125,4715.0,56
2026-08-25 22:13:00-04:00,4717.2998046875,4717.2998046875,4717.2998046875,4716.2001953125,4716.7001953125,52
2026-08-25 22:14:00-04:00,4717.0,4717.0,4717.89990234375,4716.5,4716.7001953125,55
2026-08-25 22:15:00-04:00,4718.10009765625,4718.10009765625,4718.10009765625,4717.0,4717.0,39
2026-08-25 22:16:00-04:00,4717.2998046875,4717.2998046875,4718.10009765625,4717.0,4717.7998046875,31
2026-08-25 22:17:00-04:00,4717.5,4717.5,4717.7998046875,4717.0,4717.39990234375,62
2026-08-25 22:18:00-04:00,4717.5,4717.5,4717.89990234375,4717.39990234375,4717.60009765625,16
2026-08-25 22:19:00-04:00,4718.10009765625,4718.10009765625,4718.2001953125,4715.89990234375,4717.10009765625,108
2026-08-25 22:20:00-04:00,4718.5,4718.5,4718.7001953125,4717.2001953125,4718.10009765625,60
2026-08-25 22:21:00-04:00,4716.2998046875,4716.2998046875,4718.2001953125,4716.10009765625,4718.2001953125,53
2026-08-25 22:22:00-04:00,4717.2998046875,4717.2998046875,4717.89990234375,4716.60009765625,4716.60009765625,13
2026-08-25 22:23:00-04:00,4716.39990234375,4716.39990234375,4717.10009765625,4715.7998046875,4716.7998046875,28
2026-08-25 22:24:00-04:00,4716.0,4716.0,4716.7998046875,4715.7001953125,4716.2001953125,33
2026-08-25 22:25:00-04:00,4716.5,4716.5,4716.89990234375,4715.7998046875,4715.89990234375,45
2026-08-25 22:26:00-04:00,4715.10009765625,4715.10009765625,4716.39990234375,4715.10009765625,4716.2998046875,78
2026-08-25 22:27:00-04:00,4713.89990234375,4713.89990234375,4715.2001953125,4713.60009765625,4715.10009765625,71
2026-08-25 22:28:00-04:00,4714.0,4714.0,4715.10009765625,4712.60009765625,4714.39990234375,117
2026-08-25 22:29:00-04:00,4715.5,4715.5,4715.5,4713.2998046875,4713.5,33
2026-08-25 22:30:00-04:00,4718.39990234375,4718.39990234375,4719.10009765625,4714.5,4715.39990234375,214
2026-08-25 22:31:00-04:00,4716.60009765625,4716.60009765625,4719.2998046875,4715.7998046875,4718.89990234375,86
2026-08-25 22:32:00-04:00,4718.39990234375,4718.39990234375,4718.39990234375,4716.10009765625,4716.60009765625,83
2026-08-25 22:33:00-04:00,4719.7001953125,4719.7001953125,4720.60009765625,4718.2998046875,4718.39990234375,172
2026-08-25 22:34:00-04:00,4720.10009765625,4720.10009765625,4720.10009765625,4717.7998046875,4719.5,55
2026-08-25 22:35:00-04:00,4722.10009765625,4722.10009765625,4722.89990234375,4719.2998046875,4720.5,310
2026-08-25 22:36:00-04:00,4719.5,4719.5,4722.2998046875,4718.2001953125,4722.10009765625,163
2026-08-25 22:37:00-04:00,4716.60009765625,4716.60009765625,4719.5,4716.39990234375,4719.5,91
2026-08-25 22:38:00-04:00,4720.7998046875,4720.7998046875,4721.2001953125,4716.39990234375,4716.39990234375,61
2026-08-25 22:39:00-04:00,4720.39990234375,4720.39990234375,4720.89990234375,4719.5,4720.39990234375,71
2026-08-25 22:40:00-04:00,4721.7998046875,4721.7998046875,4721.7998046875,4719.10009765625,4720.2998046875,95
2026-08-25 22:41:00-04:00,4724.89990234375,4724.89990234375,4725.0,4721.5,4721.5,128
2026-08-25 22:42:00-04:00,4725.2001953125,4725.2001953125,4725.60009765625,4724.2001953125,4724.7998046875,98
2026-08-25 22:43:00-04:00,4726.89990234375,4726.89990234375,4728.0,4724.89990234375,4724.89990234375,213
2026-08-25 22:44:00-04:00,4724.2998046875,4724.2998046875,4726.7998046875,4723.7998046875,4726.5,108
2026-08-25 22:45:00-04:00,4725.7001953125,4725.7001953125,4726.0,4724.0,4724.2001953125,63
2026-08-25 22:46:00-04:00,4724.89990234375,4724.89990234375,4725.89990234375,4724.7001953125,4725.2001953125,23
2026-08-25 22:47:00-04:00,4724.2998046875,4724.2998046875,4724.7998046875,4723.7998046875,4724.5,49
2026-08-25 22:48:00-04:00,4723.0,4723.0,4725.2998046875,4722.2998046875,4724.10009765625,66
2026-08-25 22:49:00-04:00,4722.60009765625,4722.60009765625,4723.39990234375,4722.5,4722.7998046875,47
2026-08-25 22:50:00-04:00,4723.39990234375,4723.39990234375,4723.7001953125,4722.60009765625,4722.7001953125,42
2026-08-25 22:51:00-04:00,4721.39990234375,4721.39990234375,4723.39990234375,4721.2001953125,4723.10009765625,65
2026-08-25 22:52:00-04:00,4719.39990234375,4719.39990234375,4721.7998046875,4719.2001953125,4721.7001953125,100
2026-08-25 22:53:00-04:00,4718.60009765625,4718.60009765625,4720.2998046875,4718.39990234375,4719.7001953125,51
2026-08-25 22:54:00-04:00,4718.2998046875,4718.2998046875,4718.7001953125,4717.60009765625,4718.5,52
2026-08-25 22:55:00-04:00,4717.2001953125,4717.2001953125,4718.2001953125,4717.2001953125,4718.0,29
2026-08-25 22:56:00-04:00,4716.2998046875,4716.2998046875,4717.7998046875,4716.2998046875,4717.0,51
2026-08-25 22:57:00-04:00,4716.2998046875,4716.2998046875,4716.5,4715.60009765625,4716.2001953125,52
2026-08-25 22:58:00-04:00,4716.2998046875,4716.2998046875,4716.7001953125,4714.89990234375,4715.7001953125,37
2026-08-25 22:59:00-04:00,4715.2001953125,4715.2001953125,4716.10009765625,4715.0,4715.89990234375,39
2026-08-25 23:00:00-04:00,4711.89990234375,4711.89990234375,4715.89990234375,4710.60009765625,4715.39990234375,300
2026-08-25 23:01:00-04:00,4713.2001953125,4713.2001953125,4714.2001953125,4712.0,4712.0,84
2026-08-25 23:02:00-04:00,4712.7001953125,4712.7001953125,4714.7001953125,4712.5,4713.10009765625,47
2026-08-25 23:03:00-04:00,4713.89990234375,4713.89990234375,4713.89990234375,4712.10009765625,4712.5,40
2026-08-25 23:04:00-04:00,4714.0,4714.0,4715.2998046875,4713.7998046875,4714.2998046875,36
2026-08-25 23:05:00-04:00,4712.5,4712.5,4714.2001953125,4712.10009765625,4714.0,31
2026-08-25 23:06:00-04:00,4710.7998046875,4710.7998046875,4712.60009765625,4710.2001953125,4712.60009765625,80
2026-08-25 23:07:00-04:00,4707.7998046875,4707.7998046875,4710.60009765625,4707.39990234375,4710.2998046875,208
2026-08-25 23:08:00-04:00,4707.0,4707.0,4708.2001953125,4706.7001953125,4707.5,115
2026-08-25 23:09:00-04:00,4707.2001953125,4707.2001953125,4707.7998046875,4706.60009765625,4707.2001953125,55
2026-08-25 23:10:00-04:00,4706.0,4706.0,4707.10009765625,4706.0,4707.10009765625,40
2026-08-25 23:11:00-04:00,4705.2998046875,4705.2998046875,4706.0,4704.2001953125,4705.7998046875,119
2026-08-25 23:12:00-04:00,4705.5,4705.5,4705.5,4704.7001953125,4705.5,29
2026-08-25 23:13:00-04:00,4705.2998046875,4705.2998046875,4705.7998046875,4704.60009765625,4705.2998046875,177
2026-08-25 23:14:00-04:00,4705.2998046875,4705.2998046875,4706.39990234375,4705.0,4705.2998046875,67
2026-08-25 23:15:00-04:00,4704.89990234375,4704.89990234375,4705.7001953125,4704.39990234375,4705.10009765625,62
2026-08-25 23:16:00-04:00,4703.89990234375,4703.89990234375,4705.0,4703.5,4704.89990234375,67
2026-08-25 23:17:00-04:00,4703.89990234375,4703.89990234375,4704.7001953125,4703.2998046875,4703.7998046875,68
2026-08-25 23:18:00-04:00,4704.39990234375,4704.39990234375,4705.0,4703.10009765625,4703.7001953125,32
2026-08-25 23:19:00-04:00,4704.39990234375,4704.39990234375,4704.39990234375,4702.39990234375,4704.10009765625,79
2026-08-25 23:20:00-04:00,4705.10009765625,4705.10009765625,4705.39990234375,4704.39990234375,4704.5,55
2026-08-25 23:21:00-04:00,4707.60009765625,4707.60009765625,4707.60009765625,4704.5,4705.2001953125,128
2026-08-25 23:22:00-04:00,4707.60009765625,4707.60009765625,4707.7001953125,4705.60009765625,4707.7001953125,182
2026-08-25 23:23:00-04:00,4706.2001953125,4706.2001953125,4708.10009765625,4705.2001953125,4707.89990234375,65
2026-08-25 23:24:00-04:00,4706.0,4706.0,4706.39990234375,4705.39990234375,4705.7001953125,32
2026-08-25 23:25:00-04:00,4707.2998046875,4707.2998046875,4707.5,4706.0,4706.2001953125,46
2026-08-25 23:26:00-04:00,4705.5,4705.5,4706.7998046875,4705.5,4706.7998046875,98
2026-08-25 23:27:00-04:00,4705.60009765625,4705.60009765625,4706.10009765625,4705.2998046875,4705.39990234375,42
2026-08-25 23:28:00-04:00,4705.2001953125,4705.2001953125,4705.60009765625,4704.89990234375,4705.2998046875,42
2026-08-25 23:29:00-04:00,4707.2998046875,4707.2998046875,4707.7001953125,4705.10009765625,4705.39990234375,108
2026-08-25 23:30:00-04:00,4708.0,4708.0,4708.2998046875,4707.2001953125,4707.2001953125,33
2026-08-25 23:31:00-04:00,4707.0,4707.0,4707.7001953125,4706.89990234375,4707.7001953125,36
2026-08-25 23:32:00-04:00,4706.5,4706.5,4707.5,4706.5,4707.0,59
2026-08-25 23:33:00-04:00,4707.39990234375,4707.39990234375,4708.0,4707.2998046875,4707.7001953125,55
2026-08-25 23:34:00-04:00,4706.7998046875,4706.7998046875,4708.2001953125,4706.7001953125,4707.5,60
2026-08-25 23:35:00-04:00,4706.60009765625,4706.60009765625,4707.2998046875,4706.2998046875,4707.10009765625,52
2026-08-25 23:36:00-04:00,4705.7998046875,4705.7998046875,4706.7001953125,4705.7998046875,4706.7001953125,13
2026-08-25 23:37:00-04:00,4707.5,4707.5,4707.5,4705.7998046875,4705.89990234375,39
2026-08-25 23:38:00-04:00,4705.10009765625,4705.10009765625,4708.39990234375,4704.89990234375,4707.7998046875,82
2026-08-25 23:39:00-04:00,4705.5,4705.5,4705.5,4703.7001953125,4705.2001953125,74
2026-08-25 23:40:00-04:00,4704.60009765625,4704.60009765625,4706.0,4704.60009765625,4705.10009765625,42
2026-08-25 23:41:00-04:00,4704.0,4704.0,4704.5,4703.5,4704.5,81
2026-08-25 23:42:00-04:00,4703.7998046875,4703.7998046875,4704.0,4703.10009765625,4704.0,38
2026-08-25 23:43:00-04:00,4703.10009765625,4703.10009765625,4704.0,4703.10009765625,4703.7998046875,37
2026-08-25 23:44:00-04:00,4702.5,4702.5,4703.10009765625,4702.2998046875,4703.10009765625,29
2026-08-25 23:45:00-04:00,4699.7001953125,4699.7001953125,4702.2998046875,4699.60009765625,4702.2998046875,193
2026-08-25 23:46:00-04:00,4701.10009765625,4701.10009765625,4702.10009765625,4699.7998046875,4699.7998046875,137
2026-08-25 23:47:00-04:00,4701.2001953125,4701.2001953125,4701.60009765625,4700.60009765625,4701.39990234375,15
2026-08-25 23:48:00-04:00,4701.2998046875,4701.2998046875,4701.5,4701.0,4701.2001953125,30
2026-08-25 23:49:00-04:00,4702.0,4702.0,4702.2001953125,4700.7001953125,4700.7001953125,24
2026-08-25 23:50:00-04:00,4701.39990234375,4701.39990234375,4702.0,4700.7998046875,4702.0,15
2026-08-25 23:51:00-04:00,4701.10009765625,4701.10009765625,4701.39990234375,4700.2001953125,4701.39990234375,40
2026-08-25 23:52:00-04:00,4702.0,4702.0,4702.2001953125,4701.60009765625,4701.60009765625,28
2026-08-25 23:53:00-04:00,4702.2998046875,4702.2998046875,4702.2998046875,4701.89990234375,4702.2998046875,8
2026-08-25 23:54:00-04:00,4701.39990234375,4701.39990234375,4702.39990234375,4701.39990234375,4702.2001953125,28
2026-08-25 23:55:00-04:00,4701.2001953125,4701.2001953125,4701.39990234375,4700.89990234375,4701.2001953125,19
2026-08-25 23:56:00-04:00,4700.2998046875,4700.2998046875,4701.2998046875,4700.2998046875,4701.2001953125,27
2026-08-25 23:57:00-04:00,4700.7001953125,4700.7001953125,4700.7998046875,4700.39990234375,4700.39990234375,13
2026-08-25 23:58:00-04:00,4701.10009765625,4701.10009765625,4701.39990234375,4700.7998046875,4700.7998046875,12
2026-08-26 00:00:00-04:00,4700.5,4700.5,4700.7998046875,4699.7001953125,4699.7998046875,26
2026-08-26 00:01:00-04:00,4700.0,4700.0,4700.60009765625,4699.2001953125,4700.60009765625,44
2026-08-26 00:02:00-04:00,4699.5,4699.5,4700.5,4699.5,4700.10009765625,44
2026-08-26 00:03:00-04:00,4701.0,4701.0,4701.2001953125,4699.7001953125,4699.7001953125,25
2026-08-26 00:04:00-04:00,4699.89990234375,4699.89990234375,4701.0,4699.89990234375,4701.0,23
2026-08-26 00:05:00-04:00,4699.60009765625,4699.60009765625,4700.0,4699.60009765625,4699.60009765625,13
2026-08-26 00:06:00-04:00,4699.39990234375,4699.39990234375,4700.2998046875,4698.89990234375,4699.7001953125,25
2026-08-26 00:07:00-04:00,4699.0,4699.0,4699.60009765625,4699.0,4699.5,12
2026-08-26 00:08:00-04:00,4700.60009765625,4700.60009765625,4701.0,4698.89990234375,4699.0,19
2026-08-26 00:09:00-04:00,4700.60009765625,4700.60009765625,4700.60009765625,4699.89990234375,4700.5,10
2026-08-26 00:10:00-04:00,4700.89990234375,4700.89990234375,4701.0,4700.39990234375,4700.7001953125,22
2026-08-26 00:11:00-04:00,4700.60009765625,4700.60009765625,4700.7998046875,4700.0,4700.2001953125,25
2026-08-26 00:12:00-04:00,4700.39990234375,4700.39990234375,4700.60009765625,4700.10009765625,4700.5,18
2026-08-26 00:13:00-04:00,4699.89990234375,4699.89990234375,4700.2001953125,4699.7998046875,4700.2001953125,7
2026-08-26 00:14:00-04:00,4699.60009765625,4699.60009765625,4700.5,4699.60009765625,4700.0,26
2026-08-26 00:15:00-04:00,4698.7998046875,4698.7998046875,4699.7001953125,4698.39990234375,4699.7001953125,29
2026-08-26 00:16:00-04:00,4699.2001953125,4699.2001953125,4699.60009765625,4698.7001953125,4698.89990234375,26
2026-08-26 00:17:00-04:00,4699.10009765625,4699.10009765625,4699.39990234375,4699.0,4699.10009765625,14
2026-08-26 00:18:00-04:00,4699.89990234375,4699.89990234375,4699.89990234375,4698.89990234375,4699.2998046875,7
2026-08-26 00:19:00-04:00,4698.89990234375,4698.89990234375,4700.5,4698.89990234375,4700.2001953125,73
2026-08-26 00:20:00-04:00,4698.89990234375,4698.89990234375,4699.10009765625,4698.7001953125,4698.89990234375,22
2026-08-26 00:21:00-04:00,4699.60009765625,4699.60009765625,4699.60009765625,4698.5,4698.7998046875,32
2026-08-26 00:22:00-04:00,4698.39990234375,4698.39990234375,4700.0,4698.39990234375,4700.0,52
2026-08-26 00:23:00-04:00,4698.7001953125,4698.7001953125,4698.89990234375,4698.2998046875,4698.7001953125,22
2026-08-26 00:24:00-04:00,4699.60009765625,4699.60009765625,4699.7001953125,4698.39990234375,4698.39990234375,20
2026-08-26 00:25:00-04:00,4699.5,4699.5,4699.7001953125,4698.39990234375,4699.2001953125,35
2026-08-26 00:26:00-04:00,4698.5,4698.5,4699.7998046875,4698.39990234375,4699.60009765625,22
2026-08-26 00:27:00-04:00,4698.7998046875,4698.7998046875,4698.7998046875,4698.2001953125,4698.39990234375,23
2026-08-26 00:28:00-04:00,4699.10009765625,4699.10009765625,4699.10009765625,4698.2998046875,4698.5,11
2026-08-26 00:29:00-04:00,4699.2001953125,4699.2001953125,4699.2001953125,4698.60009765625,4699.0,19
2026-08-26 00:30:00-04:00,4699.39990234375,4699.39990234375,4700.10009765625,4698.89990234375,4699.39990234375,24
2026-08-26 00:31:00-04:00,4700.10009765625,4700.10009765625,4700.2001953125,4698.89990234375,4698.89990234375,23
2026-08-26 00:32:00-04:00,4699.0,4699.0,4700.39990234375,4699.0,4700.10009765625,30
2026-08-26 00:33:00-04:00,4698.7001953125,4698.7001953125,4698.7998046875,4698.0,4698.7998046875,36
2026-08-26 00:34:00-04:00,4698.5,4698.5,4699.10009765625,4698.39990234375,4698.60009765625,17
2026-08-26 00:35:00-04:00,4697.60009765625,4697.60009765625,4698.7001953125,4697.2998046875,4698.7001953125,40
2026-08-26 00:36:00-04:00,4698.7001953125,4698.7001953125,4699.0,4698.5,4698.7001953125,17
2026-08-26 00:37:00-04:00,4698.7001953125,4698.7001953125,4699.10009765625,4697.60009765625,4698.5,126
2026-08-26 00:38:00-04:00,4698.2001953125,4698.2001953125,4698.7001953125,4697.2998046875,4698.39990234375,29
2026-08-26 00:39:00-04:00,4697.2998046875,4697.2998046875,4698.2998046875,4697.2001953125,4698.0,42
2026-08-26 00:40:00-04:00,4697.0,4697.0,4697.5,4696.39990234375,4697.2001953125,41
2026-08-26 00:41:00-04:00,4697.7998046875,4697.7998046875,4697.7998046875,4696.7998046875,4696.89990234375,26
2026-08-26 00:42:00-04:00,4698.10009765625,4698.10009765625,4698.2998046875,4697.7001953125,4698.2001953125,14
2026-08-26 00:43:00-04:00,4698.39990234375,4698.39990234375,4699.10009765625,4698.39990234375,4698.5,11
2026-08-26 00:44:00-04:00,4697.60009765625,4697.60009765625,4698.60009765625,4697.60009765625,4697.7001953125,72
2026-08-26 00:45:00-04:00,4697.89990234375,4697.89990234375,4698.2001953125,4697.39990234375,4697.89990234375,31
2026-08-26 00:46:00-04:00,4697.7001953125,4697.7001953125,4698.0,4697.60009765625,4698.0,9
2026-08-26 00:47:00-04:00,4696.39990234375,4696.39990234375,4697.89990234375,4696.2001953125,4697.89990234375,29
2026-08-26 00:48:00-04:00,4696.5,4696.5,4696.60009765625,4695.7001953125,4696.2001953125,37
2026-08-26 00:49:00-04:00,4696.7001953125,4696.7001953125,4696.7001953125,4696.0,4696.0,215
2026-08-26 00:50:00-04:00,4696.7998046875,4696.7998046875,4697.60009765625,4696.7998046875,4697.2998046875,23
2026-08-26 00:51:00-04:00,4697.10009765625,4697.10009765625,4698.2001953125,4696.7001953125,4697.39990234375,32
2026-08-26 00:52:00-04:00,4698.2998046875,4698.2998046875,4698.5,4696.89990234375,4697.10009765625,28
2026-08-26 00:53:00-04:00,4698.60009765625,4698.60009765625,4698.7998046875,4697.7998046875,4698.0,41
2026-08-26 00:54:00-04:00,4698.0,4698.0,4698.7001953125,4698.0,4698.5,15
2026-08-26 00:55:00-04:00,4698.2001953125,4698.2001953125,4698.5,4697.5,4698.10009765625,24
2026-08-26 00:56:00-04:00,4698.10009765625,4698.10009765625,4698.7001953125,4697.7998046875,4698.60009765625,19
2026-08-26 00:57:00-04:00,4696.89990234375,4696.89990234375,4697.7998046875,4696.7998046875,4697.7998046875,13
2026-08-26 00:58:00-04:00,4696.89990234375,4696.89990234375,4697.2001953125,4696.7001953125,4696.7998046875,10
2026-08-26 00:59:00-04:00,4697.60009765625,4697.60009765625,4697.60009765625,4696.5,4696.7998046875,35
2026-08-26 01:00:00-04:00,4697.60009765625,4697.60009765625,4698.5,4697.2998046875,4697.5,48
2026-08-26 01:01:00-04:00,4698.89990234375,4698.89990234375,4699.2998046875,4697.89990234375,4697.89990234375,26
2026-08-26 01:02:00-04:00,4700.2001953125,4700.2001953125,4700.2998046875,4698.39990234375,4698.7998046875,75
2026-08-26 01:03:00-04:00,4700.2001953125,4700.2001953125,4700.60009765625,4699.10009765625,4700.10009765625,60
2026-08-26 01:04:00-04:00,4699.0,4699.0,4700.7998046875,4699.0,4700.0,86
2026-08-26 01:05:00-04:00,4699.10009765625,4699.10009765625,4699.2001953125,4698.60009765625,4699.10009765625,39
2026-08-26 01:06:00-04:00,4699.7001953125,4699.7001953125,4700.0,4699.10009765625,4699.10009765625,28
2026-08-26 01:07:00-04:00,4701.10009765625,4701.10009765625,4701.39990234375,4700.10009765625,4700.10009765625,48
2026-08-26 01:08:00-04:00,4699.7001953125,4699.7001953125,4700.7998046875,4698.89990234375,4700.7001953125,59
2026-08-26 01:09:00-04:00,4702.7001953125,4702.7001953125,4702.7998046875,4699.7001953125,4699.7001953125,184
2026-08-26 01:10:00-04:00,4702.0,4702.0,4702.60009765625,4701.7998046875,4702.39990234375,35
2026-08-26 01:11:00-04:00,4700.7001953125,4700.7001953125,4702.2001953125,4700.7001953125,4701.89990234375,91
2026-08-26 01:12:00-04:00,4699.60009765625,4699.60009765625,4700.39990234375,4698.7998046875,4700.39990234375,39
2026-08-26 01:13:00-04:00,4698.7001953125,4698.7001953125,4699.60009765625,4698.2998046875,4699.39990234375,25
2026-08-26 01:14:00-04:00,4700.2001953125,4700.2001953125,4700.2001953125,4699.5,4699.5,16
2026-08-26 01:15:00-04:00,4699.10009765625,4699.10009765625,4700.5,4698.7001953125,4700.2001953125,34
2026-08-26 01:16:00-04:00,4699.60009765625,4699.60009765625,4699.60009765625,4698.39990234375,4699.2001953125,39
2026-08-26 01:17:00-04:00,4700.39990234375,4700.39990234375,4700.39990234375,4699.7998046875,4699.7998046875,22
2026-08-26 01:18:00-04:00,4701.0,4701.0,4701.2001953125,4700.10009765625,4700.2998046875,46
2026-08-26 01:19:00-04:00,4700.10009765625,4700.10009765625,4701.7001953125,4700.0,4700.89990234375,39
2026-08-26 01:20:00-04:00,4700.2001953125,4700.2001953125,4700.60009765625,4699.89990234375,4700.2001953125,17
2026-08-26 01:21:00-04:00,4699.39990234375,4699.39990234375,4700.39990234375,4699.0,4700.2998046875,26
2026-08-26 01:22:00-04:00,4699.89990234375,4699.89990234375,4699.89990234375,4698.5,4698.7998046875,30
2026-08-26 01:23:00-04:00,4701.10009765625,4701.10009765625,4701.39990234375,4700.0,4700.0,28
2026-08-26 01:24:00-04:00,4700.60009765625,4700.60009765625,4701.0,4700.10009765625,4701.0,31
2026-08-26 01:25:00-04:00,4700.10009765625,4700.10009765625,4701.0,4699.39990234375,4700.89990234375,30
2026-08-26 01:26:00-04:00,4699.60009765625,4699.60009765625,4700.2001953125,4699.60009765625,4699.89990234375,24
2026-08-26 01:27:00-04:00,4700.7001953125,4700.7001953125,4701.10009765625,4700.2001953125,4700.2001953125,18
2026-08-26 01:28:00-04:00,4701.2998046875,4701.2998046875,4701.39990234375,4700.7998046875,4700.89990234375,25
2026-08-26 01:29:00-04:00,4700.2001953125,4700.2001953125,4702.2001953125,4700.10009765625,4701.5,48
2026-08-26 01:30:00-04:00,4705.10009765625,4705.10009765625,4706.2998046875,4697.7998046875,4700.39990234375,386
2026-08-26 01:31:00-04:00,4703.60009765625,4703.60009765625,4704.7998046875,4702.10009765625,4704.7998046875,106
2026-08-26 01:32:00-04:00,4703.5,4703.5,4704.10009765625,4703.0,4703.5,39
2026-08-26 01:33:00-04:00,4701.5,4701.5,4704.2001953125,4701.2998046875,4703.2998046875,75
2026-08-26 01:34:00-04:00,4702.7998046875,4702.7998046875,4702.89990234375,4700.7998046875,4701.2001953125,52
2026-08-26 01:35:00-04:00,4701.7001953125,4701.7001953125,4702.5,4699.60009765625,4702.2001953125,50
2026-08-26 01:36:00-04:00,4698.89990234375,4698.89990234375,4702.2998046875,4698.89990234375,4702.0,50
2026-08-26 01:37:00-04:00,4698.0,4698.0,4699.5,4696.7998046875,4698.7998046875,83
2026-08-26 01:38:00-04:00,4696.89990234375,4696.89990234375,4697.7001953125,4695.2001953125,4697.7001953125,195
2026-08-26 01:39:00-04:00,4698.2998046875,4698.2998046875,4698.2998046875,4695.89990234375,4696.39990234375,38
2026-08-26 01:40:00-04:00,4700.10009765625,4700.10009765625,4700.89990234375,4698.60009765625,4698.7001953125,64
2026-08-26 01:41:00-04:00,4701.0,4701.0,4701.39990234375,4700.0,4700.0,29
2026-08-26 01:42:00-04:00,4698.7001953125,4698.7001953125,4701.39990234375,4698.7001953125,4701.39990234375,48
2026-08-26 01:43:00-04:00,4695.89990234375,4695.89990234375,4699.10009765625,4695.7001953125,4698.60009765625,72
2026-08-26 01:44:00-04:00,4695.0,4695.0,4695.89990234375,4694.7001953125,4695.7001953125,103
2026-08-26 01:45:00-04:00,4693.2001953125,4693.2001953125,4694.89990234375,4692.2001953125,4694.60009765625,113
2026-08-26 01:46:00-04:00,4693.39990234375,4693.39990234375,4694.5,4692.2001953125,4692.60009765625,94
2026-08-26 01:47:00-04:00,4695.10009765625,4695.10009765625,4695.10009765625,4693.39990234375,4693.60009765625,87
2026-08-26 01:48:00-04:00,4695.60009765625,4695.60009765625,4697.2998046875,4694.7998046875,4695.2001953125,53
2026-08-26 01:49:00-04:00,4694.2998046875,4694.2998046875,4696.2001953125,4694.10009765625,4696.2001953125,59
2026-08-26 01:50:00-04:00,4694.2001953125,4694.2001953125,4694.5,4693.60009765625,4694.2001953125,40
2026-08-26 01:51:00-04:00,4695.10009765625,4695.10009765625,4696.10009765625,4695.0,4695.39990234375,31
2026-08-26 01:52:00-04:00,4696.2998046875,4696.2998046875,4696.39990234375,4695.39990234375,4695.39990234375,25
2026-08-26 01:53:00-04:00,4696.7001953125,4696.7001953125,4696.89990234375,4696.0,4696.89990234375,19
2026-08-26 01:54:00-04:00,4695.5,4695.5,4696.7001953125,4695.5,4696.5,26
2026-08-26 01:55:00-04:00,4694.39990234375,4694.39990234375,4696.2998046875,4694.2001953125,4695.60009765625,45
2026-08-26 01:56:00-04:00,4694.39990234375,4694.39990234375,4695.5,4693.7998046875,4694.5,47
2026-08-26 01:57:00-04:00,4695.7001953125,4695.7001953125,4696.0,4694.60009765625,4695.0,34
2026-08-26 01:58:00-04:00,4694.7001953125,4694.7001953125,4696.0,4694.5,4695.89990234375,17
2026-08-26 01:59:00-04:00,4696.2998046875,4696.2998046875,4696.2998046875,4694.7998046875,4694.7998046875,59
2026-08-26 02:00:00-04:00,4694.7001953125,4694.7001953125,4696.39990234375,4693.7998046875,4696.2001953125,171
2026-08-26 02:01:00-04:00,4694.2998046875,4694.2998046875,4695.5,4693.39990234375,4695.0,65
2026-08-26 02:02:00-04:00,4693.5,4693.5,4694.7001953125,4692.60009765625,4694.2998046875,70
2026-08-26 02:03:00-04:00,4695.10009765625,4695.10009765625,4695.2998046875,4693.39990234375,4693.5,45
2026-08-26 02:04:00-04:00,4697.5,4697.5,4698.0,4695.7998046875,4696.10009765625,51
2026-08-26 02:05:00-04:00,4696.2998046875,4696.2998046875,4697.2001953125,4694.60009765625,4697.2001953125,61
2026-08-26 02:06:00-04:00,4695.10009765625,4695.10009765625,4696.0,4694.2001953125,4696.0,51
2026-08-26 02:07:00-04:00,4695.7001953125,4695.7001953125,4696.2998046875,4694.39990234375,4694.7998046875,48
2026-08-26 02:08:00-04:00,4695.10009765625,4695.10009765625,4695.60009765625,4694.7998046875,4695.60009765625,13
2026-08-26 02:09:00-04:00,4695.7001953125,4695.7001953125,4696.0,4695.2001953125,4695.2001953125,30
2026-08-26 02:10:00-04:00,4694.2998046875,4694.2998046875,4695.2001953125,4693.89990234375,4695.2001953125,19
2026-08-26 02:11:00-04:00,4694.10009765625,4694.10009765625,4694.39990234375,4692.60009765625,4694.10009765625,67
2026-08-26 02:12:00-04:00,4695.0,4695.0,4695.7998046875,4694.0,4694.10009765625,33
2026-08-26 02:13:00-04:00,4695.60009765625,4695.60009765625,4695.60009765625,4694.5,4695.5,18
2026-08-26 02:14:00-04:00,4694.2001953125,4694.2001953125,4695.2998046875,4694.2001953125,4695.2998046875,33
2026-08-26 02:15:00-04:00,4692.2998046875,4692.2998046875,4694.2001953125,4691.0,4694.2001953125,58
2026-08-26 02:16:00-04:00,4689.89990234375,4689.89990234375,4692.10009765625,4689.5,4692.10009765625,139
2026-08-26 02:17:00-04:00,4689.39990234375,4689.39990234375,4689.89990234375,4689.2001953125,4689.7001953125,80
2026-08-26 02:18:00-04:00,4689.89990234375,4689.89990234375,4690.5,4687.7998046875,4689.2998046875,150
2026-08-26 02:19:00-04:00,4690.7998046875,4690.7998046875,4690.7998046875,4688.2998046875,4690.10009765625,67
2026-08-26 02:20:00-04:00,4688.7998046875,4688.7998046875,4691.2001953125,4688.7998046875,4690.60009765625,59
2026-08-26 02:21:00-04:00,4687.5,4687.5,4688.89990234375,4687.0,4688.89990234375,89
2026-08-26 02:22:00-04:00,4686.60009765625,4686.60009765625,4687.7998046875,4685.2998046875,4687.2998046875,199
2026-08-26 02:23:00-04:00,4683.2001953125,4683.2001953125,4686.2001953125,4682.5,4686.10009765625,261
2026-08-26 02:24:00-04:00,4684.0,4684.0,4684.2001953125,4683.0,4683.7001953125,108
2026-08-26 02:25:00-04:00,4684.60009765625,4684.60009765625,4684.60009765625,4681.10009765625,4683.7998046875,227
2026-08-26 02:26:00-04:00,4685.0,4685.0,4685.7001953125,4682.7001953125,4684.5,85
2026-08-26 02:27:00-04:00,4683.2998046875,4683.2998046875,4685.39990234375,4683.2998046875,4685.0,32
2026-08-26 02:28:00-04:00,4682.10009765625,4682.10009765625,4683.7001953125,4682.0,4683.0,40
2026-08-26 02:29:00-04:00,4683.39990234375,4683.39990234375,4683.7001953125,4681.2001953125,4681.89990234375,83
2026-08-26 02:30:00-04:00,4684.7001953125,4684.7001953125,4684.89990234375,4682.60009765625,4683.39990234375,97
2026-08-26 02:31:00-04:00,4686.2001953125,4686.2001953125,4686.89990234375,4684.2998046875,4684.7001953125,76
2026-08-26 02:32:00-04:00,4685.2998046875,4685.2998046875,4687.0,4685.2998046875,4686.5,55
2026-08-26 02:33:00-04:00,4685.60009765625,4685.60009765625,4686.7998046875,4685.10009765625,4685.2001953125,60
2026-08-26 02:34:00-04:00,4687.5,4687.5,4687.7998046875,4686.2001953125,4686.2001953125,56
2026-08-26 02:35:00-04:00,4685.39990234375,4685.39990234375,4688.0,4685.10009765625,4687.7001953125,70
2026-08-26 02:36:00-04:00,4684.2998046875,4684.2998046875,4686.0,4684.2998046875,4685.60009765625,69
2026-08-26 02:37:00-04:00,4685.0,4685.0,4685.7998046875,4683.7998046875,4684.2998046875,96
2026-08-26 02:38:00-04:00,4685.7001953125,4685.7001953125,4686.2001953125,4684.7001953125,4685.0,72
2026-08-26 02:39:00-04:00,4687.2998046875,4687.2998046875,4687.5,4685.2001953125,4685.60009765625,108
2026-08-26 02:40:00-04:00,4687.2998046875,4687.2998046875,4688.0,4686.60009765625,4686.89990234375,76
2026-08-26 02:41:00-04:00,4688.7998046875,4688.7998046875,4689.2998046875,4687.0,4687.0,78
2026-08-26 02:42:00-04:00,4689.60009765625,4689.60009765625,4689.7001953125,4688.0,4688.5,58
2026-08-26 02:43:00-04:00,4690.2001953125,4690.2001953125,4690.5,4689.0,4689.10009765625,76
2026-08-26 02:44:00-04:00,4690.2001953125,4690.2001953125,4691.2001953125,4689.0,4690.5,120
2026-08-26 02:45:00-04:00,4690.7998046875,4690.7998046875,4691.10009765625,4690.10009765625,4690.10009765625,60
2026-08-26 02:46:00-04:00,4691.5,4691.5,4691.5,4690.7001953125,4691.0,73
2026-08-26 02:47:00-04:00,4692.60009765625,4692.60009765625,4693.10009765625,4691.60009765625,4691.7001953125,87
2026-08-26 02:48:00-04:00,4692.10009765625,4692.10009765625,4692.7998046875,4692.0,4692.39990234375,46
2026-08-26 02:49:00-04:00,4691.5,4691.5,4693.2998046875,4691.39990234375,4692.7001953125,116
2026-08-26 02:50:00-04:00,4690.2001953125,4690.2001953125,4692.0,4689.89990234375,4691.39990234375,207
2026-08-26 02:51:00-04:00,4690.5,4690.5,4691.2001953125,4690.39990234375,4690.7998046875,35
2026-08-26 02:52:00-04:00,4690.7998046875,4690.7998046875,4691.5,4690.2998046875,4690.7998046875,61
2026-08-26 02:53:00-04:00,4689.2001953125,4689.2001953125,4690.7998046875,4689.0,4690.7998046875,41
2026-08-26 02:54:00-04:00,4689.7998046875,4689.7998046875,4690.10009765625,4689.0,4689.0,16
2026-08-26 02:55:00-04:00,4688.0,4688.0,4689.89990234375,4687.5,4689.89990234375,86
2026-08-26 02:56:00-04:00,4689.0,4689.0,4689.0,4687.10009765625,4687.89990234375,102
2026-08-26 02:57:00-04:00,4689.2998046875,4689.2998046875,4689.60009765625,4688.7001953125,4688.7998046875,35
2026-08-26 02:58:00-04:00,4689.7998046875,4689.7998046875,4690.0,4689.39990234375,4689.39990234375,24
2026-08-26 02:59:00-04:00,4690.60009765625,4690.60009765625,4690.89990234375,4690.2001953125,4690.2001953125,36
2026-08-26 03:00:00-04:00,4691.7998046875,4691.7998046875,4693.5,4690.60009765625,4690.60009765625,146
2026-08-26 03:01:00-04:00,4693.2001953125,4693.2001953125,4693.5,4691.7001953125,4691.7998046875,65
2026-08-26 03:02:00-04:00,4692.60009765625,4692.60009765625,4695.5,4692.39990234375,4693.39990234375,95
2026-08-26 03:03:00-04:00,4694.7998046875,4694.7998046875,4695.2001953125,4692.5,4692.5,119
2026-08-26 03:04:00-04:00,4695.2998046875,4695.2998046875,4695.7001953125,4694.0,4694.39990234375,76
2026-08-26 03:05:00-04:00,4695.0,4695.0,4695.7001953125,4694.7998046875,4695.5,97
2026-08-26 03:06:00-04:00,4693.7998046875,4693.7998046875,4694.89990234375,4693.2001953125,4694.60009765625,46
2026-08-26 03:07:00-04:00,4691.39990234375,4691.39990234375,4693.7998046875,4691.0,4693.7998046875,67
2026-08-26 03:08:00-04:00,4689.7998046875,4689.7998046875,4692.39990234375,4689.2998046875,4691.5,179
2026-08-26 03:09:00-04:00,4691.60009765625,4691.60009765625,4691.60009765625,4689.7001953125,4689.89990234375,53
2026-08-26 03:10:00-04:00,4691.60009765625,4691.60009765625,4692.2998046875,4691.39990234375,4691.7998046875,41
2026-08-26 03:11:00-04:00,4690.7998046875,4690.7998046875,4692.7001953125,4689.60009765625,4692.0,44
2026-08-26 03:12:00-04:00,4691.7998046875,4691.7998046875,4691.7998046875,4690.5,4690.7998046875,26
2026-08-26 03:13:00-04:00,4693.10009765625,4693.10009765625,4693.5,4691.5,4692.10009765625,66
2026-08-26 03:14:00-04:00,4693.0,4693.0,4693.0,4692.0,4692.5,30
2026-08-26 03:15:00-04:00,4691.39990234375,4691.39990234375,4693.10009765625,4691.39990234375,4692.7001953125,32
2026-08-26 03:16:00-04:00,4693.10009765625,4693.10009765625,4693.39990234375,4691.60009765625,4691.60009765625,46
2026-08-26 03:17:00-04:00,4693.10009765625,4693.10009765625,4694.2998046875,4692.7001953125,4693.10009765625,55
2026-08-26 03:18:00-04:00,4691.10009765625,4691.10009765625,4693.2998046875,4690.7001953125,4692.7998046875,51
2026-08-26 03:19:00-04:00,4690.2001953125,4690.2001953125,4691.10009765625,4690.10009765625,4690.89990234375,19
2026-08-26 03:20:00-04:00,4689.2001953125,4689.2001953125,4689.89990234375,4688.39990234375,4689.89990234375,57
2026-08-26 03:21:00-04:00,4690.5,4690.5,4690.89990234375,4689.10009765625,4689.60009765625,56
2026-08-26 03:22:00-04:00,4690.0,4690.0,4691.39990234375,4689.5,4690.7998046875,61
2026-08-26 03:23:00-04:00,4689.7001953125,4689.7001953125,4690.0,4689.7001953125,4689.89990234375,12
2026-08-26 03:24:00-04:00,4690.5,4690.5,4691.7001953125,4689.39990234375,4689.5,91
2026-08-26 03:25:00-04:00,4690.89990234375,4690.89990234375,4692.39990234375,4690.60009765625,4690.60009765625,85
2026-08-26 03:26:00-04:00,4690.7998046875,4690.7998046875,4691.39990234375,4689.7998046875,4691.10009765625,50
2026-08-26 03:27:00-04:00,4689.60009765625,4689.60009765625,4690.5,4688.7001953125,4690.39990234375,100
2026-08-26 03:28:00-04:00,4688.10009765625,4688.10009765625,4689.7998046875,4687.7001953125,4689.2998046875,40
2026-08-26 03:29:00-04:00,4687.5,4687.5,4688.10009765625,4686.89990234375,4688.10009765625,53
2026-08-26 03:30:00-04:00,4688.39990234375,4688.39990234375,4688.7001953125,4687.39990234375,4687.60009765625,127
2026-08-26 03:31:00-04:00,4688.89990234375,4688.89990234375,4689.2998046875,4687.7001953125,4688.60009765625,52
2026-08-26 03:32:00-04:00,4690.2998046875,4690.2998046875,4690.89990234375,4689.2998046875,4689.2998046875,24
2026-08-26 03:33:00-04:00,4691.7001953125,4691.7001953125,4691.7998046875,4690.2001953125,4690.60009765625,83
2026-08-26 03:34:00-04:00,4689.7998046875,4689.7998046875,4693.0,4689.2998046875,4692.2001953125,136
2026-08-26 03:35:00-04:00,4690.7001953125,4690.7001953125,4690.7001953125,4688.7998046875,4689.5,66
2026-08-26 03:36:00-04:00,4690.2001953125,4690.2001953125,4690.60009765625,4690.10009765625,4690.5,9
2026-08-26 03:37:00-04:00,4689.2001953125,4689.2001953125,4690.39990234375,4689.2001953125,4690.10009765625,17
2026-08-26 03:38:00-04:00,4688.60009765625,4688.60009765625,4689.39990234375,4688.2001953125,4688.89990234375,27
2026-08-26 03:39:00-04:00,4686.7001953125,4686.7001953125,4688.2001953125,4686.39990234375,4688.2001953125,166
2026-08-26 03:40:00-04:00,4685.7001953125,4685.7001953125,4686.89990234375,4685.10009765625,4686.7998046875,71
2026-08-26 03:41:00-04:00,4685.89990234375,4685.89990234375,4686.2998046875,4685.39990234375,4685.5,29
2026-08-26 03:42:00-04:00,4686.7998046875,4686.7998046875,4686.7998046875,4685.10009765625,4685.89990234375,28
2026-08-26 03:43:00-04:00,4686.0,4686.0,4687.0,4686.0,4687.0,36
2026-08-26 03:44:00-04:00,4688.2998046875,4688.2998046875,4688.2998046875,4686.5,4686.5,39
2026-08-26 03:45:00-04:00,4687.7998046875,4687.7998046875,4688.39990234375,4687.10009765625,4688.39990234375,34
2026-08-26 03:46:00-04:00,4687.89990234375,4687.89990234375,4688.7001953125,4686.89990234375,4687.60009765625,54
2026-08-26 03:47:00-04:00,4688.2998046875,4688.2998046875,4688.5,4687.7998046875,4688.0,25
2026-08-26 03:48:00-04:00,4690.2998046875,4690.2998046875,4690.2998046875,4688.39990234375,4688.5,58
2026-08-26 03:49:00-04:00,4688.2001953125,4688.2001953125,4691.2001953125,4687.7998046875,4690.7998046875,79
2026-08-26 03:50:00-04:00,4687.10009765625,4687.10009765625,4688.0,4686.7001953125,4688.0,52
2026-08-26 03:51:00-04:00,4684.2998046875,4684.2998046875,4687.89990234375,4684.0,4687.60009765625,96
2026-08-26 03:52:00-04:00,4685.2001953125,4685.2001953125,4685.60009765625,4684.60009765625,4684.60009765625,58
2026-08-26 03:53:00-04:00,4683.89990234375,4683.89990234375,4685.7998046875,4683.89990234375,4685.10009765625,92
2026-08-26 03:54:00-04:00,4684.5,4684.5,4684.7998046875,4683.7001953125,4684.10009765625,55
2026-08-26 03:55:00-04:00,4683.10009765625,4683.10009765625,4684.89990234375,4682.60009765625,4684.89990234375,89
2026-08-26 03:56:00-04:00,4683.39990234375,4683.39990234375,4684.7998046875,4682.89990234375,4682.89990234375,137
2026-08-26 03:57:00-04:00,4684.39990234375,4684.39990234375,4684.7001953125,4683.10009765625,4683.10009765625,50
2026-08-26 03:58:00-04:00,4685.2001953125,4685.2001953125,4685.5,4684.5,4684.5,52
2026-08-26 03:59:00-04:00,4685.10009765625,4685.10009765625,4686.0,4684.10009765625,4685.2998046875,252
2026-08-26 04:00:00-04:00,4683.89990234375,4683.89990234375,4685.39990234375,4683.2998046875,4684.89990234375,58
2026-08-26 04:01:00-04:00,4683.7998046875,4683.7998046875,4685.0,4682.7001953125,4683.7998046875,82
2026-08-26 04:02:00-04:00,4684.89990234375,4684.89990234375,4685.39990234375,4683.7001953125,4683.7001953125,55
2026-08-26 04:03:00-04:00,4685.89990234375,4685.89990234375,4686.7001953125,4685.0,4685.0,77
2026-08-26 04:04:00-04:00,4684.39990234375,4684.39990234375,4686.10009765625,4684.39990234375,4686.0,50
2026-08-26 04:05:00-04:00,4684.2001953125,4684.2001953125,4685.10009765625,4684.10009765625,4684.7001953125,58
2026-08-26 04:06:00-04:00,4683.5,4683.5,4684.39990234375,4683.2001953125,4684.2998046875,73
2026-08-26 04:07:00-04:00,4682.0,4682.0,4683.60009765625,4682.0,4683.60009765625,61
2026-08-26 04:08:00-04:00,4683.89990234375,4683.89990234375,4683.89990234375,4681.5,4682.0,76
2026-08-26 04:09:00-04:00,4683.7001953125,4683.7001953125,4685.2998046875,4683.7001953125,4684.2001953125,60
2026-08-26 04:10:00-04:00,4682.7998046875,4682.7998046875,4684.0,4682.7001953125,4683.7001953125,41
2026-08-26 04:11:00-04:00,4682.10009765625,4682.10009765625,4682.7998046875,4681.7001953125,4682.7998046875,39
2026-08-26 04:12:00-04:00,4683.5,4683.5,4683.7998046875,4681.7998046875,4682.2001953125,81
2026-08-26 04:13:00-04:00,4683.7998046875,4683.7998046875,4684.2998046875,4682.7001953125,4683.5,85
2026-08-26 04:14:00-04:00,4681.5,4681.5,4683.7998046875,4681.39990234375,4683.7998046875,97
2026-08-26 04:15:00-04:00,4680.89990234375,4680.89990234375,4681.2998046875,4678.7001953125,4681.2998046875,293
2026-08-26 04:16:00-04:00,4683.89990234375,4683.89990234375,4684.5,4680.60009765625,4680.60009765625,161
2026-08-26 04:17:00-04:00,4681.5,4681.5,4683.89990234375,4681.5,4683.7001953125,102
2026-08-26 04:18:00-04:00,4679.89990234375,4679.89990234375,4681.0,4679.7998046875,4680.7998046875,80
2026-08-26 04:19:00-04:00,4680.39990234375,4680.39990234375,4680.89990234375,4679.7998046875,4679.7998046875,49
2026-08-26 04:20:00-04:00,4679.89990234375,4679.89990234375,4681.0,4679.89990234375,4680.7998046875,43
2026-08-26 04:21:00-04:00,4680.2001953125,4680.2001953125,4680.60009765625,4679.7998046875,4679.7998046875,70
2026-08-26 04:22:00-04:00,4679.7001953125,4679.7001953125,4680.5,4679.60009765625,4680.0,42
2026-08-26 04:23:00-04:00,4679.7998046875,4679.7998046875,4680.0,4677.2998046875,4679.7001953125,123
2026-08-26 04:24:00-04:00,4682.0,4682.0,4682.2001953125,4679.2998046875,4679.60009765625,81
2026-08-26 04:25:00-04:00,4682.89990234375,4682.89990234375,4683.10009765625,4681.39990234375,4682.0,96
2026-08-26 04:26:00-04:00,4683.0,4683.0,4683.0,4681.89990234375,4682.7001953125,40
2026-08-26 04:27:00-04:00,4683.7998046875,4683.7998046875,4684.2998046875,4682.60009765625,4682.60009765625,51
2026-08-26 04:28:00-04:00,4684.7001953125,4684.7001953125,4684.7001953125,4683.39990234375,4683.60009765625,38
2026-08-26 04:29:00-04:00,4684.89990234375,4684.89990234375,4685.10009765625,4684.2001953125,4684.7001953125,65
2026-08-26 04:30:00-04:00,4682.89990234375,4682.89990234375,4685.2998046875,4682.2001953125,4685.2001953125,52
2026-08-26 04:31:00-04:00,4682.7998046875,4682.7998046875,4682.7998046875,4680.60009765625,4682.7001953125,66
2026-08-26 04:32:00-04:00,4682.89990234375,4682.89990234375,4683.60009765625,4682.39990234375,4683.10009765625,36
2026-08-26 04:33:00-04:00,4685.60009765625,4685.60009765625,4686.39990234375,4682.2998046875,4682.89990234375,98
2026-08-26 04:34:00-04:00,4683.5,4683.5,4685.60009765625,4683.5,4685.5,85
2026-08-26 04:35:00-04:00,4684.7998046875,4684.7998046875,4684.7998046875,4683.7001953125,4683.89990234375,30
2026-08-26 04:36:00-04:00,4685.39990234375,4685.39990234375,4686.0,4684.10009765625,4684.7998046875,44
2026-08-26 04:37:00-04:00,4684.39990234375,4684.39990234375,4686.39990234375,4684.39990234375,4685.2998046875,66
2026-08-26 04:38:00-04:00,4684.0,4684.0,4684.60009765625,4683.7998046875,4684.5,37
2026-08-26 04:39:00-04:00,4684.7001953125,4684.7001953125,4685.0,4683.7998046875,4684.0,26
2026-08-26 04:40:00-04:00,4684.2998046875,4684.2998046875,4684.60009765625,4683.89990234375,4684.60009765625,41
2026-08-26 04:41:00-04:00,4684.2998046875,4684.2998046875,4684.2998046875,4683.7001953125,4683.7998046875,27
2026-08-26 04:42:00-04:00,4684.39990234375,4684.39990234375,4684.7001953125,4683.7998046875,4684.5,36
2026-08-26 04:43:00-04:00,4684.7998046875,4684.7998046875,4684.7998046875,4683.89990234375,4684.60009765625,25
2026-08-26 04:44:00-04:00,4685.0,4685.0,4685.0,4684.2998046875,4684.7998046875,19
2026-08-26 04:45:00-04:00,4685.10009765625,4685.10009765625,4685.2998046875,4684.60009765625,4684.7998046875,12
2026-08-26 04:46:00-04:00,4684.5,4684.5,4685.39990234375,4684.2998046875,4685.10009765625,46
2026-08-26 04:47:00-04:00,4682.89990234375,4682.89990234375,4684.7998046875,4682.5,4684.7998046875,60
2026-08-26 04:48:00-04:00,4683.7998046875,4683.7998046875,4683.89990234375,4683.5,4683.60009765625,147
2026-08-26 04:49:00-04:00,4684.2998046875,4684.2998046875,4684.2998046875,4683.39990234375,4684.0,18
2026-08-26 04:50:00-04:00,4684.10009765625,4684.10009765625,4684.39990234375,4683.0,4684.2001953125,79
2026-08-26 04:51:00-04:00,4683.2001953125,4683.2001953125,4683.7001953125,4683.2001953125,4683.60009765625,11
2026-08-26 04:52:00-04:00,4683.7998046875,4683.7998046875,4684.10009765625,4683.2998046875,4683.2998046875,10
2026-08-26 04:53:00-04:00,4683.5,4683.5,4683.60009765625,4683.0,4683.60009765625,32
2026-08-26 04:54:00-04:00,4683.2001953125,4683.2001953125,4683.60009765625,4682.7998046875,4683.39990234375,27
2026-08-26 04:55:00-04:00,4682.60009765625,4682.60009765625,4683.2998046875,4681.2998046875,4683.10009765625,80
2026-08-26 04:56:00-04:00,4682.2998046875,4682.2998046875,4682.60009765625,4682.0,4682.60009765625,20
2026-08-26 04:57:00-04:00,4682.5,4682.5,4682.5,4681.7001953125,4682.2001953125,28
2026-08-26 04:58:00-04:00,4682.0,4682.0,4683.10009765625,4682.0,4682.2998046875,39
2026-08-26 04:59:00-04:00,4683.7001953125,4683.7001953125,4684.10009765625,4681.60009765625,4681.7998046875,31
2026-08-26 05:00:00-04:00,4684.2998046875,4684.2998046875,4685.0,4683.0,4684.0,64
2026-08-26 05:01:00-04:00,4685.39990234375,4685.39990234375,4687.0,4682.0,4684.0,478
2026-08-26 05:02:00-04:00,4685.39990234375,4685.39990234375,4686.60009765625,4685.2998046875,4685.39990234375,85
2026-08-26 05:03:00-04:00,4683.7998046875,4683.7998046875,4685.39990234375,4683.39990234375,4685.39990234375,43
2026-08-26 05:04:00-04:00,4681.5,4681.5,4684.2001953125,4681.5,4684.10009765625,182
2026-08-26 05:05:00-04:00,4682.60009765625,4682.60009765625,4682.89990234375,4680.60009765625,4681.5,114
2026-08-26 05:06:00-04:00,4682.2001953125,4682.2001953125,4682.7001953125,4681.7998046875,4682.7001953125,40
2026-08-26 05:07:00-04:00,4681.0,4681.0,4683.0,4681.0,4682.5,40
2026-08-26 05:08:00-04:00,4680.2998046875,4680.2998046875,4682.0,4679.7001953125,4681.2998046875,171
2026-08-26 05:09:00-04:00,4679.7998046875,4679.7998046875,4680.7001953125,4679.7001953125,4680.5,47
2026-08-26 05:10:00-04:00,4681.10009765625,4681.10009765625,4682.10009765625,4679.2001953125,4679.39990234375,182
2026-08-26 05:11:00-04:00,4681.7998046875,4681.7998046875,4682.39990234375,4680.89990234375,4681.2998046875,97
2026-08-26 05:12:00-04:00,4683.2001953125,4683.2001953125,4683.2998046875,4682.2001953125,4682.2998046875,29
2026-08-26 05:13:00-04:00,4680.39990234375,4680.39990234375,4682.89990234375,4680.2998046875,4682.89990234375,132
2026-08-26 05:14:00-04:00,4680.39990234375,4680.39990234375,4681.10009765625,4680.39990234375,4680.5,57
2026-08-26 05:15:00-04:00,4679.89990234375,4679.89990234375,4680.2998046875,4679.89990234375,4680.2998046875,22
2026-08-26 05:16:00-04:00,4678.10009765625,4678.10009765625,4680.7001953125,4677.10009765625,4680.10009765625,200
2026-08-26 05:17:00-04:00,4678.10009765625,4678.10009765625,4678.7001953125,4677.7998046875,4677.89990234375,40
2026-08-26 05:18:00-04:00,4677.2998046875,4677.2998046875,4679.10009765625,4677.0,4678.2001953125,185
2026-08-26 05:19:00-04:00,4676.60009765625,4676.60009765625,4678.2998046875,4676.60009765625,4678.0,112
2026-08-26 05:20:00-04:00,4676.2001953125,4676.2001953125,4677.0,4675.39990234375,4676.89990234375,183
2026-08-26 05:21:00-04:00,4676.39990234375,4676.39990234375,4676.7001953125,4674.0,4676.2001953125,318
2026-08-26 05:22:00-04:00,4676.60009765625,4676.60009765625,4676.7001953125,4675.39990234375,4676.5,94
2026-08-26 05:23:00-04:00,4674.7998046875,4674.7998046875,4677.2998046875,4674.60009765625,4676.7998046875,84
2026-08-26 05:24:00-04:00,4674.2998046875,4674.2998046875,4674.89990234375,4674.2001953125,4674.39990234375,48
2026-08-26 05:25:00-04:00,4672.60009765625,4672.60009765625,4674.60009765625,4671.5,4674.2001953125,355
2026-08-26 05:26:00-04:00,4673.2001953125,4673.2001953125,4675.5,4672.60009765625,4672.60009765625,217
2026-08-26 05:27:00-04:00,4672.60009765625,4672.60009765625,4673.2998046875,4671.2998046875,4673.2001953125,160
2026-08-26 05:28:00-04:00,4672.7001953125,4672.7001953125,4673.39990234375,4671.89990234375,4672.5,95
2026-08-26 05:29:00-04:00,4672.39990234375,4672.39990234375,4673.2001953125,4671.89990234375,4672.60009765625,83
2026-08-26 05:30:00-04:00,4673.89990234375,4673.89990234375,4674.10009765625,4672.0,4672.10009765625,198
2026-08-26 05:31:00-04:00,4676.5,4676.5,4676.5,4674.2001953125,4674.2001953125,101
2026-08-26 05:32:00-04:00,4676.7998046875,4676.7998046875,4677.2998046875,4676.2998046875,4676.5,103
2026-08-26 05:33:00-04:00,4677.2998046875,4677.2998046875,4678.0,4676.0,4676.7998046875,79
2026-08-26 05:34:00-04:00,4676.10009765625,4676.10009765625,4677.2998046875,4675.7998046875,4677.2998046875,46
2026-08-26 05:35:00-04:00,4676.5,4676.5,4676.7998046875,4676.39990234375,4676.7001953125,20
2026-08-26 05:36:00-04:00,4676.2998046875,4676.2998046875,4676.7998046875,4675.5,4676.7001953125,78
2026-08-26 05:37:00-04:00,4676.10009765625,4676.10009765625,4676.89990234375,4676.10009765625,4676.2998046875,30
2026-08-26 05:38:00-04:00,4676.2001953125,4676.2001953125,4676.60009765625,4676.2001953125,4676.2001953125,14
2026-08-26 05:39:00-04:00,4675.89990234375,4675.89990234375,4676.7001953125,4675.89990234375,4676.39990234375,46
2026-08-26 05:40:00-04:00,4675.7001953125,4675.7001953125,4676.2998046875,4675.7001953125,4675.89990234375,36
2026-08-26 05:41:00-04:00,4676.2998046875,4676.2998046875,4676.39990234375,4675.2998046875,4675.7998046875,36
2026-08-26 05:42:00-04:00,4676.10009765625,4676.10009765625,4676.5,4675.5,4675.89990234375,45
2026-08-26 05:43:00-04:00,4677.7001953125,4677.7001953125,4678.10009765625,4676.0,4676.10009765625,91
2026-08-26 05:44:00-04:00,4678.0,4678.0,4678.10009765625,4677.5,4677.7001953125,22
2026-08-26 05:45:00-04:00,4678.2001953125,4678.2001953125,4678.7998046875,4677.7001953125,4677.7001953125,55
2026-08-26 05:46:00-04:00,4679.39990234375,4679.39990234375,4680.10009765625,4677.7998046875,4678.2001953125,102
2026-08-26 05:47:00-04:00,4679.10009765625,4679.10009765625,4679.7001953125,4678.89990234375,4679.5,67
2026-08-26 05:48:00-04:00,4681.2001953125,4681.2001953125,4681.60009765625,4679.10009765625,4679.10009765625,94
2026-08-26 05:49:00-04:00,4680.39990234375,4680.39990234375,4681.39990234375,4680.10009765625,4680.89990234375,52
2026-08-26 05:50:00-04:00,4680.2001953125,4680.2001953125,4680.7001953125,4679.10009765625,4679.7998046875,52
2026-08-26 05:51:00-04:00,4681.0,4681.0,4681.39990234375,4680.2001953125,4680.2001953125,33
2026-08-26 05:52:00-04:00,4679.2998046875,4679.2998046875,4681.0,4679.2998046875,4680.7001953125,79
2026-08-26 05:53:00-04:00,4679.7998046875,4679.7998046875,4680.10009765625,4679.0,4679.5,56
2026-08-26 05:54:00-04:00,4680.2001953125,4680.2001953125,4680.7998046875,4679.5,4680.0,35
2026-08-26 05:55:00-04:00,4680.7998046875,4680.7998046875,4681.10009765625,4680.60009765625,4680.7001953125,18
2026-08-26 05:56:00-04:00,4680.2001953125,4680.2001953125,4680.7998046875,4680.2001953125,4680.7001953125,23
2026-08-26 05:57:00-04:00,4680.5,4680.5,4680.5,4679.7001953125,4679.7998046875,40
2026-08-26 05:58:00-04:00,4680.0,4680.0,4680.60009765625,4679.7998046875,4680.2998046875,31
2026-08-26 05:59:00-04:00,4679.5,4679.5,4680.2998046875,4679.5,4680.0,29
2026-08-26 06:00:00-04:00,4678.89990234375,4678.89990234375,4679.7001953125,4678.0,4679.60009765625,91
2026-08-26 06:01:00-04:00,4678.0,4678.0,4679.0,4677.5,4679.0,44
2026-08-26 06:02:00-04:00,4676.7998046875,4676.7998046875,4678.2998046875,4676.7998046875,4677.7001953125,23
2026-08-26 06:03:00-04:00,4679.5,4679.5,4679.5,4676.2998046875,4676.7998046875,71
2026-08-26 06:04:00-04:00,4679.60009765625,4679.60009765625,4680.0,4679.2001953125,4679.60009765625,21
2026-08-26 06:05:00-04:00,4678.0,4678.0,4679.10009765625,4677.2998046875,4679.10009765625,28
2026-08-26 06:06:00-04:00,4678.2001953125,4678.2001953125,4678.39990234375,4677.7001953125,4677.7998046875,20
2026-08-26 06:07:00-04:00,4677.60009765625,4677.60009765625,4678.2998046875,4677.60009765625,4678.2001953125,40
2026-08-26 06:08:00-04:00,4677.10009765625,4677.10009765625,4677.39990234375,4676.5,4677.39990234375,23
2026-08-26 06:09:00-04:00,4677.7001953125,4677.7001953125,4677.7001953125,4677.39990234375,4677.5,7
2026-08-26 06:10:00-04:00,4677.10009765625,4677.10009765625,4677.89990234375,4677.10009765625,4677.89990234375,21
2026-08-26 06:11:00-04:00,4675.5,4675.5,4677.0,4675.10009765625,4677.0,82
2026-08-26 06:12:00-04:00,4674.2998046875,4674.2998046875,4675.7001953125,4674.2001953125,4675.5,41
2026-08-26 06:13:00-04:00,4674.89990234375,4674.89990234375,4674.89990234375,4673.89990234375,4674.2998046875,59
2026-08-26 06:14:00-04:00,4675.10009765625,4675.10009765625,4675.2998046875,4674.60009765625,4675.0,47
2026-08-26 06:15:00-04:00,4675.5,4675.5,4676.10009765625,4674.60009765625,4674.89990234375,66
2026-08-26 06:16:00-04:00,4676.10009765625,4676.10009765625,4676.7998046875,4675.5,4676.10009765625,60
2026-08-26 06:17:00-04:00,4676.0,4676.0,4676.2001953125,4675.7998046875,4676.0,13
2026-08-26 06:18:00-04:00,4674.39990234375,4674.39990234375,4675.39990234375,4674.39990234375,4675.39990234375,23
2026-08-26 06:19:00-04:00,4673.39990234375,4673.39990234375,4674.60009765625,4673.2998046875,4674.60009765625,55
2026-08-26 06:20:00-04:00,4672.7001953125,4672.7001953125,4673.7001953125,4672.2001953125,4673.0,27
2026-08-26 06:21:00-04:00,4672.7998046875,4672.7998046875,4674.2001953125,4672.60009765625,4672.7001953125,70
2026-08-26 06:22:00-04:00,4674.60009765625,4674.60009765625,4674.60009765625,4672.2998046875,4672.7001953125,29
2026-08-26 06:23:00-04:00,4675.89990234375,4675.89990234375,4676.0,4674.7001953125,4674.7001953125,89
2026-08-26 06:24:00-04:00,4674.60009765625,4674.60009765625,4676.0,4674.10009765625,4675.89990234375,125
2026-08-26 06:25:00-04:00,4671.2001953125,4671.2001953125,4674.2998046875,4671.10009765625,4674.2998046875,176
2026-08-26 06:26:00-04:00,4670.39990234375,4670.39990234375,4671.2001953125,4670.10009765625,4671.2001953125,313
2026-08-26 06:27:00-04:00,4670.39990234375,4670.39990234375,4671.2001953125,4668.7998046875,4670.5,263
2026-08-26 06:28:00-04:00,4670.39990234375,4670.39990234375,4671.2998046875,4670.10009765625,4670.2998046875,75
2026-08-26 06:29:00-04:00,4670.7998046875,4670.7998046875,4671.2001953125,4670.60009765625,4670.7001953125,172
2026-08-26 06:30:00-04:00,4670.7001953125,4670.7001953125,4671.89990234375,4670.7001953125,4671.2001953125,60
2026-08-26 06:31:00-04:00,4673.7998046875,4673.7998046875,4673.89990234375,4670.89990234375,4670.89990234375,156
2026-08-26 06:32:00-04:00,4674.10009765625,4674.10009765625,4674.10009765625,4673.60009765625,4673.7001953125,42
2026-08-26 06:33:00-04:00,4675.2998046875,4675.2998046875,4675.2998046875,4674.0,4674.0,51
2026-08-26 06:34:00-04:00,4675.39990234375,4675.39990234375,4675.39990234375,4674.2998046875,4675.2001953125,25
2026-08-26 06:35:00-04:00,4674.89990234375,4674.89990234375,4675.39990234375,4674.39990234375,4675.39990234375,28
2026-08-26 06:36:00-04:00,4675.7001953125,4675.7001953125,4676.2001953125,4674.60009765625,4674.7001953125,85
2026-08-26 06:37:00-04:00,4677.10009765625,4677.10009765625,4677.60009765625,4675.5,4676.0,119
2026-08-26 06:38:00-04:00,4678.7998046875,4678.7998046875,4678.7998046875,4677.0,4677.0,62
2026-08-26 06:39:00-04:00,4679.89990234375,4679.89990234375,4680.10009765625,4678.89990234375,4678.89990234375,99
2026-08-26 06:40:00-04:00,4679.5,4679.5,4680.10009765625,4678.89990234375,4679.7001953125,53
2026-08-26 06:41:00-04:00,4679.7998046875,4679.7998046875,4680.0,4678.7998046875,4679.2998046875,38
2026-08-26 06:42:00-04:00,4678.5,4678.5,4679.7998046875,4678.2998046875,4679.7998046875,35
2026-08-26 06:43:00-04:00,4677.5,4677.5,4678.10009765625,4676.89990234375,4678.10009765625,52
2026-08-26 06:44:00-04:00,4678.2998046875,4678.2998046875,4678.2998046875,4677.5,4677.60009765625,26
2026-08-26 06:45:00-04:00,4678.7001953125,4678.7001953125,4678.7001953125,4678.2001953125,4678.39990234375,14
2026-08-26 06:46:00-04:00,4679.0,4679.0,4679.2998046875,4678.60009765625,4678.60009765625,26
2026-08-26 06:47:00-04:00,4678.60009765625,4678.60009765625,4678.89990234375,4678.2998046875,4678.2998046875,26
2026-08-26 06:48:00-04:00,4679.60009765625,4679.60009765625,4679.60009765625,4678.5,4678.5,71
2026-08-26 06:49:00-04:00,4679.5,4679.5,4679.89990234375,4678.89990234375,4679.2998046875,30
2026-08-26 06:50:00-04:00,4679.2001953125,4679.2001953125,4679.7001953125,4677.39990234375,4679.7001953125,172
2026-08-26 06:51:00-04:00,4679.60009765625,4679.60009765625,4679.7998046875,4679.10009765625,4679.5,36
2026-08-26 06:52:00-04:00,4678.60009765625,4678.60009765625,4679.39990234375,4678.2998046875,4679.2001953125,20
2026-08-26 06:53:00-04:00,4677.89990234375,4677.89990234375,4678.5,4677.5,4678.2001953125,21
2026-08-26 06:54:00-04:00,4678.5,4678.5,4678.60009765625,4678.10009765625,4678.10009765625,18
2026-08-26 06:55:00-04:00,4676.7998046875,4676.7998046875,4678.2998046875,4676.60009765625,4678.2001953125,27
2026-08-26 06:56:00-04:00,4676.2998046875,4676.2998046875,4676.89990234375,4676.2998046875,4676.7998046875,18
2026-08-26 06:57:00-04:00,4676.2998046875,4676.2998046875,4676.7998046875,4676.10009765625,4676.39990234375,43
2026-08-26 06:58:00-04:00,4675.60009765625,4675.60009765625,4676.39990234375,4674.60009765625,4676.2998046875,57
2026-08-26 06:59:00-04:00,4675.89990234375,4675.89990234375,4676.89990234375,4675.5,4675.5,38
2026-08-26 07:00:00-04:00,4676.7001953125,4676.7001953125,4676.7998046875,4675.7001953125,4676.2998046875,47
2026-08-26 07:01:00-04:00,4676.0,4676.0,4676.7001953125,4675.2998046875,4676.60009765625,49
2026-08-26 07:02:00-04:00,4676.0,4676.0,4677.2998046875,4675.7001953125,4675.89990234375,46
2026-08-26 07:03:00-04:00,4677.2998046875,4677.2998046875,4677.5,4676.39990234375,4676.39990234375,38
2026-08-26 07:04:00-04:00,4676.5,4676.5,4677.89990234375,4676.2998046875,4676.7998046875,42
2026-08-26 07:05:00-04:00,4674.89990234375,4674.89990234375,4676.2998046875,4674.89990234375,4676.2001953125,61
2026-08-26 07:06:00-04:00,4674.7998046875,4674.7998046875,4675.2001953125,4674.5,4675.0,27
2026-08-26 07:07:00-04:00,4674.2001953125,4674.2001953125,4674.60009765625,4674.0,4674.39990234375,45
2026-08-26 07:08:00-04:00,4673.7001953125,4673.7001953125,4674.5,4673.7001953125,4674.5,22
2026-08-26 07:09:00-04:00,4673.5,4673.5,4673.5,4672.60009765625,4673.39990234375,42
2026-08-26 07:10:00-04:00,4673.5,4673.5,4673.7001953125,4673.10009765625,4673.39990234375,42
2026-08-26 07:11:00-04:00,4673.7998046875,4673.7998046875,4674.60009765625,4673.5,4673.5,42
2026-08-26 07:12:00-04:00,4673.7998046875,4673.7998046875,4674.0,4672.60009765625,4673.89990234375,32
2026-08-26 07:13:00-04:00,4674.10009765625,4674.10009765625,4674.89990234375,4673.89990234375,4674.0,465
2026-08-26 07:14:00-04:00,4674.10009765625,4674.10009765625,4674.60009765625,4673.89990234375,4674.0,39
2026-08-26 07:15:00-04:00,4676.2998046875,4676.2998046875,4677.2001953125,4674.0,4674.39990234375,331
2026-08-26 07:16:00-04:00,4676.10009765625,4676.10009765625,4676.2998046875,4675.2001953125,4676.2001953125,157
2026-08-26 07:17:00-04:00,4676.2998046875,4676.2998046875,4676.60009765625,4675.7001953125,4675.7998046875,53
2026-08-26 07:18:00-04:00,4678.39990234375,4678.39990234375,4678.7001953125,4676.2998046875,4676.5,160
2026-08-26 07:19:00-04:00,4678.0,4678.0,4678.7998046875,4677.60009765625,4678.2998046875,63
2026-08-26 07:20:00-04:00,4676.60009765625,4676.60009765625,4678.5,4676.60009765625,4677.7998046875,38
2026-08-26 07:21:00-04:00,4674.60009765625,4674.60009765625,4676.7998046875,4674.2998046875,4676.5,56
2026-08-26 07:22:00-04:00,4672.89990234375,4672.89990234375,4674.5,4672.39990234375,4674.39990234375,51
2026-08-26 07:23:00-04:00,4672.2001953125,4672.2001953125,4673.10009765625,4672.10009765625,4672.89990234375,69
2026-08-26 07:24:00-04:00,4672.5,4672.5,4673.2998046875,4672.39990234375,4672.7001953125,32
2026-08-26 07:25:00-04:00,4673.7001953125,4673.7001953125,4674.0,4672.2998046875,4672.2998046875,48
2026-08-26 07:26:00-04:00,4674.0,4674.0,4674.2001953125,4673.10009765625,4673.60009765625,38
2026-08-26 07:27:00-04:00,4677.2001953125,4677.2001953125,4677.39990234375,4673.89990234375,4673.89990234375,78
2026-08-26 07:28:00-04:00,4676.5,4676.5,4677.10009765625,4675.5,4676.89990234375,74
2026-08-26 07:29:00-04:00,4676.0,4676.0,4677.2001953125,4676.0,4676.60009765625,64
2026-08-26 07:30:00-04:00,4675.2001953125,4675.2001953125,4676.7001953125,4674.7998046875,4676.39990234375,50
2026-08-26 07:31:00-04:00,4678.10009765625,4678.10009765625,4678.89990234375,4675.2001953125,4675.2001953125,96
2026-08-26 07:32:00-04:00,4677.89990234375,4677.89990234375,4678.7001953125,4677.5,4678.2998046875,88
2026-08-26 07:33:00-04:00,4675.89990234375,4675.89990234375,4678.5,4675.89990234375,4678.0,99
2026-08-26 07:34:00-04:00,4674.7998046875,4674.7998046875,4675.89990234375,4674.2001953125,4675.89990234375,83
2026-08-26 07:35:00-04:00,4675.0,4675.0,4675.5,4673.2001953125,4674.60009765625,88
2026-08-26 07:36:00-04:00,4674.7998046875,4674.7998046875,4675.5,4674.39990234375,4675.39990234375,28
2026-08-26 07:37:00-04:00,4673.39990234375,4673.39990234375,4675.10009765625,4673.39990234375,4674.7998046875,30
2026-08-26 07:38:00-04:00,4673.7998046875,4673.7998046875,4674.10009765625,4673.0,4674.0,34
2026-08-26 07:39:00-04:00,4674.0,4674.0,4674.2998046875,4673.60009765625,4673.7998046875,36
2026-08-26 07:40:00-04:00,4674.2998046875,4674.2998046875,4674.60009765625,4673.0,4673.7998046875,61
2026-08-26 07:41:00-04:00,4674.2998046875,4674.2998046875,4674.39990234375,4673.7998046875,4674.2001953125,26
2026-08-26 07:42:00-04:00,4674.2001953125,4674.2001953125,4674.2001953125,4673.39990234375,4674.10009765625,46
2026-08-26 07:43:00-04:00,4674.7001953125,4674.7001953125,4675.2001953125,4674.10009765625,4674.5,24
2026-08-26 07:44:00-04:00,4674.5,4674.5,4675.0,4674.2001953125,4674.7001953125,27
2026-08-26 07:45:00-04:00,4673.5,4673.5,4674.7998046875,4672.7998046875,4674.5,85
2026-08-26 07:46:00-04:00,4673.89990234375,4673.89990234375,4674.39990234375,4673.2998046875,4673.5,33
2026-08-26 07:47:00-04:00,4673.0,4673.0,4674.39990234375,4672.5,4674.39990234375,33
2026-08-26 07:48:00-04:00,4674.60009765625,4674.60009765625,4674.7001953125,4672.39990234375,4672.7998046875,67
2026-08-26 07:49:00-04:00,4674.0,4674.0,4674.5,4673.39990234375,4674.5,30
2026-08-26 07:50:00-04:00,4674.39990234375,4674.39990234375,4675.5,4674.10009765625,4674.10009765625,40
2026-08-26 07:51:00-04:00,4673.5,4673.5,4674.7001953125,4673.0,4674.60009765625,66
2026-08-26 07:52:00-04:00,4675.10009765625,4675.10009765625,4675.2998046875,4673.39990234375,4673.60009765625,49
2026-08-26 07:53:00-04:00,4674.2998046875,4674.2998046875,4675.2998046875,4674.2998046875,4675.2001953125,23
2026-08-26 07:54:00-04:00,4675.0,4675.0,4675.5,4674.2998046875,4674.39990234375,17
2026-08-26 07:55:00-04:00,4675.2998046875,4675.2998046875,4675.60009765625,4674.7998046875,4675.2998046875,20
2026-08-26 07:56:00-04:00,4677.10009765625,4677.10009765625,4677.10009765625,4674.89990234375,4675.5,45
2026-08-26 07:57:00-04:00,4679.7998046875,4679.7998046875,4680.0,4676.7998046875,4677.10009765625,180
2026-08-26 07:58:00-04:00,4679.89990234375,4679.89990234375,4680.39990234375,4679.60009765625,4679.60009765625,107
2026-08-26 07:59:00-04:00,4680.2998046875,4680.2998046875,4681.0,4679.5,4680.2998046875,93
2026-08-26 08:00:00-04:00,4681.2998046875,4681.2998046875,4681.5,4679.39990234375,4680.60009765625,183
2026-08-26 08:01:00-04:00,4682.7001953125,4682.7001953125,4683.60009765625,4681.0,4681.2001953125,288
2026-08-26 08:02:00-04:00,4684.2001953125,4684.2001953125,4685.0,4682.7001953125,4682.89990234375,150
2026-08-26 08:03:00-04:00,4682.7998046875,4682.7998046875,4684.7001953125,4681.10009765625,4684.10009765625,104
2026-08-26 08:04:00-04:00,4683.2998046875,4683.2998046875,4683.2998046875,4682.10009765625,4682.39990234375,87
2026-08-26 08:05:00-04:00,4684.2001953125,4684.2001953125,4684.2998046875,4683.2998046875,4683.2998046875,75
2026-08-26 08:06:00-04:00,4684.7001953125,4684.7001953125,4685.60009765625,4684.2001953125,4684.39990234375,489
2026-08-26 08:07:00-04:00,4683.89990234375,4683.89990234375,4684.7001953125,4683.89990234375,4684.39990234375,113
2026-08-26 08:08:00-04:00,4683.39990234375,4683.39990234375,4684.7998046875,4683.10009765625,4684.10009765625,67
2026-08-26 08:09:00-04:00,4683.0,4683.0,4684.10009765625,4682.7998046875,4683.10009765625,62
2026-08-26 08:10:00-04:00,4681.60009765625,4681.60009765625,4683.7001953125,4681.0,4683.2001953125,104
2026-08-26 08:11:00-04:00,4682.0,4682.0,4682.10009765625,4681.0,4681.39990234375,48
2026-08-26 08:12:00-04:00,4682.5,4682.5,4683.10009765625,4681.60009765625,4682.0,92
2026-08-26 08:13:00-04:00,4682.7998046875,4682.7998046875,4683.5,4682.39990234375,4682.5,44
2026-08-26 08:14:00-04:00,4681.2001953125,4681.2001953125,4682.89990234375,4681.2001953125,4682.7001953125,43
2026-08-26 08:15:00-04:00,4681.2001953125,4681.2001953125,4682.0,4680.7001953125,4681.2998046875,63
2026-08-26 08:16:00-04:00,4680.7998046875,4680.7998046875,4681.2001953125,4680.0,4681.2001953125,73
2026-08-26 08:17:00-04:00,4682.89990234375,4682.89990234375,4683.2001953125,4680.7001953125,4680.7998046875,68
2026-08-26 08:18:00-04:00,4684.39990234375,4684.39990234375,4685.5,4682.89990234375,4683.0,346
2026-08-26 08:19:00-04:00,4684.5,4684.5,4685.89990234375,4684.2001953125,4684.2001953125,121
2026-08-26 08:20:00-04:00,4683.2998046875,4683.2998046875,4685.5,4682.2001953125,4685.0,270
2026-08-26 08:21:00-04:00,4683.2001953125,4683.2001953125,4685.0,4682.7001953125,4684.2001953125,135
2026-08-26 08:22:00-04:00,4682.39990234375,4682.39990234375,4683.7998046875,4682.10009765625,4683.10009765625,100
2026-08-26 08:23:00-04:00,4681.5,4681.5,4683.60009765625,4681.2998046875,4682.60009765625,99
2026-08-26 08:24:00-04:00,4681.60009765625,4681.60009765625,4682.2001953125,4680.7001953125,4681.5,97
2026-08-26 08:25:00-04:00,4682.2001953125,4682.2001953125,4683.10009765625,4681.39990234375,4682.10009765625,125
2026-08-26 08:26:00-04:00,4684.60009765625,4684.60009765625,4684.7998046875,4682.2998046875,4682.2998046875,92
2026-08-26 08:27:00-04:00,4685.5,4685.5,4686.2998046875,4684.2001953125,4684.2001953125,200
2026-08-26 08:28:00-04:00,4683.89990234375,4683.89990234375,4685.7998046875,4683.60009765625,4685.2998046875,83
2026-08-26 08:29:00-04:00,4686.60009765625,4686.60009765625,4686.60009765625,4683.5,4683.7998046875,136
2026-08-26 08:30:00-04:00,4674.2001953125,4674.2001953125,4690.0,4670.7001953125,4686.60009765625,1294
2026-08-26 08:31:00-04:00,4670.60009765625,4670.60009765625,4676.7001953125,4666.89990234375,4675.2001953125,853
2026-08-26 08:32:00-04:00,4672.60009765625,4672.60009765625,4675.7998046875,4670.0,4670.7998046875,412
2026-08-26 08:33:00-04:00,4676.2998046875,4676.2998046875,4677.10009765625,4671.5,4672.2998046875,267
2026-08-26 08:34:00-04:00,4678.7998046875,4678.7998046875,4681.5,4676.2001953125,4676.2998046875,884
2026-08-26 08:35:00-04:00,4675.5,4675.5,4681.0,4673.2001953125,4678.5,310
2026-08-26 08:36:00-04:00,4676.7001953125,4676.7001953125,4677.39990234375,4673.39990234375,4675.39990234375,231
2026-08-26 08:37:00-04:00,4679.89990234375,4679.89990234375,4681.2998046875,4676.39990234375,4676.39990234375,181
2026-08-26 08:38:00-04:00,4675.5,4675.5,4680.7001953125,4674.7998046875,4679.7001953125,142
2026-08-26 08:39:00-04:00,4677.10009765625,4677.10009765625,4678.39990234375,4674.89990234375,4675.60009765625,178
2026-08-26 08:40:00-04:00,4673.2998046875,4673.2998046875,4677.5,4672.0,4677.0,258
2026-08-26 08:41:00-04:00,4673.89990234375,4673.89990234375,4677.0,4673.2001953125,4673.2001953125,136
2026-08-26 08:42:00-04:00,4673.10009765625,4673.10009765625,4675.0,4669.7001953125,4674.0,347
2026-08-26 08:43:00-04:00,4679.10009765625,4679.10009765625,4680.10009765625,4672.2001953125,4673.10009765625,239
2026-08-26 08:44:00-04:00,4677.7001953125,4677.7001953125,4680.5,4677.5,4679.10009765625,267
2026-08-26 08:45:00-04:00,4678.7001953125,4678.7001953125,4680.39990234375,4676.7998046875,4677.60009765625,180
2026-08-26 08:46:00-04:00,4674.7001953125,4674.7001953125,4679.0,4673.7001953125,4678.89990234375,178
2026-08-26 08:47:00-04:00,4674.2998046875,4674.2998046875,4675.39990234375,4673.60009765625,4674.60009765625,116
2026-08-26 08:48:00-04:00,4678.7001953125,4678.7001953125,4678.7001953125,4673.60009765625,4673.7001953125,124
2026-08-26 08:49:00-04:00,4679.2001953125,4679.2001953125,4679.5,4677.7001953125,4678.89990234375,73
2026-08-26 08:50:00-04:00,4680.39990234375,4680.39990234375,4680.89990234375,4679.0,4679.10009765625,152
2026-08-26 08:51:00-04:00,4679.2001953125,4679.2001953125,4681.7001953125,4677.89990234375,4679.89990234375,209
2026-08-26 08:52:00-04:00,4674.2998046875,4674.2998046875,4679.0,4673.39990234375,4679.0,176
2026-08-26 08:53:00-04:00,4674.89990234375,4674.89990234375,4675.60009765625,4673.5,4674.5,123
2026-08-26 08:54:00-04:00,4671.60009765625,4671.60009765625,4674.89990234375,4666.0,4674.89990234375,1013
2026-08-26 08:55:00-04:00,4669.89990234375,4669.89990234375,4673.5,4669.60009765625,4671.2998046875,184
2026-08-26 08:56:00-04:00,4672.0,4672.0,4672.89990234375,4670.2998046875,4670.2998046875,59
2026-08-26 08:57:00-04:00,4673.60009765625,4673.60009765625,4674.0,4671.5,4672.0,36
2026-08-26 08:58:00-04:00,4668.7998046875,4668.7998046875,4674.0,4668.10009765625,4673.7998046875,290
2026-08-26 08:59:00-04:00,4669.5,4669.5,4672.2998046875,4669.2001953125,4669.2001953125,278
2026-08-26 09:00:00-04:00,4670.2001953125,4670.2001953125,4670.39990234375,4663.89990234375,4670.0,1404
2026-08-26 09:01:00-04:00,4673.89990234375,4673.89990234375,4674.5,4667.0,4670.2998046875,390
2026-08-26 09:02:00-04:00,4676.2998046875,4676.2998046875,4676.89990234375,4673.0,4673.39990234375,217
2026-08-26 09:03:00-04:00,4668.39990234375,4668.39990234375,4676.7001953125,4667.7001953125,4676.2001953125,304
2026-08-26 09:04:00-04:00,4667.5,4667.5,4669.89990234375,4667.5,4668.60009765625,136
2026-08-26 09:05:00-04:00,4668.2998046875,4668.2998046875,4668.7001953125,4664.5,4667.5,285
2026-08-26 09:06:00-04:00,4669.39990234375,4669.39990234375,4672.7998046875,4667.89990234375,4668.2998046875,365
2026-08-26 09:07:00-04:00,4668.10009765625,4668.10009765625,4669.7001953125,4666.0,4669.60009765625,233
2026-08-26 09:08:00-04:00,4665.2001953125,4665.2001953125,4669.7001953125,4664.0,4668.7001953125,320
2026-08-26 09:09:00-04:00,4664.2001953125,4664.2001953125,4667.10009765625,4663.60009765625,4665.10009765625,274
2026-08-26 09:10:00-04:00,4666.2998046875,4666.2998046875,4667.7998046875,4664.0,4664.10009765625,374
2026-08-26 09:11:00-04:00,4664.5,4664.5,4666.10009765625,4662.60009765625,4666.0,300
2026-08-26 09:12:00-04:00,4665.7998046875,4665.7998046875,4667.2998046875,4665.39990234375,4665.60009765625,123
2026-08-26 09:13:00-04:00,4664.7998046875,4664.7998046875,4666.7998046875,4664.2998046875,4665.60009765625,332
2026-08-26 09:14:00-04:00,4666.2998046875,4666.2998046875,4668.2001953125,4663.10009765625,4665.5,615
2026-08-26 09:15:00-04:00,4663.89990234375,4663.89990234375,4669.0,4663.5,4666.2001953125,216
2026-08-26 09:16:00-04:00,4660.39990234375,4660.39990234375,4663.2001953125,4653.2998046875,4663.2001953125,2114
2026-08-26 09:17:00-04:00,4661.7998046875,4661.7998046875,4662.89990234375,4658.60009765625,4660.89990234375,275
2026-08-26 09:18:00-04:00,4664.2998046875,4664.2998046875,4669.2998046875,4661.0,4661.7998046875,808
2026-08-26 09:19:00-04:00,4667.0,4667.0,4668.7998046875,4664.7001953125,4664.7001953125,255
2026-08-26 09:20:00-04:00,4664.2001953125,4664.2001953125,4669.7998046875,4664.2001953125,4666.60009765625,245
2026-08-26 09:21:00-04:00,4660.7001953125,4660.7001953125,4664.2001953125,4659.60009765625,4664.0,343
2026-08-26 09:22:00-04:00,4663.2001953125,4663.2001953125,4663.5,4659.7998046875,4660.60009765625,410
2026-08-26 09:23:00-04:00,4666.0,4666.0,4667.39990234375,4663.2001953125,4663.5,220
2026-08-26 09:24:00-04:00,4664.60009765625,4664.60009765625,4666.0,4663.10009765625,4666.0,158
2026-08-26 09:25:00-04:00,4663.0,4663.0,4665.5,4662.89990234375,4664.5,110
2026-08-26 09:26:00-04:00,4662.5,4662.5,4662.7998046875,4660.5,4662.7998046875,145
2026-08-26 09:27:00-04:00,4663.0,4663.0,4663.5,4661.7001953125,4662.7998046875,130
2026-08-26 09:28:00-04:00,4665.0,4665.0,4665.2001953125,4661.89990234375,4663.5,150
2026-08-26 09:29:00-04:00,4666.5,4666.5,4667.7998046875,4665.0,4665.2001953125,174
2026-08-26 09:30:00-04:00,4670.7001953125,4670.7001953125,4672.2001953125,4666.10009765625,4666.7001953125,531
2026-08-26 09:31:00-04:00,4670.0,4670.0,4671.89990234375,4668.0,4670.7001953125,288
2026-08-26 09:32:00-04:00,4668.5,4668.5,4669.7998046875,4665.5,4669.7998046875,191
2026-08-26 09:33:00-04:00,4672.2998046875,4672.2998046875,4673.2001953125,4667.7998046875,4668.10009765625,286
2026-08-26 09:34:00-04:00,4671.10009765625,4671.10009765625,4674.0,4671.10009765625,4672.39990234375,327
2026-08-26 09:35:00-04:00,4669.2001953125,4669.2001953125,4671.60009765625,4668.2998046875,4671.2998046875,177
2026-08-26 09:36:00-04:00,4671.60009765625,4671.60009765625,4671.7998046875,4667.5,4669.0,176
2026-08-26 09:37:00-04:00,4671.60009765625,4671.60009765625,4672.2001953125,4668.10009765625,4671.5,182
2026-08-26 09:38:00-04:00,4668.89990234375,4668.89990234375,4671.60009765625,4668.0,4671.2001953125,173
2026-08-26 09:39:00-04:00,4668.7998046875,4668.7998046875,4671.5,4668.5,4668.89990234375,154
2026-08-26 09:40:00-04:00,4670.39990234375,4670.39990234375,4672.7001953125,4667.0,4668.7998046875,178
2026-08-26 09:41:00-04:00,4673.2998046875,4673.2998046875,4673.7998046875,4668.5,4670.60009765625,287
2026-08-26 09:42:00-04:00,4674.10009765625,4674.10009765625,4675.10009765625,4671.7001953125,4673.2998046875,389
2026-08-26 09:43:00-04:00,4675.7001953125,4675.7001953125,4676.39990234375,4673.0,4674.10009765625,392
2026-08-26 09:44:00-04:00,4675.0,4675.0,4678.2998046875,4674.7998046875,4675.60009765625,580
2026-08-26 09:45:00-04:00,4676.2001953125,4676.2001953125,4676.60009765625,4673.39990234375,4675.0,168
2026-08-26 09:46:00-04:00,4676.7998046875,4676.7998046875,4678.7998046875,4675.60009765625,4675.7001953125,126
2026-08-26 09:47:00-04:00,4677.0,4677.0,4679.39990234375,4676.2998046875,4676.7998046875,187
2026-08-26 09:48:00-04:00,4678.2001953125,4678.2001953125,4680.39990234375,4676.0,4676.60009765625,201
2026-08-26 09:49:00-04:00,4680.7998046875,4680.7998046875,4680.7998046875,4675.2998046875,4678.2001953125,254
2026-08-26 09:50:00-04:00,4679.60009765625,4679.60009765625,4681.89990234375,4678.7998046875,4680.7001953125,272
2026-08-26 09:51:00-04:00,4681.7998046875,4681.7998046875,4682.0,4677.60009765625,4679.39990234375,363
2026-08-26 09:52:00-04:00,4680.7998046875,4680.7998046875,4683.89990234375,4680.0,4681.89990234375,426
2026-08-26 09:53:00-04:00,4680.0,4680.0,4682.2001953125,4677.7998046875,4680.5,262
2026-08-26 09:54:00-04:00,4679.0,4679.0,4682.89990234375,4678.5,4680.10009765625,117
2026-08-26 09:55:00-04:00,4682.2001953125,4682.2001953125,4683.5,4679.0,4679.2998046875,197
2026-08-26 09:56:00-04:00,4683.2001953125,4683.2001953125,4684.0,4681.89990234375,4682.39990234375,151
2026-08-26 09:57:00-04:00,4685.0,4685.0,4685.7998046875,4682.7998046875,4682.89990234375,286
2026-08-26 09:58:00-04:00,4684.5,4684.5,4685.2001953125,4683.0,4685.10009765625,361
2026-08-26 09:59:00-04:00,4686.60009765625,4686.60009765625,4687.0,4684.2001953125,4684.39990234375,1062
2026-08-26 10:00:00-04:00,4684.7998046875,4684.7998046875,4688.60009765625,4684.0,4686.7001953125,525
2026-08-26 10:01:00-04:00,4679.7998046875,4679.7998046875,4685.5,4679.7998046875,4684.7001953125,252
2026-08-26 10:02:00-04:00,4679.0,4679.0,4681.89990234375,4677.5,4679.60009765625,358
2026-08-26 10:03:00-04:00,4683.0,4683.0,4684.60009765625,4679.10009765625,4679.10009765625,503
2026-08-26 10:04:00-04:00,4679.7998046875,4679.7998046875,4682.7001953125,4678.60009765625,4682.7001953125,202
2026-08-26 10:05:00-04:00,4679.39990234375,4679.39990234375,4680.7001953125,4678.0,4680.0,117
2026-08-26 10:06:00-04:00,4681.2001953125,4681.2001953125,4681.2998046875,4677.7998046875,4678.89990234375,139
2026-08-26 10:07:00-04:00,4679.60009765625,4679.60009765625,4681.89990234375,4678.7001953125,4679.7998046875,181
2026-08-26 10:08:00-04:00,4678.2001953125,4678.2001953125,4680.7998046875,4676.2998046875,4679.7001953125,213
2026-08-26 10:09:00-04:00,4678.5,4678.5,4679.2998046875,4677.5,4677.89990234375,77
2026-08-26 10:10:00-04:00,4681.89990234375,4681.89990234375,4682.7998046875,4678.5,4678.5,115
2026-08-26 10:11:00-04:00,4678.0,4678.0,4682.39990234375,4678.0,4681.89990234375,94
2026-08-26 10:12:00-04:00,4679.2998046875,4679.2998046875,4680.0,4676.2998046875,4677.7998046875,132
2026-08-26 10:13:00-04:00,4677.7998046875,4677.7998046875,4679.7998046875,4677.7998046875,4679.2001953125,70
2026-08-26 10:14:00-04:00,4676.10009765625,4676.10009765625,4677.60009765625,4675.0,4677.5,439
2026-08-26 10:15:00-04:00,4676.2001953125,4676.2001953125,4676.7001953125,4675.2001953125,4676.2001953125,130
2026-08-26 10:16:00-04:00,4677.39990234375,4677.39990234375,4678.2001953125,4675.89990234375,4676.2998046875,121
2026-08-26 10:17:00-04:00,4677.5,4677.5,4679.89990234375,4676.0,4677.7998046875,213
2026-08-26 10:18:00-04:00,4679.60009765625,4679.60009765625,4680.0,4676.5,4677.5,119
2026-08-26 10:19:00-04:00,4678.7998046875,4678.7998046875,4680.2998046875,4677.89990234375,4679.2998046875,113
2026-08-26 10:20:00-04:00,4679.60009765625,4679.60009765625,4680.39990234375,4677.7001953125,4679.10009765625,61
2026-08-26 10:21:00-04:00,4680.10009765625,4680.10009765625,4681.5,4679.2001953125,4679.89990234375,287
2026-08-26 10:22:00-04:00,4680.10009765625,4680.10009765625,4682.7998046875,4679.2001953125,4680.2998046875,147
2026-08-26 10:23:00-04:00,4676.10009765625,4676.10009765625,4680.39990234375,4676.10009765625,4680.39990234375,100
2026-08-26 10:24:00-04:00,4676.60009765625,4676.60009765625,4677.2001953125,4675.10009765625,4676.39990234375,105
2026-08-26 10:25:00-04:00,4674.60009765625,4674.60009765625,4677.10009765625,4674.2001953125,4677.0,170
2026-08-26 10:26:00-04:00,4674.7998046875,4674.7998046875,4674.89990234375,4672.10009765625,4674.5,388
2026-08-26 10:27:00-04:00,4673.7001953125,4673.7001953125,4675.2001953125,4673.39990234375,4675.0,146
2026-08-26 10:28:00-04:00,4674.89990234375,4674.89990234375,4675.2998046875,4673.10009765625,4673.7001953125,118
2026-08-26 10:29:00-04:00,4672.5,4672.5,4674.39990234375,4672.0,4674.2001953125,94
2026-08-26 10:30:00-04:00,4673.7001953125,4673.7001953125,4674.10009765625,4671.5,4672.39990234375,143
2026-08-26 10:31:00-04:00,4673.0,4673.0,4674.60009765625,4671.39990234375,4673.7998046875,131
2026-08-26 10:32:00-04:00,4672.39990234375,4672.39990234375,4673.39990234375,4670.39990234375,4672.60009765625,112
2026-08-26 10:33:00-04:00,4672.7998046875,4672.7998046875,4673.7998046875,4671.5,4672.10009765625,85
2026-08-26 10:34:00-04:00,4674.2001953125,4674.2001953125,4675.39990234375,4672.2001953125,4673.10009765625,121
2026-08-26 10:35:00-04:00,4673.7001953125,4673.7001953125,4674.2998046875,4672.7001953125,4674.2998046875,71
2026-08-26 10:36:00-04:00,4671.5,4671.5,4674.5,4671.10009765625,4673.89990234375,74
2026-08-26 10:37:00-04:00,4672.0,4672.0,4673.0,4668.60009765625,4671.5,297
2026-08-26 10:38:00-04:00,4671.2001953125,4671.2001953125,4672.7001953125,4669.60009765625,4671.7001953125,125
2026-08-26 10:39:00-04:00,4672.7001953125,4672.7001953125,4674.5,4670.7998046875,4670.89990234375,414
2026-08-26 10:40:00-04:00,4676.2001953125,4676.2001953125,4676.2001953125,4672.89990234375,4673.0,97
2026-08-26 10:41:00-04:00,4677.7001953125,4677.7001953125,4677.89990234375,4675.10009765625,4676.2001953125,142
2026-08-26 10:42:00-04:00,4677.10009765625,4677.10009765625,4678.89990234375,4676.10009765625,4677.7998046875,167
2026-08-26 10:43:00-04:00,4678.60009765625,4678.60009765625,4678.7001953125,4676.60009765625,4677.0,203
2026-08-26 10:44:00-04:00,4677.89990234375,4677.89990234375,4678.89990234375,4677.7998046875,4678.5,101
2026-08-26 10:45:00-04:00,4677.10009765625,4677.10009765625,4678.7998046875,4677.0,4677.89990234375,131
2026-08-26 10:46:00-04:00,4674.10009765625,4674.10009765625,4677.2001953125,4672.0,4677.2001953125,280
2026-08-26 10:47:00-04:00,4668.89990234375,4668.89990234375,4673.2998046875,4668.10009765625,4673.2998046875,713
2026-08-26 10:48:00-04:00,4669.60009765625,4669.60009765625,4670.0,4667.7001953125,4668.7001953125,139
2026-08-26 10:49:00-04:00,4668.60009765625,4668.60009765625,4669.7998046875,4667.5,4669.60009765625,125
2026-08-26 10:50:00-04:00,4668.5,4668.5,4670.10009765625,4667.7998046875,4668.39990234375,117
2026-08-26 10:51:00-04:00,4667.60009765625,4667.60009765625,4669.2998046875,4667.2998046875,4668.7998046875,66
2026-08-26 10:52:00-04:00,4668.2998046875,4668.2998046875,4668.7001953125,4666.10009765625,4667.7001953125,224
2026-08-26 10:53:00-04:00,4666.2001953125,4666.2001953125,4668.2998046875,4665.7001953125,4667.7001953125,175
2026-08-26 10:54:00-04:00,4663.2001953125,4663.2001953125,4666.89990234375,4661.7001953125,4666.0,611
2026-08-26 10:55:00-04:00,4666.89990234375,4666.89990234375,4668.10009765625,4663.39990234375,4663.5,318
2026-08-26 10:56:00-04:00,4662.2001953125,4662.2001953125,4667.60009765625,4661.7998046875,4667.2998046875,689
2026-08-26 10:57:00-04:00,4662.39990234375,4662.39990234375,4664.2001953125,4661.39990234375,4662.2001953125,281
2026-08-26 10:58:00-04:00,4662.39990234375,4662.39990234375,4663.7001953125,4662.2998046875,4662.39990234375,176
2026-08-26 10:59:00-04:00,4658.2001953125,4658.2001953125,4663.60009765625,4658.0,4662.7001953125,402
2026-08-26 11:00:00-04:00,4656.89990234375,4656.89990234375,4660.7998046875,4656.89990234375,4658.5,629
2026-08-26 11:01:00-04:00,4657.5,4657.5,4658.2001953125,4654.89990234375,4656.60009765625,910
2026-08-26 11:02:00-04:00,4651.60009765625,4651.60009765625,4657.7001953125,4648.2001953125,4657.2998046875,1227
2026-08-26 11:03:00-04:00,4655.7998046875,4655.7998046875,4656.5,4648.7001953125,4651.5,841
2026-08-26 11:04:00-04:00,4653.2998046875,4653.2998046875,4656.2998046875,4651.10009765625,4656.0,321
2026-08-26 11:05:00-04:00,4646.2001953125,4646.2001953125,4653.2998046875,4644.2001953125,4653.2998046875,906
2026-08-26 11:06:00-04:00,4646.0,4646.0,4646.39990234375,4642.60009765625,4646.2998046875,553
2026-08-26 11:07:00-04:00,4648.39990234375,4648.39990234375,4648.89990234375,4643.89990234375,4645.7998046875,367
2026-08-26 11:08:00-04:00,4650.2001953125,4650.2001953125,4650.5,4646.60009765625,4648.10009765625,322
2026-08-26 11:09:00-04:00,4653.0,4653.0,4653.89990234375,4650.0,4650.2998046875,490
2026-08-26 11:10:00-04:00,4654.2998046875,4654.2998046875,4655.10009765625,4652.39990234375,4652.89990234375,326
2026-08-26 11:11:00-04:00,4649.89990234375,4649.89990234375,4654.60009765625,4649.2998046875,4654.39990234375,314
2026-08-26 11:12:00-04:00,4651.2001953125,4651.2001953125,4651.2001953125,4648.7998046875,4649.7998046875,109
2026-08-26 11:13:00-04:00,4645.7001953125,4645.7001953125,4652.2998046875,4645.0,4651.10009765625,394
2026-08-26 11:14:00-04:00,4644.0,4644.0,4646.7001953125,4643.10009765625,4645.60009765625,362
2026-08-26 11:15:00-04:00,4642.89990234375,4642.89990234375,4645.10009765625,4641.2001953125,4644.0,470
2026-08-26 11:16:00-04:00,4638.89990234375,4638.89990234375,4643.10009765625,4638.2001953125,4642.89990234375,861
2026-08-26 11:17:00-04:00,4643.2001953125,4643.2001953125,4643.39990234375,4638.7001953125,4639.2001953125,429
2026-08-26 11:18:00-04:00,4647.5,4647.5,4647.60009765625,4642.7998046875,4642.89990234375,446
2026-08-26 11:19:00-04:00,4646.2001953125,4646.2001953125,4649.39990234375,4646.0,4647.5,388
2026-08-26 11:20:00-04:00,4647.60009765625,4647.60009765625,4647.60009765625,4644.5,4646.2001953125,190
2026-08-26 11:21:00-04:00,4649.10009765625,4649.10009765625,4649.7998046875,4646.60009765625,4647.7998046875,244
2026-08-26 11:22:00-04:00,4648.39990234375,4648.39990234375,4649.2001953125,4647.2998046875,4648.7998046875,131
2026-08-26 11:23:00-04:00,4647.2001953125,4647.2001953125,4648.7998046875,4645.60009765625,4648.60009765625,284
2026-08-26 11:24:00-04:00,4647.10009765625,4647.10009765625,4648.7001953125,4645.0,4647.2998046875,322
2026-08-26 11:25:00-04:00,4647.2998046875,4647.2998046875,4648.5,4646.5,4647.10009765625,84
2026-08-26 11:26:00-04:00,4647.5,4647.5,4649.10009765625,4646.0,4647.39990234375,317
2026-08-26 11:27:00-04:00,4650.10009765625,4650.10009765625,4651.0,4647.10009765625,4647.7998046875,580
2026-08-26 11:28:00-04:00,4653.0,4653.0,4653.0,4649.39990234375,4650.39990234375,308
2026-08-26 11:29:00-04:00,4650.39990234375,4650.39990234375,4653.7001953125,4649.89990234375,4652.7998046875,289
2026-08-26 11:30:00-04:00,4651.0,4651.0,4651.60009765625,4649.89990234375,4650.0,168
2026-08-26 11:31:00-04:00,4652.0,4652.0,4652.7001953125,4650.89990234375,4651.60009765625,119
2026-08-26 11:32:00-04:00,4652.39990234375,4652.39990234375,4653.5,4651.60009765625,4651.89990234375,120
2026-08-26 11:33:00-04:00,4651.89990234375,4651.89990234375,4652.89990234375,4650.60009765625,4652.39990234375,129
2026-08-26 11:34:00-04:00,4653.2998046875,4653.2998046875,4653.60009765625,4650.7001953125,4651.7001953125,185
2026-08-26 11:35:00-04:00,4654.10009765625,4654.10009765625,4655.60009765625,4653.5,4653.89990234375,144
2026-08-26 11:36:00-04:00,4654.39990234375,4654.39990234375,4655.60009765625,4653.5,4653.7001953125,114
2026-08-26 11:37:00-04:00,4655.2001953125,4655.2001953125,4655.89990234375,4654.7001953125,4654.89990234375,102
2026-08-26 11:38:00-04:00,4653.2998046875,4653.2998046875,4655.39990234375,4653.2998046875,4655.2998046875,137
2026-08-26 11:39:00-04:00,4656.7001953125,4656.7001953125,4656.7001953125,4652.7001953125,4653.2998046875,153
2026-08-26 11:40:00-04:00,4657.10009765625,4657.10009765625,4658.39990234375,4656.7998046875,4656.7998046875,188
2026-08-26 11:41:00-04:00,4657.7998046875,4657.7998046875,4658.0,4655.5,4657.2001953125,160
2026-08-26 11:42:00-04:00,4657.60009765625,4657.60009765625,4658.2998046875,4656.89990234375,4657.89990234375,184
2026-08-26 11:43:00-04:00,4658.89990234375,4658.89990234375,4659.10009765625,4657.39990234375,4658.0,135
2026-08-26 11:44:00-04:00,4660.2001953125,4660.2001953125,4660.2998046875,4658.60009765625,4659.10009765625,185
2026-08-26 11:45:00-04:00,4661.7998046875,4661.7998046875,4662.2001953125,4659.7998046875,4660.39990234375,324
2026-08-26 11:46:00-04:00,4661.7998046875,4661.7998046875,4662.2001953125,4661.10009765625,4661.60009765625,181
2026-08-26 11:47:00-04:00,4662.60009765625,4662.60009765625,4663.0,4661.10009765625,4661.39990234375,174
2026-08-26 11:48:00-04:00,4663.7998046875,4663.7998046875,4663.89990234375,4662.2998046875,4662.5,333
2026-08-26 11:49:00-04:00,4663.60009765625,4663.60009765625,4664.60009765625,4663.2998046875,4663.7001953125,179
2026-08-26 11:50:00-04:00,4662.5,4662.5,4663.7998046875,4661.0,4663.7001953125,214
2026-08-26 11:51:00-04:00,4657.39990234375,4657.39990234375,4662.7998046875,4657.39990234375,4662.60009765625,546
2026-08-26 11:52:00-04:00,4657.0,4657.0,4658.0,4655.89990234375,4657.5,232
2026-08-26 11:53:00-04:00,4655.2998046875,4655.2998046875,4657.10009765625,4653.7998046875,4656.89990234375,195
2026-08-26 11:54:00-04:00,4656.0,4656.0,4656.10009765625,4655.10009765625,4655.5,94
2026-08-26 11:55:00-04:00,4655.2001953125,4655.2001953125,4656.60009765625,4654.89990234375,4655.7998046875,104
2026-08-26 11:56:00-04:00,4659.10009765625,4659.10009765625,4659.2998046875,4654.89990234375,4654.89990234375,128
2026-08-26 11:57:00-04:00,4656.0,4656.0,4659.60009765625,4656.0,4658.7998046875,161
2026-08-26 11:58:00-04:00,4653.89990234375,4653.89990234375,4656.0,4653.60009765625,4656.0,242
2026-08-26 11:59:00-04:00,4651.39990234375,4651.39990234375,4654.10009765625,4651.39990234375,4654.0,276
2026-08-26 12:00:00-04:00,4648.10009765625,4648.10009765625,4652.60009765625,4648.10009765625,4651.60009765625,606
2026-08-26 12:01:00-04:00,4650.0,4650.0,4650.2998046875,4645.89990234375,4648.2998046875,667
2026-08-26 12:02:00-04:00,4652.2998046875,4652.2998046875,4654.7001953125,4649.39990234375,4649.60009765625,499
2026-08-26 12:03:00-04:00,4651.7998046875,4651.7998046875,4652.5,4651.0,4652.2998046875,176
2026-08-26 12:04:00-04:00,4652.7998046875,4652.7998046875,4654.2001953125,4651.10009765625,4651.60009765625,144
2026-08-26 12:05:00-04:00,4656.5,4656.5,4656.5,4652.39990234375,4652.5,245
2026-08-26 12:06:00-04:00,4655.2001953125,4655.2001953125,4656.7998046875,4654.2998046875,4656.2998046875,112
2026-08-26 12:07:00-04:00,4654.89990234375,4654.89990234375,4655.2998046875,4653.2998046875,4655.10009765625,129
2026-08-26 12:08:00-04:00,4655.2001953125,4655.2001953125,4656.2001953125,4654.89990234375,4655.2001953125,105
2026-08-26 12:09:00-04:00,4654.60009765625,4654.60009765625,4655.7001953125,4654.2998046875,4655.39990234375,70
2026-08-26 12:10:00-04:00,4652.7001953125,4652.7001953125,4655.10009765625,4652.2998046875,4654.5,107
2026-08-26 12:11:00-04:00,4653.7001953125,4653.7001953125,4654.0,4652.0,4652.5,161
2026-08-26 12:12:00-04:00,4652.7001953125,4652.7001953125,4654.7998046875,4652.39990234375,4653.5,84
2026-08-26 12:13:00-04:00,4653.5,4653.5,4654.0,4652.7001953125,4652.7998046875,89
2026-08-26 12:14:00-04:00,4655.2001953125,4655.2001953125,4655.2998046875,4653.39990234375,4653.7998046875,76
2026-08-26 12:15:00-04:00,4653.0,4653.0,4655.7998046875,4652.2001953125,4655.39990234375,166
2026-08-26 12:16:00-04:00,4652.89990234375,4652.89990234375,4654.0,4652.7001953125,4653.2001953125,63
2026-08-26 12:17:00-04:00,4652.7998046875,4652.7998046875,4653.5,4651.7001953125,4653.2001953125,227
2026-08-26 12:18:00-04:00,4652.7998046875,4652.7998046875,4654.2998046875,4652.5,4652.89990234375,187
2026-08-26 12:19:00-04:00,4654.2001953125,4654.2001953125,4654.39990234375,4652.60009765625,4652.7998046875,1172
2026-08-26 12:20:00-04:00,4654.60009765625,4654.60009765625,4654.60009765625,4652.10009765625,4654.2001953125,169
2026-08-26 12:21:00-04:00,4653.7998046875,4653.7998046875,4654.60009765625,4651.7001953125,4654.60009765625,136
2026-08-26 12:22:00-04:00,4649.7001953125,4649.7001953125,4653.7998046875,4649.60009765625,4653.7998046875,320
2026-08-26 12:23:00-04:00,4650.7998046875,4650.7998046875,4651.10009765625,4649.10009765625,4649.89990234375,251
2026-08-26 12:24:00-04:00,4651.0,4651.0,4651.60009765625,4650.5,4650.5,55
2026-08-26 12:25:00-04:00,4651.5,4651.5,4652.2998046875,4650.2998046875,4651.2001953125,146
2026-08-26 12:26:00-04:00,4651.2998046875,4651.2998046875,4652.0,4650.0,4651.39990234375,154
2026-08-26 12:27:00-04:00,4650.2001953125,4650.2001953125,4652.10009765625,4648.7998046875,4651.2998046875,313
2026-08-26 12:28:00-04:00,4650.39990234375,4650.39990234375,4651.60009765625,4650.2001953125,4650.5,382
2026-08-26 12:29:00-04:00,4649.89990234375,4649.89990234375,4651.2001953125,4649.5,4650.60009765625,123
2026-08-26 12:30:00-04:00,4649.39990234375,4649.39990234375,4651.5,4649.0,4650.2001953125,108
2026-08-26 12:31:00-04:00,4649.10009765625,4649.10009765625,4649.89990234375,4648.5,4649.60009765625,185
2026-08-26 12:32:00-04:00,4649.2001953125,4649.2001953125,4650.0,4648.2998046875,4649.2001953125,152
2026-08-26 12:33:00-04:00,4648.7001953125,4648.7001953125,4649.7998046875,4648.10009765625,4649.60009765625,50
2026-08-26 12:34:00-04:00,4649.39990234375,4649.39990234375,4649.7998046875,4648.60009765625,4648.60009765625,69
2026-08-26 12:35:00-04:00,4648.5,4648.5,4649.39990234375,4647.39990234375,4649.39990234375,103
2026-08-26 12:36:00-04:00,4649.5,4649.5,4650.2998046875,4648.10009765625,4648.60009765625,52
2026-08-26 12:37:00-04:00,4647.7998046875,4647.7998046875,4650.7001953125,4646.39990234375,4649.2001953125,66
2026-08-26 12:38:00-04:00,4644.60009765625,4644.60009765625,4647.7998046875,4644.2001953125,4647.7998046875,327
2026-08-26 12:39:00-04:00,4642.39990234375,4642.39990234375,4645.10009765625,4642.0,4644.60009765625,253
2026-08-26 12:40:00-04:00,4645.39990234375,4645.39990234375,4645.60009765625,4640.7998046875,4642.39990234375,283
2026-08-26 12:41:00-04:00,4645.7001953125,4645.7001953125,4645.89990234375,4644.0,4645.2001953125,134
2026-08-26 12:42:00-04:00,4645.89990234375,4645.89990234375,4646.2998046875,4645.0,4645.7001953125,88
2026-08-26 12:43:00-04:00,4645.39990234375,4645.39990234375,4646.60009765625,4645.39990234375,4645.89990234375,163
2026-08-26 12:44:00-04:00,4643.7001953125,4643.7001953125,4645.10009765625,4642.7998046875,4645.0,687
2026-08-26 12:45:00-04:00,4644.7998046875,4644.7998046875,4645.39990234375,4643.2998046875,4643.2998046875,115
2026-08-26 12:46:00-04:00,4646.2001953125,4646.2001953125,4646.60009765625,4644.7001953125,4644.7001953125,50
2026-08-26 12:47:00-04:00,4648.2001953125,4648.2001953125,4648.7998046875,4646.0,4646.10009765625,376
2026-08-26 12:48:00-04:00,4649.10009765625,4649.10009765625,4649.5,4647.89990234375,4648.10009765625,77
2026-08-26 12:49:00-04:00,4650.0,4650.0,4650.0,4649.0,4649.0,71
2026-08-26 12:50:00-04:00,4651.0,4651.0,4652.5,4649.89990234375,4649.89990234375,243
2026-08-26 12:51:00-04:00,4647.5,4647.5,4651.60009765625,4647.5,4651.10009765625,138
2026-08-26 12:52:00-04:00,4644.89990234375,4644.89990234375,4647.60009765625,4644.39990234375,4647.60009765625,151
2026-08-26 12:53:00-04:00,4645.0,4645.0,4645.60009765625,4644.60009765625,4644.89990234375,150
2026-08-26 12:54:00-04:00,4644.89990234375,4644.89990234375,4645.60009765625,4644.5,4645.10009765625,55
2026-08-26 12:55:00-04:00,4644.2001953125,4644.2001953125,4644.7998046875,4643.7998046875,4644.60009765625,80
2026-08-26 12:56:00-04:00,4644.89990234375,4644.89990234375,4645.60009765625,4644.60009765625,4644.60009765625,57
2026-08-26 12:57:00-04:00,4645.2001953125,4645.2001953125,4645.7998046875,4644.2998046875,4645.2001953125,105
2026-08-26 12:58:00-04:00,4646.89990234375,4646.89990234375,4647.39990234375,4645.10009765625,4645.2998046875,123
2026-08-26 12:59:00-04:00,4647.10009765625,4647.10009765625,4647.10009765625,4646.2998046875,4647.0,91
2026-08-26 13:00:00-04:00,4648.7998046875,4648.7998046875,4648.7998046875,4647.10009765625,4647.10009765625,86
2026-08-26 13:01:00-04:00,4647.7998046875,4647.7998046875,4648.89990234375,4646.7998046875,4648.7998046875,93
2026-08-26 13:02:00-04:00,4647.89990234375,4647.89990234375,4648.60009765625,4646.7001953125,4648.0,88
2026-08-26 13:03:00-04:00,4648.39990234375,4648.39990234375,4648.60009765625,4647.2001953125,4648.0,49
2026-08-26 13:04:00-04:00,4648.5,4648.5,4649.10009765625,4648.10009765625,4648.39990234375,109
2026-08-26 13:05:00-04:00,4646.7001953125,4646.7001953125,4648.7001953125,4646.60009765625,4648.7001953125,87
2026-08-26 13:06:00-04:00,4647.39990234375,4647.39990234375,4647.7001953125,4645.89990234375,4647.10009765625,68
2026-08-26 13:07:00-04:00,4651.0,4651.0,4651.0,4647.60009765625,4647.60009765625,108
2026-08-26 13:08:00-04:00,4650.89990234375,4650.89990234375,4651.2998046875,4650.2001953125,4650.7001953125,43
2026-08-26 13:09:00-04:00,4649.39990234375,4649.39990234375,4651.60009765625,4649.39990234375,4650.89990234375,61
2026-08-26 13:10:00-04:00,4649.0,4649.0,4650.2001953125,4648.7001953125,4649.60009765625,83
2026-08-26 13:11:00-04:00,4648.7001953125,4648.7001953125,4649.2998046875,4648.60009765625,4648.7998046875,35
2026-08-26 13:12:00-04:00,4649.7001953125,4649.7001953125,4650.5,4648.7001953125,4648.7998046875,68
2026-08-26 13:13:00-04:00,4649.2998046875,4649.2998046875,4650.0,4648.7001953125,4650.0,53
2026-08-26 13:14:00-04:00,4650.2001953125,4650.2001953125,4650.7998046875,4649.0,4649.10009765625,77
2026-08-26 13:15:00-04:00,4650.39990234375,4650.39990234375,4650.7998046875,4650.0,4650.2998046875,53
2026-08-26 13:16:00-04:00,4650.7001953125,4650.7001953125,4651.0,4650.10009765625,4650.39990234375,59
2026-08-26 13:17:00-04:00,4648.7998046875,4648.7998046875,4651.0,4648.7998046875,4650.7001953125,74
2026-08-26 13:18:00-04:00,4649.10009765625,4649.10009765625,4649.89990234375,4648.89990234375,4649.0,62
2026-08-26 13:19:00-04:00,4651.2001953125,4651.2001953125,4651.39990234375,4649.5,4649.5,77
2026-08-26 13:20:00-04:00,4651.60009765625,4651.60009765625,4652.39990234375,4651.2001953125,4651.5,132
2026-08-26 13:21:00-04:00,4653.5,4653.5,4654.2998046875,4651.5,4651.5,331
2026-08-26 13:22:00-04:00,4652.89990234375,4652.89990234375,4653.5,4652.2998046875,4653.5,169
2026-08-26 13:23:00-04:00,4652.10009765625,4652.10009765625,4653.60009765625,4651.39990234375,4652.7998046875,188
2026-08-26 13:24:00-04:00,4652.10009765625,4652.10009765625,4653.2001953125,4650.7001953125,4652.0,112
2026-08-26 13:25:00-04:00,4650.7001953125,4650.7001953125,4651.89990234375,4649.7998046875,4651.89990234375,95
2026-08-26 13:26:00-04:00,4651.5,4651.5,4651.7998046875,4650.5,4650.7001953125,66
2026-08-26 13:27:00-04:00,4650.89990234375,4650.89990234375,4652.2001953125,4650.60009765625,4651.60009765625,84
2026-08-26 13:28:00-04:00,4653.10009765625,4653.10009765625,4653.10009765625,4651.39990234375,4651.39990234375,383
2026-08-26 13:29:00-04:00,4653.39990234375,4653.39990234375,4653.89990234375,4651.7001953125,4653.0,608
2026-08-26 13:30:00-04:00,4655.2001953125,4655.2001953125,4655.2001953125,4652.2998046875,4653.2001953125,434
2026-08-26 13:31:00-04:00,4653.39990234375,4653.39990234375,4654.89990234375,4653.2001953125,4654.89990234375,127
2026-08-26 13:32:00-04:00,4654.89990234375,4654.89990234375,4654.89990234375,4653.10009765625,4653.39990234375,40
2026-08-26 13:33:00-04:00,4656.7998046875,4656.7998046875,4656.89990234375,4654.7998046875,4655.2998046875,285
2026-08-26 13:34:00-04:00,4656.2998046875,4656.2998046875,4657.60009765625,4656.10009765625,4657.10009765625,97
2026-08-26 13:35:00-04:00,4654.7001953125,4654.7001953125,4656.7001953125,4654.7001953125,4656.5,88
2026-08-26 13:36:00-04:00,4651.7001953125,4651.7001953125,4655.0,4651.39990234375,4654.7998046875,115
2026-08-26 13:37:00-04:00,4653.0,4653.0,4653.2998046875,4651.39990234375,4651.5,76
2026-08-26 13:38:00-04:00,4652.89990234375,4652.89990234375,4653.2998046875,4652.89990234375,4652.89990234375,29
2026-08-26 13:39:00-04:00,4652.0,4652.0,4653.2998046875,4652.0,4653.0,51
2026-08-26 13:40:00-04:00,4654.0,4654.0,4654.10009765625,4652.0,4652.0,82
2026-08-26 13:41:00-04:00,4654.0,4654.0,4654.7001953125,4653.60009765625,4654.0,48
2026-08-26 13:42:00-04:00,4652.89990234375,4652.89990234375,4654.5,4652.7998046875,4654.10009765625,53
2026-08-26 13:43:00-04:00,4652.39990234375,4652.39990234375,4653.0,4651.0,4652.89990234375,142
2026-08-26 13:44:00-04:00,4652.60009765625,4652.60009765625,4652.89990234375,4651.5,4652.0,51
2026-08-26 13:45:00-04:00,4653.7001953125,4653.7001953125,4654.2001953125,4652.39990234375,4652.5,66
2026-08-26 13:46:00-04:00,4652.60009765625,4652.60009765625,4653.60009765625,4652.39990234375,4653.2998046875,51
2026-08-26 13:47:00-04:00,4652.89990234375,4652.89990234375,4653.2001953125,4652.2998046875,4652.7001953125,46
2026-08-26 13:48:00-04:00,4652.2001953125,4652.2001953125,4653.2998046875,4651.7001953125,4652.89990234375,28
2026-08-26 13:49:00-04:00,4653.7001953125,4653.7001953125,4653.89990234375,4652.60009765625,4652.7998046875,36
2026-08-26 13:50:00-04:00,4654.10009765625,4654.10009765625,4654.2998046875,4653.7998046875,4653.7998046875,28
2026-08-26 13:51:00-04:00,4653.89990234375,4653.89990234375,4654.2001953125,4653.10009765625,4653.89990234375,36
2026-08-26 13:52:00-04:00,4654.2998046875,4654.2998046875,4654.60009765625,4653.60009765625,4653.7998046875,18
2026-08-26 13:53:00-04:00,4654.0,4654.0,4654.39990234375,4653.7998046875,4654.2998046875,42
2026-08-26 13:54:00-04:00,4652.7001953125,4652.7001953125,4654.2998046875,4652.5,4654.10009765625,42
2026-08-26 13:55:00-04:00,4650.7001953125,4650.7001953125,4652.7998046875,4650.7001953125,4652.7998046875,140
2026-08-26 13:56:00-04:00,4650.7001953125,4650.7001953125,4651.2001953125,4649.39990234375,4651.10009765625,87
2026-08-26 13:57:00-04:00,4651.89990234375,4651.89990234375,4651.89990234375,4650.7001953125,4651.0,75
2026-08-26 13:58:00-04:00,4652.10009765625,4652.10009765625,4653.0,4651.7001953125,4651.7998046875,72
2026-08-26 13:59:00-04:00,4653.2001953125,4653.2001953125,4653.2001953125,4652.0,4652.2001953125,52
2026-08-26 14:00:00-04:00,4652.7998046875,4652.7998046875,4653.39990234375,4652.2998046875,4653.10009765625,53
2026-08-26 14:01:00-04:00,4654.5,4654.5,4655.39990234375,4652.7998046875,4652.89990234375,95
2026-08-26 14:02:00-04:00,4655.39990234375,4655.39990234375,4655.39990234375,4654.2001953125,4654.7001953125,40
2026-08-26 14:03:00-04:00,4657.7001953125,4657.7001953125,4658.10009765625,4655.5,4655.7998046875,142
2026-08-26 14:04:00-04:00,4658.60009765625,4658.60009765625,4659.0,4657.39990234375,4657.89990234375,100
2026-08-26 14:05:00-04:00,4659.2001953125,4659.2001953125,4659.7998046875,4658.2998046875,4658.2998046875,147
2026-08-26 14:06:00-04:00,4658.0,4658.0,4660.2998046875,4658.0,4659.10009765625,287
2026-08-26 14:07:00-04:00,4657.10009765625,4657.10009765625,4658.10009765625,4656.39990234375,4658.0,84
2026-08-26 14:08:00-04:00,4656.7001953125,4656.7001953125,4657.2001953125,4656.2001953125,4656.89990234375,90
2026-08-26 14:09:00-04:00,4658.10009765625,4658.10009765625,4658.5,4657.10009765625,4657.10009765625,168
2026-08-26 14:10:00-04:00,4659.2001953125,4659.2001953125,4659.2998046875,4658.0,4658.0,67
2026-08-26 14:11:00-04:00,4658.7998046875,4658.7998046875,4659.2001953125,4658.39990234375,4659.0,73
2026-08-26 14:12:00-04:00,4658.5,4658.5,4658.89990234375,4657.7998046875,4658.89990234375,44
2026-08-26 14:13:00-04:00,4657.7998046875,4657.7998046875,4658.2998046875,4657.60009765625,4658.2998046875,47
2026-08-26 14:14:00-04:00,4655.89990234375,4655.89990234375,4657.89990234375,4655.39990234375,4657.89990234375,129
2026-08-26 14:15:00-04:00,4654.10009765625,4654.10009765625,4656.2001953125,4653.7998046875,4656.0,95
2026-08-26 14:16:00-04:00,4654.10009765625,4654.10009765625,4654.60009765625,4653.60009765625,4654.2001953125,70
2026-08-26 14:17:00-04:00,4654.7001953125,4654.7001953125,4654.7001953125,4654.0,4654.10009765625,21
2026-08-26 14:18:00-04:00,4652.2001953125,4652.2001953125,4654.39990234375,4651.7001953125,4654.39990234375,133
2026-08-26 14:19:00-04:00,4651.0,4651.0,4652.0,4650.2998046875,4652.0,138
2026-08-26 14:20:00-04:00,4650.2001953125,4650.2001953125,4651.2998046875,4650.2001953125,4651.2001953125,71
2026-08-26 14:21:00-04:00,4649.2001953125,4649.2001953125,4650.7001953125,4648.89990234375,4650.39990234375,120
2026-08-26 14:22:00-04:00,4649.89990234375,4649.89990234375,4650.2998046875,4648.60009765625,4648.89990234375,112
2026-08-26 14:23:00-04:00,4649.89990234375,4649.89990234375,4650.89990234375,4649.2998046875,4649.7998046875,95
2026-08-26 14:24:00-04:00,4649.2001953125,4649.2001953125,4650.10009765625,4648.0,4649.60009765625,81
2026-08-26 14:25:00-04:00,4649.2998046875,4649.2998046875,4649.7998046875,4648.39990234375,4649.60009765625,117
2026-08-26 14:26:00-04:00,4649.39990234375,4649.39990234375,4649.7998046875,4648.2998046875,4649.2001953125,74
2026-08-26 14:27:00-04:00,4649.5,4649.5,4650.2001953125,4648.7998046875,4649.2998046875,110
2026-08-26 14:28:00-04:00,4649.39990234375,4649.39990234375,4650.60009765625,4648.89990234375,4649.2998046875,72
2026-08-26 14:29:00-04:00,4650.2001953125,4650.2001953125,4650.2001953125,4648.60009765625,4649.5,74
2026-08-26 14:30:00-04:00,4648.89990234375,4648.89990234375,4650.0,4648.7001953125,4649.89990234375,46
2026-08-26 14:31:00-04:00,4649.89990234375,4649.89990234375,4649.89990234375,4648.7998046875,4648.7998046875,51
2026-08-26 14:32:00-04:00,4649.60009765625,4649.60009765625,4650.10009765625,4648.7001953125,4649.89990234375,64
2026-08-26 14:33:00-04:00,4649.39990234375,4649.39990234375,4650.5,4649.2001953125,4649.5,37
2026-08-26 14:34:00-04:00,4648.7001953125,4648.7001953125,4650.7998046875,4648.60009765625,4650.0,117
2026-08-26 14:35:00-04:00,4649.39990234375,4649.39990234375,4649.7998046875,4647.5,4648.7998046875,102
2026-08-26 14:36:00-04:00,4649.10009765625,4649.10009765625,4649.89990234375,4649.10009765625,4649.60009765625,50
2026-08-26 14:37:00-04:00,4650.7001953125,4650.7001953125,4651.39990234375,4649.2998046875,4649.2998046875,93
2026-08-26 14:38:00-04:00,4649.2001953125,4649.2001953125,4650.5,4648.2001953125,4650.39990234375,99
2026-08-26 14:39:00-04:00,4649.60009765625,4649.60009765625,4649.7001953125,4648.7998046875,4649.10009765625,54
2026-08-26 14:40:00-04:00,4650.2001953125,4650.2001953125,4650.39990234375,4649.0,4649.5,60
2026-08-26 14:41:00-04:00,4650.60009765625,4650.60009765625,4650.89990234375,4649.89990234375,4650.39990234375,64
2026-08-26 14:42:00-04:00,4652.2998046875,4652.2998046875,4652.2998046875,4650.7001953125,4650.7001953125,82
2026-08-26 14:43:00-04:00,4651.2001953125,4651.2001953125,4652.39990234375,4651.2001953125,4652.10009765625,86
2026-08-26 14:44:00-04:00,4652.0,4652.0,4652.60009765625,4651.0,4651.39990234375,47
2026-08-26 14:45:00-04:00,4652.0,4652.0,4652.0,4651.10009765625,4651.60009765625,27
2026-08-26 14:46:00-04:00,4651.5,4651.5,4652.0,4651.5,4651.7998046875,37
2026-08-26 14:47:00-04:00,4652.39990234375,4652.39990234375,4652.7998046875,4651.89990234375,4651.89990234375,19
2026-08-26 14:48:00-04:00,4651.7998046875,4651.7998046875,4653.0,4651.5,4652.60009765625,37
2026-08-26 14:49:00-04:00,4651.89990234375,4651.89990234375,4652.0,4651.0,4651.7998046875,37
2026-08-26 14:50:00-04:00,4651.5,4651.5,4652.10009765625,4651.5,4651.7998046875,11
2026-08-26 14:51:00-04:00,4651.7998046875,4651.7998046875,4652.0,4651.7001953125,4652.0,5
2026-08-26 14:52:00-04:00,4652.10009765625,4652.10009765625,4652.10009765625,4651.60009765625,4651.89990234375,24
2026-08-26 14:53:00-04:00,4652.60009765625,4652.60009765625,4653.0,4652.10009765625,4652.2998046875,97
2026-08-26 14:54:00-04:00,4651.10009765625,4651.10009765625,4652.7001953125,4651.0,4652.5,35
2026-08-26 14:55:00-04:00,4648.39990234375,4648.39990234375,4651.2001953125,4648.2998046875,4651.0,306
2026-08-26 14:56:00-04:00,4650.10009765625,4650.10009765625,4650.10009765625,4648.7001953125,4648.7001953125,23
2026-08-26 14:57:00-04:00,4650.10009765625,4650.10009765625,4650.60009765625,4649.7998046875,4650.39990234375,34
2026-08-26 14:58:00-04:00,4649.60009765625,4649.60009765625,4650.0,4648.7001953125,4649.7998046875,67
2026-08-26 14:59:00-04:00,4648.5,4648.5,4649.7001953125,4648.5,4649.7001953125,32
2026-08-26 15:00:00-04:00,4649.7998046875,4649.7998046875,4649.89990234375,4648.39990234375,4648.7998046875,58
2026-08-26 15:01:00-04:00,4649.10009765625,4649.10009765625,4649.7001953125,4648.89990234375,4649.7001953125,18
2026-08-26 15:02:00-04:00,4648.5,4648.5,4649.60009765625,4648.5,4649.2998046875,40
2026-08-26 15:03:00-04:00,4646.2998046875,4646.2998046875,4648.2001953125,4646.0,4648.2001953125,119
2026-08-26 15:04:00-04:00,4647.2001953125,4647.2001953125,4647.2001953125,4646.0,4646.2998046875,39
2026-08-26 15:05:00-04:00,4646.2001953125,4646.2001953125,4647.39990234375,4646.10009765625,4647.39990234375,68
2026-08-26 15:06:00-04:00,4647.10009765625,4647.10009765625,4647.2001953125,4645.7001953125,4646.0,67
2026-08-26 15:07:00-04:00,4647.2001953125,4647.2001953125,4647.60009765625,4647.0,4647.2998046875,11
2026-08-26 15:08:00-04:00,4647.60009765625,4647.60009765625,4647.60009765625,4646.7001953125,4646.89990234375,21
2026-08-26 15:09:00-04:00,4647.60009765625,4647.60009765625,4648.2001953125,4647.2001953125,4647.5,43
2026-08-26 15:10:00-04:00,4649.2001953125,4649.2001953125,4649.60009765625,4647.60009765625,4647.60009765625,47
2026-08-26 15:11:00-04:00,4649.5,4649.5,4650.39990234375,4649.10009765625,4649.2001953125,54
2026-08-26 15:12:00-04:00,4647.89990234375,4647.89990234375,4649.60009765625,4647.60009765625,4649.60009765625,31
2026-08-26 15:13:00-04:00,4648.10009765625,4648.10009765625,4648.89990234375,4647.60009765625,4647.89990234375,45
2026-08-26 15:14:00-04:00,4649.10009765625,4649.10009765625,4649.10009765625,4647.7998046875,4647.7998046875,24
2026-08-26 15:15:00-04:00,4650.10009765625,4650.10009765625,4650.39990234375,4648.5,4649.10009765625,28
2026-08-26 15:16:00-04:00,4647.0,4647.0,4649.89990234375,4646.89990234375,4649.89990234375,41
2026-08-26 15:17:00-04:00,4647.39990234375,4647.39990234375,4647.7998046875,4646.60009765625,4647.5,26
2026-08-26 15:18:00-04:00,4647.0,4647.0,4648.2001953125,4646.2001953125,4647.39990234375,112
2026-08-26 15:19:00-04:00,4646.5,4646.5,4647.60009765625,4646.5,4647.0,22
2026-08-26 15:20:00-04:00,4646.2001953125,4646.2001953125,4646.7998046875,4645.7998046875,4646.39990234375,54
2026-08-26 15:21:00-04:00,4646.60009765625,4646.60009765625,4646.60009765625,4646.2001953125,4646.2998046875,15
2026-08-26 15:22:00-04:00,4647.39990234375,4647.39990234375,4647.7001953125,4647.0,4647.10009765625,16
2026-08-26 15:23:00-04:00,4648.2998046875,4648.2998046875,4648.60009765625,4647.5,4647.89990234375,56
2026-08-26 15:24:00-04:00,4648.7998046875,4648.7998046875,4648.89990234375,4648.0,4648.2998046875,38
2026-08-26 15:25:00-04:00,4651.0,4651.0,4651.2001953125,4649.10009765625,4649.10009765625,65
2026-08-26 15:26:00-04:00,4653.60009765625,4653.60009765625,4653.7001953125,4651.2998046875,4651.2998046875,141
2026-08-26 15:27:00-04:00,4652.60009765625,4652.60009765625,4653.5,4652.5,4653.2998046875,144
2026-08-26 15:28:00-04:00,4651.7001953125,4651.7001953125,4652.7001953125,4651.60009765625,4652.7001953125,54
2026-08-26 15:29:00-04:00,4653.10009765625,4653.10009765625,4653.60009765625,4651.60009765625,4651.60009765625,119
2026-08-26 15:30:00-04:00,4654.89990234375,4654.89990234375,4656.2998046875,4653.0,4653.2001953125,178
2026-08-26 15:31:00-04:00,4653.7998046875,4653.7998046875,4654.7998046875,4653.2001953125,4654.7998046875,89
2026-08-26 15:32:00-04:00,4654.2001953125,4654.2001953125,4654.60009765625,4654.2001953125,4654.2998046875,10
2026-08-26 15:33:00-04:00,4654.7001953125,4654.7001953125,4654.7998046875,4653.89990234375,4654.39990234375,44
2026-08-26 15:34:00-04:00,4652.2998046875,4652.2998046875,4654.7998046875,4651.5,4654.39990234375,94
2026-08-26 15:35:00-04:00,4652.60009765625,4652.60009765625,4653.10009765625,4652.10009765625,4652.2001953125,60
2026-08-26 15:36:00-04:00,4652.39990234375,4652.39990234375,4652.39990234375,4652.39990234375,4652.39990234375,2
2026-08-26 15:37:00-04:00,4651.7998046875,4651.7998046875,4652.39990234375,4651.0,4652.39990234375,70
2026-08-26 15:38:00-04:00,4651.7998046875,4651.7998046875,4652.5,4651.60009765625,4652.2001953125,32
2026-08-26 15:39:00-04:00,4651.7998046875,4651.7998046875,4651.89990234375,4651.60009765625,4651.7998046875,22
2026-08-26 15:40:00-04:00,4650.89990234375,4650.89990234375,4651.2998046875,4650.10009765625,4651.2001953125,60
2026-08-26 15:41:00-04:00,4651.7998046875,4651.7998046875,4651.7998046875,4650.7998046875,4650.89990234375,21
2026-08-26 15:42:00-04:00,4650.7001953125,4650.7001953125,4651.2998046875,4650.39990234375,4651.2998046875,32
2026-08-26 15:43:00-04:00,4649.7001953125,4649.7001953125,4651.5,4649.7001953125,4651.0,39
2026-08-26 15:44:00-04:00,4650.2001953125,4650.2001953125,4650.2998046875,4649.0,4649.60009765625,49
2026-08-26 15:45:00-04:00,4650.5,4650.5,4650.89990234375,4650.39990234375,4650.5,23
2026-08-26 15:46:00-04:00,4650.60009765625,4650.60009765625,4651.0,4650.39990234375,4651.0,55
2026-08-26 15:47:00-04:00,4650.0,4650.0,4650.39990234375,4649.5,4650.10009765625,31
2026-08-26 15:48:00-04:00,4650.89990234375,4650.89990234375,4651.0,4649.60009765625,4650.39990234375,60
2026-08-26 15:49:00-04:00,4650.0,4650.0,4651.10009765625,4649.7001953125,4650.7998046875,34
2026-08-26 15:50:00-04:00,4648.0,4648.0,4649.60009765625,4647.0,4649.60009765625,92
2026-08-26 15:51:00-04:00,4648.7998046875,4648.7998046875,4649.2001953125,4648.10009765625,4648.2001953125,71
2026-08-26 15:52:00-04:00,4648.7001953125,4648.7001953125,4650.0,4648.7001953125,4649.5,33
2026-08-26 15:53:00-04:00,4648.10009765625,4648.10009765625,4648.7001953125,4647.5,4648.60009765625,58
2026-08-26 15:54:00-04:00,4648.39990234375,4648.39990234375,4648.7001953125,4647.7001953125,4647.89990234375,26
2026-08-26 15:55:00-04:00,4649.10009765625,4649.10009765625,4649.39990234375,4648.10009765625,4648.10009765625,78
2026-08-26 15:56:00-04:00,4648.39990234375,4648.39990234375,4649.39990234375,4648.10009765625,4648.89990234375,63
2026-08-26 15:57:00-04:00,4648.10009765625,4648.10009765625,4648.89990234375,4647.60009765625,4648.60009765625,151
2026-08-26 15:58:00-04:00,4647.7998046875,4647.7998046875,4648.0,4647.0,4648.0,89
2026-08-26 15:59:00-04:00,4648.89990234375,4648.89990234375,4648.89990234375,4647.2998046875,4647.7001953125,226
2026-08-26 16:00:00-04:00,4647.7001953125,4647.7001953125,4649.2998046875,4647.39990234375,4649.0,138
2026-08-26 16:01:00-04:00,4647.7998046875,4647.7998046875,4648.10009765625,4647.39990234375,4647.89990234375,18
2026-08-26 16:02:00-04:00,4649.10009765625,4649.10009765625,4649.10009765625,4647.2998046875,4647.2998046875,22
2026-08-26 16:03:00-04:00,4649.10009765625,4649.10009765625,4649.5,4649.0,4649.5,19
2026-08-26 16:04:00-04:00,4648.60009765625,4648.60009765625,4648.89990234375,4648.2001953125,4648.7998046875,20
2026-08-26 16:05:00-04:00,4650.2998046875,4650.2998046875,4650.60009765625,4648.89990234375,4648.89990234375,53
2026-08-26 16:06:00-04:00,4651.10009765625,4651.10009765625,4651.39990234375,4650.2998046875,4650.2998046875,43
2026-08-26 16:07:00-04:00,4650.7001953125,4650.7001953125,4651.10009765625,4650.2001953125,4650.89990234375,25
2026-08-26 16:08:00-04:00,4649.60009765625,4649.60009765625,4651.0,4649.60009765625,4650.89990234375,17
2026-08-26 16:09:00-04:00,4649.5,4649.5,4649.5,4649.5,4649.5,1
2026-08-26 16:10:00-04:00,4649.2001953125,4649.2001953125,4649.7998046875,4648.60009765625,4649.2998046875,21
2026-08-26 16:11:00-04:00,4647.7998046875,4647.7998046875,4649.7001953125,4647.7998046875,4649.39990234375,33
2026-08-26 16:12:00-04:00,4647.5,4647.5,4647.7001953125,4647.2001953125,4647.7001953125,16
2026-08-26 16:13:00-04:00,4647.89990234375,4647.89990234375,4648.0,4647.10009765625,4647.10009765625,23
2026-08-26 16:14:00-04:00,4646.0,4646.0,4647.89990234375,4646.0,4647.60009765625,50
2026-08-26 16:15:00-04:00,4646.39990234375,4646.39990234375,4646.39990234375,4645.89990234375,4646.39990234375,14
2026-08-26 16:16:00-04:00,4644.5,4644.5,4646.10009765625,4644.2001953125,4646.10009765625,57
2026-08-26 16:17:00-04:00,4644.10009765625,4644.10009765625,4644.89990234375,4643.60009765625,4644.5,35
2026-08-26 16:18:00-04:00,4644.10009765625,4644.10009765625,4644.60009765625,4643.7998046875,4644.0,27
2026-08-26 16:19:00-04:00,4643.89990234375,4643.89990234375,4644.60009765625,4643.7001953125,4644.0,29
2026-08-26 16:20:00-04:00,4639.39990234375,4639.39990234375,4643.7998046875,4638.60009765625,4643.7998046875,235
2026-08-26 16:21:00-04:00,4640.0,4640.0,4641.2001953125,4638.7998046875,4639.39990234375,115
2026-08-26 16:22:00-04:00,4641.2998046875,4641.2998046875,4641.2998046875,4639.2998046875,4640.10009765625,59
2026-08-26 16:23:00-04:00,4642.2001953125,4642.2001953125,4642.7001953125,4640.2001953125,4640.89990234375,32
2026-08-26 16:24:00-04:00,4644.2001953125,4644.2001953125,4644.2001953125,4642.2001953125,4642.2001953125,51
2026-08-26 16:25:00-04:00,4644.5,4644.5,4644.89990234375,4643.89990234375,4644.39990234375,16
2026-08-26 16:26:00-04:00,4645.60009765625,4645.60009765625,4645.89990234375,4645.39990234375,4645.5,19
2026-08-26 16:27:00-04:00,4646.7001953125,4646.7001953125,4646.7001953125,4645.60009765625,4646.0,18
2026-08-26 16:28:00-04:00,4646.39990234375,4646.39990234375,4646.7001953125,4646.39990234375,4646.39990234375,7
2026-08-26 16:29:00-04:00,4645.89990234375,4645.89990234375,4646.2998046875,4645.7001953125,4646.0,25
2026-08-26 16:30:00-04:00,4645.0,4645.0,4646.2998046875,4645.0,4645.7998046875,25
2026-08-26 16:31:00-04:00,4645.60009765625,4645.60009765625,4645.60009765625,4645.60009765625,4645.60009765625,3
2026-08-26 16:32:00-04:00,4645.89990234375,4645.89990234375,4645.89990234375,4645.5,4645.7001953125,8
2026-08-26 16:33:00-04:00,4645.2998046875,4645.2998046875,4646.2998046875,4645.2998046875,4646.0,13
2026-08-26 16:34:00-04:00,4646.60009765625,4646.60009765625,4646.89990234375,4645.7001953125,4645.7001953125,16
2026-08-26 16:35:00-04:00,4646.89990234375,4646.89990234375,4647.39990234375,4646.60009765625,4646.7001953125,32
2026-08-26 16:36:00-04:00,4647.2998046875,4647.2998046875,4647.39990234375,4646.89990234375,4647.2001953125,19
2026-08-26 16:37:00-04:00,4647.7001953125,4647.7001953125,4648.0,4647.10009765625,4647.2998046875,10
2026-08-26 16:38:00-04:00,4648.2001953125,4648.2001953125,4648.2001953125,4647.60009765625,4647.7001953125,22
2026-08-26 16:39:00-04:00,4648.2998046875,4648.2998046875,4648.39990234375,4647.5,4648.39990234375,20
2026-08-26 16:40:00-04:00,4647.0,4647.0,4648.0,4646.7998046875,4648.0,21
2026-08-26 16:41:00-04:00,4647.2998046875,4647.2998046875,4647.60009765625,4646.89990234375,4646.89990234375,12
2026-08-26 16:42:00-04:00,4646.39990234375,4646.39990234375,4647.7998046875,4646.39990234375,4647.39990234375,13
2026-08-26 16:43:00-04:00,4646.2001953125,4646.2001953125,4646.7998046875,4646.2001953125,4646.39990234375,10
2026-08-26 16:44:00-04:00,4646.39990234375,4646.39990234375,4646.7001953125,4646.2001953125,4646.2001953125,21
2026-08-26 16:45:00-04:00,4646.60009765625,4646.60009765625,4647.5,4646.60009765625,4646.60009765625,17
2026-08-26 16:46:00-04:00,4646.60009765625,4646.60009765625,4647.10009765625,4646.60009765625,4646.7998046875,9
2026-08-26 16:47:00-04:00,4646.5,4646.5,4647.60009765625,4646.5,4646.60009765625,22
2026-08-26 16:48:00-04:00,4646.89990234375,4646.89990234375,4647.2001953125,4646.89990234375,4647.2001953125,3
2026-08-26 16:49:00-04:00,4648.2998046875,4648.2998046875,4648.39990234375,4647.39990234375,4647.39990234375,11
2026-08-26 16:50:00-04:00,4648.7998046875,4648.7998046875,4648.7998046875,4648.2001953125,4648.2001953125,13
2026-08-26 16:51:00-04:00,4648.2001953125,4648.2001953125,4648.7001953125,4647.7001953125,4648.60009765625,38
2026-08-26 16:52:00-04:00,4647.7001953125,4647.7001953125,4647.89990234375,4647.5,4647.89990234375,6
2026-08-26 16:53:00-04:00,4647.60009765625,4647.60009765625,4647.7998046875,4647.2998046875,4647.7998046875,14
2026-08-26 16:54:00-04:00,4647.60009765625,4647.60009765625,4647.89990234375,4647.2001953125,4647.5,9
2026-08-26 16:55:00-04:00,4648.2001953125,4648.2001953125,4648.5,4647.7998046875,4648.10009765625,27
2026-08-26 16:56:00-04:00,4648.2998046875,4648.2998046875,4648.7001953125,4648.10009765625,4648.2998046875,11
2026-08-26 16:57:00-04:00,4649.10009765625,4649.10009765625,4649.10009765625,4648.2998046875,4648.2998046875,7
2026-08-26 16:58:00-04:00,4649.39990234375,4649.39990234375,4649.5,4648.7001953125,4648.7998046875,19
2026-08-26 16:59:00-04:00,4647.7998046875,4647.7998046875,4649.7001953125,4647.7998046875,4649.10009765625,49
2026-08-26 18:00:00-04:00,4657.5,4657.5,4658.0,4648.10009765625,4650.0,0
2026-08-26 18:01:00-04:00,4657.0,4657.0,4659.2001953125,4656.10009765625,4657.7998046875,62
2026-08-26 18:02:00-04:00,4656.60009765625,4656.60009765625,4658.7001953125,4656.0,4657.7001953125,59
2026-08-26 18:03:00-04:00,4658.2998046875,4658.2998046875,4659.39990234375,4657.10009765625,4657.10009765625,55
2026-08-26 18:04:00-04:00,4656.7001953125,4656.7001953125,4658.7001953125,4656.60009765625,4657.2001953125,67
2026-08-26 18:05:00-04:00,4657.5,4657.5,4658.0,4656.5,4656.60009765625,25
2026-08-26 18:06:00-04:00,4658.7998046875,4658.7998046875,4659.0,4657.7001953125,4657.7001953125,21
2026-08-26 18:07:00-04:00,4658.60009765625,4658.60009765625,4659.2001953125,4657.2001953125,4658.7998046875,22
2026-08-26 18:08:00-04:00,4657.2998046875,4657.2998046875,4658.89990234375,4657.2998046875,4658.5,15
2026-08-26 18:09:00-04:00,4658.39990234375,4658.39990234375,4659.2001953125,4657.5,4657.5,40
2026-08-26 18:10:00-04:00,4657.7998046875,4657.7998046875,4660.0,4657.7001953125,4658.5,47
2026-08-26 18:11:00-04:00,4656.7998046875,4656.7998046875,4658.2998046875,4656.7998046875,4657.7001953125,22
2026-08-26 18:12:00-04:00,4657.2998046875,4657.2998046875,4657.39990234375,4656.5,4656.7001953125,20
2026-08-26 18:13:00-04:00,4657.10009765625,4657.10009765625,4658.0,4656.2001953125,4657.2998046875,25
2026-08-26 18:14:00-04:00,4656.60009765625,4656.60009765625,4656.7001953125,4656.0,4656.60009765625,17
2026-08-26 18:15:00-04:00,4657.0,4657.0,4657.7998046875,4657.0,4657.0,19
2026-08-26 18:16:00-04:00,4658.7998046875,4658.7998046875,4659.10009765625,4656.2001953125,4656.39990234375,25
2026-08-26 18:17:00-04:00,4665.2001953125,4665.2001953125,4665.2998046875,4659.2001953125,4659.2001953125,159
2026-08-26 18:18:00-04:00,4665.5,4665.5,4666.2998046875,4664.0,4664.89990234375,164
2026-08-26 18:19:00-04:00,4665.0,4665.0,4666.7001953125,4664.39990234375,4665.89990234375,76
2026-08-26 18:20:00-04:00,4664.5,4664.5,4665.60009765625,4664.39990234375,4664.7998046875,39
2026-08-26 18:21:00-04:00,4666.7001953125,4666.7001953125,4667.7001953125,4664.89990234375,4664.89990234375,58
2026-08-26 18:22:00-04:00,4662.89990234375,4662.89990234375,4666.2998046875,4662.7998046875,4666.2998046875,96
2026-08-26 18:23:00-04:00,4660.60009765625,4660.60009765625,4663.10009765625,4660.5,4663.10009765625,48
2026-08-26 18:24:00-04:00,4660.7998046875,4660.7998046875,4661.39990234375,4660.5,4660.7998046875,23
2026-08-26 18:25:00-04:00,4660.7998046875,4660.7998046875,4661.2998046875,4660.10009765625,4660.5,44
2026-08-26 18:26:00-04:00,4661.7001953125,4661.7001953125,4661.7001953125,4660.5,4660.5,8
2026-08-26 18:27:00-04:00,4660.7998046875,4660.7998046875,4661.2001953125,4659.7001953125,4661.2001953125,32
2026-08-26 18:28:00-04:00,4663.7001953125,4663.7001953125,4664.2998046875,4660.60009765625,4660.60009765625,65
2026-08-26 18:29:00-04:00,4665.10009765625,4665.10009765625,4665.60009765625,4662.89990234375,4662.89990234375,70
2026-08-26 18:30:00-04:00,4664.39990234375,4664.39990234375,4665.2001953125,4663.89990234375,4665.2001953125,28
2026-08-26 18:31:00-04:00,4664.89990234375,4664.89990234375,4665.0,4664.2001953125,4664.60009765625,23
2026-08-26 18:32:00-04:00,4664.7998046875,4664.7998046875,4666.0,4664.7998046875,4665.7998046875,37
2026-08-26 18:33:00-04:00,4663.89990234375,4663.89990234375,4665.0,4663.89990234375,4664.5,15
2026-08-26 18:34:00-04:00,4664.39990234375,4664.39990234375,4664.5,4664.10009765625,4664.10009765625,6
2026-08-26 18:35:00-04:00,4664.7001953125,4664.7001953125,4665.60009765625,4663.7998046875,4663.89990234375,27
2026-08-26 18:36:00-04:00,4663.89990234375,4663.89990234375,4664.7998046875,4663.89990234375,4664.5,17
2026-08-26 18:37:00-04:00,4663.10009765625,4663.10009765625,4664.0,4663.10009765625,4664.0,32
2026-08-26 18:38:00-04:00,4664.0,4664.0,4664.60009765625,4663.39990234375,4663.39990234375,25
2026-08-26 18:39:00-04:00,4664.7001953125,4664.7001953125,4664.89990234375,4663.89990234375,4664.39990234375,35
2026-08-26 18:40:00-04:00,4663.60009765625,4663.60009765625,4665.0,4663.5,4664.60009765625,49
2026-08-26 18:41:00-04:00,4663.2001953125,4663.2001953125,4664.2998046875,4663.10009765625,4663.60009765625,39
2026-08-26 18:42:00-04:00,4664.10009765625,4664.10009765625,4664.10009765625,4663.39990234375,4663.60009765625,4
2026-08-26 18:43:00-04:00,4664.5,4664.5,4665.0,4664.5,4664.5,16
2026-08-26 18:44:00-04:00,4665.0,4665.0,4666.0,4664.2001953125,4664.2001953125,23
2026-08-26 18:45:00-04:00,4663.60009765625,4663.60009765625,4666.2001953125,4663.60009765625,4665.2998046875,47
2026-08-26 18:46:00-04:00,4663.7001953125,4663.7001953125,4664.2998046875,4663.39990234375,4663.60009765625,24
2026-08-26 18:47:00-04:00,4664.2001953125,4664.2001953125,4664.7998046875,4663.2001953125,4663.89990234375,45
2026-08-26 18:48:00-04:00,4662.39990234375,4662.39990234375,4664.5,4662.2998046875,4664.5,71
2026-08-26 18:49:00-04:00,4663.60009765625,4663.60009765625,4663.60009765625,4662.89990234375,4663.0,10
2026-08-26 18:50:00-04:00,4662.2998046875,4662.2998046875,4663.60009765625,4662.0,4663.2001953125,127
2026-08-26 18:51:00-04:00,4661.5,4661.5,4662.39990234375,4661.5,4662.39990234375,34
2026-08-26 18:52:00-04:00,4661.89990234375,4661.89990234375,4662.39990234375,4661.2998046875,4661.39990234375,14
2026-08-26 18:53:00-04:00,4662.0,4662.0,4662.10009765625,4661.7998046875,4661.89990234375,8
2026-08-26 18:54:00-04:00,4661.7001953125,4661.7001953125,4661.7998046875,4661.7001953125,4661.7998046875,21
2026-08-26 18:55:00-04:00,4661.60009765625,4661.60009765625,4661.89990234375,4661.2998046875,4661.39990234375,19
2026-08-26 18:56:00-04:00,4661.0,4661.0,4661.89990234375,4660.7001953125,4661.5,28
2026-08-26 18:57:00-04:00,4663.5,4663.5,4664.0,4660.7001953125,4661.39990234375,140
2026-08-26 18:58:00-04:00,4661.5,4661.5,4663.2998046875,4661.5,4663.2998046875,58
2026-08-26 18:59:00-04:00,4663.2998046875,4663.2998046875,4663.2998046875,4661.7001953125,4662.0,17
2026-08-26 19:00:00-04:00,4663.89990234375,4663.89990234375,4664.2001953125,4662.60009765625,4663.2001953125,109
2026-08-26 19:01:00-04:00,4661.89990234375,4661.89990234375,4665.7001953125,4661.2001953125,4664.60009765625,192
2026-08-26 19:02:00-04:00,4663.5,4663.5,4663.60009765625,4660.89990234375,4661.2001953125,80
2026-08-26 19:03:00-04:00,4662.7998046875,4662.7998046875,4663.7998046875,4662.7998046875,4663.60009765625,9
2026-08-26 19:04:00-04:00,4662.2001953125,4662.2001953125,4663.10009765625,4661.7998046875,4662.7001953125,30
2026-08-26 19:05:00-04:00,4663.89990234375,4663.89990234375,4663.89990234375,4662.2998046875,4662.2998046875,23
2026-08-26 19:06:00-04:00,4664.89990234375,4664.89990234375,4666.2001953125,4663.7998046875,4663.7998046875,60
2026-08-26 19:07:00-04:00,4665.0,4665.0,4665.7998046875,4665.0,4665.2998046875,33
2026-08-26 19:08:00-04:00,4664.39990234375,4664.39990234375,4666.10009765625,4664.39990234375,4665.7001953125,43
2026-08-26 19:09:00-04:00,4665.2998046875,4665.2998046875,4665.2998046875,4663.89990234375,4664.10009765625,20
2026-08-26 19:10:00-04:00,4667.0,4667.0,4667.10009765625,4665.39990234375,4665.39990234375,46
2026-08-26 19:11:00-04:00,4666.2998046875,4666.2998046875,4667.2998046875,4666.0,4666.60009765625,22
2026-08-26 19:12:00-04:00,4665.2998046875,4665.2998046875,4666.39990234375,4665.0,4666.10009765625,21
2026-08-26 19:13:00-04:00,4667.10009765625,4667.10009765625,4667.10009765625,4665.60009765625,4665.60009765625,35
2026-08-26 19:14:00-04:00,4669.5,4669.5,4669.5,4666.5,4666.5,140
2026-08-26 19:15:00-04:00,4668.60009765625,4668.60009765625,4669.5,4668.2001953125,4669.10009765625,30
2026-08-26 19:16:00-04:00,4668.7001953125,4668.7001953125,4669.10009765625,4668.60009765625,4668.89990234375,14
2026-08-26 19:17:00-04:00,4671.5,4671.5,4672.0,4668.89990234375,4669.0,200
2026-08-26 19:18:00-04:00,4673.2998046875,4673.2998046875,4674.0,4670.89990234375,4671.39990234375,106
2026-08-26 19:19:00-04:00,4674.39990234375,4674.39990234375,4674.5,4672.7998046875,4673.2001953125,82
2026-08-26 19:20:00-04:00,4674.7998046875,4674.7998046875,4675.2001953125,4674.2001953125,4674.5,43
2026-08-26 19:21:00-04:00,4675.60009765625,4675.60009765625,4675.7998046875,4675.2001953125,4675.2001953125,25
2026-08-26 19:22:00-04:00,4676.0,4676.0,4676.0,4674.7998046875,4675.39990234375,311
2026-08-26 19:23:00-04:00,4675.60009765625,4675.60009765625,4676.0,4675.0,4675.89990234375,32
2026-08-26 19:24:00-04:00,4674.60009765625,4674.60009765625,4675.60009765625,4674.60009765625,4675.39990234375,11
2026-08-26 19:25:00-04:00,4676.10009765625,4676.10009765625,4676.10009765625,4674.60009765625,4674.7998046875,41
2026-08-26 19:26:00-04:00,4675.5,4675.5,4675.7001953125,4674.7998046875,4675.7001953125,61
2026-08-26 19:27:00-04:00,4675.0,4675.0,4675.7998046875,4675.0,4675.2998046875,87
2026-08-26 19:28:00-04:00,4675.39990234375,4675.39990234375,4675.39990234375,4675.0,4675.2001953125,22
2026-08-26 19:29:00-04:00,4673.7001953125,4673.7001953125,4675.60009765625,4673.2001953125,4675.60009765625,70
2026-08-26 19:30:00-04:00,4673.7998046875,4673.7998046875,4674.7001953125,4673.7998046875,4674.10009765625,10
2026-08-26 19:31:00-04:00,4673.0,4673.0,4674.39990234375,4673.0,4674.10009765625,27
2026-08-26 19:32:00-04:00,4672.2001953125,4672.2001953125,4673.5,4672.0,4673.5,34
2026-08-26 19:33:00-04:00,4672.7001953125,4672.7001953125,4672.7001953125,4672.0,4672.5,40
2026-08-26 19:34:00-04:00,4674.89990234375,4674.89990234375,4674.89990234375,4672.60009765625,4672.7001953125,19
2026-08-26 19:35:00-04:00,4674.7998046875,4674.7998046875,4675.7998046875,4674.39990234375,4675.0,31
2026-08-26 19:36:00-04:00,4674.10009765625,4674.10009765625,4674.7001953125,4674.0,4674.7001953125,39
2026-08-26 19:37:00-04:00,4673.89990234375,4673.89990234375,4674.39990234375,4673.2998046875,4674.10009765625,52
2026-08-26 19:38:00-04:00,4673.2001953125,4673.2001953125,4674.0,4672.7998046875,4674.0,28
2026-08-26 19:39:00-04:00,4678.5,4678.5,4678.7001953125,4673.0,4673.10009765625,138
2026-08-26 19:40:00-04:00,4677.2998046875,4677.2998046875,4678.2998046875,4676.0,4678.2998046875,73
2026-08-26 19:41:00-04:00,4677.5,4677.5,4678.0,4677.2998046875,4677.5,54
2026-08-26 19:42:00-04:00,4676.60009765625,4676.60009765625,4677.39990234375,4676.2001953125,4677.10009765625,29
2026-08-26 19:43:00-04:00,4677.0,4677.0,4677.0,4676.5,4676.5,7
2026-08-26 19:44:00-04:00,4676.7998046875,4676.7998046875,4676.89990234375,4676.10009765625,4676.89990234375,10
2026-08-26 19:45:00-04:00,4675.39990234375,4675.39990234375,4676.7001953125,4675.39990234375,4676.2998046875,77
2026-08-26 19:46:00-04:00,4677.10009765625,4677.10009765625,4677.10009765625,4674.7998046875,4675.60009765625,109
2026-08-26 19:47:00-04:00,4676.0,4676.0,4677.0,4675.39990234375,4676.7998046875,63
2026-08-26 19:48:00-04:00,4677.7001953125,4677.7001953125,4677.7998046875,4675.7001953125,4675.7998046875,73
2026-08-26 19:49:00-04:00,4677.39990234375,4677.39990234375,4678.89990234375,4677.0,4677.7998046875,71
2026-08-26 19:50:00-04:00,4677.7998046875,4677.7998046875,4678.39990234375,4677.0,4677.2998046875,50
2026-08-26 19:51:00-04:00,4677.2001953125,4677.2001953125,4677.89990234375,4677.2001953125,4677.7998046875,117
2026-08-26 19:52:00-04:00,4676.2998046875,4676.2998046875,4677.0,4676.0,4677.0,24
2026-08-26 19:53:00-04:00,4675.10009765625,4675.10009765625,4676.7001953125,4674.89990234375,4676.2998046875,28
2026-08-26 19:54:00-04:00,4675.10009765625,4675.10009765625,4675.5,4674.89990234375,4675.2001953125,23
2026-08-26 19:55:00-04:00,4676.39990234375,4676.39990234375,4676.89990234375,4674.7001953125,4675.0,143
2026-08-26 19:56:00-04:00,4676.60009765625,4676.60009765625,4677.2001953125,4675.0,4676.0,109
2026-08-26 19:57:00-04:00,4678.39990234375,4678.39990234375,4678.39990234375,4675.7998046875,4676.7001953125,52
2026-08-26 19:58:00-04:00,4676.7001953125,4676.7001953125,4677.89990234375,4676.60009765625,4677.7998046875,79
2026-08-26 19:59:00-04:00,4677.5,4677.5,4677.60009765625,4676.7998046875,4676.7998046875,25
2026-08-26 20:00:00-04:00,4678.39990234375,4678.39990234375,4678.7998046875,4676.5,4677.89990234375,128
2026-08-26 20:01:00-04:00,4677.89990234375,4677.89990234375,4678.2998046875,4676.89990234375,4678.2001953125,47
2026-08-26 20:02:00-04:00,4678.39990234375,4678.39990234375,4679.2001953125,4677.7001953125,4677.7001953125,48
2026-08-26 20:03:00-04:00,4679.2998046875,4679.2998046875,4680.5,4678.2001953125,4678.5,115
2026-08-26 20:04:00-04:00,4678.5,4678.5,4681.0,4678.2001953125,4679.2998046875,133
2026-08-26 20:05:00-04:00,4675.2001953125,4675.2001953125,4678.2998046875,4675.2001953125,4678.2998046875,100
2026-08-26 20:06:00-04:00,4672.7001953125,4672.7001953125,4675.60009765625,4672.2001953125,4675.2001953125,92
2026-08-26 20:07:00-04:00,4673.0,4673.0,4674.10009765625,4672.39990234375,4672.39990234375,34
2026-08-26 20:08:00-04:00,4672.89990234375,4672.89990234375,4673.5,4672.7001953125,4672.7998046875,26
2026-08-26 20:09:00-04:00,4673.2001953125,4673.2001953125,4674.2001953125,4672.39990234375,4673.5,45
2026-08-26 20:10:00-04:00,4671.39990234375,4671.39990234375,4673.2001953125,4671.10009765625,4672.89990234375,31
2026-08-26 20:11:00-04:00,4671.60009765625,4671.60009765625,4671.60009765625,4670.89990234375,4671.39990234375,83
2026-08-26 20:12:00-04:00,4671.7998046875,4671.7998046875,4672.2001953125,4671.5,4671.89990234375,24
2026-08-26 20:13:00-04:00,4672.7001953125,4672.7001953125,4672.89990234375,4670.2998046875,4671.7998046875,71
2026-08-26 20:14:00-04:00,4672.0,4672.0,4673.5,4671.89990234375,4672.7001953125,42
2026-08-26 20:15:00-04:00,4669.0,4669.0,4671.7998046875,4668.2998046875,4671.7001953125,146
2026-08-26 20:16:00-04:00,4669.10009765625,4669.10009765625,4670.0,4668.5,4668.89990234375,125
2026-08-26 20:17:00-04:00,4668.2001953125,4668.2001953125,4669.60009765625,4667.39990234375,4669.2998046875,63
2026-08-26 20:18:00-04:00,4668.10009765625,4668.10009765625,4668.5,4667.60009765625,4668.10009765625,35
2026-08-26 20:19:00-04:00,4673.2001953125,4673.2001953125,4673.5,4668.0,4668.10009765625,149
2026-08-26 20:20:00-04:00,4674.60009765625,4674.60009765625,4675.2001953125,4673.10009765625,4673.10009765625,68
2026-08-26 20:21:00-04:00,4673.2998046875,4673.2998046875,4674.7998046875,4673.2998046875,4674.7001953125,19
2026-08-26 20:22:00-04:00,4675.10009765625,4675.10009765625,4675.10009765625,4673.5,4673.5,18
2026-08-26 20:23:00-04:00,4673.2001953125,4673.2001953125,4675.2001953125,4673.0,4675.2001953125,27
2026-08-26 20:24:00-04:00,4673.2998046875,4673.2998046875,4673.39990234375,4672.39990234375,4673.10009765625,27
2026-08-26 20:25:00-04:00,4674.7998046875,4674.7998046875,4675.2998046875,4673.89990234375,4674.10009765625,29
2026-08-26 20:26:00-04:00,4673.7998046875,4673.7998046875,4674.7998046875,4673.60009765625,4674.5,22
2026-08-26 20:27:00-04:00,4671.7998046875,4671.7998046875,4673.7998046875,4671.2998046875,4673.7998046875,36
2026-08-26 20:28:00-04:00,4673.7001953125,4673.7001953125,4674.2001953125,4671.89990234375,4671.89990234375,44
2026-08-26 20:29:00-04:00,4673.10009765625,4673.10009765625,4674.7998046875,4673.0,4674.2001953125,45
2026-08-26 20:30:00-04:00,4671.2001953125,4671.2001953125,4673.0,4670.89990234375,4673.0,48
2026-08-26 20:31:00-04:00,4669.2998046875,4669.2998046875,4671.2998046875,4669.2001953125,4671.2998046875,58
2026-08-26 20:32:00-04:00,4668.0,4668.0,4669.89990234375,4668.0,4669.39990234375,45
2026-08-26 20:33:00-04:00,4668.60009765625,4668.60009765625,4668.60009765625,4667.7001953125,4668.2001953125,29
2026-08-26 20:34:00-04:00,4667.60009765625,4667.60009765625,4668.60009765625,4666.89990234375,4668.2998046875,66
2026-08-26 20:35:00-04:00,4665.5,4665.5,4667.2001953125,4664.0,4667.2001953125,141
2026-08-26 20:36:00-04:00,4664.2998046875,4664.2998046875,4665.7998046875,4664.2001953125,4665.39990234375,70
2026-08-26 20:37:00-04:00,4666.7998046875,4666.7998046875,4667.10009765625,4664.0,4664.2998046875,150
2026-08-26 20:38:00-04:00,4666.5,4666.5,4669.2001953125,4666.5,4667.0,147
2026-08-26 20:39:00-04:00,4666.2001953125,4666.2001953125,4666.7001953125,4665.5,4666.5,61
2026-08-26 20:40:00-04:00,4665.60009765625,4665.60009765625,4667.2001953125,4663.7001953125,4666.7001953125,179
2026-08-26 20:41:00-04:00,4663.60009765625,4663.60009765625,4667.39990234375,4663.60009765625,4665.10009765625,200
2026-08-26 20:42:00-04:00,4665.2001953125,4665.2001953125,4665.2001953125,4663.2998046875,4663.7998046875,45
2026-08-26 20:43:00-04:00,4662.0,4662.0,4665.39990234375,4662.0,4665.0,139
2026-08-26 20:44:00-04:00,4660.39990234375,4660.39990234375,4663.2001953125,4659.39990234375,4662.10009765625,394
2026-08-26 20:45:00-04:00,4661.7001953125,4661.7001953125,4661.7001953125,4660.39990234375,4660.5,88
2026-08-26 20:46:00-04:00,4662.0,4662.0,4665.2998046875,4661.39990234375,4662.2998046875,273
2026-08-26 20:47:00-04:00,4662.39990234375,4662.39990234375,4662.7001953125,4660.7998046875,4662.0,59
2026-08-26 20:48:00-04:00,4663.39990234375,4663.39990234375,4663.60009765625,4662.10009765625,4662.2998046875,34
2026-08-26 20:49:00-04:00,4663.7998046875,4663.7998046875,4664.60009765625,4663.7998046875,4664.2998046875,23
2026-08-26 20:50:00-04:00,4660.2998046875,4660.2998046875,4663.60009765625,4659.7001953125,4663.60009765625,92
2026-08-26 20:51:00-04:00,4659.10009765625,4659.10009765625,4660.2998046875,4658.89990234375,4660.2998046875,45
2026-08-26 20:52:00-04:00,4656.7998046875,4656.7998046875,4658.7998046875,4656.7998046875,4658.7998046875,102
2026-08-26 20:53:00-04:00,4655.5,4655.5,4657.2998046875,4654.5,4656.5,138
2026-08-26 20:54:00-04:00,4657.0,4657.0,4657.5,4655.2998046875,4655.60009765625,102
2026-08-26 20:55:00-04:00,4658.10009765625,4658.10009765625,4658.5,4656.39990234375,4656.5,70
2026-08-26 20:56:00-04:00,4657.2998046875,4657.2998046875,4657.60009765625,4656.0,4657.39990234375,41
2026-08-26 20:57:00-04:00,4658.10009765625,4658.10009765625,4658.5,4657.7001953125,4657.7998046875,22
2026-08-26 20:58:00-04:00,4657.60009765625,4657.60009765625,4658.10009765625,4656.7001953125,4657.60009765625,22
2026-08-26 20:59:00-04:00,4659.2001953125,4659.2001953125,4659.2001953125,4657.2998046875,4657.39990234375,71
2026-08-26 21:00:00-04:00,4661.10009765625,4661.10009765625,4662.2001953125,4656.2001953125,4658.89990234375,322
2026-08-26 21:01:00-04:00,4661.5,4661.5,4664.7001953125,4659.60009765625,4659.7001953125,266
2026-08-26 21:02:00-04:00,4662.5,4662.5,4664.5,4660.5,4661.39990234375,102
2026-08-26 21:03:00-04:00,4666.60009765625,4666.60009765625,4667.2998046875,4662.2998046875,4662.60009765625,139
2026-08-26 21:04:00-04:00,4668.39990234375,4668.39990234375,4669.0,4666.2998046875,4666.7998046875,185
2026-08-26 21:05:00-04:00,4667.39990234375,4667.39990234375,4670.2001953125,4666.89990234375,4668.7001953125,105
2026-08-26 21:06:00-04:00,4668.10009765625,4668.10009765625,4668.89990234375,4666.10009765625,4667.10009765625,73
2026-08-26 21:07:00-04:00,4671.7001953125,4671.7001953125,4672.10009765625,4668.5,4668.5,87
2026-08-26 21:08:00-04:00,4669.89990234375,4669.89990234375,4673.89990234375,4669.5,4671.7001953125,81
2026-08-26 21:09:00-04:00,4670.7001953125,4670.7001953125,4671.0,4669.2998046875,4669.2998046875,63
2026-08-26 21:10:00-04:00,4673.7001953125,4673.7001953125,4674.2001953125,4670.7001953125,4671.0,82
2026-08-26 21:11:00-04:00,4674.7998046875,4674.7998046875,4677.0,4673.60009765625,4673.7998046875,114
2026-08-26 21:12:00-04:00,4674.39990234375,4674.39990234375,4676.0,4674.0,4674.60009765625,99
2026-08-26 21:13:00-04:00,4675.89990234375,4675.89990234375,4675.89990234375,4674.0,4674.39990234375,61
2026-08-26 21:14:00-04:00,4678.89990234375,4678.89990234375,4679.10009765625,4675.5,4675.5,132
2026-08-26 21:15:00-04:00,4677.2001953125,4677.2001953125,4679.10009765625,4676.2001953125,4679.10009765625,110
2026-08-26 21:16:00-04:00,4674.0,4674.0,4677.10009765625,4673.7998046875,4676.7998046875,85
2026-08-26 21:17:00-04:00,4671.7998046875,4671.7998046875,4674.0,4671.2001953125,4673.7998046875,173
2026-08-26 21:18:00-04:00,4673.60009765625,4673.60009765625,4675.0,4671.2001953125,4672.10009765625,139
2026-08-26 21:19:00-04:00,4676.2998046875,4676.2998046875,4676.7998046875,4673.7001953125,4673.7998046875,74
2026-08-26 21:20:00-04:00,4673.60009765625,4673.60009765625,4677.39990234375,4673.2998046875,4676.5,128
2026-08-26 21:21:00-04:00,4675.0,4675.0,4675.0,4673.0,4673.7001953125,107
2026-08-26 21:22:00-04:00,4677.0,4677.0,4677.2001953125,4674.89990234375,4675.2001953125,109
2026-08-26 21:23:00-04:00,4677.2998046875,4677.2998046875,4678.2998046875,4676.39990234375,4677.39990234375,58
2026-08-26 21:24:00-04:00,4679.5,4679.5,4679.5,4676.89990234375,4676.89990234375,101
2026-08-26 21:25:00-04:00,4676.89990234375,4676.89990234375,4679.39990234375,4676.89990234375,4679.39990234375,65
2026-08-26 21:26:00-04:00,4675.39990234375,4675.39990234375,4677.2001953125,4675.0,4677.2001953125,52
2026-08-26 21:27:00-04:00,4674.5,4674.5,4676.60009765625,4674.5,4675.5,64
2026-08-26 21:28:00-04:00,4674.5,4674.5,4675.10009765625,4674.2001953125,4674.7001953125,30
2026-08-26 21:29:00-04:00,4672.7998046875,4672.7998046875,4675.10009765625,4672.7998046875,4674.7001953125,54
2026-08-26 21:30:00-04:00,4675.5,4675.5,4675.89990234375,4672.39990234375,4672.7001953125,42
2026-08-26 21:31:00-04:00,4674.0,4674.0,4675.5,4673.10009765625,4675.5,42
2026-08-26 21:32:00-04:00,4675.2998046875,4675.2998046875,4675.60009765625,4673.60009765625,4673.60009765625,32
2026-08-26 21:33:00-04:00,4676.2998046875,4676.2998046875,4677.0,4675.2998046875,4675.60009765625,41
2026-08-26 21:34:00-04:00,4676.0,4676.0,4677.0,4673.60009765625,4676.10009765625,163
2026-08-26 21:35:00-04:00,4675.2998046875,4675.2998046875,4676.60009765625,4674.7001953125,4676.39990234375,26
2026-08-26 21:36:00-04:00,4675.39990234375,4675.39990234375,4675.7998046875,4675.10009765625,4675.5,30
2026-08-26 21:37:00-04:00,4681.39990234375,4681.39990234375,4681.89990234375,4674.2998046875,4675.2001953125,165
2026-08-26 21:38:00-04:00,4684.2998046875,4684.2998046875,4684.39990234375,4680.7998046875,4681.2998046875,255
2026-08-26 21:39:00-04:00,4682.7001953125,4682.7001953125,4685.0,4682.10009765625,4684.39990234375,246
2026-08-26 21:40:00-04:00,4685.7998046875,4685.7998046875,4685.7998046875,4682.89990234375,4683.0,310
2026-08-26 21:41:00-04:00,4683.2001953125,4683.2001953125,4686.0,4683.2001953125,4685.7998046875,155
2026-08-26 21:42:00-04:00,4679.60009765625,4679.60009765625,4683.2998046875,4679.60009765625,4683.10009765625,251
2026-08-26 21:43:00-04:00,4679.7998046875,4679.7998046875,4680.60009765625,4679.5,4680.0,36
2026-08-26 21:44:00-04:00,4678.39990234375,4678.39990234375,4679.5,4676.5,4679.5,282
2026-08-26 21:45:00-04:00,4682.10009765625,4682.10009765625,4682.10009765625,4678.2998046875,4678.39990234375,51
2026-08-26 21:46:00-04:00,4685.2001953125,4685.2001953125,4685.7001953125,4681.89990234375,4681.89990234375,186
2026-08-26 21:47:00-04:00,4684.10009765625,4684.10009765625,4685.89990234375,4684.10009765625,4685.0,139
2026-08-26 21:48:00-04:00,4684.7001953125,4684.7001953125,4686.0,4684.39990234375,4684.39990234375,74
2026-08-26 21:49:00-04:00,4684.2998046875,4684.2998046875,4685.0,4683.7998046875,4684.5,63
2026-08-26 21:50:00-04:00,4685.2998046875,4685.2998046875,4686.5,4683.39990234375,4684.5,131
2026-08-26 21:51:00-04:00,4685.10009765625,4685.10009765625,4686.7001953125,4685.10009765625,4685.2001953125,66
2026-08-26 21:52:00-04:00,4686.2001953125,4686.2001953125,4686.7001953125,4684.60009765625,4684.60009765625,92
2026-08-26 21:53:00-04:00,4687.7001953125,4687.7001953125,4688.10009765625,4685.89990234375,4686.0,204
2026-08-26 21:54:00-04:00,4689.0,4689.0,4689.89990234375,4687.89990234375,4688.0,252
2026-08-26 21:55:00-04:00,4690.89990234375,4690.89990234375,4691.2998046875,4689.10009765625,4689.5,219
2026-08-26 21:56:00-04:00,4692.89990234375,4692.89990234375,4693.60009765625,4690.7998046875,4690.89990234375,257
2026-08-26 21:57:00-04:00,4692.7001953125,4692.7001953125,4693.2001953125,4692.2998046875,4692.89990234375,55
2026-08-26 21:58:00-04:00,4692.39990234375,4692.39990234375,4694.39990234375,4691.89990234375,4692.10009765625,161
2026-08-26 21:59:00-04:00,4694.60009765625,4694.60009765625,4695.39990234375,4692.60009765625,4692.7998046875,193
2026-08-26 22:00:00-04:00,4695.60009765625,4695.60009765625,4695.7998046875,4694.10009765625,4694.60009765625,263
2026-08-26 22:01:00-04:00,4696.60009765625,4696.60009765625,4697.7001953125,4694.5,4695.39990234375,223
2026-08-26 22:02:00-04:00,4696.60009765625,4696.60009765625,4697.10009765625,4696.0,4696.7001953125,78
2026-08-26 22:03:00-04:00,4695.89990234375,4695.89990234375,4696.7001953125,4695.39990234375,4696.60009765625,83
2026-08-26 22:04:00-04:00,4693.2001953125,4693.2001953125,4696.10009765625,4692.60009765625,4696.0,197
2026-08-26 22:05:00-04:00,4693.60009765625,4693.60009765625,4695.2001953125,4693.10009765625,4693.5,67
2026-08-26 22:06:00-04:00,4693.10009765625,4693.10009765625,4694.0,4692.7001953125,4693.60009765625,46
2026-08-26 22:07:00-04:00,4694.7001953125,4694.7001953125,4695.89990234375,4693.2001953125,4693.2001953125,77
2026-08-26 22:08:00-04:00,4693.89990234375,4693.89990234375,4696.7998046875,4693.7998046875,4694.7001953125,92
2026-08-26 22:09:00-04:00,4696.7001953125,4696.7001953125,4697.10009765625,4693.7001953125,4694.0,66
2026-08-26 22:10:00-04:00,4695.7001953125,4695.7001953125,4696.7998046875,4695.5,4696.7998046875,45
2026-08-26 22:11:00-04:00,4694.0,4694.0,4696.0,4694.0,4695.89990234375,72
2026-08-26 22:12:00-04:00,4693.7001953125,4693.7001953125,4694.39990234375,4693.60009765625,4694.10009765625,44
2026-08-26 22:13:00-04:00,4694.10009765625,4694.10009765625,4694.39990234375,4693.5,4694.10009765625,46
2026-08-26 22:14:00-04:00,4695.39990234375,4695.39990234375,4695.5,4694.0,4694.0,50
2026-08-26 22:15:00-04:00,4694.2998046875,4694.2998046875,4695.2001953125,4693.89990234375,4695.0,56
2026-08-26 22:16:00-04:00,4694.0,4694.0,4694.60009765625,4693.2998046875,4694.2001953125,56
2026-08-26 22:17:00-04:00,4693.89990234375,4693.89990234375,4694.39990234375,4693.60009765625,4694.2998046875,36
2026-08-26 22:18:00-04:00,4693.5,4693.5,4694.7001953125,4691.89990234375,4694.10009765625,208
2026-08-26 22:19:00-04:00,4693.60009765625,4693.60009765625,4693.60009765625,4692.60009765625,4693.5,76
2026-08-26 22:20:00-04:00,4694.39990234375,4694.39990234375,4694.60009765625,4692.7998046875,4693.2001953125,236
2026-08-26 22:21:00-04:00,4694.0,4694.0,4695.0,4693.7998046875,4694.5,65
2026-08-26 22:22:00-04:00,4694.5,4694.5,4694.89990234375,4693.7001953125,4693.89990234375,21
2026-08-26 22:23:00-04:00,4692.7001953125,4692.7001953125,4694.2998046875,4692.0,4694.2998046875,31
2026-08-26 22:24:00-04:00,4691.5,4691.5,4692.60009765625,4691.5,4692.60009765625,31
2026-08-26 22:25:00-04:00,4692.0,4692.0,4692.2001953125,4691.2998046875,4691.7998046875,69
2026-08-26 22:26:00-04:00,4691.7998046875,4691.7998046875,4692.2001953125,4691.10009765625,4692.2001953125,53
2026-08-26 22:27:00-04:00,4690.89990234375,4690.89990234375,4691.7998046875,4690.60009765625,4691.60009765625,58
2026-08-26 22:28:00-04:00,4688.89990234375,4688.89990234375,4691.0,4688.0,4690.7998046875,179
2026-08-26 22:29:00-04:00,4687.89990234375,4687.89990234375,4688.7001953125,4687.39990234375,4688.7001953125,59
2026-08-26 22:30:00-04:00,4687.10009765625,4687.10009765625,4688.39990234375,4686.39990234375,4687.7998046875,203
2026-08-26 22:31:00-04:00,4685.2001953125,4685.2001953125,4687.5,4684.2998046875,4687.2001953125,253
2026-08-26 22:32:00-04:00,4684.2998046875,4684.2998046875,4686.89990234375,4684.10009765625,4685.39990234375,99
2026-08-26 22:33:00-04:00,4684.2998046875,4684.2998046875,4685.2998046875,4683.10009765625,4684.2998046875,149
2026-08-26 22:34:00-04:00,4683.89990234375,4683.89990234375,4684.2998046875,4683.10009765625,4684.2001953125,45
2026-08-26 22:35:00-04:00,4681.7001953125,4681.7001953125,4685.2001953125,4681.5,4684.2001953125,178
2026-08-26 22:36:00-04:00,4681.7998046875,4681.7998046875,4683.0,4681.10009765625,4681.5,94
2026-08-26 22:37:00-04:00,4679.7001953125,4679.7001953125,4682.0,4679.39990234375,4681.60009765625,148
2026-08-26 22:38:00-04:00,4680.7001953125,4680.7001953125,4681.0,4679.2998046875,4679.7998046875,95
2026-08-26 22:39:00-04:00,4682.7001953125,4682.7001953125,4683.2998046875,4679.2001953125,4680.2998046875,143
2026-08-26 22:40:00-04:00,4680.89990234375,4680.89990234375,4683.2998046875,4680.60009765625,4682.7998046875,133
2026-08-26 22:41:00-04:00,4679.7998046875,4679.7998046875,4681.2001953125,4679.7998046875,4680.5,80
2026-08-26 22:42:00-04:00,4679.2998046875,4679.2998046875,4681.0,4679.2998046875,4679.7001953125,61
2026-08-26 22:43:00-04:00,4680.39990234375,4680.39990234375,4680.39990234375,4678.10009765625,4679.0,80
2026-08-26 22:44:00-04:00,4681.60009765625,4681.60009765625,4682.7001953125,4679.89990234375,4680.39990234375,130
2026-08-26 22:45:00-04:00,4681.2001953125,4681.2001953125,4682.2998046875,4678.89990234375,4681.7998046875,103
2026-08-26 22:46:00-04:00,4681.39990234375,4681.39990234375,4681.89990234375,4680.5,4681.7001953125,41
2026-08-26 22:47:00-04:00,4680.5,4680.5,4681.89990234375,4680.5,4681.7001953125,29
2026-08-26 22:48:00-04:00,4684.60009765625,4684.60009765625,4684.7001953125,4680.2001953125,4680.39990234375,122
2026-08-26 22:49:00-04:00,4683.7998046875,4683.7998046875,4685.0,4683.39990234375,4684.5,60
2026-08-26 22:50:00-04:00,4684.89990234375,4684.89990234375,4685.7001953125,4683.7001953125,4683.7001953125,62
2026-08-26 22:51:00-04:00,4684.7001953125,4684.7001953125,4685.89990234375,4684.7001953125,4684.7998046875,28
2026-08-26 22:52:00-04:00,4683.89990234375,4683.89990234375,4684.7998046875,4682.2998046875,4684.7001953125,161
2026-08-26 22:53:00-04:00,4683.2998046875,4683.2998046875,4684.2001953125,4683.0,4683.7998046875,24
2026-08-26 22:54:00-04:00,4683.7998046875,4683.7998046875,4685.0,4683.7998046875,4683.7998046875,34
2026-08-26 22:55:00-04:00,4684.2001953125,4684.2001953125,4685.2998046875,4683.60009765625,4683.7001953125,33
2026-08-26 22:56:00-04:00,4684.0,4684.0,4685.10009765625,4683.7998046875,4684.5,13
2026-08-26 22:57:00-04:00,4682.89990234375,4682.89990234375,4683.89990234375,4682.7998046875,4683.5,39
2026-08-26 22:58:00-04:00,4683.7001953125,4683.7001953125,4684.10009765625,4683.10009765625,4683.10009765625,46
2026-08-26 22:59:00-04:00,4683.7001953125,4683.7001953125,4684.7001953125,4683.60009765625,4684.0,45
2026-08-26 23:00:00-04:00,4683.7001953125,4683.7001953125,4684.39990234375,4683.2001953125,4683.7998046875,54
2026-08-26 23:01:00-04:00,4684.0,4684.0,4685.2001953125,4683.2001953125,4683.89990234375,69
2026-08-26 23:02:00-04:00,4683.7001953125,4683.7001953125,4684.10009765625,4682.89990234375,4683.7001953125,39
2026-08-26 23:03:00-04:00,4687.2998046875,4687.2998046875,4687.7001953125,4684.2998046875,4684.2998046875,98
2026-08-26 23:04:00-04:00,4689.0,4689.0,4689.10009765625,4687.2998046875,4687.60009765625,91
2026-08-26 23:05:00-04:00,4687.39990234375,4687.39990234375,4689.7001953125,4687.0,4689.0,90
2026-08-26 23:06:00-04:00,4686.89990234375,4686.89990234375,4687.89990234375,4686.7998046875,4687.2001953125,24
2026-08-26 23:07:00-04:00,4686.7998046875,4686.7998046875,4687.2001953125,4686.10009765625,4687.0,20
2026-08-26 23:08:00-04:00,4684.7001953125,4684.7001953125,4687.2001953125,4684.39990234375,4686.60009765625,62
2026-08-26 23:09:00-04:00,4684.39990234375,4684.39990234375,4685.89990234375,4684.2998046875,4684.60009765625,30
2026-08-26 23:10:00-04:00,4684.5,4684.5,4684.89990234375,4684.0,4684.89990234375,14
2026-08-26 23:11:00-04:00,4685.89990234375,4685.89990234375,4685.89990234375,4685.2001953125,4685.2001953125,11
2026-08-26 23:12:00-04:00,4686.5,4686.5,4687.39990234375,4685.2998046875,4685.2998046875,29
2026-08-26 23:13:00-04:00,4687.89990234375,4687.89990234375,4689.2001953125,4687.10009765625,4687.2998046875,80
2026-08-26 23:14:00-04:00,4689.0,4689.0,4689.0,4687.60009765625,4688.2001953125,26
2026-08-26 23:15:00-04:00,4688.39990234375,4688.39990234375,4689.2001953125,4687.89990234375,4688.7001953125,28
2026-08-26 23:16:00-04:00,4688.10009765625,4688.10009765625,4688.7998046875,4688.10009765625,4688.5,17
2026-08-26 23:17:00-04:00,4688.2001953125,4688.2001953125,4689.7998046875,4688.0,4688.7998046875,36
2026-08-26 23:18:00-04:00,4688.2001953125,4688.2001953125,4688.2998046875,4687.7998046875,4687.7998046875,23
2026-08-26 23:19:00-04:00,4687.89990234375,4687.89990234375,4688.2998046875,4687.39990234375,4687.7998046875,46
2026-08-26 23:20:00-04:00,4690.10009765625,4690.10009765625,4690.60009765625,4688.0,4688.10009765625,45
2026-08-26 23:21:00-04:00,4690.60009765625,4690.60009765625,4691.2001953125,4689.89990234375,4690.2998046875,52
2026-08-26 23:22:00-04:00,4691.39990234375,4691.39990234375,4691.7998046875,4690.60009765625,4690.89990234375,28
2026-08-26 23:23:00-04:00,4692.7001953125,4692.7001953125,4692.7001953125,4691.39990234375,4691.39990234375,51
2026-08-26 23:24:00-04:00,4693.10009765625,4693.10009765625,4693.10009765625,4692.2998046875,4692.39990234375,41
2026-08-26 23:25:00-04:00,4690.7001953125,4690.7001953125,4692.10009765625,4690.5,4692.10009765625,24
2026-08-26 23:26:00-04:00,4691.60009765625,4691.60009765625,4691.60009765625,4690.39990234375,4690.5,38
2026-08-26 23:27:00-04:00,4691.5,4691.5,4691.60009765625,4691.0,4691.60009765625,11
2026-08-26 23:28:00-04:00,4690.60009765625,4690.60009765625,4691.7001953125,4690.60009765625,4691.2998046875,30
2026-08-26 23:29:00-04:00,4690.0,4690.0,4690.89990234375,4689.2001953125,4690.7998046875,50
2026-08-26 23:30:00-04:00,4688.39990234375,4688.39990234375,4690.2998046875,4688.2998046875,4690.0,54
2026-08-26 23:31:00-04:00,4689.7998046875,4689.7998046875,4689.7998046875,4688.2001953125,4688.60009765625,48
2026-08-26 23:32:00-04:00,4688.60009765625,4688.60009765625,4689.5,4688.5,4689.5,16
2026-08-26 23:33:00-04:00,4689.39990234375,4689.39990234375,4689.89990234375,4689.0,4689.0,8
2026-08-26 23:34:00-04:00,4688.39990234375,4688.39990234375,4689.7998046875,4688.39990234375,4689.60009765625,41
2026-08-26 23:35:00-04:00,4688.2998046875,4688.2998046875,4688.7001953125,4687.89990234375,4688.7001953125,40
2026-08-26 23:36:00-04:00,4687.89990234375,4687.89990234375,4688.10009765625,4687.60009765625,4687.89990234375,13
2026-08-26 23:37:00-04:00,4687.60009765625,4687.60009765625,4688.7998046875,4687.39990234375,4687.89990234375,20
2026-08-26 23:38:00-04:00,4686.89990234375,4686.89990234375,4687.2998046875,4686.5,4687.2998046875,42
2026-08-26 23:39:00-04:00,4686.89990234375,4686.89990234375,4687.2998046875,4686.89990234375,4687.0,31
2026-08-26 23:40:00-04:00,4686.2001953125,4686.2001953125,4686.7998046875,4685.0,4686.7998046875,116
2026-08-26 23:41:00-04:00,4686.2001953125,4686.2001953125,4687.0,4686.2001953125,4686.39990234375,27
2026-08-26 23:42:00-04:00,4684.7001953125,4684.7001953125,4686.39990234375,4684.39990234375,4686.2998046875,75
2026-08-26 23:43:00-04:00,4683.89990234375,4683.89990234375,4685.10009765625,4683.7998046875,4684.7998046875,28
2026-08-26 23:44:00-04:00,4684.0,4684.0,4684.0,4683.39990234375,4683.7001953125,27
2026-08-26 23:45:00-04:00,4683.5,4683.5,4684.39990234375,4683.10009765625,4683.7001953125,47
2026-08-26 23:46:00-04:00,4682.7001953125,4682.7001953125,4684.0,4682.5,4684.0,35
2026-08-26 23:47:00-04:00,4683.60009765625,4683.60009765625,4683.60009765625,4682.2998046875,4682.89990234375,22
2026-08-26 23:48:00-04:00,4682.0,4682.0,4683.5,4682.0,4682.89990234375,58
2026-08-26 23:49:00-04:00,4682.0,4682.0,4682.0,4681.2001953125,4681.7998046875,33
2026-08-26 23:50:00-04:00,4681.7998046875,4681.7998046875,4682.2998046875,4681.60009765625,4682.10009765625,32
2026-08-26 23:51:00-04:00,4681.2998046875,4681.2998046875,4681.7001953125,4681.10009765625,4681.60009765625,12
2026-08-26 23:52:00-04:00,4680.7001953125,4680.7001953125,4681.2998046875,4680.60009765625,4681.2998046875,29
2026-08-26 23:53:00-04:00,4680.7001953125,4680.7001953125,4681.10009765625,4680.10009765625,4680.7998046875,49
2026-08-26 23:54:00-04:00,4681.39990234375,4681.39990234375,4681.5,4680.60009765625,4680.89990234375,32
2026-08-26 23:55:00-04:00,4681.0,4681.0,4681.5,4680.7001953125,4681.39990234375,25
2026-08-26 23:56:00-04:00,4681.10009765625,4681.10009765625,4681.2001953125,4680.5,4681.2001953125,17
2026-08-26 23:57:00-04:00,4679.7998046875,4679.7998046875,4681.2001953125,4679.7998046875,4681.0,33
2026-08-26 23:58:00-04:00,4679.0,4679.0,4679.60009765625,4678.7998046875,4679.60009765625,35
2026-08-27 00:00:00-04:00,4679.60009765625,4679.60009765625,4680.2998046875,4679.0,4679.7001953125,28
2026-08-27 00:01:00-04:00,4680.0,4680.0,4680.89990234375,4679.7001953125,4679.7001953125,34
2026-08-27 00:02:00-04:00,4681.10009765625,4681.10009765625,4681.10009765625,4679.89990234375,4680.0,39
2026-08-27 00:03:00-04:00,4681.5,4681.5,4681.7998046875,4680.89990234375,4681.2001953125,41
2026-08-27 00:04:00-04:00,4681.0,4681.0,4681.60009765625,4680.89990234375,4681.39990234375,39
2026-08-27 00:05:00-04:00,4679.39990234375,4679.39990234375,4681.2998046875,4679.0,4680.89990234375,51
2026-08-27 00:06:00-04:00,4680.2998046875,4680.2998046875,4680.39990234375,4679.60009765625,4679.7998046875,16
2026-08-27 00:07:00-04:00,4680.10009765625,4680.10009765625,4680.7001953125,4679.7998046875,4680.7001953125,24
2026-08-27 00:08:00-04:00,4680.0,4680.0,4680.0,4679.7998046875,4679.7998046875,6
2026-08-27 00:09:00-04:00,4679.7998046875,4679.7998046875,4680.10009765625,4679.7998046875,4679.89990234375,11
2026-08-27 00:10:00-04:00,4680.10009765625,4680.10009765625,4680.2001953125,4679.60009765625,4679.89990234375,10
2026-08-27 00:11:00-04:00,4679.39990234375,4679.39990234375,4680.7001953125,4679.39990234375,4680.10009765625,49
2026-08-27 00:12:00-04:00,4679.5,4679.5,4679.5,4678.7998046875,4679.2998046875,35
2026-08-27 00:13:00-04:00,4680.10009765625,4680.10009765625,4680.10009765625,4679.2001953125,4679.5,14
2026-08-27 00:14:00-04:00,4679.7998046875,4679.7998046875,4680.5,4679.7998046875,4680.5,8
2026-08-27 00:15:00-04:00,4679.7001953125,4679.7001953125,4679.7001953125,4679.39990234375,4679.60009765625,6
2026-08-27 00:16:00-04:00,4679.7001953125,4679.7001953125,4679.7001953125,4679.7001953125,4679.7001953125,1
2026-08-27 00:17:00-04:00,4680.7001953125,4680.7001953125,4681.60009765625,4679.89990234375,4679.89990234375,30
2026-08-27 00:18:00-04:00,4680.5,4680.5,4680.7001953125,4680.2998046875,4680.7001953125,8
2026-08-27 00:19:00-04:00,4678.5,4678.5,4680.60009765625,4678.2998046875,4680.2998046875,111
2026-08-27 00:20:00-04:00,4678.10009765625,4678.10009765625,4679.2001953125,4678.0,4678.7001953125,83
2026-08-27 00:21:00-04:00,4677.5,4677.5,4678.39990234375,4677.5,4678.10009765625,48
2026-08-27 00:22:00-04:00,4677.5,4677.5,4678.2998046875,4677.2001953125,4677.89990234375,28
2026-08-27 00:23:00-04:00,4677.7001953125,4677.7001953125,4677.7001953125,4677.39990234375,4677.39990234375,7
2026-08-27 00:24:00-04:00,4677.60009765625,4677.60009765625,4677.7998046875,4677.10009765625,4677.39990234375,24
2026-08-27 00:25:00-04:00,4678.10009765625,4678.10009765625,4678.10009765625,4677.2998046875,4677.39990234375,29
2026-08-27 00:26:00-04:00,4678.39990234375,4678.39990234375,4678.39990234375,4677.7001953125,4678.0,29
2026-08-27 00:27:00-04:00,4676.2001953125,4676.2001953125,4678.0,4676.0,4678.0,59
2026-08-27 00:28:00-04:00,4675.60009765625,4675.60009765625,4676.5,4675.2998046875,4676.39990234375,85
2026-08-27 00:29:00-04:00,4675.0,4675.0,4676.0,4675.0,4675.5,51
2026-08-27 00:30:00-04:00,4674.10009765625,4674.10009765625,4675.10009765625,4673.7998046875,4674.89990234375,80
2026-08-27 00:31:00-04:00,4674.0,4674.0,4674.39990234375,4673.7998046875,4674.10009765625,54
2026-08-27 00:32:00-04:00,4674.5,4674.5,4674.5,4674.0,4674.39990234375,20
2026-08-27 00:33:00-04:00,4673.7998046875,4673.7998046875,4675.2998046875,4673.5,4674.7998046875,51
2026-08-27 00:34:00-04:00,4673.0,4673.0,4673.7001953125,4672.7998046875,4673.7001953125,52
2026-08-27 00:35:00-04:00,4673.60009765625,4673.60009765625,4673.60009765625,4672.39990234375,4672.7998046875,26
2026-08-27 00:36:00-04:00,4673.7998046875,4673.7998046875,4674.60009765625,4673.60009765625,4673.89990234375,45
2026-08-27 00:37:00-04:00,4673.0,4673.0,4674.5,4673.0,4674.10009765625,40
2026-08-27 00:38:00-04:00,4671.7001953125,4671.7001953125,4674.2001953125,4671.7001953125,4673.2998046875,72
2026-08-27 00:39:00-04:00,4672.5,4672.5,4672.7998046875,4671.7998046875,4671.7998046875,15
2026-08-27 00:40:00-04:00,4672.0,4672.0,4672.5,4671.39990234375,4672.10009765625,30
2026-08-27 00:41:00-04:00,4673.7998046875,4673.7998046875,4673.89990234375,4672.0,4672.2998046875,45
2026-08-27 00:42:00-04:00,4673.7001953125,4673.7001953125,4674.2001953125,4673.5,4674.10009765625,35
2026-08-27 00:43:00-04:00,4674.0,4674.0,4674.0,4673.5,4673.7998046875,16
2026-08-27 00:44:00-04:00,4673.39990234375,4673.39990234375,4674.39990234375,4673.39990234375,4673.89990234375,50
2026-08-27 00:45:00-04:00,4672.2998046875,4672.2998046875,4674.0,4672.2001953125,4673.2998046875,47
2026-08-27 00:46:00-04:00,4673.2998046875,4673.2998046875,4673.89990234375,4672.89990234375,4673.39990234375,52
2026-08-27 00:47:00-04:00,4672.7001953125,4672.7001953125,4673.2001953125,4671.89990234375,4673.2001953125,23
2026-08-27 00:48:00-04:00,4674.39990234375,4674.39990234375,4674.5,4672.2998046875,4672.60009765625,64
2026-08-27 00:49:00-04:00,4674.5,4674.5,4674.89990234375,4674.10009765625,4674.60009765625,64
2026-08-27 00:50:00-04:00,4674.2001953125,4674.2001953125,4675.0,4674.10009765625,4674.39990234375,51
2026-08-27 00:51:00-04:00,4674.7001953125,4674.7001953125,4674.89990234375,4673.5,4674.10009765625,52
2026-08-27 00:52:00-04:00,4674.39990234375,4674.39990234375,4674.7001953125,4673.7998046875,4674.7001953125,40
2026-08-27 00:53:00-04:00,4673.89990234375,4673.89990234375,4674.89990234375,4673.89990234375,4674.39990234375,33
2026-08-27 00:54:00-04:00,4674.5,4674.5,4674.5,4673.39990234375,4673.60009765625,41
2026-08-27 00:55:00-04:00,4673.0,4673.0,4674.39990234375,4672.7998046875,4674.39990234375,62
2026-08-27 00:56:00-04:00,4672.39990234375,4672.39990234375,4672.89990234375,4672.2998046875,4672.89990234375,14
2026-08-27 00:57:00-04:00,4672.7001953125,4672.7001953125,4672.7001953125,4672.2001953125,4672.39990234375,31
2026-08-27 00:58:00-04:00,4672.89990234375,4672.89990234375,4673.0,4672.10009765625,4672.5,52
2026-08-27 00:59:00-04:00,4673.0,4673.0,4673.60009765625,4672.0,4672.7998046875,66
2026-08-27 01:00:00-04:00,4672.2001953125,4672.2001953125,4673.60009765625,4671.7001953125,4673.2998046875,100
2026-08-27 01:01:00-04:00,4671.60009765625,4671.60009765625,4672.2001953125,4670.60009765625,4672.2001953125,63
2026-08-27 01:02:00-04:00,4671.0,4671.0,4671.39990234375,4670.60009765625,4671.2998046875,31
2026-08-27 01:03:00-04:00,4671.89990234375,4671.89990234375,4671.89990234375,4671.0,4671.0,39
2026-08-27 01:04:00-04:00,4674.2998046875,4674.2998046875,4674.2998046875,4672.10009765625,4672.10009765625,44
2026-08-27 01:05:00-04:00,4674.10009765625,4674.10009765625,4674.60009765625,4673.7998046875,4674.2001953125,27
2026-08-27 01:06:00-04:00,4674.5,4674.5,4674.7998046875,4674.2001953125,4674.2001953125,28
2026-08-27 01:07:00-04:00,4673.2998046875,4673.2998046875,4674.7998046875,4673.2998046875,4673.7001953125,45
2026-08-27 01:08:00-04:00,4674.5,4674.5,4674.5,4673.2001953125,4673.2001953125,29
2026-08-27 01:09:00-04:00,4674.39990234375,4674.39990234375,4675.7001953125,4674.39990234375,4674.60009765625,76
2026-08-27 01:10:00-04:00,4675.5,4675.5,4675.5,4673.7998046875,4674.10009765625,45
2026-08-27 01:11:00-04:00,4675.2998046875,4675.2998046875,4675.7001953125,4675.2001953125,4675.39990234375,31
2026-08-27 01:12:00-04:00,4675.0,4675.0,4675.2998046875,4674.7998046875,4675.2001953125,17
2026-08-27 01:13:00-04:00,4674.89990234375,4674.89990234375,4675.39990234375,4674.7998046875,4675.2998046875,10
2026-08-27 01:14:00-04:00,4673.89990234375,4673.89990234375,4674.7001953125,4673.5,4674.7001953125,26
2026-08-27 01:15:00-04:00,4675.0,4675.0,4675.10009765625,4673.89990234375,4674.0,20
2026-08-27 01:16:00-04:00,4674.0,4674.0,4675.7998046875,4673.5,4674.60009765625,91
2026-08-27 01:17:00-04:00,4673.2998046875,4673.2998046875,4673.89990234375,4672.39990234375,4673.89990234375,60
2026-08-27 01:18:00-04:00,4673.60009765625,4673.60009765625,4673.60009765625,4672.89990234375,4673.2001953125,52
2026-08-27 01:19:00-04:00,4673.7001953125,4673.7001953125,4674.60009765625,4673.60009765625,4673.7998046875,24
2026-08-27 01:20:00-04:00,4674.7001953125,4674.7001953125,4674.7001953125,4673.7998046875,4674.39990234375,31
2026-08-27 01:21:00-04:00,4674.2001953125,4674.2001953125,4674.89990234375,4673.89990234375,4674.89990234375,22
2026-08-27 01:22:00-04:00,4674.0,4674.0,4675.0,4673.89990234375,4674.5,46
2026-08-27 01:23:00-04:00,4674.89990234375,4674.89990234375,4674.89990234375,4672.39990234375,4673.60009765625,61
2026-08-27 01:24:00-04:00,4674.7001953125,4674.7001953125,4675.39990234375,4674.7001953125,4675.10009765625,29
2026-08-27 01:25:00-04:00,4674.5,4674.5,4675.60009765625,4674.2001953125,4674.89990234375,60
2026-08-27 01:26:00-04:00,4675.10009765625,4675.10009765625,4675.10009765625,4673.89990234375,4674.7998046875,26
2026-08-27 01:27:00-04:00,4674.7001953125,4674.7001953125,4674.7998046875,4674.39990234375,4674.7998046875,11
2026-08-27 01:28:00-04:00,4673.2998046875,4673.2998046875,4674.60009765625,4673.2998046875,4674.2998046875,19
2026-08-27 01:29:00-04:00,4671.2001953125,4671.2001953125,4673.60009765625,4670.7998046875,4673.5,120
2026-08-27 01:30:00-04:00,4668.60009765625,4668.60009765625,4673.89990234375,4667.0,4671.10009765625,619
2026-08-27 01:31:00-04:00,4665.89990234375,4665.89990234375,4669.2001953125,4665.7001953125,4668.60009765625,178
2026-08-27 01:32:00-04:00,4665.39990234375,4665.39990234375,4666.39990234375,4663.2998046875,4665.7001953125,260
2026-08-27 01:33:00-04:00,4667.60009765625,4667.60009765625,4667.89990234375,4664.89990234375,4665.2998046875,103
2026-08-27 01:34:00-04:00,4665.2998046875,4665.2998046875,4666.89990234375,4663.2998046875,4666.89990234375,99
2026-08-27 01:35:00-04:00,4664.2998046875,4664.2998046875,4665.10009765625,4662.2998046875,4665.10009765625,142
2026-08-27 01:36:00-04:00,4665.0,4665.0,4665.7998046875,4664.2998046875,4664.5,108
2026-08-27 01:37:00-04:00,4665.7998046875,4665.7998046875,4666.60009765625,4665.2001953125,4665.2001953125,51
2026-08-27 01:38:00-04:00,4665.2998046875,4665.2998046875,4666.89990234375,4664.89990234375,4666.2998046875,62
2026-08-27 01:39:00-04:00,4665.39990234375,4665.39990234375,4665.39990234375,4664.2998046875,4665.2998046875,43
2026-08-27 01:40:00-04:00,4663.60009765625,4663.60009765625,4664.89990234375,4662.10009765625,4664.89990234375,81
2026-08-27 01:41:00-04:00,4663.2001953125,4663.2001953125,4664.2998046875,4662.10009765625,4663.39990234375,91
2026-08-27 01:42:00-04:00,4663.2001953125,4663.2001953125,4663.2998046875,4661.89990234375,4662.89990234375,123
2026-08-27 01:43:00-04:00,4662.0,4662.0,4664.5,4661.7001953125,4663.7001953125,170
2026-08-27 01:44:00-04:00,4659.7001953125,4659.7001953125,4662.2998046875,4658.7001953125,4661.89990234375,349
2026-08-27 01:45:00-04:00,4659.10009765625,4659.10009765625,4661.0,4658.7001953125,4659.5,146
2026-08-27 01:46:00-04:00,4663.7001953125,4663.7001953125,4663.89990234375,4659.10009765625,4659.5,185
2026-08-27 01:47:00-04:00,4662.89990234375,4662.89990234375,4663.7998046875,4661.60009765625,4663.60009765625,104
2026-08-27 01:48:00-04:00,4662.10009765625,4662.10009765625,4663.39990234375,4661.0,4663.10009765625,147
2026-08-27 01:49:00-04:00,4660.39990234375,4660.39990234375,4662.7001953125,4660.2998046875,4662.2998046875,64
2026-08-27 01:50:00-04:00,4661.60009765625,4661.60009765625,4662.89990234375,4660.2998046875,4660.39990234375,158
2026-08-27 01:51:00-04:00,4659.10009765625,4659.10009765625,4661.2001953125,4659.0,4661.2001953125,89
2026-08-27 01:52:00-04:00,4656.89990234375,4656.89990234375,4659.39990234375,4655.0,4659.2001953125,349
2026-08-27 01:53:00-04:00,4657.60009765625,4657.60009765625,4658.39990234375,4656.7001953125,4657.0,197
2026-08-27 01:54:00-04:00,4657.0,4657.0,4658.7998046875,4656.89990234375,4658.10009765625,128
2026-08-27 01:55:00-04:00,4658.2998046875,4658.2998046875,4658.39990234375,4655.60009765625,4657.10009765625,145
2026-08-27 01:56:00-04:00,4657.10009765625,4657.10009765625,4659.10009765625,4655.89990234375,4658.2998046875,144
2026-08-27 01:57:00-04:00,4658.39990234375,4658.39990234375,4659.2998046875,4657.0,4657.2998046875,68
2026-08-27 01:58:00-04:00,4660.2998046875,4660.2998046875,4660.89990234375,4658.7001953125,4658.89990234375,174
2026-08-27 01:59:00-04:00,4661.2001953125,4661.2001953125,4661.7001953125,4659.7001953125,4660.39990234375,157
2026-08-27 02:00:00-04:00,4656.2001953125,4656.2001953125,4661.5,4656.2001953125,4661.0,356
2026-08-27 02:01:00-04:00,4655.0,4655.0,4657.0,4654.60009765625,4656.10009765625,278
2026-08-27 02:02:00-04:00,4657.60009765625,4657.60009765625,4657.7001953125,4653.2998046875,4654.60009765625,444
2026-08-27 02:03:00-04:00,4658.0,4658.0,4658.2001953125,4655.0,4657.5,179
2026-08-27 02:04:00-04:00,4657.39990234375,4657.39990234375,4660.0,4656.7001953125,4658.10009765625,277
2026-08-27 02:05:00-04:00,4659.0,4659.0,4659.5,4657.10009765625,4657.7998046875,309
2026-08-27 02:06:00-04:00,4657.2998046875,4657.2998046875,4659.39990234375,4657.2998046875,4659.2001953125,84
2026-08-27 02:07:00-04:00,4656.2001953125,4656.2001953125,4657.39990234375,4655.0,4657.39990234375,86
2026-08-27 02:08:00-04:00,4658.2001953125,4658.2001953125,4658.5,4655.7998046875,4656.5,89
2026-08-27 02:09:00-04:00,4658.7001953125,4658.7001953125,4658.7001953125,4657.7998046875,4658.2001953125,46
2026-08-27 02:10:00-04:00,4656.2001953125,4656.2001953125,4658.89990234375,4655.60009765625,4658.7998046875,243
2026-08-27 02:11:00-04:00,4654.5,4654.5,4657.10009765625,4653.89990234375,4656.2998046875,179
2026-08-27 02:12:00-04:00,4655.7001953125,4655.7001953125,4656.10009765625,4654.2998046875,4654.60009765625,95
2026-08-27 02:13:00-04:00,4658.10009765625,4658.10009765625,4658.5,4655.7998046875,4655.7998046875,57
2026-08-27 02:14:00-04:00,4660.0,4660.0,4660.7001953125,4658.2001953125,4658.39990234375,80
2026-08-27 02:15:00-04:00,4658.60009765625,4658.60009765625,4659.60009765625,4658.5,4659.39990234375,40
2026-08-27 02:16:00-04:00,4658.2001953125,4658.2001953125,4658.7998046875,4657.60009765625,4658.5,39
2026-08-27 02:17:00-04:00,4660.10009765625,4660.10009765625,4660.10009765625,4657.7998046875,4657.89990234375,46
2026-08-27 02:18:00-04:00,4659.5,4659.5,4660.2998046875,4658.39990234375,4659.7998046875,197
2026-08-27 02:19:00-04:00,4660.2998046875,4660.2998046875,4661.2998046875,4659.60009765625,4659.7998046875,97
2026-08-27 02:20:00-04:00,4661.0,4661.0,4661.0,4660.0,4660.2001953125,46
2026-08-27 02:21:00-04:00,4662.89990234375,4662.89990234375,4663.89990234375,4661.2001953125,4661.2001953125,139
2026-08-27 02:22:00-04:00,4661.39990234375,4661.39990234375,4663.39990234375,4660.89990234375,4662.7998046875,159
2026-08-27 02:23:00-04:00,4662.5,4662.5,4663.2001953125,4661.10009765625,4661.2001953125,97
2026-08-27 02:24:00-04:00,4663.39990234375,4663.39990234375,4663.5,4662.2001953125,4662.2001953125,65
2026-08-27 02:25:00-04:00,4662.2998046875,4662.2998046875,4664.2001953125,4662.2998046875,4663.2001953125,105
2026-08-27 02:26:00-04:00,4661.2998046875,4661.2998046875,4662.7998046875,4661.2998046875,4662.2001953125,62
2026-08-27 02:27:00-04:00,4663.5,4663.5,4663.5,4660.89990234375,4661.5,60
2026-08-27 02:28:00-04:00,4662.39990234375,4662.39990234375,4663.60009765625,4662.39990234375,4663.39990234375,44
2026-08-27 02:29:00-04:00,4664.2001953125,4664.2001953125,4664.2001953125,4662.89990234375,4662.89990234375,70
2026-08-27 02:30:00-04:00,4664.7998046875,4664.7998046875,4665.7001953125,4664.2001953125,4664.39990234375,90
2026-08-27 02:31:00-04:00,4663.60009765625,4663.60009765625,4665.39990234375,4663.60009765625,4664.7998046875,63
2026-08-27 02:32:00-04:00,4662.7001953125,4662.7001953125,4664.7001953125,4662.60009765625,4663.89990234375,54
2026-08-27 02:33:00-04:00,4661.2001953125,4661.2001953125,4664.10009765625,4661.2001953125,4662.89990234375,78
2026-08-27 02:34:00-04:00,4661.39990234375,4661.39990234375,4661.7001953125,4659.2998046875,4661.2001953125,185
2026-08-27 02:35:00-04:00,4661.2001953125,4661.2001953125,4662.2001953125,4660.89990234375,4661.2998046875,93
2026-08-27 02:36:00-04:00,4660.2998046875,4660.2998046875,4661.0,4659.10009765625,4661.0,64
2026-08-27 02:37:00-04:00,4660.0,4660.0,4660.5,4658.60009765625,4660.5,92
2026-08-27 02:38:00-04:00,4661.10009765625,4661.10009765625,4662.10009765625,4659.89990234375,4660.0,61
2026-08-27 02:39:00-04:00,4661.39990234375,4661.39990234375,4662.10009765625,4661.39990234375,4661.7001953125,39
2026-08-27 02:40:00-04:00,4662.10009765625,4662.10009765625,4663.0,4661.10009765625,4661.39990234375,81
2026-08-27 02:41:00-04:00,4661.5,4661.5,4662.89990234375,4661.39990234375,4662.89990234375,29
2026-08-27 02:42:00-04:00,4662.2998046875,4662.2998046875,4662.7001953125,4661.0,4661.2001953125,37
2026-08-27 02:43:00-04:00,4662.2998046875,4662.2998046875,4662.39990234375,4661.7001953125,4662.10009765625,13
2026-08-27 02:44:00-04:00,4661.5,4661.5,4662.10009765625,4660.7998046875,4662.10009765625,30
2026-08-27 02:45:00-04:00,4662.39990234375,4662.39990234375,4663.2998046875,4661.60009765625,4661.60009765625,103
2026-08-27 02:46:00-04:00,4662.10009765625,4662.10009765625,4663.5,4662.10009765625,4662.39990234375,33
2026-08-27 02:47:00-04:00,4659.89990234375,4659.89990234375,4662.7998046875,4659.39990234375,4662.39990234375,49
2026-08-27 02:48:00-04:00,4658.7998046875,4658.7998046875,4659.89990234375,4658.0,4659.7001953125,150
2026-08-27 02:49:00-04:00,4658.39990234375,4658.39990234375,4658.7998046875,4657.60009765625,4658.5,55
2026-08-27 02:50:00-04:00,4658.10009765625,4658.10009765625,4659.89990234375,4658.10009765625,4658.7001953125,165
2026-08-27 02:51:00-04:00,4656.7998046875,4656.7998046875,4658.5,4656.39990234375,4658.2998046875,122
2026-08-27 02:52:00-04:00,4658.0,4658.0,4658.2001953125,4655.2001953125,4656.60009765625,116
2026-08-27 02:53:00-04:00,4658.5,4658.5,4659.2001953125,4657.7001953125,4658.2998046875,65
2026-08-27 02:54:00-04:00,4655.89990234375,4655.89990234375,4658.89990234375,4655.7001953125,4658.5,132
2026-08-27 02:55:00-04:00,4656.10009765625,4656.10009765625,4656.39990234375,4655.2001953125,4655.89990234375,63
2026-08-27 02:56:00-04:00,4653.89990234375,4653.89990234375,4656.10009765625,4653.7998046875,4656.10009765625,206
2026-08-27 02:57:00-04:00,4653.2998046875,4653.2998046875,4654.89990234375,4652.7998046875,4654.0,147
2026-08-27 02:58:00-04:00,4653.60009765625,4653.60009765625,4654.2998046875,4651.7001953125,4653.2998046875,325
2026-08-27 02:59:00-04:00,4654.2998046875,4654.2998046875,4654.5,4653.2001953125,4653.5,78
2026-08-27 03:00:00-04:00,4655.60009765625,4655.60009765625,4655.89990234375,4654.0,4654.2998046875,105
2026-08-27 03:01:00-04:00,4655.39990234375,4655.39990234375,4656.7998046875,4655.39990234375,4656.2001953125,55
2026-08-27 03:02:00-04:00,4654.60009765625,4654.60009765625,4655.2998046875,4652.60009765625,4655.10009765625,119
2026-08-27 03:03:00-04:00,4655.39990234375,4655.39990234375,4656.39990234375,4654.0,4654.60009765625,94
2026-08-27 03:04:00-04:00,4657.39990234375,4657.39990234375,4657.7001953125,4654.2998046875,4655.10009765625,100
2026-08-27 03:05:00-04:00,4659.60009765625,4659.60009765625,4659.60009765625,4657.39990234375,4657.60009765625,103
2026-08-27 03:06:00-04:00,4659.0,4659.0,4659.7001953125,4657.5,4659.5,126
2026-08-27 03:07:00-04:00,4658.60009765625,4658.60009765625,4659.2001953125,4658.0,4659.10009765625,57
2026-08-27 03:08:00-04:00,4658.5,4658.5,4659.39990234375,4658.10009765625,4658.2998046875,45
2026-08-27 03:09:00-04:00,4656.60009765625,4656.60009765625,4658.89990234375,4656.10009765625,4658.5,211
2026-08-27 03:10:00-04:00,4656.89990234375,4656.89990234375,4657.60009765625,4655.89990234375,4656.7001953125,54
2026-08-27 03:11:00-04:00,4656.10009765625,4656.10009765625,4656.89990234375,4655.5,4656.89990234375,59
2026-08-27 03:12:00-04:00,4655.60009765625,4655.60009765625,4656.39990234375,4655.2001953125,4656.0,80
2026-08-27 03:13:00-04:00,4656.2001953125,4656.2001953125,4656.5,4655.0,4655.5,59
2026-08-27 03:14:00-04:00,4657.7001953125,4657.7001953125,4657.7001953125,4656.0,4656.10009765625,58
2026-08-27 03:15:00-04:00,4652.60009765625,4652.60009765625,4657.5,4652.10009765625,4657.5,153
2026-08-27 03:16:00-04:00,4653.89990234375,4653.89990234375,4654.2001953125,4652.7001953125,4652.89990234375,65
2026-08-27 03:17:00-04:00,4652.60009765625,4652.60009765625,4654.2001953125,4652.2001953125,4654.0,28
2026-08-27 03:18:00-04:00,4651.7001953125,4651.7001953125,4652.7998046875,4650.7001953125,4652.7001953125,137
2026-08-27 03:19:00-04:00,4651.2001953125,4651.2001953125,4652.0,4649.60009765625,4652.0,142
2026-08-27 03:20:00-04:00,4651.5,4651.5,4652.10009765625,4651.10009765625,4651.2001953125,42
2026-08-27 03:21:00-04:00,4650.60009765625,4650.60009765625,4652.7001953125,4650.5,4652.0,159
2026-08-27 03:22:00-04:00,4651.89990234375,4651.89990234375,4651.89990234375,4650.2998046875,4650.7998046875,58
2026-08-27 03:23:00-04:00,4650.89990234375,4650.89990234375,4652.10009765625,4649.7001953125,4651.89990234375,53
2026-08-27 03:24:00-04:00,4650.60009765625,4650.60009765625,4651.10009765625,4650.10009765625,4651.10009765625,18
2026-08-27 03:25:00-04:00,4649.2001953125,4649.2001953125,4650.7998046875,4649.0,4650.39990234375,164
2026-08-27 03:26:00-04:00,4648.7998046875,4648.7998046875,4649.5,4647.2001953125,4649.5,506
2026-08-27 03:27:00-04:00,4650.60009765625,4650.60009765625,4651.0,4648.60009765625,4649.0,194
2026-08-27 03:28:00-04:00,4650.2001953125,4650.2001953125,4652.10009765625,4650.2001953125,4650.89990234375,125
2026-08-27 03:29:00-04:00,4653.2998046875,4653.2998046875,4653.39990234375,4650.0,4650.0,90
2026-08-27 03:30:00-04:00,4654.60009765625,4654.60009765625,4655.10009765625,4653.0,4653.39990234375,132
2026-08-27 03:31:00-04:00,4652.7998046875,4652.7998046875,4654.7001953125,4652.7998046875,4654.7001953125,26
2026-08-27 03:32:00-04:00,4650.39990234375,4650.39990234375,4652.89990234375,4650.39990234375,4652.7998046875,42
2026-08-27 03:33:00-04:00,4650.0,4650.0,4650.60009765625,4649.2001953125,4650.60009765625,89
2026-08-27 03:34:00-04:00,4650.2001953125,4650.2001953125,4650.89990234375,4648.7001953125,4649.7998046875,138
2026-08-27 03:35:00-04:00,4649.5,4649.5,4650.2998046875,4649.10009765625,4650.2998046875,38
2026-08-27 03:36:00-04:00,4651.39990234375,4651.39990234375,4652.2998046875,4648.7001953125,4649.2998046875,109
2026-08-27 03:37:00-04:00,4650.39990234375,4650.39990234375,4651.60009765625,4649.89990234375,4651.60009765625,8
2026-08-27 03:38:00-04:00,4649.60009765625,4649.60009765625,4650.60009765625,4649.10009765625,4650.5,62
2026-08-27 03:39:00-04:00,4650.2998046875,4650.2998046875,4651.5,4649.5,4649.5,88
2026-08-27 03:40:00-04:00,4650.60009765625,4650.60009765625,4651.0,4649.5,4650.2001953125,48
2026-08-27 03:41:00-04:00,4650.2998046875,4650.2998046875,4651.0,4650.10009765625,4650.60009765625,11
2026-08-27 03:42:00-04:00,4650.7998046875,4650.7998046875,4651.5,4650.10009765625,4650.2001953125,22
2026-08-27 03:43:00-04:00,4651.7001953125,4651.7001953125,4652.10009765625,4651.0,4651.0,57
2026-08-27 03:44:00-04:00,4651.5,4651.5,4652.0,4651.2001953125,4651.7998046875,26
2026-08-27 03:45:00-04:00,4651.60009765625,4651.60009765625,4651.89990234375,4651.10009765625,4651.7998046875,14
2026-08-27 03:46:00-04:00,4652.2998046875,4652.2998046875,4652.2998046875,4651.0,4651.39990234375,34
2026-08-27 03:47:00-04:00,4651.7998046875,4651.7998046875,4653.0,4651.2001953125,4652.0,69
2026-08-27 03:48:00-04:00,4651.10009765625,4651.10009765625,4651.5,4650.2998046875,4651.2001953125,57
2026-08-27 03:49:00-04:00,4651.2998046875,4651.2998046875,4651.39990234375,4649.7001953125,4650.89990234375,49
2026-08-27 03:50:00-04:00,4651.7001953125,4651.7001953125,4651.89990234375,4650.89990234375,4651.2998046875,18
2026-08-27 03:51:00-04:00,4650.10009765625,4650.10009765625,4651.89990234375,4649.39990234375,4651.7998046875,38
2026-08-27 03:52:00-04:00,4652.0,4652.0,4652.0,4650.0,4650.2998046875,32
2026-08-27 03:53:00-04:00,4652.10009765625,4652.10009765625,4652.5,4651.10009765625,4651.7998046875,59
2026-08-27 03:54:00-04:00,4651.60009765625,4651.60009765625,4653.39990234375,4651.39990234375,4652.39990234375,40
2026-08-27 03:55:00-04:00,4653.39990234375,4653.39990234375,4653.60009765625,4651.7001953125,4651.7001953125,24
2026-08-27 03:56:00-04:00,4655.2998046875,4655.2998046875,4656.2998046875,4653.39990234375,4653.39990234375,174
2026-08-27 03:57:00-04:00,4655.89990234375,4655.89990234375,4655.89990234375,4654.7001953125,4655.0,66
2026-08-27 03:58:00-04:00,4654.39990234375,4654.39990234375,4655.5,4654.2001953125,4655.5,40
2026-08-27 03:59:00-04:00,4653.39990234375,4653.39990234375,4655.10009765625,4653.2001953125,4654.10009765625,76
2026-08-27 04:00:00-04:00,4655.2998046875,4655.2998046875,4655.60009765625,4653.2001953125,4654.0,77
2026-08-27 04:01:00-04:00,4657.39990234375,4657.39990234375,4658.2001953125,4654.5,4655.0,87
2026-08-27 04:02:00-04:00,4657.7998046875,4657.7998046875,4658.60009765625,4657.0,4657.39990234375,52
2026-08-27 04:03:00-04:00,4659.5,4659.5,4659.7001953125,4658.0,4658.0,135
2026-08-27 04:04:00-04:00,4659.0,4659.0,4659.89990234375,4658.89990234375,4659.60009765625,155
2026-08-27 04:05:00-04:00,4659.60009765625,4659.60009765625,4660.2001953125,4659.10009765625,4659.10009765625,145
2026-08-27 04:06:00-04:00,4659.60009765625,4659.60009765625,4659.89990234375,4658.7998046875,4659.7998046875,58
2026-08-27 04:07:00-04:00,4659.39990234375,4659.39990234375,4659.60009765625,4659.2001953125,4659.2998046875,63
2026-08-27 04:08:00-04:00,4659.7001953125,4659.7001953125,4660.5,4659.2998046875,4659.5,47
2026-08-27 04:09:00-04:00,4657.0,4657.0,4659.60009765625,4656.10009765625,4659.60009765625,81
2026-08-27 04:10:00-04:00,4657.10009765625,4657.10009765625,4657.10009765625,4656.60009765625,4656.7001953125,16
2026-08-27 04:11:00-04:00,4656.89990234375,4656.89990234375,4657.60009765625,4656.89990234375,4657.10009765625,38
2026-08-27 04:12:00-04:00,4657.39990234375,4657.39990234375,4657.89990234375,4656.7001953125,4657.0,30
2026-08-27 04:13:00-04:00,4657.7998046875,4657.7998046875,4658.2998046875,4657.7001953125,4657.7998046875,24
2026-08-27 04:14:00-04:00,4656.7998046875,4656.7998046875,4657.60009765625,4656.39990234375,4657.60009765625,48
2026-08-27 04:15:00-04:00,4658.10009765625,4658.10009765625,4658.2998046875,4656.2998046875,4657.2001953125,27
2026-08-27 04:16:00-04:00,4658.39990234375,4658.39990234375,4659.2001953125,4658.10009765625,4658.10009765625,82
2026-08-27 04:17:00-04:00,4659.7001953125,4659.7001953125,4659.7998046875,4658.10009765625,4658.39990234375,108
2026-08-27 04:18:00-04:00,4658.39990234375,4658.39990234375,4659.60009765625,4657.7998046875,4659.60009765625,41
2026-08-27 04:19:00-04:00,4657.5,4657.5,4659.10009765625,4657.5,4658.60009765625,35
2026-08-27 04:20:00-04:00,4655.10009765625,4655.10009765625,4657.2998046875,4654.2998046875,4657.2998046875,58
2026-08-27 04:21:00-04:00,4654.89990234375,4654.89990234375,4655.7001953125,4654.39990234375,4655.2998046875,56
2026-08-27 04:22:00-04:00,4655.10009765625,4655.10009765625,4655.5,4653.60009765625,4654.5,104
2026-08-27 04:23:00-04:00,4656.0,4656.0,4656.10009765625,4655.10009765625,4655.10009765625,42
2026-08-27 04:24:00-04:00,4657.0,4657.0,4657.0,4655.60009765625,4655.7001953125,29
2026-08-27 04:25:00-04:00,4657.2001953125,4657.2001953125,4657.39990234375,4656.2998046875,4657.10009765625,50
2026-08-27 04:26:00-04:00,4656.2001953125,4656.2001953125,4657.60009765625,4655.2001953125,4657.2001953125,59
2026-08-27 04:27:00-04:00,4655.5,4655.5,4656.5,4655.0,4656.39990234375,60
2026-08-27 04:28:00-04:00,4655.10009765625,4655.10009765625,4655.60009765625,4654.2998046875,4655.60009765625,31
2026-08-27 04:29:00-04:00,4654.7001953125,4654.7001953125,4655.60009765625,4654.60009765625,4655.10009765625,32
2026-08-27 04:30:00-04:00,4654.2001953125,4654.2001953125,4655.2001953125,4654.2001953125,4654.5,34
2026-08-27 04:31:00-04:00,4654.89990234375,4654.89990234375,4655.10009765625,4654.10009765625,4654.10009765625,43
2026-08-27 04:32:00-04:00,4653.7001953125,4653.7001953125,4655.2998046875,4653.5,4654.7001953125,30
2026-08-27 04:33:00-04:00,4653.7998046875,4653.7998046875,4654.5,4652.89990234375,4653.2998046875,66
2026-08-27 04:34:00-04:00,4652.2998046875,4652.2998046875,4654.10009765625,4652.2001953125,4654.10009765625,114
2026-08-27 04:35:00-04:00,4651.5,4651.5,4653.2001953125,4651.39990234375,4652.2998046875,53
2026-08-27 04:36:00-04:00,4650.7001953125,4650.7001953125,4652.2001953125,4650.7001953125,4651.7001953125,63
2026-08-27 04:37:00-04:00,4651.89990234375,4651.89990234375,4652.0,4650.5,4650.7001953125,53
2026-08-27 04:38:00-04:00,4651.60009765625,4651.60009765625,4652.60009765625,4650.89990234375,4651.5,43
2026-08-27 04:39:00-04:00,4651.7998046875,4651.7998046875,4652.39990234375,4651.5,4651.89990234375,35
2026-08-27 04:40:00-04:00,4650.7001953125,4650.7001953125,4652.10009765625,4650.10009765625,4651.7998046875,82
2026-08-27 04:41:00-04:00,4651.39990234375,4651.39990234375,4651.7001953125,4650.2001953125,4650.5,70
2026-08-27 04:42:00-04:00,4650.2998046875,4650.2998046875,4650.89990234375,4649.60009765625,4650.89990234375,88
2026-08-27 04:43:00-04:00,4651.7998046875,4651.7998046875,4651.7998046875,4650.60009765625,4650.7998046875,28
2026-08-27 04:44:00-04:00,4649.2001953125,4649.2001953125,4652.39990234375,4647.89990234375,4651.7998046875,183
2026-08-27 04:45:00-04:00,4649.7001953125,4649.7001953125,4649.7998046875,4648.89990234375,4649.2001953125,45
2026-08-27 04:46:00-04:00,4650.7001953125,4650.7001953125,4650.89990234375,4649.0,4649.7001953125,41
2026-08-27 04:47:00-04:00,4650.39990234375,4650.39990234375,4651.39990234375,4649.89990234375,4650.60009765625,37
2026-08-27 04:48:00-04:00,4651.39990234375,4651.39990234375,4651.7001953125,4650.2998046875,4650.5,22
2026-08-27 04:49:00-04:00,4651.60009765625,4651.60009765625,4652.0,4650.7998046875,4651.60009765625,40
2026-08-27 04:50:00-04:00,4652.60009765625,4652.60009765625,4653.10009765625,4651.0,4651.39990234375,40
2026-08-27 04:51:00-04:00,4652.89990234375,4652.89990234375,4653.2001953125,4652.10009765625,4652.60009765625,32
2026-08-27 04:52:00-04:00,4652.60009765625,4652.60009765625,4653.0,4652.2998046875,4652.7998046875,49
2026-08-27 04:53:00-04:00,4652.5,4652.5,4652.89990234375,4652.5,4652.7998046875,6
2026-08-27 04:54:00-04:00,4652.7001953125,4652.7001953125,4653.2001953125,4652.60009765625,4652.7001953125,20
2026-08-27 04:55:00-04:00,4653.10009765625,4653.10009765625,4653.10009765625,4652.7001953125,4652.7998046875,18
2026-08-27 04:56:00-04:00,4654.10009765625,4654.10009765625,4654.2001953125,4652.7001953125,4653.0,88
2026-08-27 04:57:00-04:00,4655.0,4655.0,4655.2998046875,4653.89990234375,4654.10009765625,149
2026-08-27 04:58:00-04:00,4653.7998046875,4653.7998046875,4655.5,4653.60009765625,4655.0,82
2026-08-27 04:59:00-04:00,4652.2998046875,4652.2998046875,4654.10009765625,4651.89990234375,4653.89990234375,31
2026-08-27 05:00:00-04:00,4651.89990234375,4651.89990234375,4653.5,4651.7998046875,4652.2998046875,68
2026-08-27 05:01:00-04:00,4653.7998046875,4653.7998046875,4653.7998046875,4651.39990234375,4652.0,52
2026-08-27 05:02:00-04:00,4650.2001953125,4650.2001953125,4653.5,4650.2001953125,4653.39990234375,77
2026-08-27 05:03:00-04:00,4647.7998046875,4647.7998046875,4650.39990234375,4647.7998046875,4650.0,124
2026-08-27 05:04:00-04:00,4647.5,4647.5,4648.39990234375,4646.60009765625,4648.10009765625,111
2026-08-27 05:05:00-04:00,4647.60009765625,4647.60009765625,4648.2998046875,4647.10009765625,4647.7001953125,62
2026-08-27 05:06:00-04:00,4649.39990234375,4649.39990234375,4649.39990234375,4647.5,4647.5,44
2026-08-27 05:07:00-04:00,4649.0,4649.0,4650.39990234375,4648.39990234375,4649.39990234375,70
2026-08-27 05:08:00-04:00,4648.7001953125,4648.7001953125,4648.7001953125,4647.60009765625,4648.7001953125,32
2026-08-27 05:09:00-04:00,4649.5,4649.5,4649.5,4647.5,4648.7998046875,29
2026-08-27 05:10:00-04:00,4651.39990234375,4651.39990234375,4651.89990234375,4649.7001953125,4649.7001953125,74
2026-08-27 05:11:00-04:00,4650.2001953125,4650.2001953125,4651.39990234375,4650.0,4651.0,50
2026-08-27 05:12:00-04:00,4649.60009765625,4649.60009765625,4650.60009765625,4649.60009765625,4650.5,32
2026-08-27 05:13:00-04:00,4649.5,4649.5,4651.0,4649.39990234375,4649.89990234375,28
2026-08-27 05:14:00-04:00,4648.7001953125,4648.7001953125,4649.7001953125,4648.5,4649.10009765625,41
2026-08-27 05:15:00-04:00,4648.2998046875,4648.2998046875,4649.0,4648.2001953125,4649.0,26
2026-08-27 05:16:00-04:00,4649.5,4649.5,4649.5,4648.10009765625,4648.2998046875,16
2026-08-27 05:17:00-04:00,4650.10009765625,4650.10009765625,4650.10009765625,4649.5,4649.60009765625,85
2026-08-27 05:18:00-04:00,4648.7998046875,4648.7998046875,4649.89990234375,4648.7998046875,4649.89990234375,13
2026-08-27 05:19:00-04:00,4648.39990234375,4648.39990234375,4648.7998046875,4647.89990234375,4648.39990234375,28
2026-08-27 05:20:00-04:00,4649.2998046875,4649.2998046875,4649.2998046875,4648.2998046875,4648.2998046875,32
2026-08-27 05:21:00-04:00,4649.39990234375,4649.39990234375,4649.89990234375,4649.10009765625,4649.89990234375,21
2026-08-27 05:22:00-04:00,4649.7998046875,4649.7998046875,4650.0,4649.0,4649.10009765625,120
2026-08-27 05:23:00-04:00,4649.7998046875,4649.7998046875,4650.2001953125,4649.2998046875,4649.89990234375,42
2026-08-27 05:24:00-04:00,4650.0,4650.0,4650.0,4648.0,4649.7001953125,111
2026-08-27 05:25:00-04:00,4649.39990234375,4649.39990234375,4651.7001953125,4648.89990234375,4650.0,254
2026-08-27 05:26:00-04:00,4649.7998046875,4649.7998046875,4649.89990234375,4648.39990234375,4649.39990234375,169
2026-08-27 05:27:00-04:00,4647.60009765625,4647.60009765625,4650.10009765625,4647.39990234375,4649.60009765625,191
2026-08-27 05:28:00-04:00,4650.2001953125,4650.2001953125,4650.5,4646.7998046875,4647.2001953125,257
2026-08-27 05:29:00-04:00,4650.7001953125,4650.7001953125,4652.5,4649.89990234375,4650.39990234375,347
2026-08-27 05:30:00-04:00,4650.2001953125,4650.2001953125,4652.10009765625,4649.2998046875,4650.89990234375,451
2026-08-27 05:31:00-04:00,4650.7001953125,4650.7001953125,4651.2998046875,4648.0,4650.2998046875,258
2026-08-27 05:32:00-04:00,4649.0,4649.0,4651.2998046875,4648.0,4650.5,411
2026-08-27 05:33:00-04:00,4646.39990234375,4646.39990234375,4649.2998046875,4645.89990234375,4648.7001953125,155
2026-08-27 05:34:00-04:00,4647.0,4647.0,4647.2001953125,4646.2001953125,4646.39990234375,31
2026-08-27 05:35:00-04:00,4645.5,4645.5,4647.2998046875,4645.2001953125,4647.10009765625,73
2026-08-27 05:36:00-04:00,4642.89990234375,4642.89990234375,4645.2998046875,4642.7001953125,4645.2001953125,254
2026-08-27 05:37:00-04:00,4636.7998046875,4636.7998046875,4643.2001953125,4631.0,4642.7998046875,1640
2026-08-27 05:38:00-04:00,4636.2998046875,4636.2998046875,4639.10009765625,4635.60009765625,4636.5,332
2026-08-27 05:39:00-04:00,4637.7001953125,4637.7001953125,4639.2001953125,4636.39990234375,4637.2001953125,163
2026-08-27 05:40:00-04:00,4636.2001953125,4636.2001953125,4637.7998046875,4635.0,4637.7998046875,302
2026-08-27 05:41:00-04:00,4635.10009765625,4635.10009765625,4636.2998046875,4634.60009765625,4636.2998046875,209
2026-08-27 05:42:00-04:00,4636.10009765625,4636.10009765625,4636.39990234375,4634.89990234375,4635.39990234375,110
2026-08-27 05:43:00-04:00,4636.0,4636.0,4637.2998046875,4634.89990234375,4635.60009765625,117
2026-08-27 05:44:00-04:00,4635.60009765625,4635.60009765625,4636.39990234375,4634.39990234375,4635.7998046875,64
2026-08-27 05:45:00-04:00,4636.0,4636.0,4636.7998046875,4634.39990234375,4635.39990234375,149
2026-08-27 05:46:00-04:00,4636.5,4636.5,4637.2998046875,4635.5,4635.89990234375,89
2026-08-27 05:47:00-04:00,4636.0,4636.0,4637.0,4635.89990234375,4636.39990234375,56
2026-08-27 05:48:00-04:00,4636.5,4636.5,4637.0,4633.60009765625,4636.2001953125,172
2026-08-27 05:49:00-04:00,4635.5,4635.5,4637.39990234375,4635.5,4636.5,66
2026-08-27 05:50:00-04:00,4634.39990234375,4634.39990234375,4636.39990234375,4634.39990234375,4635.7998046875,73
2026-08-27 05:51:00-04:00,4637.0,4637.0,4637.0,4634.7001953125,4634.7001953125,135
2026-08-27 05:52:00-04:00,4638.2998046875,4638.2998046875,4639.0,4636.60009765625,4636.7998046875,85
2026-08-27 05:53:00-04:00,4635.7998046875,4635.7998046875,4638.39990234375,4635.7998046875,4638.39990234375,83
2026-08-27 05:54:00-04:00,4635.2001953125,4635.2001953125,4636.89990234375,4635.2001953125,4635.7001953125,50
2026-08-27 05:55:00-04:00,4634.10009765625,4634.10009765625,4635.39990234375,4632.5,4635.39990234375,153
2026-08-27 05:56:00-04:00,4634.7998046875,4634.7998046875,4635.5,4633.60009765625,4633.60009765625,172
2026-08-27 05:57:00-04:00,4632.7001953125,4632.7001953125,4635.0,4632.2998046875,4634.89990234375,178
2026-08-27 05:58:00-04:00,4632.7001953125,4632.7001953125,4633.89990234375,4631.7998046875,4632.89990234375,202
2026-08-27 05:59:00-04:00,4633.2001953125,4633.2001953125,4633.7001953125,4631.7001953125,4632.5,107
2026-08-27 06:00:00-04:00,4633.39990234375,4633.39990234375,4633.60009765625,4631.2998046875,4632.89990234375,181
2026-08-27 06:01:00-04:00,4631.89990234375,4631.89990234375,4633.7998046875,4631.89990234375,4633.10009765625,69
2026-08-27 06:02:00-04:00,4622.7998046875,4622.7998046875,4632.10009765625,4618.89990234375,4631.89990234375,1226
2026-08-27 06:03:00-04:00,4621.5,4621.5,4624.89990234375,4621.5,4622.7001953125,385
2026-08-27 06:04:00-04:00,4625.10009765625,4625.10009765625,4626.2998046875,4621.60009765625,4621.7998046875,291
2026-08-27 06:05:00-04:00,4624.0,4624.0,4625.2001953125,4622.39990234375,4625.0,193
2026-08-27 06:06:00-04:00,4627.0,4627.0,4627.39990234375,4623.10009765625,4624.2998046875,302
2026-08-27 06:07:00-04:00,4627.2998046875,4627.2998046875,4629.0,4627.10009765625,4627.2001953125,280
2026-08-27 06:08:00-04:00,4628.2001953125,4628.2001953125,4628.2001953125,4627.10009765625,4627.2998046875,75
2026-08-27 06:09:00-04:00,4629.39990234375,4629.39990234375,4629.39990234375,4627.89990234375,4628.10009765625,62
2026-08-27 06:10:00-04:00,4633.60009765625,4633.60009765625,4634.10009765625,4629.2998046875,4629.39990234375,304
2026-08-27 06:11:00-04:00,4633.2001953125,4633.2001953125,4634.60009765625,4632.7001953125,4633.89990234375,219
2026-08-27 06:12:00-04:00,4633.2998046875,4633.2998046875,4634.10009765625,4631.5,4633.5,210
2026-08-27 06:13:00-04:00,4632.60009765625,4632.60009765625,4633.2998046875,4631.89990234375,4633.0,57
2026-08-27 06:14:00-04:00,4634.39990234375,4634.39990234375,4634.7001953125,4631.89990234375,4632.0,120
2026-08-27 06:15:00-04:00,4632.7001953125,4632.7001953125,4636.2001953125,4632.7001953125,4634.0,296
2026-08-27 06:16:00-04:00,4630.7998046875,4630.7998046875,4632.39990234375,4630.5,4632.39990234375,174
2026-08-27 06:17:00-04:00,4630.2998046875,4630.2998046875,4631.5,4630.10009765625,4630.60009765625,37
2026-08-27 06:18:00-04:00,4632.89990234375,4632.89990234375,4633.5,4629.89990234375,4630.0,79
2026-08-27 06:19:00-04:00,4633.5,4633.5,4633.7001953125,4633.10009765625,4633.2001953125,46
2026-08-27 06:20:00-04:00,4634.0,4634.0,4634.0,4632.7998046875,4633.5,33
2026-08-27 06:21:00-04:00,4633.7001953125,4633.7001953125,4634.5,4632.7998046875,4634.2001953125,98
2026-08-27 06:22:00-04:00,4634.39990234375,4634.39990234375,4634.5,4633.39990234375,4633.60009765625,45
2026-08-27 06:23:00-04:00,4634.39990234375,4634.39990234375,4635.0,4633.89990234375,4634.60009765625,33
2026-08-27 06:24:00-04:00,4635.0,4635.0,4635.2998046875,4634.2998046875,4634.5,86
2026-08-27 06:25:00-04:00,4634.0,4634.0,4634.7001953125,4633.89990234375,4634.7001953125,52
2026-08-27 06:26:00-04:00,4633.7001953125,4633.7001953125,4635.0,4632.7998046875,4634.2998046875,125
2026-08-27 06:27:00-04:00,4634.7998046875,4634.7998046875,4634.7998046875,4633.39990234375,4633.89990234375,69
2026-08-27 06:28:00-04:00,4632.89990234375,4632.89990234375,4635.2001953125,4632.7998046875,4635.0,84
2026-08-27 06:29:00-04:00,4633.2001953125,4633.2001953125,4634.0,4632.7998046875,4633.0,38
2026-08-27 06:30:00-04:00,4633.2001953125,4633.2001953125,4633.5,4632.60009765625,4632.89990234375,47
2026-08-27 06:31:00-04:00,4632.7001953125,4632.7001953125,4633.5,4632.5,4633.0,64
2026-08-27 06:32:00-04:00,4633.10009765625,4633.10009765625,4633.10009765625,4632.2998046875,4632.39990234375,44
2026-08-27 06:33:00-04:00,4632.2001953125,4632.2001953125,4633.2001953125,4631.10009765625,4633.10009765625,105
2026-08-27 06:34:00-04:00,4631.7998046875,4631.7998046875,4632.7001953125,4631.10009765625,4632.5,72
2026-08-27 06:35:00-04:00,4630.7998046875,4630.7998046875,4631.89990234375,4629.89990234375,4631.7998046875,68
2026-08-27 06:36:00-04:00,4629.7998046875,4629.7998046875,4630.89990234375,4629.2998046875,4630.60009765625,107
2026-08-27 06:37:00-04:00,4632.0,4632.0,4632.2001953125,4629.2001953125,4629.89990234375,78
2026-08-27 06:38:00-04:00,4630.7998046875,4630.7998046875,4631.7001953125,4630.2001953125,4631.7001953125,57
2026-08-27 06:39:00-04:00,4629.60009765625,4629.60009765625,4631.10009765625,4629.60009765625,4630.7001953125,45
2026-08-27 06:40:00-04:00,4630.0,4630.0,4630.2998046875,4628.89990234375,4629.60009765625,72
2026-08-27 06:41:00-04:00,4633.7998046875,4633.7998046875,4634.2998046875,4629.7998046875,4630.0,117
2026-08-27 06:42:00-04:00,4636.60009765625,4636.60009765625,4637.2998046875,4633.89990234375,4633.89990234375,112
2026-08-27 06:43:00-04:00,4637.89990234375,4637.89990234375,4638.39990234375,4636.39990234375,4636.5,53
2026-08-27 06:44:00-04:00,4638.60009765625,4638.60009765625,4639.10009765625,4637.89990234375,4637.89990234375,89
2026-08-27 06:45:00-04:00,4640.0,4640.0,4640.7998046875,4638.39990234375,4638.60009765625,149
2026-08-27 06:46:00-04:00,4639.0,4639.0,4640.2998046875,4638.5,4640.0,115
2026-08-27 06:47:00-04:00,4640.10009765625,4640.10009765625,4640.2998046875,4638.7001953125,4639.2001953125,104
2026-08-27 06:48:00-04:00,4640.0,4640.0,4640.2001953125,4639.2001953125,4639.7998046875,79
2026-08-27 06:49:00-04:00,4639.7998046875,4639.7998046875,4640.7998046875,4639.60009765625,4639.89990234375,83
2026-08-27 06:50:00-04:00,4640.39990234375,4640.39990234375,4640.5,4639.60009765625,4639.60009765625,84
2026-08-27 06:51:00-04:00,4641.39990234375,4641.39990234375,4641.7001953125,4638.89990234375,4640.5,105
2026-08-27 06:52:00-04:00,4640.2998046875,4640.2998046875,4641.39990234375,4639.89990234375,4641.39990234375,60
2026-08-27 06:53:00-04:00,4641.7998046875,4641.7998046875,4642.0,4640.0,4640.39990234375,54
2026-08-27 06:54:00-04:00,4642.0,4642.0,4642.2001953125,4640.7998046875,4641.60009765625,56
2026-08-27 06:55:00-04:00,4641.89990234375,4641.89990234375,4641.89990234375,4641.39990234375,4641.89990234375,32
2026-08-27 06:56:00-04:00,4641.39990234375,4641.39990234375,4642.5,4641.2001953125,4642.0,54
2026-08-27 06:57:00-04:00,4642.5,4642.5,4642.7001953125,4641.2001953125,4641.2001953125,106
2026-08-27 06:58:00-04:00,4643.2001953125,4643.2001953125,4643.60009765625,4641.89990234375,4642.5,92
2026-08-27 06:59:00-04:00,4643.0,4643.0,4643.2998046875,4642.5,4643.10009765625,44
2026-08-27 07:00:00-04:00,4640.89990234375,4640.89990234375,4643.7001953125,4640.2001953125,4643.10009765625,79
2026-08-27 07:01:00-04:00,4642.7998046875,4642.7998046875,4642.7998046875,4641.0,4641.10009765625,55
2026-08-27 07:02:00-04:00,4643.7001953125,4643.7001953125,4644.2998046875,4642.2998046875,4642.7998046875,49
2026-08-27 07:03:00-04:00,4643.0,4643.0,4644.0,4642.39990234375,4644.0,41
2026-08-27 07:04:00-04:00,4641.89990234375,4641.89990234375,4643.0,4641.89990234375,4642.60009765625,16
2026-08-27 07:05:00-04:00,4642.5,4642.5,4642.89990234375,4642.0,4642.0,53
2026-08-27 07:06:00-04:00,4642.7998046875,4642.7998046875,4642.7998046875,4641.7998046875,4642.5,46
2026-08-27 07:07:00-04:00,4643.10009765625,4643.10009765625,4643.5,4642.2001953125,4642.2998046875,22
2026-08-27 07:08:00-04:00,4643.5,4643.5,4643.5,4642.89990234375,4643.5,31
2026-08-27 07:09:00-04:00,4644.0,4644.0,4644.39990234375,4643.39990234375,4643.39990234375,30
2026-08-27 07:10:00-04:00,4643.5,4643.5,4643.7998046875,4643.0,4643.5,11
2026-08-27 07:11:00-04:00,4643.39990234375,4643.39990234375,4644.2001953125,4642.89990234375,4643.2998046875,43
2026-08-27 07:12:00-04:00,4643.10009765625,4643.10009765625,4643.5,4642.60009765625,4643.10009765625,38
2026-08-27 07:13:00-04:00,4644.10009765625,4644.10009765625,4644.10009765625,4642.89990234375,4643.10009765625,32
2026-08-27 07:14:00-04:00,4645.5,4645.5,4645.7001953125,4643.60009765625,4644.2001953125,112
2026-08-27 07:15:00-04:00,4644.60009765625,4644.60009765625,4645.7998046875,4644.5,4645.39990234375,28
2026-08-27 07:16:00-04:00,4644.89990234375,4644.89990234375,4645.2001953125,4644.5,4644.5,15
2026-08-27 07:17:00-04:00,4644.7998046875,4644.7998046875,4645.2001953125,4644.2998046875,4644.60009765625,37
2026-08-27 07:18:00-04:00,4644.7998046875,4644.7998046875,4645.39990234375,4644.7001953125,4645.10009765625,25
2026-08-27 07:19:00-04:00,4645.39990234375,4645.39990234375,4645.5,4644.2001953125,4644.7001953125,200
2026-08-27 07:20:00-04:00,4647.2998046875,4647.2998046875,4647.7001953125,4645.39990234375,4645.7001953125,97
2026-08-27 07:21:00-04:00,4647.7001953125,4647.7001953125,4647.7998046875,4646.60009765625,4647.2001953125,232
2026-08-27 07:22:00-04:00,4647.2001953125,4647.2001953125,4648.89990234375,4646.7998046875,4647.60009765625,152
2026-08-27 07:23:00-04:00,4646.89990234375,4646.89990234375,4647.39990234375,4646.39990234375,4647.2001953125,70
2026-08-27 07:24:00-04:00,4649.5,4649.5,4649.7001953125,4646.7998046875,4646.7998046875,216
2026-08-27 07:25:00-04:00,4648.0,4648.0,4650.0,4647.7001953125,4649.7998046875,153
2026-08-27 07:26:00-04:00,4648.89990234375,4648.89990234375,4650.2001953125,4647.89990234375,4648.2998046875,212
2026-08-27 07:27:00-04:00,4646.39990234375,4646.39990234375,4649.10009765625,4646.0,4648.89990234375,76
2026-08-27 07:28:00-04:00,4647.39990234375,4647.39990234375,4647.7998046875,4646.0,4646.39990234375,43
2026-08-27 07:29:00-04:00,4647.39990234375,4647.39990234375,4648.2001953125,4647.39990234375,4647.7001953125,66
2026-08-27 07:30:00-04:00,4647.5,4647.5,4648.0,4647.2001953125,4647.89990234375,49
2026-08-27 07:31:00-04:00,4649.5,4649.5,4651.7998046875,4647.10009765625,4647.10009765625,771
2026-08-27 07:32:00-04:00,4651.7001953125,4651.7001953125,4652.2998046875,4648.39990234375,4649.5,108
2026-08-27 07:33:00-04:00,4651.10009765625,4651.10009765625,4652.0,4650.89990234375,4651.7001953125,148
2026-08-27 07:34:00-04:00,4648.89990234375,4648.89990234375,4651.5,4648.89990234375,4651.2001953125,78
2026-08-27 07:35:00-04:00,4648.5,4648.5,4649.89990234375,4647.2998046875,4649.2001953125,154
2026-08-27 07:36:00-04:00,4648.60009765625,4648.60009765625,4649.89990234375,4648.10009765625,4648.2998046875,53
2026-08-27 07:37:00-04:00,4648.5,4648.5,4649.7001953125,4648.5,4648.7001953125,70
2026-08-27 07:38:00-04:00,4649.10009765625,4649.10009765625,4649.10009765625,4648.2001953125,4648.7001953125,110
2026-08-27 07:39:00-04:00,4650.2998046875,4650.2998046875,4650.2998046875,4648.60009765625,4649.0,46
2026-08-27 07:40:00-04:00,4651.7001953125,4651.7001953125,4651.7998046875,4650.0,4650.2001953125,106
2026-08-27 07:41:00-04:00,4652.39990234375,4652.39990234375,4653.0,4651.5,4651.7001953125,80
2026-08-27 07:42:00-04:00,4652.2998046875,4652.2998046875,4653.0,4651.10009765625,4652.5,99
2026-08-27 07:43:00-04:00,4652.7001953125,4652.7001953125,4652.89990234375,4651.5,4652.2998046875,114
2026-08-27 07:44:00-04:00,4651.0,4651.0,4652.7001953125,4651.0,4652.7001953125,64
2026-08-27 07:45:00-04:00,4650.2001953125,4650.2001953125,4651.0,4650.2001953125,4651.0,102
2026-08-27 07:46:00-04:00,4650.39990234375,4650.39990234375,4650.7998046875,4649.89990234375,4650.10009765625,165
2026-08-27 07:47:00-04:00,4649.7998046875,4649.7998046875,4650.5,4649.60009765625,4650.5,55
2026-08-27 07:48:00-04:00,4649.0,4649.0,4649.7001953125,4648.2998046875,4649.39990234375,319
2026-08-27 07:49:00-04:00,4648.60009765625,4648.60009765625,4649.0,4648.10009765625,4648.89990234375,1272
2026-08-27 07:50:00-04:00,4648.5,4648.5,4649.2998046875,4647.89990234375,4648.7001953125,90
2026-08-27 07:51:00-04:00,4648.5,4648.5,4649.0,4648.2001953125,4648.5,43
2026-08-27 07:52:00-04:00,4648.89990234375,4648.89990234375,4649.7001953125,4648.60009765625,4648.7998046875,49
2026-08-27 07:53:00-04:00,4649.60009765625,4649.60009765625,4650.2998046875,4648.5,4649.2001953125,76
2026-08-27 07:54:00-04:00,4653.10009765625,4653.10009765625,4653.10009765625,4649.7001953125,4649.7001953125,54
2026-08-27 07:55:00-04:00,4650.7001953125,4650.7001953125,4653.2001953125,4650.5,4653.2001953125,102
2026-08-27 07:56:00-04:00,4652.10009765625,4652.10009765625,4652.10009765625,4650.7001953125,4650.89990234375,51
2026-08-27 07:57:00-04:00,4652.2001953125,4652.2001953125,4653.7001953125,4652.2001953125,4652.2001953125,55
2026-08-27 07:58:00-04:00,4651.60009765625,4651.60009765625,4652.10009765625,4651.0,4651.89990234375,58
2026-08-27 07:59:00-04:00,4652.2998046875,4652.2998046875,4652.2998046875,4651.60009765625,4651.7001953125,48
2026-08-27 08:00:00-04:00,4652.89990234375,4652.89990234375,4653.0,4651.39990234375,4652.0,66
2026-08-27 08:01:00-04:00,4653.5,4653.5,4654.0,4652.39990234375,4652.89990234375,77
2026-08-27 08:02:00-04:00,4654.2001953125,4654.2001953125,4654.5,4652.7001953125,4653.60009765625,131
2026-08-27 08:03:00-04:00,4654.2998046875,4654.2998046875,4654.7001953125,4653.89990234375,4654.10009765625,641
2026-08-27 08:04:00-04:00,4652.10009765625,4652.10009765625,4654.10009765625,4652.0,4654.10009765625,44
2026-08-27 08:05:00-04:00,4649.5,4649.5,4652.2998046875,4649.5,4651.89990234375,127
2026-08-27 08:06:00-04:00,4647.5,4647.5,4650.2001953125,4647.2001953125,4649.7001953125,199
2026-08-27 08:07:00-04:00,4647.7998046875,4647.7998046875,4648.39990234375,4647.60009765625,4647.89990234375,44
2026-08-27 08:08:00-04:00,4648.2998046875,4648.2998046875,4648.5,4647.2998046875,4647.7998046875,37
2026-08-27 08:09:00-04:00,4648.60009765625,4648.60009765625,4649.0,4648.10009765625,4648.2001953125,52
2026-08-27 08:10:00-04:00,4648.0,4648.0,4648.7998046875,4647.2001953125,4648.5,66
2026-08-27 08:11:00-04:00,4647.2998046875,4647.2998046875,4649.0,4647.2998046875,4648.39990234375,81
2026-08-27 08:12:00-04:00,4648.10009765625,4648.10009765625,4648.5,4647.39990234375,4647.39990234375,39
2026-08-27 08:13:00-04:00,4647.7998046875,4647.7998046875,4648.2998046875,4647.2998046875,4648.0,88
2026-08-27 08:14:00-04:00,4646.10009765625,4646.10009765625,4648.0,4646.0,4647.7998046875,88
2026-08-27 08:15:00-04:00,4646.7001953125,4646.7001953125,4647.0,4645.0,4646.0,153
2026-08-27 08:16:00-04:00,4648.2998046875,4648.2998046875,4649.60009765625,4646.7998046875,4646.89990234375,189
2026-08-27 08:17:00-04:00,4647.60009765625,4647.60009765625,4648.10009765625,4646.60009765625,4648.10009765625,57
2026-08-27 08:18:00-04:00,4648.0,4648.0,4648.89990234375,4647.5,4648.0,266
2026-08-27 08:19:00-04:00,4648.10009765625,4648.10009765625,4648.5,4647.5,4647.7998046875,74
2026-08-27 08:20:00-04:00,4649.7998046875,4649.7998046875,4654.10009765625,4648.2001953125,4648.2001953125,646
2026-08-27 08:21:00-04:00,4650.10009765625,4650.10009765625,4651.10009765625,4648.5,4650.39990234375,133
2026-08-27 08:22:00-04:00,4650.39990234375,4650.39990234375,4650.89990234375,4648.60009765625,4649.7998046875,83
2026-08-27 08:23:00-04:00,4651.7001953125,4651.7001953125,4652.60009765625,4650.60009765625,4650.60009765625,105
2026-08-27 08:24:00-04:00,4649.89990234375,4649.89990234375,4652.2001953125,4649.10009765625,4651.5,97
2026-08-27 08:25:00-04:00,4649.2001953125,4649.2001953125,4650.2001953125,4648.89990234375,4650.0,51
2026-08-27 08:26:00-04:00,4649.39990234375,4649.39990234375,4649.7001953125,4648.60009765625,4649.39990234375,39
2026-08-27 08:27:00-04:00,4648.89990234375,4648.89990234375,4649.7998046875,4648.10009765625,4649.2001953125,84
2026-08-27 08:28:00-04:00,4646.10009765625,4646.10009765625,4649.7001953125,4646.10009765625,4649.39990234375,122
2026-08-27 08:29:00-04:00,4650.0,4650.0,4650.0,4646.2998046875,4646.2998046875,109
2026-08-27 08:30:00-04:00,4647.2001953125,4647.2001953125,4651.0,4646.39990234375,4650.60009765625,144
2026-08-27 08:31:00-04:00,4647.0,4647.0,4649.10009765625,4647.0,4647.7998046875,257
2026-08-27 08:32:00-04:00,4649.39990234375,4649.39990234375,4650.0,4647.2998046875,4647.2998046875,72
2026-08-27 08:33:00-04:00,4648.2001953125,4648.2001953125,4650.2001953125,4647.89990234375,4649.7001953125,82
2026-08-27 08:34:00-04:00,4647.0,4647.0,4648.89990234375,4646.89990234375,4648.39990234375,48
2026-08-27 08:35:00-04:00,4648.5,4648.5,4648.7998046875,4646.89990234375,4647.39990234375,104
2026-08-27 08:36:00-04:00,4646.60009765625,4646.60009765625,4649.5,4646.0,4648.5,112
2026-08-27 08:37:00-04:00,4642.7001953125,4642.7001953125,4646.7001953125,4642.7001953125,4646.60009765625,265
2026-08-27 08:38:00-04:00,4642.39990234375,4642.39990234375,4643.39990234375,4641.5,4642.89990234375,366
2026-08-27 08:39:00-04:00,4643.2001953125,4643.2001953125,4643.89990234375,4641.89990234375,4642.10009765625,411
2026-08-27 08:40:00-04:00,4641.60009765625,4641.60009765625,4642.89990234375,4640.7001953125,4642.89990234375,172
2026-08-27 08:41:00-04:00,4642.7001953125,4642.7001953125,4643.2001953125,4640.7998046875,4642.10009765625,84
2026-08-27 08:42:00-04:00,4642.7998046875,4642.7998046875,4643.89990234375,4642.39990234375,4642.7001953125,118
2026-08-27 08:43:00-04:00,4642.0,4642.0,4643.0,4640.7001953125,4643.0,53
2026-08-27 08:44:00-04:00,4641.0,4641.0,4642.5,4640.7998046875,4642.2001953125,52
2026-08-27 08:45:00-04:00,4639.89990234375,4639.89990234375,4641.5,4639.5,4641.0,72
2026-08-27 08:46:00-04:00,4638.5,4638.5,4640.5,4638.2998046875,4640.0,166
2026-08-27 08:47:00-04:00,4639.39990234375,4639.39990234375,4640.2998046875,4638.10009765625,4638.5,211
2026-08-27 08:48:00-04:00,4638.39990234375,4638.39990234375,4640.0,4637.7998046875,4639.2001953125,98
2026-08-27 08:49:00-04:00,4637.0,4637.0,4638.7001953125,4636.5,4638.5,96
2026-08-27 08:50:00-04:00,4637.0,4637.0,4637.2998046875,4635.5,4636.7998046875,110
2026-08-27 08:51:00-04:00,4634.7001953125,4634.7001953125,4637.60009765625,4633.7001953125,4636.7998046875,190
2026-08-27 08:52:00-04:00,4634.60009765625,4634.60009765625,4635.60009765625,4634.2998046875,4634.39990234375,140
2026-08-27 08:53:00-04:00,4637.10009765625,4637.10009765625,4637.10009765625,4634.10009765625,4634.7998046875,60
2026-08-27 08:54:00-04:00,4638.2001953125,4638.2001953125,4638.2998046875,4636.89990234375,4636.89990234375,86
2026-08-27 08:55:00-04:00,4637.60009765625,4637.60009765625,4638.60009765625,4637.2001953125,4638.10009765625,89
2026-08-27 08:56:00-04:00,4638.60009765625,4638.60009765625,4638.7998046875,4637.39990234375,4637.89990234375,37
2026-08-27 08:57:00-04:00,4640.10009765625,4640.10009765625,4640.89990234375,4638.2998046875,4638.39990234375,104
2026-08-27 08:58:00-04:00,4636.7001953125,4636.7001953125,4640.5,4636.7001953125,4640.39990234375,97
2026-08-27 08:59:00-04:00,4639.2998046875,4639.2998046875,4641.60009765625,4637.0,4637.0,221
2026-08-27 09:00:00-04:00,4638.10009765625,4638.10009765625,4639.39990234375,4633.0,4639.2001953125,384
2026-08-27 09:01:00-04:00,4638.2998046875,4638.2998046875,4641.2998046875,4636.7998046875,4637.2001953125,169
2026-08-27 09:02:00-04:00,4641.2001953125,4641.2001953125,4641.2001953125,4637.7001953125,4638.89990234375,88
2026-08-27 09:03:00-04:00,4641.2998046875,4641.2998046875,4642.2998046875,4640.0,4641.7001953125,119
2026-08-27 09:04:00-04:00,4641.7998046875,4641.7998046875,4643.60009765625,4641.10009765625,4641.60009765625,204
2026-08-27 09:05:00-04:00,4643.10009765625,4643.10009765625,4643.60009765625,4640.60009765625,4641.5,159
2026-08-27 09:06:00-04:00,4640.60009765625,4640.60009765625,4644.0,4640.60009765625,4643.10009765625,151
2026-08-27 09:07:00-04:00,4639.39990234375,4639.39990234375,4641.5,4639.10009765625,4640.60009765625,191
2026-08-27 09:08:00-04:00,4640.2001953125,4640.2001953125,4640.89990234375,4639.7001953125,4639.7998046875,52
2026-08-27 09:09:00-04:00,4639.60009765625,4639.60009765625,4642.10009765625,4639.5,4639.89990234375,66
2026-08-27 09:10:00-04:00,4640.7998046875,4640.7998046875,4641.10009765625,4638.7998046875,4639.89990234375,63
2026-08-27 09:11:00-04:00,4641.89990234375,4641.89990234375,4642.10009765625,4640.60009765625,4640.7001953125,70
2026-08-27 09:12:00-04:00,4643.10009765625,4643.10009765625,4643.39990234375,4640.7998046875,4641.89990234375,76
2026-08-27 09:13:00-04:00,4642.2998046875,4642.2998046875,4643.2001953125,4641.89990234375,4642.89990234375,51
2026-08-27 09:14:00-04:00,4638.5,4638.5,4642.5,4637.39990234375,4642.2998046875,146
2026-08-27 09:15:00-04:00,4639.39990234375,4639.39990234375,4639.7001953125,4636.0,4638.2001953125,157
2026-08-27 09:16:00-04:00,4639.0,4639.0,4640.5,4638.39990234375,4639.2998046875,81
2026-08-27 09:17:00-04:00,4639.60009765625,4639.60009765625,4639.60009765625,4638.60009765625,4639.0,27
2026-08-27 09:18:00-04:00,4639.60009765625,4639.60009765625,4642.10009765625,4639.5,4639.5,105
2026-08-27 09:19:00-04:00,4638.89990234375,4638.89990234375,4641.5,4638.2998046875,4640.0,95
2026-08-27 09:20:00-04:00,4640.10009765625,4640.10009765625,4640.5,4639.2998046875,4639.5,70
2026-08-27 09:21:00-04:00,4640.89990234375,4640.89990234375,4641.60009765625,4639.7001953125,4640.39990234375,59
2026-08-27 09:22:00-04:00,4640.7001953125,4640.7001953125,4641.39990234375,4639.60009765625,4640.60009765625,56
2026-08-27 09:23:00-04:00,4640.0,4640.0,4641.10009765625,4638.39990234375,4640.7998046875,135
2026-08-27 09:24:00-04:00,4640.39990234375,4640.39990234375,4641.0,4639.5,4640.0,85
2026-08-27 09:25:00-04:00,4642.39990234375,4642.39990234375,4642.5,4640.0,4640.7998046875,84
2026-08-27 09:26:00-04:00,4645.7998046875,4645.7998046875,4646.10009765625,4641.0,4642.39990234375,588
2026-08-27 09:27:00-04:00,4645.2001953125,4645.2001953125,4646.39990234375,4644.2998046875,4645.7001953125,333
2026-08-27 09:28:00-04:00,4645.2998046875,4645.2998046875,4646.10009765625,4644.5,4645.2001953125,148
2026-08-27 09:29:00-04:00,4643.10009765625,4643.10009765625,4645.5,4641.5,4644.89990234375,329
2026-08-27 09:30:00-04:00,4643.2998046875,4643.2998046875,4646.0,4642.60009765625,4643.0,346
2026-08-27 09:31:00-04:00,4639.5,4639.5,4643.2001953125,4639.2998046875,4643.2001953125,267
2026-08-27 09:32:00-04:00,4636.2001953125,4636.2001953125,4639.2998046875,4634.2998046875,4639.2998046875,660
2026-08-27 09:33:00-04:00,4637.10009765625,4637.10009765625,4638.0,4634.2998046875,4636.0,288
2026-08-27 09:34:00-04:00,4628.60009765625,4628.60009765625,4637.2001953125,4628.2001953125,4637.0,619
2026-08-27 09:35:00-04:00,4631.0,4631.0,4632.5,4627.2001953125,4628.39990234375,372
2026-08-27 09:36:00-04:00,4632.39990234375,4632.39990234375,4634.2001953125,4630.7001953125,4630.7001953125,290
2026-08-27 09:37:00-04:00,4631.89990234375,4631.89990234375,4632.2998046875,4629.60009765625,4632.2998046875,209
2026-08-27 09:38:00-04:00,4628.60009765625,4628.60009765625,4632.5,4626.7998046875,4631.7001953125,235
2026-08-27 09:39:00-04:00,4628.5,4628.5,4629.60009765625,4627.7998046875,4628.7998046875,106
2026-08-27 09:40:00-04:00,4624.89990234375,4624.89990234375,4628.7998046875,4624.5,4627.7001953125,340
2026-08-27 09:41:00-04:00,4627.5,4627.5,4628.10009765625,4624.7998046875,4625.2998046875,216
2026-08-27 09:42:00-04:00,4634.2001953125,4634.2001953125,4634.2001953125,4627.0,4627.39990234375,292
2026-08-27 09:43:00-04:00,4634.10009765625,4634.10009765625,4634.39990234375,4630.7998046875,4634.0,189
2026-08-27 09:44:00-04:00,4631.2998046875,4631.2998046875,4636.39990234375,4630.0,4634.39990234375,311
2026-08-27 09:45:00-04:00,4631.7001953125,4631.7001953125,4632.10009765625,4628.7001953125,4630.7001953125,134
2026-08-27 09:46:00-04:00,4625.5,4625.5,4632.5,4625.2998046875,4632.2998046875,213
2026-08-27 09:47:00-04:00,4625.10009765625,4625.10009765625,4627.0,4624.5,4625.7998046875,135
2026-08-27 09:48:00-04:00,4622.7998046875,4622.7998046875,4625.10009765625,4616.0,4624.7998046875,1362
2026-08-27 09:49:00-04:00,4629.39990234375,4629.39990234375,4629.39990234375,4622.89990234375,4622.89990234375,455
2026-08-27 09:50:00-04:00,4633.7998046875,4633.7998046875,4634.0,4630.0,4630.0,614
2026-08-27 09:51:00-04:00,4634.2998046875,4634.2998046875,4635.2001953125,4633.2001953125,4633.5,239
2026-08-27 09:52:00-04:00,4633.5,4633.5,4635.89990234375,4631.2001953125,4634.60009765625,265
2026-08-27 09:53:00-04:00,4626.0,4626.0,4633.39990234375,4625.7001953125,4633.39990234375,397
2026-08-27 09:54:00-04:00,4625.10009765625,4625.10009765625,4627.2998046875,4623.60009765625,4625.7001953125,271
2026-08-27 09:55:00-04:00,4625.7998046875,4625.7998046875,4627.2001953125,4624.60009765625,4625.39990234375,238
2026-08-27 09:56:00-04:00,4628.2001953125,4628.2001953125,4629.0,4624.60009765625,4625.7001953125,165
2026-08-27 09:57:00-04:00,4626.7001953125,4626.7001953125,4629.2001953125,4625.7001953125,4628.0,182
2026-08-27 09:58:00-04:00,4626.60009765625,4626.60009765625,4627.60009765625,4625.60009765625,4627.0,87
2026-08-27 09:59:00-04:00,4625.89990234375,4625.89990234375,4627.10009765625,4624.7998046875,4626.7001953125,285
2026-08-27 10:00:00-04:00,4625.39990234375,4625.39990234375,4626.2001953125,4622.60009765625,4625.60009765625,498
2026-08-27 10:01:00-04:00,4623.89990234375,4623.89990234375,4626.7998046875,4621.7998046875,4625.5,385
2026-08-27 10:02:00-04:00,4623.7001953125,4623.7001953125,4626.39990234375,4622.10009765625,4624.10009765625,327
2026-08-27 10:03:00-04:00,4624.7001953125,4624.7001953125,4625.39990234375,4621.7001953125,4624.0,478
2026-08-27 10:04:00-04:00,4629.10009765625,4629.10009765625,4629.7001953125,4623.7001953125,4624.60009765625,403
2026-08-27 10:05:00-04:00,4630.7998046875,4630.7998046875,4632.7998046875,4629.2001953125,4629.2001953125,295
2026-08-27 10:06:00-04:00,4627.2001953125,4627.2001953125,4631.2001953125,4627.0,4631.0,341
2026-08-27 10:07:00-04:00,4630.2001953125,4630.2001953125,4631.39990234375,4625.0,4627.39990234375,173
2026-08-27 10:08:00-04:00,4629.7001953125,4629.7001953125,4631.2001953125,4628.39990234375,4630.7998046875,141
2026-08-27 10:09:00-04:00,4628.2998046875,4628.2998046875,4630.5,4628.2998046875,4629.60009765625,186
2026-08-27 10:10:00-04:00,4628.7001953125,4628.7001953125,4629.7998046875,4628.10009765625,4628.10009765625,116
2026-08-27 10:11:00-04:00,4630.39990234375,4630.39990234375,4630.7998046875,4628.0,4628.7001953125,118
2026-08-27 10:12:00-04:00,4628.2001953125,4628.2001953125,4631.39990234375,4628.0,4630.7001953125,198
2026-08-27 10:13:00-04:00,4628.7998046875,4628.7998046875,4630.10009765625,4625.7001953125,4628.2998046875,199
2026-08-27 10:14:00-04:00,4627.60009765625,4627.60009765625,4628.89990234375,4625.7001953125,4628.89990234375,111
2026-08-27 10:15:00-04:00,4630.89990234375,4630.89990234375,4631.10009765625,4627.0,4627.0,134
2026-08-27 10:16:00-04:00,4631.89990234375,4631.89990234375,4632.7001953125,4629.60009765625,4630.5,122
2026-08-27 10:17:00-04:00,4633.2001953125,4633.2001953125,4635.2001953125,4631.89990234375,4632.10009765625,231
2026-08-27 10:18:00-04:00,4635.2001953125,4635.2001953125,4635.2001953125,4633.0,4633.2998046875,141
2026-08-27 10:19:00-04:00,4632.7998046875,4632.7998046875,4636.0,4632.7001953125,4635.10009765625,152
2026-08-27 10:20:00-04:00,4637.2998046875,4637.2998046875,4637.5,4633.0,4633.0,390
2026-08-27 10:21:00-04:00,4635.10009765625,4635.10009765625,4637.39990234375,4634.89990234375,4637.2998046875,180
2026-08-27 10:22:00-04:00,4635.2001953125,4635.2001953125,4637.89990234375,4634.60009765625,4635.10009765625,115
2026-08-27 10:23:00-04:00,4634.89990234375,4634.89990234375,4636.10009765625,4634.39990234375,4635.39990234375,165
2026-08-27 10:24:00-04:00,4631.60009765625,4631.60009765625,4635.2001953125,4628.60009765625,4635.0,564
2026-08-27 10:25:00-04:00,4628.89990234375,4628.89990234375,4631.60009765625,4627.2998046875,4631.60009765625,230
2026-08-27 10:26:00-04:00,4629.7998046875,4629.7998046875,4630.0,4628.2001953125,4628.7001953125,143
2026-08-27 10:27:00-04:00,4629.7001953125,4629.7001953125,4630.0,4628.5,4629.2998046875,83
2026-08-27 10:28:00-04:00,4632.2998046875,4632.2998046875,4632.60009765625,4629.7998046875,4629.7998046875,184
2026-08-27 10:29:00-04:00,4634.60009765625,4634.60009765625,4635.0,4632.10009765625,4632.5,133
2026-08-27 10:30:00-04:00,4636.39990234375,4636.39990234375,4638.5,4634.39990234375,4634.39990234375,491
2026-08-27 10:31:00-04:00,4637.39990234375,4637.39990234375,4638.0,4635.39990234375,4636.2998046875,276
2026-08-27 10:32:00-04:00,4636.5,4636.5,4637.60009765625,4635.7001953125,4637.5,113
2026-08-27 10:33:00-04:00,4638.2001953125,4638.2001953125,4638.2998046875,4636.2001953125,4636.39990234375,109
2026-08-27 10:34:00-04:00,4639.10009765625,4639.10009765625,4639.39990234375,4637.89990234375,4638.10009765625,97
2026-08-27 10:35:00-04:00,4641.39990234375,4641.39990234375,4641.5,4639.39990234375,4639.39990234375,361
2026-08-27 10:36:00-04:00,4643.39990234375,4643.39990234375,4644.2001953125,4641.5,4641.5,336
2026-08-27 10:37:00-04:00,4643.7001953125,4643.7001953125,4644.0,4642.89990234375,4643.2001953125,153
2026-08-27 10:38:00-04:00,4644.10009765625,4644.10009765625,4644.60009765625,4641.89990234375,4643.60009765625,305
2026-08-27 10:39:00-04:00,4642.60009765625,4642.60009765625,4644.5,4642.10009765625,4644.0,183
2026-08-27 10:40:00-04:00,4642.0,4642.0,4644.39990234375,4641.7998046875,4642.89990234375,124
2026-08-27 10:41:00-04:00,4640.39990234375,4640.39990234375,4641.89990234375,4640.10009765625,4641.7001953125,166
2026-08-27 10:42:00-04:00,4642.60009765625,4642.60009765625,4642.7001953125,4640.2998046875,4640.2998046875,170
2026-08-27 10:43:00-04:00,4648.60009765625,4648.60009765625,4648.89990234375,4643.0,4643.0,601
2026-08-27 10:44:00-04:00,4648.7998046875,4648.7998046875,4651.5,4648.2001953125,4648.60009765625,1096
2026-08-27 10:45:00-04:00,4651.5,4651.5,4651.7998046875,4648.5,4648.89990234375,276
2026-08-27 10:46:00-04:00,4649.7998046875,4649.7998046875,4652.0,4649.5,4651.39990234375,339
2026-08-27 10:47:00-04:00,4647.39990234375,4647.39990234375,4650.0,4646.10009765625,4649.7998046875,251
2026-08-27 10:48:00-04:00,4648.7998046875,4648.7998046875,4649.7998046875,4647.7001953125,4647.7998046875,156
2026-08-27 10:49:00-04:00,4647.0,4647.0,4648.10009765625,4646.10009765625,4648.10009765625,109
2026-08-27 10:50:00-04:00,4646.2998046875,4646.2998046875,4647.7998046875,4646.2998046875,4647.10009765625,82
2026-08-27 10:51:00-04:00,4646.0,4646.0,4646.5,4644.7998046875,4646.5,145
2026-08-27 10:52:00-04:00,4646.2001953125,4646.2001953125,4647.7998046875,4645.89990234375,4646.10009765625,147
2026-08-27 10:53:00-04:00,4646.5,4646.5,4646.7001953125,4645.0,4646.0,161
2026-08-27 10:54:00-04:00,4645.10009765625,4645.10009765625,4646.89990234375,4645.10009765625,4646.5,71
2026-08-27 10:55:00-04:00,4643.0,4643.0,4645.5,4641.89990234375,4645.2001953125,184
2026-08-27 10:56:00-04:00,4644.39990234375,4644.39990234375,4644.60009765625,4642.2001953125,4643.10009765625,68
2026-08-27 10:57:00-04:00,4644.39990234375,4644.39990234375,4647.0,4644.2001953125,4644.39990234375,137
2026-08-27 10:58:00-04:00,4645.0,4645.0,4645.39990234375,4644.10009765625,4644.7998046875,51
2026-08-27 10:59:00-04:00,4645.10009765625,4645.10009765625,4645.39990234375,4644.2998046875,4645.2998046875,75
2026-08-27 11:00:00-04:00,4647.5,4647.5,4647.7998046875,4645.0,4645.0,140
2026-08-27 11:01:00-04:00,4649.0,4649.0,4649.0,4646.89990234375,4647.2998046875,93
2026-08-27 11:02:00-04:00,4647.0,4647.0,4649.2001953125,4646.7998046875,4649.2001953125,99
2026-08-27 11:03:00-04:00,4646.89990234375,4646.89990234375,4649.5,4646.5,4647.0,214
2026-08-27 11:04:00-04:00,4648.0,4648.0,4648.39990234375,4646.2998046875,4646.89990234375,60
2026-08-27 11:05:00-04:00,4647.7001953125,4647.7001953125,4648.5,4646.2001953125,4647.7998046875,59
2026-08-27 11:06:00-04:00,4646.60009765625,4646.60009765625,4649.0,4646.60009765625,4648.0,69
2026-08-27 11:07:00-04:00,4645.7998046875,4645.7998046875,4648.10009765625,4644.89990234375,4646.7998046875,115
2026-08-27 11:08:00-04:00,4645.7001953125,4645.7001953125,4645.89990234375,4645.2001953125,4645.7998046875,32
2026-08-27 11:09:00-04:00,4645.7998046875,4645.7998046875,4646.39990234375,4645.2998046875,4645.89990234375,124
2026-08-27 11:10:00-04:00,4647.0,4647.0,4647.39990234375,4645.7998046875,4645.89990234375,79
2026-08-27 11:11:00-04:00,4647.39990234375,4647.39990234375,4648.2001953125,4646.10009765625,4647.10009765625,75
2026-08-27 11:12:00-04:00,4648.0,4648.0,4648.0,4645.89990234375,4647.2998046875,47
2026-08-27 11:13:00-04:00,4649.0,4649.0,4649.0,4647.39990234375,4647.7998046875,52
2026-08-27 11:14:00-04:00,4646.5,4646.5,4649.0,4646.0,4649.0,37
2026-08-27 11:15:00-04:00,4650.0,4650.0,4650.2998046875,4646.5,4646.60009765625,115
2026-08-27 11:16:00-04:00,4650.0,4650.0,4651.0,4649.2001953125,4650.0,105
2026-08-27 11:17:00-04:00,4649.7001953125,4649.7001953125,4650.0,4647.7998046875,4649.7998046875,65
2026-08-27 11:18:00-04:00,4651.2001953125,4651.2001953125,4651.5,4649.2001953125,4649.60009765625,89
2026-08-27 11:19:00-04:00,4651.0,4651.0,4651.89990234375,4651.0,4651.2998046875,108
2026-08-27 11:20:00-04:00,4648.2001953125,4648.2001953125,4650.89990234375,4647.39990234375,4650.89990234375,137
2026-08-27 11:21:00-04:00,4646.7998046875,4646.7998046875,4649.2998046875,4646.39990234375,4648.7001953125,74
2026-08-27 11:22:00-04:00,4644.89990234375,4644.89990234375,4646.7998046875,4644.7001953125,4646.60009765625,69
2026-08-27 11:23:00-04:00,4646.0,4646.0,4646.2998046875,4643.10009765625,4644.7998046875,205
2026-08-27 11:24:00-04:00,4644.2001953125,4644.2001953125,4646.0,4643.89990234375,4645.89990234375,82
2026-08-27 11:25:00-04:00,4644.60009765625,4644.60009765625,4644.60009765625,4642.7001953125,4644.10009765625,77
2026-08-27 11:26:00-04:00,4645.0,4645.0,4645.7001953125,4644.39990234375,4644.5,54
2026-08-27 11:27:00-04:00,4646.0,4646.0,4646.39990234375,4645.0,4645.0,52
2026-08-27 11:28:00-04:00,4649.2001953125,4649.2001953125,4649.2001953125,4646.0,4646.10009765625,68
2026-08-27 11:29:00-04:00,4646.89990234375,4646.89990234375,4649.39990234375,4646.2998046875,4649.39990234375,86
2026-08-27 11:30:00-04:00,4649.7001953125,4649.7001953125,4649.7001953125,4646.10009765625,4646.89990234375,97
2026-08-27 11:31:00-04:00,4651.7998046875,4651.7998046875,4651.89990234375,4649.39990234375,4649.5,91
2026-08-27 11:32:00-04:00,4650.39990234375,4650.39990234375,4652.89990234375,4650.39990234375,4651.7001953125,123
2026-08-27 11:33:00-04:00,4651.0,4651.0,4651.2001953125,4649.2998046875,4650.7001953125,82
2026-08-27 11:34:00-04:00,4651.10009765625,4651.10009765625,4651.5,4649.7998046875,4650.89990234375,119
2026-08-27 11:35:00-04:00,4652.7998046875,4652.7998046875,4653.2998046875,4649.7998046875,4651.2998046875,176
2026-08-27 11:36:00-04:00,4651.2001953125,4651.2001953125,4653.2998046875,4650.39990234375,4652.7998046875,296
2026-08-27 11:37:00-04:00,4653.10009765625,4653.10009765625,4653.2001953125,4651.2998046875,4651.2998046875,281
2026-08-27 11:38:00-04:00,4653.0,4653.0,4653.39990234375,4652.7998046875,4653.2001953125,91
2026-08-27 11:39:00-04:00,4653.60009765625,4653.60009765625,4653.60009765625,4652.2001953125,4653.10009765625,173
2026-08-27 11:40:00-04:00,4654.5,4654.5,4657.10009765625,4653.2998046875,4653.7001953125,707
2026-08-27 11:41:00-04:00,4658.2998046875,4658.2998046875,4658.39990234375,4654.39990234375,4654.39990234375,260
2026-08-27 11:42:00-04:00,4659.7001953125,4659.7001953125,4660.0,4657.10009765625,4658.2001953125,205
2026-08-27 11:43:00-04:00,4657.0,4657.0,4659.60009765625,4656.7998046875,4659.60009765625,125
2026-08-27 11:44:00-04:00,4655.5,4655.5,4656.89990234375,4655.39990234375,4656.89990234375,136
2026-08-27 11:45:00-04:00,4656.39990234375,4656.39990234375,4657.2998046875,4654.2998046875,4655.7001953125,130
2026-08-27 11:46:00-04:00,4655.7001953125,4655.7001953125,4656.39990234375,4654.60009765625,4656.39990234375,47
2026-08-27 11:47:00-04:00,4657.5,4657.5,4658.60009765625,4655.7998046875,4655.7998046875,98
2026-08-27 11:48:00-04:00,4657.5,4657.5,4658.5,4656.2998046875,4657.7001953125,97
2026-08-27 11:49:00-04:00,4658.5,4658.5,4658.7998046875,4657.39990234375,4657.89990234375,78
2026-08-27 11:50:00-04:00,4659.7998046875,4659.7998046875,4660.39990234375,4658.60009765625,4658.60009765625,202
2026-08-27 11:51:00-04:00,4659.39990234375,4659.39990234375,4659.7998046875,4658.60009765625,4659.7001953125,79
2026-08-27 11:52:00-04:00,4658.60009765625,4658.60009765625,4659.2001953125,4657.5,4659.2001953125,103
2026-08-27 11:53:00-04:00,4661.89990234375,4661.89990234375,4662.60009765625,4658.60009765625,4658.60009765625,201
2026-08-27 11:54:00-04:00,4663.7998046875,4663.7998046875,4664.2001953125,4662.2001953125,4662.2001953125,278
2026-08-27 11:55:00-04:00,4663.5,4663.5,4664.7998046875,4663.2001953125,4663.5,202
2026-08-27 11:56:00-04:00,4664.10009765625,4664.10009765625,4664.10009765625,4662.2001953125,4663.10009765625,119
2026-08-27 11:57:00-04:00,4664.60009765625,4664.60009765625,4665.5,4662.7001953125,4663.5,388
2026-08-27 11:58:00-04:00,4663.89990234375,4663.89990234375,4665.2001953125,4663.7998046875,4664.60009765625,111
2026-08-27 11:59:00-04:00,4664.5,4664.5,4664.89990234375,4663.0,4664.0,121
2026-08-27 12:00:00-04:00,4665.2998046875,4665.2998046875,4665.7001953125,4664.0,4664.7001953125,135
2026-08-27 12:01:00-04:00,4665.2001953125,4665.2001953125,4666.7001953125,4664.7001953125,4665.2998046875,206
2026-08-27 12:02:00-04:00,4664.0,4664.0,4665.2998046875,4663.2998046875,4665.10009765625,152
2026-08-27 12:03:00-04:00,4664.60009765625,4664.60009765625,4664.7998046875,4663.10009765625,4664.10009765625,131
2026-08-27 12:04:00-04:00,4665.7001953125,4665.7001953125,4666.89990234375,4664.7998046875,4664.89990234375,157
2026-08-27 12:05:00-04:00,4662.2998046875,4662.2998046875,4665.5,4662.2998046875,4665.5,147
2026-08-27 12:06:00-04:00,4661.7001953125,4661.7001953125,4662.7998046875,4661.10009765625,4662.5,115
2026-08-27 12:07:00-04:00,4660.10009765625,4660.10009765625,4661.60009765625,4660.0,4661.5,100
2026-08-27 12:08:00-04:00,4660.5,4660.5,4661.39990234375,4660.10009765625,4660.2998046875,91
2026-08-27 12:09:00-04:00,4661.5,4661.5,4662.2998046875,4660.10009765625,4660.2998046875,98
2026-08-27 12:10:00-04:00,4661.39990234375,4661.39990234375,4661.60009765625,4660.39990234375,4661.2001953125,44
2026-08-27 12:11:00-04:00,4660.7001953125,4660.7001953125,4661.7001953125,4660.2001953125,4661.60009765625,68
2026-08-27 12:12:00-04:00,4660.7001953125,4660.7001953125,4661.39990234375,4659.5,4660.89990234375,129
2026-08-27 12:13:00-04:00,4660.7998046875,4660.7998046875,4661.0,4659.7001953125,4660.5,66
2026-08-27 12:14:00-04:00,4658.89990234375,4658.89990234375,4660.7998046875,4658.7001953125,4660.7998046875,66
2026-08-27 12:15:00-04:00,4659.0,4659.0,4659.5,4658.2001953125,4658.89990234375,109
2026-08-27 12:16:00-04:00,4658.2001953125,4658.2001953125,4659.7998046875,4658.0,4659.10009765625,74
2026-08-27 12:17:00-04:00,4658.89990234375,4658.89990234375,4659.60009765625,4658.10009765625,4658.10009765625,41
2026-08-27 12:18:00-04:00,4657.89990234375,4657.89990234375,4658.7998046875,4656.5,4658.7998046875,135
2026-08-27 12:19:00-04:00,4657.2001953125,4657.2001953125,4658.2998046875,4657.0,4658.2998046875,57
2026-08-27 12:20:00-04:00,4659.2001953125,4659.2001953125,4660.2001953125,4657.39990234375,4657.39990234375,126
2026-08-27 12:21:00-04:00,4659.7001953125,4659.7001953125,4660.0,4659.10009765625,4659.2998046875,77
2026-08-27 12:22:00-04:00,4659.2998046875,4659.2998046875,4660.10009765625,4658.2998046875,4660.10009765625,48
2026-08-27 12:23:00-04:00,4660.7001953125,4660.7001953125,4662.39990234375,4659.39990234375,4659.39990234375,172
2026-08-27 12:24:00-04:00,4660.7001953125,4660.7001953125,4660.7998046875,4660.10009765625,4660.5,57
2026-08-27 12:25:00-04:00,4660.10009765625,4660.10009765625,4660.7998046875,4659.7998046875,4660.2998046875,27
2026-08-27 12:26:00-04:00,4661.39990234375,4661.39990234375,4661.5,4659.89990234375,4660.39990234375,52
2026-08-27 12:27:00-04:00,4661.60009765625,4661.60009765625,4661.7001953125,4660.7998046875,4661.2998046875,46
2026-08-27 12:28:00-04:00,4662.10009765625,4662.10009765625,4662.60009765625,4660.89990234375,4661.2998046875,98
2026-08-27 12:29:00-04:00,4662.0,4662.0,4662.0,4661.2998046875,4661.5,17
2026-08-27 12:30:00-04:00,4661.0,4661.0,4662.10009765625,4660.0,4661.7998046875,219
2026-08-27 12:31:00-04:00,4661.7001953125,4661.7001953125,4661.7998046875,4660.7001953125,4660.7001953125,81
2026-08-27 12:32:00-04:00,4662.0,4662.0,4662.10009765625,4661.0,4661.2001953125,103
2026-08-27 12:33:00-04:00,4662.60009765625,4662.60009765625,4662.89990234375,4661.39990234375,4662.0,163
2026-08-27 12:34:00-04:00,4662.7998046875,4662.7998046875,4663.0,4662.2001953125,4662.60009765625,100
2026-08-27 12:35:00-04:00,4662.39990234375,4662.39990234375,4663.10009765625,4661.7001953125,4662.7998046875,60
2026-08-27 12:36:00-04:00,4663.0,4663.0,4663.39990234375,4662.2001953125,4662.60009765625,56
2026-08-27 12:37:00-04:00,4666.7998046875,4666.7998046875,4667.10009765625,4662.60009765625,4662.7998046875,137
2026-08-27 12:38:00-04:00,4663.10009765625,4663.10009765625,4667.10009765625,4662.60009765625,4666.7001953125,232
2026-08-27 12:39:00-04:00,4666.0,4666.0,4666.89990234375,4662.5,4663.0,219
2026-08-27 12:40:00-04:00,4665.10009765625,4665.10009765625,4665.89990234375,4664.5,4665.89990234375,80
2026-08-27 12:41:00-04:00,4664.39990234375,4664.39990234375,4665.10009765625,4664.2998046875,4665.0,40
2026-08-27 12:42:00-04:00,4664.7001953125,4664.7001953125,4664.89990234375,4664.2998046875,4664.2998046875,32
2026-08-27 12:43:00-04:00,4665.2998046875,4665.2998046875,4665.5,4664.2998046875,4664.60009765625,179
2026-08-27 12:44:00-04:00,4665.7001953125,4665.7001953125,4665.7998046875,4665.0,4665.39990234375,67
2026-08-27 12:45:00-04:00,4667.60009765625,4667.60009765625,4668.2998046875,4665.60009765625,4665.60009765625,168
2026-08-27 12:46:00-04:00,4667.10009765625,4667.10009765625,4669.10009765625,4666.39990234375,4667.7001953125,303
2026-08-27 12:47:00-04:00,4665.2001953125,4665.2001953125,4666.60009765625,4664.89990234375,4666.5,68
2026-08-27 12:48:00-04:00,4665.10009765625,4665.10009765625,4666.7998046875,4664.60009765625,4665.2001953125,79
2026-08-27 12:49:00-04:00,4664.89990234375,4664.89990234375,4665.7998046875,4664.89990234375,4665.10009765625,26
2026-08-27 12:50:00-04:00,4666.10009765625,4666.10009765625,4666.39990234375,4664.2998046875,4665.2001953125,120
2026-08-27 12:51:00-04:00,4666.5,4666.5,4667.0,4666.0,4666.39990234375,91
2026-08-27 12:52:00-04:00,4669.2001953125,4669.2001953125,4669.7001953125,4666.7001953125,4666.7998046875,376
2026-08-27 12:53:00-04:00,4670.39990234375,4670.39990234375,4670.5,4669.2998046875,4669.2998046875,209
2026-08-27 12:54:00-04:00,4670.2998046875,4670.2998046875,4670.89990234375,4670.0,4670.39990234375,127
2026-08-27 12:55:00-04:00,4668.5,4668.5,4670.5,4667.7998046875,4670.5,98
2026-08-27 12:56:00-04:00,4667.39990234375,4667.39990234375,4668.39990234375,4666.7001953125,4668.2998046875,128
2026-08-27 12:57:00-04:00,4668.0,4668.0,4668.0,4667.2001953125,4667.7001953125,38
2026-08-27 12:58:00-04:00,4668.60009765625,4668.60009765625,4669.0,4667.60009765625,4668.0,69
2026-08-27 12:59:00-04:00,4669.2998046875,4669.2998046875,4669.2998046875,4668.10009765625,4668.60009765625,62
2026-08-27 13:00:00-04:00,4669.60009765625,4669.60009765625,4670.7001953125,4669.0,4669.2001953125,235
2026-08-27 13:01:00-04:00,4668.5,4668.5,4670.0,4668.10009765625,4669.7998046875,89
2026-08-27 13:02:00-04:00,4667.2001953125,4667.2001953125,4668.39990234375,4666.39990234375,4668.2998046875,84
2026-08-27 13:03:00-04:00,4669.2998046875,4669.2998046875,4669.7001953125,4667.0,4667.10009765625,53
2026-08-27 13:04:00-04:00,4668.2001953125,4668.2001953125,4669.60009765625,4668.10009765625,4669.60009765625,68
2026-08-27 13:05:00-04:00,4666.0,4666.0,4668.10009765625,4666.0,4668.10009765625,49
2026-08-27 13:06:00-04:00,4665.60009765625,4665.60009765625,4666.2998046875,4664.7998046875,4666.10009765625,147
2026-08-27 13:07:00-04:00,4665.39990234375,4665.39990234375,4666.0,4665.2001953125,4665.7001953125,54
2026-08-27 13:08:00-04:00,4664.60009765625,4664.60009765625,4665.7998046875,4664.2001953125,4665.2001953125,110
2026-08-27 13:09:00-04:00,4664.7001953125,4664.7001953125,4666.39990234375,4664.5,4664.89990234375,79
2026-08-27 13:10:00-04:00,4663.60009765625,4663.60009765625,4664.60009765625,4662.7001953125,4664.60009765625,124
2026-08-27 13:11:00-04:00,4665.39990234375,4665.39990234375,4665.39990234375,4663.7001953125,4663.7001953125,54
2026-08-27 13:12:00-04:00,4665.2998046875,4665.2998046875,4665.60009765625,4665.10009765625,4665.5,24
2026-08-27 13:13:00-04:00,4665.60009765625,4665.60009765625,4665.60009765625,4664.7998046875,4665.2998046875,28
2026-08-27 13:14:00-04:00,4664.5,4664.5,4665.60009765625,4664.2001953125,4665.5,60
2026-08-27 13:15:00-04:00,4663.60009765625,4663.60009765625,4664.60009765625,4663.60009765625,4664.39990234375,29
2026-08-27 13:16:00-04:00,4663.2998046875,4663.2998046875,4664.5,4663.2998046875,4663.7998046875,57
2026-08-27 13:17:00-04:00,4662.7998046875,4662.7998046875,4663.7001953125,4662.7998046875,4663.60009765625,36
2026-08-27 13:18:00-04:00,4663.0,4663.0,4664.0,4662.5,4662.7001953125,81
2026-08-27 13:19:00-04:00,4663.2001953125,4663.2001953125,4664.10009765625,4662.89990234375,4662.89990234375,28
2026-08-27 13:20:00-04:00,4664.0,4664.0,4664.2998046875,4663.2001953125,4663.2998046875,63
2026-08-27 13:21:00-04:00,4664.7001953125,4664.7001953125,4665.2998046875,4663.7001953125,4663.89990234375,65
2026-08-27 13:22:00-04:00,4664.2001953125,4664.2001953125,4665.0,4664.10009765625,4664.7998046875,52
2026-08-27 13:23:00-04:00,4665.2001953125,4665.2001953125,4665.2001953125,4664.10009765625,4664.10009765625,34
2026-08-27 13:24:00-04:00,4665.89990234375,4665.89990234375,4666.0,4663.7001953125,4665.2998046875,71
2026-08-27 13:25:00-04:00,4664.7001953125,4664.7001953125,4666.2001953125,4664.7001953125,4665.89990234375,63
2026-08-27 13:26:00-04:00,4665.7998046875,4665.7998046875,4665.7998046875,4664.39990234375,4664.7998046875,117
2026-08-27 13:27:00-04:00,4664.2001953125,4664.2001953125,4665.7998046875,4664.10009765625,4665.7998046875,48
2026-08-27 13:28:00-04:00,4664.5,4664.5,4665.5,4663.7998046875,4664.0,102
2026-08-27 13:29:00-04:00,4664.2998046875,4664.2998046875,4665.5,4662.7998046875,4664.60009765625,546
2026-08-27 13:30:00-04:00,4663.89990234375,4663.89990234375,4664.60009765625,4663.2998046875,4664.5,113
2026-08-27 13:31:00-04:00,4664.0,4664.0,4664.7001953125,4663.39990234375,4664.2998046875,76
2026-08-27 13:32:00-04:00,4665.2001953125,4665.2001953125,4665.39990234375,4663.7001953125,4664.0,69
2026-08-27 13:33:00-04:00,4664.7001953125,4664.7001953125,4665.39990234375,4664.7001953125,4665.39990234375,27
2026-08-27 13:34:00-04:00,4663.89990234375,4663.89990234375,4665.2001953125,4663.7001953125,4664.7001953125,30
2026-08-27 13:35:00-04:00,4663.60009765625,4663.60009765625,4664.0,4663.10009765625,4663.5,24
2026-08-27 13:36:00-04:00,4662.5,4662.5,4663.5,4662.5,4663.5,56
2026-08-27 13:37:00-04:00,4663.2998046875,4663.2998046875,4663.2998046875,4662.39990234375,4662.5,26
2026-08-27 13:38:00-04:00,4664.2998046875,4664.2998046875,4664.5,4662.7998046875,4663.10009765625,37
2026-08-27 13:39:00-04:00,4665.39990234375,4665.39990234375,4665.39990234375,4664.0,4664.60009765625,46
2026-08-27 13:40:00-04:00,4667.7001953125,4667.7001953125,4668.39990234375,4665.10009765625,4665.5,139
2026-08-27 13:41:00-04:00,4667.5,4667.5,4667.60009765625,4666.60009765625,4667.60009765625,39
2026-08-27 13:42:00-04:00,4667.2998046875,4667.2998046875,4667.39990234375,4666.7001953125,4667.2001953125,39
2026-08-27 13:43:00-04:00,4666.89990234375,4666.89990234375,4667.2998046875,4666.2001953125,4667.10009765625,37
2026-08-27 13:44:00-04:00,4665.39990234375,4665.39990234375,4667.89990234375,4663.89990234375,4667.0,196
2026-08-27 13:45:00-04:00,4665.2998046875,4665.2998046875,4665.89990234375,4663.7998046875,4665.5,77
2026-08-27 13:46:00-04:00,4665.10009765625,4665.10009765625,4665.5,4664.7001953125,4665.5,57
2026-08-27 13:47:00-04:00,4662.89990234375,4662.89990234375,4664.7998046875,4662.39990234375,4664.7998046875,71
2026-08-27 13:48:00-04:00,4661.2998046875,4661.2998046875,4663.0,4660.60009765625,4662.7001953125,178
2026-08-27 13:49:00-04:00,4664.2001953125,4664.2001953125,4664.5,4661.39990234375,4661.60009765625,60
2026-08-27 13:50:00-04:00,4663.89990234375,4663.89990234375,4664.60009765625,4663.5,4663.7998046875,39
2026-08-27 13:51:00-04:00,4661.89990234375,4661.89990234375,4664.0,4660.7001953125,4664.0,58
2026-08-27 13:52:00-04:00,4663.2998046875,4663.2998046875,4663.2998046875,4662.5,4662.60009765625,27
2026-08-27 13:53:00-04:00,4662.7001953125,4662.7001953125,4663.60009765625,4661.7001953125,4663.60009765625,55
2026-08-27 13:54:00-04:00,4662.0,4662.0,4662.60009765625,4661.60009765625,4662.10009765625,63
2026-08-27 13:55:00-04:00,4662.0,4662.0,4663.0,4662.0,4662.5,27
2026-08-27 13:56:00-04:00,4661.39990234375,4661.39990234375,4662.2998046875,4661.10009765625,4662.0,14
2026-08-27 13:57:00-04:00,4660.0,4660.0,4661.5,4659.5,4661.10009765625,337
2026-08-27 13:58:00-04:00,4660.39990234375,4660.39990234375,4660.39990234375,4659.10009765625,4659.89990234375,127
2026-08-27 13:59:00-04:00,4660.39990234375,4660.39990234375,4660.7998046875,4660.2001953125,4660.5,39
2026-08-27 14:00:00-04:00,4660.10009765625,4660.10009765625,4661.39990234375,4659.89990234375,4660.60009765625,86
2026-08-27 14:01:00-04:00,4657.89990234375,4657.89990234375,4660.0,4657.89990234375,4660.0,108
2026-08-27 14:02:00-04:00,4657.5,4657.5,4657.7998046875,4656.60009765625,4657.7998046875,112
2026-08-27 14:03:00-04:00,4657.7001953125,4657.7001953125,4658.2998046875,4657.10009765625,4657.60009765625,55
2026-08-27 14:04:00-04:00,4657.0,4657.0,4657.7998046875,4655.89990234375,4657.2998046875,207
2026-08-27 14:05:00-04:00,4657.39990234375,4657.39990234375,4658.39990234375,4656.7998046875,4656.7998046875,79
2026-08-27 14:06:00-04:00,4659.39990234375,4659.39990234375,4659.39990234375,4657.39990234375,4657.39990234375,49
2026-08-27 14:07:00-04:00,4661.39990234375,4661.39990234375,4661.39990234375,4658.89990234375,4659.60009765625,56
2026-08-27 14:08:00-04:00,4661.2998046875,4661.2998046875,4662.10009765625,4660.7998046875,4661.39990234375,76
2026-08-27 14:09:00-04:00,4658.5,4658.5,4661.5,4658.39990234375,4661.0,81
2026-08-27 14:10:00-04:00,4659.89990234375,4659.89990234375,4660.39990234375,4658.39990234375,4658.7001953125,95
2026-08-27 14:11:00-04:00,4659.2001953125,4659.2001953125,4660.10009765625,4659.2001953125,4659.7001953125,38
2026-08-27 14:12:00-04:00,4658.39990234375,4658.39990234375,4659.2998046875,4657.89990234375,4659.0,33
2026-08-27 14:13:00-04:00,4658.7998046875,4658.7998046875,4660.0,4658.60009765625,4658.60009765625,45
2026-08-27 14:14:00-04:00,4659.2001953125,4659.2001953125,4659.2001953125,4658.2998046875,4658.89990234375,23
2026-08-27 14:15:00-04:00,4659.7998046875,4659.7998046875,4659.7998046875,4658.89990234375,4659.60009765625,28
2026-08-27 14:16:00-04:00,4660.60009765625,4660.60009765625,4660.7001953125,4659.39990234375,4660.10009765625,31
2026-08-27 14:17:00-04:00,4660.0,4660.0,4661.10009765625,4659.5,4660.7998046875,38
2026-08-27 14:18:00-04:00,4660.5,4660.5,4660.60009765625,4659.89990234375,4659.89990234375,10
2026-08-27 14:19:00-04:00,4661.39990234375,4661.39990234375,4661.7001953125,4660.7998046875,4661.10009765625,61
2026-08-27 14:20:00-04:00,4660.89990234375,4660.89990234375,4662.0,4660.39990234375,4661.60009765625,67
2026-08-27 14:21:00-04:00,4658.60009765625,4658.60009765625,4660.89990234375,4658.5,4660.60009765625,47
2026-08-27 14:22:00-04:00,4659.60009765625,4659.60009765625,4659.89990234375,4658.7001953125,4658.7001953125,20
2026-08-27 14:23:00-04:00,4658.89990234375,4658.89990234375,4659.60009765625,4658.60009765625,4659.60009765625,26
2026-08-27 14:24:00-04:00,4657.2001953125,4657.2001953125,4658.39990234375,4656.89990234375,4658.39990234375,46
2026-08-27 14:25:00-04:00,4656.60009765625,4656.60009765625,4657.5,4656.0,4657.2001953125,151
2026-08-27 14:26:00-04:00,4657.0,4657.0,4657.2998046875,4656.2001953125,4656.7998046875,44
2026-08-27 14:27:00-04:00,4656.2998046875,4656.2998046875,4657.10009765625,4656.10009765625,4656.89990234375,22
2026-08-27 14:28:00-04:00,4656.0,4656.0,4656.7001953125,4655.89990234375,4656.2998046875,44
2026-08-27 14:29:00-04:00,4655.2998046875,4655.2998046875,4656.60009765625,4655.2001953125,4656.2998046875,114
2026-08-27 14:30:00-04:00,4657.0,4657.0,4657.60009765625,4654.89990234375,4655.2998046875,85
2026-08-27 14:31:00-04:00,4656.10009765625,4656.10009765625,4656.89990234375,4655.7001953125,4656.89990234375,37
2026-08-27 14:32:00-04:00,4656.89990234375,4656.89990234375,4657.5,4656.0,4656.10009765625,36
2026-08-27 14:33:00-04:00,4655.60009765625,4655.60009765625,4656.7001953125,4655.5,4656.7001953125,31
2026-08-27 14:34:00-04:00,4655.7998046875,4655.7998046875,4656.2001953125,4654.7001953125,4655.5,82
2026-08-27 14:35:00-04:00,4656.39990234375,4656.39990234375,4656.60009765625,4655.7998046875,4655.7998046875,30
2026-08-27 14:36:00-04:00,4657.39990234375,4657.39990234375,4657.5,4656.39990234375,4656.39990234375,28
2026-08-27 14:37:00-04:00,4657.39990234375,4657.39990234375,4657.89990234375,4657.2998046875,4657.2998046875,21
2026-08-27 14:38:00-04:00,4658.7001953125,4658.7001953125,4659.0,4657.60009765625,4657.60009765625,54
2026-08-27 14:39:00-04:00,4658.2998046875,4658.2998046875,4658.60009765625,4657.2998046875,4658.60009765625,31
2026-08-27 14:40:00-04:00,4658.0,4658.0,4658.2001953125,4657.5,4658.0,19
2026-08-27 14:41:00-04:00,4658.2998046875,4658.2998046875,4658.39990234375,4658.2998046875,4658.2998046875,5
2026-08-27 14:42:00-04:00,4658.10009765625,4658.10009765625,4658.2998046875,4657.5,4657.7001953125,13
2026-08-27 14:43:00-04:00,4658.10009765625,4658.10009765625,4658.2998046875,4657.89990234375,4658.2998046875,8
2026-08-27 14:44:00-04:00,4658.2998046875,4658.2998046875,4658.60009765625,4657.7998046875,4658.2998046875,18
2026-08-27 14:45:00-04:00,4658.7001953125,4658.7001953125,4659.10009765625,4658.39990234375,4658.39990234375,13
2026-08-27 14:46:00-04:00,4660.0,4660.0,4660.2998046875,4658.2001953125,4658.2998046875,84
2026-08-27 14:47:00-04:00,4660.10009765625,4660.10009765625,4660.10009765625,4659.39990234375,4659.7001953125,37
2026-08-27 14:48:00-04:00,4659.89990234375,4659.89990234375,4660.7001953125,4659.89990234375,4660.10009765625,27
2026-08-27 14:49:00-04:00,4659.7001953125,4659.7001953125,4660.10009765625,4659.39990234375,4660.10009765625,48
2026-08-27 14:50:00-04:00,4660.2001953125,4660.2001953125,4660.39990234375,4658.7998046875,4659.5,46
2026-08-27 14:51:00-04:00,4662.10009765625,4662.10009765625,4662.39990234375,4659.39990234375,4660.60009765625,153
2026-08-27 14:52:00-04:00,4664.7998046875,4664.7998046875,4665.0,4662.0,4662.10009765625,131
2026-08-27 14:53:00-04:00,4663.7001953125,4663.7001953125,4665.2001953125,4663.7001953125,4665.0,63
2026-08-27 14:54:00-04:00,4663.39990234375,4663.39990234375,4664.60009765625,4663.2001953125,4663.89990234375,222
2026-08-27 14:55:00-04:00,4664.10009765625,4664.10009765625,4664.2998046875,4662.7001953125,4662.89990234375,33
2026-08-27 14:56:00-04:00,4663.60009765625,4663.60009765625,4664.10009765625,4663.60009765625,4663.89990234375,26
2026-08-27 14:57:00-04:00,4663.7001953125,4663.7001953125,4663.7001953125,4663.2001953125,4663.5,12
2026-08-27 14:58:00-04:00,4664.7998046875,4664.7998046875,4664.7998046875,4663.7001953125,4664.10009765625,24
2026-08-27 14:59:00-04:00,4664.2998046875,4664.2998046875,4664.7001953125,4663.7998046875,4664.7001953125,52
2026-08-27 15:00:00-04:00,4666.2001953125,4666.2001953125,4666.2998046875,4664.60009765625,4664.7001953125,90
2026-08-27 15:01:00-04:00,4666.39990234375,4666.39990234375,4667.39990234375,4666.2998046875,4666.2998046875,36
2026-08-27 15:02:00-04:00,4669.5,4669.5,4669.60009765625,4666.5,4666.5,99
2026-08-27 15:03:00-04:00,4668.39990234375,4668.39990234375,4670.7998046875,4667.89990234375,4669.7998046875,103
2026-08-27 15:04:00-04:00,4667.7998046875,4667.7998046875,4668.5,4667.60009765625,4668.39990234375,25
2026-08-27 15:05:00-04:00,4668.0,4668.0,4670.2001953125,4666.7998046875,4667.7001953125,189
2026-08-27 15:06:00-04:00,4669.0,4669.0,4669.10009765625,4667.7998046875,4667.7998046875,31
2026-08-27 15:07:00-04:00,4669.89990234375,4669.89990234375,4670.5,4668.89990234375,4668.89990234375,57
2026-08-27 15:08:00-04:00,4671.2001953125,4671.2001953125,4671.60009765625,4669.5,4670.0,208
2026-08-27 15:09:00-04:00,4671.10009765625,4671.10009765625,4672.39990234375,4670.5,4671.5,120
2026-08-27 15:10:00-04:00,4669.7001953125,4669.7001953125,4671.39990234375,4669.39990234375,4671.2001953125,31
2026-08-27 15:11:00-04:00,4669.60009765625,4669.60009765625,4669.60009765625,4669.10009765625,4669.2998046875,39
2026-08-27 15:12:00-04:00,4670.2998046875,4670.2998046875,4670.7998046875,4669.10009765625,4669.2001953125,155
2026-08-27 15:13:00-04:00,4669.2001953125,4669.2001953125,4670.10009765625,4669.2001953125,4670.0,48
2026-08-27 15:14:00-04:00,4669.89990234375,4669.89990234375,4670.10009765625,4669.39990234375,4669.5,27
2026-08-27 15:15:00-04:00,4666.0,4666.0,4670.39990234375,4666.0,4670.39990234375,183
2026-08-27 15:16:00-04:00,4666.7001953125,4666.7001953125,4666.7998046875,4666.0,4666.10009765625,43
2026-08-27 15:17:00-04:00,4665.0,4665.0,4666.7001953125,4664.5,4666.7001953125,61
2026-08-27 15:18:00-04:00,4664.89990234375,4664.89990234375,4665.2001953125,4663.7998046875,4664.7998046875,34
2026-08-27 15:19:00-04:00,4665.7001953125,4665.7001953125,4665.7001953125,4664.7998046875,4665.2001953125,26
2026-08-27 15:20:00-04:00,4662.60009765625,4662.60009765625,4665.7001953125,4662.5,4665.7001953125,151
2026-08-27 15:21:00-04:00,4661.5,4661.5,4662.7001953125,4661.5,4662.60009765625,81
2026-08-27 15:22:00-04:00,4661.2001953125,4661.2001953125,4661.7998046875,4660.60009765625,4661.5,78
2026-08-27 15:23:00-04:00,4661.7998046875,4661.7998046875,4662.0,4660.89990234375,4661.2998046875,143
2026-08-27 15:24:00-04:00,4661.60009765625,4661.60009765625,4661.89990234375,4661.2998046875,4661.7998046875,14
2026-08-27 15:25:00-04:00,4661.7998046875,4661.7998046875,4661.89990234375,4660.2998046875,4661.5,49
2026-08-27 15:26:00-04:00,4662.10009765625,4662.10009765625,4662.10009765625,4661.2998046875,4661.7001953125,23
2026-08-27 15:27:00-04:00,4659.10009765625,4659.10009765625,4662.39990234375,4658.39990234375,4662.2001953125,168
2026-08-27 15:28:00-04:00,4659.89990234375,4659.89990234375,4659.89990234375,4658.2998046875,4658.89990234375,53
2026-08-27 15:29:00-04:00,4660.0,4660.0,4660.7001953125,4659.7998046875,4659.7998046875,23
2026-08-27 15:30:00-04:00,4659.7998046875,4659.7998046875,4660.5,4658.89990234375,4659.7998046875,60
2026-08-27 15:31:00-04:00,4660.89990234375,4660.89990234375,4661.0,4658.60009765625,4659.7001953125,93
2026-08-27 15:32:00-04:00,4660.5,4660.5,4662.0,4660.5,4661.10009765625,42
2026-08-27 15:33:00-04:00,4660.60009765625,4660.60009765625,4660.89990234375,4660.0,4660.39990234375,23
2026-08-27 15:34:00-04:00,4661.10009765625,4661.10009765625,4661.7001953125,4660.5,4660.89990234375,26
2026-08-27 15:35:00-04:00,4661.89990234375,4661.89990234375,4661.89990234375,4661.2001953125,4661.2001953125,24
2026-08-27 15:36:00-04:00,4661.7998046875,4661.7998046875,4662.0,4661.5,4661.89990234375,21
2026-08-27 15:37:00-04:00,4662.0,4662.0,4662.10009765625,4661.2001953125,4661.5,21
2026-08-27 15:38:00-04:00,4661.7998046875,4661.7998046875,4662.0,4660.39990234375,4662.0,41
2026-08-27 15:39:00-04:00,4661.7001953125,4661.7001953125,4661.7998046875,4661.60009765625,4661.7001953125,4
2026-08-27 15:40:00-04:00,4661.60009765625,4661.60009765625,4662.39990234375,4661.5,4661.7001953125,25
2026-08-27 15:41:00-04:00,4663.5,4663.5,4664.2001953125,4661.60009765625,4661.7001953125,81
2026-08-27 15:42:00-04:00,4663.5,4663.5,4663.60009765625,4663.10009765625,4663.2001953125,35
2026-08-27 15:43:00-04:00,4662.39990234375,4662.39990234375,4663.5,4662.39990234375,4663.5,27
2026-08-27 15:44:00-04:00,4663.60009765625,4663.60009765625,4663.60009765625,4662.5,4662.5,12
2026-08-27 15:45:00-04:00,4663.60009765625,4663.60009765625,4663.89990234375,4662.2998046875,4663.7001953125,34
2026-08-27 15:46:00-04:00,4665.2998046875,4665.2998046875,4665.2998046875,4663.7001953125,4663.7001953125,32
2026-08-27 15:47:00-04:00,4665.39990234375,4665.39990234375,4666.39990234375,4665.2001953125,4665.5,116
2026-08-27 15:48:00-04:00,4664.60009765625,4664.60009765625,4665.60009765625,4664.60009765625,4665.39990234375,41
2026-08-27 15:49:00-04:00,4664.10009765625,4664.10009765625,4665.0,4664.10009765625,4664.7001953125,23
2026-08-27 15:50:00-04:00,4661.89990234375,4661.89990234375,4663.89990234375,4661.89990234375,4663.7998046875,62
2026-08-27 15:51:00-04:00,4661.2001953125,4661.2001953125,4662.39990234375,4661.10009765625,4661.89990234375,71
2026-08-27 15:52:00-04:00,4660.89990234375,4660.89990234375,4661.60009765625,4660.2998046875,4660.89990234375,66
2026-08-27 15:53:00-04:00,4660.7001953125,4660.7001953125,4661.2001953125,4660.5,4660.89990234375,27
2026-08-27 15:54:00-04:00,4661.60009765625,4661.60009765625,4662.10009765625,4660.7998046875,4661.0,28
2026-08-27 15:55:00-04:00,4659.7998046875,4659.7998046875,4661.7998046875,4658.7998046875,4661.7998046875,184
2026-08-27 15:56:00-04:00,4660.89990234375,4660.89990234375,4661.10009765625,4658.89990234375,4659.89990234375,49
2026-08-27 15:57:00-04:00,4662.10009765625,4662.10009765625,4662.2998046875,4660.7001953125,4661.10009765625,86
2026-08-27 15:58:00-04:00,4663.10009765625,4663.10009765625,4663.2998046875,4661.39990234375,4662.2998046875,81
2026-08-27 15:59:00-04:00,4662.7001953125,4662.7001953125,4663.39990234375,4662.10009765625,4663.0,104
2026-08-27 16:00:00-04:00,4660.7998046875,4660.7998046875,4663.60009765625,4660.7998046875,4662.7998046875,52
2026-08-27 16:01:00-04:00,4660.2998046875,4660.2998046875,4661.0,4660.2998046875,4660.5,21
2026-08-27 16:02:00-04:00,4659.2998046875,4659.2998046875,4660.0,4659.2998046875,4660.0,10
2026-08-27 16:03:00-04:00,4658.7998046875,4658.7998046875,4659.7001953125,4658.7001953125,4659.5,23
2026-08-27 16:04:00-04:00,4659.0,4659.0,4659.10009765625,4658.2998046875,4658.60009765625,48
2026-08-27 16:05:00-04:00,4658.39990234375,4658.39990234375,4658.7998046875,4657.7998046875,4658.7001953125,66
2026-08-27 16:06:00-04:00,4658.0,4658.0,4658.7998046875,4658.0,4658.2998046875,22
2026-08-27 16:07:00-04:00,4658.0,4658.0,4658.10009765625,4657.7998046875,4658.0,17
2026-08-27 16:08:00-04:00,4658.0,4658.0,4658.2998046875,4657.89990234375,4657.89990234375,14
2026-08-27 16:09:00-04:00,4657.7998046875,4657.7998046875,4658.0,4657.5,4657.89990234375,23
2026-08-27 16:10:00-04:00,4659.2998046875,4659.2998046875,4659.7998046875,4658.0,4658.0,35
2026-08-27 16:11:00-04:00,4658.60009765625,4658.60009765625,4659.89990234375,4658.39990234375,4659.89990234375,23
2026-08-27 16:12:00-04:00,4658.7001953125,4658.7001953125,4659.10009765625,4658.5,4658.60009765625,9
2026-08-27 16:13:00-04:00,4657.89990234375,4657.89990234375,4658.60009765625,4657.60009765625,4658.60009765625,27
2026-08-27 16:14:00-04:00,4658.7001953125,4658.7001953125,4658.89990234375,4657.5,4657.5,50
2026-08-27 16:15:00-04:00,4658.89990234375,4658.89990234375,4658.89990234375,4658.2001953125,4658.5,9
2026-08-27 16:16:00-04:00,4658.7998046875,4658.7998046875,4658.7998046875,4658.7998046875,4658.7998046875,3
2026-08-27 16:17:00-04:00,4658.7001953125,4658.7001953125,4658.7001953125,4658.7001953125,4658.7001953125,1
2026-08-27 16:18:00-04:00,4658.7998046875,4658.7998046875,4658.7998046875,4658.5,4658.5,16
2026-08-27 16:19:00-04:00,4658.7998046875,4658.7998046875,4658.89990234375,4658.7998046875,4658.89990234375,2
2026-08-27 16:20:00-04:00,4659.2001953125,4659.2001953125,4659.2001953125,4658.7998046875,4658.7998046875,4
2026-08-27 16:21:00-04:00,4658.7001953125,4658.7001953125,4659.0,4658.2998046875,4658.7001953125,14
2026-08-27 16:22:00-04:00,4659.0,4659.0,4659.2001953125,4659.0,4659.10009765625,5
2026-08-27 16:23:00-04:00,4658.2001953125,4658.2001953125,4659.2998046875,4658.2001953125,4659.10009765625,20
2026-08-27 16:24:00-04:00,4658.60009765625,4658.60009765625,4658.7001953125,4658.60009765625,4658.60009765625,0
