date,asset,actual_price,predicted_price,actual_return,predicted_return,actual_volatility,predicted_volatility,predicted_return_percent,trend,volatility_30,rmse,mae,mape,volatility_rmse,volatility_mae,volatility_mape
2026-08-27 03:58:00+00:00,bitcoin,78813.55035802722,78799.92010685708,0.00017160244,-1.2743621e-06,0.00025497563,0.00033846888,-0.00012743621,DOWN,0.0003294010094782174,50.39237109215593,35.644844775699696,0.04467381202547653,0.0003004230554797899,0.0002006920985877514,46.906944274902344
2026-08-27 03:59:00+00:00,bitcoin,78820.82823787071,78813.4529219307,9.228238e-05,-1.1537368e-06,0.0003301906,0.00033822318,-0.00011537368,DOWN,0.0003289528827646917,50.39237109215593,35.644844775699696,0.04467381202547653,0.0003004230554797899,0.0002006920985877514,46.906944274902344
2026-08-27 04:00:00+00:00,bitcoin,78833.8340134779,78820.77802971704,0.00016501654,-5.841712e-07,0.00036297677,0.00033684415,-5.8417118e-05,DOWN,0.0003228570600085602,50.39237109215593,35.644844775699696,0.04467381202547653,0.0003004230554797899,0.0002006920985877514,46.906944274902344
2026-08-27 04:01:00+00:00,bitcoin,78833.45691487659,78833.92210224643,-4.6577516e-06,1.137596e-06,0.00036230774,0.00033326718,0.0001137596,UP,0.00032242241107761,50.39237109215593,35.644844775699696,0.04467381202547653,0.0003004230554797899,0.0002006920985877514,46.906944274902344
2026-08-27 04:02:00+00:00,bitcoin,78823.29264679737,78833.80865169223,-0.00012893914,4.379741e-06,0.00036269595,0.0003267352,0.0004379741,UP,0.0003231946702059343,50.39237109215593,35.644844775699696,0.04467381202547653,0.0003004230554797899,0.0002006920985877514,46.906944274902344
2026-08-27 04:03:00+00:00,bitcoin,78866.27632521465,78823.96402431466,0.000545078,8.418019e-06,0.00013473022,0.00031874178,0.0008418019,UP,0.00033851941816718145,50.39237109215593,35.644844775699696,0.04467381202547653,0.0003004230554797899,0.0002006920985877514,46.906944274902344
2026-08-27 04:04:00+00:00,bitcoin,78840.42375912471,78867.18539196532,-0.00032784356,1.1494787e-05,0.0005891105,0.00031275474,0.0011494787,UP,0.000343588866669129,50.39237109215593,35.644844775699696,0.04467381202547653,0.0003004230554797899,0.0002006920985877514,46.906944274902344
2026-08-27 04:05:00+00:00,bitcoin,78813.17559253983,78841.33353053592,-0.00034569463,1.1419155e-05,0.0006165902,0.00031268672,0.0011419156,UP,0.0003493169341636782,50.39237109215593,35.644844775699696,0.04467381202547653,0.0003004230554797899,0.0002006920985877514,46.906944274902344
2026-08-27 04:06:00+00:00,bitcoin,78810.76199023891,78813.88591492921,-3.0630657e-05,9.064444e-06,0.000615862,0.00031705463,0.00090644445,UP,0.0003493031250596332,50.39237109215593,35.644844775699696,0.04467381202547653,0.0003004230554797899,0.0002006920985877514,46.906944274902344
2026-08-27 04:07:00+00:00,bitcoin,78800.00056675728,78811.37788081355,-0.00013651115,7.8305375e-06,0.0006082577,0.00031964036,0.00078305375,UP,0.0003439688311015706,50.39237109215593,35.644844775699696,0.04467381202547653,0.0003004230554797899,0.0002006920985877514,46.906944274902344
2026-08-27 04:08:00+00:00,bitcoin,78788.04652690887,78800.51665306091,-0.00015170092,6.5156855e-06,0.0005934589,0.00032227824,0.0006515685,UP,0.00033792691881471415,50.39237109215593,35.644844775699696,0.04467381202547653,0.0003004230554797899,0.0002006920985877514,46.906944274902344
2026-08-27 04:09:00+00:00,bitcoin,78876.84136809781,78788.38499661535,0.0011264002,4.202808e-06,0.00022595342,0.00032674422,0.00042028082,UP,0.00039755582574651534,50.39237109215593,35.644844775699696,0.04467381202547653,0.0003004230554797899,0.0002006920985877514,46.906944274902344
2026-08-27 04:10:00+00:00,bitcoin,78838.96435868181,78877.0130013451,-0.00048039333,2.1644569e-06,0.00020102464,0.000331154,0.00021644568,UP,0.0004078365710523226,50.39237109215593,35.644844775699696,0.04467381202547653,0.0003004230554797899,0.0002006920985877514,46.906944274902344
2026-08-27 04:11:00+00:00,bitcoin,78838.1620788956,78838.79646661086,-1.0206778e-05,-2.0221896e-06,0.00019112918,0.00033984563,-0.00020221896,DOWN,0.0004050486994990756,50.39237109215593,35.644844775699696,0.04467381202547653,0.0003004230554797899,0.0002006920985877514,46.906944274902344
2026-08-27 04:12:00+00:00,bitcoin,78836.61023942195,78837.6863379702,-1.9621086e-05,-5.9342647e-06,0.000355577,0.00034859328,-0.00059342646,DOWN,0.0003736160398650494,50.39237109215593,35.644844775699696,0.04467381202547653,0.0003004230554797899,0.0002006920985877514,46.906944274902344
2026-08-27 04:13:00+00:00,bitcoin,78843.43236379698,78835.99380231928,8.6508255e-05,-7.767062e-06,0.00038285757,0.00035284538,-0.0007767062,DOWN,0.0003721266380439537,50.39237109215593,35.644844775699696,0.04467381202547653,0.0003004230554797899,0.0002006920985877514,46.906944274902344
2026-08-27 04:14:00+00:00,bitcoin,78844.05001286976,78842.78116552252,7.827984e-06,-8.216989e-06,0.00039381188,0.0003539807,-0.0008216989,DOWN,0.00036219809305737934,50.39237109215593,35.644844775699696,0.04467381202547653,0.0003004230554797899,0.0002006920985877514,46.906944274902344
2026-08-27 04:15:00+00:00,bitcoin,78879.98843231797,78843.4077468887,0.00045580004,-8.072863e-06,0.00032046536,0.0003537443,-0.0008072863,DOWN,0.00035168460416384244,50.39237109215593,35.644844775699696,0.04467381202547653,0.0003004230554797899,0.0002006920985877514,46.906944274902344
2026-08-27 04:16:00+00:00,bitcoin,78887.96612469852,78879.47971158335,0.00010101862,-6.52324e-06,0.0003647373,0.00035056143,-0.000652324,DOWN,0.00035042648079175703,50.39237109215593,35.644844775699696,0.04467381202547653,0.0003004230554797899,0.0002006920985877514,46.906944274902344
2026-08-27 04:17:00+00:00,bitcoin,78845.99949625693,78887.78696021112,-0.000532047,-2.211692e-06,0.0003586411,0.00034156805,-0.00022116919,DOWN,0.000354629725697121,50.39237109215593,35.644844775699696,0.04467381202547653,0.0003004230554797899,0.0002006920985877514,46.906944274902344
2026-08-27 04:18:00+00:00,bitcoin,78872.42108273506,78845.95300412178,0.00033505124,-6.2035906e-07,0.0002967149,0.00033799294,-6.2035906e-05,DOWN,0.0003530096958615384,50.39237109215593,35.644844775699696,0.04467381202547653,0.0003004230554797899,0.0002006920985877514,46.906944274902344
2026-08-27 04:19:00+00:00,bitcoin,78862.00409848243,78872.51589825377,-0.00013204553,1.0890021e-06,0.00029979474,0.00033448063,0.00010890021,UP,0.0003540737393633463,50.39237109215593,35.644844775699696,0.04467381202547653,0.0003004230554797899,0.0002006920985877514,46.906944274902344
2026-08-27 04:20:00+00:00,bitcoin,78854.98990335083,78862.2052352624,-8.896473e-05,2.5002023e-06,0.00031151882,0.00033158693,0.00025002024,UP,0.000353764247183636,50.39237109215593,35.644844775699696,0.04467381202547653,0.0003004230554797899,0.0002006920985877514,46.906944274902344
2026-08-27 04:21:00+00:00,bitcoin,78812.04245623294,78855.2459941851,-0.00054485875,3.1692148e-06,0.00020022658,0.0003301506,0.00031692148,UP,0.00036810013287854465,50.39237109215593,35.644844775699696,0.04467381202547653,0.0003004230554797899,0.0002006920985877514,46.906944274902344
2026-08-27 04:22:00+00:00,bitcoin,78834.88801181316,78812.14240889903,0.00028980905,1.3601871e-06,0.00010498875,0.00033361983,0.0001360187,UP,0.00035230439708647807,50.39237109215593,35.644844775699696,0.04467381202547653,0.0003004230554797899,0.0002006920985877514,46.906944274902344
2026-08-27 04:23:00+00:00,bitcoin,78830.00532815699,78834.9485974526,-6.193912e-05,8.308266e-07,0.00011138147,0.00033478922,8.308266e-05,UP,0.0003516698206154395,50.39237109215593,35.644844775699696,0.04467381202547653,0.0003004230554797899,0.0002006920985877514,46.906944274902344
2026-08-27 04:24:00+00:00,bitcoin,78829.92952048779,78829.8919314146,-8.9195237e-07,-1.373206e-06,9.5583775e-05,0.00033912415,-0.0001373206,DOWN,0.00034099649215679973,50.39237109215593,35.644844775699696,0.04467381202547653,0.0003004230554797899,0.0002006920985877514,46.906944274902344
2026-08-27 04:25:00+00:00,bitcoin,78808.72477050545,78829.84981079074,-0.0002690092,-1.0852764e-06,0.0002370493,0.000338491,-0.00010852764,DOWN,0.00033681033795844925,50.39237109215593,35.644844775699696,0.04467381202547653,0.0003004230554797899,0.0002006920985877514,46.906944274902344
2026-08-27 04:26:00+00:00,bitcoin,78805.7155507966,78808.74535196461,-3.8166712e-05,1.4696798e-07,0.00026226084,0.0003357209,1.4696798e-05,UP,0.000335085592506447,50.39237109215593,35.644844775699696,0.04467381202547653,0.0003004230554797899,0.0002006920985877514,46.906944274902344
2026-08-27 04:27:00+00:00,bitcoin,78800.6880628597,78805.85966560617,-6.384576e-05,1.7313714e-06,0.0002719687,0.0003322726,0.00017313714,UP,0.0003352085688255209,50.39237109215593,35.644844775699696,0.04467381202547653,0.0003004230554797899,0.0002006920985877514,46.906944274902344
2026-08-27 04:28:00+00:00,bitcoin,78786.36669157818,78800.8941630274,-0.00018174479,2.6434036e-06,0.0002769255,0.00033026712,0.00026434037,UP,0.0003351904543033541,50.39237109215593,35.644844775699696,0.04467381202547653,0.0003004230554797899,0.0002006920985877514,46.906944274902344
2026-08-27 04:29:00+00:00,bitcoin,78771.5371139301,78786.69590984005,-0.00018822447,4.032941e-06,0.0002885472,0.0003272822,0.0004032941,UP,0.00033610802957398015,50.39237109215593,35.644844775699696,0.04467381202547653,0.0003004230554797899,0.0002006920985877514,46.906944274902344
2026-08-27 04:30:00+00:00,bitcoin,78722.24468680518,78771.90528416913,-0.0006260168,4.6042587e-06,0.00015603764,0.00032571072,0.00046042586,UP,0.00035168414147182156,50.39237109215593,35.644844775699696,0.04467381202547653,0.0003004230554797899,0.0002006920985877514,46.906944274902344
2026-08-27 04:31:00+00:00,bitcoin,78728.01360737626,78722.44864479639,7.3237425e-05,2.5817048e-06,0.0001327643,0.00032918164,0.00025817048,UP,0.0003522957679743237,50.39237109215593,35.644844775699696,0.04467381202547653,0.0003004230554797899,0.0002006920985877514,46.906944274902344
2026-08-27 04:32:00+00:00,bitcoin,78728.10166359879,78728.1392040383,1.1908078e-06,1.7024686e-06,0.00029491363,0.00033074242,0.00017024686,UP,0.00035202207486357434,50.39237109215593,35.644844775699696,0.04467381202547653,0.0003004230554797899,0.0002006920985877514,46.906944274902344
2026-08-27 04:33:00+00:00,bitcoin,78722.72858069604,78728.12033274211,-6.827528e-05,1.4674879e-07,0.0002947961,0.0003335511,1.4674879e-05,UP,0.000334208237265378,50.39237109215593,35.644844775699696,0.04467381202547653,0.0003004230554797899,0.0002006920985877514,46.906944274902344
2026-08-27 04:34:00+00:00,bitcoin,78696.03240827238,78722.69840905908,-0.0003392623,-3.4695404e-07,0.00030617186,0.00033439326,-3.4695404e-05,DOWN,0.00033452918505505236,50.39237109215593,35.644844775699696,0.04467381202547653,0.0003004230554797899,0.0002006920985877514,46.906944274902344
2026-08-27 04:35:00+00:00,bitcoin,78689.25483168242,78695.98591231182,-8.597532e-05,-5.2917676e-07,0.00032473338,0.0003346226,-5.2917676e-05,DOWN,0.0003302438506661955,50.39237109215593,35.644844775699696,0.04467381202547653,0.0003004230554797899,0.0002006920985877514,46.906944274902344
2026-08-27 04:36:00+00:00,bitcoin,78674.04265687801,78689.2578125,-0.00019332256,3.0269803e-08,0.00028171897,0.00033347067,3.0269803e-06,UP,0.0003312082565059724,50.39237109215593,35.644844775699696,0.04467381202547653,0.0003004230554797899,0.0002006920985877514,46.906944274902344
2026-08-27 04:37:00+00:00,bitcoin,78708.82301018387,78673.9108841801,0.0004419954,-1.6879139e-06,0.00023868785,0.00033672486,-0.00016879139,DOWN,0.0003431009298721531,50.39237109215593,35.644844775699696,0.04467381202547653,0.0003004230554797899,0.0002006920985877514,46.906944274902344
2026-08-27 04:38:00+00:00,bitcoin,78706.5668645408,78708.73429676518,-2.8785304e-05,-1.1514885e-06,0.00031069605,0.00033581234,-0.000115148854,DOWN,0.00034243629952795317,50.39237109215593,35.644844775699696,0.04467381202547653,0.0003004230554797899,0.0002006920985877514,46.906944274902344
2026-08-27 04:39:00+00:00,bitcoin,78741.94410886616,78706.50151340291,0.00044955174,-7.608105e-07,0.00030792854,0.00033501853,-7.608105e-05,DOWN,0.00027981830855981755,50.39237109215593,35.644844775699696,0.04467381202547653,0.0003004230554797899,0.0002006920985877514,46.906944274902344
2026-08-27 04:40:00+00:00,bitcoin,78727.54442953505,78742.10331335664,-0.00018297195,1.8557434e-06,0.00036646877,0.00032999605,0.00018557435,UP,0.0002693806695809344,50.39237109215593,35.644844775699696,0.04467381202547653,0.0003004230554797899,0.0002006920985877514,46.906944274902344
2026-08-27 04:41:00+00:00,bitcoin,78737.84228025936,78727.80965653807,0.0001307827,3.291435e-06,0.00036712116,0.00032716364,0.00032914348,UP,0.00027126999192896223,50.39237109215593,35.644844775699696,0.04467381202547653,0.0003004230554797899,0.0002006920985877514,46.906944274902344
2026-08-27 04:42:00+00:00,bitcoin,78753.14339033514,78738.20981501415,0.00019425714,4.53554e-06,0.00047672217,0.00032478265,0.000453554,UP,0.0002746789900091166,50.39237109215593,35.644844775699696,0.04467381202547653,0.0003004230554797899,0.0002006920985877514,46.906944274902344
2026-08-27 04:43:00+00:00,bitcoin,78802.49389794655,78753.60064219125,0.0006264652,5.7901407e-06,0.00027796088,0.0003224467,0.0005790141,UP,0.0002995173548313669,50.39237109215593,35.644844775699696,0.04467381202547653,0.0003004230554797899,0.0002006920985877514,46.906944274902344
2026-08-27 04:44:00+00:00,bitcoin,78798.70171289472,78803.09340280294,-4.808418e-05,7.601997e-06,0.00032225114,0.00031916425,0.0007601997,UP,0.00029952975955410655,50.39237109215593,35.644844775699696,0.04467381202547653,0.0003004230554797899,0.0002006920985877514,46.906944274902344
2026-08-27 04:45:00+00:00,bitcoin,78768.93500492536,78799.48278860562,-0.00037791312,9.900761e-06,0.00031170069,0.00031501325,0.0009900761,UP,0.0002925315397360827,50.39237109215593,35.644844775699696,0.04467381202547653,0.0003004230554797899,0.0002006920985877514,46.906944274902344
2026-08-27 04:46:00+00:00,bitcoin,78772.10350349359,78769.66210657544,4.016811e-05,9.258059e-06,0.00029018914,0.00031631195,0.00092580594,UP,0.0002916800083200897,50.39237109215593,35.644844775699696,0.04467381202547653,0.0003004230554797899,0.0002006920985877514,46.906944274902344
2026-08-27 04:47:00+00:00,bitcoin,78722.25438599847,78772.75107557327,-0.00063295924,8.323846e-06,0.00022604805,0.00031836808,0.00083238457,UP,0.00029795203535264495,50.39237109215593,35.644844775699696,0.04467381202547653,0.0003004230554797899,0.0002006920985877514,46.906944274902344
2026-08-27 04:48:00+00:00,bitcoin,78715.00053285062,78722.65353021026,-9.210019e-05,5.1060742e-06,0.00022877064,0.00032476065,0.00051060744,UP,0.0002888676418187989,50.39237109215593,35.644844775699696,0.04467381202547653,0.0003004230554797899,0.0002006920985877514,46.906944274902344
2026-08-27 04:49:00+00:00,bitcoin,78727.50828444958,78715.2439725399,0.00015888736,3.1507634e-06,0.00025516198,0.00032897544,0.00031507635,UP,0.00029146544185738865,50.39237109215593,35.644844775699696,0.04467381202547653,0.0003004230554797899,0.0002006920985877514,46.906944274902344
2026-08-27 04:50:00+00:00,bitcoin,78704.15780741721,78727.73305370659,-0.00029665648,2.7701085e-06,0.00019531489,0.00033007632,0.00027701084,UP,0.00029470184083088113,50.39237109215593,35.644844775699696,0.04467381202547653,0.0003004230554797899,0.0002006920985877514,46.906944274902344
2026-08-27 04:51:00+00:00,bitcoin,78689.30881318264,78704.42833572999,-0.00018861966,3.5066396e-06,0.00017245786,0.00032892087,0.00035066396,UP,0.0002815403479244356,50.39237109215593,35.644844775699696,0.04467381202547653,0.0003004230554797899,0.0002006920985877514,46.906944274902344
2026-08-27 04:52:00+00:00,bitcoin,78707.60446922481,78689.62205640227,0.00023239416,3.976837e-06,0.00017472869,0.00032794394,0.0003976837,UP,0.00027932295047815883,50.39237109215593,35.644844775699696,0.04467381202547653,0.0003004230554797899,0.0002006920985877514,46.906944274902344
2026-08-27 04:53:00+00:00,bitcoin,78713.9724003626,78707.97686959058,8.089346e-05,4.834117e-06,0.00021587744,0.00032622053,0.0004834117,UP,0.0002803951173188432,50.39237109215593,35.644844775699696,0.04467381202547653,0.0003004230554797899,0.0002006920985877514,46.906944274902344
2026-08-27 04:54:00+00:00,bitcoin,78736.04797559604,78714.35347088799,0.00028044617,4.868102e-06,0.00021913025,0.0003260019,0.00048681023,UP,0.00028669716472099166,50.39237109215593,35.644844775699696,0.04467381202547653,0.0003004230554797899,0.0002006920985877514,46.906944274902344
2026-08-27 04:55:00+00:00,bitcoin,78731.93577712402,78736.58188088797,-5.219315e-05,6.6591683e-06,0.00024284488,0.00032249436,0.0006659168,UP,0.0002834320535494816,50.39237109215593,35.644844775699696,0.04467381202547653,0.0003004230554797899,0.0002006920985877514,46.906944274902344
2026-08-27 04:56:00+00:00,bitcoin,78722.84287459403,78732.58510490507,-0.000115509356,8.25289e-06,0.00022476407,0.000319251,0.00082528905,UP,0.0002838371916824032,50.39237109215593,35.644844775699696,0.04467381202547653,0.0003004230554797899,0.0002006920985877514,46.906944274902344
2026-08-27 04:57:00+00:00,bitcoin,78741.95996483788,78723.54758707061,0.0002428122,8.897529e-06,0.00022064768,0.00031779567,0.00088975293,UP,0.00028825230505633557,50.39237109215593,35.644844775699696,0.04467381202547653,0.0003004230554797899,0.0002006920985877514,46.906944274902344
2026-08-27 04:58:00+00:00,bitcoin,78771.29460381623,78742.64617194515,0.00037248852,8.695176e-06,9.4723786e-05,0.00031794907,0.00086951756,UP,0.0002955199859995969,50.39237109215593,35.644844775699696,0.04467381202547653,0.0003004230554797899,0.0002006920985877514,46.906944274902344
2026-08-27 04:59:00+00:00,bitcoin,78765.27301657852,78772.07626743801,-7.6470336e-05,9.815162e-06,0.00041246339,0.00031577726,0.0009815162,UP,0.0002938481138385942,50.39237109215593,35.644844775699696,0.04467381202547653,0.0003004230554797899,0.0002006920985877514,46.906944274902344
2026-08-27 05:00:00+00:00,bitcoin,78751.36751056183,78766.1936136242,-0.00017656865,1.1678548e-05,0.00041719966,0.00031220136,0.0011678548,UP,0.00027159749663651706,50.39237109215593,35.644844775699696,0.04467381202547653,0.0003004230554797899,0.0002006920985877514,46.906944274902344
2026-08-27 05:01:00+00:00,bitcoin,78757.41299157962,78752.38108010963,7.6682234e-05,1.2870774e-05,0.0003839432,0.00030983085,0.0012870774,UP,0.0002716248497444578,50.39237109215593,35.644844775699696,0.04467381202547653,0.0003004230554797899,0.0002006920985877514,46.906944274902344
2026-08-27 05:02:00+00:00,bitcoin,78747.99885832518,78758.63615849242,-0.00011944034,1.5584177e-05,0.0004453638,0.00030491163,0.0015584177,UP,0.00027268843644257743,50.39237109215593,35.644844775699696,0.04467381202547653,0.0003004230554797899,0.0002006920985877514,46.906944274902344
2026-08-27 05:03:00+00:00,bitcoin,78740.03001832962,78749.3705739975,-0.00010119817,1.7438531e-05,0.0005141075,0.00030145762,0.0017438531,UP,0.00027307383296594837,50.39237109215593,35.644844775699696,0.04467381202547653,0.0003004230554797899,0.0002006920985877514,46.906944274902344
2026-08-27 05:04:00+00:00,bitcoin,78663.07098243013,78741.42045839131,-0.000977784,1.7575372e-05,0.00021037245,0.00030107578,0.0017575372,UP,0.00032154806053954186,50.39237109215593,35.644844775699696,0.04467381202547653,0.0003004230554797899,0.0002006920985877514,46.906944274902344
2026-08-27 05:05:00+00:00,bitcoin,78654.74164337479,78664.02523933537,-0.00010597575,1.2060036e-05,0.00024200819,0.00031095484,0.0012060036,UP,0.00032172329414053603,50.39237109215593,35.644844775699696,0.04467381202547653,0.0003004230554797899,0.0002006920985877514,46.906944274902344
2026-08-27 05:06:00+00:00,bitcoin,78642.49664052762,78655.32352280803,-0.00015575609,7.3240626e-06,0.00024273004,0.00032012785,0.0007324063,UP,0.00032107620949414496,50.39237109215593,35.644844775699696,0.04467381202547653,0.0003004230554797899,0.0002006920985877514,46.906944274902344
2026-08-27 05:07:00+00:00,bitcoin,78659.30141121056,78642.76406005304,0.00021366175,3.454947e-06,0.00023511465,0.00032774915,0.00034549471,UP,0.00031249816941099503,50.39237109215593,35.644844775699696,0.04467381202547653,0.0003004230554797899,0.0002006920985877514,46.906944274902344
2026-08-27 05:08:00+00:00,bitcoin,78685.92732466757,78659.42815186456,0.00033842784,1.6853633e-06,0.00022605776,0.00033138398,0.00016853632,UP,0.00031930007331942395,50.39237109215593,35.644844775699696,0.04467381202547653,0.0003004230554797899,0.0002006920985877514,46.906944274902344
2026-08-27 05:09:00+00:00,bitcoin,78695.96795443632,78686.0062958356,0.00012767511,1.0608037e-06,0.00019938056,0.0003327162,0.00010608037,UP,0.00030859444684308747,50.39237109215593,35.644844775699696,0.04467381202547653,0.0003004230554797899,0.0002006920985877514,46.906944274902344
2026-08-27 05:10:00+00:00,bitcoin,78678.15367929265,78696.09070677683,-0.0002263714,1.5069436e-06,0.0002132436,0.000331947,0.00015069437,UP,0.00030948771375391497,50.39237109215593,35.644844775699696,0.04467381202547653,0.0003004230554797899,0.0002006920985877514,46.906944274902344
2026-08-27 05:11:00+00:00,bitcoin,78665.64444107562,78678.29693750665,-0.00015898704,1.8090818e-06,0.00021864013,0.00033138302,0.00018090819,UP,0.0003091126553433831,50.39237109215593,35.644844775699696,0.04467381202547653,0.0003004230554797899,0.0002006920985877514,46.906944274902344
2026-08-27 05:12:00+00:00,bitcoin,78678.14887969103,78665.9203901058,0.00015888772,3.5059184e-06,0.00020926372,0.0003279774,0.00035059184,UP,0.0003082918853552991,50.39237109215593,35.644844775699696,0.04467381202547653,0.0003004230554797899,0.0002006920985877514,46.906944274902344
2026-08-27 05:13:00+00:00,bitcoin,78650.0015597986,78678.53298331331,-0.0003578309,4.8588904e-06,0.00017618561,0.00032514648,0.00048588903,UP,0.0002874878824238712,50.39237109215593,35.644844775699696,0.04467381202547653,0.0003004230554797899,0.0002006920985877514,46.906944274902344
2026-08-27 05:14:00+00:00,bitcoin,78627.9059022665,78650.43128728867,-0.00028095173,5.4134466e-06,0.00013441847,0.00032386463,0.00054134463,UP,0.00029015902880592256,50.39237109215593,35.644844775699696,0.04467381202547653,0.0003004230554797899,0.0002006920985877514,46.906944274902344
2026-08-27 05:15:00+00:00,bitcoin,78629.64028771594,78628.34678931162,2.2057764e-05,5.6647605e-06,0.0001577167,0.00032323273,0.000566476,UP,0.0002847734090889268,50.39237109215593,35.644844775699696,0.04467381202547653,0.0003004230554797899,0.0002006920985877514,46.906944274902344
2026-08-27 05:16:00+00:00,bitcoin,78611.46094751451,78630.15616109781,-0.0002312333,6.6108337e-06,6.9943395e-05,0.0003213088,0.0006610834,UP,0.00028582433411998565,50.39237109215593,35.644844775699696,0.04467381202547653,0.0003004230554797899,0.0002006920985877514,46.906944274902344
2026-08-27 05:17:00+00:00,bitcoin,78621.74116190057,78612.07006656658,0.00013077709,7.665442e-06,9.671334e-05,0.00031914355,0.00076654425,UP,0.0002671885890897104,50.39237109215593,35.644844775699696,0.04467381202547653,0.0003004230554797899,0.0002006920985877514,46.906944274902344
2026-08-27 05:18:00+00:00,bitcoin,78621.7421875,78622.48261042032,-9.094947e-13,9.3111885e-06,0.000101816535,0.00031594356,0.00093111885,UP,0.0002671287599211363,50.39237109215593,35.644844775699696,0.04467381202547653,0.0003004230554797899,0.0002006920985877514,46.906944274902344
2026-08-27 05:19:00+00:00,bitcoin,78624.81634848565,78622.698176587,3.9050938e-05,1.2149427e-05,0.00031852146,0.00031063828,0.0012149427,UP,0.0002649469240272067,50.39237109215593,35.644844775699696,0.04467381202547653,0.0003004230554797899,0.0002006920985877514,46.906944274902344
2026-08-27 05:20:00+00:00,bitcoin,78638.41244446486,78625.97472819686,0.00017287895,1.4822564e-05,0.00031708213,0.00030563015,0.0014822563,UP,0.00026334048896751045,50.39237109215593,35.644844775699696,0.04467381202547653,0.0003004230554797899,0.0002006920985877514,46.906944274902344
2026-08-27 05:21:00+00:00,bitcoin,78643.35594826937,78639.77491656691,6.2884756e-05,1.7364928e-05,0.0003353689,0.00030101722,0.0017364927,UP,0.000262045612926876,50.39237109215593,35.644844775699696,0.04467381202547653,0.0003004230554797899,0.0002006920985877514,46.906944274902344
2026-08-27 05:22:00+00:00,bitcoin,78661.47347242478,78644.84219037276,0.00023044428,1.8938379e-05,0.0004160327,0.00029805352,0.0018938379,UP,0.00026198120766010726,50.39237109215593,35.644844775699696,0.04467381202547653,0.0003004230554797899,0.0002006920985877514,46.906944274902344
2026-08-27 05:23:00+00:00,bitcoin,78660.00903402781,78662.9862882765,-1.8671959e-05,1.9172374e-05,0.00058126403,0.00029749013,0.0019172374,UP,0.0002612951714150093,50.39237109215593,35.644844775699696,0.04467381202547653,0.0003004230554797899,0.0002006920985877514,46.906944274902344
2026-08-27 05:24:00+00:00,bitcoin,78722.22423170041,78661.51751008723,0.0007906706,1.9135401e-05,0.00037456388,0.00029744356,0.0019135401,UP,0.0002960417137911731,50.39237109215593,35.644844775699696,0.04467381202547653,0.0003004230554797899,0.0002006920985877514,46.906944274902344
2026-08-27 05:25:00+00:00,bitcoin,78738.12377116643,78723.76560749486,0.00020183653,1.946752e-05,0.00035797132,0.00029711332,0.001946752,UP,0.00029829415121001147,50.39237109215593,35.644844775699696,0.04467381202547653,0.0003004230554797899,0.0002006920985877514,46.906944274902344
2026-08-27 05:26:00+00:00,bitcoin,78734.96338565648,78739.71286105178,-4.0086215e-05,2.0190568e-05,0.00034998968,0.00029603683,0.0020190568,UP,0.00029758093017291925,50.39237109215593,35.644844775699696,0.04467381202547653,0.0003004230554797899,0.0002006920985877514,46.906944274902344
2026-08-27 05:27:00+00:00,bitcoin,78710.00372634735,78736.51900333352,-0.0003170751,1.9739306e-05,0.0003731401,0.00029691783,0.0019739305,UP,0.0002997099034887236,50.39237109215593,35.644844775699696,0.04467381202547653,0.0003004230554797899,0.0002006920985877514,46.906944274902344
2026-08-27 05:28:00+00:00,bitcoin,78649.73322749138,78711.41682744026,-0.0007660593,1.79821e-05,0.00018175079,0.0003002079,0.00179821,UP,0.00032048725538885194,50.39237109215593,35.644844775699696,0.04467381202547653,0.0003004230554797899,0.0002006920985877514,46.906944274902344
2026-08-27 05:29:00+00:00,bitcoin,78649.99846006278,78650.7016434148,3.3773103e-06,1.23293e-05,0.00018103806,0.0003107094,0.00123293,UP,0.00032060370407913184,50.39237109215593,35.644844775699696,0.04467381202547653,0.0003004230554797899,0.0002006920985877514,46.906944274902344
2026-08-27 05:30:00+00:00,bitcoin,78660.53059759364,78650.5641118912,0.00013399056,7.278483e-06,0.00014184022,0.00032072616,0.00072784827,UP,0.0003213483337673566,50.39237109215593,35.644844775699696,0.04467381202547653,0.0003004230554797899,0.0002006920985877514,46.906944274902344
2026-08-27 05:31:00+00:00,bitcoin,78633.96133335866,78660.90633264184,-0.00033794096,4.7177514e-06,0.00012753409,0.0003261891,0.00047177513,UP,0.00032511951868877646,50.39237109215593,35.644844775699696,0.04467381202547653,0.0003004230554797899,0.0002006920985877514,46.906944274902344
2026-08-27 05:32:00+00:00,bitcoin,78638.46196978725,78634.25308972597,5.7324898e-05,3.8016792e-06,0.0002503606,0.0003281745,0.0003801679,UP,0.00032546128468231427,50.39237109215593,35.644844775699696,0.04467381202547653,0.0003004230554797899,0.0002006920985877514,46.906944274902344
2026-08-27 05:33:00+00:00,bitcoin,78631.90352017572,78638.80779159721,-8.3355655e-05,4.369599e-06,0.00028657814,0.00032715642,0.0004369599,UP,0.0003253738999851895,50.39237109215593,35.644844775699696,0.04467381202547653,0.0003004230554797899,0.0002006920985877514,46.906944274902344
2026-08-27 05:34:00+00:00,bitcoin,78623.52620361,78632.30931710824,-0.00010661397,5.0880676e-06,0.00032956142,0.00032572157,0.0005088068,UP,0.00027422725981509076,50.39237109215593,35.644844775699696,0.04467381202547653,0.0003004230554797899,0.0002006920985877514,46.906944274902344
2026-08-27 05:35:00+00:00,bitcoin,78613.7758769542,78624.02018818166,-0.00012401638,6.199535e-06,0.00032233604,0.0003234754,0.0006199535,UP,0.000274449368254001,50.39237109215593,35.644844775699696,0.04467381202547653,0.0003004230554797899,0.0002006920985877514,46.906944274902344
2026-08-27 05:36:00+00:00,bitcoin,78627.27775758784,78614.47629940603,0.00017181024,8.809858e-06,0.00032235723,0.00031829672,0.00088098575,UP,0.0002752676350311395,50.39237109215593,35.644844775699696,0.04467381202547653,0.0003004230554797899,0.0002006920985877514,46.906944274902344
2026-08-27 05:37:00+00:00,bitcoin,78663.06775472313,78628.17169472203,0.00045507005,1.1345743e-05,0.0004379171,0.00031322008,0.0011345743,UP,0.00028527484440326684,50.39237109215593,35.644844775699696,0.04467381202547653,0.0003004230554797899,0.0002006920985877514,46.906944274902344
2026-08-27 05:38:00+00:00,bitcoin,78699.28571051918,78664.12995516602,0.00046032295,1.3437979e-05,0.00043052938,0.00030914904,0.0013437979,UP,0.0002910502808989888,50.39237109215593,35.644844775699696,0.04467381202547653,0.0003004230554797899,0.0002006920985877514,46.906944274902344
2026-08-27 05:39:00+00:00,bitcoin,78678.64935255796,78700.40548317414,-0.00026230645,1.4131353e-05,0.0004083092,0.00030762973,0.0014131353,UP,0.00029410650470310513,50.39237109215593,35.644844775699696,0.04467381202547653,0.0003004230554797899,0.0002006920985877514,46.906944274902344
2026-08-27 05:40:00+00:00,bitcoin,78717.89111817628,78679.642635433,0.000498641,1.26808045e-05,0.00033328592,0.00031005844,0.0012680804,UP,0.00030507481521651226,50.39237109215593,35.644844775699696,0.04467381202547653,0.0003004230554797899,0.0002006920985877514,46.906944274902344
2026-08-27 05:41:00+00:00,bitcoin,78749.72082674503,78718.84778318927,0.000404349,1.2129984e-05,0.00042692403,0.00031113936,0.0012129984,UP,0.00031115714223144966,50.39237109215593,35.644844775699696,0.04467381202547653,0.0003004230554797899,0.0002006920985877514,46.906944274902344
2026-08-27 05:42:00+00:00,bitcoin,78717.32491955394,78750.77798478305,-0.0004114948,1.3243062e-05,0.0003490597,0.00030923664,0.0013243062,UP,0.00032064485112005684,50.39237109215593,35.644844775699696,0.04467381202547653,0.0003004230554797899,0.0002006920985877514,46.906944274902344
2026-08-27 05:43:00+00:00,bitcoin,78693.41810893267,78718.41665006429,-0.00030374355,1.3850511e-05,0.00025007737,0.00030819824,0.0013850511,UP,0.00031861327009845655,50.39237109215593,35.644844775699696,0.04467381202547653,0.0003004230554797899,0.0002006920985877514,46.906944274902344
2026-08-27 05:44:00+00:00,bitcoin,78701.00171242654,78694.40687862597,9.629471e-05,1.2527434e-05,0.00024210165,0.00031069192,0.0012527434,UP,0.000313798749863461,50.39237109215593,35.644844775699696,0.04467381202547653,0.0003004230554797899,0.0002006920985877514,46.906944274902344
2026-08-27 05:45:00+00:00,bitcoin,78709.67824852467,78701.87251579762,0.00011018154,1.0985506e-05,0.00026212883,0.00031376778,0.0010985506,UP,0.0003141242973753623,50.39237109215593,35.644844775699696,0.04467381202547653,0.0003004230554797899,0.0002006920985877514,46.906944274902344
2026-08-27 05:46:00+00:00,bitcoin,78762.57280087844,78710.52572108991,0.0006718446,1.0875039e-05,0.000164139,0.00031425714,0.001087504,UP,0.00033068504527016023,50.39237109215593,35.644844775699696,0.04467381202547653,0.0003004230554797899,0.0002006920985877514,46.906944274902344
2026-08-27 05:47:00+00:00,bitcoin,78780.02489116322,78763.41534320451,0.00022156705,1.0674928e-05,0.00026431552,0.00031494236,0.0010674928,UP,0.0003317307283571059,50.39237109215593,35.644844775699696,0.04467381202547653,0.0003004230554797899,0.0002006920985877514,46.906944274902344
2026-08-27 05:48:00+00:00,bitcoin,78786.24987644423,78780.86865545623,7.903421e-05,1.0595307e-05,0.0005644738,0.00031534754,0.0010595307,UP,0.0003314932629334455,50.39237109215593,35.644844775699696,0.04467381202547653,0.0003004230554797899,0.0002006920985877514,46.906944274902344
2026-08-27 05:49:00+00:00,bitcoin,78815.75983017683,78787.05771654844,0.00037445987,1.0167472e-05,0.0005518839,0.00031629717,0.0010167472,UP,0.0003360499039335407,50.39237109215593,35.644844775699696,0.04467381202547653,0.0003004230554797899,0.0002006920985877514,46.906944274902344
2026-08-27 05:50:00+00:00,bitcoin,78817.14835693315,78816.5658315625,1.764384e-05,1.0135048e-05,0.00059161277,0.00031608882,0.0010135048,UP,0.000335779858853581,50.39237109215593,35.644844775699696,0.04467381202547653,0.0003004230554797899,0.0002006920985877514,46.906944274902344
2026-08-27 05:51:00+00:00,bitcoin,78846.53830055147,78817.95647081919,0.00037272775,1.0133808e-05,0.0005464351,0.00031571373,0.0010133808,UP,0.0003401102033412389,50.39237109215593,35.644844775699696,0.04467381202547653,0.0003004230554797899,0.0002006920985877514,46.906944274902344
2026-08-27 05:52:00+00:00,bitcoin,78899.71214411408,78847.28318911791,0.0006743425,9.573275e-06,0.00042417916,0.00031647278,0.0009573275,UP,0.00035590983580151503,50.39237109215593,35.644844775699696,0.04467381202547653,0.0003004230554797899,0.0002006920985877514,46.906944274902344
2026-08-27 05:53:00+00:00,bitcoin,78837.392677987,78900.33951824158,-0.00079027854,7.912569e-06,0.00038985294,0.00031951143,0.00079125696,UP,0.0003909737010208361,50.39237109215593,35.644844775699696,0.04467381202547653,0.0003004230554797899,0.0002006920985877514,46.906944274902344
2026-08-27 05:54:00+00:00,bitcoin,78830.77432787418,78837.49400464259,-8.393816e-05,1.3035142e-06,0.00037943464,0.00033308196,0.00013035141,UP,0.00036767423030336624,50.39237109215593,35.644844775699696,0.04467381202547653,0.0003004230554797899,0.0002006920985877514,46.906944274902344
2026-08-27 05:55:00+00:00,bitcoin,78796.55764793325,78830.33646023693,-0.00043407365,-5.534832e-06,0.0003759039,0.0003478665,-0.0005534832,DOWN,0.000376597943882902,50.39237109215593,35.644844775699696,0.04467381202547653,0.0003004230554797899,0.0002006920985877514,46.906944274902344
2026-08-27 05:56:00+00:00,bitcoin,78796.5625,78795.56681208313,-9.094947e-13,-1.2665642e-05,0.00037566517,0.000363714,-0.0012665642,DOWN,0.0003764308571657858,50.39237109215593,35.644844775699696,0.04467381202547653,0.0003004230554797899,0.0002006920985877514,46.906944274902344
2026-08-27 05:57:00+00:00,bitcoin,78821.219865866,78795.25683376938,0.0003128613,-1.655881e-05,0.00038116716,0.00037248322,-0.001655881,DOWN,0.0003741913296546045,50.39237109215593,35.644844775699696,0.04467381202547653,0.0003004230554797899,0.0002006920985877514,46.906944274902344
2026-08-27 05:58:00+00:00,bitcoin,78867.43876350299,78819.8422035519,0.0005862026,-1.7474544e-05,0.00020981928,0.00037409802,-0.0017474544,DOWN,0.0003537766997360137,50.39237109215593,35.644844775699696,0.04467381202547653,0.0003004230554797899,0.0002006920985877514,46.906944274902344
2026-08-27 05:59:00+00:00,bitcoin,78876.5289740637,78866.10715503618,0.0001152976,-1.6876002e-05,0.00015615852,0.000372237,-0.0016876002,DOWN,0.00035339758345733196,50.39237109215593,35.644844775699696,0.04467381202547653,0.0003004230554797899,0.0002006920985877514,46.906944274902344
2026-08-27 06:00:00+00:00,bitcoin,78843.07133192383,78875.23836290278,-0.00042430917,-1.6374343e-05,0.00022476773,0.00037118132,-0.0016374342,DOWN,0.0003658025688606984,50.39237109215593,35.644844775699696,0.04467381202547653,0.0003004230554797899,0.0002006920985877514,46.906944274902344
2026-08-27 06:01:00+00:00,bitcoin,78843.31468198635,78841.79677152308,3.0717615e-06,-1.6208738e-05,0.00027322173,0.00037070794,-0.0016208738,DOWN,0.0003576633933273448,50.39237109215593,35.644844775699696,0.04467381202547653,0.0003004230554797899,0.0002006920985877514,46.906944274902344
2026-08-27 06:02:00+00:00,bitcoin,78826.56373991072,78842.05305339396,-0.00021237014,-1.590632e-05,0.00032248916,0.00036980188,-0.001590632,DOWN,0.00036184342318865224,50.39237109215593,35.644844775699696,0.04467381202547653,0.0003004230554797899,0.0002006920985877514,46.906944274902344
2026-08-27 06:03:00+00:00,bitcoin,78810.23857078515,78825.34402234247,-0.00020716133,-1.5492122e-05,0.00032398143,0.00036855505,-0.0015492121,DOWN,0.000364463295386479,50.39237109215593,35.644844775699696,0.04467381202547653,0.0003004230554797899,0.0002006920985877514,46.906944274902344
2026-08-27 06:04:00+00:00,bitcoin,78786.74081267929,78809.00675644306,-0.00029822905,-1.56739e-05,0.00028822047,0.0003686835,-0.00156739,DOWN,0.0003694103265914818,50.39237109215593,35.644844775699696,0.04467381202547653,0.0003004230554797899,0.0002006920985877514,46.906944274902344
2026-08-27 06:05:00+00:00,bitcoin,78807.10428536683,78785.50242877379,0.0002583778,-1.5781363e-05,0.0002685086,0.00036863587,-0.0015781363,DOWN,0.00036911151081121704,50.39237109215593,35.644844775699696,0.04467381202547653,0.0003004230554797899,0.0002006920985877514,46.906944274902344
2026-08-27 06:06:00+00:00,bitcoin,78826.96161707677,78806.00240148511,0.00025196807,-1.3960341e-05,0.0002456599,0.00036409366,-0.001396034,DOWN,0.0003700737247726338,50.39237109215593,35.644844775699696,0.04467381202547653,0.0003004230554797899,0.0002006920985877514,46.906944274902344
2026-08-27 06:07:00+00:00,bitcoin,78792.49308625236,78826.0071515399,-0.0004373667,-1.2085738e-05,0.00020972185,0.0003595186,-0.0012085738,DOWN,0.00037509469577505766,50.39237109215593,35.644844775699696,0.04467381202547653,0.0003004230554797899,0.0002006920985877514,46.906944274902344
2026-08-27 06:08:00+00:00,bitcoin,78801.14295355137,78791.74076373875,0.000109756176,-9.562157e-06,0.00039296417,0.00035368546,-0.0009562157,DOWN,0.00036740557468221903,50.39237109215593,35.644844775699696,0.04467381202547653,0.0003004230554797899,0.0002006920985877514,46.906944274902344
2026-08-27 06:09:00+00:00,bitcoin,78797.34082157817,78800.65684285853,-4.818416e-05,-6.185088e-06,0.00044469323,0.00034621696,-0.0006185088,DOWN,0.00036332460026774864,50.39237109215593,35.644844775699696,0.04467381202547653,0.0003004230554797899,0.0002006920985877514,46.906944274902344
2026-08-27 06:10:00+00:00,bitcoin,78781.52060919441,78797.16997255571,-0.00020079233,-2.2086551e-06,0.00044464724,0.00033773662,-0.0002208655,DOWN,0.00035592338480027065,50.39237109215593,35.644844775699696,0.04467381202547653,0.0003004230554797899,0.0002006920985877514,46.906944274902344
2026-08-27 06:11:00+00:00,bitcoin,78745.4976840131,78781.58917792607,-0.00045746122,8.333054e-07,0.0005496132,0.00033141812,8.333054e-05,UP,0.00035917276188020394,50.39237109215593,35.644844775699696,0.04467381202547653,0.0003004230554797899,0.0002006920985877514,46.906944274902344
2026-08-27 06:12:00+00:00,bitcoin,78736.51333626779,78745.58605944179,-0.00011410035,1.2001683e-06,0.00068933796,0.00033072254,0.00012001683,UP,0.0003514986811343488,50.39237109215593,35.644844775699696,0.04467381202547653,0.0003004230554797899,0.0002006920985877514,46.906944274902344
2026-08-27 06:13:00+00:00,bitcoin,78656.84778525773,78736.5078125,-0.0010121933,8.179359e-08,0.00047359275,0.0003331566,8.179359e-06,UP,0.0003943187285136349,50.39237109215593,35.644844775699696,0.04467381202547653,0.0003004230554797899,0.0002006920985877514,46.906944274902344
2026-08-27 06:14:00+00:00,bitcoin,78669.93195771333,78656.54213379603,0.00016625426,-3.929791e-06,0.0004729115,0.00034160973,-0.0003929791,DOWN,0.00039520821868453665,50.39237109215593,35.644844775699696,0.04467381202547653,0.0003004230554797899,0.0002006920985877514,46.906944274902344
2026-08-27 06:15:00+00:00,bitcoin,78630.03019334609,78669.45608908543,-0.0005072912,-6.0264047e-06,0.00035881158,0.00034640325,-0.00060264044,DOWN,0.0004045306730542111,50.39237109215593,35.644844775699696,0.04467381202547653,0.0003004230554797899,0.0002006920985877514,46.906944274902344
2026-08-27 06:16:00+00:00,bitcoin,78658.43274339288,78629.4782176204,0.0003611994,-7.0990027e-06,0.00048627047,0.0003481139,-0.0007099003,DOWN,0.00038953526333924623,50.39237109215593,35.644844775699696,0.04467381202547653,0.0003004230554797899,0.0002006920985877514,46.906944274902344
2026-08-27 06:17:00+00:00,bitcoin,78712.88867313415,78657.99210121855,0.0006919344,-5.7045863e-06,0.0005661594,0.00034489698,-0.00057045865,DOWN,0.00040956027916283326,50.39237109215593,35.644844775699696,0.04467381202547653,0.0003004230554797899,0.0002006920985877514,46.906944274902344
2026-08-27 06:18:00+00:00,bitcoin,78695.19997076271,78712.57785502775,-0.00022463508,-3.846164e-06,0.00054860883,0.0003410918,-0.0003846164,DOWN,0.00041056597430393717,50.39237109215593,35.644844775699696,0.04467381202547653,0.0003004230554797899,0.0002006920985877514,46.906944274902344
2026-08-27 06:19:00+00:00,bitcoin,78706.60128209554,78694.98735741712,0.00014483236,-2.753255e-06,0.00066893635,0.00033900436,-0.0002753255,DOWN,0.0004046986328641038,50.39237109215593,35.644844775699696,0.04467381202547653,0.0003004230554797899,0.0002006920985877514,46.906944274902344
2026-08-27 06:20:00+00:00,bitcoin,78702.2855857946,78706.38576366473,-5.4892873e-05,-2.7865526e-06,0.0006687801,0.0003392131,-0.00027865526,DOWN,0.00040452120174914254,50.39237109215593,35.644844775699696,0.04467381202547653,0.0003004230554797899,0.0002006920985877514,46.906944274902344
2026-08-27 06:21:00+00:00,bitcoin,78773.6223052293,78702.11706424691,0.0009059919,-2.066744e-06,0.000382931,0.00033784212,-0.00020667439,DOWN,0.00043431983713389027,50.39237109215593,35.644844775699696,0.04467381202547653,0.0003004230554797899,0.0002006920985877514,46.906944274902344
2026-08-27 06:22:00+00:00,bitcoin,78724.3637687983,78773.54675839795,-0.0006254049,-8.988618e-07,0.00034720544,0.00033582788,-8.9886176e-05,DOWN,0.0004262901218909895,50.39237109215593,35.644844775699696,0.04467381202547653,0.0003004230554797899,0.0002006920985877514,46.906944274902344
2026-08-27 06:23:00+00:00,bitcoin,78727.47351521719,78724.20295567205,3.9396968e-05,-2.0550697e-06,0.0003557751,0.00033822044,-0.00020550696,DOWN,0.0004046036963415018,50.39237109215593,35.644844775699696,0.04467381202547653,0.0003004230554797899,0.0002006920985877514,46.906944274902344
2026-08-27 06:24:00+00:00,bitcoin,78665.04411907308,78727.22473881394,-0.00079320004,-3.127865e-06,0.00035472584,0.00034058848,-0.0003127865,DOWN,0.00042695627807089496,50.39237109215593,35.644844775699696,0.04467381202547653,0.0003004230554797899,0.0002006920985877514,46.906944274902344
2026-08-27 06:25:00+00:00,bitcoin,78660.02985667251,78664.5733059803,-6.376129e-05,-6.034348e-06,0.00079809333,0.00034666318,-0.0006034348,DOWN,0.0004213889955047609,50.39237109215593,35.644844775699696,0.04467381202547653,0.0003004230554797899,0.0002006920985877514,46.906944274902344
2026-08-27 06:26:00+00:00,bitcoin,78656.71178971976,78659.40299056843,-4.2211814e-05,-8.016686e-06,0.0008564435,0.00035146644,-0.00080166856,DOWN,0.0004212600747914207,50.39237109215593,35.644844775699696,0.04467381202547653,0.0003004230554797899,0.0002006920985877514,46.906944274902344
2026-08-27 06:27:00+00:00,bitcoin,78655.14504352491,78655.99362678686,-1.9864998e-05,-9.101747e-06,0.00093350705,0.00035483512,-0.00091017474,DOWN,0.0004154673450653899,50.39237109215593,35.644844775699696,0.04467381202547653,0.0003004230554797899,0.0002006920985877514,46.906944274902344
2026-08-27 06:28:00+00:00,bitcoin,78611.89968011761,78654.4311410361,-0.0005500199,-9.138187e-06,0.00086463866,0.00035394373,-0.0009138187,DOWN,0.0004052114912369297,50.39237109215593,35.644844775699696,0.04467381202547653,0.0003004230554797899,0.0002006920985877514,46.906944274902344
2026-08-27 06:29:00+00:00,bitcoin,78647.46240169648,78611.2893050434,0.00045227836,-7.703719e-06,0.0008643592,0.00035093285,-0.00077037193,DOWN,0.000416145355288296,50.39237109215593,35.644844775699696,0.04467381202547653,0.0003004230554797899,0.0002006920985877514,46.906944274902344
2026-08-27 06:30:00+00:00,bitcoin,78770.15820995439,78647.01560087269,0.0015588516,-5.7077696e-06,0.00045949637,0.00034686242,-0.00057077693,DOWN,0.0005095339362033149,50.39237109215593,35.644844775699696,0.04467381202547653,0.0003004230554797899,0.0002006920985877514,46.906944274902344
2026-08-27 06:31:00+00:00,bitcoin,78735.30007123947,78769.43790472113,-0.0004426434,-9.153703e-06,0.0004258436,0.0003545559,-0.0009153703,DOWN,0.0005149812101574435,50.39237109215593,35.644844775699696,0.04467381202547653,0.0003004230554797899,0.0002006920985877514,46.906944274902344
2026-08-27 06:32:00+00:00,bitcoin,78686.499171203,78734.3488911409,-0.00062005,-1.199722e-05,0.00028393095,0.00037220836,-0.001199722,DOWN,0.0005248126388012893,50.39237109215593,35.644844775699696,0.04467381202547653,0.0003004230554797899,0.0002006920985877514,46.906944274902344
2026-08-27 06:33:00+00:00,bitcoin,78706.70643409062,78685.80743575934,0.00025692026,-8.743301e-06,0.00030713432,0.00039815143,-0.0008743301,DOWN,0.0005271348749832103,50.39237109215593,35.644844775699696,0.04467381202547653,0.0003004230554797899,0.0002006920985877514,46.906944274902344
2026-08-27 06:34:00+00:00,bitcoin,78741.95187452808,78706.20896994649,0.00044766575,-6.3137477e-06,0.000275943,0.00042042867,-0.0006313748,DOWN,0.0005322841733742641,50.39237109215593,35.644844775699696,0.04467381202547653,0.0003004230554797899,0.0002006920985877514,46.906944274902344
2026-08-27 06:35:00+00:00,bitcoin,78750.10084334761,78741.49786654394,0.00010347745,-5.8176793e-06,0.00026775835,0.00042908225,-0.00058176793,DOWN,0.0005302493958959655,50.39237109215593,35.644844775699696,0.04467381202547653,0.0003004230554797899,0.0002006920985877514,46.906944274902344
2026-08-27 06:36:00+00:00,bitcoin,78730.07750527468,78749.66503241984,-0.00025429786,-5.5093824e-06,0.00027962847,0.0004331439,-0.00055093825,DOWN,0.0005292183313386121,50.39237109215593,35.644844775699696,0.04467381202547653,0.0003004230554797899,0.0002006920985877514,46.906944274902344
2026-08-27 06:37:00+00:00,bitcoin,78762.06342056394,78729.64639859274,0.00040617108,-5.453622e-06,0.00018525899,0.0004341594,-0.00054536224,DOWN,0.0005298384969097739,50.39237109215593,35.644844775699696,0.04467381202547653,0.0003004230554797899,0.0002006920985877514,46.906944274902344
2026-08-27 06:38:00+00:00,bitcoin,78754.3164351508,78761.41934188828,-9.840247e-05,-8.122167e-06,0.00019423995,0.00041483823,-0.0008122167,DOWN,0.0005295418384398775,50.39237109215593,35.644844775699696,0.04467381202547653,0.0003004230554797899,0.0002006920985877514,46.906944274902344
2026-08-27 06:39:00+00:00,bitcoin,78735.71438538283,78753.34551069885,-0.00023622527,-1.2322843e-05,0.00021499071,0.00039217644,-0.0012322842,DOWN,0.0005310013868387209,50.39237109215593,35.644844775699696,0.04467381202547653,0.0003004230554797899,0.0002006920985877514,46.906944274902344
2026-08-27 06:40:00+00:00,bitcoin,78732.10670268536,78734.55176302185,-4.58427e-05,-1.4741568e-05,0.00022116234,0.00037744278,-0.0014741567,DOWN,0.0005299948997303978,50.39237109215593,35.644844775699696,0.04467381202547653,0.0003004230554797899,0.0002006920985877514,46.906944274902344
2026-08-27 06:41:00+00:00,bitcoin,78707.65677279001,78730.96121235611,-0.00031053543,-1.4554848e-05,8.95391e-05,0.00037010302,-0.0014554849,DOWN,0.0005264898664446476,50.39237109215593,35.644844775699696,0.04467381202547653,0.0003004230554797899,0.0002006920985877514,46.906944274902344
2026-08-27 06:42:00+00:00,bitcoin,78720.84830339998,78706.58662404865,0.00016753637,-1.3616572e-05,0.000118579315,0.00036726752,-0.0013616572,DOWN,0.0005271888941448475,50.39237109215593,35.644844775699696,0.04467381202547653,0.0003004230554797899,0.0002006920985877514,46.906944274902344
2026-08-27 06:43:00+00:00,bitcoin,78722.7769067064,78719.87247951888,2.4512745e-05,-1.2360274e-05,0.0001182586,0.00036367186,-0.0012360275,DOWN,0.0004918190588715421,50.39237109215593,35.644844775699696,0.04467381202547653,0.0003004230554797899,0.0002006920985877514,46.906944274902344
2026-08-27 06:44:00+00:00,bitcoin,78741.88963526394,78721.9147570408,0.0002427132,-1.0955745e-05,0.00012195575,0.0003603024,-0.0010955745,DOWN,0.0004927574971292916,50.39237109215593,35.644844775699696,0.04467381202547653,0.0003004230554797899,0.0002006920985877514,46.906944274902344
2026-08-27 06:45:00+00:00,bitcoin,78755.29649812449,78740.96760301897,0.00017024115,-1.1601033e-05,0.00021885041,0.00036176102,-0.0011601034,DOWN,0.0004826835614631384,50.39237109215593,35.644844775699696,0.04467381202547653,0.0003004230554797899,0.0002006920985877514,46.906944274902344
2026-08-27 06:46:00+00:00,bitcoin,78774.58214652818,78754.45819245791,0.00024489404,-1.0606421e-05,0.0002499853,0.0003596511,-0.0010606421,DOWN,0.0004805856966100752,50.39237109215593,35.644844775699696,0.04467381202547653,0.0003004230554797899,0.0002006920985877514,46.906944274902344
2026-08-27 06:47:00+00:00,bitcoin,78774.3151864782,78774.03346663341,-3.272794e-06,-6.899032e-06,0.00024997958,0.00035178097,-0.0006899032,DOWN,0.00046502735135168247,50.39237109215593,35.644844775699696,0.04467381202547653,0.0003004230554797899,0.0002006920985877514,46.906944274902344
2026-08-27 06:48:00+00:00,bitcoin,78776.36747000553,78774.01511700032,2.5884528e-05,-3.900527e-06,0.00025569936,0.00034540537,-0.0003900527,DOWN,0.00046261287907767404,50.39237109215593,35.644844775699696,0.04467381202547653,0.0003004230554797899,0.0002006920985877514,46.906944274902344
2026-08-27 06:49:00+00:00,bitcoin,78773.24160488695,78776.21381645557,-3.957087e-05,-1.8633027e-06,0.00025329753,0.00034106156,-0.00018633028,DOWN,0.00046232071393084533,50.39237109215593,35.644844775699696,0.04467381202547653,0.0003004230554797899,0.0002006920985877514,46.906944274902344
2026-08-27 06:50:00+00:00,bitcoin,78810.9732254874,78773.14828247763,0.00047881145,-1.1181737e-06,0.00023842689,0.00033941696,-0.00011181737,DOWN,0.0004692290542232564,50.39237109215593,35.644844775699696,0.04467381202547653,0.0003004230554797899,0.0002006920985877514,46.906944274902344
2026-08-27 06:51:00+00:00,bitcoin,78796.45347562805,78810.99693499878,-0.00018410062,3.337209e-07,0.00027332077,0.0003365767,3.337209e-05,UP,0.00044171867386157094,50.39237109215593,35.644844775699696,0.04467381202547653,0.0003004230554797899,0.0002006920985877514,46.906944274902344
2026-08-27 06:52:00+00:00,bitcoin,78796.21201584162,78796.45154422987,-3.1727368e-06,-1.455528e-07,0.0002791289,0.00033750077,-1.455528e-05,DOWN,0.000425174633884717,50.39237109215593,35.644844775699696,0.04467381202547653,0.0003004230554797899,0.0002006920985877514,46.906944274902344
2026-08-27 06:53:00+00:00,bitcoin,78791.25600322848,78796.18275777902,-6.286192e-05,-3.1648506e-07,0.00028167383,0.00033794797,-3.1648506e-05,DOWN,0.00042551055390881864,50.39237109215593,35.644844775699696,0.04467381202547653,0.0003004230554797899,0.0002006920985877514,46.906944274902344
2026-08-27 06:54:00+00:00,bitcoin,78791.27659779973,78791.2859904496,1.9830804e-07,2.6234284e-07,0.0002996787,0.00033696787,2.6234284e-05,UP,0.00039645508117266173,50.39237109215593,35.644844775699696,0.04467381202547653,0.0003004230554797899,0.0002006920985877514,46.906944274902344
2026-08-27 06:55:00+00:00,bitcoin,78826.25167253986,78791.39554197248,0.00044391476,1.4708912e-06,0.00034674947,0.00033444937,0.00014708913,UP,0.0004020746644596048,50.39237109215593,35.644844775699696,0.04467381202547653,0.0003004230554797899,0.0002006920985877514,46.906944274902344
2026-08-27 06:56:00+00:00,bitcoin,78801.51128125796,78826.53032034356,-0.00031403097,3.4508398e-06,0.00035256956,0.0003299586,0.00034508397,UP,0.0004077223849151905,50.39237109215593,35.644844775699696,0.04467381202547653,0.0003004230554797899,0.0002006920985877514,46.906944274902344
2026-08-27 06:57:00+00:00,bitcoin,78812.94015443418,78801.67690219171,0.0001450335,2.1694486e-06,0.00036984298,0.00033234578,0.00021694487,UP,0.00040770080795395427,50.39237109215593,35.644844775699696,0.04467381202547653,0.0003004230554797899,0.0002006920985877514,46.906944274902344
2026-08-27 06:58:00+00:00,bitcoin,78830.68509756774,78812.97508093715,0.00022519147,4.9883874e-07,0.00038496172,0.00033572316,4.9883874e-05,UP,0.0003915062423296148,50.39237109215593,35.644844775699696,0.04467381202547653,0.0003004230554797899,0.0002006920985877514,46.906944274902344
2026-08-27 06:59:00+00:00,bitcoin,78819.99801408872,78830.61701987311,-0.00013558457,-9.217192e-07,0.00039400815,0.00033851634,-9.217192e-05,DOWN,0.00038757773221122764,50.39237109215593,35.644844775699696,0.04467381202547653,0.0003004230554797899,0.0002006920985877514,46.906944274902344
2026-08-27 07:00:00+00:00,bitcoin,78770.68469405174,78819.76979613304,-0.0006258302,-2.899009e-06,0.00027323214,0.0003424872,-0.0002899009,DOWN,0.0002920966794750409,50.39237109215593,35.644844775699696,0.04467381202547653,0.0003004230554797899,0.0002006920985877514,46.906944274902344
2026-08-27 07:01:00+00:00,bitcoin,78783.39243748039,78770.1992097199,0.00016125415,-6.210763e-06,0.00027429397,0.00034954055,-0.00062107627,DOWN,0.000281129493355296,50.39237109215593,35.644844775699696,0.04467381202547653,0.0003004230554797899,0.0002006920985877514,46.906944274902344
2026-08-27 07:02:00+00:00,bitcoin,78748.7868620446,78782.7848595744,-0.00043929517,-7.628886e-06,0.0001847831,0.000352522,-0.00076288864,DOWN,0.0002685975994898173,50.39237109215593,35.644844775699696,0.04467381202547653,0.0003004230554797899,0.0002006920985877514,46.906944274902344
2026-08-27 07:03:00+00:00,bitcoin,78770.90621793643,78748.16948174499,0.00028081806,-7.885491e-06,0.00022038164,0.00035276986,-0.0007885491,DOWN,0.0002693395170548319,50.39237109215593,35.644844775699696,0.04467381202547653,0.0003004230554797899,0.0002006920985877514,46.906944274902344
2026-08-27 07:04:00+00:00,bitcoin,78773.50734198466,78770.40387302823,3.30264e-05,-6.338628e-06,0.0002281473,0.00034905854,-0.0006338628,DOWN,0.0002573876699510584,50.39237109215593,35.644844775699696,0.04467381202547653,0.0003004230554797899,0.0002006920985877514,46.906944274902344
2026-08-27 07:05:00+00:00,bitcoin,78774.50320909359,78773.13219114393,1.2694542e-05,-4.7361737e-06,0.00022819756,0.00034531034,-0.00047361737,DOWN,0.00025682494338751514,50.39237109215593,35.644844775699696,0.04467381202547653,0.0003004230554797899,0.0002006920985877514,46.906944274902344
2026-08-27 07:06:00+00:00,bitcoin,78756.7735640998,78774.32939009089,-0.0002251537,-2.2954819e-06,0.00019243617,0.00033991307,-0.00022954818,DOWN,0.0002558429084900005,50.39237109215593,35.644844775699696,0.04467381202547653,0.0003004230554797899,0.0002006920985877514,46.906944274902344
2026-08-27 07:07:00+00:00,bitcoin,78750.72252410883,78756.76404896099,-7.678205e-05,-1.9659183e-07,0.00017835887,0.00033536475,-1.9659183e-05,DOWN,0.00024510628470780706,50.39237109215593,35.644844775699696,0.04467381202547653,0.0003004230554797899,0.0002006920985877514,46.906944274902344
2026-08-27 07:08:00+00:00,bitcoin,78780.10104553867,78750.96125795413,0.00037304207,2.8964696e-06,8.0034326e-05,0.00032886094,0.00028964697,UP,0.0002538566143978944,50.39237109215593,35.644844775699696,0.04467381202547653,0.0003004230554797899,0.0002006920985877514,46.906944274902344
2026-08-27 07:09:00+00:00,bitcoin,78771.31909866631,78780.60711500607,-0.00011157071,6.2898494e-06,0.00020968643,0.00032192343,0.00062898494,UP,0.0002506723989685078,50.39237109215593,35.644844775699696,0.04467381202547653,0.0003004230554797899,0.0002006920985877514,46.906944274902344
2026-08-27 07:10:00+00:00,bitcoin,78772.51287718769,78772.0058024386,1.5075169e-05,8.642131e-06,0.00031152798,0.0003171668,0.00086421316,UP,0.00025040828757163825,50.39237109215593,35.644844775699696,0.04467381202547653,0.0003004230554797899,0.0002006920985877514,46.906944274902344
2026-08-27 07:11:00+00:00,bitcoin,78778.14206131548,78773.39990189578,7.1504786e-05,1.1375931e-05,0.00031555508,0.0003118312,0.0011375931,UP,0.00024277010984393083,50.39237109215593,35.644844775699696,0.04467381202547653,0.0003004230554797899,0.0002006920985877514,46.906944274902344
2026-08-27 07:12:00+00:00,bitcoin,78782.86434134655,78779.22999099642,5.99966e-05,1.3818763e-05,0.0003328565,0.00030716625,0.0013818763,UP,0.00024145735008196967,50.39237109215593,35.644844775699696,0.04467381202547653,0.0003004230554797899,0.0002006920985877514,46.906944274902344
2026-08-27 07:13:00+00:00,bitcoin,78789.4976921361,78784.0881019514,8.408835e-05,1.5484804e-05,0.00033643772,0.00030402862,0.0015484804,UP,0.0002416872110454309,50.39237109215593,35.644844775699696,0.04467381202547653,0.0003004230554797899,0.0002006920985877514,46.906944274902344
2026-08-27 07:14:00+00:00,bitcoin,78830.7062115334,78790.88226852939,0.0005229144,1.7646953e-05,0.0002129997,0.00030004818,0.0017646953,UP,0.0002552997510226448,50.39237109215593,35.644844775699696,0.04467381202547653,0.0003004230554797899,0.0002006920985877514,46.906944274902344
2026-08-27 07:15:00+00:00,bitcoin,78802.51106865704,78832.37585367635,-0.00035773314,2.1266518e-05,0.00013517411,0.00029348355,0.0021266518,UP,0.00026389145930803294,50.39237109215593,35.644844775699696,0.04467381202547653,0.0003004230554797899,0.0002006920985877514,46.906944274902344
2026-08-27 07:16:00+00:00,bitcoin,78817.47244011704,78804.22691284772,0.00018983554,2.1788645e-05,0.00011710175,0.00029232405,0.0021788646,UP,0.00026246064778839986,50.39237109215593,35.644844775699696,0.04467381202547653,0.0003004230554797899,0.0002006920985877514,46.906944274902344
2026-08-27 07:17:00+00:00,bitcoin,78807.04883613065,78819.22575982288,-0.00013223675,2.2257096e-05,0.00028015298,0.0002914397,0.0022257096,UP,0.0002638762489476155,50.39237109215593,35.644844775699696,0.04467381202547653,0.0003004230554797899,0.0002006920985877514,46.906944274902344
2026-08-27 07:18:00+00:00,bitcoin,78802.5234078085,78808.6533399839,-5.7400546e-05,2.0435004e-05,0.0002925667,0.00029392584,0.0020435003,UP,0.00026418350324300307,50.39237109215593,35.644844775699696,0.04467381202547653,0.0003004230554797899,0.0002006920985877514,46.906944274902344
2026-08-27 07:19:00+00:00,bitcoin,78810.39560349472,78803.9137484394,9.982922e-05,1.7540406e-05,0.00042288564,0.00029836124,0.0017540406,UP,0.00026448730248351604,50.39237109215593,35.644844775699696,0.04467381202547653,0.0003004230554797899,0.0002006920985877514,46.906944274902344
2026-08-27 07:20:00+00:00,bitcoin,78804.091323982,78811.5837811958,-7.990224e-05,1.5032692e-05,0.0004222485,0.00030269058,0.0015032692,UP,0.0002500247812803479,50.39237109215593,35.644844775699696,0.04467381202547653,0.0003004230554797899,0.0002006920985877514,46.906944274902344
2026-08-27 07:21:00+00:00,bitcoin,78786.84133837558,78805.17408070341,-0.00021892122,1.3694318e-05,0.0004403956,0.0003053024,0.0013694318,UP,0.0002509738131173983,50.39237109215593,35.644844775699696,0.04467381202547653,0.0003004230554797899,0.0002006920985877514,46.906944274902344
2026-08-27 07:22:00+00:00,bitcoin,78826.96690231562,78787.89566785097,0.0005090567,1.3325545e-05,0.00035119016,0.0003060519,0.0013325545,UP,0.0002678970513799258,50.39237109215593,35.644844775699696,0.04467381202547653,0.0003004230554797899,0.0002006920985877514,46.906944274902344
2026-08-27 07:23:00+00:00,bitcoin,78814.79664266901,78827.95700953715,-0.00015432539,1.26661e-05,0.0003790021,0.00030717504,0.00126661,UP,0.0002693071413525874,50.39237109215593,35.644844775699696,0.04467381202547653,0.0003004230554797899,0.0002006920985877514,46.906944274902344
2026-08-27 07:24:00+00:00,bitcoin,78761.6796648344,78815.68944331445,-0.00067417667,1.1317386e-05,0.0001734723,0.00030940626,0.0011317387,UP,0.0002968684010815243,50.39237109215593,35.644844775699696,0.04467381202547653,0.0003004230554797899,0.0002006920985877514,46.906944274902344
2026-08-27 07:25:00+00:00,bitcoin,78749.72263823962,78762.15853281785,-0.00015187394,6.117537e-06,0.00012439172,0.00031829462,0.00061175367,UP,0.00028496828615904874,50.39237109215593,35.644844775699696,0.04467381202547653,0.0003004230554797899,0.0002006920985877514,46.906944274902344
2026-08-27 07:26:00+00:00,bitcoin,78763.87539862096,78749.82201467827,0.00017964719,1.2805554e-06,0.00023298193,0.000327577,0.00012805553,UP,0.00028238536912259405,50.39237109215593,35.644844775699696,0.04467381202547653,0.0003004230554797899,0.0002006920985877514,46.906944274902344
2026-08-27 07:27:00+00:00,bitcoin,78778.60852140002,78763.7732936535,0.00018705273,-1.1764414e-06,0.00025388665,0.00033320775,-0.000117644144,DOWN,0.00028331397214633705,50.39237109215593,35.644844775699696,0.04467381202547653,0.0003004230554797899,0.0002006920985877514,46.906944274902344
2026-08-27 07:28:00+00:00,bitcoin,78794.85762778576,78778.47008652426,0.00020625301,-1.6221757e-06,0.0002630386,0.0003351515,-0.00016221756,DOWN,0.00028278193623692,50.39237109215593,35.644844775699696,0.04467381202547653,0.0003004230554797899,0.0002006920985877514,46.906944274902344
2026-08-27 07:29:00+00:00,bitcoin,78787.4263341236,78794.7388455607,-9.419682e-05,-1.506176e-06,0.00026676813,0.0003356625,-0.00015061759,DOWN,0.000282274551981664,50.39237109215593,35.644844775699696,0.04467381202547653,0.0003004230554797899,0.0002006920985877514,46.906944274902344
2026-08-27 07:30:00+00:00,bitcoin,78794.8589125732,78787.45786408056,9.4196825e-05,2.9774765e-07,0.00029533243,0.0003319603,2.9774765e-05,UP,0.0002580197072945806,50.39237109215593,35.644844775699696,0.04467381202547653,0.0003004230554797899,0.0002006920985877514,46.906944274902344
2026-08-27 07:31:00+00:00,bitcoin,78837.90004023444,78795.09578253515,0.00054626574,3.0410847e-06,0.00018498235,0.00032634372,0.0003041085,UP,0.0002748271087598028,50.39237109215593,35.644844775699696,0.04467381202547653,0.0003004230554797899,0.0002006920985877514,46.906944274902344
2026-08-27 07:32:00+00:00,bitcoin,78834.95521181077,78838.53593012318,-3.745889e-05,7.950796e-06,0.00018170019,0.00031666027,0.0007950796,UP,0.00026096241651441026,50.39237109215593,35.644844775699696,0.04467381202547653,0.0003004230554797899,0.0002006920985877514,46.906944274902344
2026-08-27 07:33:00+00:00,bitcoin,78858.61693334207,78835.93990016915,0.0003001272,1.2547953e-05,0.00019048882,0.0003078337,0.0012547952,UP,0.00026160912335654654,50.39237109215593,35.644844775699696,0.04467381202547653,0.0003004230554797899,0.0002006920985877514,46.906944274902344
2026-08-27 07:34:00+00:00,bitcoin,78850.00146452757,78859.88627926353,-0.000109279856,1.6120215e-05,0.0003284898,0.0003012751,0.0016120215,UP,0.00026297258477893045,50.39237109215593,35.644844775699696,0.04467381202547653,0.0003004230554797899,0.0002006920985877514,46.906944274902344
2026-08-27 07:35:00+00:00,bitcoin,78840.56744873524,78851.40054821968,-0.00011969645,1.771877e-05,0.00041566984,0.00029839622,0.001771877,UP,0.0002644211536185726,50.39237109215593,35.644844775699696,0.04467381202547653,0.0003004230554797899,0.0002006920985877514,46.906944274902344
2026-08-27 07:36:00+00:00,bitcoin,78853.51367081702,78841.95348206162,0.00016418261,1.7593424e-05,0.00043892328,0.00029806746,0.0017593424,UP,0.0002611038570915889,50.39237109215593,35.644844775699696,0.04467381202547653,0.0003004230554797899,0.0002006920985877514,46.906944274902344
2026-08-27 07:37:00+00:00,bitcoin,78853.64881355967,78854.77682203706,1.7833681e-06,1.6126238e-05,0.00044304808,0.00029984995,0.0016126238,UP,0.00026027502062379,50.39237109215593,35.644844775699696,0.04467381202547653,0.0003004230554797899,0.0002006920985877514,46.906944274902344
2026-08-27 07:38:00+00:00,bitcoin,78825.54217614792,78854.81404833868,-0.0003565388,1.477508e-05,0.00039344042,0.00030191077,0.001477508,UP,0.00026249757267354703,50.39237109215593,35.644844775699696,0.04467381202547653,0.0003004230554797899,0.0002006920985877514,46.906944274902344
2026-08-27 07:39:00+00:00,bitcoin,78866.67797494121,78826.69486109074,0.00052168476,1.4664522e-05,0.00032875652,0.0003021804,0.0014664521,UP,0.0002767008012121256,50.39237109215593,35.644844775699696,0.04467381202547653,0.0003004230554797899,0.0002006920985877514,46.906944274902344
2026-08-27 07:40:00+00:00,bitcoin,78825.53970033489,78867.82827671058,-0.0005216848,1.455215e-05,0.0002108515,0.00030253272,0.001455215,UP,0.0002951237662377592,50.39237109215593,35.644844775699696,0.04467381202547653,0.0003004230554797899,0.0002006920985877514,46.906944274902344
2026-08-27 07:41:00+00:00,bitcoin,78850.41222404223,78826.35657857638,0.00031542146,1.0330224e-05,0.00016105422,0.00030947648,0.0010330224,UP,0.00029984487431626263,50.39237109215593,35.644844775699696,0.04467381202547653,0.0003004230554797899,0.0002006920985877514,46.906944274902344
2026-08-27 07:42:00+00:00,bitcoin,78860.27593595535,78850.83863624185,0.00012513023,5.431233e-06,0.00017330695,0.00031846523,0.00054312334,UP,0.0003003005541276238,50.39237109215593,35.644844775699696,0.04467381202547653,0.0003004230554797899,0.0002006920985877514,46.906944274902344
2026-08-27 07:43:00+00:00,bitcoin,78860.95030065626,78860.35804539453,8.618846e-06,1.0634631e-06,0.00017957218,0.00032719263,0.000106346306,UP,0.00030017196660913253,50.39237109215593,35.644844775699696,0.04467381202547653,0.0003004230554797899,0.0002006920985877514,46.906944274902344
2026-08-27 07:44:00+00:00,bitcoin,78840.56244667433,78860.80741014797,-0.0002585977,-1.908612e-06,0.00012728087,0.0003337707,-0.00019086119,DOWN,0.00028966152835663224,50.39237109215593,35.644844775699696,0.04467381202547653,0.0003004230554797899,0.0002006920985877514,46.906944274902344
2026-08-27 07:45:00+00:00,bitcoin,78850.44035234302,78840.19125816599,0.00012524494,-4.6641526e-06,0.00022868821,0.0003397813,-0.00046641525,DOWN,0.0002821794444419277,50.39237109215593,35.644844775699696,0.04467381202547653,0.0003004230554797899,0.0002006920985877514,46.906944274902344
2026-08-27 07:46:00+00:00,bitcoin,78843.92820454016,78849.92521609738,-8.253703e-05,-6.47002e-06,0.0002512233,0.00034398973,-0.00064700196,DOWN,0.0002809152997656289,50.39237109215593,35.644844775699696,0.04467381202547653,0.0003004230554797899,0.0002006920985877514,46.906944274902344
2026-08-27 07:47:00+00:00,bitcoin,78857.79310754407,78843.44564266456,0.00017576695,-6.1599885e-06,0.0003216144,0.00034406403,-0.00061599887,DOWN,0.0002811200185466506,50.39237109215593,35.644844775699696,0.04467381202547653,0.0003004230554797899,0.0002006920985877514,46.906944274902344
2026-08-27 07:48:00+00:00,bitcoin,78848.57649311051,78857.48824390769,-0.00011681124,-3.7870232e-06,0.00036519812,0.00033964394,-0.0003787023,DOWN,0.00028190302960125083,50.39237109215593,35.644844775699696,0.04467381202547653,0.0003004230554797899,0.0002006920985877514,46.906944274902344
2026-08-27 07:49:00+00:00,bitcoin,78848.94470483623,78848.51702836063,4.5577763e-06,-7.085155e-07,0.0004108195,0.00033307335,-7.085154e-05,DOWN,0.0002815033523469328,50.39237109215593,35.644844775699696,0.04467381202547653,0.0003004230554797899,0.0002006920985877514,46.906944274902344
2026-08-27 07:50:00+00:00,bitcoin,78883.5935517028,78849.17248814553,0.00043952966,2.9498578e-06,0.0004107933,0.00032556383,0.00029498577,UP,0.0002911922213796539,50.39237109215593,35.644844775699696,0.04467381202547653,0.0003004230554797899,0.0002006920985877514,46.906944274902344
2026-08-27 07:51:00+00:00,bitcoin,78918.16000601556,78884.06234174687,0.00043795063,5.812046e-06,0.0004120009,0.00031992947,0.0005812046,UP,0.00029620342663142483,50.39237109215593,35.644844775699696,0.04467381202547653,0.0003004230554797899,0.0002006920985877514,46.906944274902344
2026-08-27 07:52:00+00:00,bitcoin,78968.72305319831,78918.79597885907,0.00064058916,8.05674e-06,0.0005144165,0.00031564268,0.00080567395,UP,0.00030402497276781044,50.39237109215593,35.644844775699696,0.04467381202547653,0.0003004230554797899,0.0002006920985877514,46.906944274902344
2026-08-27 07:53:00+00:00,bitcoin,78949.02346698102,78969.47966696322,-0.00024953653,9.526303e-06,0.0004511023,0.00031279708,0.0009526303,UP,0.0003068221053218753,50.39237109215593,35.644844775699696,0.04467381202547653,0.0003004230554797899,0.0002006920985877514,46.906944274902344
2026-08-27 07:54:00+00:00,bitcoin,79015.46832388267,78949.60694783367,0.000841269,7.3154533e-06,0.000342242,0.00031604752,0.0007315453,UP,0.0003071301882835371,50.39237109215593,35.644844775699696,0.04467381202547653,0.0003004230554797899,0.0002006920985877514,46.906944274902344
2026-08-27 07:55:00+00:00,bitcoin,79049.99076997861,79015.8832026273,0.0004369234,5.207544e-06,0.00033020444,0.00032009947,0.0005207544,UP,0.00030881002589970005,50.39237109215593,35.644844775699696,0.04467381202547653,0.0003004230554797899,0.0002006920985877514,46.906944274902344
2026-08-27 07:56:00+00:00,bitcoin,79077.18678116798,79050.20731687546,0.00034386877,2.6709263e-06,0.00029131188,0.00032515547,0.00026709263,UP,0.0003112243767647428,50.39237109215593,35.644844775699696,0.04467381202547653,0.0003004230554797899,0.0002006920985877514,46.906944274902344
2026-08-27 07:57:00+00:00,bitcoin,79044.99519880861,79077.17807326466,-0.00040712187,-1.9818071e-07,0.0007282588,0.00033094655,-1.9818071e-05,DOWN,0.00032616833960167127,50.39237109215593,35.644844775699696,0.04467381202547653,0.0003004230554797899,0.0002006920985877514,46.906944274902344
2026-08-27 07:58:00+00:00,bitcoin,79067.33226895332,79044.48645204306,0.00028243373,-6.5215045e-06,0.0011941503,0.0003432761,-0.0006521504,DOWN,0.00032721806779576,50.39237109215593,35.644844775699696,0.04467381202547653,0.0003004230554797899,0.0002006920985877514,46.906944274902344
2026-08-27 07:59:00+00:00,bitcoin,79067.34697612002,79066.37143065874,1.9761592e-07,-1.2066436e-05,0.0011268543,0.0003552982,-0.0012066436,DOWN,0.00032558569322523663,50.39237109215593,35.644844775699696,0.04467381202547653,0.0003004230554797899,0.0002006920985877514,46.906944274902344
2026-08-27 08:00:00+00:00,bitcoin,79045.99956513382,79066.02417133749,-0.00026998037,-1.671787e-05,0.0015633696,0.00036597965,-0.001671787,DOWN,0.0003332126286956622,50.39237109215593,35.644844775699696,0.04467381202547653,0.0003004230554797899,0.0002006920985877514,46.906944274902344
2026-08-27 08:01:00+00:00,bitcoin,79059.84241271019,79044.28029930592,0.00017512002,-2.1801377e-05,0.0015437278,0.0003774707,-0.0021801377,DOWN,0.0003230356774352275,50.39237109215593,35.644844775699696,0.04467381202547653,0.0003004230554797899,0.0002006920985877514,46.906944274902344
2026-08-27 08:02:00+00:00,bitcoin,79186.9919433631,79057.92111776769,0.0016069638,-2.4284422e-05,0.0015755433,0.00038368988,-0.0024284422,DOWN,0.00042395546741216545,50.39237109215593,35.644844775699696,0.04467381202547653,0.0003004230554797899,0.0002006920985877514,46.906944274902344
2026-08-27 08:03:00+00:00,bitcoin,79384.91699995939,79184.47175420355,0.0024964043,-3.1873773e-05,0.001333112,0.0004006165,-0.0031873772,DOWN,0.0006032943725993214,50.39237109215593,35.644844775699696,0.04467381202547653,0.0003004230554797899,0.0002006920985877514,46.906944274902344
2026-08-27 08:04:00+00:00,bitcoin,79427.00570435263,79381.16489720531,0.0005300098,-4.7311005e-05,0.0014551397,0.00044573797,-0.0047311005,DOWN,0.0006024843771460154,50.39237109215593,35.644844775699696,0.04467381202547653,0.0003004230554797899,0.0002006920985877514,46.906944274902344
2026-08-27 08:05:00+00:00,bitcoin,79297.39911026461,79422.37301250407,-0.0016331376,-5.83656e-05,0.00057606644,0.0004911242,-0.00583656,DOWN,0.0006906893945866084,50.39237109215593,35.644844775699696,0.04467381202547653,0.0003004230554797899,0.0002006920985877514,46.906944274902344
2026-08-27 08:06:00+00:00,bitcoin,79344.24743874744,79292.57268787595,0.00059065904,-6.0844257e-05,0.0012401624,0.0005601205,-0.006084426,DOWN,0.0006944612190399543,50.39237109215593,35.644844775699696,0.04467381202547653,0.0003004230554797899,0.0002006920985877514,46.906944274902344
2026-08-27 08:07:00+00:00,bitcoin,79488.10541656613,79340.39090275764,0.0018114622,-4.8654005e-05,0.0013886397,0.0006163977,-0.0048654005,DOWN,0.0007523271888806,50.39237109215593,35.644844775699696,0.04467381202547653,0.0003004230554797899,0.0002006920985877514,46.906944274902344
2026-08-27 08:08:00+00:00,bitcoin,79600.72831963561,79485.24770724401,0.0014157777,-3.598573e-05,0.0012968945,0.0006459062,-0.003598573,DOWN,0.0007710448835671806,50.39237109215593,35.644844775699696,0.04467381202547653,0.0003004230554797899,0.0002006920985877514,46.906944274902344
2026-08-27 08:09:00+00:00,bitcoin,79748.16891399957,79598.65318408562,0.0018505977,-2.6064576e-05,0.0008536498,0.00066635065,-0.0026064576,DOWN,0.00081941138775516,50.39237109215593,35.644844775699696,0.04467381202547653,0.0003004230554797899,0.0002006920985877514,46.906944274902344
2026-08-27 08:10:00+00:00,bitcoin,79812.29472104274,79746.2990505863,0.00080377056,-2.3495224e-05,0.00074667175,0.0006663643,-0.0023495224,DOWN,0.0008052466074045091,50.39237109215593,35.644844775699696,0.04467381202547653,0.0003004230554797899,0.0002006920985877514,46.906944274902344
2026-08-27 08:11:00+00:00,bitcoin,79721.50602591876,79810.04672715534,-0.0011381798,-2.8159426e-05,0.00085229665,0.00065017364,-0.0028159425,DOWN,0.0008536849429086785,50.39237109215593,35.644844775699696,0.04467381202547653,0.0003004230554797899,0.0002006920985877514,46.906944274902344
2026-08-27 08:12:00+00:00,bitcoin,79639.28789891722,79719.36476325849,-0.0010318568,-2.6818754e-05,0.000818641,0.0006518151,-0.0026818754,DOWN,0.0008902922315724308,50.39237109215593,35.644844775699696,0.04467381202547653,0.0003004230554797899,0.0002006920985877514,46.906944274902344
2026-08-27 08:13:00+00:00,bitcoin,79595.85518795718,79637.27638896927,-0.0005454787,-2.5263067e-05,0.000809764,0.0006533679,-0.0025263068,DOWN,0.0009028035353498534,50.39237109215593,35.644844775699696,0.04467381202547653,0.0003004230554797899,0.0002006920985877514,46.906944274902344
2026-08-27 08:14:00+00:00,bitcoin,79622.28503088467,79594.12296744995,0.00033199342,-2.1808763e-05,0.00082359556,0.0006596788,-0.0021808762,DOWN,0.0008964026727684418,50.39237109215593,35.644844775699696,0.04467381202547653,0.0003004230554797899,0.0002006920985877514,46.906944274902344
2026-08-27 08:15:00+00:00,bitcoin,79491.32710393192,79620.63750382699,-0.0016461315,-2.0667641e-05,0.00044658643,0.00065877463,-0.002066764,DOWN,0.0009658584194962316,50.39237109215593,35.644844775699696,0.04467381202547653,0.0003004230554797899,0.0002006920985877514,46.906944274902344
2026-08-27 08:16:00+00:00,bitcoin,79514.03287198395,79489.93987565394,0.00028556428,-1.7503135e-05,0.00054165506,0.0006626934,-0.0017503134,DOWN,0.0009635566365323226,50.39237109215593,35.644844775699696,0.04467381202547653,0.0003004230554797899,0.0002006920985877514,46.906944274902344
2026-08-27 08:17:00+00:00,bitcoin,79510.99803042412,79512.32506398857,-3.812293e-05,-2.1497748e-05,0.0006335933,0.00064534805,-0.0021497747,DOWN,0.0009651643678202964,50.39237109215593,35.644844775699696,0.04467381202547653,0.0003004230554797899,0.0002006920985877514,46.906944274902344
2026-08-27 08:18:00+00:00,bitcoin,79483.93428653479,79508.90052336454,-0.00034051793,-2.6350492e-05,0.0006231038,0.0006245433,-0.0026350492,DOWN,0.0009691543757663546,50.39237109215593,35.644844775699696,0.04467381202547653,0.0003004230554797899,0.0002006920985877514,46.906944274902344
2026-08-27 08:19:00+00:00,bitcoin,79515.91803963482,79481.50403046608,0.00040241782,-3.054499e-05,0.0006190776,0.0006048875,-0.003054499,DOWN,0.0009681469753003514,50.39237109215593,35.644844775699696,0.04467381202547653,0.0003004230554797899,0.0002006920985877514,46.906944274902344
2026-08-27 08:20:00+00:00,bitcoin,79461.74444157165,79513.01181077771,-0.0006816013,-3.662158e-05,0.00046559965,0.0005768146,-0.0036621578,DOWN,0.0009833381919772287,50.39237109215593,35.644844775699696,0.04467381202547653,0.0003004230554797899,0.0002006920985877514,46.906944274902344
2026-08-27 08:21:00+00:00,bitcoin,79513.84136557952,79458.6067642374,0.0006554662,-3.9407136e-05,0.00045962151,0.0005605967,-0.0039407136,DOWN,0.0009856199674605488,50.39237109215593,35.644844775699696,0.04467381202547653,0.0003004230554797899,0.0002006920985877514,46.906944274902344
2026-08-27 08:22:00+00:00,bitcoin,79573.143052876,79511.00485274754,0.0007454648,-3.5718076e-05,0.00054448674,0.00056545786,-0.0035718076,DOWN,0.0009872355094636754,50.39237109215593,35.644844775699696,0.04467381202547653,0.0003004230554797899,0.0002006920985877514,46.906944274902344
2026-08-27 08:23:00+00:00,bitcoin,79550.46468249988,79570.17629451212,-0.00028495927,-3.7213824e-05,0.00046014955,0.0005480415,-0.0037213825,DOWN,0.0009878800912273868,50.39237109215593,35.644844775699696,0.04467381202547653,0.0003004230554797899,0.0002006920985877514,46.906944274902344
2026-08-27 08:24:00+00:00,bitcoin,79578.81389988586,79547.71389351226,0.0003562355,-3.4601537e-05,0.0004672528,0.0005444039,-0.0034601537,DOWN,0.0009818721182904401,50.39237109215593,35.644844775699696,0.04467381202547653,0.0003004230554797899,0.0002006920985877514,46.906944274902344
2026-08-27 08:25:00+00:00,bitcoin,79649.43025687337,79576.35074450448,0.0008870914,-3.0962787e-05,0.00037852023,0.00053707074,-0.0030962788,DOWN,0.000988454034702299,50.39237109215593,35.644844775699696,0.04467381202547653,0.0003004230554797899,0.0002006920985877514,46.906944274902344
2026-08-27 08:26:00+00:00,bitcoin,79695.97226395458,79647.21093355492,0.000584128,-2.802624e-05,0.00048342862,0.0005152256,-0.002802624,DOWN,0.0009901949148058361,50.39237109215593,35.644844775699696,0.04467381202547653,0.0003004230554797899,0.0002006920985877514,46.906944274902344
2026-08-27 08:27:00+00:00,bitcoin,79667.30880149873,79693.90070308698,-0.0003597323,-2.6060072e-05,0.00042244123,0.0004878412,-0.0026060073,DOWN,0.0009891311754293805,50.39237109215593,35.644844775699696,0.04467381202547653,0.0003004230554797899,0.0002006920985877514,46.906944274902344
2026-08-27 08:28:00+00:00,bitcoin,79693.65741024911,79665.38459200412,0.00033061736,-2.4174173e-05,0.00042545007,0.00046591362,-0.0024174172,DOWN,0.0009892048706621112,50.39237109215593,35.644844775699696,0.04467381202547653,0.0003004230554797899,0.0002006920985877514,46.906944274902344
2026-08-27 08:29:00+00:00,bitcoin,79736.87276962772,79691.79895617999,0.00054206606,-2.3264765e-05,0.00051193306,0.00045447474,-0.0023264766,DOWN,0.0009891794810165295,50.39237109215593,35.644844775699696,0.04467381202547653,0.0003004230554797899,0.0002006920985877514,46.906944274902344
2026-08-27 08:30:00+00:00,bitcoin,79760.15535695665,79734.86155331414,0.00029193336,-2.511068e-05,0.00058735826,0.00043839973,-0.002511068,DOWN,0.0009836807481408282,50.39237109215593,35.644844775699696,0.04467381202547653,0.0003004230554797899,0.0002006920985877514,46.906944274902344
2026-08-27 08:31:00+00:00,bitcoin,79837.95363410283,79757.89975987608,0.0009750078,-2.8201146e-05,0.0005083717,0.00042664443,-0.0028201146,DOWN,0.0009909946168984755,50.39237109215593,35.644844775699696,0.04467381202547653,0.0003004230554797899,0.0002006920985877514,46.906944274902344
2026-08-27 08:32:00+00:00,bitcoin,79822.85848788545,79835.53094016667,-0.00018907271,-3.0327668e-05,0.0006083235,0.00042557748,-0.0030327667,DOWN,0.0009648481839647111,50.39237109215593,35.644844775699696,0.04467381202547653,0.0003004230554797899,0.0002006920985877514,46.906944274902344
2026-08-27 08:33:00+00:00,bitcoin,79865.99370927177,79820.25209337845,0.0005402107,-3.269082e-05,0.0004961014,0.00043324512,-0.003269082,DOWN,0.000870195550265029,50.39237109215593,35.644844775699696,0.04467381202547653,0.0003004230554797899,0.0002006920985877514,46.906944274902344
2026-08-27 08:34:00+00:00,bitcoin,79846.27943696687,79863.20736280503,-0.00024683058,-3.4866145e-05,0.0005065533,0.0004339508,-0.0034866144,DOWN,0.0008716460307860104,50.39237109215593,35.644844775699696,0.04467381202547653,0.0003004230554797899,0.0002006920985877514,46.906944274902344
2026-08-27 08:35:00+00:00,bitcoin,79816.3934160322,79843.29722581245,-0.0003744222,-3.740143e-05,0.00049700745,0.00043185227,-0.003740143,DOWN,0.0008097587680745996,50.39237109215593,35.644844775699696,0.04467381202547653,0.0003004230554797899,0.0002006920985877514,46.906944274902344
2026-08-27 08:36:00+00:00,bitcoin,79746.48022626434,79813.22693563905,-0.00087632006,-3.96544e-05,0.00061501225,0.00043574828,-0.0039654397,DOWN,0.0008304742613794913,50.39237109215593,35.644844775699696,0.04467381202547653,0.0003004230554797899,0.0002006920985877514,46.906944274902344
2026-08-27 08:37:00+00:00,bitcoin,79787.11693898495,79742.98291610042,0.0005093951,-4.379958e-05,0.0007050342,0.0004624594,-0.004379958,DOWN,0.0007736370094937806,50.39237109215593,35.644844775699696,0.04467381202547653,0.0003004230554797899,0.0002006920985877514,46.906944274902344
2026-08-27 08:38:00+00:00,bitcoin,79768.04384461138,79783.42847689055,-0.0002389456,-4.6148984e-05,0.00069954095,0.0004776972,-0.0046148985,DOWN,0.0007365051622146921,50.39237109215593,35.644844775699696,0.04467381202547653,0.0003004230554797899,0.0002006920985877514,46.906944274902344
2026-08-27 08:39:00+00:00,bitcoin,79766.75839300733,79764.23372902907,-1.6160266e-05,-4.776274e-05,0.0007088539,0.00047970915,-0.004776274,DOWN,0.0006551161014955963,50.39237109215593,35.644844775699696,0.04467381202547653,0.0003004230554797899,0.0002006920985877514,46.906944274902344
2026-08-27 08:40:00+00:00,bitcoin,79753.95402677124,79762.84012982622,-0.00016053951,-4.9090057e-05,0.00075880886,0.00047011164,-0.0049090055,DOWN,0.0006381467764724284,50.39237109215593,35.644844775699696,0.04467381202547653,0.0003004230554797899,0.0002006920985877514,46.906944274902344
2026-08-27 08:41:00+00:00,bitcoin,79852.44040684961,79750.11213051528,0.0012340908,-4.8125537e-05,0.0013375385,0.0004575941,-0.0048125535,DOWN,0.0006424013420152368,50.39237109215593,35.644844775699696,0.04467381202547653,0.0003004230554797899,0.0002006920985877514,46.906944274902344
2026-08-27 08:42:00+00:00,bitcoin,79935.00662742555,79848.610800758,0.001033502,-4.7986567e-05,0.0012150886,0.00045447302,-0.004798657,DOWN,0.0006325737132655011,50.39237109215593,35.644844775699696,0.04467381202547653,0.0003004230554797899,0.0002006920985877514,46.906944274902344
2026-08-27 08:43:00+00:00,bitcoin,79917.96996856108,79931.11998233944,-0.00021318418,-4.8623646e-05,0.001218675,0.00045476717,-0.0048623644,DOWN,0.0006232977292521026,50.39237109215593,35.644844775699696,0.04467381202547653,0.0003004230554797899,0.0002006920985877514,46.906944274902344
2026-08-27 08:44:00+00:00,bitcoin,79911.64760920219,79914.03411375359,-7.908813e-05,-4.9277536e-05,0.0012164313,0.00045548964,-0.0049277535,DOWN,0.000623331490131733,50.39237109215593,35.644844775699696,0.04467381202547653,0.0003004230554797899,0.0002006920985877514,46.906944274902344
2026-08-27 08:45:00+00:00,bitcoin,80022.42874332424,79907.61885031592,0.0013853366,-5.0401948e-05,0.00082976697,0.00045825684,-0.005040195,DOWN,0.0005706557276304845,50.39237109215593,35.644844775699696,0.04467381202547653,0.0003004230554797899,0.0002006920985877514,46.906944274902344
2026-08-27 08:46:00+00:00,bitcoin,79860.18328331411,80018.35635644477,-0.002029517,-5.0896462e-05,0.00041439553,0.00045916822,-0.005089646,DOWN,0.0007027571533208674,50.39237109215593,35.644844775699696,0.04467381202547653,0.0003004230554797899,0.0002006920985877514,46.906944274902344
2026-08-27 08:47:00+00:00,bitcoin,79858.24064441398,79856.01770661771,-2.4359273e-05,-5.2258096e-05,0.00060990354,0.00051432056,-0.0052258098,DOWN,0.0007026379353781842,50.39237109215593,35.644844775699696,0.04467381202547653,0.0003004230554797899,0.0002006920985877514,46.906944274902344
2026-08-27 08:48:00+00:00,bitcoin,79826.51254639495,79854.62464665994,-0.0003974628,-4.535711e-05,0.00072197116,0.0005695464,-0.004535711,DOWN,0.0007040709325190565,50.39237109215593,35.644844775699696,0.04467381202547653,0.0003004230554797899,0.0002006920985877514,46.906944274902344
2026-08-27 08:49:00+00:00,bitcoin,79812.28605891159,79823.69105836004,-0.00017813653,-3.533166e-05,0.000774634,0.0005938102,-0.0035331661,DOWN,0.0007046889517524697,50.39237109215593,35.644844775699696,0.04467381202547653,0.0003004230554797899,0.0002006920985877514,46.906944274902344
2026-08-27 08:50:00+00:00,bitcoin,79796.98044716101,79809.58698247746,-0.00019187483,-3.382656e-05,0.000815575,0.00059187977,-0.003382656,DOWN,0.0006909243700792955,50.39237109215593,35.644844775699696,0.04467381202547653,0.0003004230554797899,0.0002006920985877514,46.906944274902344
2026-08-27 08:51:00+00:00,bitcoin,79851.24560824502,79793.96584331011,0.0006799128,-3.7703052e-05,0.00077949994,0.00057383283,-0.0037703053,DOWN,0.0006915674031099917,50.39237109215593,35.644844775699696,0.04467381202547653,0.0003004230554797899,0.0002006920985877514,46.906944274902344
2026-08-27 08:52:00+00:00,bitcoin,79769.64828006923,79848.01829583943,-0.00102254,-4.046747e-05,0.0006332659,0.00055930385,-0.004046747,DOWN,0.0007132683003510812,50.39237109215593,35.644844775699696,0.04467381202547653,0.0003004230554797899,0.0002006920985877514,46.906944274902344
2026-08-27 08:53:00+00:00,bitcoin,79826.55367888696,79766.28860302921,0.00071312796,-4.1987816e-05,0.0004916415,0.00054628163,-0.0041987817,DOWN,0.0007188033628460268,50.39237109215593,35.644844775699696,0.04467381202547653,0.0003004230554797899,0.0002006920985877514,46.906944274902344
2026-08-27 08:54:00+00:00,bitcoin,79776.94913931936,79823.1068171626,-0.00062146195,-4.3115047e-05,0.00041938125,0.0005159154,-0.004311505,DOWN,0.0007295990014416239,50.39237109215593,35.644844775699696,0.04467381202547653,0.0003004230554797899,0.0002006920985877514,46.906944274902344
2026-08-27 08:55:00+00:00,bitcoin,79725.2987240674,79773.5247145174,-0.0006477182,-4.29865e-05,0.00025903562,0.00050909194,-0.0042986497,DOWN,0.0007250565481191662,50.39237109215593,35.644844775699696,0.04467381202547653,0.0003004230554797899,0.0002006920985877514,46.906944274902344
2026-08-27 08:56:00+00:00,bitcoin,79768.08386499062,79721.77089248411,0.0005364643,-4.4181026e-05,4.007256e-05,0.0005307529,-0.0044181026,DOWN,0.0007238551358117718,50.39237109215593,35.644844775699696,0.04467381202547653,0.0003004230554797899,0.0002006920985877514,46.906944274902344
2026-08-27 08:57:00+00:00,bitcoin,79763.60409536865,79765.05898704473,-5.6121302e-05,-3.7858026e-05,9.112878e-05,0.00058264565,-0.0037858025,DOWN,0.0007203276267564658,50.39237109215593,35.644844775699696,0.04467381202547653,0.0003004230554797899,0.0002006920985877514,46.906944274902344
2026-08-27 08:58:00+00:00,bitcoin,79762.17527815886,79761.40983889578,-1.792422e-05,-2.7488732e-05,0.00038370435,0.0006350905,-0.002748873,DOWN,0.000718294397640724,50.39237109215593,35.644844775699696,0.04467381202547653,0.0003004230554797899,0.0002006920985877514,46.906944274902344
2026-08-27 08:59:00+00:00,bitcoin,79755.25927413069,79760.56971097458,-8.668723e-05,-2.0095034e-05,0.0005230219,0.0006600805,-0.0020095035,DOWN,0.0007119458100380955,50.39237109215593,35.644844775699696,0.04467381202547653,0.0003004230554797899,0.0002006920985877514,46.906944274902344
2026-08-27 09:00:00+00:00,bitcoin,79756.50330385845,79753.97904465487,1.5574871e-05,-1.6013852e-05,0.0005519502,0.00066357723,-0.0016013852,DOWN,0.0007099288265099213,50.39237109215593,35.644844775699696,0.04467381202547653,0.0003004230554797899,0.0002006920985877514,46.906944274902344
2026-08-27 09:01:00+00:00,bitcoin,79751.68434199691,79754.97876548767,-6.034173e-05,-1.908415e-05,0.0005505279,0.0006395466,-0.0019084149,DOWN,0.0006855560081997958,50.39237109215593,35.644844775699696,0.04467381202547653,0.0003004230554797899,0.0002006920985877514,46.906944274902344
2026-08-27 09:02:00+00:00,bitcoin,79734.03749086335,79749.91917158663,-0.00022131683,-2.2201679e-05,0.0005639766,0.00061192346,-0.0022201678,DOWN,0.0006858297100057994,50.39237109215593,35.644844775699696,0.04467381202547653,0.0003004230554797899,0.0002006920985877514,46.906944274902344
2026-08-27 09:03:00+00:00,bitcoin,79793.71169200353,79732.06676708395,0.0007482045,-2.4729568e-05,0.0004945022,0.000584339,-0.002472957,DOWN,0.0006928865637456255,50.39237109215593,35.644844775699696,0.04467381202547653,0.0003004230554797899,0.0002006920985877514,46.906944274902344
2026-08-27 09:04:00+00:00,bitcoin,79737.82058569975,79791.52144276723,-0.00070078234,-2.7597242e-05,0.00049723743,0.0005626048,-0.0027597242,DOWN,0.0007026664989482923,50.39237109215593,35.644844775699696,0.04467381202547653,0.0003004230554797899,0.0002006920985877514,46.906944274902344
2026-08-27 09:05:00+00:00,bitcoin,79765.14859311562,79735.59127535066,0.00034266606,-2.8009592e-05,0.0005892962,0.00056257134,-0.0028009592,DOWN,0.0007032752032370615,50.39237109215593,35.644844775699696,0.04467381202547653,0.0003004230554797899,0.0002006920985877514,46.906944274902344
2026-08-27 09:06:00+00:00,bitcoin,79764.38773776591,79763.06126760459,-9.500592e-06,-2.6229864e-05,0.000577076,0.00057432754,-0.0026229864,DOWN,0.0006845025235243499,50.39237109215593,35.644844775699696,0.04467381202547653,0.0003004230554797899,0.0002006920985877514,46.906944274902344
2026-08-27 09:07:00+00:00,bitcoin,79805.36342515983,79762.27019463666,0.0005135881,-2.6642385e-05,0.0006203793,0.0005726269,-0.0026642384,DOWN,0.0006846089943811009,50.39237109215593,35.644844775699696,0.04467381202547653,0.0003004230554797899,0.0002006920985877514,46.906944274902344
2026-08-27 09:08:00+00:00,bitcoin,79838.01766064018,79803.18858658243,0.000409115,-2.7276845e-05,0.0006174181,0.00057120685,-0.0027276846,DOWN,0.0006867759583747976,50.39237109215593,35.644844775699696,0.04467381202547653,0.0003004230554797899,0.0002006920985877514,46.906944274902344
2026-08-27 09:09:00+00:00,bitcoin,79781.55650126282,79835.63456155267,-0.0007074438,-2.9873358e-05,0.0004430787,0.00056108285,-0.0029873357,DOWN,0.0006998234085894701,50.39237109215593,35.644844775699696,0.04467381202547653,0.0003004230554797899,0.0002006920985877514,46.906944274902344
2026-08-27 09:10:00+00:00,bitcoin,79846.7108181864,79779.08971711993,0.0008162519,-3.1016527e-05,0.0003578679,0.00056390447,-0.0031016527,DOWN,0.0007143720937501178,50.39237109215593,35.644844775699696,0.04467381202547653,0.0003004230554797899,0.0002006920985877514,46.906944274902344
2026-08-27 09:11:00+00:00,bitcoin,79868.49871460628,79844.16474685958,0.00027284893,-3.1921616e-05,0.0005166606,0.0005681799,-0.0031921617,DOWN,0.0006795860182560656,50.39237109215593,35.644844775699696,0.04467381202547653,0.0003004230554797899,0.0002006920985877514,46.906944274902344
2026-08-27 09:12:00+00:00,bitcoin,79836.43780639768,79865.7674537301,-0.00040152174,-3.4171233e-05,0.00045275537,0.00056327326,-0.0034171233,DOWN,0.000654859927422779,50.39237109215593,35.644844775699696,0.04467381202547653,0.0003004230554797899,0.0002006920985877514,46.906944274902344
2026-08-27 09:13:00+00:00,bitcoin,79867.29240827262,79833.56329201162,0.00038635996,-3.6001016e-05,0.0004977078,0.0005622002,-0.0036001017,DOWN,0.0006585613122432567,50.39237109215593,35.644844775699696,0.04467381202547653,0.0003004230554797899,0.0002006920985877514,46.906944274902344
2026-08-27 09:14:00+00:00,bitcoin,79875.37232594658,79864.26140905358,0.00010113924,-3.7918257e-05,0.0008057114,0.0005594033,-0.0037918256,DOWN,0.0006588345575257595,50.39237109215593,35.644844775699696,0.04467381202547653,0.0003004230554797899,0.0002006920985877514,46.906944274902344
2026-08-27 09:15:00+00:00,bitcoin,79848.03937532566,79872.14402916515,-0.00034229096,-4.0296767e-05,0.0007796828,0.0005530503,-0.004029677,DOWN,0.0006054901793358932,50.39237109215593,35.644844775699696,0.04467381202547653,0.0003004230554797899,0.0002006920985877514,46.906944274902344
2026-08-27 09:16:00+00:00,bitcoin,79914.70923267677,79844.66165601462,0.00083473395,-4.223784e-05,0.0007967898,0.00054864964,-0.004223784,DOWN,0.0005038093995896292,50.39237109215593,35.644844775699696,0.04467381202547653,0.0003004230554797899,0.0002006920985877514,46.906944274902344
2026-08-27 09:17:00+00:00,bitcoin,79907.99946476752,79910.9669931652,-8.397977e-05,-4.680655e-05,0.0008604197,0.00052694813,-0.004680655,DOWN,0.0005041196100504172,50.39237109215593,35.644844775699696,0.04467381202547653,0.0003004230554797899,0.0002006920985877514,46.906944274902344
2026-08-27 09:18:00+00:00,bitcoin,79875.8505063057,79903.92296791077,-0.00040239908,-5.104916e-05,0.00076509255,0.000509165,-0.0051049157,DOWN,0.00050426156739531,50.39237109215593,35.644844775699696,0.04467381202547653,0.0003004230554797899,0.0002006920985877514,46.906944274902344
2026-08-27 09:19:00+00:00,bitcoin,79989.49595837574,79871.58097083261,0.0014218023,-5.3425894e-05,0.00054761465,0.0004951039,-0.005342589,DOWN,0.0005637009281936674,50.39237109215593,35.644844775699696,0.04467381202547653,0.0003004230554797899,0.0002006920985877514,46.906944274902344
2026-08-27 09:20:00+00:00,bitcoin,80076.13947546482,79985.1422803998,0.0010825638,-5.454239e-05,0.0008433675,0.0004982977,-0.005454239,DOWN,0.0005903914704270966,50.39237109215593,35.644844775699696,0.04467381202547653,0.0003004230554797899,0.0002006920985877514,46.906944274902344
2026-08-27 09:21:00+00:00,bitcoin,80076.99974878505,80071.67795422766,1.0634353e-05,-5.575354e-05,0.0009996572,0.0005073757,-0.0055753537,DOWN,0.0005809322835311485,50.39237109215593,35.644844775699696,0.04467381202547653,0.0003004230554797899,0.0002006920985877514,46.906944274902344
2026-08-27 09:22:00+00:00,bitcoin,80043.24258257402,80072.63447440462,-0.00042155822,-5.4440265e-05,0.00077300466,0.0005024198,-0.0054440266,DOWN,0.0005507003621968539,50.39237109215593,35.644844775699696,0.04467381202547653,0.0003004230554797899,0.0002006920985877514,46.906944274902344
2026-08-27 09:23:00+00:00,bitcoin,80062.17331320047,80038.85291440412,0.00023656289,-5.4886754e-05,0.0008242552,0.00050947105,-0.0054886756,DOWN,0.0005395822600164727,50.39237109215593,35.644844775699696,0.04467381202547653,0.0003004230554797899,0.0002006920985877514,46.906944274902344
2026-08-27 09:24:00+00:00,bitcoin,80080.17042073142,80057.89436165337,0.00022470241,-5.3521006e-05,0.0007474045,0.00049247,-0.0053521004,DOWN,0.0005225108328871183,50.39237109215593,35.644844775699696,0.04467381202547653,0.0003004230554797899,0.0002006920985877514,46.906944274902344
2026-08-27 09:25:00+00:00,bitcoin,80224.59785369597,80075.94763707463,0.0018019392,-5.2801643e-05,0.0013160442,0.00047792736,-0.005280164,DOWN,0.0005851685008382258,50.39237109215593,35.644844775699696,0.04467381202547653,0.0003004230554797899,0.0002006920985877514,46.906944274902344
2026-08-27 09:26:00+00:00,bitcoin,80364.47757321037,80220.37926941039,0.0017420243,-5.2604533e-05,0.0010832605,0.00047396234,-0.0052604536,DOWN,0.0006467659126725081,50.39237109215593,35.644844775699696,0.04467381202547653,0.0003004230554797899,0.0002006920985877514,46.906944274902344
2026-08-27 09:27:00+00:00,bitcoin,80434.91971542407,80360.08404439641,0.0008761888,-5.457906e-05,0.0010331632,0.00048039627,-0.005457906,DOWN,0.0006539933475425062,50.39237109215593,35.644844775699696,0.04467381202547653,0.0003004230554797899,0.0002006920985877514,46.906944274902344
2026-08-27 09:28:00+00:00,bitcoin,80437.88474927656,80430.34332332667,3.6810914e-05,-5.687611e-05,0.0010206703,0.00049177336,-0.005687611,DOWN,0.0006532105203126145,50.39237109215593,35.644844775699696,0.04467381202547653,0.0003004230554797899,0.0002006920985877514,46.906944274902344
2026-08-27 09:29:00+00:00,bitcoin,80492.7123877909,80433.18902496854,0.0006813885,-5.8373174e-05,0.0008712619,0.00050374994,-0.0058373176,DOWN,0.0006533411699676382,50.39237109215593,35.644844775699696,0.04467381202547653,0.0003004230554797899,0.0002006920985877514,46.906944274902344
2026-08-27 09:30:00+00:00,bitcoin,80350.02136874245,80487.80764778983,-0.001774249,-6.091866e-05,0.0006339831,0.000506453,-0.006091866,DOWN,0.0007545837242158138,50.39237109215593,35.644844775699696,0.04467381202547653,0.0003004230554797899,0.0002006920985877514,46.906944274902344
2026-08-27 09:31:00+00:00,bitcoin,80397.29318304826,80345.38745840266,0.00058807357,-5.7639605e-05,0.0008673583,0.0005618215,-0.0057639605,DOWN,0.0007547526421639796,50.39237109215593,35.644844775699696,0.04467381202547653,0.0003004230554797899,0.0002006920985877514,46.906944274902344
2026-08-27 09:32:00+00:00,bitcoin,80333.60269334074,80393.53688589716,-0.0007924738,-4.6712077e-05,0.00088481506,0.0006041516,-0.0046712076,DOWN,0.0007744804210603226,50.39237109215593,35.644844775699696,0.04467381202547653,0.0003004230554797899,0.0002006920985877514,46.906944274902344
2026-08-27 09:33:00+00:00,bitcoin,80303.8521293099,80330.55623182096,-0.0003703993,-3.7914346e-05,0.0009182945,0.0006334447,-0.0037914347,DOWN,0.0007765852124883661,50.39237109215593,35.644844775699696,0.04467381202547653,0.0003004230554797899,0.0002006920985877514,46.906944274902344
2026-08-27 09:34:00+00:00,bitcoin,80221.16986299213,80301.58276977297,-0.001030116,-2.8229224e-05,0.00075307715,0.0006656841,-0.0028229223,DOWN,0.0007920976672062398,50.39237109215593,35.644844775699696,0.04467381202547653,0.0003004230554797899,0.0002006920985877514,46.906944274902344
2026-08-27 09:35:00+00:00,bitcoin,80214.27209192421,80219.05842793174,-8.599643e-05,-2.630657e-05,0.0007601593,0.00066917023,-0.002630657,DOWN,0.0007933333679136771,50.39237109215593,35.644844775699696,0.04467381202547653,0.0003004230554797899,0.0002006920985877514,46.906944274902344
2026-08-27 09:36:00+00:00,bitcoin,80309.6859326791,80211.99283215823,0.001188783,-2.847067e-05,0.0006510121,0.0006579863,-0.0028470668,DOWN,0.0008130245004437843,50.39237109215593,35.644844775699696,0.04467381202547653,0.0003004230554797899,0.0002006920985877514,46.906944274902344
2026-08-27 09:37:00+00:00,bitcoin,80238.08130411431,80307.11218524724,-0.00089206325,-3.2057582e-05,0.0006434764,0.0006395407,-0.0032057583,DOWN,0.0008361216424310999,50.39237109215593,35.644844775699696,0.04467381202547653,0.0003004230554797899,0.0002006920985877514,46.906944274902344
2026-08-27 09:38:00+00:00,bitcoin,80267.69174979627,80235.29945639428,0.00036895095,-3.457734e-05,0.0007737492,0.00062516093,-0.0034577341,DOWN,0.0008357749516723485,50.39237109215593,35.644844775699696,0.04467381202547653,0.0003004230554797899,0.0002006920985877514,46.906944274902344
2026-08-27 09:39:00+00:00,bitcoin,80279.1124728769,80264.58247177675,0.00014228717,-3.868236e-05,0.00078191335,0.000605845,-0.003868236,DOWN,0.0008189265663355723,50.39237109215593,35.644844775699696,0.04467381202547653,0.0003004230554797899,0.0002006920985877514,46.906944274902344
2026-08-27 09:40:00+00:00,bitcoin,80324.99759977497,80276.00868994743,0.00057147513,-3.8633625e-05,0.0006931472,0.0005977916,-0.0038633626,DOWN,0.0008138506107956205,50.39237109215593,35.644844775699696,0.04467381202547653,0.0003004230554797899,0.0002006920985877514,46.906944274902344
2026-08-27 09:41:00+00:00,bitcoin,80270.26173323393,80321.90233021975,-0.00068174105,-3.8533308e-05,0.00067431247,0.0005889229,-0.0038533309,DOWN,0.0008293848146070555,50.39237109215593,35.644844775699696,0.04467381202547653,0.0003004230554797899,0.0002006920985877514,46.906944274902344
2026-08-27 09:42:00+00:00,bitcoin,80200.6771169086,80267.24358997215,-0.0008671742,-3.7596274e-05,0.0004953724,0.0005838641,-0.0037596275,DOWN,0.0008446066256374377,50.39237109215593,35.644844775699696,0.04467381202547653,0.0003004230554797899,0.0002006920985877514,46.906944274902344
2026-08-27 09:43:00+00:00,bitcoin,80273.87614675611,80198.13176999846,0.00091233314,-3.1798114e-05,0.00034834904,0.00059138966,-0.0031798114,DOWN,0.0008550439227486043,50.39237109215593,35.644844775699696,0.04467381202547653,0.0003004230554797899,0.0002006920985877514,46.906944274902344
2026-08-27 09:44:00+00:00,bitcoin,80248.68181724707,80271.35649286956,-0.00031401348,-3.1504558e-05,0.00042309298,0.0005831285,-0.003150456,DOWN,0.0008595374590601126,50.39237109215593,35.644844775699696,0.04467381202547653,0.0003004230554797899,0.0002006920985877514,46.906944274902344
2026-08-27 09:45:00+00:00,bitcoin,80229.7286726879,80245.85760301258,-0.00023620781,-3.5187113e-05,0.00068878103,0.00056155474,-0.0035187113,DOWN,0.0008576345303109432,50.39237109215593,35.644844775699696,0.04467381202547653,0.0003004230554797899,0.0002006920985877514,46.906944274902344
2026-08-27 09:46:00+00:00,bitcoin,80253.61775600351,80226.79037498776,0.0002977334,-3.6648056e-05,0.0005835235,0.00054532726,-0.0036648056,DOWN,0.0008485987795038997,50.39237109215593,35.644844775699696,0.04467381202547653,0.0003004230554797899,0.0002006920985877514,46.906944274902344
2026-08-27 09:47:00+00:00,bitcoin,80277.85990642942,80250.80449635349,0.00030202413,-3.5021654e-05,0.0006379372,0.00052435865,-0.0035021654,DOWN,0.0008479897808589221,50.39237109215593,35.644844775699696,0.04467381202547653,0.0003004230554797899,0.0002006920985877514,46.906944274902344
2026-08-27 09:48:00+00:00,bitcoin,80243.9054883644,80275.20373702329,-0.00042313186,-3.3089676e-05,0.00074349303,0.0005056015,-0.0033089677,DOWN,0.0008484671593687613,50.39237109215593,35.644844775699696,0.04467381202547653,0.0003004230554797899,0.0002006920985877514,46.906944274902344
2026-08-27 09:49:00+00:00,bitcoin,80193.40048362594,80241.3969760607,-0.0006295295,-3.1121963e-05,0.0007386846,0.0004976606,-0.0031121962,DOWN,0.0008250118755211174,50.39237109215593,35.644844775699696,0.04467381202547653,0.0003004230554797899,0.0002006920985877514,46.906944274902344
2026-08-27 09:50:00+00:00,bitcoin,80086.42907717032,80191.00370808737,-0.0013347751,-2.983067e-05,0.0004747298,0.00049189857,-0.002983067,DOWN,0.0008420382235765133,50.39237109215593,35.644844775699696,0.04467381202547653,0.0003004230554797899,0.0002006920985877514,46.906944274902344
2026-08-27 09:51:00+00:00,bitcoin,80047.58275575656,80084.2243197849,-0.00048523812,-2.7575647e-05,0.0005520892,0.0005110372,-0.0027575647,DOWN,0.0008467675899309913,50.39237109215593,35.644844775699696,0.04467381202547653,0.0003004230554797899,0.0002006920985877514,46.906944274902344
2026-08-27 09:52:00+00:00,bitcoin,80083.89655617997,80045.7268965058,0.00045363116,-2.3198423e-05,0.00045347508,0.0005279705,-0.0023198423,DOWN,0.0008472466567213964,50.39237109215593,35.644844775699696,0.04467381202547653,0.0003004230554797899,0.0002006920985877514,46.906944274902344
2026-08-27 09:53:00+00:00,bitcoin,80112.58640513476,80082.46642580442,0.00035825145,-1.7904586e-05,0.00030471192,0.00054018205,-0.0017904586,DOWN,0.0008486235447424667,50.39237109215593,35.644844775699696,0.04467381202547653,0.0003004230554797899,0.0002006920985877514,46.906944274902344
2026-08-27 09:54:00+00:00,bitcoin,80066.22769705579,80111.48115573265,-0.0005789428,-1.3838554e-05,0.0004180978,0.0005449995,-0.0013838554,DOWN,0.0008546411383604603,50.39237109215593,35.644844775699696,0.04467381202547653,0.0003004230554797899,0.0002006920985877514,46.906944274902344
2026-08-27 09:55:00+00:00,bitcoin,80051.11740056891,80065.50594233209,-0.00018872878,-8.93038e-06,0.00044313516,0.00055251556,-0.00089303806,DOWN,0.000783684331844089,50.39237109215593,35.644844775699696,0.04467381202547653,0.0003004230554797899,0.0002006920985877514,46.906944274902344
2026-08-27 09:56:00+00:00,bitcoin,79987.81477953633,80050.6257314044,-0.0007911162,-6.138579e-06,0.0005429462,0.0005472813,-0.0006138579,DOWN,0.0007148127854120276,50.39237109215593,35.644844775699696,0.04467381202547653,0.0003004230554797899,0.0002006920985877514,46.906944274902344
2026-08-27 09:57:00+00:00,bitcoin,79985.31902158633,79987.39771487191,-3.1157575e-05,-5.2013847e-06,0.0006454567,0.00053725694,-0.0005201385,DOWN,0.0006883027395310746,50.39237109215593,35.644844775699696,0.04467381202547653,0.0003004230554797899,0.0002006920985877514,46.906944274902344
2026-08-27 09:58:00+00:00,bitcoin,79960.31479280954,79985.0008902275,-0.0003127039,-4.0111972e-06,0.00068006705,0.00052848156,-0.00040111973,DOWN,0.000687347910284089,50.39237109215593,35.644844775699696,0.04467381202547653,0.0003004230554797899,0.0002006920985877514,46.906944274902344
2026-08-27 09:59:00+00:00,bitcoin,79988.74649193138,79960.1647538133,0.00035558196,-1.8492456e-06,0.00075461424,0.00052489026,-0.00018492456,DOWN,0.0006754323090413205,50.39237109215593,35.644844775699696,0.04467381202547653,0.0003004230554797899,0.0002006920985877514,46.906944274902344
2026-08-27 10:00:00+00:00,bitcoin,79946.90388806164,79988.82628321648,-0.0005232573,9.194955e-07,0.000656851,0.0005244594,9.194955e-05,UP,0.0006111571199805285,50.39237109215593,35.644844775699696,0.04467381202547653,0.0003004230554797899,0.0002006920985877514,46.906944274902344
2026-08-27 10:01:00+00:00,bitcoin,80013.88599886,79947.10638869181,0.0008375099,2.4084798e-06,0.00062956347,0.00052103895,0.00024084798,UP,0.0006233772946131818,50.39237109215593,35.644844775699696,0.04467381202547653,0.0003004230554797899,0.0002006920985877514,46.906944274902344
2026-08-27 10:02:00+00:00,bitcoin,79957.87160734646,80014.24354576506,-0.0007004167,4.4334784e-06,0.00044689592,0.000522389,0.00044334785,UP,0.0006203752222495198,50.39237109215593,35.644844775699696,0.04467381202547653,0.0003004230554797899,0.0002006920985877514,46.906944274902344
2026-08-27 10:03:00+00:00,bitcoin,80002.66627404466,79958.49628105573,0.00056019676,7.808328e-06,0.0004494855,0.0005317094,0.0007808328,UP,0.000632444250386805,50.39237109215593,35.644844775699696,0.04467381202547653,0.0003004230554797899,0.0002006920985877514,46.906944274902344
2026-08-27 10:04:00+00:00,bitcoin,80069.79371507838,80003.3585434407,0.0008385851,8.602947e-06,0.00035922878,0.00053257134,0.0008602947,UP,0.000632299988997792,50.39237109215593,35.644844775699696,0.04467381202547653,0.0003004230554797899,0.0002006920985877514,46.906944274902344
2026-08-27 10:05:00+00:00,bitcoin,80071.31627252698,80070.29495082144,1.912376e-05,6.2693753e-06,0.00037138755,0.0005247331,0.00062693754,UP,0.0006324580746582057,50.39237109215593,35.644844775699696,0.04467381202547653,0.0003004230554797899,0.0002006920985877514,46.906944274902344
2026-08-27 10:06:00+00:00,bitcoin,80126.33910587803,80071.53030789457,0.00068694435,2.6881326e-06,0.00038660222,0.00051566435,0.00026881325,UP,0.0006042800570363634,50.39237109215593,35.644844775699696,0.04467381202547653,0.0003004230554797899,0.0002006920985877514,46.906944274902344
2026-08-27 10:07:00+00:00,bitcoin,80110.64535928331,80126.30076687969,-0.00019590124,-5.394586e-07,0.00052198296,0.0005098912,-5.394586e-05,DOWN,0.0005849376713837384,50.39237109215593,35.644844775699696,0.04467381202547653,0.0003004230554797899,0.0002006920985877514,46.906944274902344
2026-08-27 10:08:00+00:00,bitcoin,80117.82043754775,80110.37148942892,8.952061e-05,-3.4233944e-06,0.00063118635,0.0005062051,-0.00034233945,DOWN,0.0005801939007596918,50.39237109215593,35.644844775699696,0.04467381202547653,0.0003004230554797899,0.0002006920985877514,46.906944274902344
2026-08-27 10:09:00+00:00,bitcoin,80156.32909148932,80117.18518506875,0.00048052435,-7.970227e-06,0.00042873292,0.00049680605,-0.00079702266,DOWN,0.0005875465216064376,50.39237109215593,35.644844775699696,0.04467381202547653,0.0003004230554797899,0.0002006920985877514,46.906944274902344
2026-08-27 10:10:00+00:00,bitcoin,80151.61732318811,80155.22447873373,-5.87736e-05,-1.3743648e-05,0.0003540634,0.00047780314,-0.0013743648,DOWN,0.0005756686626605766,50.39237109215593,35.644844775699696,0.04467381202547653,0.0003004230554797899,0.0002006920985877514,46.906944274902344
2026-08-27 10:11:00+00:00,bitcoin,80105.54863568908,80150.24607121153,-0.0005749548,-1.7126516e-05,0.00080726645,0.0004577124,-0.0017126517,DOWN,0.0005720901181660711,50.39237109215593,35.644844775699696,0.04467381202547653,0.0003004230554797899,0.0002006920985877514,46.906944274902344
2026-08-27 10:12:00+00:00,bitcoin,80039.84274205286,80103.97123632021,-0.00082054356,-1.9747713e-05,0.00082340743,0.00045145905,-0.0019747713,DOWN,0.0005699067941263504,50.39237109215593,35.644844775699696,0.04467381202547653,0.0003004230554797899,0.0002006920985877514,46.906944274902344
2026-08-27 10:13:00+00:00,bitcoin,79951.53246237896,80038.10719829053,-0.0011039659,-2.166348e-05,0.00068612315,0.00045936185,-0.002166348,DOWN,0.0005692900269501115,50.39237109215593,35.644844775699696,0.04467381202547653,0.0003004230554797899,0.0002006920985877514,46.906944274902344
2026-08-27 10:14:00+00:00,bitcoin,79934.47558770515,79949.74895950034,-0.0002133356,-2.2352782e-05,0.00067897537,0.0004773691,-0.0022352783,DOWN,0.0005684886290932353,50.39237109215593,35.644844775699696,0.04467381202547653,0.0003004230554797899,0.0002006920985877514,46.906944274902344
2026-08-27 10:15:00+00:00,bitcoin,79856.12968226708,79932.64700752497,-0.0009805802,-2.2869983e-05,0.00035108835,0.00048757164,-0.0022869983,DOWN,0.000589103648075841,50.39237109215593,35.644844775699696,0.04467381202547653,0.0003004230554797899,0.0002006920985877514,46.906944274902344
2026-08-27 10:16:00+00:00,bitcoin,79924.48348922655,79854.39548680326,0.0008554699,-2.1795e-05,0.00018699978,0.00050451315,-0.0021795,DOWN,0.0006122625758947029,50.39237109215593,35.644844775699696,0.04467381202547653,0.0003004230554797899,0.0002006920985877514,46.906944274902344
2026-08-27 10:17:00+00:00,bitcoin,79942.47446348984,79922.84255507821,0.00022518724,-2.0451567e-05,0.00041279747,0.00051072246,-0.0020451567,DOWN,0.0006105212058261894,50.39237109215593,35.644844775699696,0.04467381202547653,0.0003004230554797899,0.0002006920985877514,46.906944274902344
2026-08-27 10:18:00+00:00,bitcoin,79968.0071266545,79940.99466525251,0.00031931928,-1.8511866e-05,0.000621762,0.0005155026,-0.0018511866,DOWN,0.0006136643685348298,50.39237109215593,35.644844775699696,0.04467381202547653,0.0003004230554797899,0.0002006920985877514,46.906944274902344
2026-08-27 10:19:00+00:00,bitcoin,79958.07450006716,79966.74469935475,-0.00012417848,-1.5837777e-05,0.00064669765,0.0005223375,-0.0015837777,DOWN,0.0006059357474922215,50.39237109215593,35.644844775699696,0.04467381202547653,0.0003004230554797899,0.0002006920985877514,46.906944274902344
2026-08-27 10:20:00+00:00,bitcoin,79984.17604469135,79957.04393059295,0.00032638735,-1.286538e-05,0.00057080743,0.0005278686,-0.001286538,DOWN,0.0005634771546880145,50.39237109215593,35.644844775699696,0.04467381202547653,0.0003004230554797899,0.0002006920985877514,46.906944274902344
2026-08-27 10:21:00+00:00,bitcoin,80005.21358256228,79983.12608577544,0.00026290808,-1.3187492e-05,0.0010426893,0.0005182929,-0.0013187493,DOWN,0.0005597510055586904,50.39237109215593,35.644844775699696,0.04467381202547653,0.0003004230554797899,0.0002006920985877514,46.906944274902344
2026-08-27 10:22:00+00:00,bitcoin,79955.0396323041,80004.01876695547,-0.0006273043,-1.4941142e-05,0.0018124607,0.00050428684,-0.0014941142,DOWN,0.000563148271689874,50.39237109215593,35.644844775699696,0.04467381202547653,0.0003004230554797899,0.0002006920985877514,46.906944274902344
2026-08-27 10:23:00+00:00,bitcoin,79863.8856773288,79953.78568558255,-0.0011407443,-1.5691574e-05,0.0018712888,0.0004934775,-0.0015691573,DOWN,0.0005911159992788202,50.39237109215593,35.644844775699696,0.04467381202547653,0.0003004230554797899,0.0002006920985877514,46.906944274902344
2026-08-27 10:24:00+00:00,bitcoin,79805.81242070021,79862.92124031018,-0.00072738057,-1.2027577e-05,0.0019094163,0.00050635816,-0.0012027577,DOWN,0.0005958306650548957,50.39237109215593,35.644844775699696,0.04467381202547653,0.0003004230554797899,0.0002006920985877514,46.906944274902344
2026-08-27 10:25:00+00:00,bitcoin,79716.15163136646,79805.29876591265,-0.0011241595,-6.3908947e-06,0.0018850629,0.00052339135,-0.00063908944,DOWN,0.0006239553526245518,50.39237109215593,35.644844775699696,0.04467381202547653,0.0003004230554797899,0.0002006920985877514,46.906944274902344
2026-08-27 10:26:00+00:00,bitcoin,79463.15258647781,79716.13893459458,-0.0031788081,-1.618746e-07,0.0009803337,0.0005418416,-1.618746e-05,DOWN,0.0008280260557516653,50.39237109215593,35.644844775699696,0.04467381202547653,0.0003004230554797899,0.0002006920985877514,46.906944274902344
2026-08-27 10:27:00+00:00,bitcoin,79613.97349088453,79464.69249501172,0.00189629,1.9425815e-05,0.000567451,0.00062286976,0.0019425815,UP,0.0009136122268659731,50.39237109215593,35.644844775699696,0.04467381202547653,0.0003004230554797899,0.0002006920985877514,46.906944274902344
2026-08-27 10:28:00+00:00,bitcoin,79639.21240182873,79617.87725071516,0.00031700698,4.8969152e-05,0.000572415,0.000693289,0.004896915,UP,0.0009170853077459018,50.39237109215593,35.644844775699696,0.04467381202547653,0.0003004230554797899,0.0002006920985877514,46.906944274902344
2026-08-27 10:29:00+00:00,bitcoin,79667.17779865488,79644.46878528222,0.0003509354,6.586258e-05,0.0005583984,0.0007292888,0.006586258,UP,0.000917000169856587,50.39237109215593,35.644844775699696,0.04467381202547653,0.0003004230554797899,0.0002006920985877514,46.906944274902344
2026-08-27 10:30:00+00:00,bitcoin,79599.77119078673,79672.81313277408,-0.00084635825,7.071965e-05,0.00048952777,0.00073278445,0.0070719654,UP,0.0009235973933470481,50.39237109215593,35.644844775699696,0.04467381202547653,0.0003004230554797899,0.0002006920985877514,46.906944274902344
2026-08-27 10:31:00+00:00,bitcoin,79614.85151004698,79605.88437439129,0.00018940627,7.663738e-05,0.0007502872,0.0007379333,0.007663738,UP,0.0009072547616315831,50.39237109215593,35.644844775699696,0.04467381202547653,0.0003004230554797899,0.0002006920985877514,46.906944274902344
2026-08-27 10:32:00+00:00,bitcoin,79664.82078188378,79621.08703773934,0.0006274341,7.835506e-05,0.0005259114,0.0007328453,0.0078355055,UP,0.0009126809351409099,50.39237109215593,35.644844775699696,0.04467381202547653,0.0003004230554797899,0.0002006920985877514,46.906944274902344
2026-08-27 10:33:00+00:00,bitcoin,79648.09172284836,79671.28762419615,-0.00020998377,8.120072e-05,0.0007618398,0.0007333056,0.008120072,UP,0.000903613211464293,50.39237109215593,35.644844775699696,0.04467381202547653,0.0003004230554797899,0.0002006920985877514,46.906944274902344
2026-08-27 10:34:00+00:00,bitcoin,79619.50018187426,79653.53426619992,-0.0003590655,6.8353846e-05,0.00076254306,0.00069098634,0.0068353848,UP,0.0008847841856267666,50.39237109215593,35.644844775699696,0.04467381202547653,0.0003004230554797899,0.0002006920985877514,46.906944274902344
2026-08-27 10:35:00+00:00,bitcoin,79570.20175135136,79623.8280711174,-0.00061934756,5.4302986e-05,0.0010202717,0.00065043225,0.0054302984,UP,0.0008873126290894029,50.39237109215593,35.644844775699696,0.04467381202547653,0.0003004230554797899,0.0002006920985877514,46.906944274902344
2026-08-27 10:36:00+00:00,bitcoin,79454.62221752666,79574.21549462341,-0.0014536844,5.0425333e-05,0.0006764296,0.0006349506,0.0050425334,UP,0.0008987310702431864,50.39237109215593,35.644844775699696,0.04467381202547653,0.0003004230554797899,0.0002006920985877514,46.906944274902344
2026-08-27 10:37:00+00:00,bitcoin,79440.00231047627,79458.98365432303,-0.00018398595,5.492377e-05,0.0006393767,0.0006475863,0.005492377,UP,0.0008987722380741964,50.39237109215593,35.644844775699696,0.04467381202547653,0.0003004230554797899,0.0002006920985877514,46.906944274902344
2026-08-27 10:38:00+00:00,bitcoin,79492.13227272034,79444.74446296692,0.0006560387,5.9699087e-05,0.00062912056,0.00065953593,0.0059699086,UP,0.0009126513044899611,50.39237109215593,35.644844775699696,0.04467381202547653,0.0003004230554797899,0.0002006920985877514,46.906944274902344
2026-08-27 10:39:00+00:00,bitcoin,79453.64996154886,79497.10781785566,-0.00048424528,6.263145e-05,0.0006328777,0.00066616636,0.0062631452,UP,0.0009025625306485483,50.39237109215593,35.644844775699696,0.04467381202547653,0.0003004230554797899,0.0002006920985877514,46.906944274902344
2026-08-27 10:40:00+00:00,bitcoin,79546.67862021364,79458.64944915473,0.0011702022,6.298877e-05,0.00048284946,0.0006659758,0.0062988773,UP,0.0009406859415157874,50.39237109215593,35.644844775699696,0.04467381202547653,0.0003004230554797899,0.0002006920985877514,46.906944274902344
2026-08-27 10:41:00+00:00,bitcoin,79597.46904568747,79551.34517746046,0.00063837564,5.8672762e-05,0.00039188037,0.0006551068,0.0058672763,UP,0.0009523447653294881,50.39237109215593,35.644844775699696,0.04467381202547653,0.0003004230554797899,0.0002006920985877514,46.906944274902344
2026-08-27 10:42:00+00:00,bitcoin,79599.78233084735,79602.15452050511,2.885571e-05,5.878463e-05,0.00068784825,0.00065723027,0.005878463,UP,0.0009462319484884765,50.39237109215593,35.644844775699696,0.04467381202547653,0.0003004230554797899,0.0002006920985877514,46.906944274902344
2026-08-27 10:43:00+00:00,bitcoin,79641.80036217626,79604.7456904985,0.0005277948,6.242479e-05,0.00060596835,0.0006696069,0.006242479,UP,0.0009383776634367485,50.39237109215593,35.644844775699696,0.04467381202547653,0.0003004230554797899,0.0002006920985877514,46.906944274902344
2026-08-27 10:44:00+00:00,bitcoin,79602.36811847426,79646.1831224151,-0.0004952105,5.5079418e-05,0.0006271569,0.0006510084,0.005507942,UP,0.0009406585989020129,50.39237109215593,35.644844775699696,0.04467381202547653,0.0003004230554797899,0.0002006920985877514,46.906944274902344
2026-08-27 10:45:00+00:00,bitcoin,79585.10133038787,79606.27679625526,-0.00021692191,4.9084065e-05,0.00064498844,0.00063612015,0.0049084066,UP,0.0009273343454141117,50.39237109215593,35.644844775699696,0.04467381202547653,0.0003004230554797899,0.0002006920985877514,46.906944274902344
2026-08-27 10:46:00+00:00,bitcoin,79601.63789749425,79588.70673019812,0.00020769633,4.530243e-05,0.000623374,0.0006270815,0.004530243,UP,0.0009114002312738607,50.39237109215593,35.644844775699696,0.04467381202547653,0.0003004230554797899,0.0002006920985877514,46.906944274902344
2026-08-27 10:47:00+00:00,bitcoin,79501.52592642838,79605.0014977036,-0.0012584211,4.227612e-05,0.00044697305,0.00061990117,0.0042276117,UP,0.0009312130187370482,50.39237109215593,35.644844775699696,0.04467381202547653,0.0003004230554797899,0.0002006920985877514,46.906944274902344
2026-08-27 10:48:00+00:00,bitcoin,79517.28422087152,79505.04900058731,0.00019828627,4.4424436e-05,0.00045018966,0.00062851637,0.0044424436,UP,0.0009292168791431883,50.39237109215593,35.644844775699696,0.04467381202547653,0.0003004230554797899,0.0002006920985877514,46.906944274902344
2026-08-27 10:49:00+00:00,bitcoin,79530.0101482775,79520.7774079293,0.0001599367,4.3894168e-05,0.00046435732,0.00062760833,0.004389417,UP,0.0009313350348141051,50.39237109215593,35.644844775699696,0.04467381202547653,0.0003004230554797899,0.0002006920985877514,46.906944274902344
2026-08-27 10:50:00+00:00,bitcoin,79543.25237237383,79533.29762085807,0.00016649169,4.1351082e-05,0.0005215374,0.000620355,0.004135108,UP,0.0009287992737998205,50.39237109215593,35.644844775699696,0.04467381202547653,0.0003004230554797899,0.0002006920985877514,46.906944274902344
2026-08-27 10:51:00+00:00,bitcoin,79518.62922279537,79546.085206002,-0.00030952969,3.5626967e-05,0.00050072884,0.0006050294,0.0035626967,UP,0.000925177215817416,50.39237109215593,35.644844775699696,0.04467381202547653,0.0003004230554797899,0.0002006920985877514,46.906944274902344
2026-08-27 10:52:00+00:00,bitcoin,79593.08370376937,79521.08796666842,0.0009357616,3.095984e-05,0.00028907988,0.000591154,0.003095984,UP,0.0009442896000195526,50.39237109215593,35.644844775699696,0.04467381202547653,0.0003004230554797899,0.0002006920985877514,46.906944274902344
2026-08-27 10:53:00+00:00,bitcoin,79601.95911230147,79595.39325416833,0.00011159661,2.9076127e-05,0.00028146894,0.00058966305,0.0029076128,UP,0.0009265571257227775,50.39237109215593,35.644844775699696,0.04467381202547653,0.0003004230554797899,0.0002006920985877514,46.906944274902344
2026-08-27 10:54:00+00:00,bitcoin,79599.02400125144,79604.03909271304,-3.690304e-05,2.6184647e-05,0.00036785292,0.00058629044,0.0026184646,UP,0.0009192218280356113,50.39237109215593,35.644844775699696,0.04467381202547653,0.0003004230554797899,0.0002006920985877514,46.906944274902344
2026-08-27 10:55:00+00:00,bitcoin,79570.7179204328,79600.75042513199,-0.0003557523,2.1654294e-05,0.00039706298,0.00057468796,0.0021654293,UP,0.000899824107836647,50.39237109215593,35.644844775699696,0.04467381202547653,0.0003004230554797899,0.0002006920985877514,46.906944274902344
2026-08-27 10:56:00+00:00,bitcoin,79556.45412891638,79572.3329696143,-0.00017920024,2.0381136e-05,0.00046687905,0.0005733378,0.0020381135,UP,0.0006823755696115997,50.39237109215593,35.644844775699696,0.04467381202547653,0.0003004230554797899,0.0002006920985877514,46.906944274902344
2026-08-27 10:57:00+00:00,bitcoin,79588.51808357425,79557.69551174156,0.00040303267,1.5572441e-05,0.00047481578,0.00055502594,0.0015572441,UP,0.0005903344695371663,50.39237109215593,35.644844775699696,0.04467381202547653,0.0003004230554797899,0.0002006920985877514,46.906944274902344
2026-08-27 10:58:00+00:00,bitcoin,79581.64960512752,79589.3014281895,-8.6287364e-05,9.697647e-06,0.00050728564,0.0005300152,0.0009697647,UP,0.0005872021158917249,50.39237109215593,35.644844775699696,0.04467381202547653,0.0003004230554797899,0.0002006920985877514,46.906944274902344
2026-08-27 10:59:00+00:00,bitcoin,79619.48989833891,79581.9693167992,0.00047532242,3.97602e-06,0.00049620593,0.00050761254,0.00039760198,UP,0.0005903728810302017,50.39237109215593,35.644844775699696,0.04467381202547653,0.0003004230554797899,0.0002006920985877514,46.906944274902344
2026-08-27 11:00:00+00:00,bitcoin,79583.22086699074,79619.22642877325,-0.0004556887,-3.2963408e-06,0.00038695245,0.00048245152,-0.0003296341,DOWN,0.0005756517968909145,50.39237109215593,35.644844775699696,0.04467381202547653,0.0003004230554797899,0.0002006920985877514,46.906944274902344
2026-08-27 11:01:00+00:00,bitcoin,79638.40497201309,79582.7823452875,0.0006931181,-5.437678e-06,0.00039928246,0.00047335413,-0.00054376776,DOWN,0.0005887772327721714,50.39237109215593,35.644844775699696,0.04467381202547653,0.0003004230554797899,0.0002006920985877514,46.906944274902344
2026-08-27 11:02:00+00:00,bitcoin,79625.93329225201,79637.77185746469,-0.00015657934,-7.898066e-06,0.00040376917,0.00045880934,-0.00078980654,DOWN,0.0005777159793719923,50.39237109215593,35.644844775699696,0.04467381202547653,0.0003004230554797899,0.0002006920985877514,46.906944274902344
2026-08-27 11:03:00+00:00,bitcoin,79673.52333014645,79625.04217142751,0.00059753814,-1.10893625e-05,0.0004012386,0.000450083,-0.0011089363,DOWN,0.000587114070781406,50.39237109215593,35.644844775699696,0.04467381202547653,0.0003004230554797899,0.0002006920985877514,46.906944274902344
2026-08-27 11:04:00+00:00,bitcoin,79702.54878802598,79672.37420078088,0.00036421325,-1.4444083e-05,0.00034663806,0.00044368545,-0.0014444083,DOWN,0.0005862543679410186,50.39237109215593,35.644844775699696,0.04467381202547653,0.0003004230554797899,0.0002006920985877514,46.906944274902344
2026-08-27 11:05:00+00:00,bitcoin,79696.14300959185,79701.13118368573,-8.028218e-05,-1.774972e-05,0.00038016372,0.00043853984,-0.0017749721,DOWN,0.0005736426486369485,50.39237109215593,35.644844775699696,0.04467381202547653,0.0003004230554797899,0.0002006920985877514,46.906944274902344
2026-08-27 11:06:00+00:00,bitcoin,79666.1885437849,79694.46209498076,-0.00037601028,-2.1093721e-05,0.00043748485,0.00043372507,-0.002109372,DOWN,0.000505882660626777,50.39237109215593,35.644844775699696,0.04467381202547653,0.0003004230554797899,0.0002006920985877514,46.906944274902344
2026-08-27 11:07:00+00:00,bitcoin,79701.20275322348,79664.31185245141,0.0004395308,-2.3532524e-05,0.00039728265,0.00043275766,-0.0023532524,DOWN,0.0005070997259139579,50.39237109215593,35.644844775699696,0.04467381202547653,0.0003004230554797899,0.0002006920985877514,46.906944274902344
2026-08-27 11:08:00+00:00,bitcoin,79668.24203467928,79699.07318443526,-0.00041373988,-2.673496e-05,0.00041876163,0.00042519977,-0.002673496,DOWN,0.0005049433760705578,50.39237109215593,35.644844775699696,0.04467381202547653,0.0003004230554797899,0.0002006920985877514,46.906944274902344
2026-08-27 11:09:00+00:00,bitcoin,79670.49302260857,79665.9581122105,2.824172e-05,-2.8634608e-05,0.0004730064,0.00042080414,-0.0028634607,DOWN,0.0004939640256377151,50.39237109215593,35.644844775699696,0.04467381202547653,0.0003004230554797899,0.0002006920985877514,46.906944274902344
2026-08-27 11:10:00+00:00,bitcoin,79691.88997112494,79668.1653091209,0.00026855068,-2.9227715e-05,0.0005252783,0.0004127731,-0.0029227715,DOWN,0.0004515950166673112,50.39237109215593,35.644844775699696,0.04467381202547653,0.0003004230554797899,0.0002006920985877514,46.906944274902344
2026-08-27 11:11:00+00:00,bitcoin,79645.30255798995,79689.80537200067,-0.0005848447,-2.6220485e-05,0.0003600157,0.0004008913,-0.0026220484,DOWN,0.0004528592438283909,50.39237109215593,35.644844775699696,0.04467381202547653,0.0003004230554797899,0.0002006920985877514,46.906944274902344
2026-08-27 11:12:00+00:00,bitcoin,79667.86520465277,79643.25556625985,0.00028324718,-2.5657922e-05,0.00064526155,0.00039906378,-0.0025657923,DOWN,0.0004554038226202721,50.39237109215593,35.644844775699696,0.04467381202547653,0.0003004230554797899,0.0002006920985877514,46.906944274902344
2026-08-27 11:13:00+00:00,bitcoin,79708.23175504245,79665.84123085532,0.0005065652,-2.53545e-05,0.00058673683,0.00039807873,-0.00253545,DOWN,0.00045461656479751054,50.39237109215593,35.644844775699696,0.04467381202547653,0.0003004230554797899,0.0002006920985877514,46.906944274902344
2026-08-27 11:14:00+00:00,bitcoin,79757.53223843966,79706.20739577478,0.0006183734,-2.533726e-05,0.00050928496,0.00039788615,-0.002533726,DOWN,0.00045590589432264306,50.39237109215593,35.644844775699696,0.04467381202547653,0.0003004230554797899,0.0002006920985877514,46.906944274902344
2026-08-27 11:15:00+00:00,bitcoin,79732.90594793111,79755.56788132153,-0.00030879595,-2.4576715e-05,0.00063451903,0.0003950971,-0.0024576716,DOWN,0.00045816717982330923,50.39237109215593,35.644844775699696,0.04467381202547653,0.0003004230554797899,0.0002006920985877514,46.906944274902344
2026-08-27 11:16:00+00:00,bitcoin,79747.90498710424,79730.89596299268,0.00018801243,-2.5231839e-05,0.0006408266,0.00039652412,-0.0025231838,DOWN,0.0004579652471939893,50.39237109215593,35.644844775699696,0.04467381202547653,0.0003004230554797899,0.0002006920985877514,46.906944274902344
2026-08-27 11:17:00+00:00,bitcoin,79672.42957642721,79745.85925242724,-0.0009467896,-2.5555397e-05,0.00044228122,0.00039693975,-0.0025555396,DOWN,0.0004297060477748354,50.39237109215593,35.644844775699696,0.04467381202547653,0.0003004230554797899,0.0002006920985877514,46.906944274902344
2026-08-27 11:18:00+00:00,bitcoin,79651.53951011924,79669.9982779026,-0.00026224082,-3.053342e-05,0.00039428895,0.0004098158,-0.0030533422,DOWN,0.00043323726260791144,50.39237109215593,35.644844775699696,0.04467381202547653,0.0003004230554797899,0.0002006920985877514,46.906944274902344
2026-08-27 11:19:00+00:00,bitcoin,79680.23356712423,79648.77121071378,0.00036009768,-3.47246e-05,0.00038501917,0.0004203148,-0.00347246,DOWN,0.0004364190297670773,50.39237109215593,35.644844775699696,0.04467381202547653,0.0003004230554797899,0.0002006920985877514,46.906944274902344
2026-08-27 11:20:00+00:00,bitcoin,79735.48005365301,79677.38647416327,0.0006931563,-3.5607125e-05,0.0002501692,0.00042277112,-0.0035607126,DOWN,0.00045108385810348277,50.39237109215593,35.644844775699696,0.04467381202547653,0.0003004230554797899,0.0002006920985877514,46.906944274902344
2026-08-27 11:21:00+00:00,bitcoin,79708.22987943096,79732.80084602209,-0.00034181343,-3.3624652e-05,0.0008871175,0.0004182029,-0.0033624652,DOWN,0.00045208350412277406,50.39237109215593,35.644844775699696,0.04467381202547653,0.0003004230554797899,0.0002006920985877514,46.906944274902344
2026-08-27 11:22:00+00:00,bitcoin,79734.35695541464,79705.61827418907,0.00032780218,-3.2732285e-05,0.0008184025,0.00041593055,-0.0032732284,DOWN,0.00042517318856631007,50.39237109215593,35.644844775699696,0.04467381202547653,0.0003004230554797899,0.0002006920985877514,46.906944274902344
2026-08-27 11:23:00+00:00,bitcoin,79733.70827727113,79731.93558053486,-8.132506e-06,-3.041499e-05,0.00085204304,0.00040871766,-0.003041499,DOWN,0.00042522634309621524,50.39237109215593,35.644844775699696,0.04467381202547653,0.0003004230554797899,0.0002006920985877514,46.906944274902344
2026-08-27 11:24:00+00:00,bitcoin,79744.72723138053,79731.45825272892,0.00013814562,-2.8291764e-05,0.00079533557,0.00040308782,-0.0028291764,DOWN,0.000425119791599097,50.39237109215593,35.644844775699696,0.04467381202547653,0.0003004230554797899,0.0002006920985877514,46.906944274902344
2026-08-27 11:25:00+00:00,bitcoin,79738.00559977535,79742.74449640652,-8.425677e-05,-2.4880559e-05,0.00081043114,0.0003937444,-0.002488056,DOWN,0.00041878578866300315,50.39237109215593,35.644844775699696,0.04467381202547653,0.0003004230554797899,0.0002006920985877514,46.906944274902344
2026-08-27 11:26:00+00:00,bitcoin,79589.92145255674,79736.29682047293,-0.0018588827,-2.1497708e-05,0.0006670049,0.0003835695,-0.0021497707,DOWN,0.0005459687568542407,50.39237109215593,35.644844775699696,0.04467381202547653,0.0003004230554797899,0.0002006920985877514,46.906944274902344
2026-08-27 11:27:00+00:00,bitcoin,79541.50059148204,79587.47400762513,-0.0006085772,-3.0698116e-05,0.00066287664,0.00040896743,-0.0030698117,DOWN,0.0005523168918165477,50.39237109215593,35.644844775699696,0.04467381202547653,0.0003004230554797899,0.0002006920985877514,46.906944274902344
2026-08-27 11:28:00+00:00,bitcoin,79556.9083892703,79538.72174888849,0.00019366945,-3.4968834e-05,0.000979225,0.00045041644,-0.0034968834,DOWN,0.0005535144850858663,50.39237109215593,35.644844775699696,0.04467381202547653,0.0003004230554797899,0.0002006920985877514,46.906944274902344
2026-08-27 11:29:00+00:00,bitcoin,79529.88181348331,79554.44517217018,-0.000339732,-3.0978077e-05,0.0009953672,0.0004900341,-0.0030978078,DOWN,0.000548838970482524,50.39237109215593,35.644844775699696,0.04467381202547653,0.0003004230554797899,0.0002006920985877514,46.906944274902344
2026-08-27 11:30:00+00:00,bitcoin,79424.93145433255,79527.6927706087,-0.0013205406,-2.7593524e-05,0.0007045362,0.0005049606,-0.0027593523,DOWN,0.0005924806424822128,50.39237109215593,35.644844775699696,0.04467381202547653,0.0003004230554797899,0.0002006920985877514,46.906944274902344
2026-08-27 11:31:00+00:00,bitcoin,79451.88562283758,79423.09759284323,0.0003392959,-2.3063494e-05,0.0008229847,0.00052029936,-0.0023063493,DOWN,0.0005802299860464626,50.39237109215593,35.644844775699696,0.04467381202547653,0.0003004230554797899,0.0002006920985877514,46.906944274902344
2026-08-27 11:32:00+00:00,bitcoin,79451.8733410975,79450.45736642322,-1.9666004e-07,-1.7968683e-05,0.00082521443,0.00051709637,-0.0017968683,DOWN,0.0005802021562998729,50.39237109215593,35.644844775699696,0.04467381202547653,0.0003004230554797899,0.0002006920985877514,46.906944274902344
2026-08-27 11:33:00+00:00,bitcoin,79560.34313904028,79450.83480483014,0.0013643805,-1.295819e-05,0.00028075447,0.0005113685,-0.0012958191,DOWN,0.0006259146442642949,50.39237109215593,35.644844775699696,0.04467381202547653,0.0003004230554797899,0.0002006920985877514,46.906944274902344
2026-08-27 11:34:00+00:00,bitcoin,79520.96480330825,79559.54706610739,-0.0004950299,-9.9897725e-06,0.00027863073,0.00050388766,-0.0009989772,DOWN,0.0006260944667505187,50.39237109215593,35.644844775699696,0.04467381202547653,0.0003004230554797899,0.0002006920985877514,46.906944274902344
2026-08-27 11:35:00+00:00,bitcoin,79513.08169102669,79520.54216628149,-9.9231904e-05,-5.4293387e-06,0.00026353876,0.00051151944,-0.0005429339,DOWN,0.0006261086624499103,50.39237109215593,35.644844775699696,0.04467381202547653,0.0003004230554797899,0.0002006920985877514,46.906944274902344
2026-08-27 11:36:00+00:00,bitcoin,79451.88839294482,79513.0970823951,-0.00076992204,1.0995245e-07,0.0003001747,0.0005203167,1.0995245e-05,UP,0.0006366390626869757,50.39237109215593,35.644844775699696,0.04467381202547653,0.0003004230554797899,0.0002006920985877514,46.906944274902344
2026-08-27 11:37:00+00:00,bitcoin,79441.11382785346,79452.49845366273,-0.00013550786,7.7644445e-06,0.00029801432,0.0005387315,0.00077644445,UP,0.0006287640339102332,50.39237109215593,35.644844775699696,0.04467381202547653,0.0003004230554797899,0.0002006920985877514,46.906944274902344
2026-08-27 11:38:00+00:00,bitcoin,79420.87007277645,79442.10207989067,-0.00025493826,1.2361894e-05,0.00028798086,0.00054416904,0.0012361894,UP,0.000626774444918175,50.39237109215593,35.644844775699696,0.04467381202547653,0.0003004230554797899,0.0002006920985877514,46.906944274902344
2026-08-27 11:39:00+00:00,bitcoin,79408.78639572486,79422.94061492849,-0.00015208905,2.6188263e-05,0.0002794096,0.0005820292,0.0026188262,UP,0.0006263322760290583,50.39237109215593,35.644844775699696,0.04467381202547653,0.0003004230554797899,0.0002006920985877514,46.906944274902344
2026-08-27 11:40:00+00:00,bitcoin,79391.24333971413,79411.19349389337,-0.00022099336,3.0164054e-05,0.00023550937,0.0005844714,0.0030164053,UP,0.0006225082589883346,50.39237109215593,35.644844775699696,0.04467381202547653,0.0003004230554797899,0.0002006920985877514,46.906944274902344
2026-08-27 11:41:00+00:00,bitcoin,79428.6729939999,79393.19180725701,0.00047134756,2.4544974e-05,0.00015893474,0.0005508685,0.0024544974,UP,0.0006255189705655587,50.39237109215593,35.644844775699696,0.04467381202547653,0.0003004230554797899,0.0002006920985877514,46.906944274902344
2026-08-27 11:42:00+00:00,bitcoin,79421.34788540658,79430.18685668707,-9.22647e-05,1.8971648e-05,0.00017677166,0.0005243711,0.0018971649,UP,0.0006215237363454078,50.39237109215593,35.644844775699696,0.04467381202547653,0.0003004230554797899,0.0002006920985877514,46.906944274902344
2026-08-27 11:43:00+00:00,bitcoin,79436.60578228533,79422.65976891294,0.00019219214,1.6589307e-05,0.0002112571,0.0005145578,0.0016589307,UP,0.0006134840477934199,50.39237109215593,35.644844775699696,0.04467381202547653,0.0003004230554797899,0.0002006920985877514,46.906944274902344
2026-08-27 11:44:00+00:00,bitcoin,79429.10946623981,79437.69837690331,-9.441937e-05,1.3622027e-05,0.00033585122,0.0005050107,0.0013622027,UP,0.0005977511045127636,50.39237109215593,35.644844775699696,0.04467381202547653,0.0003004230554797899,0.0002006920985877514,46.906944274902344
2026-08-27 11:45:00+00:00,bitcoin,79442.71587922238,79429.80058920197,0.0001713252,8.654245e-06,0.0003031372,0.00049107126,0.0008654245,UP,0.0005994285670665039,50.39237109215593,35.644844775699696,0.04467381202547653,0.0003004230554797899,0.0002006920985877514,46.906944274902344
2026-08-27 11:46:00+00:00,bitcoin,79432.14988397062,79443.17332488298,-0.00013306463,5.6734707e-06,0.00030919065,0.00048503204,0.00056734704,UP,0.0005965736577272553,50.39237109215593,35.644844775699696,0.04467381202547653,0.0003004230554797899,0.0002006920985877514,46.906944274902344
2026-08-27 11:47:00+00:00,bitcoin,79451.86299956404,79432.39463279955,0.00024821566,3.1092572e-06,0.0004897958,0.00048132997,0.00031092574,UP,0.0005799855289643298,50.39237109215593,35.644844775699696,0.04467381202547653,0.0003004230554797899,0.0002006920985877514,46.906944274902344
2026-08-27 11:48:00+00:00,bitcoin,79432.15246706596,79452.20815792307,-0.00024811729,4.2553065e-06,0.00068284496,0.00048802592,0.00042553066,UP,0.00057984855625746,50.39237109215593,35.644844775699696,0.04467381202547653,0.0003004230554797899,0.0002006920985877514,46.906944274902344
2026-08-27 11:49:00+00:00,bitcoin,79385.83365292847,79432.51607393473,-0.0005834116,4.465136e-06,0.00058554957,0.00048952404,0.00044651362,UP,0.0005800755474044715,50.39237109215593,35.644844775699696,0.04467381202547653,0.0003004230554797899,0.0002006920985877514,46.906944274902344
2026-08-27 11:50:00+00:00,bitcoin,79360.88226474077,79386.32969199307,-0.00031427818,6.2926047e-06,0.0005046619,0.000495369,0.00062926044,UP,0.0005599854522960692,50.39237109215593,35.644844775699696,0.04467381202547653,0.0003004230554797899,0.0002006920985877514,46.906944274902344
2026-08-27 11:51:00+00:00,bitcoin,79330.07451690687,79361.38422188628,-0.0003883334,6.2672734e-06,0.00042756865,0.0004935039,0.00062672736,UP,0.0005605791197496015,50.39237109215593,35.644844775699696,0.04467381202547653,0.0003004230554797899,0.0002006920985877514,46.906944274902344
2026-08-27 11:52:00+00:00,bitcoin,79383.64354518894,79330.59044097271,0.0006750559,6.5599243e-06,0.00043073905,0.0004920717,0.0006559924,UP,0.0005743886621625419,50.39237109215593,35.644844775699696,0.04467381202547653,0.0003004230554797899,0.0002006920985877514,46.906944274902344
2026-08-27 11:53:00+00:00,bitcoin,79456.33744517341,79384.04754549824,0.000915426,5.069419e-06,0.0002176314,0.00048639983,0.00050694187,UP,0.0006059824075631723,50.39237109215593,35.644844775699696,0.04467381202547653,0.0003004230554797899,0.0002006920985877514,46.906944274902344
2026-08-27 11:54:00+00:00,bitcoin,79488.11261760443,79456.5994922258,0.00039970726,3.1965178e-06,0.00010929072,0.00048226982,0.0003196518,UP,0.0006116222528402982,50.39237109215593,35.644844775699696,0.04467381202547653,0.0003004230554797899,0.0002006920985877514,46.906944274902344
2026-08-27 11:55:00+00:00,bitcoin,79498.92117271386,79488.17570504732,0.00013601738,7.698209e-07,0.00025440194,0.00047856814,7.698209e-05,UP,0.0006132280312020958,50.39237109215593,35.644844775699696,0.04467381202547653,0.0003004230554797899,0.0002006920985877514,46.906944274902344
2026-08-27 11:56:00+00:00,bitcoin,79485.7156615695,79498.84605892003,-0.00016619138,-1.0201811e-06,0.00024045141,0.00048032578,-0.00010201811,DOWN,0.0005161720061361954,50.39237109215593,35.644844775699696,0.04467381202547653,0.0003004230554797899,0.0002006920985877514,46.906944274902344
2026-08-27 11:57:00+00:00,bitcoin,79481.6317626764,79485.43614988122,-5.1307707e-05,-3.4269724e-06,0.0002771657,0.00047572164,-0.00034269725,DOWN,0.0005050515369452396,50.39237109215593,35.644844775699696,0.04467381202547653,0.0003004230554797899,0.0002006920985877514,46.906944274902344
2026-08-27 11:58:00+00:00,bitcoin,79480.93166627549,79481.18275242345,-8.846423e-06,-5.6498684e-06,0.00032535585,0.00046493314,-0.00056498684,DOWN,0.0005033787246139362,50.39237109215593,35.644844775699696,0.04467381202547653,0.0003004230554797899,0.0002006920985877514,46.906944274902344
2026-08-27 11:59:00+00:00,bitcoin,79476.33911532955,79480.21433518035,-5.7700257e-05,-8.97729e-06,0.0003592665,0.00045042866,-0.000897729,DOWN,0.0005000519225734356,50.39237109215593,35.644844775699696,0.04467381202547653,0.0003004230554797899,0.0002006920985877514,46.906944274902344
2026-08-27 12:00:00+00:00,bitcoin,79514.72421414033,79475.41052963026,0.0004828298,-1.1749372e-05,0.00014245078,0.00043985498,-0.0011749372,DOWN,0.0004439398023400956,50.39237109215593,35.644844775699696,0.04467381202547653,0.0003004230554797899,0.0002006920985877514,46.906944274902344
2026-08-27 12:01:00+00:00,bitcoin,79507.81170928152,79513.37582009612,-8.6957014e-05,-1.7026483e-05,0.00011957297,0.00041476285,-0.0017026484,DOWN,0.0004407646778237695,50.39237109215593,35.644844775699696,0.04467381202547653,0.0003004230554797899,0.0002006920985877514,46.906944274902344
2026-08-27 12:02:00+00:00,bitcoin,79487.64316737652,79506.18701102212,-0.00025364323,-2.0473595e-05,0.00014223006,0.00039602906,-0.0020473595,DOWN,0.00044365432411099746,50.39237109215593,35.644844775699696,0.04467381202547653,0.0003004230554797899,0.0002006920985877514,46.906944274902344
2026-08-27 12:03:00+00:00,bitcoin,79458.95138272131,79485.9617689345,-0.00036106858,-2.1221527e-05,0.00013342942,0.0003867595,-0.0021221528,DOWN,0.00036799087578763865,50.39237109215593,35.644844775699696,0.04467381202547653,0.0003004230554797899,0.0002006920985877514,46.906944274902344
2026-08-27 12:04:00+00:00,bitcoin,79427.53842329513,79457.46598247997,-0.00039542775,-1.8686362e-05,0.00044439267,0.00037867064,-0.0018686361,DOWN,0.00036419913871563235,50.39237109215593,35.644844775699696,0.04467381202547653,0.0003004230554797899,0.0002006920985877514,46.906944274902344
2026-08-27 12:05:00+00:00,bitcoin,79419.35354381567,79426.19453542866,-0.00010308669,-1.6892856e-05,0.00048211234,0.00037336542,-0.0016892856,DOWN,0.0003642217526360219,50.39237109215593,35.644844775699696,0.04467381202547653,0.0003004230554797899,0.0002006920985877514,46.906944274902344
2026-08-27 12:06:00+00:00,bitcoin,79390.77857363038,79418.13971936703,-0.00035980466,-1.5306905e-05,0.00053294864,0.0003687999,-0.0015306905,DOWN,0.00034294525864816223,50.39237109215593,35.644844775699696,0.04467381202547653,0.0003004230554797899,0.0002006920985877514,46.906944274902344
2026-08-27 12:07:00+00:00,bitcoin,79380.84392543882,79389.54145045951,-0.00012517981,-1.5579179e-05,0.0006053777,0.0003693245,-0.0015579178,DOWN,0.0003428362986562538,50.39237109215593,35.644844775699696,0.04467381202547653,0.0003004230554797899,0.0002006920985877514,46.906944274902344
2026-08-27 12:08:00+00:00,bitcoin,79364.00445896946,79379.53786510974,-0.00021211318,-1.6429225e-05,0.00067533413,0.00037143234,-0.0016429225,DOWN,0.00034193521622046826,50.39237109215593,35.644844775699696,0.04467381202547653,0.0003004230554797899,0.0002006920985877514,46.906944274902344
2026-08-27 12:09:00+00:00,bitcoin,79424.95510415174,79362.5981343789,0.00076772494,-1.7772232e-05,0.000616997,0.00037484727,-0.0017772232,DOWN,0.00037013531890959345,50.39237109215593,35.644844775699696,0.04467381202547653,0.0003004230554797899,0.0002006920985877514,46.906944274902344
2026-08-27 12:10:00+00:00,bitcoin,79460.93060333747,79423.45076069003,0.00045276206,-1.8994531e-05,0.00060185045,0.00037834627,-0.0018994531,DOWN,0.00037622863456232287,50.39237109215593,35.644844775699696,0.04467381202547653,0.0003004230554797899,0.0002006920985877514,46.906944274902344
2026-08-27 12:11:00+00:00,bitcoin,79539.81650906056,79459.4472442274,0.0009922321,-1.8674997e-05,0.00041157578,0.0003774903,-0.0018674997,DOWN,0.00040804416114427884,50.39237109215593,35.644844775699696,0.04467381202547653,0.0003004230554797899,0.0002006920985877514,46.906944274902344
2026-08-27 12:12:00+00:00,bitcoin,79508.31842050329,79538.33806695417,-0.00039610654,-1.8487946e-05,0.00043175218,0.0003777091,-0.0018487946,DOWN,0.0004153153235378037,50.39237109215593,35.644844775699696,0.04467381202547653,0.0003004230554797899,0.0002006920985877514,46.906944274902344
2026-08-27 12:13:00+00:00,bitcoin,79469.34317078069,79506.75334770605,-0.00049024186,-1.9602769e-05,0.00042482023,0.00038117828,-0.0019602769,DOWN,0.0004250668045908558,50.39237109215593,35.644844775699696,0.04467381202547653,0.0003004230554797899,0.0002006920985877514,46.906944274902344
2026-08-27 12:14:00+00:00,bitcoin,79490.96224050969,79467.57220849022,0.00027198222,-2.230917e-05,0.00037185446,0.00038880773,-0.002230917,DOWN,0.0004271092743945133,50.39237109215593,35.644844775699696,0.04467381202547653,0.0003004230554797899,0.0002006920985877514,46.906944274902344
2026-08-27 12:15:00+00:00,bitcoin,79513.57081899606,79488.9662266639,0.00028438657,-2.5036945e-05,0.00050993887,0.00039596995,-0.0025036945,DOWN,0.00042893107854718136,50.39237109215593,35.644844775699696,0.04467381202547653,0.0003004230554797899,0.0002006920985877514,46.906944274902344
2026-08-27 12:16:00+00:00,bitcoin,79472.28085037693,79511.56081617996,-0.0005194055,-2.5327488e-05,0.00051578827,0.00039776566,-0.0025327487,DOWN,0.00043964963875799747,50.39237109215593,35.644844775699696,0.04467381202547653,0.0003004230554797899,0.0002006920985877514,46.906944274902344
2026-08-27 12:17:00+00:00,bitcoin,79431.00375444815,79470.24437564984,-0.0005195771,-2.559846e-05,0.00042909515,0.0004005336,-0.002559846,DOWN,0.00044798424059102796,50.39237109215593,35.644844775699696,0.04467381202547653,0.0003004230554797899,0.0002006920985877514,46.906944274902344
2026-08-27 12:18:00+00:00,bitcoin,79395.44896584749,79428.95471477509,-0.0004476191,-2.5772235e-05,0.00031694488,0.00040457144,-0.0025772236,DOWN,0.00045311006936885246,50.39237109215593,35.644844775699696,0.04467381202547653,0.0003004230554797899,0.0002006920985877514,46.906944274902344
2026-08-27 12:19:00+00:00,bitcoin,79398.72790274397,79393.4608107945,4.1228683e-05,-2.5036501e-05,0.00029012578,0.0003989922,-0.00250365,DOWN,0.00044028207160913503,50.39237109215593,35.644844775699696,0.04467381202547653,0.0003004230554797899,0.0002006920985877514,46.906944274902344
2026-08-27 12:20:00+00:00,bitcoin,79450.46261207946,79396.88560720487,0.000651463,-2.3247558e-05,0.00023653806,0.00039152696,-0.0023247558,DOWN,0.0004512740595082603,50.39237109215593,35.644844775699696,0.04467381202547653,0.0003004230554797899,0.0002006920985877514,46.906944274902344
2026-08-27 12:21:00+00:00,bitcoin,79483.39075915515,79448.77813474275,0.000414284,-2.1276992e-05,0.00022858552,0.00038600372,-0.002127699,DOWN,0.00044893577663887455,50.39237109215593,35.644844775699696,0.04467381202547653,0.0003004230554797899,0.0002006920985877514,46.906944274902344
2026-08-27 12:22:00+00:00,bitcoin,79515.77671684697,79481.79879836738,0.0004074314,-2.0027619e-05,0.0001976796,0.00038250926,-0.002002762,DOWN,0.0004389229491956099,50.39237109215593,35.644844775699696,0.04467381202547653,0.0003004230554797899,0.0002006920985877514,46.906944274902344
2026-08-27 12:23:00+00:00,bitcoin,79505.00360449776,79514.25986732356,-0.00013549723,-1.9140349e-05,0.00028076948,0.00037997038,-0.0019140348,DOWN,0.0004088022558055918,50.39237109215593,35.644844775699696,0.04467381202547653,0.0003004230554797899,0.0002006920985877514,46.906944274902344
2026-08-27 12:24:00+00:00,bitcoin,79536.96673659608,79503.47715821723,0.00040191828,-1.9324954e-05,0.00023183695,0.000380818,-0.0019324954,DOWN,0.0004088732166155567,50.39237109215593,35.644844775699696,0.04467381202547653,0.0003004230554797899,0.0002006920985877514,46.906944274902344
2026-08-27 12:25:00+00:00,bitcoin,79554.35790451616,79535.48488812335,0.00021862442,-1.8624367e-05,0.00024166661,0.000378777,-0.0018624366,DOWN,0.0004099545881395909,50.39237109215593,35.644844775699696,0.04467381202547653,0.0003004230554797899,0.0002006920985877514,46.906944274902344
2026-08-27 12:26:00+00:00,bitcoin,79561.41518728435,79552.97002486605,8.8771834e-05,-1.7455044e-05,0.00022478764,0.00037508525,-0.0017455044,DOWN,0.00040853099497824627,50.39237109215593,35.644844775699696,0.04467381202547653,0.0003004230554797899,0.0002006920985877514,46.906944274902344
2026-08-27 12:27:00+00:00,bitcoin,79577.74463165365,79560.20312181581,0.0002052056,-1.5340593e-05,0.00021996527,0.00036932924,-0.0015340593,DOWN,0.0004094149624178965,50.39237109215593,35.644844775699696,0.04467381202547653,0.0003004230554797899,0.0002006920985877514,46.906944274902344
2026-08-27 12:28:00+00:00,bitcoin,79550.14455550909,79576.81558890641,-0.0003470086,-1.1730656e-05,0.00025016227,0.000360972,-0.0011730656,DOWN,0.0004154257851530441,50.39237109215593,35.644844775699696,0.04467381202547653,0.0003004230554797899,0.0002006920985877514,46.906944274902344
2026-08-27 12:29:00+00:00,bitcoin,79548.06382265128,79549.27766146697,-2.6123802e-05,-1.0845509e-05,0.00021097783,0.00035885748,-0.0010845509,DOWN,0.0004152382561633656,50.39237109215593,35.644844775699696,0.04467381202547653,0.0003004230554797899,0.0002006920985877514,46.906944274902344
2026-08-27 12:30:00+00:00,bitcoin,79523.97127380595,79547.17585184053,-0.00030283057,-1.1089948e-05,0.00043654273,0.00035947093,-0.0011089948,DOWN,0.0004104456449051591,50.39237109215593,35.644844775699696,0.04467381202547653,0.0003004230554797899,0.0002006920985877514,46.906944274902344
2026-08-27 12:31:00+00:00,bitcoin,79510.07888726704,79523.05226281704,-0.00017478569,-1.1568022e-05,0.00040032034,0.00036059646,-0.0011568022,DOWN,0.0004114283479079736,50.39237109215593,35.644844775699696,0.04467381202547653,0.0003004230554797899,0.0002006920985877514,46.906944274902344
2026-08-27 12:32:00+00:00,bitcoin,79460.98980252631,79509.21085689683,-0.00061754556,-1.0919845e-05,0.0005830584,0.0003589528,-0.0010919846,DOWN,0.0004243483432234658,50.39237109215593,35.644844775699696,0.04467381202547653,0.0003004230554797899,0.0002006920985877514,46.906944274902344
2026-08-27 12:33:00+00:00,bitcoin,79416.90249012271,79460.0686198785,-0.0005549663,-1.1549414e-05,0.00061710173,0.00036017853,-0.0011549414,DOWN,0.0004312777829294372,50.39237109215593,35.644844775699696,0.04467381202547653,0.0003004230554797899,0.0002006920985877514,46.906944274902344
2026-08-27 12:34:00+00:00,bitcoin,79403.4343774803,79415.8080509752,-0.00016970829,-1.3827207e-05,0.00070355326,0.00036527615,-0.0013827207,DOWN,0.0004264017334237382,50.39237109215593,35.644844775699696,0.04467381202547653,0.0003004230554797899,0.0002006920985877514,46.906944274902344
2026-08-27 12:35:00+00:00,bitcoin,79305.25221005455,79402.14709511725,-0.0012372317,-1.6183138e-05,0.00036256594,0.00037057188,-0.0016183137,DOWN,0.00048157072397171684,50.39237109215593,35.644844775699696,0.04467381202547653,0.0003004230554797899,0.0002006920985877514,46.906944274902344
2026-08-27 12:36:00+00:00,bitcoin,79275.0116288513,79303.36394245923,-0.00038141175,-2.3694309e-05,0.00028782134,0.0003892949,-0.0023694308,DOWN,0.0004820690405909896,50.39237109215593,35.644844775699696,0.04467381202547653,0.0003004230554797899,0.0002006920985877514,46.906944274902344
2026-08-27 12:37:00+00:00,bitcoin,79303.75567791052,79272.55072998628,0.00036259583,-3.100642e-05,0.00029858723,0.00040993557,-0.003100642,DOWN,0.00048759080816938996,50.39237109215593,35.644844775699696,0.04467381202547653,0.0003004230554797899,0.0002006920985877514,46.906944274902344
2026-08-27 12:38:00+00:00,bitcoin,79314.6390725663,79301.34238074766,0.00013722005,-3.0467876e-05,0.0003214381,0.00042586273,-0.0030467876,DOWN,0.00048731941522300295,50.39237109215593,35.644844775699696,0.04467381202547653,0.0003004230554797899,0.0002006920985877514,46.906944274902344
2026-08-27 12:39:00+00:00,bitcoin,79353.02809535712,79312.67870379332,0.00048381393,-2.4727895e-05,9.267062e-05,0.00043700615,-0.0024727895,DOWN,0.0004740453791428831,50.39237109215593,35.644844775699696,0.04467381202547653,0.0003004230554797899,0.0002006920985877514,46.906944274902344
2026-08-27 12:40:00+00:00,bitcoin,79338.85766022233,79351.40584289934,-0.00017851024,-2.0343385e-05,0.00027192177,0.00043822543,-0.0020343384,DOWN,0.00046580801819063846,50.39237109215593,35.644844775699696,0.04467381202547653,0.0003004230554797899,0.0002006920985877514,46.906944274902344
2026-08-27 12:41:00+00:00,bitcoin,79330.19118301664,79337.54945182521,-0.00010930771,-1.6485126e-05,0.00034308905,0.0004363563,-0.0016485127,DOWN,0.0004220468141060311,50.39237109215593,35.644844775699696,0.04467381202547653,0.0003004230554797899,0.0002006920985877514,46.906944274902344
2026-08-27 12:42:00+00:00,bitcoin,79310.53607158363,79329.18506909907,-0.0002477099,-1.26638615e-05,0.00041451096,0.0004340077,-0.0012663861,DOWN,0.00041917107790822845,50.39237109215593,35.644844775699696,0.04467381202547653,0.0003004230554797899,0.0002006920985877514,46.906944274902344
2026-08-27 12:43:00+00:00,bitcoin,79285.2764968425,79309.71651638765,-0.00031851802,-1.0370754e-05,0.0004386057,0.00042218572,-0.0010370754,DOWN,0.0004145674095671555,50.39237109215593,35.644844775699696,0.04467381202547653,0.0003004230554797899,0.0002006920985877514,46.906944274902344
2026-08-27 12:44:00+00:00,bitcoin,79259.45963712037,79284.61964205652,-0.00032571642,-8.3906025e-06,0.00039504925,0.000412395,-0.00083906023,DOWN,0.00041155636364076923,50.39237109215593,35.644844775699696,0.04467381202547653,0.0003004230554797899,0.0002006920985877514,46.906944274902344
2026-08-27 12:45:00+00:00,bitcoin,79285.29303815402,79258.93654774642,0.00032581497,-6.647527e-06,0.000380818,0.00040883152,-0.0006647527,DOWN,0.00041294839853363497,50.39237109215593,35.644844775699696,0.04467381202547653,0.0003004230554797899,0.0002006920985877514,46.906944274902344
2026-08-27 12:46:00+00:00,bitcoin,79311.24299952574,79284.88264615182,0.00032738343,-5.0684657e-06,0.00037407593,0.0004073394,-0.0005068466,DOWN,0.0004119375939404939,50.39237109215593,35.644844775699696,0.04467381202547653,0.0003004230554797899,0.0002006920985877514,46.906944274902344
2026-08-27 12:47:00+00:00,bitcoin,79265.67864596844,79310.8339959383,-0.00057483936,-5.2847518e-06,0.0002470708,0.00040183924,-0.00052847515,DOWN,0.0004141444953811916,50.39237109215593,35.644844775699696,0.04467381202547653,0.0003004230554797899,0.0002006920985877514,46.906944274902344
2026-08-27 12:48:00+00:00,bitcoin,79293.32969636656,79265.3269790383,0.00034884491,-4.337433e-06,0.00020586464,0.00040339195,-0.0004337433,DOWN,0.00041459430298767814,50.39237109215593,35.644844775699696,0.04467381202547653,0.0003004230554797899,0.0002006920985877514,46.906944274902344
2026-08-27 12:49:00+00:00,bitcoin,79307.68647449277,79293.02564495802,0.00018107545,-3.785136e-06,0.00019218032,0.0004054583,-0.0003785136,DOWN,0.00041635465217460915,50.39237109215593,35.644844775699696,0.04467381202547653,0.0003004230554797899,0.0002006920985877514,46.906944274902344
2026-08-27 12:50:00+00:00,bitcoin,79321.18811628222,79307.21006223932,0.0001702086,-6.0128095e-06,0.0001477277,0.0003992008,-0.00060128095,DOWN,0.00039770944465961777,50.39237109215593,35.644844775699696,0.04467381202547653,0.0003004230554797899,0.0002006920985877514,46.906944274902344
2026-08-27 12:51:00+00:00,bitcoin,79303.8880729042,79320.3884830065,-0.00021808501,-1.0124911e-05,0.00014005705,0.00038739352,-0.0010124911,DOWN,0.0003886743259637177,50.39237109215593,35.644844775699696,0.04467381202547653,0.0003004230554797899,0.0002006920985877514,46.906944274902344
2026-08-27 12:52:00+00:00,bitcoin,79289.78561439365,79302.90270703193,-0.00017793113,-1.243225e-05,0.000121972844,0.00038287585,-0.001243225,DOWN,0.00037815228199184647,50.39237109215593,35.644844775699696,0.04467381202547653,0.0003004230554797899,0.0002006920985877514,46.906944274902344
2026-08-27 12:53:00+00:00,bitcoin,79273.78833319247,79288.71789116971,-0.00020171326,-1.3412088e-05,7.166975e-05,0.0003828627,-0.0013412088,DOWN,0.000378590835443435,50.39237109215593,35.644844775699696,0.04467381202547653,0.0003004230554797899,0.0002006920985877514,46.906944274902344
2026-08-27 12:54:00+00:00,bitcoin,79284.02359885629,79272.79206934618,0.00012909329,-1.257633e-05,4.5260036e-05,0.00038816288,-0.001257633,DOWN,0.0003693533301377671,50.39237109215593,35.644844775699696,0.04467381202547653,0.0003004230554797899,0.0002006920985877514,46.906944274902344
2026-08-27 12:55:00+00:00,bitcoin,79281.37704771012,79282.92707601562,-3.3306445e-05,-1.3776659e-05,9.095009e-05,0.00038456888,-0.0013776659,DOWN,0.00036454760183574097,50.39237109215593,35.644844775699696,0.04467381202547653,0.0003004230554797899,0.0002006920985877514,46.906944274902344
2026-08-27 12:56:00+00:00,bitcoin,79283.925152299,79280.17780014174,3.2025448e-05,-1.5224153e-05,0.00016995847,0.00037600732,-0.0015224153,DOWN,0.0003636024146829593,50.39237109215593,35.644844775699696,0.04467381202547653,0.0003004230554797899,0.0002006920985877514,46.906944274902344
2026-08-27 12:57:00+00:00,bitcoin,79285.7648940999,79282.72154974006,2.3156223e-05,-1.5120938e-05,0.00019941383,0.00036686618,-0.0015120938,DOWN,0.00035954587924835914,50.39237109215593,35.644844775699696,0.04467381202547653,0.0003004230554797899,0.0002006920985877514,46.906944274902344
2026-08-27 12:58:00+00:00,bitcoin,79281.38172222767,79284.8173784134,-5.518167e-05,-1.1895504e-05,0.00021677052,0.0003577582,-0.0011895504,DOWN,0.0003572027397406593,50.39237109215593,35.644844775699696,0.04467381202547653,0.0003004230554797899,0.0002006920985877514,46.906944274902344
2026-08-27 12:59:00+00:00,bitcoin,79276.07130704634,79280.73068816494,-6.701041e-05,-8.239423e-06,0.00024851703,0.00034984318,-0.00082394225,DOWN,0.00035693878145101886,50.39237109215593,35.644844775699696,0.04467381202547653,0.0003004230554797899,0.0002006920985877514,46.906944274902344
2026-08-27 13:00:00+00:00,bitcoin,79288.79061015137,79275.55526330089,0.00016042331,-6.502365e-06,0.00028065356,0.00034616148,-0.0006502365,DOWN,0.00035851082304556023,50.39237109215593,35.644844775699696,0.04467381202547653,0.0003004230554797899,0.0002006920985877514,46.906944274902344
2026-08-27 13:01:00+00:00,bitcoin,79315.5003020633,79288.31173850922,0.00033682492,-6.015148e-06,0.00025397868,0.000345136,-0.00060151477,DOWN,0.0003668386942888683,50.39237109215593,35.644844775699696,0.04467381202547653,0.0003004230554797899,0.0002006920985877514,46.906944274902344
2026-08-27 13:02:00+00:00,bitcoin,79303.61015591025,79315.22580081224,-0.00014992677,-3.41136e-06,0.000276132,0.00034008457,-0.000341136,DOWN,0.00035296300349757016,50.39237109215593,35.644844775699696,0.04467381202547653,0.0003004230554797899,0.0002006920985877514,46.906944274902344
2026-08-27 13:03:00+00:00,bitcoin,79291.12100172229,79303.39666614402,-0.00015753598,-2.7075403e-06,0.00023934136,0.00033867717,-0.00027075404,DOWN,0.000341250261019658,50.39237109215593,35.644844775699696,0.04467381202547653,0.0003004230554797899,0.0002006920985877514,46.906944274902344
2026-08-27 13:04:00+00:00,bitcoin,79271.49906805484,79290.8099897732,-0.00024743774,-3.823324e-06,0.00053654826,0.0003409713,-0.0003823324,DOWN,0.000342461166326102,50.39237109215593,35.644844775699696,0.04467381202547653,0.0003004230554797899,0.0002006920985877514,46.906944274902344
2026-08-27 13:05:00+00:00,bitcoin,79295.89963972569,79270.98025554419,0.00030773587,-6.5534723e-06,0.0005462064,0.00034659472,-0.00065534725,DOWN,0.0002664268970777222,50.39237109215593,35.644844775699696,0.04467381202547653,0.0003004230554797899,0.0002006920985877514,46.906944274902344
2026-08-27 13:06:00+00:00,bitcoin,79314.47320466395,79295.48724036431,0.00023416265,-5.145833e-06,0.00054219953,0.00034398577,-0.00051458325,DOWN,0.0002599806785615455,50.39237109215593,35.644844775699696,0.04467381202547653,0.0003004230554797899,0.0002006920985877514,46.906944274902344
2026-08-27 13:07:00+00:00,bitcoin,79341.3304659985,79314.37419978529,0.00033858675,-1.1374314e-06,0.00053172186,0.00033606155,-0.00011374314,DOWN,0.0002589131258531816,50.39237109215593,35.644844775699696,0.04467381202547653,0.0003004230554797899,0.0002006920985877514,46.906944274902344
2026-08-27 13:08:00+00:00,bitcoin,79348.32721028477,79341.63078814745,8.8222514e-05,3.705793e-06,0.0005630152,0.00032664236,0.0003705793,UP,0.0002582745552770363,50.39237109215593,35.644844775699696,0.04467381202547653,0.0003004230554797899,0.0002006920985877514,46.906944274902344
2026-08-27 13:09:00+00:00,bitcoin,79273.9373647524,79348.87675035372,-0.0009379595,6.9419257e-06,0.00024402983,0.00032039022,0.0006941926,UP,0.00029665970612837605,50.39237109215593,35.644844775699696,0.04467381202547653,0.0003004230554797899,0.0002006920985877514,46.906944274902344
2026-08-27 13:10:00+00:00,bitcoin,79303.40319170058,79274.13595398515,0.0003716641,2.5362888e-06,0.0002916794,0.00032876278,0.00025362888,UP,0.00030427784855935596,50.39237109215593,35.644844775699696,0.04467381202547653,0.0003004230554797899,0.0002006920985877514,46.906944274902344
2026-08-27 13:11:00+00:00,bitcoin,79318.47545213252,79303.1982685402,0.00019001555,-2.6297112e-06,0.0003544964,0.00033953285,-0.00026297112,DOWN,0.0003059770623057286,50.39237109215593,35.644844775699696,0.04467381202547653,0.0003004230554797899,0.0002006920985877514,46.906944274902344
2026-08-27 13:12:00+00:00,bitcoin,79339.3543048203,79317.98960428918,0.00026314493,-6.1321507e-06,0.00049300666,0.00034730346,-0.0006132151,DOWN,0.0003062136912888462,50.39237109215593,35.644844775699696,0.04467381202547653,0.0003004230554797899,0.0002006920985877514,46.906944274902344
2026-08-27 13:13:00+00:00,bitcoin,79371.22498116083,79338.76989625441,0.0004016746,-7.30997e-06,0.00044349532,0.00035020735,-0.000730997,DOWN,0.0003076287329817226,50.39237109215593,35.644844775699696,0.04467381202547653,0.0003004230554797899,0.0002006920985877514,46.906944274902344
2026-08-27 13:14:00+00:00,bitcoin,79354.94755705586,79370.6777788233,-0.00020505047,-6.8677746e-06,0.00045514488,0.00034961075,-0.00068677746,DOWN,0.00030349678956627835,50.39237109215593,35.644844775699696,0.04467381202547653,0.0003004230554797899,0.0002006920985877514,46.906944274902344
2026-08-27 13:15:00+00:00,bitcoin,79400.71040776558,79354.39972391631,0.00057645584,-6.9810358e-06,0.0004412604,0.00035005648,-0.00069810357,DOWN,0.00031487570225196973,50.39237109215593,35.644844775699696,0.04467381202547653,0.0003004230554797899,0.0002006920985877514,46.906944274902344
2026-08-27 13:16:00+00:00,bitcoin,79385.0884559867,79400.11462345254,-0.0001967076,-7.520447e-06,0.00043868955,0.00035145908,-0.0007520447,DOWN,0.00031340459467979264,50.39237109215593,35.644844775699696,0.04467381202547653,0.0003004230554797899,0.0002006920985877514,46.906944274902344
2026-08-27 13:17:00+00:00,bitcoin,79335.00375876203,79384.58745592646,-0.00063122134,-6.3180405e-06,0.00030861827,0.0003486139,-0.00063180405,DOWN,0.00031730464010736655,50.39237109215593,35.644844775699696,0.04467381202547653,0.0003004230554797899,0.0002006920985877514,46.906944274902344
2026-08-27 13:18:00+00:00,bitcoin,79311.27121031284,79334.4420093298,-0.00029911275,-7.0377882e-06,0.00025798441,0.00035006864,-0.0007037788,DOWN,0.00031684463653336854,50.39237109215593,35.644844775699696,0.04467381202547653,0.0003004230554797899,0.0002006920985877514,46.906944274902344
2026-08-27 13:19:00+00:00,bitcoin,79319.27206341363,79310.60688534053,0.0001008633,-8.431681e-06,0.000341188,0.0003532361,-0.00084316806,DOWN,0.00031566617446667145,50.39237109215593,35.644844775699696,0.04467381202547653,0.0003004230554797899,0.0002006920985877514,46.906944274902344
2026-08-27 13:20:00+00:00,bitcoin,79361.9749010615,79318.52171775838,0.0005382252,-9.460034e-06,0.000319104,0.0003555075,-0.00094600336,DOWN,0.0003291806397830761,50.39237109215593,35.644844775699696,0.04467381202547653,0.0003004230554797899,0.0002006920985877514,46.906944274902344
2026-08-27 13:21:00+00:00,bitcoin,79361.24335942464,79361.18186497316,-9.253529e-06,-1.001898e-05,0.00033058098,0.00035668167,-0.001001898,DOWN,0.0003262292453040087,50.39237109215593,35.644844775699696,0.04467381202547653,0.0003004230554797899,0.0002006920985877514,46.906944274902344
2026-08-27 13:22:00+00:00,bitcoin,79380.0120125413,79360.40019434039,0.00023643035,-1.0649376e-05,0.00053268566,0.00035794775,-0.0010649377,DOWN,0.0003261510978976552,50.39237109215593,35.644844775699696,0.04467381202547653,0.0003004230554797899,0.0002006920985877514,46.906944274902344
2026-08-27 13:23:00+00:00,bitcoin,79424.9941269327,79379.21293441579,0.00056653604,-1.0028382e-05,0.0005858093,0.00035635493,-0.0010028383,DOWN,0.0003366829589570699,50.39237109215593,35.644844775699696,0.04467381202547653,0.0003004230554797899,0.0002006920985877514,46.906944274902344
2026-08-27 13:24:00+00:00,bitcoin,79407.70799407503,79424.3388819145,-0.00021760318,-8.248792e-06,0.0006095317,0.00035256066,-0.0008248792,DOWN,0.0003402866275023347,50.39237109215593,35.644844775699696,0.04467381202547653,0.0003004230554797899,0.0002006920985877514,46.906944274902344
2026-08-27 13:25:00+00:00,bitcoin,79441.95942046307,79407.18556690728,0.00043122534,-6.6735674e-06,0.00051693537,0.00034890813,-0.00066735677,DOWN,0.00034678060078336515,50.39237109215593,35.644844775699696,0.04467381202547653,0.0003004230554797899,0.0002006920985877514,46.906944274902344
2026-08-27 13:26:00+00:00,bitcoin,79488.10931821447,79441.54898294201,0.0005807389,-5.1445313e-06,0.0008174166,0.00034535135,-0.00051445316,DOWN,0.0003591045665291596,50.39237109215593,35.644844775699696,0.04467381202547653,0.0003004230554797899,0.0002006920985877514,46.906944274902344
2026-08-27 13:27:00+00:00,bitcoin,79440.4749253001,79487.75403546076,-0.0005995225,-4.5009792e-06,0.0008731142,0.0003437898,-0.00045009793,DOWN,0.00038021359302431175,50.39237109215593,35.644844775699696,0.04467381202547653,0.0003004230554797899,0.0002006920985877514,46.906944274902344
2026-08-27 13:28:00+00:00,bitcoin,79384.62864828296,79439.8247871548,-0.00070311234,-8.048851e-06,0.0011426769,0.00035155442,-0.00080488506,DOWN,0.00040486553687234386,50.39237109215593,35.644844775699696,0.04467381202547653,0.0003004230554797899,0.0002006920985877514,46.906944274902344
2026-08-27 13:29:00+00:00,bitcoin,79346.84551348444,79383.48774283286,-0.00047613823,-1.4461858e-05,0.0011475901,0.00036631554,-0.0014461857,DOWN,0.0004154621054140349,50.39237109215593,35.644844775699696,0.04467381202547653,0.0003004230554797899,0.0002006920985877514,46.906944274902344
2026-08-27 13:30:00+00:00,bitcoin,79331.93182430603,79345.0843981579,-0.00018797806,-2.2176871e-05,0.0012196605,0.0003840499,-0.0022176872,DOWN,0.0004165532593142554,50.39237109215593,35.644844775699696,0.04467381202547653,0.0003004230554797899,0.0002006920985877514,46.906944274902344
2026-08-27 13:31:00+00:00,bitcoin,79152.22108818451,79329.80183933023,-0.0022678736,-2.677636e-05,0.0005916856,0.00039541087,-0.002677636,DOWN,0.0005848425462577728,50.39237109215593,35.644844775699696,0.04467381202547653,0.0003004230554797899,0.0002006920985877514,46.906944274902344
2026-08-27 13:32:00+00:00,bitcoin,79139.86272734962,79149.02477240004,-0.00015615912,-4.035724e-05,0.0006112588,0.00043994642,-0.0040357243,DOWN,0.0005848735558962051,50.39237109215593,35.644844775699696,0.04467381202547653,0.0003004230554797899,0.0002006920985877514,46.906944274902344
2026-08-27 13:33:00+00:00,bitcoin,79209.35173942521,79137.20836299844,0.0008777081,-3.352356e-05,0.00054983475,0.00048567075,-0.003352356,DOWN,0.0006094960819707145,50.39237109215593,35.644844775699696,0.04467381202547653,0.0003004230554797899,0.0002006920985877514,46.906944274902344
2026-08-27 13:34:00+00:00,bitcoin,79155.935393597,79206.98621862335,-0.0006745678,-2.9793333e-05,0.00035155457,0.0005076593,-0.0029793333,DOWN,0.0006195469969936674,50.39237109215593,35.644844775699696,0.04467381202547653,0.0003004230554797899,0.0002006920985877514,46.906944274902344
2026-08-27 13:35:00+00:00,bitcoin,79190.66243290901,79153.93232384697,0.00043871326,-2.5408717e-05,0.0005251343,0.0005239245,-0.0025408717,DOWN,0.0006225991496610718,50.39237109215593,35.644844775699696,0.04467381202547653,0.0003004230554797899,0.0002006920985877514,46.906944274902344
2026-08-27 13:36:00+00:00,bitcoin,79211.86526708119,79188.99150805548,0.00026751467,-2.119214e-05,0.00051734946,0.0005266208,-0.002119214,DOWN,0.0006231428457767923,50.39237109215593,35.644844775699696,0.04467381202547653,0.0003004230554797899,0.0002006920985877514,46.906944274902344
2026-08-27 13:37:00+00:00,bitcoin,79189.10697374772,79210.58459842019,-0.0002872457,-1.605603e-05,0.0005845901,0.00052400766,-0.001605603,DOWN,0.0006203969080074064,50.39237109215593,35.644844775699696,0.04467381202547653,0.0003004230554797899,0.0002006920985877514,46.906944274902344
2026-08-27 13:38:00+00:00,bitcoin,79241.71892673336,79188.3400086863,0.0006641305,-9.740358e-06,0.00051793666,0.0005273601,-0.0009740358,DOWN,0.0006340328874823812,50.39237109215593,35.644844775699696,0.04467381202547653,0.0003004230554797899,0.0002006920985877514,46.906944274902344
2026-08-27 13:39:00+00:00,bitcoin,79263.6909577623,79241.09529096633,0.00027719876,-7.899035e-06,0.0005336179,0.0004984329,-0.0007899035,DOWN,0.0006134995100667299,50.39237109215593,35.644844775699696,0.04467381202547653,0.0003004230554797899,0.0002006920985877514,46.906944274902344
2026-08-27 13:40:00+00:00,bitcoin,79210.88194303587,79263.21032712236,-0.0006664122,-5.9871345e-06,0.0005831143,0.00047510548,-0.00059871346,DOWN,0.0006207951695870272,50.39237109215593,35.644844775699696,0.04467381202547653,0.0003004230554797899,0.0002006920985877514,46.906944274902344
2026-08-27 13:41:00+00:00,bitcoin,79196.32693197066,79210.70340171177,-0.00018376295,-2.3036337e-06,0.000605635,0.0004711529,-0.00023036337,DOWN,0.0006197957320214562,50.39237109215593,35.644844775699696,0.04467381202547653,0.0003004230554797899,0.0002006920985877514,46.906944274902344
2026-08-27 13:42:00+00:00,bitcoin,79252.24680083804,79196.38477062806,0.00070586783,6.395271e-07,0.0011050758,0.00047077672,6.395271e-05,UP,0.0006326844063035888,50.39237109215593,35.644844775699696,0.04467381202547653,0.0003004230554797899,0.0002006920985877514,46.906944274902344
2026-08-27 13:43:00+00:00,bitcoin,79268.74551731348,79252.4106092751,0.0002081743,2.052474e-06,0.0012091273,0.00046895587,0.0002052474,UP,0.000629038336681116,50.39237109215593,35.644844775699696,0.04467381202547653,0.0003004230554797899,0.0002006920985877514,46.906944274902344
2026-08-27 13:44:00+00:00,bitcoin,79239.25316296518,79269.01458799839,-0.00037222094,3.2910125e-06,0.0013071939,0.00047108167,0.00032910125,UP,0.0006312600049254956,50.39237109215593,35.644844775699696,0.04467381202547653,0.0003004230554797899,0.0002006920985877514,46.906944274902344
2026-08-27 13:45:00+00:00,bitcoin,79319.34309777617,79239.561719805,0.0010102734,3.8920552e-06,0.001515611,0.00047516028,0.00038920552,UP,0.0006507597315441191,50.39237109215593,35.644844775699696,0.04467381202547653,0.0003004230554797899,0.0002006920985877514,46.906944274902344
2026-08-27 13:46:00+00:00,bitcoin,79296.2815352194,79319.47612843663,-0.00029079732,1.6846593e-06,0.001556378,0.00046517243,0.00016846594,UP,0.0006517965836078205,50.39237109215593,35.644844775699696,0.04467381202547653,0.0003004230554797899,0.0002006920985877514,46.906944274902344
2026-08-27 13:47:00+00:00,bitcoin,79137.49694582261,79296.23871215992,-0.002004387,-6.031578e-07,0.001361054,0.00046120043,-6.031578e-05,DOWN,0.0007373578066264516,50.39237109215593,35.644844775699696,0.04467381202547653,0.0003004230554797899,0.0002006920985877514,46.906944274902344
2026-08-27 13:48:00+00:00,bitcoin,79004.99108731747,79137.82075345516,-0.0016758031,4.0226982e-06,0.00089361717,0.00050753396,0.00040226983,UP,0.0007919969389803796,50.39237109215593,35.644844775699696,0.04467381202547653,0.0003004230554797899,0.0002006920985877514,46.906944274902344
2026-08-27 13:49:00+00:00,bitcoin,79038.96337876562,79006.47083375137,0.00042996346,1.8689589e-05,0.00092264585,0.0005741676,0.0018689588,UP,0.0007975476488308389,50.39237109215593,35.644844775699696,0.04467381202547653,0.0003004230554797899,0.0002006920985877514,46.906944274902344
2026-08-27 13:50:00+00:00,bitcoin,79171.15250356123,79041.23949521407,0.0016710375,2.872464e-05,0.00091660535,0.00062060176,0.002872464,UP,0.0008545546556913105,50.39237109215593,35.644844775699696,0.04467381202547653,0.0003004230554797899,0.0002006920985877514,46.906944274902344
2026-08-27 13:51:00+00:00,bitcoin,79203.09422978759,79174.14807612076,0.00040331684,3.7778686e-05,0.0010519928,0.00064559333,0.0037778686,UP,0.0008590400863090134,50.39237109215593,35.644844775699696,0.04467381202547653,0.0003004230554797899,0.0002006920985877514,46.906944274902344
2026-08-27 13:52:00+00:00,bitcoin,79332.77611120418,79206.41724407673,0.0016359669,4.192416e-05,0.0008786004,0.00065128325,0.004192416,UP,0.0009124668246154286,50.39237109215593,35.644844775699696,0.04467381202547653,0.0003004230554797899,0.0002006920985877514,46.906944274902344
2026-08-27 13:53:00+00:00,bitcoin,79300.50073035294,79336.34826044552,-0.00040689367,4.4927987e-05,0.00077683467,0.00065497804,0.004492799,UP,0.0009082037841610838,50.39237109215593,35.644844775699696,0.04467381202547653,0.0003004230554797899,0.0002006920985877514,46.906944274902344
2026-08-27 13:54:00+00:00,bitcoin,79314.58550083637,79304.35696935654,0.00017751307,4.861425e-05,0.00079609256,0.0006624687,0.0048614247,UP,0.0009085829074636943,50.39237109215593,35.644844775699696,0.04467381202547653,0.0003004230554797899,0.0002006920985877514,46.906944274902344
2026-08-27 13:55:00+00:00,bitcoin,79445.39798247069,79318.21831328608,0.0016480268,4.5773413e-05,0.0005624262,0.00065223547,0.0045773415,UP,0.000956276301462297,50.39237109215593,35.644844775699696,0.04467381202547653,0.0003004230554797899,0.0002006920985877514,46.906944274902344
2026-08-27 13:56:00+00:00,bitcoin,79410.00195972202,79448.26803824026,-0.00044566867,3.614252e-05,0.0004875937,0.0006188651,0.003614252,UP,0.0009532031630429371,50.39237109215593,35.644844775699696,0.04467381202547653,0.0003004230554797899,0.0002006920985877514,46.906944274902344
2026-08-27 13:57:00+00:00,bitcoin,79470.29156327248,79412.61272907257,0.0007589244,3.2774435e-05,0.0007178628,0.00061104784,0.0032774433,UP,0.0009575977383032005,50.39237109215593,35.644844775699696,0.04467381202547653,0.0003004230554797899,0.0002006920985877514,46.906944274902344
2026-08-27 13:58:00+00:00,bitcoin,79529.5179890655,79472.79956562538,0.0007450874,3.1570995e-05,0.0006898334,0.0006102468,0.0031570995,UP,0.0009567712732630347,50.39237109215593,35.644844775699696,0.04467381202547653,0.0003004230554797899,0.0002006920985877514,46.906944274902344
2026-08-27 13:59:00+00:00,bitcoin,79533.00283898134,79531.77035344299,4.3713157e-05,2.8321825e-05,0.0007296816,0.00060405995,0.0028321825,UP,0.0009513980372805796,50.39237109215593,35.644844775699696,0.04467381202547653,0.0003004230554797899,0.0002006920985877514,46.906944274902344
2026-08-27 14:00:00+00:00,bitcoin,79511.60121953487,79534.92465770245,-0.00026908724,2.4126279e-05,0.00062721345,0.00059550215,0.002412628,UP,0.0009522961088853714,50.39237109215593,35.644844775699696,0.04467381202547653,0.0003004230554797899,0.0002006920985877514,46.906944274902344
2026-08-27 14:01:00+00:00,bitcoin,79502.09934466286,79513.18447559606,-0.000119486554,1.9893265e-05,0.001429529,0.0005878761,0.0019893264,UP,0.000844920647302656,50.39237109215593,35.644844775699696,0.04467381202547653,0.0003004230554797899,0.0002006920985877514,46.906944274902344
2026-08-27 14:02:00+00:00,bitcoin,79617.45086456742,79503.02086923737,0.0014498731,1.1423555e-05,0.0012694133,0.0005655827,0.0011423555,UP,0.0008754084012225984,50.39237109215593,35.644844775699696,0.04467381202547653,0.0003004230554797899,0.0002006920985877514,46.906944274902344
2026-08-27 14:03:00+00:00,bitcoin,79627.50424228422,79617.48159842007,0.00012618139,2.593515e-07,0.0014705742,0.00053439656,2.5935151e-05,UP,0.0008660666360446644,50.39237109215593,35.644844775699696,0.04467381202547653,0.0003004230554797899,0.0002006920985877514,46.906944274902344
2026-08-27 14:04:00+00:00,bitcoin,79698.06603848934,79626.75010532141,0.000885863,-9.367613e-06,0.001368397,0.0005141477,-0.00093676127,DOWN,0.0008600849876651723,50.39237109215593,35.644844775699696,0.04467381202547653,0.0003004230554797899,0.0002006920985877514,46.906944274902344
2026-08-27 14:05:00+00:00,bitcoin,79759.74918371066,79696.73070670199,0.0007735197,-1.6763293e-05,0.0011833537,0.00050700514,-0.0016763293,DOWN,0.0008650780568020885,50.39237109215593,35.644844775699696,0.04467381202547653,0.0003004230554797899,0.0002006920985877514,46.906944274902344
2026-08-27 14:06:00+00:00,bitcoin,79583.67115094326,79757.90712377522,-0.0022098506,-2.299988e-05,0.00096406374,0.00050665374,-0.002299988,DOWN,0.0009734884697779079,50.39237109215593,35.644844775699696,0.04467381202547653,0.0003004230554797899,0.0002006920985877514,46.906944274902344
2026-08-27 14:07:00+00:00,bitcoin,79615.84100367315,79582.25187685573,0.00040407234,-1.7981933e-05,0.00085834827,0.00057353004,-0.0017981932,DOWN,0.0009708002837594176,50.39237109215593,35.644844775699696,0.04467381202547653,0.0003004230554797899,0.0002006920985877514,46.906944274902344
2026-08-27 14:08:00+00:00,bitcoin,79480.24182801507,79615.14616530947,-0.0017046503,-8.776057e-06,0.000756921,0.0006297574,-0.00087760575,DOWN,0.0010247677855805258,50.39237109215593,35.644844775699696,0.04467381202547653,0.0003004230554797899,0.0002006920985877514,46.906944274902344
2026-08-27 14:09:00+00:00,bitcoin,79505.9377995506,79480.89594754111,0.0003231413,8.19558e-06,0.000728904,0.0006847355,0.00081955804,UP,0.0010250750891551929,50.39237109215593,35.644844775699696,0.04467381202547653,0.0003004230554797899,0.0002006920985877514,46.906944274902344
2026-08-27 14:10:00+00:00,bitcoin,79416.85689649545,79507.06702894717,-0.0011209256,1.4272853e-05,0.0005085286,0.0007079361,0.0014272854,UP,0.0010400566909473108,50.39237109215593,35.644844775699696,0.04467381202547653,0.0003004230554797899,0.0002006920985877514,46.906944274902344
2026-08-27 14:11:00+00:00,bitcoin,79430.53951857053,79418.32679524459,0.00017223685,1.8401699e-05,0.0005271192,0.00071976986,0.0018401699,UP,0.0010388902163102358,50.39237109215593,35.644844775699696,0.04467381202547653,0.0003004230554797899,0.0002006920985877514,46.906944274902344
2026-08-27 14:12:00+00:00,bitcoin,79392.27067236649,79431.95939121954,-0.00048186557,1.7836168e-05,0.00048902753,0.0007116235,0.0017836168,UP,0.001037587416928243,50.39237109215593,35.644844775699696,0.04467381202547653,0.0003004230554797899,0.0002006920985877514,46.906944274902344
2026-08-27 14:13:00+00:00,bitcoin,79457.99351248145,79393.78772494197,0.00082743017,1.908638e-05,0.0006283635,0.0007051966,0.0019086379,UP,0.001046777435723115,50.39237109215593,35.644844775699696,0.04467381202547653,0.0003004230554797899,0.0002006920985877514,46.906944274902344
2026-08-27 14:14:00+00:00,bitcoin,79435.81792930234,79459.01517762616,-0.00027907788,1.2874301e-05,0.0004446036,0.00067973504,0.0012874302,UP,0.0010455277954131382,50.39237109215593,35.644844775699696,0.04467381202547653,0.0003004230554797899,0.0002006920985877514,46.906944274902344
2026-08-27 14:15:00+00:00,bitcoin,79454.39944737591,79436.49264612701,0.00023384856,8.449187e-06,0.0003626031,0.0006604567,0.00084491866,UP,0.0010312826074931817,50.39237109215593,35.644844775699696,0.04467381202547653,0.0003004230554797899,0.0002006920985877514,46.906944274902344
2026-08-27 14:16:00+00:00,bitcoin,79486.20441412367,79454.63523005974,0.00040020852,2.9620387e-06,0.0006385809,0.00063269935,0.00029620389,UP,0.0010309596734235115,50.39237109215593,35.644844775699696,0.04467381202547653,0.0003004230554797899,0.0002006920985877514,46.906944274902344
2026-08-27 14:17:00+00:00,bitcoin,79560.68998179026,79486.4494878389,0.0009366342,3.0735823e-06,0.0008146104,0.0006219841,0.00030735822,UP,0.0009636889927106171,50.39237109215593,35.644844775699696,0.04467381202547653,0.0003004230554797899,0.0002006920985877514,46.906944274902344
2026-08-27 14:18:00+00:00,bitcoin,79667.31082163751,79560.79182810336,0.0013392747,1.2935866e-06,0.001040561,0.0006014514,0.00012935865,UP,0.0009200279135466255,50.39237109215593,35.644844775699696,0.04467381202547653,0.0003004230554797899,0.0002006920985877514,46.906944274902344
2026-08-27 14:19:00+00:00,bitcoin,79712.11024392396,79667.28875729069,0.00056214124,-2.7039277e-07,0.0010596403,0.00058689184,-2.7039277e-05,DOWN,0.0009210941726220306,50.39237109215593,35.644844775699696,0.04467381202547653,0.0003004230554797899,0.0002006920985877514,46.906944274902344
2026-08-27 14:20:00+00:00,bitcoin,79778.43629401177,79711.92407773342,0.00083174993,-2.3639577e-06,0.0010095756,0.00057396863,-0.00023639578,DOWN,0.0008896276520922433,50.39237109215593,35.644844775699696,0.04467381202547653,0.0003004230554797899,0.0002006920985877514,46.906944274902344
2026-08-27 14:21:00+00:00,bitcoin,79749.18372228742,79777.83834915608,-0.00036670765,-7.5691833e-06,0.0009815644,0.0005507621,-0.00075691834,DOWN,0.0008962858469362527,50.39237109215593,35.644844775699696,0.04467381202547653,0.0003004230554797899,0.0002006920985877514,46.906944274902344
2026-08-27 14:22:00+00:00,bitcoin,79890.79194114357,79748.2891032435,0.0017740119,-1.1216683e-05,0.00039902094,0.00054445013,-0.0011216683,DOWN,0.0009040972254088824,50.39237109215593,35.644844775699696,0.04467381202547653,0.0003004230554797899,0.0002006920985877514,46.906944274902344
2026-08-27 14:23:00+00:00,bitcoin,79820.35159827396,79889.49859787012,-0.0008821591,-1.6184757e-05,0.00020006245,0.00053854735,-0.0016184757,DOWN,0.0009197302332811399,50.39237109215593,35.644844775699696,0.04467381202547653,0.0003004230554797899,0.0002006920985877514,46.906944274902344
2026-08-27 14:24:00+00:00,bitcoin,79807.50757459179,79818.99733130448,-0.00016082329,-1.6817718e-05,0.0004975109,0.0005652355,-0.0016817717,DOWN,0.0009223173167151956,50.39237109215593,35.644844775699696,0.04467381202547653,0.0003004230554797899,0.0002006920985877514,46.906944274902344
2026-08-27 14:25:00+00:00,bitcoin,79800.81009989977,79806.11879823916,-8.389679e-05,-1.7377442e-05,0.00081829797,0.0005889397,-0.0017377442,DOWN,0.0008822629338468409,50.39237109215593,35.644844775699696,0.04467381202547653,0.0003004230554797899,0.0002006920985877514,46.906944274902344
2026-08-27 14:26:00+00:00,bitcoin,79815.38641318679,79799.31420278922,0.00018256683,-1.8801456e-05,0.0010941749,0.0006013002,-0.0018801456,DOWN,0.0008750859631442407,50.39237109215593,35.644844775699696,0.04467381202547653,0.0003004230554797899,0.0002006920985877514,46.906944274902344
2026-08-27 14:27:00+00:00,bitcoin,79807.60451657185,79813.6178291426,-9.749536e-05,-2.2080665e-05,0.0012731632,0.000604803,-0.0022080664,DOWN,0.000869157384231084,50.39237109215593,35.644844775699696,0.04467381202547653,0.0003004230554797899,0.0002006920985877514,46.906944274902344
2026-08-27 14:28:00+00:00,bitcoin,79831.3004569402,79805.65598886972,0.0002968614,-2.4389214e-05,0.0012732524,0.00061152555,-0.0024389215,DOWN,0.0008622434557358461,50.39237109215593,35.644844775699696,0.04467381202547653,0.0003004230554797899,0.0002006920985877514,46.906944274902344
2026-08-27 14:29:00+00:00,bitcoin,79920.75321753323,79829.13659949414,0.0011198998,-2.7067046e-05,0.001266589,0.0006154564,-0.0027067047,DOWN,0.0008808850612620693,50.39237109215593,35.644844775699696,0.04467381202547653,0.0003004230554797899,0.0002006920985877514,46.906944274902344
2026-08-27 14:30:00+00:00,bitcoin,79829.03548671305,79918.37770333886,-0.0011481823,-2.9760133e-05,0.0010567171,0.0006166478,-0.0029760133,DOWN,0.0009098504176104118,50.39237109215593,35.644844775699696,0.04467381202547653,0.0003004230554797899,0.0002006920985877514,46.906944274902344
2026-08-27 14:31:00+00:00,bitcoin,79962.69638128672,79826.66948810499,0.0016729787,-2.9764062e-05,0.0013834811,0.00063577236,-0.0029764061,DOWN,0.0009506993363227541,50.39237109215593,35.644844775699696,0.04467381202547653,0.0003004230554797899,0.0002006920985877514,46.906944274902344
2026-08-27 14:32:00+00:00,bitcoin,79876.18323100638,79960.58695505932,-0.0010825355,-2.6436493e-05,0.0014462514,0.00066507846,-0.0026436495,DOWN,0.0009475996856400849,50.39237109215593,35.644844775699696,0.04467381202547653,0.0003004230554797899,0.0002006920985877514,46.906944274902344
2026-08-27 14:33:00+00:00,bitcoin,79874.63541667908,79874.79252940789,-1.9366096e-05,-1.7517526e-05,0.0014976142,0.0007059277,-0.0017517527,DOWN,0.0009478790485420176,50.39237109215593,35.644844775699696,0.04467381202547653,0.0003004230554797899,0.0002006920985877514,46.906944274902344
2026-08-27 14:34:00+00:00,bitcoin,79961.4318243619,79873.76938037667,0.001085976,-1.0899833e-05,0.0015984594,0.0007365085,-0.0010899833,DOWN,0.0009542653106732108,50.39237109215593,35.644844775699696,0.04467381202547653,0.0003004230554797899,0.0002006920985877514,46.906944274902344
2026-08-27 14:35:00+00:00,bitcoin,79989.99752673786,79960.82916235086,0.00035723735,-7.585274e-06,0.0016169307,0.0007525409,-0.0007585274,DOWN,0.000947284868463206,50.39237109215593,35.644844775699696,0.04467381202547653,0.0003004230554797899,0.0002006920985877514,46.906944274902344
2026-08-27 14:36:00+00:00,bitcoin,80201.164778471,79989.38495695591,0.002636305,-7.667649e-06,0.0012106977,0.0007546049,-0.00076676486,DOWN,0.000954118701970128,50.39237109215593,35.644844775699696,0.04467381202547653,0.0003004230554797899,0.0002006920985877514,46.906944274902344
2026-08-27 14:37:00+00:00,bitcoin,80098.20638626814,80200.8072836157,-0.0012845108,-4.329162e-06,0.0008724534,0.000770704,-0.00043291622,DOWN,0.000994133731779816,50.39237109215593,35.644844775699696,0.04467381202547653,0.0003004230554797899,0.0002006920985877514,46.906944274902344
2026-08-27 14:38:00+00:00,bitcoin,80244.63815249503,80098.23177034967,0.0018264581,3.3252672e-07,0.000649369,0.00079325325,3.3252672e-05,UP,0.0009695485748738155,50.39237109215593,35.644844775699696,0.04467381202547653,0.0003004230554797899,0.0002006920985877514,46.906944274902344
2026-08-27 14:39:00+00:00,bitcoin,80214.00278255157,80244.71890565101,-0.00038181568,1.029191e-06,0.00056638155,0.0008019245,0.000102919104,UP,0.0009779631471827476,50.39237109215593,35.644844775699696,0.04467381202547653,0.0003004230554797899,0.0002006920985877514,46.906944274902344
2026-08-27 14:40:00+00:00,bitcoin,80218.4846971035,80214.06693577766,5.580619e-05,8.905813e-07,0.0008112047,0.00080748985,8.905813e-05,UP,0.0009421454520773449,50.39237109215593,35.644844775699696,0.04467381202547653,0.0003004230554797899,0.0002006920985877514,46.906944274902344
2026-08-27 14:41:00+00:00,bitcoin,80299.99932678882,80218.4765625,0.0010157516,5.4056727e-08,0.0007401443,0.0008095871,5.4056727e-06,UP,0.0009496816428348398,50.39237109215593,35.644844775699696,0.04467381202547653,0.0003004230554797899,0.0002006920985877514,46.906944274902344
2026-08-27 14:42:00+00:00,bitcoin,80380.45691251755,80299.97128248215,0.0010014054,-3.5087578e-07,0.0009614425,0.00081414636,-3.5087578e-05,DOWN,0.0009427587000806765,50.39237109215593,35.644844775699696,0.04467381202547653,0.0003004230554797899,0.0002006920985877514,46.906944274902344
2026-08-27 14:43:00+00:00,bitcoin,80372.45207424648,80380.52019967698,-9.953164e-05,8.229049e-07,0.0011651653,0.0008276999,8.229049e-05,UP,0.0009438864175220185,50.39237109215593,35.644844775699696,0.04467381202547653,0.0003004230554797899,0.0002006920985877514,46.906944274902344
2026-08-27 14:44:00+00:00,bitcoin,80371.01116297301,80372.35731356964,-1.7982846e-05,-1.1682951e-06,0.0011738319,0.000825,-0.000116829506,DOWN,0.000938772133274022,50.39237109215593,35.644844775699696,0.04467381202547653,0.0003004230554797899,0.0002006920985877514,46.906944274902344
2026-08-27 14:45:00+00:00,bitcoin,80299.53856125148,80370.5143925068,-0.00088963105,-6.166084e-06,0.0012520549,0.00081056403,-0.0006166084,DOWN,0.0009672028260032202,50.39237109215593,35.644844775699696,0.04467381202547653,0.0003004230554797899,0.0002006920985877514,46.906944274902344
2026-08-27 14:46:00+00:00,bitcoin,80243.60723129008,80299.07958485186,-0.0006967559,-5.7283896e-06,0.0012892918,0.0008192252,-0.00057283894,DOWN,0.0009859100986960537,50.39237109215593,35.644844775699696,0.04467381202547653,0.0003004230554797899,0.0002006920985877514,46.906944274902344
2026-08-27 14:47:00+00:00,bitcoin,80050.78230788931,80243.30326992273,-0.002405926,-3.7492637e-06,0.000704629,0.00083388266,-0.00037492637,DOWN,0.0010958914914142232,50.39237109215593,35.644844775699696,0.04467381202547653,0.0003004230554797899,0.0002006920985877514,46.906944274902344
2026-08-27 14:48:00+00:00,bitcoin,80108.77282591537,80051.22976144776,0.0007241802,5.5807054e-06,0.00062716764,0.0008876985,0.00055807055,UP,0.0010795482729783596,50.39237109215593,35.644844775699696,0.04467381202547653,0.0003004230554797899,0.0002006920985877514,46.906944274902344
2026-08-27 14:49:00+00:00,bitcoin,80112.22088279855,80109.74750791676,4.3104526e-05,1.2223041e-05,0.0006736819,0.0009246988,0.0012223041,UP,0.0010774471046474025,50.39237109215593,35.644844775699696,0.04467381202547653,0.0003004230554797899,0.0002006920985877514,46.906944274902344
2026-08-27 14:50:00+00:00,bitcoin,80147.24685845431,80113.41077758,0.00043708415,1.482662e-05,0.0006319118,0.00093570503,0.001482662,UP,0.0010714427235060762,50.39237109215593,35.644844775699696,0.04467381202547653,0.0003004230554797899,0.0002006920985877514,46.906944274902344
2026-08-27 14:51:00+00:00,bitcoin,80186.814342767,80148.74047029018,0.00049350085,1.8544353e-05,0.00080996903,0.0009486595,0.0018544353,UP,0.001068527361242562,50.39237109215593,35.644844775699696,0.04467381202547653,0.0003004230554797899,0.0002006920985877514,46.906944274902344
2026-08-27 14:52:00+00:00,bitcoin,80102.43987220153,80188.36106009781,-0.0010527843,1.9256258e-05,0.0005740718,0.0009428483,0.0019256258,UP,0.0010477167400072714,50.39237109215593,35.644844775699696,0.04467381202547653,0.0003004230554797899,0.0002006920985877514,46.906944274902344
2026-08-27 14:53:00+00:00,bitcoin,80116.3980717212,80104.24225243181,0.00017427336,2.2558292e-05,0.0005886334,0.00094750937,0.002255829,UP,0.0010316021293215666,50.39237109215593,35.644844775699696,0.04467381202547653,0.0003004230554797899,0.0002006920985877514,46.906944274902344
2026-08-27 14:54:00+00:00,bitcoin,80073.32037077518,80118.27035881206,-0.00053783885,2.329149e-05,0.00048561633,0.0009345488,0.002329149,UP,0.0010374673767396278,50.39237109215593,35.644844775699696,0.04467381202547653,0.0003004230554797899,0.0002006920985877514,46.906944274902344
2026-08-27 14:55:00+00:00,bitcoin,80088.18263050634,80074.87622633111,0.00018555489,1.9366624e-05,0.000480677,0.0008901243,0.0019366624,UP,0.0010368849095440118,50.39237109215593,35.644844775699696,0.04467381202547653,0.0003004230554797899,0.0002006920985877514,46.906944274902344
2026-08-27 14:56:00+00:00,bitcoin,80174.71600683779,80089.6308702603,0.0010799639,1.798568e-05,0.0004887294,0.00085710944,0.001798568,UP,0.0010515999885224547,50.39237109215593,35.644844775699696,0.04467381202547653,0.0003004230554797899,0.0002006920985877514,46.906944274902344
2026-08-27 14:57:00+00:00,bitcoin,80195.93655820191,80176.1332705468,0.00026452396,1.7636265e-05,0.0008310298,0.00083182467,0.0017636265,UP,0.0010507356164068653,50.39237109215593,35.644844775699696,0.04467381202547653,0.0003004230554797899,0.0002006920985877514,46.906944274902344
2026-08-27 14:58:00+00:00,bitcoin,80239.90614659339,80197.16294037458,0.0005482137,1.5337282e-05,0.000963154,0.0008021918,0.0015337282,UP,0.001052846884375493,50.39237109215593,35.644844775699696,0.04467381202547653,0.0003004230554797899,0.0002006920985877514,46.906944274902344
2026-08-27 14:59:00+00:00,bitcoin,80221.29209404439,80240.90104559064,-0.0002319486,1.2340399e-05,0.0011099126,0.0007725945,0.0012340399,UP,0.001039647656951222,50.39237109215593,35.644844775699696,0.04467381202547653,0.0003004230554797899,0.0002006920985877514,46.906944274902344
2026-08-27 15:00:00+00:00,bitcoin,80240.97778379545,80221.87066242844,0.0002452874,7.092795e-06,0.0013802268,0.0007379136,0.0007092795,UP,0.0010115512340266597,50.39237109215593,35.644844775699696,0.04467381202547653,0.0003004230554797899,0.0002006920985877514,46.906944274902344
2026-08-27 15:01:00+00:00,bitcoin,80329.45715823211,80240.96221429529,0.0011020282,-2.0592779e-07,0.0013894689,0.0007004625,-2.0592779e-05,DOWN,0.0009873679898157921,50.39237109215593,35.644844775699696,0.04467381202547653,0.0003004230554797899,0.0002006920985877514,46.906944274902344
2026-08-27 15:02:00+00:00,bitcoin,80241.57401665114,80328.59128346667,-0.0010946286,-1.0687946e-05,0.0014241866,0.00064935314,-0.0010687946,DOWN,0.0009878913246979576,50.39237109215593,35.644844775699696,0.04467381202547653,0.0003004230554797899,0.0002006920985877514,46.906944274902344
2026-08-27 15:03:00+00:00,bitcoin,80144.42268227413,80240.580279049,-0.0012114331,-1.2368749e-05,0.0013153309,0.00064750446,-0.0012368748,DOWN,0.0010185129009616268,50.39237109215593,35.644844775699696,0.04467381202547653,0.0003004230554797899,0.0002006920985877514,46.906944274902344
2026-08-27 15:04:00+00:00,bitcoin,80224.1018980071,80143.73876688909,0.0009937075,-8.493999e-06,0.0013254356,0.0006728292,-0.00084939995,DOWN,0.0010156036120987537,50.39237109215593,35.644844775699696,0.04467381202547653,0.0003004230554797899,0.0002006920985877514,46.906944274902344
2026-08-27 15:05:00+00:00,bitcoin,80369.12184191868,80223.60426267609,0.0018059998,-6.204802e-06,0.0010374907,0.00069703604,-0.0006204802,DOWN,0.0010612819119555663,50.39237109215593,35.644844775699696,0.04467381202547653,0.0003004230554797899,0.0002006920985877514,46.906944274902344
2026-08-27 15:06:00+00:00,bitcoin,80295.33107709652,80368.94473408349,-0.00091854885,-2.0959396e-06,0.001028016,0.00072347996,-0.00020959397,DOWN,0.0009692034607566074,50.39237109215593,35.644844775699696,0.04467381202547653,0.0003004230554797899,0.0002006920985877514,46.906944274902344
2026-08-27 15:07:00+00:00,bitcoin,80192.99441802688,80295.35684084706,-0.0012752097,2.7004444e-07,0.0006549212,0.00074338313,2.7004444e-05,UP,0.0009687675113929948,50.39237109215593,35.644844775699696,0.04467381202547653,0.0003004230554797899,0.0002006920985877514,46.906944274902344
2026-08-27 15:08:00+00:00,bitcoin,80253.71397578716,80193.38239002228,0.0007568712,4.8381853e-06,0.0015750349,0.0007710771,0.00048381853,UP,0.0009190556388530438,50.39237109215593,35.644844775699696,0.04467381202547653,0.0003004230554797899,0.0002006920985877514,46.906944274902344
2026-08-27 15:09:00+00:00,bitcoin,80339.22849585861,80254.10142955184,0.0010649014,4.7856306e-06,0.0017808591,0.00077836076,0.00047856307,UP,0.0009359268071507882,50.39237109215593,35.644844775699696,0.04467381202547653,0.0003004230554797899,0.0002006920985877514,46.906944274902344
2026-08-27 15:10:00+00:00,bitcoin,80295.45405161334,80339.57134105638,-0.0005449088,4.192577e-06,0.0018168443,0.00078216323,0.00041925767,UP,0.0009422534284733947,50.39237109215593,35.644844775699696,0.04467381202547653,0.0003004230554797899,0.0002006920985877514,46.906944274902344
2026-08-27 15:11:00+00:00,bitcoin,80364.90554250497,80295.87253198866,0.00086449843,5.068946e-06,0.0020243358,0.0007902526,0.0005068946,UP,0.0009371941962053213,50.39237109215593,35.644844775699696,0.04467381202547653,0.0003004230554797899,0.0002006920985877514,46.906944274902344
2026-08-27 15:12:00+00:00,bitcoin,80437.88854406029,80365.33736095205,0.00090765295,5.325955e-06,0.0021804387,0.00079472526,0.0005325955,UP,0.0009339803870768345,50.39237109215593,35.644844775699696,0.04467381202547653,0.0003004230554797899,0.0002006920985877514,46.906944274902344
2026-08-27 15:13:00+00:00,bitcoin,80742.61941668764,80438.11294712871,0.0037812854,2.729047e-06,0.001415187,0.0007851282,0.0002729047,UP,0.0011588843866124372,50.39237109215593,35.644844775699696,0.04467381202547653,0.0003004230554797899,0.0002006920985877514,46.906944274902344
2026-08-27 15:14:00+00:00,bitcoin,80692.92673096294,80743.48346180283,-0.0006156676,1.0753709e-05,0.0014198713,0.0008251188,0.0010753709,UP,0.001167044467914425,50.39237109215593,35.644844775699696,0.04467381202547653,0.0003004230554797899,0.0002006920985877514,46.906944274902344
2026-08-27 15:15:00+00:00,bitcoin,80634.97012569476,80694.2589640785,-0.00071835454,1.6583414e-05,0.001436511,0.00086526107,0.0016583414,UP,0.0011622793098482092,50.39237109215593,35.644844775699696,0.04467381202547653,0.0003004230554797899,0.0002006920985877514,46.906944274902344
2026-08-27 15:16:00+00:00,bitcoin,80541.68304288061,80636.70680138841,-0.0011576973,2.1423162e-05,0.0014997788,0.00090170355,0.0021423162,UP,0.0011766551939661391,50.39237109215593,35.644844775699696,0.04467381202547653,0.0003004230554797899,0.0002006920985877514,46.906944274902344
2026-08-27 15:17:00+00:00,bitcoin,80721.1858991906,80543.70556526352,0.00222618,2.520599e-05,0.0008563075,0.0009311011,0.0025205992,UP,0.001136800528806573,50.39237109215593,35.644844775699696,0.04467381202547653,0.0003004230554797899,0.0002006920985877514,46.906944274902344
2026-08-27 15:18:00+00:00,bitcoin,80633.27619070467,80723.17158939783,-0.0010895075,2.4664649e-05,0.0009045644,0.0009365831,0.0024664649,UP,0.0011602476059930716,50.39237109215593,35.644844775699696,0.04467381202547653,0.0003004230554797899,0.0002006920985877514,46.906944274902344
2026-08-27 15:19:00+00:00,bitcoin,80658.85941045359,80635.59779891744,0.0003171652,2.8791896e-05,0.0009250208,0.0009685859,0.0028791896,UP,0.0011599003579437553,50.39237109215593,35.644844775699696,0.04467381202547653,0.0003004230554797899,0.0002006920985877514,46.906944274902344
2026-08-27 15:20:00+00:00,bitcoin,80589.81681874488,80661.36896446906,-0.0008563056,3.0984596e-05,0.0008556545,0.0009887875,0.0030984597,UP,0.0011757526999843944,50.39237109215593,35.644844775699696,0.04467381202547653,0.0003004230554797899,0.0002006920985877514,46.906944274902344
2026-08-27 15:21:00+00:00,bitcoin,80471.06750287022,80591.98189992551,-0.0014745978,2.6796839e-05,0.00034695223,0.0009662084,0.002679684,UP,0.0012121921722258956,50.39237109215593,35.644844775699696,0.04467381202547653,0.0003004230554797899,0.0002006920985877514,46.906944274902344
2026-08-27 15:22:00+00:00,bitcoin,80504.93324639834,80473.35342249088,0.00042067605,2.8358489e-05,0.00046565448,0.000974834,0.0028358488,UP,0.001192806145139128,50.39237109215593,35.644844775699696,0.04467381202547653,0.0003004230554797899,0.0002006920985877514,46.906944274902344
2026-08-27 15:23:00+00:00,bitcoin,80549.36349874176,80507.29053362645,0.00055183255,2.9293322e-05,0.000494336,0.0009784488,0.0029293322,UP,0.0011948687734599681,50.39237109215593,35.644844775699696,0.04467381202547653,0.0003004230554797899,0.0002006920985877514,46.906944274902344
2026-08-27 15:24:00+00:00,bitcoin,80585.36595840286,80551.87337027024,0.00044683105,3.104149e-05,0.000514402,0.0009839247,0.0031041491,UP,0.0011879679539942168,50.39237109215593,35.644844775699696,0.04467381202547653,0.0003004230554797899,0.0002006920985877514,46.906944274902344
2026-08-27 15:25:00+00:00,bitcoin,80559.78981636325,80587.60550767835,-0.00031745445,2.7720056e-05,0.0007435412,0.0009554983,0.0027720055,UP,0.001191913780764299,50.39237109215593,35.644844775699696,0.04467381202547653,0.0003004230554797899,0.0002006920985877514,46.906944274902344
2026-08-27 15:26:00+00:00,bitcoin,80576.95047271904,80561.88262009807,0.00021303723,2.5924146e-05,0.0007566298,0.00093336107,0.0025924146,UP,0.001180189957491826,50.39237109215593,35.644844775699696,0.04467381202547653,0.0003004230554797899,0.0002006920985877514,46.906944274902344
2026-08-27 15:27:00+00:00,bitcoin,80653.17293680273,80578.92225687392,0.00094546546,2.4392273e-05,0.0004969376,0.0009119611,0.0024392274,UP,0.0011886479055603692,50.39237109215593,35.644844775699696,0.04467381202547653,0.0003004230554797899,0.0002006920985877514,46.906944274902344
2026-08-27 15:28:00+00:00,bitcoin,80643.94185197353,80655.25824478827,-0.00011450143,2.5850135e-05,0.0005130141,0.00090589817,0.0025850134,UP,0.0011879213902272713,50.39237109215593,35.644844775699696,0.04467381202547653,0.0003004230554797899,0.0002006920985877514,46.906944274902344
2026-08-27 15:29:00+00:00,bitcoin,80625.18635557964,80645.65831766278,-0.00023253057,2.1338094e-05,0.0005523254,0.0008637939,0.0021338093,UP,0.0011879281513645734,50.39237109215593,35.644844775699696,0.04467381202547653,0.0003004230554797899,0.0002006920985877514,46.906944274902344
2026-08-27 15:30:00+00:00,bitcoin,80536.1102373898,80626.43696527183,-0.0011055502,1.544945e-05,0.00057134253,0.000820518,0.0015449451,UP,0.0012102708920211965,50.39237109215593,35.644844775699696,0.04467381202547653,0.0003004230554797899,0.0002006920985877514,46.906944274902344
2026-08-27 15:31:00+00:00,bitcoin,80488.6839449862,80537.11923155375,-0.000589001,1.2570625e-05,0.00059937715,0.00079789193,0.0012570624,UP,0.0012024380388765941,50.39237109215593,35.644844775699696,0.04467381202547653,0.0003004230554797899,0.0002006920985877514,46.906944274902344
2026-08-27 15:32:00+00:00,bitcoin,80504.0412798142,80489.75432731211,0.00019090535,1.3258641e-05,0.0007023793,0.0007901384,0.0013258641,UP,0.0011823842402085886,50.39237109215593,35.644844775699696,0.04467381202547653,0.0003004230554797899,0.0002006920985877514,46.906944274902344
2026-08-27 15:33:00+00:00,bitcoin,80503.5670334883,80504.97776753269,-5.919751e-06,1.1523369e-05,0.0007040667,0.00077308173,0.0011523368,UP,0.0011561657753645874,50.39237109215593,35.644844775699696,0.04467381202547653,0.0003004230554797899,0.0002006920985877514,46.906944274902344
2026-08-27 15:34:00+00:00,bitcoin,80434.57910836022,80504.26128018647,-0.0008573752,8.480535e-06,0.0005647667,0.0007509149,0.0008480535,UP,0.0011589367808371588,50.39237109215593,35.644844775699696,0.04467381202547653,0.0003004230554797899,0.0002006920985877514,46.906944274902344
2026-08-27 15:35:00+00:00,bitcoin,80478.00466302969,80434.91372421198,0.0005397923,4.166367e-06,0.0005445545,0.00072470255,0.0004166367,UP,0.0011164047031651384,50.39237109215593,35.644844775699696,0.04467381202547653,0.0003004230554797899,0.0002006920985877514,46.906944274902344
2026-08-27 15:36:00+00:00,bitcoin,80420.00414428301,80477.83512542956,-0.0007209536,-2.1549222e-06,0.0006423571,0.00069650344,-0.00021549221,DOWN,0.0011110961974760776,50.39237109215593,35.644844775699696,0.04467381202547653,0.0003004230554797899,0.0002006920985877514,46.906944274902344
2026-08-27 15:37:00+00:00,bitcoin,80474.24040796701,80419.72979495209,0.00067416177,-3.4162003e-06,0.0005911399,0.000689306,-0.00034162003,DOWN,0.0010875743819602057,50.39237109215593,35.644844775699696,0.04467381202547653,0.0003004230554797899,0.0002006920985877514,46.906944274902344
2026-08-27 15:38:00+00:00,bitcoin,80478.04112528637,80473.89682951942,4.7180132e-05,-4.251401e-06,0.00064519426,0.0006841512,-0.0004251401,DOWN,0.0010808742458118428,50.39237109215593,35.644844775699696,0.04467381202547653,0.0003004230554797899,0.0002006920985877514,46.906944274902344
2026-08-27 15:39:00+00:00,bitcoin,80463.31268716324,80477.79921925347,-0.00018300534,-2.950178e-06,0.000829035,0.0006889945,-0.0002950178,DOWN,0.0010660987073214734,50.39237109215593,35.644844775699696,0.04467381202547653,0.0003004230554797899,0.0002006920985877514,46.906944274902344
2026-08-27 15:40:00+00:00,bitcoin,80421.00709727034,80463.05831268057,-0.00052590197,-3.189355e-06,0.0009956982,0.0006869947,-0.00031893552,DOWN,0.0010657376156904513,50.39237109215593,35.644844775699696,0.04467381202547653,0.0003004230554797899,0.0002006920985877514,46.906944274902344
2026-08-27 15:41:00+00:00,bitcoin,80505.83297981322,80420.86880199751,0.0010541477,-1.7194034e-06,0.00079732947,0.00069102313,-0.00017194034,DOWN,0.0010712756933083814,50.39237109215593,35.644844775699696,0.04467381202547653,0.0003004230554797899,0.0002006920985877514,46.906944274902344
2026-08-27 15:42:00+00:00,bitcoin,80523.89935616963,80505.91449838318,0.00022443448,9.909413e-07,0.0007363986,0.00069750985,9.909413e-05,UP,0.0010598006320223841,50.39237109215593,35.644844775699696,0.04467381202547653,0.0003004230554797899,0.0002006920985877514,46.906944274902344
2026-08-27 15:43:00+00:00,bitcoin,80582.55912868399,80523.96563187707,0.00072826457,8.322236e-07,0.00052201556,0.0006944513,8.322236e-05,UP,0.0008021488070209699,50.39237109215593,35.644844775699696,0.04467381202547653,0.0003004230554797899,0.0002006920985877514,46.906944274902344
2026-08-27 15:44:00+00:00,bitcoin,80508.57562442124,80581.86124812812,-0.0009186377,-8.67896e-06,0.0005579831,0.00065413944,-0.00086789596,DOWN,0.0008111556901733342,50.39237109215593,35.644844775699696,0.04467381202547653,0.0003004230554797899,0.0002006920985877514,46.906944274902344
2026-08-27 15:45:00+00:00,bitcoin,80412.28470329521,80507.40423210943,-0.0011967259,-1.4547698e-05,0.000406109,0.0006320372,-0.0014547698,DOWN,0.0008287054902172627,50.39237109215593,35.644844775699696,0.04467381202547653,0.0003004230554797899,0.0002006920985877514,46.906944274902344
2026-08-27 15:46:00+00:00,bitcoin,80374.95858370699,80411.22680199891,-0.00046421983,-1.3132515e-05,0.00034260255,0.00064150523,-0.0013132516,DOWN,0.0008073755504107168,50.39237109215593,35.644844775699696,0.04467381202547653,0.0003004230554797899,0.0002006920985877514,46.906944274902344
2026-08-27 15:47:00+00:00,bitcoin,80332.04086810118,80374.12256132578,-0.0005340659,-1.0423354e-05,0.00013880513,0.0006548953,-0.0010423354,DOWN,0.0006845004515809961,50.39237109215593,35.644844775699696,0.04467381202547653,0.0003004230554797899,0.0002006920985877514,46.906944274902344
2026-08-27 15:48:00+00:00,bitcoin,80346.61246720515,80331.27598073799,0.00018135963,-9.570028e-06,0.00016491362,0.0006587382,-0.0009570028,DOWN,0.0006640961020463615,50.39237109215593,35.644844775699696,0.04467381202547653,0.0003004230554797899,0.0002006920985877514,46.906944274902344
2026-08-27 15:49:00+00:00,bitcoin,80354.82558762189,80345.45824185852,0.00010209149,-1.4454613e-05,0.00017179125,0.0006390829,-0.0014454613,DOWN,0.0006603802297514982,50.39237109215593,35.644844775699696,0.04467381202547653,0.0003004230554797899,0.0002006920985877514,46.906944274902344
2026-08-27 15:50:00+00:00,bitcoin,80384.7835528776,80353.41219346691,0.0003728857,-1.753548e-05,0.00030924432,0.0006248006,-0.0017535479,DOWN,0.0006515749215412314,50.39237109215593,35.644844775699696,0.04467381202547653,0.0003004230554797899,0.0002006920985877514,46.906944274902344
2026-08-27 15:51:00+00:00,bitcoin,80394.00753677823,80383.03544421215,0.00011467619,-2.187195e-05,0.0003037148,0.0006051653,-0.002187195,DOWN,0.0005970859253593873,50.39237109215593,35.644844775699696,0.04467381202547653,0.0003004230554797899,0.0002006920985877514,46.906944274902344
2026-08-27 15:52:00+00:00,bitcoin,80393.89280794933,80391.95689801313,-1.4576663e-06,-2.5432564e-05,0.00039213643,0.000589935,-0.0025432564,DOWN,0.000590996544900615,50.39237109215593,35.644844775699696,0.04467381202547653,0.0003004230554797899,0.0002006920985877514,46.906944274902344
2026-08-27 15:53:00+00:00,bitcoin,80389.46295625344,80391.50907590147,-5.5004137e-05,-2.9633346e-05,0.00040635577,0.00056782726,-0.0029633346,DOWN,0.0005801141793754651,50.39237109215593,35.644844775699696,0.04467381202547653,0.0003004230554797899,0.0002006920985877514,46.906944274902344
2026-08-27 15:54:00+00:00,bitcoin,80406.79512399435,80386.76629564911,0.00021552895,-3.365099e-05,0.0005287261,0.000546812,-0.0033650992,DOWN,0.0005745702317095722,50.39237109215593,35.644844775699696,0.04467381202547653,0.0003004230554797899,0.0002006920985877514,46.906944274902344
2026-08-27 15:55:00+00:00,bitcoin,80360.00653994735,80403.68167293258,-0.0005821709,-3.8784176e-05,0.0004961108,0.00052156916,-0.0038784177,DOWN,0.0005804397381270013,50.39237109215593,35.644844775699696,0.04467381202547653,0.0003004230554797899,0.0002006920985877514,46.906944274902344
2026-08-27 15:56:00+00:00,bitcoin,80365.79569339752,80356.81476354599,7.213372e-05,-3.9675957e-05,0.0005922758,0.00052342436,-0.0039675958,DOWN,0.0005785315537282655,50.39237109215593,35.644844775699696,0.04467381202547653,0.0003004230554797899,0.0002006920985877514,46.906944274902344
2026-08-27 15:57:00+00:00,bitcoin,80403.89792515896,80362.65452034771,0.00047389223,-3.9063216e-05,0.0005477891,0.00052925706,-0.0039063217,DOWN,0.0005554238697016844,50.39237109215593,35.644844775699696,0.04467381202547653,0.0003004230554797899,0.0002006920985877514,46.906944274902344
2026-08-27 15:58:00+00:00,bitcoin,80386.7288782401,80400.81866753753,-0.00021349583,-3.815221e-05,0.0005770971,0.0005318552,-0.0038152211,DOWN,0.0005557881642210932,50.39237109215593,35.644844775699696,0.04467381202547653,0.0003004230554797899,0.0002006920985877514,46.906944274902344
2026-08-27 15:59:00+00:00,bitcoin,80316.96345408261,80383.65526081761,-0.0008682518,-3.820142e-05,0.00023711399,0.000526968,-0.0038201418,DOWN,0.000572613124022933,50.39237109215593,35.644844775699696,0.04467381202547653,0.0003004230554797899,0.0002006920985877514,46.906944274902344
2026-08-27 16:00:00+00:00,bitcoin,80320.97266467009,80314.0646428247,4.989871e-05,-3.60274e-05,0.00023997764,0.00053395086,-0.00360274,DOWN,0.0005426733865934059,50.39237109215593,35.644844775699696,0.04467381202547653,0.0003004230554797899,0.0002006920985877514,46.906944274902344
2026-08-27 16:01:00+00:00,bitcoin,80370.31832896918,80318.04837328568,0.00061424065,-3.6310874e-05,0.001110772,0.00052778,-0.0036310875,DOWN,0.0005488890885389994,50.39237109215593,35.644844775699696,0.04467381202547653,0.0003004230554797899,0.0002006920985877514,46.906944274902344
2026-08-27 16:02:00+00:00,bitcoin,80384.7778736772,80367.18257142277,0.00017991263,-3.8973798e-05,0.0011524389,0.0005140847,-0.0038973799,DOWN,0.0005487270795384533,50.39237109215593,35.644844775699696,0.04467381202547653,0.0003004230554797899,0.0002006920985877514,46.906944274902344
2026-08-27 16:03:00+00:00,bitcoin,80420.94603019208,80381.42254426144,0.0004498829,-4.1793075e-05,0.001077164,0.00050416327,-0.0041793077,DOWN,0.0005562308641813271,50.39237109215593,35.644844775699696,0.04467381202547653,0.0003004230554797899,0.0002006920985877514,46.906944274902344
2026-08-27 16:04:00+00:00,bitcoin,80431.68089372478,80417.39158247877,0.0001333713,-4.4231598e-05,0.0010666447,0.0004995319,-0.0044231596,DOWN,0.0005346774572004471,50.39237109215593,35.644844775699696,0.04467381202547653,0.0003004230554797899,0.0002006920985877514,46.906944274902344
2026-08-27 16:05:00+00:00,bitcoin,80483.9833370084,80427.96425868524,0.0006501853,-4.624984e-05,0.0013293781,0.0004979036,-0.0046249838,DOWN,0.000538895116483756,50.39237109215593,35.644844775699696,0.04467381202547653,0.0003004230554797899,0.0002006920985877514,46.906944274902344
2026-08-27 16:06:00+00:00,bitcoin,80316.29577619443,80480.14002002915,-0.0020857595,-4.7856374e-05,0.00089677586,0.0004954635,-0.0047856374,DOWN,0.0006483130390578766,50.39237109215593,35.644844775699696,0.04467381202547653,0.0003004230554797899,0.0002006920985877514,46.906944274902344
2026-08-27 16:07:00+00:00,bitcoin,80235.68480425607,80312.91230738815,-0.0010042504,-4.2104977e-05,0.0007253359,0.0005459455,-0.0042104977,DOWN,0.0006566407284280327,50.39237109215593,35.644844775699696,0.04467381202547653,0.0003004230554797899,0.0002006920985877514,46.906944274902344
2026-08-27 16:08:00+00:00,bitcoin,80226.57874378888,80233.35543177556,-0.00011344179,-2.8945346e-05,0.00063160696,0.00060166506,-0.0028945345,DOWN,0.0006560644047970181,50.39237109215593,35.644844775699696,0.04467381202547653,0.0003004230554797899,0.0002006920985877514,46.906944274902344
2026-08-27 16:09:00+00:00,bitcoin,80231.11134410277,80225.07661571912,5.6479068e-05,-1.8691724e-05,0.0009723596,0.00063028076,-0.0018691724,DOWN,0.0006565281466605532,50.39237109215593,35.644844775699696,0.04467381202547653,0.0003004230554797899,0.0002006920985877514,46.906944274902344
2026-08-27 16:10:00+00:00,bitcoin,80351.24646626227,80229.95209548064,0.001496312,-1.4487104e-05,0.00081610645,0.00063564593,-0.0014487103,DOWN,0.0007124077153971718,50.39237109215593,35.644844775699696,0.04467381202547653,0.0003004230554797899,0.0002006920985877514,46.906944274902344
2026-08-27 16:11:00+00:00,bitcoin,80362.24625051022,80350.13409130275,0.00013679234,-1.3849428e-05,0.000849965,0.0006290878,-0.0013849428,DOWN,0.0006833940896786124,50.39237109215593,35.644844775699696,0.04467381202547653,0.0003004230554797899,0.0002006920985877514,46.906944274902344
2026-08-27 16:12:00+00:00,bitcoin,80454.35317404661,80361.15486592194,0.001145521,-1.3581065e-05,0.00078902586,0.0006211907,-0.0013581065,DOWN,0.0007165071357797339,50.39237109215593,35.644844775699696,0.04467381202547653,0.0003004230554797899,0.0002006920985877514,46.906944274902344
2026-08-27 16:13:00+00:00,bitcoin,80527.5205850685,80453.21024467517,0.0009090698,-1.4161341e-05,0.0007136069,0.0006128,-0.0014161341,DOWN,0.0007238245578285081,50.39237109215593,35.644844775699696,0.04467381202547653,0.0003004230554797899,0.0002006920985877514,46.906944274902344
2026-08-27 16:14:00+00:00,bitcoin,80451.53757527238,80525.81950337766,-0.0009440282,-2.1143976e-05,0.0005219058,0.0005790526,-0.0021143977,DOWN,0.0007249209599970377,50.39237109215593,35.644844775699696,0.04467381202547653,0.0003004230554797899,0.0002006920985877514,46.906944274902344
2026-08-27 16:15:00+00:00,bitcoin,80482.70841764845,80449.73123990139,0.00038738648,-2.2394914e-05,0.00050125923,0.0005697216,-0.0022394913,DOWN,0.0006935642613553861,50.39237109215593,35.644844775699696,0.04467381202547653,0.0003004230554797899,0.0002006920985877514,46.906944274902344
2026-08-27 16:16:00+00:00,bitcoin,80466.02167562535,80480.73931156425,-0.00020736418,-2.4556022e-05,0.0004990498,0.0005584548,-0.0024556022,DOWN,0.000688832030745176,50.39237109215593,35.644844775699696,0.04467381202547653,0.0003004230554797899,0.0002006920985877514,46.906944274902344
2026-08-27 16:17:00+00:00,bitcoin,80537.77382270247,80463.98987043276,0.00089128333,-2.5317859e-05,0.0004874886,0.00055508816,-0.002531786,DOWN,0.0006971419465599121,50.39237109215593,35.644844775699696,0.04467381202547653,0.0003004230554797899,0.0002006920985877514,46.906944274902344
2026-08-27 16:18:00+00:00,bitcoin,80504.06485050451,80535.57964310283,-0.00041866064,-2.7198752e-05,0.00047013446,0.00054622645,-0.0027198752,DOWN,0.0007028781423463812,50.39237109215593,35.644844775699696,0.04467381202547653,0.0003004230554797899,0.0002006920985877514,46.906944274902344
2026-08-27 16:19:00+00:00,bitcoin,80500.77558500692,80501.85522861779,-4.0856692e-05,-2.743446e-05,0.0004799782,0.0005449433,-0.002743446,DOWN,0.0007031059862393776,50.39237109215593,35.644844775699696,0.04467381202547653,0.0003004230554797899,0.0002006920985877514,46.906944274902344
2026-08-27 16:20:00+00:00,bitcoin,80510.46584190987,80498.52787053771,0.000120333214,-2.7944301e-05,0.00047731603,0.0005416698,-0.0027944301,DOWN,0.0007007465251583592,50.39237109215593,35.644844775699696,0.04467381202547653,0.0003004230554797899,0.0002006920985877514,46.906944274902344
2026-08-27 16:21:00+00:00,bitcoin,80548.07391171623,80507.85998929571,0.00046702745,-3.2371026e-05,0.00040751926,0.0005195771,-0.0032371026,DOWN,0.0007047712876900068,50.39237109215593,35.644844775699696,0.04467381202547653,0.0003004230554797899,0.0002006920985877514,46.906944274902344
2026-08-27 16:22:00+00:00,bitcoin,80484.1780839134,80545.13207655959,-0.0007935135,-3.6491583e-05,0.00012682733,0.0004861782,-0.0036491584,DOWN,0.0007219245809846444,50.39237109215593,35.644844775699696,0.04467381202547653,0.0003004230554797899,0.0002006920985877514,46.906944274902344
2026-08-27 16:23:00+00:00,bitcoin,80496.14398146514,80481.09027077444,0.0001486983,-3.846095e-05,0.00035738497,0.00047862495,-0.003846095,DOWN,0.0007219809209857971,50.39237109215593,35.644844775699696,0.04467381202547653,0.0003004230554797899,0.0002006920985877514,46.906944274902344
2026-08-27 16:24:00+00:00,bitcoin,80512.52861945424,80492.92901685229,0.00020350223,-3.9960254e-05,0.00045749923,0.00048444606,-0.0039960253,DOWN,0.0007218859561113216,50.39237109215593,35.644844775699696,0.04467381202547653,0.0003004230554797899,0.0002006920985877514,46.906944274902344
2026-08-27 16:25:00+00:00,bitcoin,80514.27805718035,80509.15760865994,2.163848e-05,-4.1932133e-05,0.00049354765,0.0004883674,-0.0041932133,DOWN,0.0007121813923222617,50.39237109215593,35.644844775699696,0.04467381202547653,0.0003004230554797899,0.0002006920985877514,46.906944274902344
2026-08-27 16:26:00+00:00,bitcoin,80516.72094008047,80510.75095339399,3.0467738e-05,-4.369598e-05,0.0004921557,0.00048737426,-0.0043695983,DOWN,0.0007122059688132405,50.39237109215593,35.644844775699696,0.04467381202547653,0.0003004230554797899,0.0002006920985877514,46.906944274902344
2026-08-27 16:27:00+00:00,bitcoin,80542.93963387515,80513.13198350696,0.00032548112,-4.4616758e-05,0.00036514256,0.00049372844,-0.004461676,DOWN,0.0007097616183974045,50.39237109215593,35.644844775699696,0.04467381202547653,0.0003004230554797899,0.0002006920985877514,46.906944274902344
2026-08-27 16:28:00+00:00,bitcoin,80494.47409855947,80539.33214938268,-0.0006018594,-4.479374e-05,0.00052315183,0.0004971338,-0.004479374,DOWN,0.0007183653794457409,50.39237109215593,35.644844775699696,0.04467381202547653,0.0003004230554797899,0.0002006920985877514,46.906944274902344
2026-08-27 16:29:00+00:00,bitcoin,80434.49390828703,80490.84459407581,-0.00074547646,-4.5058452e-05,0.0004958353,0.0004964234,-0.0045058453,DOWN,0.0007133218012694419,50.39237109215593,35.644844775699696,0.04467381202547653,0.0003004230554797899,0.0002006920985877514,46.906944274902344
2026-08-27 16:30:00+00:00,bitcoin,80374.84188843984,80430.90127976844,-0.000741853,-4.458066e-05,0.00039720992,0.00050080457,-0.004458066,DOWN,0.0007277771220168623,50.39237109215593,35.644844775699696,0.04467381202547653,0.0003004230554797899,0.0002006920985877514,46.906944274902344
2026-08-27 16:31:00+00:00,bitcoin,80376.70254703611,80371.38485448435,2.3133525e-05,-4.3028343e-05,0.0004349727,0.00051313476,-0.004302834,DOWN,0.0007191522521146932,50.39237109215593,35.644844775699696,0.04467381202547653,0.0003004230554797899,0.0002006920985877514,46.906944274902344
2026-08-27 16:32:00+00:00,bitcoin,80367.79219080135,80373.45973658469,-0.000110909714,-4.030131e-05,0.0004772578,0.0005237329,-0.0040301313,DOWN,0.0007186435941412331,50.39237109215593,35.644844775699696,0.04467381202547653,0.0003004230554797899,0.0002006920985877514,46.906944274902344
2026-08-27 16:33:00+00:00,bitcoin,80405.52699483838,80364.79512905097,0.00046941094,-3.719153e-05,0.00045969777,0.0005226372,-0.003719153,DOWN,0.0007190805216238827,50.39237109215593,35.644844775699696,0.04467381202547653,0.0003004230554797899,0.0002006920985877514,46.906944274902344
2026-08-27 16:34:00+00:00,bitcoin,80354.96690495359,80402.71500749979,-0.0006289442,-3.4982044e-05,0.0004486005,0.00051227125,-0.0034982043,DOWN,0.0007273956764748552,50.39237109215593,35.644844775699696,0.04467381202547653,0.0003004230554797899,0.0002006920985877514,46.906944274902344
2026-08-27 16:35:00+00:00,bitcoin,80338.06650085934,80352.37761461176,-0.00021031947,-3.2235203e-05,0.00048607387,0.00050832954,-0.0032235202,DOWN,0.0007164624642207857,50.39237109215593,35.644844775699696,0.04467381202547653,0.0003004230554797899,0.0002006920985877514,46.906944274902344
2026-08-27 16:36:00+00:00,bitcoin,80362.28108045459,80335.79097595997,0.0003013178,-2.8407689e-05,0.0005020529,0.00051095703,-0.0028407688,DOWN,0.0006083744389894527,50.39237109215593,35.644844775699696,0.04467381202547653,0.0003004230554797899,0.0002006920985877514,46.906944274902344
2026-08-27 16:37:00+00:00,bitcoin,80396.99891796708,80360.11618571728,0.00043193466,-2.6901937e-05,0.00057566824,0.0004944586,-0.0026901937,DOWN,0.0005809798417516034,50.39237109215593,35.644844775699696,0.04467381202547653,0.0003004230554797899,0.0002006920985877514,46.906944274902344
2026-08-27 16:38:00+00:00,bitcoin,80362.34879761934,80394.91067290306,-0.00043105969,-2.5965488e-05,0.0004409123,0.0004717664,-0.0025965488,DOWN,0.0005872412836540982,50.39237109215593,35.644844775699696,0.04467381202547653,0.0003004230554797899,0.0002006920985877514,46.906944274902344
2026-08-27 16:39:00+00:00,bitcoin,80413.39347662032,80360.38767503854,0.00063500716,-2.4468161e-05,0.00052727584,0.00046536434,-0.002446816,DOWN,0.0005966694597059342,50.39237109215593,35.644844775699696,0.04467381202547653,0.0003004230554797899,0.0002006920985877514,46.906944274902344
2026-08-27 16:40:00+00:00,bitcoin,80481.36334835552,80411.52436978882,0.00084488455,-2.3257242e-05,0.0006134692,0.00046588946,-0.002325724,DOWN,0.0005533993629911172,50.39237109215593,35.644844775699696,0.04467381202547653,0.0003004230554797899,0.0002006920985877514,46.906944274902344
2026-08-27 16:41:00+00:00,bitcoin,80534.46108412929,80479.50592693873,0.0006594848,-2.3160206e-05,0.00070833316,0.0004623331,-0.0023160207,DOWN,0.0005642233513494224,50.39237109215593,35.644844775699696,0.04467381202547653,0.0003004230554797899,0.0002006920985877514,46.906944274902344
2026-08-27 16:42:00+00:00,bitcoin,80518.13536228845,80532.53604609752,-0.00020276764,-2.3891742e-05,0.00076584663,0.000455312,-0.0023891742,DOWN,0.0005282292268569986,50.39237109215593,35.644844775699696,0.04467381202547653,0.0003004230554797899,0.0002006920985877514,46.906944274902344
2026-08-27 16:43:00+00:00,bitcoin,80525.65804387629,80516.09792850539,9.343344e-05,-2.5266472e-05,0.00076571625,0.0004471099,-0.0025266472,DOWN,0.00050153086605863,50.39237109215593,35.644844775699696,0.04467381202547653,0.0003004230554797899,0.0002006920985877514,46.906944274902344
2026-08-27 16:44:00+00:00,bitcoin,80610.73578779027,80523.37159130722,0.0010558798,-2.8452654e-05,0.00042201765,0.0004358861,-0.0028452654,DOWN,0.0005047855154635157,50.39237109215593,35.644844775699696,0.04467381202547653,0.0003004230554797899,0.0002006920985877514,46.906944274902344
2026-08-27 16:45:00+00:00,bitcoin,80576.22348240344,80608.2857374493,-0.00042807436,-3.0214513e-05,0.00046126556,0.00042411726,-0.0030214512,DOWN,0.0005088183287679672,50.39237109215593,35.644844775699696,0.04467381202547653,0.0003004230554797899,0.0002006920985877514,46.906944274902344
2026-08-27 16:46:00+00:00,bitcoin,80509.92504932312,80573.61388425529,-0.0008231232,-3.2396227e-05,0.0003503208,0.00042469427,-0.0032396226,DOWN,0.000531008970605841,50.39237109215593,35.644844775699696,0.04467381202547653,0.0003004230554797899,0.0002006920985877514,46.906944274902344
2026-08-27 16:47:00+00:00,bitcoin,80453.5681836498,80507.09361693589,-0.00070027524,-3.5196288e-05,0.00013041784,0.00044088392,-0.003519629,DOWN,0.0005201445813465227,50.39237109215593,35.644844775699696,0.04467381202547653,0.0003004230554797899,0.0002006920985877514,46.906944274902344
2026-08-27 16:48:00+00:00,bitcoin,80460.96482929122,80450.57318345038,9.185777e-05,-3.7226e-05,0.0001313207,0.0004638309,-0.0037226,DOWN,0.0005154834972138003,50.39237109215593,35.644844775699696,0.04467381202547653,0.0003004230554797899,0.0002006920985877514,46.906944274902344
2026-08-27 16:49:00+00:00,bitcoin,80465.49780875724,80457.82445356529,5.6314548e-05,-3.895017e-05,0.0004370685,0.00047097614,-0.0038950169,DOWN,0.0005156383959125712,50.39237109215593,35.644844775699696,0.04467381202547653,0.0003004230554797899,0.0002006920985877514,46.906944274902344
2026-08-27 16:50:00+00:00,bitcoin,80472.01490672678,80462.21643953538,8.097087e-05,-4.0658066e-05,0.00062851247,0.00046823084,-0.0040658065,DOWN,0.0005153334608076782,50.39237109215593,35.644844775699696,0.04467381202547653,0.0003004230554797899,0.0002006920985877514,46.906944274902344
2026-08-27 16:51:00+00:00,bitcoin,80480.0371626066,80468.6406656811,9.969973e-05,-4.18599e-05,0.0006442968,0.00046455578,-0.00418599,DOWN,0.0005077708281303182,50.39237109215593,35.644844775699696,0.04467381202547653,0.0003004230554797899,0.0002006920985877514,46.906944274902344
2026-08-27 16:52:00+00:00,bitcoin,80509.93564622477,80476.66856444441,0.00037152937,-4.1839645e-05,0.00058208616,0.00045161066,-0.0041839643,DOWN,0.0004915188108899583,50.39237109215593,35.644844775699696,0.04467381202547653,0.0003004230554797899,0.0002006920985877514,46.906944274902344
2026-08-27 16:53:00+00:00,bitcoin,80527.7793128267,80506.71272909641,0.00022151256,-4.0079263e-05,0.0005172552,0.00043844574,-0.004007926,DOWN,0.0004924025658836074,50.39237109215593,35.644844775699696,0.04467381202547653,0.0003004230554797899,0.0002006920985877514,46.906944274902344
2026-08-27 16:54:00+00:00,bitcoin,80467.49718077015,80524.76874433924,-0.0007487604,-3.7311984e-05,0.00049755763,0.00042892186,-0.0037311984,DOWN,0.0005100740951939936,50.39237109215593,35.644844775699696,0.04467381202547653,0.0003004230554797899,0.0002006920985877514,46.906944274902344
2026-08-27 16:55:00+00:00,bitcoin,80384.78889718652,80464.39683482051,-0.0010284086,-3.84834e-05,0.00027555064,0.00043216394,-0.00384834,DOWN,0.0005422038212572794,50.39237109215593,35.644844775699696,0.04467381202547653,0.0003004230554797899,0.0002006920985877514,46.906944274902344
2026-08-27 16:56:00+00:00,bitcoin,80401.75987117644,80381.28182592429,0.00021097458,-4.365241e-05,0.0005460877,0.00045531592,-0.004365241,DOWN,0.0005441661944499609,50.39237109215593,35.644844775699696,0.04467381202547653,0.0003004230554797899,0.0002006920985877514,46.906944274902344
2026-08-27 16:57:00+00:00,bitcoin,80402.5071862042,80398.30432353914,9.328111e-06,-4.282521e-05,0.00059946626,0.00047695768,-0.004282521,DOWN,0.0005397361279198656,50.39237109215593,35.644844775699696,0.04467381202547653,0.0003004230554797899,0.0002006920985877514,46.906944274902344
2026-08-27 16:58:00+00:00,bitcoin,80381.57175317407,80399.21243935823,-0.00026024808,-4.091997e-05,0.0007538827,0.00048583082,-0.004091997,DOWN,0.0005314124166732744,50.39237109215593,35.644844775699696,0.04467381202547653,0.0003004230554797899,0.0002006920985877514,46.906944274902344
2026-08-27 16:59:00+00:00,bitcoin,80389.32056750357,80378.53097559884,9.63133e-05,-3.7902133e-05,0.0007737226,0.00049525354,-0.0037902133,DOWN,0.0005152313024429865,50.39237109215593,35.644844775699696,0.04467381202547653,0.0003004230554797899,0.0002006920985877514,46.906944274902344
2026-08-27 17:00:00+00:00,bitcoin,80352.01788648171,80386.54598948592,-0.00046406075,-3.4543795e-05,0.0007472683,0.0004894204,-0.0034543795,DOWN,0.0005041724859620153,50.39237109215593,35.644844775699696,0.04467381202547653,0.0003004230554797899,0.0002006920985877514,46.906944274902344
2026-08-27 17:01:00+00:00,bitcoin,80250.00062255468,80349.47550127096,-0.0012705126,-3.1672927e-05,0.0004696644,0.00047332747,-0.0031672928,DOWN,0.0005540836956275089,50.39237109215593,35.644844775699696,0.04467381202547653,0.0003004230554797899,0.0002006920985877514,46.906944274902344
2026-08-27 17:02:00+00:00,bitcoin,80270.88376879692,80247.70402908325,0.00026018813,-2.8617287e-05,0.0006388772,0.00047499267,-0.0028617287,DOWN,0.0005568693222249473,50.39237109215593,35.644844775699696,0.04467381202547653,0.0003004230554797899,0.0002006920985877514,46.906944274902344
2026-08-27 17:03:00+00:00,bitcoin,80325.57941605523,80268.83025451144,0.00068115216,-2.557757e-05,0.00066951365,0.00047602685,-0.002557757,DOWN,0.0005648409951877994,50.39237109215593,35.644844775699696,0.04467381202547653,0.0003004230554797899,0.0002006920985877514,46.906944274902344
2026-08-27 17:04:00+00:00,bitcoin,80348.86587500572,80323.71567953285,0.00028989132,-2.3226388e-05,0.0006890517,0.0004764456,-0.0023226389,DOWN,0.0005562671975304922,50.39237109215593,35.644844775699696,0.04467381202547653,0.0003004230554797899,0.0002006920985877514,46.906944274902344
2026-08-27 17:05:00+00:00,bitcoin,80342.31081967475,80347.14308785275,-8.158117e-05,-2.1510099e-05,0.000633175,0.00047750567,-0.0021510099,DOWN,0.0005551033904811148,50.39237109215593,35.644844775699696,0.04467381202547653,0.0003004230554797899,0.0002006920985877514,46.906944274902344
2026-08-27 17:06:00+00:00,bitcoin,80434.47726359218,80340.708260376,0.0011464849,-1.9929841e-05,0.0005757039,0.0004829158,-0.0019929842,DOWN,0.0005911442744844299,50.39237109215593,35.644844775699696,0.04467381202547653,0.0003004230554797899,0.0002006920985877514,46.906944274902344
2026-08-27 17:07:00+00:00,bitcoin,80395.00055646803,80432.96636795299,-0.00049091206,-1.8767176e-05,0.00040254113,0.00049075804,-0.0018767175,DOWN,0.0005935136052603116,50.39237109215593,35.644844775699696,0.04467381202547653,0.0003004230554797899,0.0002006920985877514,46.906944274902344
2026-08-27 17:08:00+00:00,bitcoin,80464.30068075657,80393.65826368332,0.00086158374,-1.6728856e-05,0.00041507548,0.00050468696,-0.0016728856,DOWN,0.00060795616069333,50.39237109215593,35.644844775699696,0.04467381202547653,0.0003004230554797899,0.0002006920985877514,46.906944274902344
2026-08-27 17:09:00+00:00,bitcoin,80523.03884435445,80462.83408102114,0.00072967703,-1.8109498e-05,0.0004029191,0.0004932409,-0.0018109499,DOWN,0.0006113776745259416,50.39237109215593,35.644844775699696,0.04467381202547653,0.0003004230554797899,0.0002006920985877514,46.906944274902344
2026-08-27 17:10:00+00:00,bitcoin,80551.30057990924,80521.38980503753,0.00035096376,-2.0327232e-05,0.00040099435,0.00047132728,-0.0020327233,DOWN,0.0005955411837569593,50.39237109215593,35.644844775699696,0.04467381202547653,0.0003004230554797899,0.0002006920985877514,46.906944274902344
2026-08-27 17:11:00+00:00,bitcoin,80538.92410158832,80549.47720828559,-0.00015364062,-2.2603352e-05,0.0003320097,0.00045598534,-0.0022603353,DOWN,0.0005842509595985262,50.39237109215593,35.644844775699696,0.04467381202547653,0.0003004230554797899,0.0002006920985877514,46.906944274902344
2026-08-27 17:12:00+00:00,bitcoin,80560.31287550181,80536.92486956716,0.0002655584,-2.479121e-05,0.000400144,0.00045184133,-0.002479121,DOWN,0.0005848478885371558,50.39237109215593,35.644844775699696,0.04467381202547653,0.0003004230554797899,0.0002006920985877514,46.906944274902344
2026-08-27 17:13:00+00:00,bitcoin,80633.28017883003,80558.11809165403,0.00090535556,-2.7195962e-05,0.0003179709,0.00045026653,-0.0027195963,DOWN,0.0006068692507764786,50.39237109215593,35.644844775699696,0.04467381202547653,0.0003004230554797899,0.0002006920985877514,46.906944274902344
2026-08-27 17:14:00+00:00,bitcoin,80635.29981959611,80630.85896648467,2.499712e-05,-3.0072359e-05,0.00026245174,0.0004465361,-0.003007236,DOWN,0.0005760068341790753,50.39237109215593,35.644844775699696,0.04467381202547653,0.0003004230554797899,0.0002006920985877514,46.906944274902344
2026-08-27 17:15:00+00:00,bitcoin,80657.99193190597,80632.64383149892,0.0002814167,-3.285978e-05,0.00033128695,0.0004369526,-0.0032859782,DOWN,0.0005719405147437622,50.39237109215593,35.644844775699696,0.04467381202547653,0.0003004230554797899,0.0002006920985877514,46.906944274902344
2026-08-27 17:16:00+00:00,bitcoin,80676.18411174044,80655.3047441463,0.00022556054,-3.3286593e-05,0.00064433576,0.0004212225,-0.0033286593,DOWN,0.0005493702154538275,50.39237109215593,35.644844775699696,0.04467381202547653,0.0003004230554797899,0.0002006920985877514,46.906944274902344
2026-08-27 17:17:00+00:00,bitcoin,80746.20181524754,80673.67256271467,0.0008674835,-3.111385e-05,0.00051434414,0.00041318938,-0.003111385,DOWN,0.0005482738612966659,50.39237109215593,35.644844775699696,0.04467381202547653,0.0003004230554797899,0.0002006920985877514,46.906944274902344
2026-08-27 17:18:00+00:00,bitcoin,80783.84922795556,80743.67637940403,0.00046614782,-3.1303018e-05,0.00044879675,0.00041323667,-0.0031303018,DOWN,0.0005518330491909132,50.39237109215593,35.644844775699696,0.04467381202547653,0.0003004230554797899,0.0002006920985877514,46.906944274902344
2026-08-27 17:19:00+00:00,bitcoin,80807.45514728781,80781.21770675154,0.00029211427,-3.2567503e-05,0.000567319,0.0004161694,-0.0032567503,DOWN,0.0005523729078247856,50.39237109215593,35.644844775699696,0.04467381202547653,0.0003004230554797899,0.0002006920985877514,46.906944274902344
2026-08-27 17:20:00+00:00,bitcoin,80805.49280968774,80804.68363776524,-2.4267087e-05,-3.4283807e-05,0.00056878896,0.00042109215,-0.0034283807,DOWN,0.0005531043626041726,50.39237109215593,35.644844775699696,0.04467381202547653,0.0003004230554797899,0.0002006920985877514,46.906944274902344
2026-08-27 17:21:00+00:00,bitcoin,80737.02249163762,80802.5060302522,-0.00084768713,-3.6972047e-05,0.0003313249,0.00042873563,-0.0036972046,DOWN,0.0005816544209178037,50.39237109215593,35.644844775699696,0.04467381202547653,0.0003004230554797899,0.0002006920985877514,46.906944274902344
2026-08-27 17:22:00+00:00,bitcoin,80752.70191612002,80733.3324021711,0.00019418805,-4.577601e-05,0.00049658865,0.00045030433,-0.004577601,DOWN,0.0005797645056943864,50.39237109215593,35.644844775699696,0.04467381202547653,0.0003004230554797899,0.0002006920985877514,46.906944274902344
2026-08-27 17:23:00+00:00,bitcoin,80742.60495548509,80748.16905651428,-0.00012500364,-5.6196433e-05,0.0005559448,0.00046947497,-0.0056196433,DOWN,0.0005807217415656814,50.39237109215593,35.644844775699696,0.04467381202547653,0.0003004230554797899,0.0002006920985877514,46.906944274902344
2026-08-27 17:24:00+00:00,bitcoin,80800.64974767342,80737.49354447331,0.00071855757,-6.334514e-05,0.0005630152,0.00049346295,-0.0063345144,DOWN,0.0005694368721364711,50.39237109215593,35.644844775699696,0.04467381202547653,0.0003004230554797899,0.0002006920985877514,46.906944274902344
2026-08-27 17:25:00+00:00,bitcoin,80806.86119869258,80795.34591806354,7.686447e-05,-6.557984e-05,0.0006960336,0.0005033811,-0.0065579843,DOWN,0.0005254725687705823,50.39237109215593,35.644844775699696,0.04467381202547653,0.0003004230554797899,0.0002006920985877514,46.906944274902344
2026-08-27 17:26:00+00:00,bitcoin,80804.04174347315,80801.51791625936,-3.4902503e-05,-6.6117376e-05,0.00069627893,0.000499606,-0.0066117374,DOWN,0.0005268032042173871,50.39237109215593,35.644844775699696,0.04467381202547653,0.0003004230554797899,0.0002006920985877514,46.906944274902344
2026-08-27 17:27:00+00:00,bitcoin,80750.00022087805,80798.79411610728,-0.0006689906,-6.494024e-05,0.00059789786,0.0004940457,-0.0064940243,DOWN,0.0005479047181175711,50.39237109215593,35.644844775699696,0.04467381202547653,0.0003004230554797899,0.0002006920985877514,46.906944274902344
2026-08-27 17:28:00+00:00,bitcoin,80798.54467511177,80744.58529055119,0.000601019,-6.71386e-05,0.00072469155,0.0005037139,-0.00671386,DOWN,0.0005485670258057263,50.39237109215593,35.644844775699696,0.04467381202547653,0.0003004230554797899,0.0002006920985877514,46.906944274902344
2026-08-27 17:29:00+00:00,bitcoin,80737.29738526605,80793.1433581356,-0.0007583457,-6.6833316e-05,0.000651711,0.0005056155,-0.0066833314,DOWN,0.0005742420857288302,50.39237109215593,35.644844775699696,0.04467381202547653,0.0003004230554797899,0.0002006920985877514,46.906944274902344
2026-08-27 17:30:00+00:00,bitcoin,80797.4989719335,80731.9600144485,0.00074529223,-6.609543e-05,0.0005126128,0.0005185168,-0.006609543,DOWN,0.0005725329598040107,50.39237109215593,35.644844775699696,0.04467381202547653,0.0003004230554797899,0.0002006920985877514,46.906944274902344
2026-08-27 17:31:00+00:00,bitcoin,80792.31508874288,80792.32472055452,-6.410909e-05,-6.3958636e-05,0.0005255652,0.00052646716,-0.0063958634,DOWN,0.0005053081879298091,50.39237109215593,35.644844775699696,0.04467381202547653,0.0003004230554797899,0.0002006920985877514,46.906944274902344
2026-08-27 17:32:00+00:00,bitcoin,80807.54904918373,80787.26093865559,0.0001885444,-6.248371e-05,0.00060785,0.00052482885,-0.006248371,DOWN,0.0005053036111636434,50.39237109215593,35.644844775699696,0.04467381202547653,0.0003004230554797899,0.0002006920985877514,46.906944274902344
2026-08-27 17:33:00+00:00,bitcoin,80722.55000902992,80802.58587471955,-0.0010524355,-6.144977e-05,0.00051999034,0.00051614235,-0.006144977,DOWN,0.0005482614864726986,50.39237109215593,35.644844775699696,0.04467381202547653,0.0003004230554797899,0.0002006920985877514,46.906944274902344
2026-08-27 17:34:00+00:00,bitcoin,80712.79408869054,80717.85572223645,-0.000120791396,-5.806402e-05,0.0005534419,0.000523664,-0.005806402,DOWN,0.0005501456968251265,50.39237109215593,35.644844775699696,0.04467381202547653,0.0003004230554797899,0.0002006920985877514,46.906944274902344
2026-08-27 17:35:00+00:00,bitcoin,80728.20124099217,80708.34202087484,0.0001908592,-5.5213997e-05,0.0005402098,0.0005249411,-0.0055214,DOWN,0.0005484235407577842,50.39237109215593,35.644844775699696,0.04467381202547653,0.0003004230554797899,0.0002006920985877514,46.906944274902344
2026-08-27 17:36:00+00:00,bitcoin,80735.76723666862,80723.73779699206,9.3577386e-05,-5.5345e-05,0.00064163626,0.00050943193,-0.0055345,DOWN,0.0005157848682921936,50.39237109215593,35.644844775699696,0.04467381202547653,0.0003004230554797899,0.0002006920985877514,46.906944274902344
2026-08-27 17:37:00+00:00,bitcoin,80653.52167956484,80731.30169107113,-0.001019081,-5.5161887e-05,0.0005988498,0.00048578306,-0.0055161887,DOWN,0.0005456404789608144,50.39237109215593,35.644844775699696,0.04467381202547653,0.0003004230554797899,0.0002006920985877514,46.906944274902344
2026-08-27 17:38:00+00:00,bitcoin,80673.04117543437,80649.28337719012,0.00024193939,-5.2564024e-05,0.00057656766,0.0004723239,-0.0052564023,DOWN,0.0005275066786146806,50.39237109215593,35.644844775699696,0.04467381202547653,0.0003004230554797899,0.0002006920985877514,46.906944274902344
2026-08-27 17:39:00+00:00,bitcoin,80697.29307514615,80669.03359213239,0.00030055092,-4.972268e-05,0.00054065156,0.00046897805,-0.004972268,DOWN,0.0005151266687128081,50.39237109215593,35.644844775699696,0.04467381202547653,0.0003004230554797899,0.0002006920985877514,46.906944274902344
2026-08-27 17:40:00+00:00,bitcoin,80697.54879889544,80693.5421244991,3.1948043e-06,-4.6419565e-05,0.0005433269,0.00046052446,-0.0046419566,DOWN,0.0005125422268883178,50.39237109215593,35.644844775699696,0.04467381202547653,0.0003004230554797899,0.0002006920985877514,46.906944274902344
2026-08-27 17:41:00+00:00,bitcoin,80623.25721863005,80694.10776173975,-0.00092101045,-4.2652777e-05,0.0005986088,0.00044528017,-0.0042652776,DOWN,0.0005418837878111027,50.39237109215593,35.644844775699696,0.04467381202547653,0.0003004230554797899,0.0002006920985877514,46.906944274902344
2026-08-27 17:42:00+00:00,bitcoin,80553.75556744682,80619.93239221536,-0.000862406,-4.1214014e-05,0.00050035625,0.00044118153,-0.0041214013,DOWN,0.0005639968464217908,50.39237109215593,35.644844775699696,0.04467381202547653,0.0003004230554797899,0.0002006920985877514,46.906944274902344
2026-08-27 17:43:00+00:00,bitcoin,80563.7062679641,80550.63211534405,0.00012345419,-3.8840102e-05,0.00047969172,0.00045356437,-0.0038840102,DOWN,0.0005380395320195847,50.39237109215593,35.644844775699696,0.04467381202547653,0.0003004230554797899,0.0002006920985877514,46.906944274902344
2026-08-27 17:44:00+00:00,bitcoin,80485.50302878674,80560.85555625241,-0.00097117067,-3.5385292e-05,0.00025994657,0.00045901875,-0.0035385292,DOWN,0.000564668673959689,50.39237109215593,35.644844775699696,0.04467381202547653,0.0003004230554797899,0.0002006920985877514,46.906944274902344
2026-08-27 17:45:00+00:00,bitcoin,80486.64175969362,80483.00539898872,1.40746415e-05,-3.1065818e-05,0.00033514958,0.00047491133,-0.0031065817,DOWN,0.0005611627760818765,50.39237109215593,35.644844775699696,0.04467381202547653,0.0003004230554797899,0.0002006920985877514,46.906944274902344
2026-08-27 17:46:00+00:00,bitcoin,80512.87446555402,80484.4883849104,0.00032608793,-2.6705064e-05,0.00047431188,0.00048218088,-0.0026705065,DOWN,0.0005632900346320926,50.39237109215593,35.644844775699696,0.04467381202547653,0.0003004230554797899,0.0002006920985877514,46.906944274902344
2026-08-27 17:47:00+00:00,bitcoin,80499.99285487924,80511.02562203119,-0.00016011919,-2.3113902e-05,0.00046533326,0.0004814684,-0.0023113901,DOWN,0.0005349915440545838,50.39237109215593,35.644844775699696,0.04467381202547653,0.0003004230554797899,0.0002006920985877514,46.906944274902344
2026-08-27 17:48:00+00:00,bitcoin,80487.60810185457,80498.31762496987,-0.00015383562,-2.0764826e-05,0.00048062357,0.00047308195,-0.0020764826,DOWN,0.0005241626624256136,50.39237109215593,35.644844775699696,0.04467381202547653,0.0003004230554797899,0.0002006920985877514,46.906944274902344
2026-08-27 17:49:00+00:00,bitcoin,80518.61040233262,80486.07899311837,0.0003850783,-1.899452e-05,0.00047500466,0.00046236572,-0.0018994521,DOWN,0.0005269658582593568,50.39237109215593,35.644844775699696,0.04467381202547653,0.0003004230554797899,0.0002006920985877514,46.906944274902344
2026-08-27 17:50:00+00:00,bitcoin,80565.3255967889,80517.1119986698,0.0005799578,-1.8548028e-05,0.00035331005,0.00045344073,-0.0018548027,DOWN,0.0005420583715306001,50.39237109215593,35.644844775699696,0.04467381202547653,0.0003004230554797899,0.0002006920985877514,46.906944274902344
2026-08-27 17:51:00+00:00,bitcoin,80516.57452735351,80563.86048404127,-0.0006052822,-1.8072162e-05,0.00025339995,0.00044904827,-0.0018072162,DOWN,0.000532243558849038,50.39237109215593,35.644844775699696,0.04467381202547653,0.0003004230554797899,0.0002006920985877514,46.906944274902344
2026-08-27 17:52:00+00:00,bitcoin,80516.62790243886,80515.17375648255,5.82178e-07,-1.7299226e-05,0.00027520108,0.0004488808,-0.0017299226,DOWN,0.0005298343097039119,50.39237109215593,35.644844775699696,0.04467381202547653,0.0003004230554797899,0.0002006920985877514,46.906944274902344
2026-08-27 17:53:00+00:00,bitcoin,80494.63701470383,80515.27342147753,-0.00027298168,-1.6714675e-05,0.0002689553,0.00045023733,-0.0016714676,DOWN,0.0005307871853141139,50.39237109215593,35.644844775699696,0.04467381202547653,0.0003004230554797899,0.0002006920985877514,46.906944274902344
2026-08-27 17:54:00+00:00,bitcoin,80523.21664616838,80493.4411613848,0.0003548714,-1.4933886e-05,0.00025091035,0.00045852657,-0.0014933886,DOWN,0.0005153061303086565,50.39237109215593,35.644844775699696,0.04467381202547653,0.0003004230554797899,0.0002006920985877514,46.906944274902344
2026-08-27 17:55:00+00:00,bitcoin,80510.09854672663,80522.06864284258,-0.00016281569,-1.4153301e-05,0.00027367313,0.00046168012,-0.0014153301,DOWN,0.0005140931526910702,50.39237109215593,35.644844775699696,0.04467381202547653,0.0003004230554797899,0.0002006920985877514,46.906944274902344
2026-08-27 17:56:00+00:00,bitcoin,80524.46909785736,80508.9162648269,0.00017833903,-1.4670154e-05,0.00013368174,0.00045918557,-0.0014670154,DOWN,0.0005168134311119828,50.39237109215593,35.644844775699696,0.04467381202547653,0.0003004230554797899,0.0002006920985877514,46.906944274902344
2026-08-27 17:57:00+00:00,bitcoin,80506.99987668451,80523.06424462004,-0.00021686367,-1.733943e-05,0.00023102539,0.00044749575,-0.0017339429,DOWN,0.0005066132029398963,50.39237109215593,35.644844775699696,0.04467381202547653,0.0003004230554797899,0.0002006920985877514,46.906944274902344
2026-08-27 17:58:00+00:00,bitcoin,80487.33057492971,80505.39247196913,-0.0002443797,-1.9921074e-05,0.00024538592,0.00043797682,-0.0019921074,DOWN,0.0004894689002087611,50.39237109215593,35.644844775699696,0.04467381202547653,0.0003004230554797899,0.0002006920985877514,46.906944274902344
2026-08-27 17:59:00+00:00,bitcoin,80445.13482839707,80485.41395497788,-0.0005243854,-2.3735138e-05,0.00023141279,0.00042454686,-0.0023735138,DOWN,0.0004808854179616997,50.39237109215593,35.644844775699696,0.04467381202547653,0.0003004230554797899,0.0002006920985877514,46.906944274902344
2026-08-27 18:00:00+00:00,bitcoin,80408.9936243291,80443.10936319549,-0.00044926186,-2.5153335e-05,0.00018195354,0.000421387,-0.0025153335,DOWN,0.00045546872932497216,50.39237109215593,35.644844775699696,0.04467381202547653,0.0003004230554797899,0.0002006920985877514,46.906944274902344
2026-08-27 18:01:00+00:00,bitcoin,80384.77744209766,80407.03497254848,-0.0003012399,-2.4441895e-05,0.00024364474,0.00042872987,-0.0024441895,DOWN,0.0004557944309154457,50.39237109215593,35.644844775699696,0.04467381202547653,0.0003004230554797899,0.0002006920985877514,46.906944274902344
2026-08-27 18:02:00+00:00,bitcoin,80390.56914804876,80382.85993616097,7.191712e-05,-2.3902587e-05,0.0002674661,0.00043227378,-0.0023902587,DOWN,0.00045313371120007793,50.39237109215593,35.644844775699696,0.04467381202547653,0.0003004230554797899,0.0002006920985877514,46.906944274902344
2026-08-27 18:03:00+00:00,bitcoin,80381.92794504017,80388.63625632972,-0.000107391665,-2.4019482e-05,0.00029222315,0.0004316254,-0.0024019482,DOWN,0.00042163314710421713,50.39237109215593,35.644844775699696,0.04467381202547653,0.0003004230554797899,0.0002006920985877514,46.906944274902344
2026-08-27 18:04:00+00:00,bitcoin,80388.0335952295,80379.99885954475,7.590426e-05,-2.4041809e-05,0.0002993619,0.00042956808,-0.0024041808,DOWN,0.0004234812328629265,50.39237109215593,35.644844775699696,0.04467381202547653,0.0003004230554797899,0.0002006920985877514,46.906944274902344
2026-08-27 18:05:00+00:00,bitcoin,80365.67890228145,80386.25839498267,-0.00027798733,-2.1973377e-05,0.00039424948,0.0004357558,-0.0021973378,DOWN,0.000419701183254353,50.39237109215593,35.644844775699696,0.04467381202547653,0.0003004230554797899,0.0002006920985877514,46.906944274902344
2026-08-27 18:06:00+00:00,bitcoin,80395.93262236565,80364.08279363438,0.00037623642,-1.999582e-05,0.00031999842,0.00043996636,-0.001999582,DOWN,0.00042844081823514136,50.39237109215593,35.644844775699696,0.04467381202547653,0.0003004230554797899,0.0002006920985877514,46.906944274902344
2026-08-27 18:07:00+00:00,bitcoin,80417.59897959512,80394.3531290968,0.000269528,-1.9617491e-05,0.00024404659,0.00043656272,-0.001961749,DOWN,0.00040108219796689833,50.39237109215593,35.644844775699696,0.04467381202547653,0.0003004230554797899,0.0002006920985877514,46.906944274902344
2026-08-27 18:08:00+00:00,bitcoin,80399.01808349742,80415.87598797306,-0.00023104732,-2.149463e-05,0.0012993214,0.0004236005,-0.002149463,DOWN,0.0003965459197571485,50.39237109215593,35.644844775699696,0.04467381202547653,0.0003004230554797899,0.0002006920985877514,46.906944274902344
2026-08-27 18:09:00+00:00,bitcoin,80389.61643677903,80397.29826161638,-0.00011700142,-2.1480908e-05,0.0013939086,0.0004204748,-0.0021480909,DOWN,0.0003887680120764613,50.39237109215593,35.644844775699696,0.04467381202547653,0.0003004230554797899,0.0002006920985877514,46.906944274902344
2026-08-27 18:10:00+00:00,bitcoin,80341.49041157775,80387.93054620922,-0.0005988263,-2.1027612e-05,0.0016159586,0.00042028574,-0.0021027613,DOWN,0.0003972405324479748,50.39237109215593,35.644844775699696,0.04467381202547653,0.0003004230554797899,0.0002006920985877514,46.906944274902344
2026-08-27 18:11:00+00:00,bitcoin,80342.36373565067,80340.05078094313,1.089095e-05,-1.7947474e-05,0.001759212,0.00043333933,-0.0017947473,DOWN,0.00037019819653670127,50.39237109215593,35.644844775699696,0.04467381202547653,0.0003004230554797899,0.0002006920985877514,46.906944274902344
2026-08-27 18:12:00+00:00,bitcoin,80307.63896758296,80341.05027347943,-0.0004323257,-1.6329359e-05,0.0017454326,0.0004411483,-0.0016329358,DOWN,0.00034799219973258874,50.39237109215593,35.644844775699696,0.04467381202547653,0.0003004230554797899,0.0002006920985877514,46.906944274902344
2026-08-27 18:13:00+00:00,bitcoin,80055.98900469672,80306.53010865301,-0.0031384754,-1.381102e-05,0.0012808918,0.0004490917,-0.001381102,DOWN,0.0006512101410333928,50.39237109215593,35.644844775699696,0.04467381202547653,0.0003004230554797899,0.0002006920985877514,46.906944274902344
2026-08-27 18:14:00+00:00,bitcoin,80089.47049767897,80056.05899142567,0.00041807696,8.6039427e-07,0.0012537176,0.0005342641,8.603943e-05,UP,0.0006446381444852258,50.39237109215593,35.644844775699696,0.04467381202547653,0.0003004230554797899,0.0002006920985877514,46.906944274902344
2026-08-27 18:15:00+00:00,bitcoin,80173.78191596642,80091.06316724792,0.0010520777,1.9955154e-05,0.00094599393,0.0006105286,0.0019955153,UP,0.0006813817449455805,50.39237109215593,35.644844775699696,0.04467381202547653,0.0003004230554797899,0.0002006920985877514,46.906944274902344
2026-08-27 18:16:00+00:00,bitcoin,80000.00450447155,80176.45908335876,-0.0021698123,3.3567656e-05,0.0006814083,0.00064264727,0.0033567655,UP,0.0007701793275706349,50.39237109215593,35.644844775699696,0.04467381202547653,0.0003004230554797899,0.0002006920985877514,46.906944274902344
2026-08-27 18:17:00+00:00,bitcoin,79908.00857543945,80004.15802001953,-0.0011505639,5.1887037e-05,0.0011956971,0.0006783735,0.0051887035,UP,0.0007888231504305867,50.39237109215593,35.644844775699696,0.04467381202547653,0.0003004230554797899,0.0002006920985877514,46.906944274902344
2026-08-27 18:18:00+00:00,bitcoin,79899.99663417693,79913.151731994,-0.00010021791,6.441043e-05,0.001206111,0.0007008167,0.0064410428,UP,0.000789099151092869,50.39237109215593,35.644844775699696,0.04467381202547653,0.0003004230554797899,0.0002006920985877514,46.906944274902344
2026-08-27 18:19:00+00:00,bitcoin,79918.39243173599,79905.64821958542,0.00023014403,7.06687e-05,0.0012040454,0.000707386,0.00706687,UP,0.0007853371135627462,50.39237109215593,35.644844775699696,0.04467381202547653,0.0003004230554797899,0.0002006920985877514,46.906944274902344
2026-08-27 18:20:00+00:00,bitcoin,79870.00768151414,79924.25926597416,-0.0006056839,7.346722e-05,0.0011427935,0.000706609,0.0073467223,UP,0.0007718868386885748,50.39237109215593,35.644844775699696,0.04467381202547653,0.0003004230554797899,0.0002006920985877514,46.906944274902344
2026-08-27 18:21:00+00:00,bitcoin,79759.51070129871,79875.4175889492,-0.0013843582,6.781533e-05,0.00089048216,0.0006855617,0.006781533,UP,0.0007956062563644051,50.39237109215593,35.644844775699696,0.04467381202547653,0.0003004230554797899,0.0002006920985877514,46.906944274902344
2026-08-27 18:22:00+00:00,bitcoin,79906.12231760845,79764.97495520022,0.0018364555,6.854757e-05,0.00047625028,0.00068132504,0.0068547567,UP,0.0008862726845394234,50.39237109215593,35.644844775699696,0.04467381202547653,0.0003004230554797899,0.0002006920985877514,46.906944274902344
2026-08-27 18:23:00+00:00,bitcoin,79937.47530290857,79912.19448933192,0.00039237575,7.6065335e-05,0.000499101,0.00069462217,0.0076065334,UP,0.0008940559039212036,50.39237109215593,35.644844775699696,0.04467381202547653,0.0003004230554797899,0.0002006920985877514,46.906944274902344
2026-08-27 18:24:00+00:00,bitcoin,79947.40608246066,79943.58483725507,0.00012421046,7.6389195e-05,0.000525082,0.0006939833,0.0076389196,UP,0.000889823245714351,50.39237109215593,35.644844775699696,0.04467381202547653,0.0003004230554797899,0.0002006920985877514,46.906944274902344
2026-08-27 18:25:00+00:00,bitcoin,79965.92396001145,79953.3627959378,0.00023157075,7.444535e-05,0.00054636505,0.0006893044,0.007444535,UP,0.0008938890911877633,50.39237109215593,35.644844775699696,0.04467381202547653,0.0003004230554797899,0.0002006920985877514,46.906944274902344
2026-08-27 18:26:00+00:00,bitcoin,79917.7961363094,79971.641483441,-0.00060200004,7.144257e-05,0.0004636619,0.0006829622,0.007144257,UP,0.0008930782765498596,50.39237109215593,35.644844775699696,0.04467381202547653,0.0003004230554797899,0.0002006920985877514,46.906944274902344
2026-08-27 18:27:00+00:00,bitcoin,79971.84322710894,79923.4844604414,0.00067605224,7.1176415e-05,0.00032714364,0.00068274175,0.0071176416,UP,0.0009090228681056041,50.39237109215593,35.644844775699696,0.04467381202547653,0.0003004230554797899,0.0002006920985877514,46.906944274902344
2026-08-27 18:28:00+00:00,bitcoin,79945.35046842322,79977.15384637937,-0.00033142153,6.628625e-05,0.0006795364,0.0006742382,0.006628625,UP,0.0009092358001027655,50.39237109215593,35.644844775699696,0.04467381202547653,0.0003004230554797899,0.0002006920985877514,46.906944274902344
2026-08-27 18:29:00+00:00,bitcoin,79913.8606430199,79950.07074290514,-0.0003939013,5.917541e-05,0.0007381523,0.0006597586,0.005917541,UP,0.0009080656536231776,50.39237109215593,35.644844775699696,0.04467381202547653,0.0003004230554797899,0.0002006920985877514,46.906944274902344
2026-08-27 18:30:00+00:00,bitcoin,79942.34353346005,79918.00339136459,0.00035637498,5.1832885e-05,0.00082714914,0.0006413389,0.0051832884,UP,0.0009129672298380295,50.39237109215593,35.644844775699696,0.04467381202547653,0.0003004230554797899,0.0002006920985877514,46.906944274902344
2026-08-27 18:31:00+00:00,bitcoin,79931.8894826062,79945.78403307125,-0.00013076686,4.3000808e-05,0.00084419793,0.0006186022,0.0043000807,UP,0.0009128048363728868,50.39237109215593,35.644844775699696,0.04467381202547653,0.0003004230554797899,0.0002006920985877514,46.906944274902344
2026-08-27 18:32:00+00:00,bitcoin,79947.4127533231,79934.73015492037,0.00019409173,3.5495355e-05,0.0008479183,0.00060012983,0.0035495355,UP,0.0009142756375527512,50.39237109215593,35.644844775699696,0.04467381202547653,0.0003004230554797899,0.0002006920985877514,46.906944274902344
2026-08-27 18:33:00+00:00,bitcoin,79838.15366702713,79949.79839884862,-0.0013675558,2.9894025e-05,0.00022771799,0.0005888788,0.0029894025,UP,0.0009392104639925479,50.39237109215593,35.644844775699696,0.04467381202547653,0.0003004230554797899,0.0002006920985877514,46.906944274902344
2026-08-27 18:34:00+00:00,bitcoin,79872.20186985843,79841.01318963524,0.00042645563,3.582285e-05,0.00026537303,0.00061199086,0.003582285,UP,0.0009452569831486218,50.39237109215593,35.644844775699696,0.04467381202547653,0.0003004230554797899,0.0002006920985877514,46.906944274902344
2026-08-27 18:35:00+00:00,bitcoin,79935.68302276544,79875.15479266271,0.0007945087,3.6891633e-05,0.00014562558,0.000619364,0.0036891634,UP,0.000962886391839755,50.39237109215593,35.644844775699696,0.04467381202547653,0.0003004230554797899,0.0002006920985877514,46.906944274902344
2026-08-27 18:36:00+00:00,bitcoin,79968.89633166045,79938.31752511859,0.00041538445,3.2768137e-05,0.00023014356,0.00061150425,0.0032768138,UP,0.0009636905434179732,50.39237109215593,35.644844775699696,0.04467381202547653,0.0003004230554797899,0.0002006920985877514,46.906944274902344
2026-08-27 18:37:00+00:00,bitcoin,79991.72052465193,79971.3484276412,0.00028532415,3.0630967e-05,0.00043295167,0.00060920074,0.0030630967,UP,0.0009639473368013878,50.39237109215593,35.644844775699696,0.04467381202547653,0.0003004230554797899,0.0002006920985877514,46.906944274902344
2026-08-27 18:38:00+00:00,bitcoin,80007.60531943291,79994.01686718687,0.000198536,2.8715502e-05,0.00039484003,0.0006072515,0.0028715502,UP,0.0009662977975439641,50.39237109215593,35.644844775699696,0.04467381202547653,0.0003004230554797899,0.0002006920985877514,46.906944274902344
2026-08-27 18:39:00+00:00,bitcoin,80017.10106124356,80009.94782423787,0.000118731674,2.9316816e-05,0.00056148885,0.0006117522,0.0029316817,UP,0.0009676357442036653,50.39237109215593,35.644844775699696,0.04467381202547653,0.0003004230554797899,0.0002006920985877514,46.906944274902344
2026-08-27 18:40:00+00:00,bitcoin,80020.39244223107,80019.2573271934,4.110365e-05,2.6946182e-05,0.00060279336,0.0006079694,0.0026946182,UP,0.0009645513076136302,50.39237109215593,35.644844775699696,0.04467381202547653,0.0003004230554797899,0.0002006920985877514,46.906944274902344
2026-08-27 18:41:00+00:00,bitcoin,79995.44091562275,80021.66887430474,-0.00031188322,1.587694e-05,0.0007441889,0.000574264,0.001587694,UP,0.000964690455667873,50.39237109215593,35.644844775699696,0.04467381202547653,0.0003004230554797899,0.0002006920985877514,46.906944274902344
2026-08-27 18:42:00+00:00,bitcoin,79927.23937090859,79996.30529413372,-0.00085285364,1.0820264e-05,0.0005842557,0.0005580941,0.0010820264,UP,0.0009720467721038006,50.39237109215593,35.644844775699696,0.04467381202547653,0.0003004230554797899,0.0002006920985877514,46.906944274902344
2026-08-27 18:43:00+00:00,bitcoin,79924.0359920268,79928.10924184788,-4.017406e-05,1.0850491e-05,0.0005946064,0.00056179904,0.0010850491,UP,0.0007930975455943929,50.39237109215593,35.644844775699696,0.04467381202547653,0.0003004230554797899,0.0002006920985877514,46.906944274902344
2026-08-27 18:44:00+00:00,bitcoin,79979.29183450341,79924.55527278408,0.000691238,6.5629665e-06,0.0006327588,0.00054690824,0.0006562967,UP,0.0008002540312301631,50.39237109215593,35.644844775699696,0.04467381202547653,0.0003004230554797899,0.0002006920985877514,46.906944274902344
2026-08-27 18:45:00+00:00,bitcoin,79927.54959657323,79979.5066290535,-0.0006472519,2.5822346e-06,0.00056780723,0.0005329931,0.00025822347,UP,0.0007797258556259927,50.39237109215593,35.644844775699696,0.04467381202547653,0.0003004230554797899,0.0002006920985877514,46.906944274902344
2026-08-27 18:46:00+00:00,bitcoin,79989.00315920636,79927.70885280333,0.00076866266,1.926468e-06,0.0005458867,0.00053282484,0.00019264681,UP,0.0006907661396043103,50.39237109215593,35.644844775699696,0.04467381202547653,0.0003004230554797899,0.0002006920985877514,46.906944274902344
2026-08-27 18:47:00+00:00,bitcoin,79990.20927703194,79988.95059990324,1.4943347e-05,-6.9582165e-07,0.00054713624,0.00052539754,-6.9582165e-05,DOWN,0.0006560180445483935,50.39237109215593,35.644844775699696,0.04467381202547653,0.0003004230554797899,0.0002006920985877514,46.906944274902344
2026-08-27 18:48:00+00:00,bitcoin,80034.70565485768,79989.65482942108,0.00055626105,-6.8151858e-06,0.0004995619,0.0005070547,-0.0006815186,DOWN,0.0006622931786305597,50.39237109215593,35.644844775699696,0.04467381202547653,0.0003004230554797899,0.0002006920985877514,46.906944274902344
2026-08-27 18:49:00+00:00,bitcoin,79991.83898859052,80033.7329971944,-0.00053575094,-1.2214093e-05,0.00041707273,0.0004941062,-0.0012214093,DOWN,0.0006700749527726744,50.39237109215593,35.644844775699696,0.04467381202547653,0.0003004230554797899,0.0002006920985877514,46.906944274902344
2026-08-27 18:50:00+00:00,bitcoin,79962.00632296875,79990.72329692356,-0.00037315453,-1.4078999e-05,0.00038664023,0.00049479655,-0.0014078999,DOWN,0.0006637780661527665,50.39237109215593,35.644844775699696,0.04467381202547653,0.0003004230554797899,0.0002006920985877514,46.906944274902344
2026-08-27 18:51:00+00:00,bitcoin,80017.49654531479,79960.91809380054,0.0006938389,-1.35201835e-05,0.0003632734,0.0005049671,-0.0013520183,DOWN,0.0006170339364023996,50.39237109215593,35.644844775699696,0.04467381202547653,0.0003004230554797899,0.0002006920985877514,46.906944274902344
2026-08-27 18:52:00+00:00,bitcoin,80015.64469769597,80016.31241574883,-2.3237375e-05,-1.4828246e-05,0.0004533642,0.0005041094,-0.0014828246,DOWN,0.0005235464216526721,50.39237109215593,35.644844775699696,0.04467381202547653,0.0003004230554797899,0.0002006920985877514,46.906944274902344
2026-08-27 18:53:00+00:00,bitcoin,80039.75422519445,80014.2193724569,0.0003013605,-1.775597e-05,0.00045306806,0.0004884468,-0.001775597,DOWN,0.0005217283297517613,50.39237109215593,35.644844775699696,0.04467381202547653,0.0003004230554797899,0.0002006920985877514,46.906944274902344
2026-08-27 18:54:00+00:00,bitcoin,80027.48746579327,80038.21686304966,-0.0001532559,-1.9314557e-05,0.00040444938,0.00046656816,-0.0019314557,DOWN,0.0005226928520995607,50.39237109215593,35.644844775699696,0.04467381202547653,0.0003004230554797899,0.0002006920985877514,46.906944274902344
2026-08-27 18:55:00+00:00,bitcoin,80007.06223362451,80025.86561400676,-0.00025531594,-2.0274907e-05,0.00025487182,0.00045262676,-0.0020274906,DOWN,0.0005238874896766585,50.39237109215593,35.644844775699696,0.04467381202547653,0.0003004230554797899,0.0002006920985877514,46.906944274902344
2026-08-27 18:56:00+00:00,bitcoin,80057.5449378267,80005.31235313788,0.0006308,-2.191421e-05,0.0005573614,0.0004427205,-0.0021914209,DOWN,0.0005219987125912688,50.39237109215593,35.644844775699696,0.04467381202547653,0.0003004230554797899,0.0002006920985877514,46.906944274902344
2026-08-27 18:57:00+00:00,bitcoin,80118.14875586703,80055.56180551648,0.0007566886,-2.4778408e-05,0.00048222064,0.0004315556,-0.0024778408,DOWN,0.0005254887665853677,50.39237109215593,35.644844775699696,0.04467381202547653,0.0003004230554797899,0.0002006920985877514,46.906944274902344
2026-08-27 18:58:00+00:00,bitcoin,80134.29888689611,80115.93264550716,0.00020153748,-2.761403e-05,0.00052222866,0.00041951766,-0.002761403,DOWN,0.0005207516923579615,50.39237109215593,35.644844775699696,0.04467381202547653,0.0003004230554797899,0.0002006920985877514,46.906944274902344
2026-08-27 18:59:00+00:00,bitcoin,80174.5330689475,80131.97555611841,0.0005019608,-2.8948223e-05,0.0004911635,0.00041300658,-0.0028948223,DOWN,0.0005183955695389614,50.39237109215593,35.644844775699696,0.04467381202547653,0.0003004230554797899,0.0002006920985877514,46.906944274902344
2026-08-27 19:00:00+00:00,bitcoin,80189.58438953385,80172.26611090824,0.00018765888,-2.8220478e-05,0.0005083191,0.00040626258,-0.0028220478,DOWN,0.000516526694695872,50.39237109215593,35.644844775699696,0.04467381202547653,0.0003004230554797899,0.0002006920985877514,46.906944274902344
2026-08-27 19:01:00+00:00,bitcoin,80132.04044166394,80187.35079816543,-0.00071779545,-2.7785616e-05,0.00023328477,0.00040430977,-0.0027785616,DOWN,0.000536413130915781,50.39237109215593,35.644844775699696,0.04467381202547653,0.0003004230554797899,0.0002006920985877514,46.906944274902344
2026-08-27 19:02:00+00:00,bitcoin,80163.07508121897,80129.48377317796,0.000387274,-3.1928597e-05,0.00028745734,0.00041517202,-0.0031928597,DOWN,0.000538941344794954,50.39237109215593,35.644844775699696,0.04467381202547653,0.0003004230554797899,0.0002006920985877514,46.906944274902344
2026-08-27 19:03:00+00:00,bitcoin,80207.32325502858,80160.24471656512,0.00055175007,-3.5391018e-05,0.0003399761,0.00042438047,-0.003539102,DOWN,0.00046949720465322534,50.39237109215593,35.644844775699696,0.04467381202547653,0.0003004230554797899,0.0002006920985877514,46.906944274902344
2026-08-27 19:04:00+00:00,bitcoin,80219.44424082711,80204.53314758884,0.00015106192,-3.4706045e-05,0.00048799333,0.00042234315,-0.0034706045,DOWN,0.00046666614950228465,50.39237109215593,35.644844775699696,0.04467381202547653,0.0003004230554797899,0.0002006920985877514,46.906944274902344
2026-08-27 19:05:00+00:00,bitcoin,80251.58797703683,80216.86029786989,0.00040077328,-3.210752e-05,0.00045538563,0.0004148188,-0.003210752,DOWN,0.0004530864214788079,50.39237109215593,35.644844775699696,0.04467381202547653,0.0003004230554797899,0.0002006920985877514,46.906944274902344
2026-08-27 19:06:00+00:00,bitcoin,80248.47977760248,80249.1590158213,-3.884344e-05,-3.0277944e-05,0.00046527118,0.00040908833,-0.0030277944,DOWN,0.0004508575497805395,50.39237109215593,35.644844775699696,0.04467381202547653,0.0003004230554797899,0.0002006920985877514,46.906944274902344
2026-08-27 19:07:00+00:00,bitcoin,80238.1735886028,80246.07062198455,-0.000128418,-2.9995583e-05,0.00046404393,0.0004073054,-0.0029995583,DOWN,0.00045183955483165463,50.39237109215593,35.644844775699696,0.04467381202547653,0.0003004230554797899,0.0002006920985877514,46.906944274902344
2026-08-27 19:08:00+00:00,bitcoin,80294.86443289556,80235.64667923748,0.00070633827,-3.1504696e-05,0.0005258231,0.0004112064,-0.0031504696,DOWN,0.0004648898584024217,50.39237109215593,35.644844775699696,0.04467381202547653,0.0003004230554797899,0.0002006920985877514,46.906944274902344
2026-08-27 19:09:00+00:00,bitcoin,80250.52538821148,80292.34499341203,-0.00055231655,-3.1461295e-05,0.00054859923,0.0004106675,-0.0031461294,DOWN,0.000480796405860586,50.39237109215593,35.644844775699696,0.04467381202547653,0.0003004230554797899,0.0002006920985877514,46.906944274902344
2026-08-27 19:10:00+00:00,bitcoin,80258.08887096494,80247.7856332697,9.4037016e-05,-3.4180775e-05,0.0005262465,0.00041808785,-0.0034180775,DOWN,0.00048068049643765963,50.39237109215593,35.644844775699696,0.04467381202547653,0.0003004230554797899,0.0002006920985877514,46.906944274902344
2026-08-27 19:11:00+00:00,bitcoin,80242.48786994163,80255.06914358493,-0.00019421661,-3.755165e-05,0.0005624321,0.00042685587,-0.003755165,DOWN,0.0004776841221295581,50.39237109215593,35.644844775699696,0.04467381202547653,0.0003004230554797899,0.0002006920985877514,46.906944274902344
2026-08-27 19:12:00+00:00,bitcoin,80253.2152816942,80239.15377548058,0.00013357055,-4.1556512e-05,0.0005606084,0.00043744146,-0.004155651,DOWN,0.0004422917229620902,50.39237109215593,35.644844775699696,0.04467381202547653,0.0003004230554797899,0.0002006920985877514,46.906944274902344
2026-08-27 19:13:00+00:00,bitcoin,80162.40165445581,80249.74770946987,-0.0011321179,-4.315861e-05,0.00027161514,0.00044165278,-0.004315861,DOWN,0.0004985600421191517,50.39237109215593,35.644844775699696,0.04467381202547653,0.0003004230554797899,0.0002006920985877514,46.906944274902344
2026-08-27 19:14:00+00:00,bitcoin,80176.19570734724,80158.29712549597,0.00017190183,-5.1264356e-05,0.00044311146,0.0004608986,-0.005126436,DOWN,0.0004861531270008592,50.39237109215593,35.644844775699696,0.04467381202547653,0.0003004230554797899,0.0002006920985877514,46.906944274902344
2026-08-27 19:15:00+00:00,bitcoin,80152.27879750356,80171.62845499068,-0.0002982159,-5.686128e-05,0.00042547038,0.0004795001,-0.005686128,DOWN,0.000472079719008823,50.39237109215593,35.644844775699696,0.04467381202547653,0.0003004230554797899,0.0002006920985877514,46.906944274902344
2026-08-27 19:16:00+00:00,bitcoin,80165.99252648279,80147.76178395376,0.00017104646,-5.6350436e-05,0.00050554774,0.00047674033,-0.0056350436,DOWN,0.00045489746711883407,50.39237109215593,35.644844775699696,0.04467381202547653,0.0003004230554797899,0.0002006920985877514,46.906944274902344
2026-08-27 19:17:00+00:00,bitcoin,80175.67295337748,80161.80642693304,0.000120738274,-5.22401e-05,0.00052860455,0.00046353656,-0.00522401,DOWN,0.0004548357578655198,50.39237109215593,35.644844775699696,0.04467381202547653,0.0003004230554797899,0.0002006920985877514,46.906944274902344
2026-08-27 19:18:00+00:00,bitcoin,80212.48807717115,80171.83924336173,0.00045914005,-4.7809815e-05,0.00053046015,0.0004524073,-0.0047809817,DOWN,0.0004516409694761406,50.39237109215593,35.644844775699696,0.04467381202547653,0.0003004230554797899,0.0002006920985877514,46.906944274902344
2026-08-27 19:19:00+00:00,bitcoin,80158.61468038196,80209.00203041453,-0.00067187916,-4.3509906e-05,0.0005008246,0.00044204402,-0.0043509905,DOWN,0.0004586030271032381,50.39237109215593,35.644844775699696,0.04467381202547653,0.0003004230554797899,0.0002006920985877514,46.906944274902344
2026-08-27 19:20:00+00:00,bitcoin,80147.65207705228,80155.14370806841,-0.00013674996,-4.3266064e-05,0.0004994317,0.00044113648,-0.004326606,DOWN,0.0004527298070704329,50.39237109215593,35.644844775699696,0.04467381202547653,0.0003004230554797899,0.0002006920985877514,46.906944274902344
2026-08-27 19:21:00+00:00,bitcoin,80195.332432352,80144.41732699051,0.0005946238,-4.0387084e-05,0.0003566218,0.0004331522,-0.0040387083,DOWN,0.0004484089208818298,50.39237109215593,35.644844775699696,0.04467381202547653,0.0003004230554797899,0.0002006920985877514,46.906944274902344
2026-08-27 19:22:00+00:00,bitcoin,80172.14505687915,80192.4409965165,-0.00028908215,-3.597353e-05,0.00040856507,0.00042101947,-0.0035973531,DOWN,0.00045300094421801173,50.39237109215593,35.644844775699696,0.04467381202547653,0.0003004230554797899,0.0002006920985877514,46.906944274902344
2026-08-27 19:23:00+00:00,bitcoin,80114.52290904475,80169.37205205904,-0.0007190243,-3.4599805e-05,0.00072380673,0.00041570218,-0.0034599805,DOWN,0.0004725308868957359,50.39237109215593,35.644844775699696,0.04467381202547653,0.0003004230554797899,0.0002006920985877514,46.906944274902344
2026-08-27 19:24:00+00:00,bitcoin,80132.68828959204,80111.70129565289,0.0002267005,-3.52366e-05,0.0007500324,0.00041730926,-0.0035236601,DOWN,0.00047250807808522027,50.39237109215593,35.644844775699696,0.04467381202547653,0.0003004230554797899,0.0002006920985877514,46.906944274902344
2026-08-27 19:25:00+00:00,bitcoin,80131.65104715899,80129.83128433675,-1.2869364e-05,-3.5669487e-05,0.00075228687,0.00041876323,-0.0035669487,DOWN,0.00046927705242712995,50.39237109215593,35.644844775699696,0.04467381202547653,0.0003004230554797899,0.0002006920985877514,46.906944274902344
2026-08-27 19:26:00+00:00,bitcoin,80105.0288295988,80128.87649059668,-0.0003323209,-3.468006e-05,0.00072689675,0.00041545642,-0.003468006,DOWN,0.0004611774329586386,50.39237109215593,35.644844775699696,0.04467381202547653,0.0003004230554797899,0.0002006920985877514,46.906944274902344
2026-08-27 19:27:00+00:00,bitcoin,80051.99463849515,80102.3908785414,-0.0006622407,-3.2902124e-05,0.0005533896,0.00041066788,-0.0032902125,DOWN,0.00045570644186547157,50.39237109215593,35.644844775699696,0.04467381202547653,0.0003004230554797899,0.0002006920985877514,46.906944274902344
2026-08-27 19:28:00+00:00,bitcoin,80151.31339788437,80049.51883506775,0.001239831,-3.104815e-05,0.0004657486,0.0004064033,-0.0031048148,DOWN,0.0005099649610646612,50.39237109215593,35.644844775699696,0.04467381202547653,0.0003004230554797899,0.0002006920985877514,46.906944274902344
2026-08-27 19:29:00+00:00,bitcoin,80193.71661816537,80148.84736649692,0.0005289375,-3.06808e-05,0.00036047562,0.00040659323,-0.00306808,DOWN,0.000510891115175892,50.39237109215593,35.644844775699696,0.04467381202547653,0.0003004230554797899,0.0002006920985877514,46.906944274902344
2026-08-27 19:30:00+00:00,bitcoin,80189.67493927106,80191.24753233232,-5.0465012e-05,-3.0762887e-05,0.00036207598,0.00040807697,-0.0030762886,DOWN,0.0005098537687214915,50.39237109215593,35.644844775699696,0.04467381202547653,0.0003004230554797899,0.0002006920985877514,46.906944274902344
2026-08-27 19:31:00+00:00,bitcoin,80177.99034463987,80187.1960023623,-0.00014566138,-3.0873674e-05,0.00048320854,0.00041120464,-0.0030873674,DOWN,0.0004924897506147196,50.39237109215593,35.644844775699696,0.04467381202547653,0.0003004230554797899,0.0002006920985877514,46.906944274902344
2026-08-27 19:32:00+00:00,bitcoin,80205.00298666023,80175.5214544558,0.00033679148,-3.0772644e-05,0.00038026492,0.00041458273,-0.0030772644,DOWN,0.0004912729056367919,50.39237109215593,35.644844775699696,0.04467381202547653,0.0003004230554797899,0.0002006920985877514,46.906944274902344
2026-08-27 19:33:00+00:00,bitcoin,80151.17533117533,80202.53321528435,-0.0006713571,-3.0709078e-05,0.00039198317,0.0004183463,-0.0030709077,DOWN,0.0004961228465111879,50.39237109215593,35.644844775699696,0.04467381202547653,0.0003004230554797899,0.0002006920985877514,46.906944274902344
2026-08-27 19:34:00+00:00,bitcoin,80136.27122014295,80148.73063273262,-0.00018589651,-3.0464013e-05,0.00039003722,0.00042566215,-0.0030464013,DOWN,0.0004958549328431707,50.39237109215593,35.644844775699696,0.04467381202547653,0.0003004230554797899,0.0002006920985877514,46.906944274902344
2026-08-27 19:35:00+00:00,bitcoin,80111.81301115314,80133.86608446762,-0.00030528835,-3.0097734e-05,0.00038985442,0.00042827707,-0.0030097733,DOWN,0.0004912160714027378,50.39237109215593,35.644844775699696,0.04467381202547653,0.0003004230554797899,0.0002006920985877514,46.906944274902344
2026-08-27 19:36:00+00:00,bitcoin,80037.78033989668,80109.41543186456,-0.00092452636,-2.9894625e-05,0.00014044493,0.00042354918,-0.0029894626,DOWN,0.0005159910417670731,50.39237109215593,35.644844775699696,0.04467381202547653,0.0003004230554797899,0.0002006920985877514,46.906944274902344
2026-08-27 19:37:00+00:00,bitcoin,80039.31739077345,80035.44364447519,1.9229014e-05,-2.9218423e-05,0.00026487064,0.00042429892,-0.0029218423,DOWN,0.0005162913829980277,50.39237109215593,35.644844775699696,0.04467381202547653,0.0003004230554797899,0.0002006920985877514,46.906944274902344
2026-08-27 19:38:00+00:00,bitcoin,80042.27815595828,80037.0255984622,3.6992853e-05,-2.8702609e-05,0.0002652503,0.00042159687,-0.002870261,DOWN,0.0004950344787579163,50.39237109215593,35.644844775699696,0.04467381202547653,0.0003004230554797899,0.0002006920985877514,46.906944274902344
2026-08-27 19:39:00+00:00,bitcoin,80023.83221163787,80040.05324355699,-0.00023056881,-2.7807648e-05,0.00028108427,0.0004201984,-0.0027807648,DOWN,0.000488453120849155,50.39237109215593,35.644844775699696,0.04467381202547653,0.0003004230554797899,0.0002006920985877514,46.906944274902344
2026-08-27 19:40:00+00:00,bitcoin,80003.0366023304,80021.66263950057,-0.00025981964,-2.7085778e-05,0.0002572854,0.00041631848,-0.0027085778,DOWN,0.00048802321934961575,50.39237109215593,35.644844775699696,0.04467381202547653,0.0003004230554797899,0.0002006920985877514,46.906944274902344
2026-08-27 19:41:00+00:00,bitcoin,79988.98136906885,80000.92659364315,-0.00017579003,-2.6332076e-05,0.00035044827,0.00041119047,-0.0026332077,DOWN,0.0004879199530783595,50.39237109215593,35.644844775699696,0.04467381202547653,0.0003004230554797899,0.0002006920985877514,46.906944274902344
2026-08-27 19:42:00+00:00,bitcoin,80018.97502234764,79986.92167753587,0.00037498138,-2.5739806e-05,0.00029379048,0.0004058761,-0.0025739805,DOWN,0.0004939520231630047,50.39237109215593,35.644844775699696,0.04467381202547653,0.0003004230554797899,0.0002006920985877514,46.906944274902344
2026-08-27 19:43:00+00:00,bitcoin,80004.00986311119,80017.0306054093,-0.0001870825,-2.4295055e-05,0.00028355344,0.0004145147,-0.0024295056,DOWN,0.00045427059976102643,50.39237109215593,35.644844775699696,0.04467381202547653,0.0003004230554797899,0.0002006920985877514,46.906944274902344
2026-08-27 19:44:00+00:00,bitcoin,80020.4785930505,80002.30064995307,0.00020582786,-2.1364041e-05,0.0002622786,0.0004228322,-0.0021364042,DOWN,0.00045492474398719514,50.39237109215593,35.644844775699696,0.04467381202547653,0.0003004230554797899,0.0002006920985877514,46.906944274902344
2026-08-27 19:45:00+00:00,bitcoin,80039.74571450427,80018.91690588975,0.00024082731,-1.9461288e-05,0.00026424695,0.00042274734,-0.0019461288,DOWN,0.0004560288675395598,50.39237109215593,35.644844775699696,0.04467381202547653,0.0003004230554797899,0.0002006920985877514,46.906944274902344
2026-08-27 19:46:00+00:00,bitcoin,80002.15179122984,80038.24244588614,-0.0004697988,-1.8882634e-05,0.0003112082,0.00041620556,-0.0018882634,DOWN,0.00046046014567200077,50.39237109215593,35.644844775699696,0.04467381202547653,0.0003004230554797899,0.0002006920985877514,46.906944274902344
2026-08-27 19:47:00+00:00,bitcoin,79999.29991843738,80000.84491247125,-3.574186e-05,-1.6308037e-05,0.00048310027,0.00042141275,-0.0016308037,DOWN,0.0004591316612777917,50.39237109215593,35.644844775699696,0.04467381202547653,0.0003004230554797899,0.0002006920985877514,46.906944274902344
2026-08-27 19:48:00+00:00,bitcoin,79997.11298000999,79998.3241357468,-2.7246704e-05,-1.2119582e-05,0.00050441455,0.0004358713,-0.0012119581,DOWN,0.0004481331812718731,50.39237109215593,35.644844775699696,0.04467381202547653,0.0003004230554797899,0.0002006920985877514,46.906944274902344
2026-08-27 19:49:00+00:00,bitcoin,80002.50525322091,79996.25891154446,6.728531e-05,-1.0660063e-05,0.0005476181,0.00043737414,-0.0010660063,DOWN,0.00043515304075205947,50.39237109215593,35.644844775699696,0.04467381202547653,0.0003004230554797899,0.0002006920985877514,46.906944274902344
2026-08-27 19:50:00+00:00,bitcoin,80022.34658271074,80001.6035181284,0.00024800838,-1.117601e-05,0.0006018969,0.00042874232,-0.0011176011,DOWN,0.0004386190586702774,50.39237109215593,35.644844775699696,0.04467381202547653,0.0003004230554797899,0.0002006920985877514,46.906944274902344
2026-08-27 19:51:00+00:00,bitcoin,79975.6054266449,80021.1274756398,-0.0005842849,-1.5220749e-05,0.0005713068,0.00040888862,-0.0015220749,DOWN,0.0004314182603917826,50.39237109215593,35.644844775699696,0.04467381202547653,0.0003004230554797899,0.0002006920985877514,46.906944274902344
2026-08-27 19:52:00+00:00,bitcoin,80035.85539744794,79974.30972790578,0.00075307116,-1.6177299e-05,0.0004024782,0.00040636823,-0.0016177299,DOWN,0.00045621295876524976,50.39237109215593,35.644844775699696,0.04467381202547653,0.0003004230554797899,0.0002006920985877514,46.906944274902344
2026-08-27 19:53:00+00:00,bitcoin,80016.99374239286,80034.50150859402,-0.00023566435,-1.687554e-05,0.00040074548,0.00040800302,-0.001687554,DOWN,0.0004402821070109614,50.39237109215593,35.644844775699696,0.04467381202547653,0.0003004230554797899,0.0002006920985877514,46.906944274902344
2026-08-27 19:54:00+00:00,bitcoin,80058.81968864705,80015.5661415658,0.00052250637,-1.7799048e-05,0.0001336955,0.0004105089,-0.0017799048,DOWN,0.0004496898879982369,50.39237109215593,35.644844775699696,0.04467381202547653,0.0003004230554797899,0.0002006920985877514,46.906944274902344
2026-08-27 19:55:00+00:00,bitcoin,80021.9592933096,80057.19960554689,-0.0004605097,-2.0209754e-05,0.000111025875,0.0004074991,-0.0020209753,DOWN,0.00045645213845129534,50.39237109215593,35.644844775699696,0.04467381202547653,0.0003004230554797899,0.0002006920985877514,46.906944274902344
2026-08-27 19:56:00+00:00,bitcoin,79986.06128232088,80020.24557952769,-0.0004486103,-2.1321845e-05,0.0001185419,0.00041166446,-0.0021321843,DOWN,0.00045945338790509565,50.39237109215593,35.644844775699696,0.04467381202547653,0.0003004230554797899,0.0002006920985877514,46.906944274902344
2026-08-27 19:57:00+00:00,bitcoin,79968.81353723258,79984.42246595025,-0.00021568584,-2.0525069e-05,0.00017581771,0.00042628526,-0.002052507,DOWN,0.000445961059562211,50.39237109215593,35.644844775699696,0.04467381202547653,0.0003004230554797899,0.0002006920985877514,46.906944274902344
2026-08-27 19:58:00+00:00,bitcoin,79955.42813244462,79967.21095174551,-0.00016736441,-2.0072086e-05,0.0002482941,0.0004384593,-0.0020072085,DOWN,0.0003756869206270671,50.39237109215593,35.644844775699696,0.04467381202547653,0.0003004230554797899,0.0002006920985877514,46.906944274902344
2026-08-27 19:59:00+00:00,bitcoin,79932.53042700002,79953.79028154537,-0.00028643105,-2.051072e-05,0.00022362384,0.00043750592,-0.0020510722,DOWN,0.0003591225553005001,50.39237109215593,35.644844775699696,0.04467381202547653,0.0003004230554797899,0.0002006920985877514,46.906944274902344
2026-08-27 20:00:00+00:00,bitcoin,79904.53116427921,79930.86849180423,-0.0003503568,-2.074954e-05,0.0006739219,0.00043220085,-0.0020749539,DOWN,0.00036161024106010016,50.39237109215593,35.644844775699696,0.04467381202547653,0.0003004230554797899,0.0002006920985877514,46.906944274902344
2026-08-27 20:01:00+00:00,bitcoin,79901.32596555166,79902.7976340428,-4.018548e-05,-2.1666434e-05,0.00068640005,0.00042125685,-0.0021666433,DOWN,0.0003618514620262238,50.39237109215593,35.644844775699696,0.04467381202547653,0.0003004230554797899,0.0002006920985877514,46.906944274902344
2026-08-27 20:02:00+00:00,bitcoin,79907.66394893266,79899.47722894186,7.929389e-05,-2.3098277e-05,0.0007862589,0.00040410896,-0.0023098276,DOWN,0.0003537217184170363,50.39237109215593,35.644844775699696,0.04467381202547653,0.0003004230554797899,0.0002006920985877514,46.906944274902344
2026-08-27 20:03:00+00:00,bitcoin,79927.07922352478,79905.8415974956,0.00024302445,-2.2789216e-05,0.00078573386,0.0003925276,-0.0022789217,DOWN,0.00034418776087052737,50.39237109215593,35.644844775699696,0.04467381202547653,0.0003004230554797899,0.0002006920985877514,46.906944274902344
2026-08-27 20:04:00+00:00,bitcoin,79916.13992337137,79925.31543571316,-0.00013685286,-2.196938e-05,0.0007720645,0.00038560713,-0.002196938,DOWN,0.000343849044005488,50.39237109215593,35.644844775699696,0.04467381202547653,0.0003004230554797899,0.0002006920985877514,46.906944274902344
2026-08-27 20:05:00+00:00,bitcoin,80036.86355471611,79914.4162839111,0.0015095257,-2.1540029e-05,0.00041991015,0.0003838026,-0.002154003,DOWN,0.0004487737714566491,50.39237109215593,35.644844775699696,0.04467381202547653,0.0003004230554797899,0.0002006920985877514,46.906944274902344
2026-08-27 20:06:00+00:00,bitcoin,80026.93963333266,80034.9923538682,-0.00012407162,-2.341266e-05,0.00042088522,0.0003913133,-0.002341266,DOWN,0.0004164877571188911,50.39237109215593,35.644844775699696,0.04467381202547653,0.0003004230554797899,0.0002006920985877514,46.906944274902344
2026-08-27 20:07:00+00:00,bitcoin,79984.2605141513,80025.04858903587,-0.00053345883,-2.3670516e-05,0.00034437573,0.00040891804,-0.0023670516,DOWN,0.0004274778048828113,50.39237109215593,35.644844775699696,0.04467381202547653,0.0003004230554797899,0.0002006920985877514,46.906944274902344
2026-08-27 20:08:00+00:00,bitcoin,79998.53150772396,79982.50816448824,0.0001783395,-2.1919921e-05,0.00039676053,0.00043090605,-0.002191992,DOWN,0.0004289368339928517,50.39237109215593,35.644844775699696,0.04467381202547653,0.0003004230554797899,0.0002006920985877514,46.906944274902344
2026-08-27 20:09:00+00:00,bitcoin,80036.86997398641,79996.87837966764,0.0004791909,-2.0586573e-05,0.00024468792,0.0004451411,-0.0020586574,DOWN,0.000436330980368602,50.39237109215593,35.644844775699696,0.04467381202547653,0.0003004230554797899,0.0002006920985877514,46.906944274902344
2026-08-27 20:10:00+00:00,bitcoin,80002.92935936619,80035.1688649226,-0.00042411324,-2.1169919e-05,0.00022792268,0.00044363958,-0.002116992,DOWN,0.0004407821842232096,50.39237109215593,35.644844775699696,0.04467381202547653,0.0003004230554797899,0.0002006920985877514,46.906944274902344
2026-08-27 20:11:00+00:00,bitcoin,79990.47901335871,80001.18439958896,-0.00015567048,-2.1858043e-05,0.00026872044,0.00044253987,-0.0021858043,DOWN,0.0004405207137248296,50.39237109215593,35.644844775699696,0.04467381202547653,0.0003004230554797899,0.0002006920985877514,46.906944274902344
2026-08-27 20:12:00+00:00,bitcoin,80001.1373721119,79988.66479700245,0.00013321011,-2.269087e-05,0.00029808196,0.00044108892,-0.0022690871,DOWN,0.000435619980485229,50.39237109215593,35.644844775699696,0.04467381202547653,0.0003004230554797899,0.0002006920985877514,46.906944274902344
2026-08-27 20:13:00+00:00,bitcoin,79964.00574564468,79999.11099432036,-0.0004641636,-2.5263409e-05,0.00015711965,0.0004266316,-0.002526341,DOWN,0.0004424425894751158,50.39237109215593,35.644844775699696,0.04467381202547653,0.0003004230554797899,0.0002006920985877514,46.906944274902344
2026-08-27 20:14:00+00:00,bitcoin,79954.54208710697,79961.89160803147,-0.000118419666,-2.6429305e-05,0.000102577425,0.00041387894,-0.0026429305,DOWN,0.0004407791420064279,50.39237109215593,35.644844775699696,0.04467381202547653,0.0003004230554797899,0.0002006920985877514,46.906944274902344
2026-08-27 20:15:00+00:00,bitcoin,79957.369865668,79952.38974898355,3.537104e-05,-2.6865026e-05,0.00016147947,0.00040434237,-0.0026865026,DOWN,0.0004380552336923204,50.39237109215593,35.644844775699696,0.04467381202547653,0.0003004230554797899,0.0002006920985877514,46.906944274902344
2026-08-27 20:16:00+00:00,bitcoin,79974.88638030179,79955.29405124625,0.00021903805,-2.5893492e-05,0.00020556172,0.00039841596,-0.0025893492,DOWN,0.0004324590569763726,50.39237109215593,35.644844775699696,0.04467381202547653,0.0003004230554797899,0.0002006920985877514,46.906944274902344
2026-08-27 20:17:00+00:00,bitcoin,79997.10598133039,79972.96176208416,0.0002778807,-2.4092471e-05,0.00028859865,0.00039237586,-0.0024092472,DOWN,0.0004356271595749737,50.39237109215593,35.644844775699696,0.04467381202547653,0.0003004230554797899,0.0002006920985877514,46.906944274902344
2026-08-27 20:18:00+00:00,bitcoin,80002.42114900611,79995.2974592708,6.640644e-05,-2.2655611e-05,0.00033830476,0.00038801835,-0.0022655611,DOWN,0.0004357668060716488,50.39237109215593,35.644844775699696,0.04467381202547653,0.0003004230554797899,0.0002006920985877514,46.906944274902344
2026-08-27 20:19:00+00:00,bitcoin,80016.99445970356,80000.6956722308,0.0001821068,-2.154589e-05,0.00038981368,0.00038455974,-0.002154589,DOWN,0.0004368603340286947,50.39237109215593,35.644844775699696,0.04467381202547653,0.0003004230554797899,0.0002006920985877514,46.906944274902344
2026-08-27 20:20:00+00:00,bitcoin,80057.29348564055,80015.1559745078,0.0005034772,-2.2935648e-05,0.00034792375,0.0003882412,-0.0022935648,DOWN,0.0004441708609436783,50.39237109215593,35.644844775699696,0.04467381202547653,0.0003004230554797899,0.0002006920985877514,46.906944274902344
