date,asset,actual_price,predicted_price,actual_return,predicted_return,actual_volatility,predicted_volatility,predicted_return_percent,trend,volatility_30,rmse,mae,mape,volatility_rmse,volatility_mae,volatility_mape
2025-06-16,bitcoin,106796.74995404575,105409.97012321977,0.011723625,-0.0013467178,0.009282021,0.029930528,-0.13467178,DOWN,0.018130026855818864,1865.6719298211306,1339.8677777945366,1.5602213063787156,0.01486529916181068,0.012273473665118217,96.81095886230469
2025-06-17,bitcoin,104601.11552645452,106649.33728014352,-0.020773338,-0.0013813763,0.0070603043,0.029762996,-0.13813762,DOWN,0.017621877676754428,1865.6719298211306,1339.8677777945366,1.5602213063787156,0.01486529916181068,0.012273473665118217,96.81095886230469
2025-06-18,bitcoin,104883.33768049534,104454.58274118556,0.0026943395,-0.0014019313,0.024530085,0.029631117,-0.14019313,DOWN,0.017573334916828345,1865.6719298211306,1339.8677777945366,1.5602213063787156,0.01486529916181068,0.012273473665118217,96.81095886230469
2025-06-19,bitcoin,104684.29805245902,104734.31657211855,-0.001899522,-0.0014217021,0.024485536,0.029486375,-0.1421702,DOWN,0.017445212651353712,1865.6719298211306,1339.8677777945366,1.5602213063787156,0.01486529916181068,0.012273473665118217,96.81095886230469
2025-06-20,bitcoin,103309.58995693363,104531.59186160937,-0.01321873,-0.0014597571,0.022982989,0.029239949,-0.14597571,DOWN,0.0167867291593431,1865.6719298211306,1339.8677777945366,1.5602213063787156,0.01486529916181068,0.012273473665118217,96.81095886230469
2025-06-21,bitcoin,102257.40524712857,103157.83809708897,-0.010237095,-0.0014701476,0.021873252,0.02910173,-0.14701477,DOWN,0.016413491022742227,1865.6719298211306,1339.8677777945366,1.5602213063787156,0.01486529916181068,0.012273473665118217,96.81095886230469
2025-06-22,bitcoin,100987.13779223152,102106.14013360068,-0.012500037,-0.0014803086,0.019202968,0.0289717,-0.14803086,DOWN,0.015030101822031905,1865.6719298211306,1339.8677777945366,1.5602213063787156,0.01486529916181068,0.012273473665118217,96.81095886230469
2025-06-23,bitcoin,105577.76178632118,100839.2523783436,0.044454683,-0.0014654731,0.0058730613,0.029011892,-0.1465473,DOWN,0.017316182932265688,1865.6719298211306,1339.8677777945366,1.5602213063787156,0.01486529916181068,0.012273473665118217,96.81095886230469
2025-06-24,bitcoin,106045.62729024794,105430.75810771901,0.00442163,-0.0013934323,0.006584038,0.02933115,-0.13934323,DOWN,0.01719319685671824,1865.6719298211306,1339.8677777945366,1.5602213063787156,0.01486529916181068,0.012273473665118217,96.81095886230469
2025-06-25,bitcoin,107361.25932078715,105901.73320027534,0.012329889,-0.001357812,0.007911443,0.029613905,-0.1357812,DOWN,0.01734420240158424,1865.6719298211306,1339.8677777945366,1.5602213063787156,0.01486529916181068,0.012273473665118217,96.81095886230469
2025-06-26,bitcoin,106960.00051749498,107218.0430532787,-0.0037444567,-0.0013348591,0.009892327,0.029856255,-0.13348591,DOWN,0.017341925169571018,1865.6719298211306,1339.8677777945366,1.5602213063787156,0.01486529916181068,0.012273473665118217,96.81095886230469
2025-06-27,bitcoin,107088.43705177307,106817.46713161469,0.001200006,-0.001333436,0.017554931,0.029987542,-0.1333436,DOWN,0.017230828754293884,1865.6719298211306,1339.8677777945366,1.5602213063787156,0.01486529916181068,0.012273473665118217,96.81095886230469
2025-06-28,bitcoin,107327.70161886606,106945.03631562414,0.0022318615,-0.0013398733,0.017622001,0.03003778,-0.13398734,DOWN,0.016815885007375325,1865.6719298211306,1339.8677777945366,1.5602213063787156,0.01486529916181068,0.012273473665118217,96.81095886230469
2025-06-29,bitcoin,108385.57460376993,107180.57963821478,0.009808165,-0.0013717259,0.019073097,0.02992908,-0.1371726,DOWN,0.016609538238293992,1865.6719298211306,1339.8677777945366,1.5602213063787156,0.01486529916181068,0.012273473665118217,96.81095886230469
2025-06-30,bitcoin,107135.33750389237,108233.60506567592,-0.011602108,-0.0014030428,0.018063989,0.029755026,-0.14030428,DOWN,0.016752417773671553,1865.6719298211306,1339.8677777945366,1.5602213063787156,0.01486529916181068,0.012273473665118217,96.81095886230469
2025-07-01,bitcoin,105698.27730186516,106980.09163761279,-0.013504225,-0.0014501922,0.015906105,0.029483054,-0.14501922,DOWN,0.01686603342731602,1865.6719298211306,1339.8677777945366,1.5602213063787156,0.01486529916181068,0.012273473665118217,96.81095886230469
2025-07-02,bitcoin,108859.32289287448,105541.69835316017,0.029467778,-0.0014824611,0.010345489,0.02923074,-0.14824611,DOWN,0.017719169107614324,1865.6719298211306,1339.8677777945366,1.5602213063787156,0.01486529916181068,0.012273473665118217,96.81095886230469
2025-07-03,bitcoin,109647.97410027403,108699.87788307434,0.0072186114,-0.0014658086,0.010112147,0.029165957,-0.14658086,DOWN,0.01772442532774258,1865.6719298211306,1339.8677777945366,1.5602213063787156,0.01486529916181068,0.012273473665118217,96.81095886230469
2025-07-04,bitcoin,108034.33492152626,109488.86258093175,-0.014825921,-0.0014522062,0.01098492,0.029147264,-0.14522062,DOWN,0.017911954830269684,1865.6719298211306,1339.8677777945366,1.5602213063787156,0.01486529916181068,0.012273473665118217,96.81095886230469
2025-07-05,bitcoin,108231.18681249674,107878.25257606572,0.0018203901,-0.0014458513,0.018598104,0.029136643,-0.14458513,DOWN,0.016906964026641116,1865.6719298211306,1339.8677777945366,1.5602213063787156,0.01486529916181068,0.012273473665118217,96.81095886230469
2025-07-06,bitcoin,109232.06490758155,108074.65710873855,0.009205213,-0.0014472217,0.018436138,0.029036172,-0.14472218,DOWN,0.01627268529057301,1865.6719298211306,1339.8677777945366,1.5602213063787156,0.01486529916181068,0.012273473665118217,96.81095886230469
2025-07-07,bitcoin,108299.85622767126,109075.024783134,-0.008570921,-0.0014388156,0.016154703,0.028927818,-0.14388156,DOWN,0.016259765684493853,1865.6719298211306,1339.8677777945366,1.5602213063787156,0.01486529916181068,0.012273473665118217,96.81095886230469
2025-07-08,bitcoin,108950.27491303906,108145.2953270697,0.0059877876,-0.0014280789,0.01524868,0.028905742,-0.14280789,DOWN,0.016285495595501125,1865.6719298211306,1339.8677777945366,1.5602213063787156,0.01486529916181068,0.012273473665118217,96.81095886230469
2025-07-09,bitcoin,111326.54980878811,108795.33446705667,0.021576244,-0.0014231356,0.015854131,0.028878342,-0.14231357,DOWN,0.014842786483763224,1865.6719298211306,1339.8677777945366,1.5602213063787156,0.01486529916181068,0.012273473665118217,96.81095886230469
2025-07-10,bitcoin,115987.2001050096,111168.90658388939,0.04101205,-0.0014171046,0.012934729,0.028862538,-0.14171046,DOWN,0.016657813873116836,1865.6719298211306,1339.8677777945366,1.5602213063787156,0.01486529916181068,0.012273473665118217,96.81095886230469
2025-07-11,bitcoin,117516.99497529864,115827.86363401264,0.013103072,-0.0013746903,0.012136126,0.029200608,-0.13746904,DOWN,0.016497584573069855,1865.6719298211306,1339.8677777945366,1.5602213063787156,0.01486529916181068,0.012273473665118217,96.81095886230469
2025-07-12,bitcoin,117435.22797526093,117359.92897058604,-0.00069601927,-0.0013373466,0.012066472,0.029479815,-0.13373466,DOWN,0.01564069843654607,1865.6719298211306,1339.8677777945366,1.5602213063787156,0.01486529916181068,0.012273473665118217,96.81095886230469
2025-07-13,bitcoin,119116.11691023502,117274.56279353565,0.014211874,-0.0013690386,0.011505451,0.029464846,-0.13690385,DOWN,0.015757184346471134,1865.6719298211306,1339.8677777945366,1.5602213063787156,0.01486529916181068,0.012273473665118217,96.81095886230469
2025-07-14,bitcoin,119849.70455338247,118949.14945412287,0.006139692,-0.0014027257,0.010701798,0.029358577,-0.14027257,DOWN,0.01565131246355952,1865.6719298211306,1339.8677777945366,1.5602213063787156,0.01486529916181068,0.012273473665118217,96.81095886230469
2025-07-15,bitcoin,117777.18790137582,119694.86561708245,-0.017443888,-0.0012928052,0.007610407,0.029832691,-0.12928052,DOWN,0.016135042914616187,1865.6719298211306,1339.8677777945366,1.5602213063787156,0.01486529916181068,0.012273473665118217,96.81095886230469
2025-07-16,bitcoin,118738.50149285048,117627.49158225954,0.008129064,-0.0012717701,0.006043063,0.03006885,-0.12717701,DOWN,0.016086447403753742,1865.6719298211306,1339.8677777945366,1.5602213063787156,0.01486529916181068,0.012273473665118217,96.81095886230469
2025-07-17,bitcoin,119289.83466902934,118584.15044740494,0.0046325317,-0.0013007929,0.012302379,0.030054007,-0.13007928,DOWN,0.015422243670738627,1865.6719298211306,1339.8677777945366,1.5602213063787156,0.01486529916181068,0.012273473665118217,96.81095886230469
2025-07-18,bitcoin,118003.22652482428,119127.60966033675,-0.010844226,-0.0013609673,0.0121929,0.029825527,-0.13609673,DOWN,0.01567113290375396,1865.6719298211306,1339.8677777945366,1.5602213063787156,0.01486529916181068,0.012273473665118217,96.81095886230469
2025-07-19,bitcoin,117939.98096720874,117837.882094739,-0.0005361461,-0.0014021364,0.01235387,0.029580966,-0.14021364,DOWN,0.015655264894363582,1865.6719298211306,1339.8677777945366,1.5602213063787156,0.01486529916181068,0.012273473665118217,96.81095886230469
2025-07-20,bitcoin,117300.78765839804,117773.03357485496,-0.00543434,-0.0014164269,0.012454224,0.029186465,-0.14164269,DOWN,0.015424180574878595,1865.6719298211306,1339.8677777945366,1.5602213063787156,0.01486529916181068,0.012273473665118217,96.81095886230469
2025-07-21,bitcoin,117439.53179896809,117135.80658152653,0.0011821574,-0.0014075045,0.012489298,0.028843777,-0.14075045,DOWN,0.015192532269707725,1865.6719298211306,1339.8677777945366,1.5602213063787156,0.01486529916181068,0.012273473665118217,96.81095886230469
2025-07-22,bitcoin,119995.41388814524,117276.41241393611,0.021529887,-0.001389992,0.008942659,0.028628811,-0.1389992,DOWN,0.015143244133486491,1865.6719298211306,1339.8677777945366,1.5602213063787156,0.01486529916181068,0.012273473665118217,96.81095886230469
2025-07-23,bitcoin,118754.96483406331,119831.39073284296,-0.010391308,-0.0013678798,0.009632197,0.028579613,-0.13678798,DOWN,0.013445233828576483,1865.6719298211306,1339.8677777945366,1.5602213063787156,0.01486529916181068,0.012273473665118217,96.81095886230469
2025-07-24,bitcoin,118368.00184938125,118592.74645329686,-0.003263803,-0.0013669252,0.009584708,0.02854204,-0.13669252,DOWN,0.013510160759097656,1865.6719298211306,1339.8677777945366,1.5602213063787156,0.01486529916181068,0.012273473665118217,96.81095886230469
2025-07-25,bitcoin,117635.8803806305,118205.11469078064,-0.0062043006,-0.0013770885,0.009108603,0.028584896,-0.13770884,DOWN,0.013526185959559586,1865.6719298211306,1339.8677777945366,1.5602213063787156,0.01486529916181068,0.012273473665118217,96.81095886230469
2025-07-26,bitcoin,117947.36813033,117472.42033243133,0.0026443694,-0.0013905878,0.011940131,0.02883838,-0.13905878,DOWN,0.01346435244970141,1865.6719298211306,1339.8677777945366,1.5602213063787156,0.01486529916181068,0.012273473665118217,96.81095886230469
2025-07-27,bitcoin,119448.48594470881,117778.45230964338,0.012646767,-0.0014331178,0.009732248,0.028826287,-0.14331178,DOWN,0.013564942920151167,1865.6719298211306,1339.8677777945366,1.5602213063787156,0.01486529916181068,0.012273473665118217,96.81095886230469
2025-07-28,bitcoin,117924.4880264285,119273.56864806684,-0.0128408605,-0.001465481,0.009735181,0.02878861,-0.1465481,DOWN,0.01389435791888594,1865.6719298211306,1339.8677777945366,1.5602213063787156,0.01486529916181068,0.012273473665118217,96.81095886230469
2025-07-29,bitcoin,117922.15704314318,117748.34772600513,-1.9742758e-05,-0.001494658,0.014463503,0.028856553,-0.1494658,DOWN,0.013849012195783852,1865.6719298211306,1339.8677777945366,1.5602213063787156,0.01486529916181068,0.012273473665118217,96.81095886230469
2025-07-30,bitcoin,117831.18993026437,117743.6614324199,-0.000771662,-0.0015147645,0.015677638,0.028881969,-0.15147644,DOWN,0.013599138814435906,1865.6719298211306,1339.8677777945366,1.5602213063787156,0.01486529916181068,0.012273473665118217,96.81095886230469
2025-07-31,bitcoin,115758.20140556619,117650.93486290053,-0.017749429,-0.001531018,0.014201728,0.028900925,-0.1531018,DOWN,0.013795877713002606,1865.6719298211306,1339.8677777945366,1.5602213063787156,0.01486529916181068,0.012273473665118217,96.81095886230469
2025-08-01,bitcoin,113320.08124308195,115579.78309544269,-0.021287126,-0.0015425207,0.010103076,0.028998468,-0.15425207,DOWN,0.013519808956182511,1865.6719298211306,1339.8677777945366,1.5602213063787156,0.01486529916181068,0.012273473665118217,96.81095886230469
2025-08-02,bitcoin,112526.91633822676,113149.53724992741,-0.007024004,-0.001506144,0.010967053,0.029252717,-0.1506144,DOWN,0.013558523701564774,1865.6719298211306,1339.8677777945366,1.5602213063787156,0.01486529916181068,0.012273473665118217,96.81095886230469
2025-08-03,bitcoin,114217.659985465,112357.62618357316,0.014913602,-0.0015055088,0.01212731,0.02938979,-0.15055087,DOWN,0.013460309158123726,1865.6719298211306,1339.8677777945366,1.5602213063787156,0.01486529916181068,0.012273473665118217,96.81095886230469
2025-08-04,bitcoin,115071.88679127954,114044.75111951679,0.007450971,-0.001515134,0.012212323,0.02944446,-0.1515134,DOWN,0.013498112540286093,1865.6719298211306,1339.8677777945366,1.5602213063787156,0.01486529916181068,0.012273473665118217,96.81095886230469
2025-08-05,bitcoin,114141.44976193132,114895.61117194407,-0.008118574,-0.0015330475,0.013563964,0.02943255,-0.15330476,DOWN,0.013553901099706424,1865.6719298211306,1339.8677777945366,1.5602213063787156,0.01486529916181068,0.012273473665118217,96.81095886230469
2025-08-06,bitcoin,115028.00480017439,113968.78283139551,0.0077371495,-0.0015139002,0.014919571,0.029571213,-0.15139002,DOWN,0.013461939790367862,1865.6719298211306,1339.8677777945366,1.5602213063787156,0.01486529916181068,0.012273473665118217,96.81095886230469
2025-08-07,bitcoin,117496.89130401611,114856.08070778847,0.021236358,-0.0014956715,0.013080718,0.029726006,-0.14956714,DOWN,0.013905192547787998,1865.6719298211306,1339.8677777945366,1.5602213063787156,0.01486529916181068,0.012273473665118217,96.81095886230469
2025-08-08,bitcoin,116688.73160046386,117324.57373935264,-0.0069020046,-0.0014676668,0.014153404,0.029920131,-0.14676668,DOWN,0.013520594579177599,1865.6719298211306,1339.8677777945366,1.5602213063787156,0.01486529916181068,0.012273473665118217,96.81095886230469
2025-08-09,bitcoin,116500.35914912866,116518.03924235282,-0.0016155753,-0.0014638121,0.02768331,0.030026725,-0.14638121,DOWN,0.01119176778701537,1865.6719298211306,1339.8677777945366,1.5602213063787156,0.01486529916181068,0.012273473665118217,96.81095886230469
2025-08-10,bitcoin,119306.76183422841,116327.91995332483,0.023803616,-0.0014812688,0.025315398,0.03001212,-0.14812689,DOWN,0.01178874203205488,1865.6719298211306,1339.8677777945366,1.5602213063787156,0.01486529916181068,0.012273473665118217,96.81095886230469
2025-08-11,bitcoin,118731.4445233019,119130.47024928499,-0.0048337923,-0.001478683,0.025351008,0.030035349,-0.14786829,DOWN,0.01182803810327283,1865.6719298211306,1339.8677777945366,1.5602213063787156,0.01486529916181068,0.012273473665118217,96.81095886230469
2025-08-12,bitcoin,120172.90590447374,118559.70199615695,0.012067411,-0.0014475819,0.024199227,0.03019116,-0.1447582,DOWN,0.011746486758353464,1865.6719298211306,1339.8677777945366,1.5602213063787156,0.01486529916181068,0.012273473665118217,96.81095886230469
2025-08-13,bitcoin,123344.04912942648,119999.52197881415,0.026046116,-0.0014438354,0.017125579,0.030247174,-0.14438355,DOWN,0.012637634611108638,1865.6719298211306,1339.8677777945366,1.5602213063787156,0.01486529916181068,0.012273473665118217,96.81095886230469
2025-08-14,bitcoin,118359.57673989236,123169.4480211474,-0.041250445,-0.0014167149,0.012322963,0.030381078,-0.14167148,DOWN,0.014378709776283376,1865.6719298211306,1339.8677777945366,1.5602213063787156,0.01486529916181068,0.012273473665118217,96.81095886230469
2025-08-15,bitcoin,117398.35015733913,118199.92843979783,-0.008154397,-0.0013497667,0.01592738,0.030746486,-0.13497667,DOWN,0.014377649089579489,1865.6719298211306,1339.8677777945366,1.5602213063787156,0.01486529916181068,0.012273473665118217,96.81095886230469
2025-08-16,bitcoin,117491.3481652895,117242.27261402598,0.00079186104,-0.0013303119,0.016109634,0.030953532,-0.13303119,DOWN,0.014349358224357687,1865.6719298211306,1339.8677777945366,1.5602213063787156,0.01486529916181068,0.012273473665118217,96.81095886230469
2025-08-17,bitcoin,117453.05899296142,117333.2651570933,-0.0003259416,-0.0013463595,0.027078655,0.030969612,-0.13463596,DOWN,0.014214914813329062,1865.6719298211306,1339.8677777945366,1.5602213063787156,0.01486529916181068,0.012273473665118217,96.81095886230469
2025-08-18,bitcoin,116252.31519360468,117291.87027573213,-0.010275849,-0.0013733371,0.027329536,0.030881898,-0.1373337,DOWN,0.014335667872951938,1865.6719298211306,1339.8677777945366,1.5602213063787156,0.01486529916181068,0.012273473665118217,96.81095886230469
2025-08-19,bitcoin,112831.1834076643,116094.05700843409,-0.029870223,-0.0013623203,0.024398463,0.030924227,-0.13623203,DOWN,0.015266597359308959,1865.6719298211306,1339.8677777945366,1.5602213063787156,0.01486529916181068,0.012273473665118217,96.81095886230469
2025-08-20,bitcoin,114274.7438078858,112679.94198698923,0.012712852,-0.0013412503,0.02665308,0.031044463,-0.13412502,DOWN,0.015474360981427458,1865.6719298211306,1339.8677777945366,1.5602213063787156,0.01486529916181068,0.012273473665118217,96.81095886230469
2025-08-21,bitcoin,112419.03608374158,114122.61849236395,-0.016372329,-0.0013320411,0.02770356,0.031122336,-0.13320412,DOWN,0.015115417869555564,1865.6719298211306,1339.8677777945366,1.5602213063787156,0.01486529916181068,0.012273473665118217,96.81095886230469
2025-08-22,bitcoin,116874.09647840634,112266.7713251654,0.038863927,-0.0013552753,0.016592871,0.031069608,-0.13552752,DOWN,0.016827834248217967,1865.6719298211306,1339.8677777945366,1.5602213063787156,0.01486529916181068,0.012273473665118217,96.81095886230469
2025-08-23,bitcoin,115374.3244775841,116721.62981064664,-0.012915297,-0.001305301,0.018989192,0.031259634,-0.1305301,DOWN,0.0169741505566364,1865.6719298211306,1339.8677777945366,1.5602213063787156,0.01486529916181068,0.012273473665118217,96.81095886230469
2025-08-24,bitcoin,113458.43199599069,115226.10458967648,-0.016745359,-0.0012855297,0.023830472,0.03139284,-0.12855297,DOWN,0.017195154716264673,1865.6719298211306,1339.8677777945366,1.5602213063787156,0.01486529916181068,0.012273473665118217,96.81095886230469
2025-08-25,bitcoin,110124.34885704797,113317.88154505519,-0.029826317,-0.0012394472,0.02109869,0.03162225,-0.123944715,DOWN,0.01793554095394668,1865.6719298211306,1339.8677777945366,1.5602213063787156,0.01486529916181068,0.012273473665118217,96.81095886230469
2025-08-26,bitcoin,111802.6678697057,109995.61334352521,0.015125124,-0.0011696958,0.018697223,0.031960182,-0.11696958,DOWN,0.018013021247436565,1865.6719298211306,1339.8677777945366,1.5602213063787156,0.01486529916181068,0.012273473665118217,96.81095886230469
2025-08-27,bitcoin,111222.06560712308,111676.36758931912,-0.0052065533,-0.0011302356,0.020027097,0.03221571,-0.113023564,DOWN,0.01791053079042515,1865.6719298211306,1339.8677777945366,1.5602213063787156,0.01486529916181068,0.012273473665118217,96.81095886230469
2025-08-28,bitcoin,112544.80375137925,111098.1267732121,0.011822641,-0.0011149466,0.021287577,0.032384392,-0.11149465,DOWN,0.01808243950226161,1865.6719298211306,1339.8677777945366,1.5602213063787156,0.01486529916181068,0.012273473665118217,96.81095886230469
2025-08-29,bitcoin,108410.83372936817,112419.50905669015,-0.03742336,-0.0011138658,0.00839402,0.03247489,-0.111386575,DOWN,0.019197123642975232,1865.6719298211306,1339.8677777945366,1.5602213063787156,0.01486529916181068,0.012273473665118217,96.81095886230469
2025-08-30,bitcoin,108808.06797697674,108291.60946191056,0.003657461,-0.0011003478,0.010833789,0.032586865,-0.110034786,DOWN,0.019015909753370842,1865.6719298211306,1339.8677777945366,1.5602213063787156,0.01486529916181068,0.012273473665118217,96.81095886230469
2025-08-31,bitcoin,108236.70720991725,108686.50024521304,-0.005264911,-0.0011178972,0.010071916,0.03257156,-0.11178972,DOWN,0.018682299765052972,1865.6719298211306,1339.8677777945366,1.5602213063787156,0.01486529916181068,0.012273473665118217,96.81095886230469
2025-09-01,bitcoin,109250.60174140427,108113.24383938778,0.009323672,-0.001141367,0.010189644,0.032500714,-0.1141367,DOWN,0.018750766844111026,1865.6719298211306,1339.8677777945366,1.5602213063787156,0.01486529916181068,0.012273473665118217,96.81095886230469
2025-09-02,bitcoin,111200.57810971886,109125.9961492531,0.017691383,-0.0011411817,0.0069034584,0.032482814,-0.114118166,DOWN,0.01883988333997746,1865.6719298211306,1339.8677777945366,1.5602213063787156,0.01486529916181068,0.012273473665118217,96.81095886230469
2025-09-03,bitcoin,111723.20936925244,111075.36841216497,0.004688831,-0.001126694,0.007620582,0.032509983,-0.1126694,DOWN,0.018804981953418676,1865.6719298211306,1339.8677777945366,1.5602213063787156,0.01486529916181068,0.012273473665118217,96.81095886230469
2025-09-04,bitcoin,110723.59507788252,111596.69237300148,-0.008987461,-0.0011330727,0.006448159,0.03247936,-0.11330727,DOWN,0.018817125514050317,1865.6719298211306,1339.8677777945366,1.5602213063787156,0.01486529916181068,0.012273473665118217,96.81095886230469
2025-09-05,bitcoin,110650.98571324395,110596.433081239,-0.00065605715,-0.001149172,0.010791897,0.03240648,-0.1149172,DOWN,0.018746961888128535,1865.6719298211306,1339.8677777945366,1.5602213063787156,0.01486529916181068,0.012273473665118217,96.81095886230469
2025-09-06,bitcoin,110224.69634395372,110518.47135388479,-0.003859996,-0.0011983407,0.009602669,0.03220661,-0.119834065,DOWN,0.01825868084392023,1865.6719298211306,1339.8677777945366,1.5602213063787156,0.01486529916181068,0.012273473665118217,96.81095886230469
2025-09-07,bitcoin,111167.62104705814,110080.82098897407,0.00851816,-0.0013061857,0.009794842,0.03176865,-0.13061857,DOWN,0.01833275665604446,1865.6719298211306,1339.8677777945366,1.5602213063787156,0.01486529916181068,0.012273473665118217,96.81095886230469
2025-09-08,bitcoin,112071.43134353217,111011.98320195079,0.008097306,-0.0014009739,0.010787571,0.031308334,-0.1400974,DOWN,0.01841590668669646,1865.6719298211306,1339.8677777945366,1.5602213063787156,0.01486529916181068,0.012273473665118217,96.81095886230469
2025-09-09,bitcoin,111530.53852864169,111909.58718642779,-0.004837917,-0.0014451682,0.010748526,0.030942502,-0.14451681,DOWN,0.01779694710230576,1865.6719298211306,1339.8677777945366,1.5602213063787156,0.01486529916181068,0.012273473665118217,96.81095886230469
2025-09-10,bitcoin,113955.34942602739,111367.21858464647,0.02150827,-0.0014654819,0.0070611592,0.030656084,-0.1465482,DOWN,0.018309759675756414,1865.6719298211306,1339.8677777945366,1.5602213063787156,0.01486529916181068,0.012273473665118217,96.81095886230469
2025-09-11,bitcoin,115507.54220647179,113790.04234672617,0.013529014,-0.0014518283,0.006493287,0.030535229,-0.14518283,DOWN,0.01834892113151618,1865.6719298211306,1339.8677777945366,1.5602213063787156,0.01486529916181068,0.012273473665118217,96.81095886230469
2025-09-12,bitcoin,116101.57215388957,115339.97714485507,0.0051296805,-0.0014517547,0.006653909,0.03041384,-0.14517547,DOWN,0.017645713173566224,1865.6719298211306,1339.8677777945366,1.5602213063787156,0.01486529916181068,0.012273473665118217,96.81095886230469
2025-09-13,bitcoin,115950.50338458735,115932.79460987635,-0.0013020383,-0.0014548772,0.0068817367,0.030276062,-0.14548773,DOWN,0.01607438335173323,1865.6719298211306,1339.8677777945366,1.5602213063787156,0.01486529916181068,0.012273473665118217,96.81095886230469
2025-09-14,bitcoin,115407.66157468315,115778.23260854231,-0.0046927463,-0.0014867913,0.009243325,0.030008063,-0.14867914,DOWN,0.016030801208272875,1865.6719298211306,1339.8677777945366,1.5602213063787156,0.01486529916181068,0.012273473665118217,96.81095886230469
2025-09-15,bitcoin,115444.87073304132,115232.87887752056,0.000322446,-0.0015155731,0.0092435,0.02972302,-0.15155731,DOWN,0.01602978016437234,1865.6719298211306,1339.8677777945366,1.5602213063787156,0.01486529916181068,0.012273473665118217,96.81095886230469
2025-09-16,bitcoin,116843.1870881617,115270.38531468809,0.012039616,-0.0015126262,0.0066305124,0.029567786,-0.15126261,DOWN,0.01619342032317642,1865.6719298211306,1339.8677777945366,1.5602213063787156,0.01486529916181068,0.012273473665118217,96.81095886230469
2025-09-17,bitcoin,116468.49599393085,116666.52164928243,-0.0032118412,-0.0015131929,0.011101741,0.029432269,-0.1513193,DOWN,0.016091718545288534,1865.6719298211306,1339.8677777945366,1.5602213063787156,0.01486529916181068,0.012273473665118217,96.81095886230469
2025-09-18,bitcoin,117137.20907280128,116293.09573844634,0.0057250066,-0.0015071558,0.008855669,0.029358843,-0.15071559,DOWN,0.015110938653166607,1865.6719298211306,1339.8677777945366,1.5602213063787156,0.01486529916181068,0.012273473665118217,96.81095886230469
2025-09-19,bitcoin,115688.85938962363,116958.73125062697,-0.012441584,-0.0015247725,0.012348015,0.029197754,-0.15247725,DOWN,0.015152542496886688,1865.6719298211306,1339.8677777945366,1.5602213063787156,0.01486529916181068,0.012273473665118217,96.81095886230469
2025-09-20,bitcoin,115721.95822316408,115511.49092240073,0.00028608483,-0.0015343258,0.019176593,0.029002352,-0.15343258,DOWN,0.01481895016377399,1865.6719298211306,1339.8677777945366,1.5602213063787156,0.01486529916181068,0.012273473665118217,96.81095886230469
2025-09-21,bitcoin,115306.09976322157,115544.99007703224,-0.0036001487,-0.0015304978,0.0206504,0.028712034,-0.15304978,DOWN,0.012920559054529776,1865.6719298211306,1339.8677777945366,1.5602213063787156,0.01486529916181068,0.012273473665118217,96.81095886230469
2025-09-22,bitcoin,112748.50597229786,115130.7279272005,-0.022430535,-0.0015220444,0.019654043,0.0284115,-0.15220444,DOWN,0.013337526111905746,1865.6719298211306,1339.8677777945366,1.5602213063787156,0.01486529916181068,0.012273473665118217,96.81095886230469
2025-09-23,bitcoin,112014.4994096579,112579.20241896389,-0.0065314164,-0.0015027472,0.023123203,0.028525228,-0.15027472,DOWN,0.013046025715085622,1865.6719298211306,1339.8677777945366,1.5602213063787156,0.01486529916181068,0.012273473665118217,96.81095886230469
2025-09-24,bitcoin,113328.62541729212,111845.35540872812,0.011663526,-0.001511127,0.024441855,0.028601598,-0.1511127,DOWN,0.012008323021838794,1865.6719298211306,1339.8677777945366,1.5602213063787156,0.01486529916181068,0.012273473665118217,96.81095886230469
2025-09-25,bitcoin,109049.28741068579,113156.37577859452,-0.038491882,-0.001521148,0.011530055,0.028708475,-0.15211481,DOWN,0.01363386101129999,1865.6719298211306,1339.8677777945366,1.5602213063787156,0.01486529916181068,0.012273473665118217,96.81095886230469
2025-09-26,bitcoin,109712.81915144064,108886.67596186604,0.006066325,-0.0014923601,0.017537814,0.029107071,-0.14923601,DOWN,0.013662295493796132,1865.6719298211306,1339.8677777945366,1.5602213063787156,0.01486529916181068,0.012273473665118217,96.81095886230469
2025-09-27,bitcoin,109681.9360270463,109553.71812599245,-0.00028152752,-0.0014513407,0.015151585,0.029467817,-0.14513408,DOWN,0.013465058861117225,1865.6719298211306,1339.8677777945366,1.5602213063787156,0.01486529916181068,0.012273473665118217,96.81095886230469
2025-09-28,bitcoin,112122.63626928907,109522.12828236166,0.022008507,-0.001458182,0.015252985,0.029642997,-0.1458182,DOWN,0.012287824192067712,1865.6719298211306,1339.8677777945366,1.5602213063787156,0.01486529916181068,0.012273473665118217,96.81095886230469
2025-09-29,bitcoin,114400.37769820541,111959.73508168012,0.020111147,-0.0014540262,0.01664931,0.029799173,-0.14540263,DOWN,0.012769727879342432,1865.6719298211306,1339.8677777945366,1.5602213063787156,0.01486529916181068,0.012273473665118217,96.81095886230469
2025-09-30,bitcoin,114056.09507557238,114238.30689364253,-0.0030141158,-0.0014177174,0.01438894,0.030065611,-0.14177175,DOWN,0.012733851013454287,1865.6719298211306,1339.8677777945366,1.5602213063787156,0.01486529916181068,0.012273473665118217,96.81095886230469
2025-10-01,bitcoin,118648.93084684107,113897.91732982267,0.039478656,-0.0013876786,0.0058119143,0.030334994,-0.13876785,DOWN,0.014493147384723806,1865.6719298211306,1339.8677777945366,1.5602213063787156,0.01486529916181068,0.012273473665118217,96.81095886230469
2025-10-02,bitcoin,120681.24646282289,118491.17397436267,0.016983876,-0.0013304388,0.016286796,0.030709453,-0.13304387,DOWN,0.014468042357764036,1865.6719298211306,1339.8677777945366,1.5602213063787156,0.01486529916181068,0.012273473665118217,96.81095886230469
2025-10-03,bitcoin,122266.53034426365,120521.74221865833,0.013050508,-0.0013226583,0.016770149,0.03089553,-0.13226582,DOWN,0.014587092517217971,1865.6719298211306,1339.8677777945366,1.5602213063787156,0.01486529916181068,0.012273473665118217,96.81095886230469
2025-10-04,bitcoin,122425.4312395677,122105.23362254165,0.0012987632,-0.0013200827,0.018119035,0.031006914,-0.13200827,DOWN,0.014413894309654837,1865.6719298211306,1339.8677777945366,1.5602213063787156,0.01486529916181068,0.012273473665118217,96.81095886230469
2025-10-05,bitcoin,123513.47469562199,122256.34802154964,0.008848164,-0.001382025,0.03520003,0.030792795,-0.13820249,DOWN,0.01442534938713979,1865.6719298211306,1339.8677777945366,1.5602213063787156,0.01486529916181068,0.012273473665118217,96.81095886230469
2025-10-06,bitcoin,124752.54144587088,123340.69096476305,0.009981753,-0.0013998272,0.03171837,0.030665362,-0.13998272,DOWN,0.014394958389787084,1865.6719298211306,1339.8677777945366,1.5602213063787156,0.01486529916181068,0.012273473665118217,96.81095886230469
2025-10-07,bitcoin,121451.38694805093,124576.3764299564,-0.026817985,-0.0014129945,0.041957416,0.030532807,-0.14129944,DOWN,0.015416102581020623,1865.6719298211306,1339.8677777945366,1.5602213063787156,0.01486529916181068,0.012273473665118217,96.81095886230469
2025-10-08,bitcoin,123354.86640030239,121281.93798223184,0.015551261,-0.0013961731,0.040143188,0.030542245,-0.13961731,DOWN,0.015562312829997748,1865.6719298211306,1339.8677777945366,1.5602213063787156,0.01486529916181068,0.012273473665118217,96.81095886230469
2025-10-09,bitcoin,121705.57862925343,123182.0681910133,-0.013460402,-0.0014018253,0.040212274,0.030470055,-0.14018254,DOWN,0.015793003210241765,1865.6719298211306,1339.8677777945366,1.5602213063787156,0.01486529916181068,0.012273473665118217,96.81095886230469
2025-10-10,bitcoin,113214.37117593596,121535.03201300045,-0.07232182,-0.0014023955,0.025735939,0.030409543,-0.14023955,DOWN,0.020260772775900864,1865.6719298211306,1339.8677777945366,1.5602213063787156,0.01486529916181068,0.012273473665118217,96.81095886230469
2025-10-11,bitcoin,110807.88599485531,113073.70974650048,-0.021485163,-0.0012432181,0.02612504,0.031101096,-0.12432181,DOWN,0.020451076464831835,1865.6719298211306,1339.8677777945366,1.5602213063787156,0.01486529916181068,0.012273473665118217,96.81095886230469
2025-10-12,bitcoin,115169.76175585762,110684.79828500189,0.03860935,-0.0011114192,0.009694042,0.03174254,-0.11114192,DOWN,0.02173018432304164,1865.6719298211306,1339.8677777945366,1.5602213063787156,0.01486529916181068,0.012273473665118217,96.81095886230469
2025-10-13,bitcoin,115271.07417351566,115055.33872466069,0.00087929296,-0.000994066,0.012268064,0.03235876,-0.0994066,DOWN,0.021729457338947634,1865.6719298211306,1339.8677777945366,1.5602213063787156,0.01486529916181068,0.012273473665118217,96.81095886230469
2025-10-14,bitcoin,113118.66219379846,115163.01588650048,-0.018849166,-0.00093789445,0.017056845,0.0327904,-0.09378944,DOWN,0.021982854843686655,1865.6719298211306,1339.8677777945366,1.5602213063787156,0.01486529916181068,0.012273473665118217,96.81095886230469
2025-10-15,bitcoin,110783.16489239875,113019.84073810792,-0.02086258,-0.00087402435,0.018423993,0.033220094,-0.08740243,DOWN,0.02228930783690982,1865.6719298211306,1339.8677777945366,1.5602213063787156,0.01486529916181068,0.012273473665118217,96.81095886230469
2025-10-16,bitcoin,108186.03654205333,110688.75163556542,-0.023722487,-0.00085260323,0.017073508,0.033495925,-0.085260324,DOWN,0.02250516458931218,1865.6719298211306,1339.8677777945366,1.5602213063787156,0.01486529916181068,0.012273473665118217,96.81095886230469
2025-10-17,bitcoin,106467.78805228043,108098.18619130924,-0.016009841,-0.0008123892,0.015316211,0.033791754,-0.08123892,DOWN,0.022641064711643878,1865.6719298211306,1339.8677777945366,1.5602213063787156,0.01486529916181068,0.012273473665118217,96.81095886230469
2025-10-18,bitcoin,107198.2742156377,106383.00049390411,0.0068375804,-0.0007966447,0.017721139,0.033983648,-0.07966447,DOWN,0.02265643982173617,1865.6719298211306,1339.8677777945366,1.5602213063787156,0.01486529916181068,0.012273473665118217,96.81095886230469
2025-10-19,bitcoin,108666.70385729894,107104.35892975982,0.013605431,-0.00087647233,0.017277034,0.033813965,-0.08764723,DOWN,0.02277247251322563,1865.6719298211306,1339.8677777945366,1.5602213063787156,0.01486529916181068,0.012273473665118217,96.81095886230469
2025-10-20,bitcoin,110588.92821548972,108561.56913574645,0.01753449,-0.0009680295,0.015742106,0.03351056,-0.09680295,DOWN,0.023048260927955568,1865.6719298211306,1339.8677777945366,1.5602213063787156,0.01486529916181068,0.012273473665118217,96.81095886230469
2025-10-21,bitcoin,108476.897504149,110478.42128096754,-0.019282833,-0.0009997876,0.013091264,0.033352744,-0.09997876,DOWN,0.023275308428552154,1865.6719298211306,1339.8677777945366,1.5602213063787156,0.01486529916181068,0.012273473665118217,96.81095886230469
2025-10-22,bitcoin,107688.58924621344,108373.38727467507,-0.0072935624,-0.00095462706,0.011703337,0.033467602,-0.09546271,DOWN,0.022981702793499,1865.6719298211306,1339.8677777945366,1.5602213063787156,0.01486529916181068,0.012273473665118217,96.81095886230469
2025-10-23,bitcoin,110069.73304486647,107587.81172089465,0.021870445,-0.000936212,0.0133540435,0.033543643,-0.0936212,DOWN,0.023347874916529898,1865.6719298211306,1339.8677777945366,1.5602213063787156,0.01486529916181068,0.012273473665118217,96.81095886230469
2025-10-24,bitcoin,111033.9215418091,109963.88988322578,0.008721715,-0.00096198684,0.018923977,0.033471026,-0.096198685,DOWN,0.023301248095273543,1865.6719298211306,1339.8677777945366,1.5602213063787156,0.01486529916181068,0.012273473665118217,96.81095886230469
2025-10-25,bitcoin,111641.73162037134,110920.81128747668,0.005459117,-0.0010192252,0.019307438,0.033259988,-0.10192252,DOWN,0.02222398777891152,1865.6719298211306,1339.8677777945366,1.5602213063787156,0.01486529916181068,0.012273473665118217,96.81095886230469
2025-10-26,bitcoin,114472.44039165229,111517.66257297806,0.025039269,-0.0011119545,0.01409481,0.03287644,-0.111195445,DOWN,0.022649687258590928,1865.6719298211306,1339.8677777945366,1.5602213063787156,0.01486529916181068,0.012273473665118217,96.81095886230469
2025-10-27,bitcoin,114119.3299647416,114340.5754629043,-0.0030895032,-0.0011525725,0.015248367,0.032609954,-0.11525725,DOWN,0.022663783551975344,1865.6719298211306,1339.8677777945366,1.5602213063787156,0.01486529916181068,0.012273473665118217,96.81095886230469
2025-10-28,bitcoin,112956.15853432659,113987.60658138152,-0.010244824,-0.0011548896,0.01603325,0.032492664,-0.11548896,DOWN,0.022415771865407125,1865.6719298211306,1339.8677777945366,1.5602213063787156,0.01486529916181068,0.012273473665118217,96.81095886230469
2025-10-29,bitcoin,110055.29429004807,112824.76172172977,-0.026016807,-0.0011639113,0.020296179,0.032384742,-0.11639113,DOWN,0.022585605170162483,1865.6719298211306,1339.8677777945366,1.5602213063787156,0.01486529916181068,0.012273473665118217,96.81095886230469
2025-10-30,bitcoin,108305.54823702341,109927.18509031227,-0.01602664,-0.0011647937,0.027618052,0.032318823,-0.116479374,DOWN,0.022746377511651896,1865.6719298211306,1339.8677777945366,1.5602213063787156,0.01486529916181068,0.012273473665118217,96.81095886230469
2025-10-31,bitcoin,109556.16062313318,108180.19371096976,0.011480962,-0.001158104,0.030317849,0.032289684,-0.1158104,DOWN,0.021499307013313963,1865.6719298211306,1339.8677777945366,1.5602213063787156,0.01486529916181068,0.012273473665118217,96.81095886230469
2025-11-01,bitcoin,110064.00653643254,109428.05741914641,0.004624825,-0.0011699568,0.029495742,0.032200024,-0.11699568,DOWN,0.021226702807717112,1865.6719298211306,1339.8677777945366,1.5602213063787156,0.01486529916181068,0.012273473665118217,96.81095886230469
2025-11-02,bitcoin,110639.61867683753,109928.26278762054,0.005216141,-0.0012341891,0.03284737,0.031922787,-0.12341891,DOWN,0.021069961382043378,1865.6719298211306,1339.8677777945366,1.5602213063787156,0.01486529916181068,0.012273473665118217,96.81095886230469
2025-11-03,bitcoin,106547.52834550291,110495.91470217705,-0.037687186,-0.0012998208,0.029988462,0.031597182,-0.12998208,DOWN,0.021935495300597407,1865.6719298211306,1339.8677777945366,1.5602213063787156,0.01486529916181068,0.012273473665118217,96.81095886230469
2025-11-04,bitcoin,101590.52676153742,106412.22754339501,-0.04764086,-0.0012706053,0.022539165,0.03159377,-0.12706053,DOWN,0.023082409437429764,1865.6719298211306,1339.8677777945366,1.5602213063787156,0.01486529916181068,0.012273473665118217,96.81095886230469
2025-11-05,bitcoin,103891.82768442761,101474.25019937474,0.02240006,-0.0011451456,0.021099769,0.031993344,-0.11451456,DOWN,0.023500267400182327,1865.6719298211306,1339.8677777945366,1.5602213063787156,0.01486529916181068,0.012273473665118217,96.81095886230469
2025-11-06,bitcoin,101301.29227125086,103782.89241137216,-0.025251184,-0.0010491353,0.022317711,0.032386567,-0.10491353,DOWN,0.02345561952886972,1865.6719298211306,1339.8677777945366,1.5602213063787156,0.01486529916181068,0.012273473665118217,96.81095886230469
2025-11-07,bitcoin,103372.40489983,101201.25102536753,0.020238927,-0.0009879621,0.020930108,0.032703456,-0.09879621,DOWN,0.023621580336887948,1865.6719298211306,1339.8677777945366,1.5602213063787156,0.01486529916181068,0.012273473665118217,96.81095886230469
2025-11-08,bitcoin,102282.12082774937,103280.2613830883,-0.010603212,-0.000891794,0.022054743,0.03313569,-0.0891794,DOWN,0.023595167621782966,1865.6719298211306,1339.8677777945366,1.5602213063787156,0.01486529916181068,0.012273473665118217,96.81095886230469
2025-11-09,bitcoin,104719.63991012424,102192.66340056108,0.023551838,-0.00087497337,0.024248848,0.033337217,-0.08749734,DOWN,0.020831181764442472,1865.6719298211306,1339.8677777945366,1.5602213063787156,0.01486529916181068,0.012273473665118217,96.81095886230469
2025-11-10,bitcoin,105996.5958432164,104629.95253156777,0.012120269,-0.0008568072,0.024249816,0.03349273,-0.08568072,DOWN,0.020681000636595864,1865.6719298211306,1339.8677777945366,1.5602213063787156,0.01486529916181068,0.012273473665118217,96.81095886230469
2025-11-11,bitcoin,102997.46641924977,105907.17034459487,-0.028702548,-0.0008439622,0.023916682,0.03361003,-0.08439622,DOWN,0.019765745248572424,1865.6719298211306,1339.8677777945366,1.5602213063787156,0.01486529916181068,0.012273473665118217,96.81095886230469
2025-11-12,bitcoin,101663.18463184871,102908.53734849021,-0.013039147,-0.0008638429,0.02380577,0.033598892,-0.08638429,DOWN,0.019820708954977072,1865.6719298211306,1339.8677777945366,1.5602213063787156,0.01486529916181068,0.012273473665118217,96.81095886230469
2025-11-13,bitcoin,99697.49020875245,101571.2694552429,-0.019524746,-0.0009045552,0.027124846,0.03346935,-0.09045552,DOWN,0.01983800264981876,1865.6719298211306,1339.8677777945366,1.5602213063787156,0.01486529916181068,0.012273473665118217,96.81095886230469
2025-11-14,bitcoin,94397.79219958186,99608.99152379343,-0.054622877,-0.0008881206,0.015823051,0.03348691,-0.08881206,DOWN,0.021588933448996414,1865.6719298211306,1339.8677777945366,1.5602213063787156,0.01486529916181068,0.012273473665118217,96.81095886230469
2025-11-15,bitcoin,95549.14931058045,94321.2061355752,0.012123107,-0.00081161316,0.022815896,0.03372972,-0.08116132,DOWN,0.021524855286084384,1865.6719298211306,1339.8677777945366,1.5602213063787156,0.01486529916181068,0.012273473665118217,96.81095886230469
2025-11-16,bitcoin,94177.08443152206,95469.03443818865,-0.014463938,-0.0008387631,0.022672717,0.033665698,-0.08387631,DOWN,0.021497419518870603,1865.6719298211306,1339.8677777945366,1.5602213063787156,0.01486529916181068,0.012273473665118217,96.81095886230469
2025-11-17,bitcoin,92093.8700306844,94097.61495793238,-0.022368385,-0.000844087,0.023560736,0.03362558,-0.0844087,DOWN,0.0216499141947551,1865.6719298211306,1339.8677777945366,1.5602213063787156,0.01486529916181068,0.012273473665118217,96.81095886230469
2025-11-18,bitcoin,92948.87632858753,92018.11823744327,0.009241174,-0.0008230002,0.028522218,0.03366324,-0.08230002,DOWN,0.021534400822061737,1865.6719298211306,1339.8677777945366,1.5602213063787156,0.01486529916181068,0.012273473665118217,96.81095886230469
2025-11-19,bitcoin,91465.99470963329,92876.85813938826,-0.01608238,-0.0007751889,0.031456836,0.033792086,-0.07751889,DOWN,0.02118703033782116,1865.6719298211306,1339.8677777945366,1.5602213063787156,0.01486529916181068,0.012273473665118217,96.81095886230469
2025-11-20,bitcoin,86631.89927991154,91396.49811873352,-0.054299146,-0.0007600435,0.018447103,0.033838574,-0.07600435,DOWN,0.022740900022394026,1865.6719298211306,1339.8677777945366,1.5602213063787156,0.01486529916181068,0.012273473665118217,96.81095886230469
2025-11-21,bitcoin,85090.68945560232,86571.66946605593,-0.017950492,-0.0006954875,0.019771643,0.034049675,-0.06954875,DOWN,0.02282275626484165,1865.6719298211306,1339.8677777945366,1.5602213063787156,0.01486529916181068,0.012273473665118217,96.81095886230469
2025-11-22,bitcoin,84648.35551717132,85039.57896936312,-0.005211873,-0.0006008616,0.017555835,0.034387115,-0.06008616,DOWN,0.022132456408120723,1865.6719298211306,1339.8677777945366,1.5602213063787156,0.01486529916181068,0.012273473665118217,96.81095886230469
2025-11-23,bitcoin,86805.01055129804,84591.49227270391,0.025158586,-0.0006720151,0.01821221,0.034191027,-0.06720151,DOWN,0.0227823018557848,1865.6719298211306,1339.8677777945366,1.5602213063787156,0.01486529916181068,0.012273473665118217,96.81095886230469
2025-11-24,bitcoin,88270.55881231558,86745.11380085722,0.016742358,-0.0006902099,0.018094998,0.034078903,-0.069020994,DOWN,0.02310648849917462,1865.6719298211306,1339.8677777945366,1.5602213063787156,0.01486529916181068,0.012273473665118217,96.81095886230469
2025-11-25,bitcoin,87341.884167023,88212.68254792318,-0.010576477,-0.0006559305,0.01698147,0.034144208,-0.06559305,DOWN,0.022258219890938707,1865.6719298211306,1339.8677777945366,1.5602213063787156,0.01486529916181068,0.012273473665118217,96.81095886230469
2025-11-26,bitcoin,90518.37282465398,87285.8274009144,0.035722587,-0.0006421113,0.021142464,0.0341727,-0.06421113,DOWN,0.023720942554718107,1865.6719298211306,1339.8677777945366,1.5602213063787156,0.01486529916181068,0.012273473665118217,96.81095886230469
2025-11-27,bitcoin,91285.37597585376,90464.20901430678,0.008437806,-0.0005984991,0.03665173,0.034297083,-0.05984991,DOWN,0.02388987463987004,1865.6719298211306,1339.8677777945366,1.5602213063787156,0.01486529916181068,0.012273473665118217,96.81095886230469
2025-11-28,bitcoin,90919.25881522894,91227.58579540998,-0.004018667,-0.0006332868,0.037921995,0.034177,-0.063328676,DOWN,0.023625323196613087,1865.6719298211306,1339.8677777945366,1.5602213063787156,0.01486529916181068,0.012273473665118217,96.81095886230469
2025-11-29,bitcoin,90851.7585194176,90856.03969573695,-0.00074277865,-0.00069569447,0.03903525,0.03391041,-0.069569446,DOWN,0.02356996814458637,1865.6719298211306,1339.8677777945366,1.5602213063787156,0.01486529916181068,0.012273473665118217,96.81095886230469
2025-11-30,bitcoin,90394.30991165573,90779.1726492811,-0.0050477926,-0.0007991877,0.041847628,0.03345611,-0.07991877,DOWN,0.023348133748949434,1865.6719298211306,1339.8677777945366,1.5602213063787156,0.01486529916181068,0.012273473665118217,96.81095886230469
2025-12-01,bitcoin,86321.57232622057,90312.8363603577,-0.046101842,-0.00090173166,0.034206364,0.032947563,-0.09017317,DOWN,0.024301800605820902,1865.6719298211306,1339.8677777945366,1.5602213063787156,0.01486529916181068,0.012273473665118217,96.81095886230469
2025-12-02,bitcoin,91350.20911574736,86247.04772040807,0.056620993,-0.0008636243,0.021435054,0.032882906,-0.08636243,DOWN,0.027053024639682174,1865.6719298211306,1339.8677777945366,1.5602213063787156,0.01486529916181068,0.012273473665118217,96.81095886230469
2025-12-03,bitcoin,93527.80232480727,91281.00938145444,0.02355826,-0.00075780624,0.01669187,0.033120148,-0.07578062,DOWN,0.026930458404551928,1865.6719298211306,1339.8677777945366,1.5602213063787156,0.01486529916181068,0.012273473665118217,96.81095886230469
2025-12-04,bitcoin,92141.62975391326,93464.62113318872,-0.014931974,-0.0006757444,0.019887455,0.03338374,-0.06757444,DOWN,0.025801943533975857,1865.6719298211306,1339.8677777945366,1.5602213063787156,0.01486529916181068,0.012273473665118217,96.81095886230469
2025-12-05,bitcoin,89387.75889627635,92081.76144978404,-0.030343063,-0.0006499039,0.011753716,0.03350077,-0.06499039,DOWN,0.02578898255411956,1865.6719298211306,1339.8677777945366,1.5602213063787156,0.01486529916181068,0.012273473665118217,96.81095886230469
2025-12-06,bitcoin,89272.37092882721,89330.65843436262,-0.0012916462,-0.000639017,0.0111099975,0.033548802,-0.0639017,DOWN,0.025508309636205526,1865.6719298211306,1339.8677777945366,1.5602213063787156,0.01486529916181068,0.012273473665118217,96.81095886230469
2025-12-07,bitcoin,90405.64120356739,89211.62459269911,0.012614573,-0.0006807542,0.017244432,0.033390727,-0.06807542,DOWN,0.025291675497572833,1865.6719298211306,1339.8677777945366,1.5602213063787156,0.01486529916181068,0.012273473665118217,96.81095886230469
2025-12-08,bitcoin,90640.20621302165,90341.7157095233,0.002591196,-0.0007073472,0.017178938,0.033232942,-0.07073472,DOWN,0.02529082126344703,1865.6719298211306,1339.8677777945366,1.5602213063787156,0.01486529916181068,0.012273473665118217,96.81095886230469
2025-12-09,bitcoin,92691.71292568743,90572.3521590801,0.022381194,-0.0007488651,0.013689904,0.03301707,-0.07488651,DOWN,0.02524674847957246,1865.6719298211306,1339.8677777945366,1.5602213063787156,0.01486529916181068,0.012273473665118217,96.81095886230469
2025-12-10,bitcoin,92020.94915905595,92615.62813858269,-0.0072628325,-0.0008211846,0.0142441755,0.03267211,-0.08211846,DOWN,0.02507225968142802,1865.6719298211306,1339.8677777945366,1.5602213063787156,0.01486529916181068,0.012273473665118217,96.81095886230469
2025-12-11,bitcoin,92511.33708420396,91937.4655034747,0.0053149704,-0.0009076409,0.01805046,0.03225897,-0.09076409,DOWN,0.024716156405133662,1865.6719298211306,1339.8677777945366,1.5602213063787156,0.01486529916181068,0.012273473665118217,96.81095886230469
2025-12-12,bitcoin,90270.41456518602,92419.7576764077,-0.024521422,-0.0009903919,0.017190663,0.03183335,-0.0990392,DOWN,0.02495280568378183,1865.6719298211306,1339.8677777945366,1.5602213063787156,0.01486529916181068,0.012273473665118217,96.81095886230469
2025-12-13,bitcoin,90298.7049205983,90176.28158581117,0.00031341868,-0.0010433574,0.016408235,0.031504657,-0.10433574,DOWN,0.0247842573456802,1865.6719298211306,1339.8677777945366,1.5602213063787156,0.01486529916181068,0.012273473665118217,96.81095886230469
2025-12-14,bitcoin,88175.17654385883,90199.27975738887,-0.023797674,-0.0011017225,0.022597762,0.031144645,-0.11017225,DOWN,0.02325954944654335,1865.6719298211306,1339.8677777945366,1.5602213063787156,0.01486529916181068,0.012273473665118217,96.81095886230469
2025-12-15,bitcoin,86419.7767326138,88073.75614871923,-0.020108916,-0.001150891,0.019677699,0.030751742,-0.115089096,DOWN,0.023321885876326026,1865.6719298211306,1339.8677777945366,1.5602213063787156,0.01486529916181068,0.012273473665118217,96.81095886230469
2025-12-16,bitcoin,87843.98687015846,86317.40987130627,0.016345738,-0.001185261,0.018526789,0.030393848,-0.11852609,DOWN,0.023486614610850904,1865.6719298211306,1339.8677777945366,1.5602213063787156,0.01486529916181068,0.012273473665118217,96.81095886230469
2025-12-17,bitcoin,86143.75366770197,87737.74253565352,-0.019544834,-0.0012101983,0.014699468,0.03008317,-0.121019825,DOWN,0.023410446282823738,1865.6719298211306,1339.8677777945366,1.5602213063787156,0.01486529916181068,0.012273473665118217,96.81095886230469
2025-12-18,bitcoin,85462.5084536788,86038.79697172623,-0.007939729,-0.0012191506,0.015759192,0.029897014,-0.12191506,DOWN,0.023336042070896578,1865.6719298211306,1339.8677777945366,1.5602213063787156,0.01486529916181068,0.012273473665118217,96.81095886230469
2025-12-19,bitcoin,88103.3809377104,85358.77945574606,0.030433156,-0.0012144796,0.0064815506,0.029810563,-0.12144796,DOWN,0.02396621927797538,1865.6719298211306,1339.8677777945366,1.5602213063787156,0.01486529916181068,0.012273473665118217,96.81095886230469
2025-12-20,bitcoin,88344.00062420778,87998.81751641259,0.0027273553,-0.0011875124,0.0061957072,0.02982745,-0.11875124,DOWN,0.021874325978844616,1865.6719298211306,1339.8677777945366,1.5602213063787156,0.01486529916181068,0.012273473665118217,96.81095886230469
2025-12-21,bitcoin,88621.7452840805,88237.5430855751,0.003139028,-0.001205809,0.0057259602,0.029686294,-0.1205809,DOWN,0.021590173550676953,1865.6719298211306,1339.8677777945366,1.5602213063787156,0.01486529916181068,0.012273473665118217,96.81095886230469
2025-12-22,bitcoin,88490.02080240846,88512.9247161448,-0.0014875853,-0.0012286878,0.0069736354,0.029503087,-0.122868784,DOWN,0.021560603423150557,1865.6719298211306,1339.8677777945366,1.5602213063787156,0.01486529916181068,0.012273473665118217,96.81095886230469
2025-12-23,bitcoin,87414.00312521495,88380.81939163897,-0.012234275,-0.001234716,0.0036242355,0.029382516,-0.1234716,DOWN,0.021221914218515457,1865.6719298211306,1339.8677777945366,1.5602213063787156,0.01486529916181068,0.012273473665118217,96.81095886230469
2025-12-24,bitcoin,87611.96981477737,87306.26182150841,0.0022620761,-0.0012332895,0.005238698,0.029326167,-0.12332895,DOWN,0.02099820819470788,1865.6719298211306,1339.8677777945366,1.5602213063787156,0.01486529916181068,0.012273473665118217,96.81095886230469
2025-12-25,bitcoin,87234.74400244234,87501.33117673034,-0.0043148585,-0.0012634918,0.008315867,0.029143026,-0.12634918,DOWN,0.020921736858018115,1865.6719298211306,1339.8677777945366,1.5602213063787156,0.01486529916181068,0.012273473665118217,96.81095886230469
2025-12-26,bitcoin,87301.43220348936,87121.02702691313,0.0007641683,-0.0013043922,0.010266909,0.028878236,-0.13043922,DOWN,0.019775971388187298,1865.6719298211306,1339.8677777945366,1.5602213063787156,0.01486529916181068,0.012273473665118217,96.81095886230469
2025-12-27,bitcoin,87802.15888929181,87184.41178948805,0.0057192193,-0.0013412421,0.011837804,0.028526561,-0.1341242,DOWN,0.0197369402554394,1865.6719298211306,1339.8677777945366,1.5602213063787156,0.01486529916181068,0.012273473665118217,96.81095886230469
2025-12-28,bitcoin,87835.82805069163,87683.58273612522,0.00038351247,-0.001351373,0.012789364,0.027938325,-0.1351373,DOWN,0.019730966898774543,1865.6719298211306,1339.8677777945366,1.5602213063787156,0.01486529916181068,0.012273473665118217,96.81095886230469
2025-12-29,bitcoin,87138.14765569335,87721.09638950787,-0.007974889,-0.0013072044,0.010634178,0.027266484,-0.13072044,DOWN,0.01977195527260302,1865.6719298211306,1339.8677777945366,1.5602213063787156,0.01486529916181068,0.012273473665118217,96.81095886230469
2025-12-30,bitcoin,88430.12858253904,87030.52949716989,0.014718099,-0.0012357244,0.009986581,0.026934603,-0.12357244,DOWN,0.019970732425207322,1865.6719298211306,1339.8677777945366,1.5602213063787156,0.01486529916181068,0.012273473665118217,96.81095886230469
2025-12-31,bitcoin,87508.82044250797,88327.3829278322,-0.0104731,-0.0011625371,0.007602209,0.026675675,-0.11625371,DOWN,0.018234181350436595,1865.6719298211306,1339.8677777945366,1.5602213063787156,0.01486529916181068,0.012273473665118217,96.81095886230469
2026-01-01,bitcoin,88731.98518697172,87413.51738832425,0.013880734,-0.0010897422,0.010360967,0.026418032,-0.10897422,DOWN,0.014893751621911755,1865.6719298211306,1339.8677777945366,1.5602213063787156,0.01486529916181068,0.012273473665118217,96.81095886230469
2026-01-02,bitcoin,89944.69386680424,88643.59201867227,0.01357457,-0.0009966814,0.01926795,0.025958855,-0.09966814,DOWN,0.014420362423767,1865.6719298211306,1339.8677777945366,1.5602213063787156,0.01486529916181068,0.012273473665118217,96.81095886230469
2026-01-03,bitcoin,90603.18043580372,89861.7373166522,0.00729441,-0.0009227495,0.01924973,0.025775444,-0.09227495,DOWN,0.01426500525707314,1865.6719298211306,1339.8677777945366,1.5602213063787156,0.01486529916181068,0.012273473665118217,96.81095886230469
2026-01-04,bitcoin,91413.49153802544,90525.87579153478,0.008903691,-0.0008536412,0.018839875,0.02545642,-0.08536412,DOWN,0.013226953944557513,1865.6719298211306,1339.8677777945366,1.5602213063787156,0.01486529916181068,0.012273473665118217,96.81095886230469
2026-01-05,bitcoin,93882.55642227922,91341.96751308767,0.026651498,-0.00078270026,0.010523802,0.025140956,-0.078270026,DOWN,0.014053719593946601,1865.6719298211306,1339.8677777945366,1.5602213063787156,0.01486529916181068,0.012273473665118217,96.81095886230469
2026-01-06,bitcoin,93729.03291798523,93814.45335945208,-0.0016366099,-0.0007256698,0.011771029,0.02511754,-0.07256698,DOWN,0.013912606920982186,1865.6719298211306,1339.8677777945366,1.5602213063787156,0.01486529916181068,0.012273473665118217,96.81095886230469
2026-01-07,bitcoin,91308.05221306533,93664.7284985967,-0.026168969,-0.00068626273,0.004555255,0.025178902,-0.06862627,DOWN,0.014763094050162578,1865.6719298211306,1339.8677777945366,1.5602213063787156,0.01486529916181068,0.012273473665118217,96.81095886230469
2026-01-08,bitcoin,91027.12970168237,91245.16793847596,-0.0030814672,-0.00068895565,0.020059353,0.025380703,-0.06889556,DOWN,0.014158794919054007,1865.6719298211306,1339.8677777945366,1.5602213063787156,0.01486529916181068,0.012273473665118217,96.81095886230469
2026-01-09,bitcoin,90513.09991845489,90963.20554163307,-0.005662931,-0.00070242723,0.01833082,0.025558034,-0.070242725,DOWN,0.014135698111188668,1865.6719298211306,1339.8677777945366,1.5602213063787156,0.01486529916181068,0.012273473665118217,96.81095886230469
2026-01-10,bitcoin,90386.65352282394,90447.97850221628,-0.0013980467,-0.0007196567,0.021608952,0.025659991,-0.07196567,DOWN,0.014094089691817076,1865.6719298211306,1339.8677777945366,1.5602213063787156,0.01486529916181068,0.012273473665118217,96.81095886230469
2026-01-11,bitcoin,90827.46152284462,90321.8695694916,0.004865111,-0.00071696215,0.022097008,0.025469625,-0.071696214,DOWN,0.013402165890041676,1865.6719298211306,1339.8677777945366,1.5602213063787156,0.01486529916181068,0.012273473665118217,96.81095886230469
2026-01-12,bitcoin,91192.99656406045,90764.58036429947,0.0040163808,-0.0006925729,0.02298644,0.02520852,-0.06925729,DOWN,0.01341948759505498,1865.6719298211306,1339.8677777945366,1.5602213063787156,0.01486529916181068,0.012273473665118217,96.81095886230469
2026-01-13,bitcoin,95321.78505204152,91133.00572360866,0.044280287,-0.000658002,0.013058599,0.025007056,-0.0658002,DOWN,0.014976190686597035,1865.6719298211306,1339.8677777945366,1.5602213063787156,0.01486529916181068,0.012273473665118217,96.81095886230469
2026-01-14,bitcoin,96929.32770724967,95259.47091347165,0.016723799,-0.00065391604,0.0065999334,0.025336161,-0.0653916,DOWN,0.01456034403302461,1865.6719298211306,1339.8677777945366,1.5602213063787156,0.01486529916181068,0.012273473665118217,96.81095886230469
2026-01-15,bitcoin,95551.18380107824,96863.28622926492,-0.014320039,-0.00068153744,0.018411957,0.02577658,-0.06815375,DOWN,0.014726006304894644,1865.6719298211306,1339.8677777945366,1.5602213063787156,0.01486529916181068,0.012273473665118217,96.81095886230469
2026-01-16,bitcoin,95525.11444137245,95480.96451772004,-0.00027287856,-0.00073524425,0.021544144,0.02619961,-0.07352442,DOWN,0.014131186354899057,1865.6719298211306,1339.8677777945366,1.5602213063787156,0.01486529916181068,0.012273473665118217,96.81095886230469
2026-01-17,bitcoin,95099.92002121639,95450.98468388431,-0.0044610724,-0.00077639706,0.022225536,0.026319927,-0.07763971,DOWN,0.014048401196407346,1865.6719298211306,1339.8677777945366,1.5602213063787156,0.01486529916181068,0.012273473665118217,96.81095886230469
2026-01-18,bitcoin,93634.43150390405,95024.75892996415,-0.015529993,-0.0007906584,0.022774445,0.026143957,-0.079065844,DOWN,0.013485230784790492,1865.6719298211306,1339.8677777945366,1.5602213063787156,0.01486529916181068,0.012273473665118217,96.81095886230469
2026-01-19,bitcoin,92553.59297882672,93559.77760389447,-0.011610286,-0.00079762214,0.022797871,0.025983723,-0.07976221,DOWN,0.013712780145643312,1865.6719298211306,1339.8677777945366,1.5602213063787156,0.01486529916181068,0.012273473665118217,96.81095886230469
2026-01-20,bitcoin,88310.90712034144,92476.99542467482,-0.04692426,-0.00082790526,0.015171264,0.026091846,-0.082790524,DOWN,0.016215771673209464,1865.6719298211306,1339.8677777945366,1.5602213063787156,0.01486529916181068,0.012273473665118217,96.81095886230469
2026-01-21,bitcoin,89376.95049710199,88231.64485011622,0.011999329,-0.0008978795,0.017323907,0.026449172,-0.089787945,DOWN,0.016360909014286898,1865.6719298211306,1339.8677777945366,1.5602213063787156,0.01486529916181068,0.012273473665118217,96.81095886230469
2026-01-22,bitcoin,89462.45315916091,89290.71756907599,0.0009560777,-0.0009654199,0.018140247,0.026833775,-0.09654199,DOWN,0.016186311243699243,1865.6719298211306,1339.8677777945366,1.5602213063787156,0.01486529916181068,0.012273473665118217,96.81095886230469
2026-01-23,bitcoin,89503.8750352785,89371.24280377012,0.0004629013,-0.0010200765,0.018149385,0.027019652,-0.10200764,DOWN,0.01618441251793441,1865.6719298211306,1339.8677777945366,1.5602213063787156,0.01486529916181068,0.012273473665118217,96.81095886230469
2026-01-24,bitcoin,89110.73947879672,89409.554910779,-0.004402118,-0.0010542844,0.029936794,0.02715044,-0.10542844,DOWN,0.016185372587305145,1865.6719298211306,1339.8677777945366,1.5602213063787156,0.01486529916181068,0.012273473665118217,96.81095886230469
2026-01-25,bitcoin,86572.21857212484,89014.53936205711,-0.02890084,-0.001080038,0.028111942,0.027067313,-0.1080038,DOWN,0.017047963502689643,1865.6719298211306,1339.8677777945366,1.5602213063787156,0.01486529916181068,0.012273473665118217,96.81095886230469
2026-01-26,bitcoin,88267.1382410489,86476.9477065336,0.01938894,-0.0011011197,0.034838196,0.027206944,-0.11011197,DOWN,0.017396215297787964,1865.6719298211306,1339.8677777945366,1.5602213063787156,0.01486529916181068,0.012273473665118217,96.81095886230469
2026-01-27,bitcoin,89102.56622803956,88169.03104362637,0.009420278,-0.0011120858,0.030046096,0.027580183,-0.11120857,DOWN,0.017476139414940858,1865.6719298211306,1339.8677777945366,1.5602213063787156,0.01486529916181068,0.012273473665118217,96.81095886230469
2026-01-28,bitcoin,89184.57102618366,89000.56864753831,0.00091986445,-0.0011454215,0.036199506,0.027813913,-0.11454216,DOWN,0.017401047994320542,1865.6719298211306,1339.8677777945366,1.5602213063787156,0.01486529916181068,0.012273473665118217,96.81095886230469
2026-01-29,bitcoin,84561.5870639449,89078.87065433897,-0.05322795,-0.0011858924,0.033992507,0.027971948,-0.11858924,DOWN,0.019672203861804335,1865.6719298211306,1339.8677777945366,1.5602213063787156,0.01486529916181068,0.012273473665118217,96.81095886230469
2026-01-30,bitcoin,84128.65252208104,84460.6193832457,-0.0051328475,-0.0011947029,0.03283096,0.02855797,-0.11947029,DOWN,0.019611216920708958,1865.6719298211306,1339.8677777945366,1.5602213063787156,0.01486529916181068,0.012273473665118217,96.81095886230469
2026-01-31,bitcoin,78621.11582873017,84032.47391822748,-0.06770692,-0.0011438527,0.06462732,0.029175576,-0.11438527,DOWN,0.02263252120115431,1865.6719298211306,1339.8677777945366,1.5602213063787156,0.01486529916181068,0.012273473665118217,96.81095886230469
2026-02-01,bitcoin,76974.44844780676,78538.83248682646,-0.021166842,-0.0010471814,0.09862104,0.029872147,-0.10471814,DOWN,0.022594993053343334,1865.6719298211306,1339.8677777945366,1.5602213063787156,0.01486529916181068,0.012273473665118217,96.81095886230469
2026-02-02,bitcoin,78688.76439207885,76899.13731471542,0.02202691,-0.0009787467,0.09621015,0.030477416,-0.09787467,DOWN,0.02303501511271698,1865.6719298211306,1339.8677777945366,1.5602213063787156,0.01486529916181068,0.012273473665118217,96.81095886230469
2026-02-03,bitcoin,75633.54959239624,78619.56148905773,-0.03960047,-0.00087991497,0.09722827,0.031124033,-0.0879915,DOWN,0.023719720076756975,1865.6719298211306,1339.8677777945366,1.5602213063787156,0.01486529916181068,0.012273473665118217,96.81095886230469
2026-02-04,bitcoin,73019.70372128207,75573.87752184644,-0.03517062,-0.0007892281,0.096613444,0.03163873,-0.078922816,DOWN,0.023425027210603844,1865.6719298211306,1339.8677777945366,1.5602213063787156,0.01486529916181068,0.012273473665118217,96.81095886230469
2026-02-05,bitcoin,62702.09576468263,72966.3568188427,-0.15233442,-0.0007308766,0.0572376,0.032019038,-0.073087655,DOWN,0.03371829013922211,1865.6719298211306,1339.8677777945366,1.5602213063787156,0.01486529916181068,0.012273473665118217,96.81095886230469
2026-02-06,bitcoin,70555.3922327673,62676.07084655296,0.11800318,-0.000415197,0.01632965,0.033234723,-0.041519698,DOWN,0.04196702087715328,1865.6719298211306,1339.8677777945366,1.5602213063787156,0.01486529916181068,0.012273473665118217,96.81095886230469
2026-02-07,bitcoin,69281.96990353987,70564.09586302005,-0.018213404,0.00012341177,0.015792562,0.03539115,0.012341177,UP,0.0419992477794821,1865.6719298211306,1339.8677777945366,1.5602213063787156,0.01486529916181068,0.012273473665118217,96.81095886230469
2026-02-08,bitcoin,70264.73013609648,69317.226652693,0.014085236,0.00050883903,0.025735138,0.037377678,0.050883904,UP,0.04219629196720685,1865.6719298211306,1339.8677777945366,1.5602213063787156,0.01486529916181068,0.012273473665118217,96.81095886230469
2026-02-09,bitcoin,70120.78142571729,70317.798217237,-0.0020507155,0.00075503055,0.026897917,0.038946666,0.07550305,UP,0.04219319388607936,1865.6719298211306,1339.8677777945366,1.5602213063787156,0.01486529916181068,0.012273473665118217,96.81095886230469
2026-02-10,bitcoin,68793.96201769821,70185.21279595792,-0.01910324,0.0009184691,0.02614402,0.040176097,0.09184691,UP,0.04217517384007531,1865.6719298211306,1339.8677777945366,1.5602213063787156,0.01486529916181068,0.012273473665118217,96.81095886230469
2026-02-11,bitcoin,66991.96944764396,68862.86472461186,-0.026543222,0.0010010668,0.021688335,0.040990397,0.10010668,UP,0.04223037573761525,1865.6719298211306,1339.8677777945366,1.5602213063787156,0.01486529916181068,0.012273473665118217,96.81095886230469
2026-02-12,bitcoin,66221.84055776149,67062.82111868262,-0.011562368,0.0010570313,0.023535116,0.041559704,0.10570313,UP,0.04095063384234206,1865.6719298211306,1339.8677777945366,1.5602213063787156,0.01486529916181068,0.012273473665118217,96.81095886230469
2026-02-13,bitcoin,68857.83943749592,66284.00314494222,0.03903377,0.00093825755,0.013788955,0.041297678,0.09382576,UP,0.04170097233446954,1865.6719298211306,1339.8677777945366,1.5602213063787156,0.01486529916181068,0.012273473665118217,96.81095886230469
2026-02-14,bitcoin,69767.62404420227,68901.25847811624,0.013125934,0.0006302638,0.01196462,0.040059593,0.06302638,UP,0.0419163619910566,1865.6719298211306,1339.8677777945366,1.5602213063787156,0.01486529916181068,0.012273473665118217,96.81095886230469
2026-02-15,bitcoin,68788.18781679869,69789.36550471187,-0.01413804,0.0003114784,0.015212752,0.03856659,0.03114784,UP,0.04188645767084662,1865.6719298211306,1339.8677777945366,1.5602213063787156,0.01486529916181068,0.012273473665118217,96.81095886230469
2026-02-16,bitcoin,68843.153380014,68792.10719127953,0.00079878245,5.6925463e-05,0.015175396,0.037186034,0.0056925463,UP,0.041921502104073784,1865.6719298211306,1339.8677777945366,1.5602213063787156,0.01486529916181068,0.012273473665118217,96.81095886230469
2026-02-17,bitcoin,67494.21788367815,68833.50101598166,-0.019788874,-0.00014021678,0.012085637,0.03598041,-0.014021678,DOWN,0.04194759208108296,1865.6719298211306,1339.8677777945366,1.5602213063787156,0.01486529916181068,0.012273473665118217,96.81095886230469
2026-02-18,bitcoin,66425.31590450555,67475.34297976643,-0.015963633,-0.00027972192,0.023955,0.034991365,-0.027972192,DOWN,0.04196039959529305,1865.6719298211306,1339.8677777945366,1.5602213063787156,0.01486529916181068,0.012273473665118217,96.81095886230469
2026-02-19,bitcoin,66957.52372195758,66399.77122306963,0.007980126,-0.0003846921,0.022736348,0.03416267,-0.03846921,DOWN,0.04152983214035268,1865.6719298211306,1339.8677777945366,1.5602213063787156,0.01486529916181068,0.012273473665118217,96.81095886230469
2026-02-20,bitcoin,68005.41893451754,66926.62926596822,0.0155289965,-0.00046142074,0.037644606,0.033446237,-0.046142075,DOWN,0.04159556176900133,1865.6719298211306,1339.8677777945366,1.5602213063787156,0.01486529916181068,0.012273473665118217,96.81095886230469
2026-02-21,bitcoin,68003.76401844341,67970.24207780045,-2.4355017e-05,-0.0005174561,0.037786555,0.032862134,-0.05174561,DOWN,0.041588486248400745,1865.6719298211306,1339.8677777945366,1.5602213063787156,0.01486529916181068,0.012273473665118217,96.81095886230469
2026-02-22,bitcoin,67659.38978032675,67961.72032613587,-0.0050769234,-0.00061844755,0.039092753,0.03218108,-0.061844755,DOWN,0.04156078641255544,1865.6719298211306,1339.8677777945366,1.5602213063787156,0.01486529916181068,0.012273473665118217,96.81095886230469
2026-02-23,bitcoin,64616.737357473,67611.12590771914,-0.046012677,-0.0007135405,0.032238528,0.031532507,-0.07135405,DOWN,0.042081717071976006,1865.6719298211306,1339.8677777945366,1.5602213063787156,0.01486529916181068,0.012273473665118217,96.81095886230469
2026-02-24,bitcoin,64080.04534923937,64572.51199211576,-0.008340511,-0.0006847186,0.033829957,0.031327106,-0.068471864,DOWN,0.0419335277298954,1865.6719298211306,1339.8677777945366,1.5602213063787156,0.01486529916181068,0.012273473665118217,96.81095886230469
2026-02-25,bitcoin,67960.12612740183,64038.45277953823,0.05878816,-0.000649221,0.02856812,0.031223143,-0.0649221,DOWN,0.043536837472673444,1865.6719298211306,1339.8677777945366,1.5602213063787156,0.01486529916181068,0.012273473665118217,96.81095886230469
2026-02-26,bitcoin,67453.77856057137,67925.19547665864,-0.0074786106,-0.00051407143,0.028530564,0.03152019,-0.051407143,DOWN,0.04341557856589181,1865.6719298211306,1339.8677777945366,1.5602213063787156,0.01486529916181068,0.012273473665118217,96.81095886230469
2026-02-27,bitcoin,65881.79548791284,67426.8960059029,-0.023580346,-0.00039850594,0.0343247,0.031870414,-0.039850593,DOWN,0.04346317935229407,1865.6719298211306,1339.8677777945366,1.5602213063787156,0.01486529916181068,0.012273473665118217,96.81095886230469
2026-02-28,bitcoin,66995.8630764857,65860.74104578234,0.016768638,-0.00031970674,0.04010127,0.03218543,-0.031970672,DOWN,0.04294255146346278,1865.6719298211306,1339.8677777945366,1.5602213063787156,0.01486529916181068,0.012273473665118217,96.81095886230469
2026-03-01,bitcoin,65738.10088709928,66978.10132821556,-0.018952128,-0.00026504486,0.04459447,0.032436866,-0.026504487,DOWN,0.042996134080838966,1865.6719298211306,1339.8677777945366,1.5602213063787156,0.01486529916181068,0.012273473665118217,96.81095886230469
2026-03-02,bitcoin,68775.85472433362,65722.61253765365,0.045174003,-0.00023560575,0.039483964,0.032611735,-0.023560576,DOWN,0.04261785111598462,1865.6719298211306,1339.8677777945366,1.5602213063787156,0.01486529916181068,0.012273473665118217,96.81095886230469
2026-03-03,bitcoin,68293.64382199664,68762.09820902394,-0.0070359213,-0.00019997673,0.0400838,0.032775957,-0.019997673,DOWN,0.04249763584102253,1865.6719298211306,1339.8677777945366,1.5602213063787156,0.01486529916181068,0.012273473665118217,96.81095886230469
2026-03-04,bitcoin,72710.57904577069,68280.13805418229,0.06267011,-0.00019784307,0.028740663,0.032823462,-0.019784307,DOWN,0.04404741430452856,1865.6719298211306,1339.8677777945366,1.5602213063787156,0.01486529916181068,0.012273473665118217,96.81095886230469
2026-03-05,bitcoin,70841.1251211008,72700.64918717835,-0.026047187,-0.00013661373,0.030918984,0.033028126,-0.013661373,DOWN,0.04372998680597304,1865.6719298211306,1339.8677777945366,1.5602213063787156,0.01486529916181068,0.012273473665118217,96.81095886230469
2026-03-06,bitcoin,68136.49574799836,70832.50273649395,-0.038926765,-0.0001216816,0.023341283,0.033129357,-0.01216816,DOWN,0.043829945244875296,1865.6719298211306,1339.8677777945366,1.5602213063787156,0.01486529916181068,0.012273473665118217,96.81095886230469
2026-03-07,bitcoin,67272.59497066448,68127.93513077265,-0.012760003,-0.00012560212,0.021063607,0.033160266,-0.012560212,DOWN,0.035089281205809744,1865.6719298211306,1339.8677777945366,1.5602213063787156,0.01486529916181068,0.012273473665118217,96.81095886230469
2026-03-08,bitcoin,65969.7789261397,67257.81778788753,-0.019556152,-0.00021973345,0.014211787,0.032840032,-0.021973345,DOWN,0.026614770809518528,1865.6719298211306,1339.8677777945366,1.5602213063787156,0.01486529916181068,0.012273473665118217,96.81095886230469
2026-03-09,bitcoin,68402.37824167684,65947.14018723741,0.036210883,-0.00034323777,0.007919403,0.03231996,-0.034323778,DOWN,0.027344669099799195,1865.6719298211306,1339.8677777945366,1.5602213063787156,0.01486529916181068,0.012273473665118217,96.81095886230469
2026-03-10,bitcoin,69926.92456008866,68373.61479680985,0.022043062,-0.00042063184,0.007847069,0.031860508,-0.042063184,DOWN,0.02752971398851213,1865.6719298211306,1339.8677777945366,1.5602213063787156,0.01486529916181068,0.012273473665118217,96.81095886230469
2026-03-11,bitcoin,70204.88375019096,69895.07442128379,0.003967141,-0.00045552733,0.011347186,0.03153495,-0.045552734,DOWN,0.02753470985188973,1865.6719298211306,1339.8677777945366,1.5602213063787156,0.01486529916181068,0.012273473665118217,96.81095886230469
2026-03-12,bitcoin,70493.4568600962,70167.69483127864,0.0041020885,-0.0005298271,0.016054267,0.03100587,-0.05298271,DOWN,0.027297423689671356,1865.6719298211306,1339.8677777945366,1.5602213063787156,0.01486529916181068,0.012273473665118217,96.81095886230469
2026-03-13,bitcoin,70968.26570086833,70450.54018691322,0.0067128614,-0.0006091313,0.026431466,0.030401453,-0.06091313,DOWN,0.026817020746287987,1865.6719298211306,1339.8677777945366,1.5602213063787156,0.01486529916181068,0.012273473665118217,96.81095886230469
2026-03-14,bitcoin,71214.62305343151,70923.60488102026,0.0034653905,-0.0006295829,0.027722083,0.029810945,-0.06295829,DOWN,0.02669108136333873,1865.6719298211306,1339.8677777945366,1.5602213063787156,0.01486529916181068,0.012273473665118217,96.81095886230469
2026-03-15,bitcoin,72789.90940782428,71171.7151009962,0.021879198,-0.0006027098,0.02519216,0.028783007,-0.060270984,DOWN,0.02603195773553091,1865.6719298211306,1339.8677777945366,1.5602213063787156,0.01486529916181068,0.012273473665118217,96.81095886230469
2026-03-16,bitcoin,74861.09170931485,72747.65593320318,0.028056806,-0.0005807765,0.017022159,0.027650172,-0.05807765,DOWN,0.02640089340200871,1865.6719298211306,1339.8677777945366,1.5602213063787156,0.01486529916181068,0.012273473665118217,96.81095886230469
2026-03-17,bitcoin,73922.48091810197,74828.26296209358,-0.012617279,-0.0004385278,0.017017484,0.026695367,-0.04385278,DOWN,0.026369521121307696,1865.6719298211306,1339.8677777945366,1.5602213063787156,0.01486529916181068,0.012273473665118217,96.81095886230469
2026-03-18,bitcoin,71245.58062155358,73902.6269785813,-0.036884177,-0.00026848132,0.028388798,0.02595201,-0.026848132,DOWN,0.027312130359550307,1865.6719298211306,1339.8677777945366,1.5602213063787156,0.01486529916181068,0.012273473665118217,96.81095886230469
2026-03-19,bitcoin,69912.79295405559,71232.68554644659,-0.018884161,-0.00018104503,0.026870418,0.025766954,-0.018104503,DOWN,0.027288967087372974,1865.6719298211306,1339.8677777945366,1.5602213063787156,0.01486529916181068,0.012273473665118217,96.81095886230469
2026-03-20,bitcoin,70522.58975292742,69902.54209731193,0.008684432,-0.00014662254,0.027053675,0.025849693,-0.014662254,DOWN,0.027117847695216316,1865.6719298211306,1339.8677777945366,1.5602213063787156,0.01486529916181068,0.012273473665118217,96.81095886230469
2026-03-21,bitcoin,68711.5235044607,70513.91417129105,-0.026016107,-0.00012292899,0.029865362,0.025951348,-0.012292899,DOWN,0.02756915143689285,1865.6719298211306,1339.8677777945366,1.5602213063787156,0.01486529916181068,0.012273473665118217,96.81095886230469
2026-03-22,bitcoin,67845.21321614739,68703.9344279212,-0.012688121,-0.0001104431,0.034003004,0.025976684,-0.01104431,DOWN,0.027542049833553805,1865.6719298211306,1339.8677777945366,1.5602213063787156,0.01486529916181068,0.012273473665118217,96.81095886230469
2026-03-23,bitcoin,70914.85481696483,67838.93482068926,0.044251192,-9.244005e-05,0.02162179,0.02596318,-0.009244005,DOWN,0.028738697809618984,1865.6719298211306,1339.8677777945366,1.5602213063787156,0.01486529916181068,0.012273473665118217,96.81095886230469
2026-03-24,bitcoin,70517.86469946988,70907.79630029108,-0.005613992,-9.959808e-05,0.021630704,0.026393177,-0.009959808,DOWN,0.0287432579830865,1865.6719298211306,1339.8677777945366,1.5602213063787156,0.01486529916181068,0.012273473665118217,96.81095886230469
2026-03-25,bitcoin,71309.88364848308,70507.49430363066,0.011168925,-0.0001470166,0.021612631,0.026881766,-0.014701661,DOWN,0.027391234425692086,1865.6719298211306,1339.8677777945366,1.5602213063787156,0.01486529916181068,0.012273473665118217,96.81095886230469
2026-03-26,bitcoin,68791.62268345244,71295.9755029343,-0.03595292,-0.0001949796,0.022257676,0.027124068,-0.01949796,DOWN,0.028228732505979494,1865.6719298211306,1339.8677777945366,1.5602213063787156,0.01486529916181068,0.012273473665118217,96.81095886230469
2026-03-27,bitcoin,66338.37018433958,68774.21102432162,-0.036313474,-0.000253184,0.011697106,0.0274072,-0.0253184,DOWN,0.026867886222170075,1865.6719298211306,1339.8677777945366,1.5602213063787156,0.01486529916181068,0.012273473665118217,96.81095886230469
2026-03-28,bitcoin,66319.69199431688,66318.27248129249,-0.0002816217,-0.00030310277,0.015633935,0.027741674,-0.030310277,DOWN,0.026835418690216245,1865.6719298211306,1339.8677777945366,1.5602213063787156,0.01486529916181068,0.012273473665118217,96.81095886230469
2026-03-29,bitcoin,65954.92784903338,66296.2265778142,-0.0055154096,-0.00035402866,0.015158183,0.027786206,-0.035402864,DOWN,0.02650209813560659,1865.6719298211306,1339.8677777945366,1.5602213063787156,0.01486529916181068,0.012273473665118217,96.81095886230469
2026-03-30,bitcoin,66691.45160871558,65928.80285138264,0.011105183,-0.00039616146,0.014591238,0.027735993,-0.039616145,DOWN,0.026399071873730653,1865.6719298211306,1339.8677777945366,1.5602213063787156,0.01486529916181068,0.012273473665118217,96.81095886230469
2026-03-31,bitcoin,68233.31482218578,66662.51041469397,0.02285621,-0.0004340089,0.015310668,0.027571676,-0.04340089,DOWN,0.02646971617121641,1865.6719298211306,1339.8677777945366,1.5602213063787156,0.01486529916181068,0.012273473665118217,96.81095886230469
2026-04-01,bitcoin,68078.55823243037,68202.53734185174,-0.0022706443,-0.0004511003,0.015275942,0.02751658,-0.04511003,DOWN,0.02509514127196537,1865.6719298211306,1339.8677777945366,1.5602213063787156,0.01486529916181068,0.012273473665118217,96.81095886230469
2026-04-02,bitcoin,66888.56482579373,68047.17573503265,-0.017634152,-0.00046099233,0.019389842,0.027378196,-0.046099234,DOWN,0.025267640869886983,1865.6719298211306,1339.8677777945366,1.5602213063787156,0.01486529916181068,0.012273473665118217,96.81095886230469
2026-04-03,bitcoin,66931.10223603807,66858.24618328828,0.0006356502,-0.00045349775,0.022114689,0.02714999,-0.045349777,DOWN,0.022086372959793533,1865.6719298211306,1339.8677777945366,1.5602213063787156,0.01486529916181068,0.012273473665118217,96.81095886230469
2026-04-04,bitcoin,67290.5149956923,66905.27415755298,0.0053555444,-0.0003860012,0.021892793,0.026388284,-0.03860012,DOWN,0.021686427592079675,1865.6719298211306,1339.8677777945366,1.5602213063787156,0.01486529916181068,0.012273473665118217,96.81095886230469
2026-04-05,bitcoin,68981.89753253013,67273.2289594207,0.024824828,-0.00025689206,0.021073306,0.025414938,-0.025689207,DOWN,0.021064219882291634,1865.6719298211306,1339.8677777945366,1.5602213063787156,0.01486529916181068,0.012273473665118217,96.81095886230469
2026-04-06,bitcoin,68859.82791145379,68973.35855799587,-0.0017711669,-0.000123773,0.02067349,0.024585994,-0.0123773,DOWN,0.020920295311211676,1865.6719298211306,1339.8677777945366,1.5602213063787156,0.01486529916181068,0.012273473665118217,96.81095886230469
2026-04-07,bitcoin,71940.70448880084,68855.80584671721,0.04376925,-5.8449223e-05,0.019116916,0.024135942,-0.0058449223,DOWN,0.0220149157727515,1865.6719298211306,1339.8677777945366,1.5602213063787156,0.01486529916181068,0.012273473665118217,96.81095886230469
2026-04-08,bitcoin,71123.36314658169,71941.95522101596,-0.011426386,1.7463812e-05,0.030005628,0.024113953,0.0017463812,UP,0.02121190066793634,1865.6719298211306,1339.8677777945366,1.5602213063787156,0.01486529916181068,0.012273473665118217,96.81095886230469
2026-04-09,bitcoin,71767.82358997501,71127.90388591588,0.009020475,6.384053e-05,0.030594971,0.024313826,0.0063840533,UP,0.020900489476129512,1865.6719298211306,1339.8677777945366,1.5602213063787156,0.01486529916181068,0.012273473665118217,96.81095886230469
2026-04-10,bitcoin,72979.04060878046,71775.1515403837,0.016736072,0.00010206469,0.030128345,0.02438071,0.010206468,UP,0.021094016888111692,1865.6719298211306,1339.8677777945366,1.5602213063787156,0.01486529916181068,0.012273473665118217,96.81095886230469
2026-04-11,bitcoin,73054.27387551405,72990.75677932426,0.0010302658,0.00016051251,0.030054407,0.024294142,0.016051251,UP,0.021088403941547113,1865.6719298211306,1339.8677777945366,1.5602213063787156,0.01486529916181068,0.012273473665118217,96.81095886230469
2026-04-12,bitcoin,70753.40478912182,73070.02756269556,-0.03200196,0.00021567324,0.021989487,0.024021035,0.021567324,UP,0.021894864073295696,1865.6719298211306,1339.8677777945366,1.5602213063787156,0.01486529916181068,0.012273473665118217,96.81095886230469
2026-04-13,bitcoin,74484.63568681106,70772.34162009135,0.05139226,0.00026757445,0.016294742,0.023994787,0.026757445,UP,0.023908913038710233,1865.6719298211306,1339.8677777945366,1.5602213063787156,0.01486529916181068,0.012273473665118217,96.81095886230469
2026-04-14,bitcoin,74181.60920247436,74509.86660576053,-0.004076671,0.00033869979,0.020744681,0.024554962,0.033869978,UP,0.023616666573227984,1865.6719298211306,1339.8677777945366,1.5602213063787156,0.01486529916181068,0.012273473665118217,96.81095886230469
2026-04-15,bitcoin,74805.08590261638,74205.45931535773,0.008369505,0.00032143306,0.024188811,0.025227727,0.032143306,UP,0.023087784946756663,1865.6719298211306,1339.8677777945366,1.5602213063787156,0.01486529916181068,0.012273473665118217,96.81095886230469
2026-04-16,bitcoin,75152.12784176692,74824.46468351409,0.0046287244,0.00025916658,0.02423164,0.025634773,0.025916658,UP,0.022972905231105085,1865.6719298211306,1339.8677777945366,1.5602213063787156,0.01486529916181068,0.012273473665118217,96.81095886230469
2026-04-17,bitcoin,77126.87447679788,75168.72457003221,0.025937296,0.00022079318,0.023775747,0.02586244,0.022079319,UP,0.02232472546197926,1865.6719298211306,1339.8677777945366,1.5602213063787156,0.01486529916181068,0.012273473665118217,96.81095886230469
2026-04-18,bitcoin,75726.21069099754,77142.01791323721,-0.018327447,0.00019631896,0.02089385,0.026119612,0.019631896,UP,0.02230671500631257,1865.6719298211306,1339.8677777945366,1.5602213063787156,0.01486529916181068,0.012273473665118217,96.81095886230469
2026-04-19,bitcoin,73856.34782045614,75739.18312133756,-0.025002338,0.00017132307,0.01577729,0.026124582,0.017132308,UP,0.02283421695888765,1865.6719298211306,1339.8677777945366,1.5602213063787156,0.01486529916181068,0.012273473665118217,96.81095886230469
2026-04-20,bitcoin,75872.52432188485,73867.10168996546,0.026932597,0.00014554255,0.012494016,0.026052665,0.014554255,UP,0.022684512999336097,1865.6719298211306,1339.8677777945366,1.5602213063787156,0.01486529916181068,0.012273473665118217,96.81095886230469
2026-04-21,bitcoin,76352.779428659,75883.76601155195,0.0063097477,0.00014812918,0.013129428,0.025790209,0.014812918,UP,0.022481758250769732,1865.6719298211306,1339.8677777945366,1.5602213063787156,0.01486529916181068,0.012273473665118217,96.81095886230469
2026-04-22,bitcoin,78203.10175887775,76365.32504016999,0.023944952,0.00016435853,0.0116593,0.025448034,0.016435852,UP,0.02146281587050703,1865.6719298211306,1339.8677777945366,1.5602213063787156,0.01486529916181068,0.012273473665118217,96.81095886230469
2026-04-23,bitcoin,78268.95595806092,78217.78455698024,0.00084170385,0.00018779887,0.012427404,0.02523587,0.018779887,UP,0.0214009194140133,1865.6719298211306,1339.8677777945366,1.5602213063787156,0.01486529916181068,0.012273473665118217,96.81095886230469
2026-04-24,bitcoin,77455.3107836442,78284.21763698012,-0.010449856,0.00019491673,0.012172592,0.025026353,0.019491673,UP,0.02150257311315326,1865.6719298211306,1339.8677777945366,1.5602213063787156,0.01486529916181068,0.012273473665118217,96.81095886230469
2026-04-25,bitcoin,77612.01240878552,77470.05822826177,0.0020210985,0.0001902905,0.012992111,0.024741255,0.019029051,UP,0.02025384434019598,1865.6719298211306,1339.8677777945366,1.5602213063787156,0.01486529916181068,0.012273473665118217,96.81095886230469
2026-04-26,bitcoin,78657.5369097814,77627.3278062176,0.013381225,0.00019725086,0.016848821,0.024204528,0.019725086,UP,0.018855395004390756,1865.6719298211306,1339.8677777945366,1.5602213063787156,0.01486529916181068,0.012273473665118217,96.81095886230469
2026-04-27,bitcoin,77366.62873294204,78674.6984406095,-0.016547995,0.00021809991,0.01459105,0.023453489,0.021809991,UP,0.019262276742937758,1865.6719298211306,1339.8677777945366,1.5602213063787156,0.01486529916181068,0.012273473665118217,96.81095886230469
2026-04-28,bitcoin,76350.67138447613,77383.53042979538,-0.013218654,0.00021842401,0.011982291,0.022936912,0.021842401,UP,0.019459565721598494,1865.6719298211306,1339.8677777945366,1.5602213063787156,0.01486529916181068,0.012273473665118217,96.81095886230469
2026-04-29,bitcoin,75776.13102307636,76364.00587919913,-0.007553459,0.00017461518,0.009993283,0.02255064,0.017461518,UP,0.019556684159624256,1865.6719298211306,1339.8677777945366,1.5602213063787156,0.01486529916181068,0.012273473665118217,96.81095886230469
2026-04-30,bitcoin,76304.32319138199,75786.11451944802,0.0069461865,0.00013167039,0.00986107,0.022262463,0.013167039,UP,0.019244819605757687,1865.6719298211306,1339.8677777945366,1.5602213063787156,0.01486529916181068,0.012273473665118217,96.81095886230469
2026-05-01,bitcoin,78179.00741185248,76310.5784869641,0.024271509,8.194987e-05,0.0070408457,0.021950077,0.008194987,UP,0.019568706923824248,1865.6719298211306,1339.8677777945366,1.5602213063787156,0.01486529916181068,0.012273473665118217,96.81095886230469
2026-05-02,bitcoin,78657.24782896042,78184.87138772011,0.006098737,7.513596e-05,0.013627795,0.021906776,0.007513596,UP,0.019110970926406283,1865.6719298211306,1339.8677777945366,1.5602213063787156,0.01486529916181068,0.012273473665118217,96.81095886230469
2026-05-03,bitcoin,78538.22717727721,78661.16945010424,-0.001514337,4.981563e-05,0.013391167,0.021759508,0.004981563,UP,0.01913420138646673,1865.6719298211306,1339.8677777945366,1.5602213063787156,0.01486529916181068,0.012273473665118217,96.81095886230469
2026-05-04,bitcoin,79827.899672837,78541.40044531878,0.016287677,4.0396815e-05,0.011745663,0.021591062,0.0040396815,UP,0.019237311021938677,1865.6719298211306,1339.8677777945366,1.5602213063787156,0.01486529916181068,0.012273473665118217,96.81095886230469
2026-05-05,bitcoin,80927.0496153459,79834.843580205,0.013675044,8.695014e-05,0.012947373,0.021749193,0.008695014,UP,0.018955024565973307,1865.6719298211306,1339.8677777945366,1.5602213063787156,0.01486529916181068,0.012273473665118217,96.81095886230469
2026-05-06,bitcoin,81427.53507030942,80935.45744808111,0.0061652483,0.00010383723,0.013220383,0.021813946,0.010383723,UP,0.018905259296327245,1865.6719298211306,1339.8677777945366,1.5602213063787156,0.01486529916181068,0.012273473665118217,96.81095886230469
2026-05-07,bitcoin,80009.99601831473,81435.2094222568,-0.01756191,9.429047e-05,0.012494851,0.021793423,0.009429047,UP,0.017864600085966083,1865.6719298211306,1339.8677777945366,1.5602213063787156,0.01486529916181068,0.012273473665118217,96.81095886230469
2026-05-08,bitcoin,80186.758724357,80016.23953448329,0.0022069549,7.8087905e-05,0.014371944,0.021830678,0.0078087905,UP,0.017640402983336783,1865.6719298211306,1339.8677777945366,1.5602213063787156,0.01486529916181068,0.012273473665118217,96.81095886230469
2026-05-09,bitcoin,80664.37186881155,80190.8664391581,0.005938447,5.1023788e-05,0.018043224,0.021754378,0.005102379,UP,0.017619722603692572,1865.6719298211306,1339.8677777945366,1.5602213063787156,0.01486529916181068,0.012273473665118217,96.81095886230469
2026-05-10,bitcoin,82138.93341478519,80664.64604981523,0.018115146,3.4405384e-06,0.018048558,0.021495223,0.00034405384,UP,0.017656768685663727,1865.6719298211306,1339.8677777945366,1.5602213063787156,0.01486529916181068,0.012273473665118217,96.81095886230469
2026-05-11,bitcoin,81728.29418107215,82137.50009587593,-0.005011786,-1.742458e-05,0.018061412,0.021313967,-0.001742458,DOWN,0.017727079398186688,1865.6719298211306,1339.8677777945366,1.5602213063787156,0.01486529916181068,0.012273473665118217,96.81095886230469
2026-05-12,bitcoin,80477.49055079184,81726.9864721382,-0.0154227475,-1.6044825e-05,0.017716128,0.021231312,-0.0016044825,DOWN,0.016836485999104204,1865.6719298211306,1339.8677777945366,1.5602213063787156,0.01486529916181068,0.012273473665118217,96.81095886230469
2026-05-13,bitcoin,79277.11847368022,80476.83502147021,-0.015028019,-8.108909e-06,0.017239358,0.021217983,-0.0008108909,DOWN,0.014514911045642705,1865.6719298211306,1339.8677777945366,1.5602213063787156,0.01486529916181068,0.012273473665118217,96.81095886230469
2026-05-14,bitcoin,81051.24411991332,79276.62575792149,0.022132145,-6.2764157e-06,0.00849152,0.02123152,-0.00062764157,DOWN,0.014919683797853231,1865.6719298211306,1339.8677777945366,1.5602213063787156,0.01486529916181068,0.012273473665118217,96.81095886230469
2026-05-15,bitcoin,79065.67694932222,81053.25970888138,-0.024802778,2.480112e-05,0.00817428,0.021397373,0.002480112,UP,0.015702343691476533,1865.6719298211306,1339.8677777945366,1.5602213063787156,0.01486529916181068,0.012273473665118217,96.81095886230469
2026-05-16,bitcoin,78131.44236972509,79069.22362417728,-0.011886391,4.476146e-05,0.0070699966,0.021744361,0.004476146,UP,0.015892041467356992,1865.6719298211306,1339.8677777945366,1.5602213063787156,0.01486529916181068,0.012273473665118217,96.81095886230469
2026-05-17,bitcoin,77429.34869590402,78134.11993002892,-0.009026577,3.4278142e-05,0.013413613,0.022038376,0.0034278142,UP,0.015282444798955378,1865.6719298211306,1339.8677777945366,1.5602213063787156,0.01486529916181068,0.012273473665118217,96.81095886230469
2026-05-18,bitcoin,76954.17120681843,77428.40545695601,-0.006155854,-1.22748315e-05,0.01620734,0.022137184,-0.0012274832,DOWN,0.014936914421438458,1865.6719298211306,1339.8677777945366,1.5602213063787156,0.01486529916181068,0.012273473665118217,96.81095886230469
2026-05-19,bitcoin,76750.90209050104,76950.99320452753,-0.0026448804,-4.1279825e-05,0.01628375,0.02235325,-0.0041279825,DOWN,0.014170009207935621,1865.6719298211306,1339.8677777945366,1.5602213063787156,0.01486529916181068,0.012273473665118217,96.81095886230469
2026-05-20,bitcoin,77457.77221811563,76743.32137998566,0.009167735,-9.888096e-05,0.01575071,0.022447038,-0.009888096,DOWN,0.013392585435702162,1865.6719298211306,1339.8677777945366,1.5602213063787156,0.01486529916181068,0.012273473665118217,96.81095886230469
2026-05-21,bitcoin,77539.17761452496,77445.79734657425,0.0010503232,-0.00015454018,0.01770097,0.02248877,-0.015454018,DOWN,0.013351717972860973,1865.6719298211306,1339.8677777945366,1.5602213063787156,0.01486529916181068,0.012273473665118217,96.81095886230469
2026-05-22,bitcoin,75488.24397072662,77522.21487679426,-0.026806343,-0.00021869387,0.015629053,0.022366554,-0.021869387,DOWN,0.013464277455562234,1865.6719298211306,1339.8677777945366,1.5602213063787156,0.01486529916181068,0.012273473665118217,96.81095886230469
2026-05-23,bitcoin,76673.37028400507,75467.40523519693,0.0155775035,-0.00027607055,0.011741969,0.022257391,-0.027607055,DOWN,0.013806660983319384,1865.6719298211306,1339.8677777945366,1.5602213063787156,0.01486529916181068,0.012273473665118217,96.81095886230469
2026-05-24,bitcoin,76981.12610847596,76650.57158449106,0.0040058475,-0.0002973394,0.010348978,0.02225653,-0.029733941,DOWN,0.013704189617147667,1865.6719298211306,1339.8677777945366,1.5602213063787156,0.01486529916181068,0.012273473665118217,96.81095886230469
2026-05-25,bitcoin,77279.9329084307,76956.07215794921,0.003874018,-0.00032544555,0.010787312,0.0222599,-0.032544553,DOWN,0.013718375115809032,1865.6719298211306,1339.8677777945366,1.5602213063787156,0.01486529916181068,0.012273473665118217,96.81095886230469
2026-05-26,bitcoin,75825.72963653784,77252.90025500022,-0.018996542,-0.0003497817,0.009557344,0.022255609,-0.03497817,DOWN,0.013886406939171052,1865.6719298211306,1339.8677777945366,1.5602213063787156,0.01486529916181068,0.012273473665118217,96.81095886230469
2026-05-27,bitcoin,74344.70424613077,75800.16719035152,-0.019725312,-0.0003372531,0.0140104145,0.022477297,-0.03372531,DOWN,0.014015907772903739,1865.6719298211306,1339.8677777945366,1.5602213063787156,0.01486529916181068,0.012273473665118217,96.81095886230469
2026-05-28,bitcoin,73536.55554300454,74321.07105745282,-0.010929803,-0.00031790521,0.02994212,0.022771068,-0.03179052,DOWN,0.013955655281364566,1865.6719298211306,1339.8677777945366,1.5602213063787156,0.01486529916181068,0.012273473665118217,96.81095886230469
2026-05-29,bitcoin,73372.52517950116,73514.42869662866,-0.0022331,-0.0003009336,0.029383238,0.023172773,-0.03009336,DOWN,0.013905733789057264,1865.6719298211306,1339.8677777945366,1.5602213063787156,0.01486529916181068,0.012273473665118217,96.81095886230469
2026-05-30,bitcoin,73754.84109967388,73349.85202637315,0.00519704,-0.0003089941,0.027192254,0.023427382,-0.03089941,DOWN,0.013874715347604608,1865.6719298211306,1339.8677777945366,1.5602213063787156,0.01486529916181068,0.012273473665118217,96.81095886230469
2026-05-31,bitcoin,73579.68969043577,73728.83282383857,-0.0023775627,-0.00035265437,0.023242015,0.023347972,-0.03526544,DOWN,0.01300473498458374,1865.6719298211306,1339.8677777945366,1.5602213063787156,0.01486529916181068,0.012273473665118217,96.81095886230469
2026-06-01,bitcoin,71319.77594308555,73549.82532905415,-0.031195387,-0.000405945,0.028687432,0.023068644,-0.0405945,DOWN,0.013924156053338507,1865.6719298211306,1339.8677777945366,1.5602213063787156,0.01486529916181068,0.012273473665118217,96.81095886230469
2026-06-02,bitcoin,66703.65766372718,71291.14727244806,-0.06691385,-0.0004014374,0.034388002,0.023119286,-0.04014374,DOWN,0.017884912770247386,1865.6719298211306,1339.8677777945366,1.5602213063787156,0.01486529916181068,0.012273473665118217,96.81095886230469
2026-06-03,bitcoin,64014.36501043476,66682.09125187993,-0.041152224,-0.00032326393,0.02986954,0.023936784,-0.032326393,DOWN,0.018501174517656017,1865.6719298211306,1339.8677777945366,1.5602213063787156,0.01486529916181068,0.012273473665118217,96.81095886230469
2026-06-04,bitcoin,63801.573762294836,63992.057645502966,-0.0033296815,-0.00034858112,0.031230545,0.025023434,-0.03485811,DOWN,0.018093014492694758,1865.6719298211306,1339.8677777945366,1.5602213063787156,0.01486529916181068,0.012273473665118217,96.81095886230469
2026-06-05,bitcoin,60922.66840155772,63767.93402924901,-0.046172544,-0.0005274648,0.02236852,0.026330546,-0.05274648,DOWN,0.019127461759824837,1865.6719298211306,1339.8677777945366,1.5602213063787156,0.01486529916181068,0.012273473665118217,96.81095886230469
2026-06-06,bitcoin,60867.41813509795,60879.88792995573,-0.00090736314,-0.0007023979,0.026372526,0.02770456,-0.07023979,DOWN,0.01912776741590617,1865.6719298211306,1339.8677777945366,1.5602213063787156,0.01486529916181068,0.012273473665118217,96.81095886230469
2026-06-07,bitcoin,63239.52563785296,60819.13289676048,0.038231455,-0.00079350197,0.020560365,0.028401159,-0.079350196,DOWN,0.020953964669836945,1865.6719298211306,1339.8677777945366,1.5602213063787156,0.01486529916181068,0.012273473665118217,96.81095886230469
2026-06-08,bitcoin,63090.59175821068,63189.65831682924,-0.0023577875,-0.0007887273,0.021161146,0.029103834,-0.07887273,DOWN,0.02082215808734928,1865.6719298211306,1339.8677777945366,1.5602213063787156,0.01486529916181068,0.012273473665118217,96.81095886230469
2026-06-09,bitcoin,61643.7818366352,63044.75320436922,-0.023199277,-0.0007267662,0.015135945,0.02967113,-0.07267662,DOWN,0.020387262964909385,1865.6719298211306,1339.8677777945366,1.5602213063787156,0.01486529916181068,0.012273473665118217,96.81095886230469
2026-06-10,bitcoin,61449.29187387787,61599.80408371799,-0.0031600862,-0.00071359845,0.012746892,0.029957822,-0.07135984,DOWN,0.02040350889483833,1865.6719298211306,1339.8677777945366,1.5602213063787156,0.01486529916181068,0.012273473665118217,96.81095886230469
2026-06-11,bitcoin,63561.05604443606,61403.37391855195,0.03378867,-0.0007474965,0.011911906,0.029968679,-0.07474965,DOWN,0.02185922063119086,1865.6719298211306,1339.8677777945366,1.5602213063787156,0.01486529916181068,0.012273473665118217,96.81095886230469
2026-06-12,bitcoin,63543.19932635175,63513.27748413896,-0.0002809579,-0.0007519941,0.016281072,0.029968716,-0.07519941,DOWN,0.021853657156935734,1865.6719298211306,1339.8677777945366,1.5602213063787156,0.01486529916181068,0.012273473665118217,96.81095886230469
2026-06-13,bitcoin,64421.316520957276,63493.0076687308,0.013724723,-0.00079017854,0.018481571,0.029792026,-0.079017855,DOWN,0.021508482879068945,1865.6719298211306,1339.8677777945366,1.5602213063787156,0.01486529916181068,0.012273473665118217,96.81095886230469
2026-06-14,bitcoin,65710.40224211058,64367.693590440555,0.019812485,-0.00083282567,0.015547884,0.029456558,-0.08328257,DOWN,0.021821111167889047,1865.6719298211306,1339.8677777945366,1.5602213063787156,0.01486529916181068,0.012273473665118217,96.81095886230469
2026-06-15,bitcoin,66289.50572753977,65653.01958888117,0.00877433,-0.0008736071,0.01610689,0.028936116,-0.08736071,DOWN,0.021953380693559395,1865.6719298211306,1339.8677777945366,1.5602213063787156,0.01486529916181068,0.012273473665118217,96.81095886230469
2026-06-16,bitcoin,65600.6425460279,66233.52783769369,-0.010446053,-0.0008447624,0.016612863,0.02844429,-0.08447624,DOWN,0.021963177362639055,1865.6719298211306,1339.8677777945366,1.5602213063787156,0.01486529916181068,0.012273473665118217,96.81095886230469
2026-06-17,bitcoin,64418.44838950131,65548.82785171736,-0.018185452,-0.00079009635,0.01701565,0.02779649,-0.07900964,DOWN,0.022086101699858654,1865.6719298211306,1339.8677777945366,1.5602213063787156,0.01486529916181068,0.012273473665118217,96.81095886230469
2026-06-18,bitcoin,62896.470185923856,64373.797995442525,-0.023909928,-0.00069327117,0.015856875,0.027253237,-0.069327116,DOWN,0.02231795190848659,1865.6719298211306,1339.8677777945366,1.5602213063787156,0.01486529916181068,0.012273473665118217,96.81095886230469
2026-06-19,bitcoin,63540.83735419251,62860.887889477424,0.010192702,-0.000565917,0.018043231,0.026709577,-0.0565917,DOWN,0.022343649985737197,1865.6719298211306,1339.8677777945366,1.5602213063787156,0.01486529916181068,0.012273473665118217,96.81095886230469
2026-06-20,bitcoin,64239.681450895034,63515.28282904206,0.010938238,-0.0004022912,0.014987452,0.026092011,-0.04022912,DOWN,0.02253007596431855,1865.6719298211306,1339.8677777945366,1.5602213063787156,0.01486529916181068,0.012273473665118217,96.81095886230469
2026-06-21,bitcoin,63237.542849034304,64224.93802546966,-0.015722927,-0.00022937881,0.017266506,0.025468519,-0.02293788,DOWN,0.022276192191218704,1865.6719298211306,1339.8677777945366,1.5602213063787156,0.01486529916181068,0.012273473665118217,96.81095886230469
2026-06-22,bitcoin,63952.09859998897,63232.56365111098,0.011236355,-7.868791e-05,0.013919505,0.024865637,-0.007868791,DOWN,0.02214493763939523,1865.6719298211306,1339.8677777945366,1.5602213063787156,0.01486529916181068,0.012273473665118217,96.81095886230469
2026-06-23,bitcoin,62668.01769965608,63953.233774138615,-0.02028319,1.7592567e-05,0.013441796,0.02443449,0.0017592567,UP,0.022213935498636705,1865.6719298211306,1339.8677777945366,1.5602213063787156,0.01486529916181068,0.012273473665118217,96.81095886230469
2026-06-24,bitcoin,60995.13328533014,62673.047251837794,-0.027057193,8.0160564e-05,0.012043553,0.024176436,0.008016056,UP,0.02241732573738107,1865.6719298211306,1339.8677777945366,1.5602213063787156,0.01486529916181068,0.012273473665118217,96.81095886230469
2026-06-25,bitcoin,59721.671760259196,61003.42923623789,-0.02109904,0.0001359582,0.014196115,0.02421941,0.0135958195,UP,0.02245597191621771,1865.6719298211306,1339.8677777945366,1.5602213063787156,0.01486529916181068,0.012273473665118217,96.81095886230469
2026-06-26,bitcoin,60016.42517221207,59730.945212109946,0.0049233204,0.00015528349,0.01906125,0.02438281,0.015528349,UP,0.022454988046557402,1865.6719298211306,1339.8677777945366,1.5602213063787156,0.01486529916181068,0.012273473665118217,96.81095886230469
2026-06-27,bitcoin,59940.094579631,60025.96665725391,-0.0012726618,0.00015883485,0.02189216,0.024533313,0.015883485,UP,0.022464320306620288,1865.6719298211306,1339.8677777945366,1.5602213063787156,0.01486529916181068,0.012273473665118217,96.81095886230469
2026-06-28,bitcoin,59532.34089341131,59947.9290326871,-0.0068259994,0.00013060402,0.021239392,0.024335168,0.013060402,UP,0.022449549855688634,1865.6719298211306,1339.8677777945366,1.5602213063787156,0.01486529916181068,0.012273473665118217,96.81095886230469
2026-06-29,bitcoin,60138.38595123729,59537.1301891082,0.010128531,8.045731e-05,0.021245066,0.02403318,0.008045731,UP,0.022558509197686503,1865.6719298211306,1339.8677777945366,1.5602213063787156,0.01486529916181068,0.012273473665118217,96.81095886230469
2026-06-30,bitcoin,58558.86079510092,60140.74469387997,-0.026615834,3.9274804e-05,0.008236297,0.023852749,0.0039274804,UP,0.022826799087583387,1865.6719298211306,1339.8677777945366,1.5602213063787156,0.01486529916181068,0.012273473665118217,96.81095886230469
2026-07-01,bitcoin,60003.758026840165,58559.77385456301,0.0243748,1.5660655e-05,0.007647515,0.023821905,0.0015660655,UP,0.023108251865661615,1865.6719298211306,1339.8677777945366,1.5602213063787156,0.01486529916181068,0.012273473665118217,96.81095886230469
2026-07-02,bitcoin,61485.30258436687,60005.97524415515,0.024390945,3.702042e-05,0.010245128,0.023958407,0.0037020422,UP,0.020860669882210595,1865.6719298211306,1339.8677777945366,1.5602213063787156,0.01486529916181068,0.012273473665118217,96.81095886230469
2026-07-03,bitcoin,62544.203512020875,61489.99173742533,0.01707536,7.629243e-05,0.011907584,0.024079958,0.007629243,UP,0.0198862395895524,1865.6719298211306,1339.8677777945366,1.5602213063787156,0.01486529916181068,0.012273473665118217,96.81095886230469
2026-07-04,bitcoin,63088.3047516807,62550.03714895109,0.008661913,9.3286275e-05,0.013400366,0.024002442,0.009328628,UP,0.019950143956068398,1865.6719298211306,1339.8677777945366,1.5602213063787156,0.01486529916181068,0.012273473665118217,96.81095886230469
2026-07-05,bitcoin,63547.88035522029,63093.86249365378,0.0072582755,8.810079e-05,0.01470495,0.023736682,0.008810079,UP,0.018086721258349273,1865.6719298211306,1339.8677777945366,1.5602213063787156,0.01486529916181068,0.012273473665118217,96.81095886230469
2026-07-06,bitcoin,63995.01142874267,63552.37508279178,0.007011518,7.0592505e-05,0.0146309445,0.023271393,0.0070592505,UP,0.018107414361215022,1865.6719298211306,1339.8677777945366,1.5602213063787156,0.01486529916181068,0.012273473665118217,96.81095886230469
2026-07-07,bitcoin,63297.392348427325,64000.233724437654,-0.010961032,8.1517384e-05,0.013489684,0.022950994,0.008151738,UP,0.016823751050545423,1865.6719298211306,1339.8677777945366,1.5602213063787156,0.01486529916181068,0.012273473665118217,96.81095886230469
2026-07-08,bitcoin,62257.575510503724,63301.174895603675,-0.016563967,5.970383e-05,0.016167318,0.022426013,0.005970383,UP,0.01709057573041598,1865.6719298211306,1339.8677777945366,1.5602213063787156,0.01486529916181068,0.012273473665118217,96.81095886230469
2026-07-09,bitcoin,63193.15134978481,62260.41672264645,0.014915683,4.5615132e-05,0.024986664,0.02188557,0.004561513,UP,0.016759311045230894,1865.6719298211306,1339.8677777945366,1.5602213063787156,0.01486529916181068,0.012273473665118217,96.81095886230469
2026-07-10,bitcoin,64127.13845380861,63196.139122000895,0.014671802,4.726986e-05,0.024653217,0.021281661,0.004726986,UP,0.016926379860140218,1865.6719298211306,1339.8677777945366,1.5602213063787156,0.01486529916181068,0.012273473665118217,96.81095886230469
2026-07-11,bitcoin,63802.02934311982,64131.58975360915,-0.005082719,6.938237e-05,0.025633028,0.020732423,0.0069382368,UP,0.015783623806700894,1865.6719298211306,1339.8677777945366,1.5602213063787156,0.01486529916181068,0.012273473665118217,96.81095886230469
2026-07-12,bitcoin,63758.217968285084,63807.76211269107,-0.00068686926,8.987088e-05,0.025640508,0.020120002,0.008987088,UP,0.01578426543061716,1865.6719298211306,1339.8677777945366,1.5602213063787156,0.01486529916181068,0.012273473665118217,96.81095886230469
2026-07-13,bitcoin,62239.11903431453,63765.11246876791,-0.02411434,0.00010802492,0.021904808,0.019600883,0.0108024925,UP,0.01615888609150102,1865.6719298211306,1339.8677777945366,1.5602213063787156,0.01486529916181068,0.012273473665118217,96.81095886230469
2026-07-14,bitcoin,64956.112926860806,62248.766419580206,0.042728104,0.00015494227,0.010213179,0.019494308,0.015494227,UP,0.01772113992396255,1865.6719298211306,1339.8677777945366,1.5602213063787156,0.01486529916181068,0.012273473665118217,96.81095886230469
2026-07-15,bitcoin,64712.37515714718,64973.45069141826,-0.0037594114,0.0002668869,0.010754775,0.019760644,0.02668869,UP,0.017648298061987127,1865.6719298211306,1339.8677777945366,1.5602213063787156,0.01486529916181068,0.012273473665118217,96.81095886230469
2026-07-16,bitcoin,63789.2837748155,64735.86509297788,-0.014367281,0.00036299357,0.008602877,0.020174276,0.036299355,UP,0.01773594566044455,1865.6719298211306,1339.8677777945366,1.5602213063787156,0.01486529916181068,0.012273473665118217,96.81095886230469
2026-07-17,bitcoin,63899.45958900824,63816.67945246026,0.0017257546,0.00042940944,0.010588786,0.020663401,0.042940944,UP,0.017437999934003245,1865.6719298211306,1339.8677777945366,1.5602213063787156,0.01486529916181068,0.012273473665118217,96.81095886230469
2026-07-18,bitcoin,64796.601322640665,63930.13624491636,0.013942231,0.00047990365,0.01360114,0.021066401,0.047990367,UP,0.01703882054028802,1865.6719298211306,1339.8677777945366,1.5602213063787156,0.01486529916181068,0.012273473665118217,96.81095886230469
2026-07-19,bitcoin,64690.801046895795,64827.43719499558,-0.0016340881,0.00047581294,0.015314057,0.021232951,0.047581293,UP,0.01695758500974535,1865.6719298211306,1339.8677777945366,1.5602213063787156,0.01486529916181068,0.012273473665118217,96.81095886230469
2026-07-20,bitcoin,65230.02531210892,64720.04762403667,0.008300836,0.0004519798,0.014636784,0.021271314,0.045197982,UP,0.01690891838907515,1865.6719298211306,1339.8677777945366,1.5602213063787156,0.01486529916181068,0.012273473665118217,96.81095886230469
2026-07-21,bitcoin,66505.12440678757,65258.05991465738,0.019359108,0.0004296772,0.013338254,0.021269128,0.042967718,UP,0.016961893536345238,1865.6719298211306,1339.8677777945366,1.5602213063787156,0.01486529916181068,0.012273473665118217,96.81095886230469
2026-07-22,bitcoin,66100.79950017482,66530.48676382005,-0.00609821,0.0003812823,0.016549816,0.020951444,0.03812823,UP,0.016923683456716795,1865.6719298211306,1339.8677777945366,1.5602213063787156,0.01486529916181068,0.012273473665118217,96.81095886230469
2026-07-23,bitcoin,65044.813106296584,66122.29304860532,-0.016104348,0.00032519246,0.016149389,0.02050191,0.032519247,UP,0.016761237245089742,1865.6719298211306,1339.8677777945366,1.5602213063787156,0.01486529916181068,0.012273473665118217,96.81095886230469
2026-07-24,bitcoin,64098.497682102025,65063.02651888877,-0.014655554,0.0002799814,0.014943863,0.020033477,0.027998142,UP,0.01619699920231673,1865.6719298211306,1339.8677777945366,1.5602213063787156,0.01486529916181068,0.012273473665118217,96.81095886230469
2026-07-25,bitcoin,64311.806051367894,64113.75544270268,0.0033224218,0.00023802952,0.016102884,0.019692533,0.023802951,UP,0.015621973000765078,1865.6719298211306,1339.8677777945366,1.5602213063787156,0.01486529916181068,0.012273473665118217,96.81095886230469
2026-07-26,bitcoin,65340.29759198427,64323.833674669266,0.015865687,0.00018696568,0.01858348,0.019267991,0.018696569,UP,0.01580856232452664,1865.6719298211306,1339.8677777945366,1.5602213063787156,0.01486529916181068,0.012273473665118217,96.81095886230469
2026-07-27,bitcoin,63724.896852573846,65350.753848510794,-0.025033655,0.00015990657,0.01596976,0.018914409,0.015990658,UP,0.016585598033108054,1865.6719298211306,1339.8677777945366,1.5602213063787156,0.01486529916181068,0.012273473665118217,96.81095886230469
2026-07-28,bitcoin,63871.36847958248,63735.95908690989,0.0022957555,0.00017354626,0.017199216,0.018875029,0.017354626,UP,0.016498720020227297,1865.6719298211306,1339.8677777945366,1.5602213063787156,0.01486529916181068,0.012273473665118217,96.81095886230469
2026-07-29,bitcoin,63908.16964651365,63882.175246221945,0.00057606545,0.00016923796,0.01718025,0.018910073,0.016923796,UP,0.016437198227638367,1865.6719298211306,1339.8677777945366,1.5602213063787156,0.01486529916181068,0.012273473665118217,96.81095886230469
2026-07-30,bitcoin,64725.30738925841,63918.597623103764,0.0127051165,0.00016313372,0.016542224,0.019020783,0.016313372,UP,0.015635369755198258,1865.6719298211306,1339.8677777945366,1.5602213063787156,0.01486529916181068,0.012273473665118217,96.81095886230469
2026-07-31,bitcoin,62813.74719823548,64735.94876200566,-0.029978357,0.00016433222,0.0057347068,0.01909155,0.016433222,UP,0.01622056818948197,1865.6719298211306,1339.8677777945366,1.5602213063787156,0.01486529916181068,0.012273473665118217,96.81095886230469
2026-08-01,bitcoin,62763.31827866216,62824.5063239499,-0.00080310507,0.00017128768,0.0071314946,0.019341554,0.01712877,UP,0.015629049576415664,1865.6719298211306,1339.8677777945366,1.5602213063787156,0.01486529916181068,0.012273473665118217,96.81095886230469
2026-08-02,bitcoin,63482.001020028256,62772.635366176255,0.01138557,0.00014835689,0.0067432886,0.019465243,0.014835689,UP,0.015454533713584141,1865.6719298211306,1339.8677777945366,1.5602213063787156,0.01486529916181068,0.012273473665118217,96.81095886230469
2026-08-03,bitcoin,63460.897624373436,63489.83251166344,-0.0003324576,0.000123378,0.0066263177,0.019497966,0.0123378,UP,0.015379328086463154,1865.6719298211306,1339.8677777945366,1.5602213063787156,0.01486529916181068,0.012273473665118217,96.81095886230469
2026-08-04,bitcoin,64055.956324255094,63466.988366036676,0.009333026,9.588688e-05,0.006336815,0.01950815,0.009588688,UP,0.01541674006452651,1865.6719298211306,1339.8677777945366,1.5602213063787156,0.01486529916181068,0.012273473665118217,96.81095886230469
2026-08-05,bitcoin,64597.502830937505,64059.95442288369,0.008418742,6.240187e-05,0.0087676225,0.019501625,0.006240187,UP,0.015440009449934441,1865.6719298211306,1339.8677777945366,1.5602213063787156,0.01486529916181068,0.012273473665118217,96.81095886230469
2026-08-06,bitcoin,64262.110956162214,64599.91029471159,-0.005205471,3.7296442e-05,0.008806577,0.019475957,0.0037296442,UP,0.015330359906933294,1865.6719298211306,1339.8677777945366,1.5602213063787156,0.01486529916181068,0.012273473665118217,96.81095886230469
2026-08-07,bitcoin,64880.18910786603,64262.8870059778,0.009572121,1.1909753e-05,0.005972312,0.019360738,0.0011909753,UP,0.015067020808622421,1865.6719298211306,1339.8677777945366,1.5602213063787156,0.01486529916181068,0.012273473665118217,96.81095886230469
2026-08-08,bitcoin,64904.693736836314,64878.72188516054,0.00037748762,-2.2679567e-05,0.0058946037,0.018977035,-0.0022679567,DOWN,0.014848818299185983,1865.6719298211306,1339.8677777945366,1.5602213063787156,0.01486529916181068,0.012273473665118217,96.81095886230469
2026-08-09,bitcoin,64844.88635901362,64900.88077709079,-0.0009217877,-5.8661564e-05,0.0055295434,0.018429026,-0.0058661564,DOWN,0.014621242247307981,1865.6719298211306,1339.8677777945366,1.5602213063787156,0.01486529916181068,0.012273473665118217,96.81095886230469
2026-08-10,bitcoin,63910.58276084601,64839.17030027765,-0.014513048,-8.812081e-05,0.0033314626,0.017888304,-0.008812081,DOWN,0.01484109215739548,1865.6719298211306,1339.8677777945366,1.5602213063787156,0.01486529916181068,0.012273473665118217,96.81095886230469
2026-08-11,bitcoin,63551.87301186379,63905.82803715253,-0.0056285104,-7.449684e-05,0.0029776786,0.01757013,-0.007449684,DOWN,0.01487801931400611,1865.6719298211306,1339.8677777945366,1.5602213063787156,0.01486529916181068,0.012273473665118217,96.81095886230469
2026-08-12,bitcoin,63402.43133947253,63547.68169846386,-0.002354256,-6.5976405e-05,0.013229351,0.01737153,-0.0065976405,DOWN,0.014193068968198382,1865.6719298211306,1339.8677777945366,1.5602213063787156,0.01486529916181068,0.012273473665118217,96.81095886230469
2026-08-13,bitcoin,63402.17661634181,63398.40131588909,-4.127971e-06,-6.362086e-05,0.013107428,0.017234435,-0.0063620857,DOWN,0.011648615760322422,1865.6719298211306,1339.8677777945366,1.5602213063787156,0.01486529916181068,0.012273473665118217,96.81095886230469
2026-08-14,bitcoin,62975.59491735231,63397.217522184364,-0.006750867,-7.811398e-05,0.029999154,0.01707166,-0.0078113982,DOWN,0.01168774817133917,1865.6719298211306,1339.8677777945366,1.5602213063787156,0.01486529916181068,0.012273473665118217,96.81095886230469
2026-08-15,bitcoin,63024.315969876945,62969.651741212234,0.000773438,-9.434938e-05,0.031110264,0.016843686,-0.009434938,DOWN,0.011411351447719442,1865.6719298211306,1339.8677777945366,1.5602213063787156,0.01486529916181068,0.012273473665118217,96.81095886230469
2026-08-16,bitcoin,62818.6533822543,63016.9875420779,-0.0032686477,-0.000116302166,0.029034905,0.016532952,-0.011630217,DOWN,0.011416569031296587,1865.6719298211306,1339.8677777945366,1.5602213063787156,0.01486529916181068,0.012273473665118217,96.81095886230469
2026-08-17,bitcoin,64506.25331833726,62809.51254782849,0.026510138,-0.00014543871,0.039776545,0.016242448,-0.01454387,DOWN,0.012193652007366084,1865.6719298211306,1339.8677777945366,1.5602213063787156,0.01486529916181068,0.012273473665118217,96.81095886230469
2026-08-18,bitcoin,64680.711144253146,64498.43728076271,0.0027008473,-0.000121168094,0.038612437,0.016194075,-0.012116809,DOWN,0.012200288725415226,1865.6719298211306,1339.8677777945366,1.5602213063787156,0.01486529916181068,0.012273473665118217,96.81095886230469
2026-08-19,bitcoin,69266.18544721045,64675.0668210499,0.06849385,-8.721219e-05,0.03483839,0.01628083,-0.008721219,DOWN,0.01774748550403094,1865.6719298211306,1339.8677777945366,1.5602213063787156,0.01486529916181068,0.012273473665118217,96.81095886230469
2026-08-20,bitcoin,73032.75476496667,69271.92623523623,0.052951206,8.277886e-05,0.033334635,0.017162064,0.008277886,UP,0.01992982123892882,1865.6719298211306,1339.8677777945366,1.5602213063787156,0.01486529916181068,0.012273473665118217,96.81095886230469
2026-08-21,bitcoin,78335.18902440555,73060.97455216292,0.070088826,0.00038634776,0.012426142,0.018827647,0.038634777,UP,0.02350735457979937,1865.6719298211306,1339.8677777945366,1.5602213063787156,0.01486529916181068,0.012273473665118217,96.81095886230469
2026-08-22,bitcoin,77083.41880621761,78396.52133649588,-0.01610876,0.0007826628,0.009023406,0.021278616,0.078266285,UP,0.023507494181149325,1865.6719298211306,1339.8677777945366,1.5602213063787156,0.01486529916181068,0.012273473665118217,96.81095886230469
