date,asset,actual_price,predicted_price,actual_return,predicted_return,actual_volatility,predicted_volatility,predicted_return_percent,trend,volatility_30,rmse,mae,mape,volatility_rmse,volatility_mae,volatility_mape
2025-06-15,bitcoin,105552.02032618225,105386.08432327397,0.000754578,-0.00081872114,0.012868117,0.027105732,-0.08187211,DOWN,0.0180349976691644,1864.9430084410192,1336.01885190797,1.5560289104989304,0.013330908110214262,0.010587726719677448,83.96937561035156
2025-06-16,bitcoin,106796.74995404575,105464.98204491986,0.011723625,-0.000824961,0.009282021,0.027063023,-0.0824961,DOWN,0.018130026855818864,1864.9430084410192,1336.01885190797,1.5560289104989304,0.013330908110214262,0.010587726719677448,83.96937561035156
2025-06-17,bitcoin,104601.11552645452,106706.69118128484,-0.020773336,-0.00084365334,0.0070603075,0.026943939,-0.08436533,DOWN,0.017621877676754428,1864.9430084410192,1336.01885190797,1.5560289104989304,0.013330908110214262,0.010587726719677448,83.96937561035156
2025-06-18,bitcoin,104883.33768049534,104511.2812160519,0.0026943395,-0.00085913285,0.02453009,0.02685008,-0.085913286,DOWN,0.017573334916828345,1864.9430084410192,1336.01885190797,1.5560289104989304,0.013330908110214262,0.010587726719677448,83.96937561035156
2025-06-19,bitcoin,104684.29805245902,104791.78691972885,-0.0018995219,-0.0008731574,0.024485536,0.026748816,-0.08731574,DOWN,0.017445212651353712,1864.9430084410192,1336.01885190797,1.5560289104989304,0.013330908110214262,0.010587726719677448,83.96937561035156
2025-06-20,bitcoin,103309.58995693363,104590.91240299819,-0.013218731,-0.0008924521,0.022982989,0.026584424,-0.08924521,DOWN,0.0167867291593431,1864.9430084410192,1336.01885190797,1.5560289104989304,0.013330908110214262,0.010587726719677448,83.96937561035156
2025-06-21,bitcoin,102257.40524712857,103215.6160974116,-0.010237096,-0.00091020216,0.021873252,0.026483625,-0.09102022,DOWN,0.016413491022742227,1864.9430084410192,1336.01885190797,1.5560289104989304,0.013330908110214262,0.010587726719677448,83.96937561035156
2025-06-22,bitcoin,100987.13779223152,102162.00705369562,-0.0125000365,-0.0009333816,0.019202974,0.026392497,-0.09333816,DOWN,0.015030101822031905,1864.9430084410192,1336.01885190797,1.5560289104989304,0.013330908110214262,0.010587726719677448,83.96937561035156
2025-06-23,bitcoin,105577.76178632118,100891.97545020096,0.04445468,-0.0009427689,0.005873065,0.02636593,-0.09427689,DOWN,0.017316182932265688,1864.9430084410192,1336.01885190797,1.5560289104989304,0.013330908110214262,0.010587726719677448,83.96937561035156
2025-06-24,bitcoin,106045.62729024794,105480.47222060617,0.0044216295,-0.0009220495,0.006584038,0.02651576,-0.09220495,DOWN,0.01719319685671824,1864.9430084410192,1336.01885190797,1.5560289104989304,0.013330908110214262,0.010587726719677448,83.96937561035156
2025-06-25,bitcoin,107361.25932078715,105948.9749512095,0.0123298885,-0.0009119279,0.007911443,0.02666683,-0.09119279,DOWN,0.01734420240158424,1864.9430084410192,1336.01885190797,1.5560289104989304,0.013330908110214262,0.010587726719677448,83.96937561035156
2025-06-26,bitcoin,106960.00051749498,107264.82782113692,-0.003744456,-0.0008986454,0.009892327,0.026800666,-0.08986454,DOWN,0.017341925169571018,1864.9430084410192,1336.01885190797,1.5560289104989304,0.013330908110214262,0.010587726719677448,83.96937561035156
2025-06-27,bitcoin,107088.43705177307,106865.33298015594,0.0012000061,-0.00088547205,0.017554931,0.026884446,-0.08854721,DOWN,0.017230828754293884,1864.9430084410192,1336.01885190797,1.5560289104989304,0.013330908110214262,0.010587726719677448,83.96937561035156
2025-06-28,bitcoin,107327.70161886606,106994.63835848402,0.0022318615,-0.0008761863,0.017622009,0.02691993,-0.08761863,DOWN,0.016815885007375325,1864.9430084410192,1336.01885190797,1.5560289104989304,0.013330908110214262,0.010587726719677448,83.96937561035156
2025-06-29,bitcoin,108385.57460376993,107233.2864130484,0.009808164,-0.00088005594,0.019073097,0.026861887,-0.088005595,DOWN,0.016609538238293992,1864.9430084410192,1336.01885190797,1.5560289104989304,0.013330908110214262,0.010587726719677448,83.96937561035156
2025-06-30,bitcoin,107135.33750389237,108289.75138885528,-0.011602108,-0.0008844718,0.018063996,0.026768224,-0.08844718,DOWN,0.016752417773671553,1864.9430084410192,1336.01885190797,1.5560289104989304,0.013330908110214262,0.010587726719677448,83.96937561035156
2025-07-01,bitcoin,105698.27730186516,107038.34257355006,-0.013504225,-0.00090571505,0.015906105,0.026605044,-0.09057151,DOWN,0.01686603342731602,1864.9430084410192,1336.01885190797,1.5560289104989304,0.013330908110214262,0.010587726719677448,83.96937561035156
2025-07-02,bitcoin,108859.32289287448,105600.40906433947,0.029467778,-0.00092645234,0.010345489,0.02646361,-0.092645235,DOWN,0.017719169107614324,1864.9430084410192,1336.01885190797,1.5560289104989304,0.013330908110214262,0.010587726719677448,83.96937561035156
2025-07-03,bitcoin,109647.97410027403,108758.96235637227,0.007218612,-0.00092233263,0.0101121515,0.026432633,-0.09223326,DOWN,0.01772442532774258,1864.9430084410192,1336.01885190797,1.5560289104989304,0.013330908110214262,0.010587726719677448,83.96937561035156
2025-07-04,bitcoin,108034.33492152626,109547.59737729887,-0.01482592,-0.00091591163,0.01098492,0.02643401,-0.091591164,DOWN,0.017911954830269684,1864.9430084410192,1336.01885190797,1.5560289104989304,0.013330908110214262,0.010587726719677448,83.96937561035156
2025-07-05,bitcoin,108231.18681249674,107935.94913609093,0.0018203901,-0.00091117097,0.018598104,0.026451714,-0.0911171,DOWN,0.016906964026641116,1864.9430084410192,1336.01885190797,1.5560289104989304,0.013330908110214262,0.010587726719677448,83.96937561035156
2025-07-06,bitcoin,109232.06490758155,108132.89101709612,0.009205212,-0.000908604,0.018436138,0.026421282,-0.090860404,DOWN,0.01627268529057301,1864.9430084410192,1336.01885190797,1.5560289104989304,0.013330908110214262,0.010587726719677448,83.96937561035156
2025-07-07,bitcoin,108299.85622767126,109133.65398556925,-0.008570921,-0.00090138114,0.016154703,0.026380965,-0.090138115,DOWN,0.016259765684493853,1864.9430084410192,1336.01885190797,1.5560289104989304,0.013330908110214262,0.010587726719677448,83.96937561035156
2025-07-08,bitcoin,108950.27491303906,108202.30742544169,0.005987788,-0.0009011313,0.01524868,0.02638481,-0.09011313,DOWN,0.016285495595501125,1864.9430084410192,1336.01885190797,1.5560289104989304,0.013330908110214262,0.010587726719677448,83.96937561035156
2025-07-09,bitcoin,111326.54980878811,108851.79929575883,0.021576246,-0.00090431946,0.015854131,0.026376972,-0.09043194,DOWN,0.014842786483763224,1864.9430084410192,1336.01885190797,1.5560289104989304,0.013330908110214262,0.010587726719677448,83.96937561035156
2025-07-10,bitcoin,115987.2001050096,111225.59434166132,0.04101205,-0.0009073416,0.012934729,0.026359323,-0.09073416,DOWN,0.016657813873116836,1864.9430084410192,1336.01885190797,1.5560289104989304,0.013330908110214262,0.010587726719677448,83.96937561035156
2025-07-11,bitcoin,117516.99497529864,115885.16860801447,0.013103071,-0.00088009203,0.012136126,0.026537364,-0.0880092,DOWN,0.016497584573069855,1864.9430084410192,1336.01885190797,1.5560289104989304,0.013330908110214262,0.010587726719677448,83.96937561035156
2025-07-12,bitcoin,117435.22797526093,117417.02312752604,-0.00069601915,-0.0008509684,0.012066472,0.026692921,-0.08509684,DOWN,0.01564069843654607,1864.9430084410192,1336.01885190797,1.5560289104989304,0.013330908110214262,0.010587726719677448,83.96937561035156
2025-07-13,bitcoin,119116.11691023502,117335.36205712752,0.0142118735,-0.0008507507,0.011505451,0.026721137,-0.08507507,DOWN,0.015757184346471134,1864.9430084410192,1336.01885190797,1.5560289104989304,0.013330908110214262,0.010587726719677448,83.96937561035156
2025-07-14,bitcoin,119849.70455338247,119014.78778788447,0.006139692,-0.0008510075,0.010701798,0.026704298,-0.085100755,DOWN,0.01565131246355952,1864.9430084410192,1336.01885190797,1.5560289104989304,0.013330908110214262,0.010587726719677448,83.96937561035156
2025-07-15,bitcoin,117777.18790137582,119753.72887268756,-0.017443886,-0.00080107583,0.007610407,0.026980082,-0.080107585,DOWN,0.016135042914616187,1864.9430084410192,1336.01885190797,1.5560289104989304,0.013330908110214262,0.010587726719677448,83.96937561035156
2025-07-16,bitcoin,118738.50149285048,117686.15126565099,0.008129064,-0.00077324186,0.006043063,0.027152695,-0.07732419,DOWN,0.016086447403753742,1864.9430084410192,1336.01885190797,1.5560289104989304,0.013330908110214262,0.010587726719677448,83.96937561035156
2025-07-17,bitcoin,119289.83466902934,118647.56365195569,0.0046325317,-0.00076615496,0.012302385,0.027194563,-0.0766155,DOWN,0.015422243670738627,1864.9430084410192,1336.01885190797,1.5560289104989304,0.013330908110214262,0.010587726719677448,83.96937561035156
2025-07-18,bitcoin,118003.22652482428,119197.06237488426,-0.010844226,-0.0007781432,0.0121929,0.027104376,-0.07781432,DOWN,0.01567113290375396,1864.9430084410192,1336.01885190797,1.5560289104989304,0.013330908110214262,0.010587726719677448,83.96937561035156
2025-07-19,bitcoin,117939.98096720874,117909.91961553227,-0.000536146,-0.00079101615,0.012353876,0.027012827,-0.079101615,DOWN,0.015655264894363582,1864.9430084410192,1336.01885190797,1.5560289104989304,0.013330908110214262,0.010587726719677448,83.96937561035156
2025-07-20,bitcoin,117300.78765839804,117844.08346436685,-0.0054343394,-0.0008134596,0.012454224,0.026851853,-0.08134596,DOWN,0.015424180574878595,1864.9430084410192,1336.01885190797,1.5560289104989304,0.013330908110214262,0.010587726719677448,83.96937561035156
2025-07-21,bitcoin,117439.53179896809,117203.09443154512,0.0011821575,-0.0008331792,0.012489298,0.026705692,-0.08331792,DOWN,0.015192532269707725,1864.9430084410192,1336.01885190797,1.5560289104989304,0.013330908110214262,0.010587726719677448,83.96937561035156
2025-07-22,bitcoin,119995.41388814524,117339.83888847427,0.021529885,-0.00084927084,0.008942659,0.026620528,-0.08492708,DOWN,0.015143244133486491,1864.9430084410192,1336.01885190797,1.5560289104989304,0.013330908110214262,0.010587726719677448,83.96937561035156
2025-07-23,bitcoin,118754.96483406331,119893.32236025762,-0.010391308,-0.00085117936,0.009632197,0.026603961,-0.085117936,DOWN,0.013445233828576483,1864.9430084410192,1336.01885190797,1.5560289104989304,0.013330908110214262,0.010587726719677448,83.96937561035156
2025-07-24,bitcoin,118368.00184938125,118652.5443309662,-0.0032638027,-0.0008627273,0.009584708,0.026587544,-0.08627273,DOWN,0.013510160759097656,1864.9430084410192,1336.01885190797,1.5560289104989304,0.013330908110214262,0.010587726719677448,83.96937561035156
2025-07-25,bitcoin,117635.8803806305,118264.42845153809,-0.0062043006,-0.00087536115,0.009108603,0.026597016,-0.08753611,DOWN,0.013526185959559586,1864.9430084410192,1336.01885190797,1.5560289104989304,0.013330908110214262,0.010587726719677448,83.96937561035156
2025-07-26,bitcoin,117947.36813033,117532.98692200938,0.0026443694,-0.0008751479,0.011940131,0.026683658,-0.08751479,DOWN,0.01346435244970141,1864.9430084410192,1336.01885190797,1.5560289104989304,0.013330908110214262,0.010587726719677448,83.96937561035156
2025-07-27,bitcoin,119448.48594470881,117841.34457656415,0.012646765,-0.00089932454,0.009732248,0.026657641,-0.08993246,DOWN,0.013564942920151167,1864.9430084410192,1336.01885190797,1.5560289104989304,0.013330908110214262,0.010587726719677448,83.96937561035156
2025-07-28,bitcoin,117924.4880264285,119338.61408973159,-0.0128408605,-0.0009203543,0.009735181,0.026620941,-0.09203543,DOWN,0.01389435791888594,1864.9430084410192,1336.01885190797,1.5560289104989304,0.013330908110214262,0.010587726719677448,83.96937561035156
2025-07-29,bitcoin,117922.15704314318,117814.47511421423,-1.9742758e-05,-0.00093321444,0.014463503,0.026632445,-0.09332144,DOWN,0.013849012195783852,1864.9430084410192,1336.01885190797,1.5560289104989304,0.013330908110214262,0.010587726719677448,83.96937561035156
2025-07-30,bitcoin,117831.18993026437,117810.39901268436,-0.0007716621,-0.0009481524,0.015677638,0.02661679,-0.09481524,DOWN,0.013599138814435906,1864.9430084410192,1336.01885190797,1.5560289104989304,0.013330908110214262,0.010587726719677448,83.96937561035156
2025-07-31,bitcoin,115758.20140556619,117717.78249975666,-0.017749425,-0.0009629327,0.014201728,0.026591493,-0.09629327,DOWN,0.013795877713002606,1864.9430084410192,1336.01885190797,1.5560289104989304,0.013330908110214262,0.010587726719677448,83.96937561035156
2025-08-01,bitcoin,113320.08124308195,115645.63408589456,-0.021287126,-0.00097297283,0.010103076,0.026603498,-0.09729728,DOWN,0.013519808956182511,1864.9430084410192,1336.01885190797,1.5560289104989304,0.013330908110214262,0.010587726719677448,83.96937561035156
2025-08-02,bitcoin,112526.91633822676,113210.68486452522,-0.0070240046,-0.0009658389,0.010967053,0.026694832,-0.09658389,DOWN,0.013558523701564774,1864.9430084410192,1336.01885190797,1.5560289104989304,0.013330908110214262,0.010587726719677448,83.96937561035156
2025-08-03,bitcoin,114217.659985465,112417.56106812507,0.014913601,-0.0009721691,0.012127316,0.026733283,-0.09721691,DOWN,0.013460309158123726,1864.9430084410192,1336.01885190797,1.5560289104989304,0.013330908110214262,0.010587726719677448,83.96937561035156
2025-08-04,bitcoin,115071.88679127954,114106.1107560983,0.007450971,-0.0009772059,0.012212323,0.026726332,-0.09772059,DOWN,0.013498112540286093,1864.9430084410192,1336.01885190797,1.5560289104989304,0.013330908110214262,0.010587726719677448,83.96937561035156
2025-08-05,bitcoin,114141.44976193132,114958.78775097756,-0.008118574,-0.0009833049,0.013563969,0.02668915,-0.09833049,DOWN,0.013553901099706424,1864.9430084410192,1336.01885190797,1.5560289104989304,0.013330908110214262,0.010587726719677448,83.96937561035156
2025-08-06,bitcoin,115028.00480017439,114029.38036160544,0.0077371495,-0.0009822313,0.014919578,0.026732288,-0.098223135,DOWN,0.013461939790367862,1864.9430084410192,1336.01885190797,1.5560289104989304,0.013330908110214262,0.010587726719677448,83.96937561035156
2025-08-07,bitcoin,117496.90501642227,114915.46228265762,0.02123636,-0.0009788108,0.013080718,0.026784735,-0.097881086,DOWN,0.013905192547787998,1864.9430084410192,1336.01885190797,1.5560289104989304,0.013330908110214262,0.010587726719677448,83.96937561035156
2025-08-08,bitcoin,116688.73160046386,117383.53503471566,-0.006902004,-0.0009651816,0.014153404,0.02686112,-0.09651816,DOWN,0.013520594579177599,1864.9430084410192,1336.01885190797,1.5560289104989304,0.013330908110214262,0.010587726719677448,83.96937561035156
2025-08-09,bitcoin,116500.35914912866,116576.68540524272,-0.0016155749,-0.00096061605,0.02768331,0.026891395,-0.0960616,DOWN,0.01119176778701537,1864.9430084410192,1336.01885190797,1.5560289104989304,0.013330908110214262,0.010587726719677448,83.96937561035156
2025-08-10,bitcoin,119306.76183422841,116387.74913454149,0.023803614,-0.0009670445,0.025315398,0.026852328,-0.09670445,DOWN,0.01178874203205488,1864.9430084410192,1336.01885190797,1.5560289104989304,0.013330908110214262,0.010587726719677448,83.96937561035156
2025-08-11,bitcoin,118731.4445233019,119191.74777781358,-0.0048337923,-0.00096436555,0.025351014,0.026838413,-0.09643655,DOWN,0.01182803810327283,1864.9430084410192,1336.01885190797,1.5560289104989304,0.013330908110214262,0.010587726719677448,83.96937561035156
2025-08-12,bitcoin,120172.90590447374,118618.84403071599,0.01206741,-0.0009487787,0.024199227,0.02690408,-0.09487787,DOWN,0.011746486758353464,1864.9430084410192,1336.01885190797,1.5560289104989304,0.013330908110214262,0.010587726719677448,83.96937561035156
2025-08-13,bitcoin,123344.04912942648,120060.06250017509,0.026046116,-0.00093947805,0.017125579,0.026924133,-0.093947805,DOWN,0.012637634611108638,1864.9430084410192,1336.01885190797,1.5560289104989304,0.013330908110214262,0.010587726719677448,83.96937561035156
2025-08-14,bitcoin,118359.57673989236,123231.14498997107,-0.041250445,-0.0009159221,0.012322963,0.026996054,-0.09159221,DOWN,0.014378709776283376,1864.9430084410192,1336.01885190797,1.5560289104989304,0.013330908110214262,0.010587726719677448,83.96937561035156
2025-08-15,bitcoin,117398.35015733913,118255.56243968755,-0.008154398,-0.0008792089,0.01592738,0.027222637,-0.08792089,DOWN,0.014377649089579489,1864.9430084410192,1336.01885190797,1.5560289104989304,0.013330908110214262,0.010587726719677448,83.96937561035156
2025-08-16,bitcoin,117491.3481652895,117299.00124147628,0.0007918611,-0.0008465805,0.016109634,0.027373658,-0.08465805,DOWN,0.014349358224357687,1864.9430084410192,1336.01885190797,1.5560289104989304,0.013330908110214262,0.010587726719677448,83.96937561035156
2025-08-17,bitcoin,117453.05899296142,117393.95341744833,-0.00032594136,-0.0008293063,0.027078655,0.027425691,-0.08293063,DOWN,0.014214914813329062,1864.9430084410192,1336.01885190797,1.5560289104989304,0.013330908110214262,0.010587726719677448,83.96937561035156
2025-08-18,bitcoin,116252.31519360468,117355.86411382258,-0.010275849,-0.0008278383,0.027329544,0.02741838,-0.08278383,DOWN,0.014335667872951938,1864.9430084410192,1336.01885190797,1.5560289104989304,0.013330908110214262,0.010587726719677448,83.96937561035156
2025-08-19,bitcoin,112831.1834076643,116157.75693986565,-0.029870223,-0.00081368245,0.024398463,0.027463771,-0.081368245,DOWN,0.015266597359308959,1864.9430084410192,1336.01885190797,1.5560289104989304,0.013330908110214262,0.010587726719677448,83.96937561035156
2025-08-20,bitcoin,114274.7438078858,112741.54539043456,0.012712851,-0.0007947894,0.026653087,0.027545573,-0.07947894,DOWN,0.015474360981427458,1864.9430084410192,1336.01885190797,1.5560289104989304,0.013330908110214262,0.010587726719677448,83.96937561035156
2025-08-21,bitcoin,112419.03608374158,114185.03048388055,-0.016372329,-0.0007853402,0.02770356,0.027589418,-0.07853402,DOWN,0.015115417869555564,1864.9430084410192,1336.01885190797,1.5560289104989304,0.013330908110214262,0.010587726719677448,83.96937561035156
2025-08-22,bitcoin,116874.09647840634,112328.90018240549,0.038863927,-0.0008021152,0.016592871,0.027555104,-0.08021152,DOWN,0.016827834248217967,1864.9430084410192,1336.01885190797,1.5560289104989304,0.013330908110214262,0.010587726719677448,83.96937561035156
2025-08-23,bitcoin,115374.3244775841,116783.60843347572,-0.012915297,-0.0007744065,0.018989196,0.027647935,-0.07744065,DOWN,0.0169741505566364,1864.9430084410192,1336.01885190797,1.5560289104989304,0.013330908110214262,0.010587726719677448,83.96937561035156
2025-08-24,bitcoin,113458.43199599069,115287.00593647175,-0.016745359,-0.0007571537,0.023830472,0.02772564,-0.07571537,DOWN,0.017195154716264673,1864.9430084410192,1336.01885190797,1.5560289104989304,0.013330908110214262,0.010587726719677448,83.96937561035156
2025-08-25,bitcoin,110124.34885704797,113375.64809621545,-0.029826317,-0.000729886,0.02109869,0.027852068,-0.0729886,DOWN,0.01793554095394668,1864.9430084410192,1336.01885190797,1.5560289104989304,0.013330908110214262,0.010587726719677448,83.96937561035156
2025-08-26,bitcoin,111802.6678697057,110048.50543389888,0.015125124,-0.00068894436,0.018697223,0.028033966,-0.06889444,DOWN,0.018013021247436565,1864.9430084410192,1336.01885190797,1.5560289104989304,0.013330908110214262,0.010587726719677448,83.96937561035156
2025-08-27,bitcoin,111222.06560712308,111728.8462555036,-0.0052065537,-0.00066043355,0.020027101,0.028163953,-0.066043355,DOWN,0.01791053079042515,1864.9430084410192,1336.01885190797,1.5560289104989304,0.013330908110214262,0.010587726719677448,83.96937561035156
2025-08-28,bitcoin,112544.80375137925,111150.24010556191,0.01182264,-0.0006460139,0.021287583,0.028244989,-0.06460139,DOWN,0.01808243950226161,1864.9430084410192,1336.01885190797,1.5560289104989304,0.013330908110214262,0.010587726719677448,83.96937561035156
2025-08-29,bitcoin,108410.83372936817,112472.9532311554,-0.03742336,-0.00063867157,0.00839402,0.02828,-0.06386716,DOWN,0.019197123642975232,1864.9430084410192,1336.01885190797,1.5560289104989304,0.013330908110214262,0.010587726719677448,83.96937561035156
2025-08-30,bitcoin,108808.06797697674,108342.47020600922,0.0036574607,-0.00063085684,0.010833789,0.028323228,-0.06308568,DOWN,0.019015909753370842,1864.9430084410192,1336.01885190797,1.5560289104989304,0.013330908110214262,0.010587726719677448,83.96937561035156
2025-08-31,bitcoin,108236.70720991725,108738.66285130475,-0.0052649104,-0.00063808204,0.010071916,0.028300654,-0.0638082,DOWN,0.018682299765052972,1864.9430084410192,1336.01885190797,1.5560289104989304,0.013330908110214262,0.010587726719677448,83.96937561035156
2025-09-01,bitcoin,109250.60174140427,108166.14540718589,0.009323671,-0.0006521923,0.010189644,0.028248226,-0.06521923,DOWN,0.018750766844111026,1864.9430084410192,1336.01885190797,1.5560289104989304,0.013330908110214262,0.010587726719677448,83.96937561035156
2025-09-02,bitcoin,111200.57810971886,109178.65742223524,0.017691381,-0.0006587218,0.0069034584,0.028211836,-0.06587218,DOWN,0.01883988333997746,1864.9430084410192,1336.01885190797,1.5560289104989304,0.013330908110214262,0.010587726719677448,83.96937561035156
2025-09-03,bitcoin,111723.20936925244,111127.51807812601,0.0046888306,-0.0006573078,0.007620582,0.028197352,-0.06573078,DOWN,0.018804981953418676,1864.9430084410192,1336.01885190797,1.5560289104989304,0.013330908110214262,0.010587726719677448,83.96937561035156
2025-09-04,bitcoin,110723.59507788252,111649.02054184349,-0.008987461,-0.00066427107,0.006448159,0.02816161,-0.066427104,DOWN,0.018817125514050317,1864.9430084410192,1336.01885190797,1.5560289104989304,0.013330908110214262,0.010587726719677448,83.96937561035156
2025-09-05,bitcoin,110650.98571324395,110648.79463245207,-0.00065605727,-0.00067580084,0.0107919015,0.028111478,-0.06758008,DOWN,0.018746961888128535,1864.9430084410192,1336.01885190797,1.5560289104989304,0.013330908110214262,0.010587726719677448,83.96937561035156
2025-09-06,bitcoin,110224.69634395372,110572.3352720337,-0.0038599959,-0.00071100646,0.009602669,0.027983434,-0.071100645,DOWN,0.01825868084392023,1864.9430084410192,1336.01885190797,1.5560289104989304,0.013330908110214262,0.010587726719677448,83.96937561035156
2025-09-07,bitcoin,111167.62104705814,110139.2931328793,0.008518159,-0.0007751839,0.009794842,0.027739048,-0.07751839,DOWN,0.01833275665604446,1864.9430084410192,1336.01885190797,1.5560289104989304,0.013330908110214262,0.010587726719677448,83.96937561035156
2025-09-08,bitcoin,112071.43134353217,111074.59990679752,0.008097306,-0.00083704444,0.010787571,0.027483836,-0.08370444,DOWN,0.01841590668669646,1864.9430084410192,1336.01885190797,1.5560289104989304,0.013330908110214262,0.010587726719677448,83.96937561035156
2025-09-09,bitcoin,111530.53852864169,111972.69293628866,-0.0048379167,-0.00088137866,0.010748526,0.027284991,-0.088137865,DOWN,0.01779694710230576,1864.9430084410192,1336.01885190797,1.5560289104989304,0.013330908110214262,0.010587726719677448,83.96937561035156
2025-09-10,bitcoin,113955.34942602739,111428.97607650142,0.021508269,-0.00091115164,0.0070611592,0.027122758,-0.09111516,DOWN,0.018309759675756414,1864.9430084410192,1336.01885190797,1.5560289104989304,0.013330908110214262,0.010587726719677448,83.96937561035156
2025-09-11,bitcoin,115507.54220647179,113851.94029153325,0.013529014,-0.000907943,0.006493287,0.027040726,-0.0907943,DOWN,0.01834892113151618,1864.9430084410192,1336.01885190797,1.5560289104989304,0.013330908110214262,0.010587726719677448,83.96937561035156
2025-09-12,bitcoin,116101.57215388957,115402.82146995421,0.0051296805,-0.0009069735,0.006653909,0.026974611,-0.09069735,DOWN,0.017645713173566224,1864.9430084410192,1336.01885190797,1.5560289104989304,0.013330908110214262,0.010587726719677448,83.96937561035156
2025-09-13,bitcoin,115950.50338458735,115996.80639810488,-0.0013020382,-0.00090284355,0.0068817367,0.026907058,-0.090284355,DOWN,0.01607438335173323,1864.9430084410192,1336.01885190797,1.5560289104989304,0.013330908110214262,0.010587726719677448,83.96937561035156
2025-09-14,bitcoin,115407.66157468315,115845.16747235786,-0.0046927463,-0.0009088997,0.00924333,0.02677556,-0.09088997,DOWN,0.016030801208272875,1864.9430084410192,1336.01885190797,1.5560289104989304,0.013330908110214262,0.010587726719677448,83.96937561035156
2025-09-15,bitcoin,115444.87073304132,115301.60529158078,0.0003224461,-0.0009193927,0.009243506,0.026653979,-0.09193927,DOWN,0.01602978016437234,1864.9430084410192,1336.01885190797,1.5560289104989304,0.013330908110214262,0.010587726719677448,83.96937561035156
2025-09-16,bitcoin,116843.1870881617,115338.65910038352,0.012039615,-0.0009204274,0.006630515,0.02660041,-0.09204274,DOWN,0.01619342032317642,1864.9430084410192,1336.01885190797,1.5560289104989304,0.013330908110214262,0.010587726719677448,83.96937561035156
2025-09-17,bitcoin,116468.49599393085,116735.37167491391,-0.0032118405,-0.0009231252,0.011101741,0.0265578,-0.09231252,DOWN,0.016091718545288534,1864.9430084410192,1336.01885190797,1.5560289104989304,0.013330908110214262,0.010587726719677448,83.96937561035156
2025-09-18,bitcoin,117137.20907280128,116360.73921041004,0.005725007,-0.00092568866,0.008855669,0.026540214,-0.09256887,DOWN,0.015110938653166607,1864.9430084410192,1336.01885190797,1.5560289104989304,0.013330908110214262,0.010587726719677448,83.96937561035156
2025-09-19,bitcoin,115688.85938962363,117027.57299545594,-0.012441583,-0.0009364126,0.012348015,0.026475558,-0.09364126,DOWN,0.015152542496886688,1864.9430084410192,1336.01885190797,1.5560289104989304,0.013330908110214262,0.010587726719677448,83.96937561035156
2025-09-20,bitcoin,115721.95822316408,115579.1297977427,0.00028608483,-0.0009489384,0.019176593,0.026402742,-0.09489384,DOWN,0.01481895016377399,1864.9430084410192,1336.01885190797,1.5560289104989304,0.013330908110214262,0.010587726719677448,83.96937561035156
2025-09-21,bitcoin,115306.09976322157,115611.35156312026,-0.0036001485,-0.00095627236,0.020650404,0.026272034,-0.09562723,DOWN,0.012920559054529776,1864.9430084410192,1336.01885190797,1.5560289104989304,0.013330908110214262,0.010587726719677448,83.96937561035156
2025-09-22,bitcoin,112748.51284507662,115194.68600632623,-0.022430534,-0.00096665195,0.019654043,0.026126271,-0.096665196,DOWN,0.013337526111905746,1864.9430084410192,1336.01885190797,1.5560289104989304,0.013330908110214262,0.010587726719677448,83.96937561035156
2025-09-23,bitcoin,112014.4994096579,112639.07388131507,-0.006531416,-0.00097105384,0.023123203,0.026190082,-0.097105384,DOWN,0.013046025715085622,1864.9430084410192,1336.01885190797,1.5560289104989304,0.013330908110214262,0.010587726719677448,83.96937561035156
2025-09-24,bitcoin,113328.62541729212,111904.46988773346,0.011663525,-0.0009827024,0.024441862,0.026220696,-0.09827024,DOWN,0.012008323021838794,1864.9430084410192,1336.01885190797,1.5560289104989304,0.013330908110214262,0.010587726719677448,83.96937561035156
2025-09-25,bitcoin,109049.28741068579,113216.08920864528,-0.038491882,-0.0009935627,0.011530055,0.026259309,-0.09935627,DOWN,0.01363386101129999,1864.9430084410192,1336.01885190797,1.5560289104989304,0.013330908110214262,0.010587726719677448,83.96937561035156
2025-09-26,bitcoin,109712.81915144064,108940.9951593238,0.0060663256,-0.0009936119,0.017537814,0.026459182,-0.09936119,DOWN,0.013662295493796132,1864.9430084410192,1336.01885190797,1.5560289104989304,0.013330908110214262,0.010587726719677448,83.96937561035156
2025-09-27,bitcoin,109681.9360270463,109605.49050945975,-0.0002815274,-0.0009787715,0.015151585,0.026623772,-0.097877145,DOWN,0.013465058861117225,1864.9430084410192,1336.01885190797,1.5560289104989304,0.013330908110214262,0.010587726719677448,83.96937561035156
2025-09-28,bitcoin,112122.63626928907,109574.21950776223,0.022008507,-0.0009825631,0.015252985,0.026703551,-0.09825631,DOWN,0.012287824192067712,1864.9430084410192,1336.01885190797,1.5560289104989304,0.013330908110214262,0.010587726719677448,83.96937561035156
2025-09-29,bitcoin,114400.37769820541,112013.08571149316,0.020111147,-0.0009775263,0.01664931,0.026771564,-0.09775263,DOWN,0.012769727879342432,1864.9430084410192,1336.01885190797,1.5560289104989304,0.013330908110214262,0.010587726719677448,83.96937561035156
2025-09-30,bitcoin,114056.09507557238,114290.95480350405,-0.0030141156,-0.000956962,0.01438894,0.026892742,-0.0956962,DOWN,0.012733851013454287,1864.9430084410192,1336.01885190797,1.5560289104989304,0.013330908110214262,0.010587726719677448,83.96937561035156
2025-10-01,bitcoin,118648.93084684107,113949.04713719571,0.039478652,-0.0009389183,0.0058119143,0.027022086,-0.09389183,DOWN,0.014493147384723806,1864.9430084410192,1336.01885190797,1.5560289104989304,0.013330908110214262,0.010587726719677448,83.96937561035156
2025-10-02,bitcoin,120681.24646282289,118541.491448652,0.016983874,-0.00090593763,0.016286803,0.027223123,-0.09059376,DOWN,0.014468042357764036,1864.9430084410192,1336.01885190797,1.5560289104989304,0.013330908110214262,0.010587726719677448,83.96937561035156
2025-10-03,bitcoin,122266.53034426365,120574.6263567321,0.013050507,-0.0008839095,0.016770149,0.027303427,-0.088390954,DOWN,0.014587092517217971,1864.9430084410192,1336.01885190797,1.5560289104989304,0.013330908110214262,0.010587726719677448,83.96937561035156
2025-10-04,bitcoin,122425.4312395677,122160.67080015317,0.0012987633,-0.0008661252,0.018119043,0.027354829,-0.08661252,DOWN,0.014413894309654837,1864.9430084410192,1336.01885190797,1.5560289104989304,0.013330908110214262,0.010587726719677448,83.96937561035156
2025-10-05,bitcoin,123513.47469562199,122317.62197386008,0.008848165,-0.000880984,0.03520004,0.02726539,-0.0880984,DOWN,0.01442534938713979,1864.9430084410192,1336.01885190797,1.5560289104989304,0.013330908110214262,0.010587726719677448,83.96937561035156
2025-10-06,bitcoin,124752.54144587088,123406.02850971045,0.009981752,-0.0008703164,0.03171837,0.027217792,-0.08703164,DOWN,0.014394958389787084,1864.9430084410192,1336.01885190797,1.5560289104989304,0.013330908110214262,0.010587726719677448,83.96937561035156
2025-10-07,bitcoin,121451.38694805093,124645.63375346363,-0.026817985,-0.0008572099,0.041957416,0.02717613,-0.08572099,DOWN,0.015416102581020623,1864.9430084410192,1336.01885190797,1.5560289104989304,0.013330908110214262,0.010587726719677448,83.96937561035156
2025-10-08,bitcoin,123354.86640030239,121350.00692481361,0.01555126,-0.00083502324,0.040143188,0.02723707,-0.08350232,DOWN,0.015562312829997748,1864.9430084410192,1336.01885190797,1.5560289104989304,0.013330908110214262,0.010587726719677448,83.96937561035156
2025-10-09,bitcoin,121705.57862925343,123253.1744413334,-0.013460403,-0.0008247717,0.040212274,0.027246987,-0.08247717,DOWN,0.015793003210241765,1864.9430084410192,1336.01885190797,1.5560289104989304,0.013330908110214262,0.010587726719677448,83.96937561035156
2025-10-10,bitcoin,113214.37117593596,121606.7181974207,-0.072321825,-0.000812641,0.025735945,0.027261645,-0.0812641,DOWN,0.020260772775900864,1864.9430084410192,1336.01885190797,1.5560289104989304,0.013330908110214262,0.010587726719677448,83.96937561035156
2025-10-11,bitcoin,110807.88599485531,113133.34272510884,-0.02148516,-0.0007159434,0.02612504,0.027690869,-0.07159434,DOWN,0.020451076464831835,1864.9430084410192,1336.01885190797,1.5560289104989304,0.013330908110214262,0.010587726719677448,83.96937561035156
2025-10-12,bitcoin,115169.76175585762,110739.63681429019,0.038609345,-0.00061612774,0.009694042,0.028089572,-0.061612774,DOWN,0.02173018432304164,1864.9430084410192,1336.01885190797,1.5560289104989304,0.013330908110214262,0.010587726719677448,83.96937561035156
2025-10-13,bitcoin,115271.07417351566,115110.29713633005,0.000879293,-0.000516517,0.012268064,0.028475825,-0.051651698,DOWN,0.021729457338947634,1864.9430084410192,1336.01885190797,1.5560289104989304,0.013330908110214262,0.010587726719677448,83.96937561035156
2025-10-14,bitcoin,113118.66219379846,115219.47923059948,-0.018849164,-0.00044772937,0.017056845,0.028760055,-0.044772938,DOWN,0.021982854843686655,1864.9430084410192,1336.01885190797,1.5560289104989304,0.013330908110214262,0.010587726719677448,83.96937561035156
2025-10-15,bitcoin,110783.16489239875,113075.32392951287,-0.02086258,-0.0003831822,0.018423993,0.029028578,-0.03831822,DOWN,0.02228930783690982,1864.9430084410192,1336.01885190797,1.5560289104989304,0.013330908110214262,0.010587726719677448,83.96937561035156
2025-10-16,bitcoin,108186.03654205333,110744.84574430855,-0.023722485,-0.00034597924,0.017073518,0.029203441,-0.034597922,DOWN,0.02250516458931218,1864.9430084410192,1336.01885190797,1.5560289104989304,0.013330908110214262,0.010587726719677448,83.96937561035156
2025-10-17,bitcoin,106467.78805228043,108152.54612261709,-0.01600984,-0.00030961342,0.015316211,0.029373314,-0.030961342,DOWN,0.022641064711643878,1864.9430084410192,1336.01885190797,1.5560289104989304,0.013330908110214262,0.010587726719677448,83.96937561035156
2025-10-18,bitcoin,107198.2742156377,106435.81804172415,0.0068375804,-0.00030025374,0.017721139,0.029449657,-0.030025374,DOWN,0.02265643982173617,1864.9430084410192,1336.01885190797,1.5560289104989304,0.013330908110214262,0.010587726719677448,83.96937561035156
2025-10-19,bitcoin,108666.70385729894,107161.87733967695,0.01360543,-0.00033957092,0.017277041,0.029329676,-0.033957094,DOWN,0.02277247251322563,1864.9430084410192,1336.01885190797,1.5560289104989304,0.013330908110214262,0.010587726719677448,83.96937561035156
2025-10-20,bitcoin,110588.92821548972,108623.31476478092,0.01753449,-0.00039944623,0.015742106,0.029114768,-0.039944623,DOWN,0.023048260927955568,1864.9430084410192,1336.01885190797,1.5560289104989304,0.013330908110214262,0.010587726719677448,83.96937561035156
2025-10-21,bitcoin,108476.897504149,110540.81749786204,-0.01928283,-0.00043515768,0.013091264,0.02897542,-0.043515768,DOWN,0.023275308428552154,1864.9430084410192,1336.01885190797,1.5560289104989304,0.013330908110214262,0.010587726719677448,83.96937561035156
2025-10-22,bitcoin,107688.58924621344,108429.75547858141,-0.007293562,-0.00043461646,0.011703337,0.028981617,-0.043461647,DOWN,0.022981702793499,1864.9430084410192,1336.01885190797,1.5560289104989304,0.013330908110214262,0.010587726719677448,83.96937561035156
2025-10-23,bitcoin,110069.73304486647,107640.86902500037,0.021870444,-0.00044316985,0.0133540435,0.028971931,-0.044316985,DOWN,0.023347874916529898,1864.9430084410192,1336.01885190797,1.5560289104989304,0.013330908110214262,0.010587726719677448,83.96937561035156
2025-10-24,bitcoin,111033.9215418091,110018.48119293572,0.008721714,-0.00046569936,0.018923983,0.028891396,-0.046569936,DOWN,0.023301248095273543,1864.9430084410192,1336.01885190797,1.5560289104989304,0.013330908110214262,0.010587726719677448,83.96937561035156
2025-10-25,bitcoin,111641.73162037134,110978.19053935353,0.0054591172,-0.0005020717,0.019307442,0.028743165,-0.050207168,DOWN,0.02222398777891152,1864.9430084410192,1336.01885190797,1.5560289104989304,0.013330908110214262,0.010587726719677448,83.96937561035156
2025-10-26,bitcoin,114472.44039165229,111579.56148042995,0.025039267,-0.0005570167,0.014094817,0.028513698,-0.05570167,DOWN,0.022649687258590928,1864.9430084410192,1336.01885190797,1.5560289104989304,0.013330908110214262,0.010587726719677448,83.96937561035156
2025-10-27,bitcoin,114119.3299647416,114404.78073452925,-0.003089503,-0.0005913124,0.015248367,0.028353164,-0.059131242,DOWN,0.022663783551975344,1864.9430084410192,1336.01885190797,1.5560289104989304,0.013330908110214262,0.010587726719677448,83.96937561035156
2025-10-28,bitcoin,112956.15853432659,114050.04932707828,-0.010244825,-0.0006072478,0.01603325,0.028278796,-0.06072478,DOWN,0.022415771865407125,1864.9430084410192,1336.01885190797,1.5560289104989304,0.013330908110214262,0.010587726719677448,83.96937561035156
2025-10-29,bitcoin,110055.29429004807,112885.79375631921,-0.026016807,-0.0006231653,0.020296179,0.02821158,-0.06231653,DOWN,0.022585605170162483,1864.9430084410192,1336.01885190797,1.5560289104989304,0.013330908110214262,0.010587726719677448,83.96937561035156
2025-10-30,bitcoin,108305.54823702341,109985.96096409252,-0.016026638,-0.00063033274,0.027618062,0.028181616,-0.063033275,DOWN,0.022746377511651896,1864.9430084410192,1336.01885190797,1.5560289104989304,0.013330908110214262,0.010587726719677448,83.96937561035156
2025-10-31,bitcoin,109556.16062313318,108237.06033070106,0.011480961,-0.0006325607,0.030317858,0.028171131,-0.06325607,DOWN,0.021499307013313963,1864.9430084410192,1336.01885190797,1.5560289104989304,0.013330908110214262,0.010587726719677448,83.96937561035156
2025-11-01,bitcoin,110064.00653643254,109485.95942784334,0.0046248254,-0.0006409931,0.029495742,0.02812446,-0.06409931,DOWN,0.021226702807717112,1864.9430084410192,1336.01885190797,1.5560289104989304,0.013330908110214262,0.010587726719677448,83.96937561035156
2025-11-02,bitcoin,110639.61867683753,109989.77896971628,0.005216141,-0.000674768,0.03284737,0.027987009,-0.0674768,DOWN,0.021069961382043378,1864.9430084410192,1336.01885190797,1.5560289104989304,0.013330908110214262,0.010587726719677448,83.96937561035156
2025-11-03,bitcoin,106547.52834550291,110560.29812901467,-0.037687186,-0.0007172165,0.029988462,0.027816659,-0.07172165,DOWN,0.021935495300597407,1864.9430084410192,1336.01885190797,1.5560289104989304,0.013330908110214262,0.010587726719677448,83.96937561035156
2025-11-04,bitcoin,101590.52676153742,106471.12418824714,-0.047640856,-0.0007173311,0.022539172,0.027824325,-0.07173311,DOWN,0.023082409437429764,1864.9430084410192,1336.01885190797,1.5560289104989304,0.013330908110214262,0.010587726719677448,83.96937561035156
2025-11-05,bitcoin,103891.82768442761,101523.20097830426,0.02240006,-0.0006628715,0.021099769,0.02804818,-0.06628715,DOWN,0.023500267400182327,1864.9430084410192,1336.01885190797,1.5560289104989304,0.013330908110214262,0.010587726719677448,83.96937561035156
2025-11-06,bitcoin,101301.29227125086,103828.8526711869,-0.025251184,-0.0006064634,0.022317711,0.028269848,-0.06064634,DOWN,0.02345561952886972,1864.9430084410192,1336.01885190797,1.5560289104989304,0.013330908110214262,0.010587726719677448,83.96937561035156
2025-11-07,bitcoin,103372.40489983,101244.18743785238,0.020238925,-0.0005637972,0.020930108,0.028455472,-0.05637972,DOWN,0.023621580336887948,1864.9430084410192,1336.01885190797,1.5560289104989304,0.013330908110214262,0.010587726719677448,83.96937561035156
2025-11-08,bitcoin,102282.12082774937,103320.35410451889,-0.010603213,-0.0005036072,0.022054749,0.028688688,-0.05036072,DOWN,0.023595167621782966,1864.9430084410192,1336.01885190797,1.5560289104989304,0.013330908110214262,0.010587726719677448,83.96937561035156
2025-11-09,bitcoin,104719.63991012424,102233.30259798048,0.023551838,-0.0004774154,0.024248855,0.0288062,-0.04774154,DOWN,0.020831181764442472,1864.9430084410192,1336.01885190797,1.5560289104989304,0.013330908110214262,0.010587726719677448,83.96937561035156
2025-11-10,bitcoin,105996.5958432164,104671.81612977572,0.012120269,-0.00045675912,0.024249816,0.028887037,-0.04567591,DOWN,0.020681000636595864,1864.9430084410192,1336.01885190797,1.5560289104989304,0.013330908110214262,0.010587726719677448,83.96937561035156
2025-11-11,bitcoin,102997.46641924977,105949.52547458187,-0.028702548,-0.00044413342,0.023916682,0.028933909,-0.044413343,DOWN,0.019765745248572424,1864.9430084410192,1336.01885190797,1.5560289104989304,0.013330908110214262,0.010587726719677448,83.96937561035156
2025-11-12,bitcoin,101663.18463184871,102950.66404165328,-0.013039147,-0.00045448414,0.02380577,0.028903184,-0.045448415,DOWN,0.019820708954977072,1864.9430084410192,1336.01885190797,1.5560289104989304,0.013330908110214262,0.010587726719677448,83.96937561035156
2025-11-13,bitcoin,99697.49020875245,101614.62588020414,-0.019524744,-0.00047782843,0.027124846,0.02880622,-0.047782842,DOWN,0.01983800264981876,1864.9430084410192,1336.01885190797,1.5560289104989304,0.013330908110214262,0.010587726719677448,83.96937561035156
2025-11-14,bitcoin,94397.79219958186,99649.6615393986,-0.054622874,-0.00047983893,0.015823051,0.028778005,-0.047983892,DOWN,0.021588933448996414,1864.9430084410192,1336.01885190797,1.5560289104989304,0.013330908110214262,0.010587726719677448,83.96937561035156
2025-11-15,bitcoin,95549.14931058045,94355.46617833804,0.012123107,-0.0004484217,0.022815896,0.02888834,-0.04484217,DOWN,0.021524855286084384,1864.9430084410192,1336.01885190797,1.5560289104989304,0.013330908110214262,0.010587726719677448,83.96937561035156
2025-11-16,bitcoin,94177.08443152206,95505.71704781149,-0.014463939,-0.00045461056,0.022672722,0.028857494,-0.045461055,DOWN,0.021497419518870603,1864.9430084410192,1336.01885190797,1.5560289104989304,0.013330908110214262,0.010587726719677448,83.96937561035156
2025-11-17,bitcoin,92093.8700306844,94133.8044915637,-0.022368383,-0.0004596141,0.02356074,0.028825862,-0.04596141,DOWN,0.0216499141947551,1864.9430084410192,1336.01885190797,1.5560289104989304,0.013330908110214262,0.010587726719677448,83.96937561035156
2025-11-18,bitcoin,92948.87632858753,92051.72874806821,0.009241173,-0.00045775028,0.028522227,0.028820137,-0.04577503,DOWN,0.021534400822061737,1864.9430084410192,1336.01885190797,1.5560289104989304,0.013330908110214262,0.010587726719677448,83.96937561035156
2025-11-19,bitcoin,91465.99470963329,92907.8333119154,-0.016082378,-0.0004416753,0.031456836,0.028856592,-0.04416753,DOWN,0.02118703033782116,1864.9430084410192,1336.01885190797,1.5560289104989304,0.013330908110214262,0.010587726719677448,83.96937561035156
2025-11-20,bitcoin,86631.89927991154,91425.7524666586,-0.054299146,-0.0004400781,0.018447103,0.02885649,-0.044007808,DOWN,0.022740900022394026,1864.9430084410192,1336.01885190797,1.5560289104989304,0.013330908110214262,0.010587726719677448,83.96937561035156
2025-11-21,bitcoin,85090.68945560232,86596.31046843342,-0.01795049,-0.0004109058,0.019771649,0.028963111,-0.04109058,DOWN,0.02282275626484165,1864.9430084410192,1336.01885190797,1.5560289104989304,0.013330908110214262,0.010587726719677448,83.96937561035156
2025-11-22,bitcoin,84648.35551717132,85059.42999535426,-0.0052118725,-0.00036747498,0.017555835,0.029119913,-0.036747497,DOWN,0.022132456408120723,1864.9430084410192,1336.01885190797,1.5560289104989304,0.013330908110214262,0.010587726719677448,83.96937561035156
2025-11-23,bitcoin,86805.01055129804,84614.60036679637,0.025158586,-0.00039885263,0.01821221,0.029002257,-0.039885264,DOWN,0.0227823018557848,1864.9430084410192,1336.01885190797,1.5560289104989304,0.013330908110214262,0.010587726719677448,83.96937561035156
2025-11-24,bitcoin,88270.55881231558,86769.42634065589,0.016742358,-0.00040999881,0.018094998,0.028930293,-0.040999882,DOWN,0.02310648849917462,1864.9430084410192,1336.01885190797,1.5560289104989304,0.013330908110214262,0.010587726719677448,83.96937561035156
2025-11-25,bitcoin,87341.884167023,88235.37994936481,-0.010576477,-0.00039870152,0.01698147,0.028952375,-0.03987015,DOWN,0.022258219890938707,1864.9430084410192,1336.01885190797,1.5560289104989304,0.013330908110214262,0.010587726719677448,83.96937561035156
2025-11-26,bitcoin,90518.37282465398,87307.20837048627,0.035722587,-0.000397117,0.02114247,0.028957143,-0.0397117,DOWN,0.023720942554718107,1864.9430084410192,1336.01885190797,1.5560289104989304,0.013330908110214262,0.010587726719677448,83.96937561035156
2025-11-27,bitcoin,91285.37597585376,90484.50079448009,0.008437807,-0.00037420506,0.03665173,0.029021755,-0.037420508,DOWN,0.02388987463987004,1864.9430084410192,1336.01885190797,1.5560289104989304,0.013330908110214262,0.010587726719677448,83.96937561035156
2025-11-28,bitcoin,90919.25881522894,91249.74167913944,-0.0040186667,-0.0003904663,0.037921995,0.028944636,-0.03904663,DOWN,0.023625323196613087,1864.9430084410192,1336.01885190797,1.5560289104989304,0.013330908110214262,0.010587726719677448,83.96937561035156
2025-11-29,bitcoin,90851.7585194176,90880.70794207323,-0.00074277853,-0.00042412872,0.03903525,0.028786102,-0.042412873,DOWN,0.02356996814458637,1864.9430084410192,1336.01885190797,1.5560289104989304,0.013330908110214262,0.010587726719677448,83.96937561035156
2025-11-30,bitcoin,90394.30991165573,90808.14389840234,-0.0050477926,-0.00048012647,0.041847628,0.028536364,-0.048012648,DOWN,0.023348133748949434,1864.9430084410192,1336.01885190797,1.5560289104989304,0.013330908110214262,0.010587726719677448,83.96937561035156
2025-12-01,bitcoin,86321.57232622057,90345.40095419437,-0.04610184,-0.0005412655,0.034206364,0.028262995,-0.054126546,DOWN,0.024301800605820902,1864.9430084410192,1336.01885190797,1.5560289104989304,0.013330908110214262,0.010587726719677448,83.96937561035156
2025-12-02,bitcoin,91350.20911574736,86275.19692652067,0.056620993,-0.0005374028,0.021435054,0.028242592,-0.05374028,DOWN,0.027053024639682174,1864.9430084410192,1336.01885190797,1.5560289104989304,0.013330908110214262,0.010587726719677448,83.96937561035156
2025-12-03,bitcoin,93527.80232480727,91306.30637016334,0.02355826,-0.00048062054,0.01669187,0.028407328,-0.048062053,DOWN,0.026930458404551928,1864.9430084410192,1336.01885190797,1.5560289104989304,0.013330908110214262,0.010587726719677448,83.96937561035156
2025-12-04,bitcoin,92141.62975391326,93488.12960756058,-0.014931973,-0.00042436086,0.019887455,0.028595632,-0.042436086,DOWN,0.025801943533975857,1864.9430084410192,1336.01885190797,1.5560289104989304,0.013330908110214262,0.010587726719677448,83.96937561035156
2025-12-05,bitcoin,89387.75889627635,92105.83867952228,-0.03034306,-0.00038839446,0.011753721,0.028718093,-0.038839445,DOWN,0.02578898255411956,1864.9430084410192,1336.01885190797,1.5560289104989304,0.013330908110214262,0.010587726719677448,83.96937561035156
2025-12-06,bitcoin,89272.37092882721,89355.83288259432,-0.001291646,-0.0003571806,0.0111099975,0.028814228,-0.03571806,DOWN,0.025508309636205526,1864.9430084410192,1336.01885190797,1.5560289104989304,0.013330908110214262,0.010587726719677448,83.96937561035156
2025-12-07,bitcoin,90405.64120356739,89241.06063134223,0.012614572,-0.0003508773,0.017244432,0.028800795,-0.03508773,DOWN,0.025291675497572833,1864.9430084410192,1336.01885190797,1.5560289104989304,0.013330908110214262,0.010587726719677448,83.96937561035156
2025-12-08,bitcoin,90640.20621302165,90374.4460422052,0.002591196,-0.00034510368,0.017178945,0.028777262,-0.034510367,DOWN,0.02529082126344703,1864.9430084410192,1336.01885190797,1.5560289104989304,0.013330908110214262,0.010587726719677448,83.96937561035156
2025-12-09,bitcoin,92691.71292568743,90607.82007780485,0.022381194,-0.00035736815,0.013689904,0.028698117,-0.035736814,DOWN,0.02524674847957246,1864.9430084410192,1336.01885190797,1.5560289104989304,0.013330908110214262,0.010587726719677448,83.96937561035156
2025-12-10,bitcoin,92020.94915905595,92655.0424648826,-0.007262833,-0.00039574818,0.0142441755,0.028517425,-0.039574817,DOWN,0.02507225968142802,1864.9430084410192,1336.01885190797,1.5560289104989304,0.013330908110214262,0.010587726719677448,83.96937561035156
2025-12-11,bitcoin,92511.33708420396,91979.5838644146,0.00531497,-0.0004495934,0.01805046,0.028291965,-0.04495934,DOWN,0.024716156405133662,1864.9430084410192,1336.01885190797,1.5560289104989304,0.013330908110214262,0.010587726719677448,83.96937561035156
2025-12-12,bitcoin,90270.41456518602,92464.4109012587,-0.024521422,-0.0005074226,0.017190672,0.028055945,-0.05074226,DOWN,0.02495280568378183,1864.9430084410192,1336.01885190797,1.5560289104989304,0.013330908110214262,0.010587726719677448,83.96937561035156
2025-12-13,bitcoin,90298.7049205983,90220.26746731624,0.0003134188,-0.00055568374,0.016408242,0.027868735,-0.055568375,DOWN,0.0247842573456802,1864.9430084410192,1336.01885190797,1.5560289104989304,0.013330908110214262,0.010587726719677448,83.96937561035156
2025-12-14,bitcoin,88175.17654385883,90243.86608931702,-0.02379767,-0.0006075072,0.022597762,0.027667904,-0.06075072,DOWN,0.02325954944654335,1864.9430084410192,1336.01885190797,1.5560289104989304,0.013330908110214262,0.010587726719677448,83.96937561035156
2025-12-15,bitcoin,86419.7767326138,88116.67378876917,-0.020108916,-0.00066376233,0.019677699,0.027460467,-0.06637623,DOWN,0.023321885876326026,1864.9430084410192,1336.01885190797,1.5560289104989304,0.013330908110214262,0.010587726719677448,83.96937561035156
2025-12-16,bitcoin,87843.98687015846,86359.99335664697,0.016345738,-0.0006920706,0.018526793,0.02725116,-0.06920706,DOWN,0.023486614610850904,1864.9430084410192,1336.01885190797,1.5560289104989304,0.013330908110214262,0.010587726719677448,83.96937561035156
2025-12-17,bitcoin,86143.75366770197,87780.51991614047,-0.019544834,-0.00072267384,0.014699475,0.027040204,-0.07226738,DOWN,0.023410446282823738,1864.9430084410192,1336.01885190797,1.5560289104989304,0.013330908110214262,0.010587726719677448,83.96937561035156
2025-12-18,bitcoin,85462.5084536788,86078.82606450934,-0.007939729,-0.00075405266,0.015759198,0.026907472,-0.07540526,DOWN,0.023336042070896578,1864.9430084410192,1336.01885190797,1.5560289104989304,0.013330908110214262,0.010587726719677448,83.96937561035156
2025-12-19,bitcoin,88103.3809377104,85396.15385801997,0.030433154,-0.00077671895,0.0064815544,0.026824627,-0.07767189,DOWN,0.02396621927797538,1864.9430084410192,1336.01885190797,1.5560289104989304,0.013330908110214262,0.010587726719677448,83.96937561035156
2025-12-20,bitcoin,88344.00062420778,88035.20951630641,0.0027273553,-0.00077410194,0.0061957072,0.026809411,-0.07741019,DOWN,0.021874325978844616,1864.9430084410192,1336.01885190797,1.5560289104989304,0.013330908110214262,0.010587726719677448,83.96937561035156
2025-12-21,bitcoin,88621.7452840805,88274.37674617767,0.0031390283,-0.00078839844,0.0057259602,0.026703354,-0.078839846,DOWN,0.021590173550676953,1864.9430084410192,1336.01885190797,1.5560289104989304,0.013330908110214262,0.010587726719677448,83.96937561035156
2025-12-22,bitcoin,88490.02080240846,88550.16470503807,-0.0014875851,-0.00080811477,0.0069736387,0.026565969,-0.08081148,DOWN,0.021560603423150557,1864.9430084410192,1336.01885190797,1.5560289104989304,0.013330908110214262,0.010587726719677448,83.96937561035156
2025-12-23,bitcoin,87414.00312521495,88417.76667535119,-0.012234275,-0.00081684964,0.0036242371,0.026445711,-0.08168496,DOWN,0.021221914218515457,1864.9430084410192,1336.01885190797,1.5560289104989304,0.013330908110214262,0.010587726719677448,83.96937561035156
2025-12-24,bitcoin,87611.96981477737,87341.91577041149,0.0022620761,-0.000824937,0.0052387007,0.026363606,-0.0824937,DOWN,0.02099820819470788,1864.9430084410192,1336.01885190797,1.5560289104989304,0.013330908110214262,0.010587726719677448,83.96937561035156
2025-12-25,bitcoin,87234.74400244234,87537.49407941289,-0.004314858,-0.0008503677,0.0083158715,0.02617483,-0.08503677,DOWN,0.020921736858018115,1864.9430084410192,1336.01885190797,1.5560289104989304,0.013330908110214262,0.010587726719677448,83.96937561035156
2025-12-26,bitcoin,87301.43220348936,87157.8765624906,0.00076416833,-0.0008815302,0.010266909,0.025963549,-0.08815302,DOWN,0.019775971388187298,1864.9430084410192,1336.01885190797,1.5560289104989304,0.013330908110214262,0.010587726719677448,83.96937561035156
2025-12-27,bitcoin,87802.15888929181,87221.31551292725,0.00571922,-0.0009181098,0.011837804,0.025703587,-0.09181098,DOWN,0.0197369402554394,1864.9430084410192,1336.01885190797,1.5560289104989304,0.013330908110214262,0.010587726719677448,83.96937561035156
2025-12-28,bitcoin,87835.82805069163,87720.17478313111,0.00038351258,-0.00093412783,0.012789371,0.025309512,-0.09341279,DOWN,0.019730966898774543,1864.9430084410192,1336.01885190797,1.5560289104989304,0.013330908110214262,0.010587726719677448,83.96937561035156
2025-12-29,bitcoin,87138.14765569335,87754.58739555394,-0.00797489,-0.00092541764,0.010634178,0.024902467,-0.09254176,DOWN,0.01977195527260302,1864.9430084410192,1336.01885190797,1.5560289104989304,0.013330908110214262,0.010587726719677448,83.96937561035156
2025-12-30,bitcoin,88430.12858253904,87061.26143613271,0.014718098,-0.00088266435,0.009986581,0.0246592,-0.08826643,DOWN,0.019970732425207322,1864.9430084410192,1336.01885190797,1.5560289104989304,0.013330908110214262,0.010587726719677448,83.96937561035156
2025-12-31,bitcoin,87508.82044250797,88355.27624832373,-0.0104731,-0.0008468783,0.007602209,0.024483709,-0.08468783,DOWN,0.018234181350436595,1864.9430084410192,1336.01885190797,1.5560289104989304,0.013330908110214262,0.010587726719677448,83.96937561035156
2026-01-01,bitcoin,88731.98518697172,87437.27596138604,0.013880733,-0.0008179861,0.010360967,0.024331277,-0.081798606,DOWN,0.014893751621911755,1864.9430084410192,1336.01885190797,1.5560289104989304,0.013330908110214262,0.010587726719677448,83.96937561035156
2026-01-02,bitcoin,89944.69386680424,88663.23476452287,0.01357457,-0.00077516946,0.01926795,0.024082135,-0.07751694,DOWN,0.014420362423767,1864.9430084410192,1336.01885190797,1.5560289104989304,0.013330908110214262,0.010587726719677448,83.96937561035156
2026-01-03,bitcoin,90603.18043580372,89877.60087550664,0.00729441,-0.00074625283,0.01924973,0.02395552,-0.07462528,DOWN,0.01426500525707314,1864.9430084410192,1336.01885190797,1.5560289104989304,0.013330908110214262,0.010587726719677448,83.96937561035156
2026-01-04,bitcoin,91413.49153802544,90538.31824587286,0.00890369,-0.00071617996,0.01883988,0.023782568,-0.071618,DOWN,0.013226953944557513,1864.9430084410192,1336.01885190797,1.5560289104989304,0.013330908110214262,0.010587726719677448,83.96937561035156
2026-01-05,bitcoin,93882.55642227922,91350.79980509821,0.026651498,-0.000686054,0.010523802,0.023615574,-0.0686054,DOWN,0.014053719593946601,1864.9430084410192,1336.01885190797,1.5560289104989304,0.013330908110214262,0.010587726719677448,83.96937561035156
2026-01-06,bitcoin,93729.03291798523,93820.66473777033,-0.0016366098,-0.0006594622,0.011771034,0.023586683,-0.06594622,DOWN,0.013912606920982186,1864.9430084410192,1336.01885190797,1.5560289104989304,0.013330908110214262,0.010587726719677448,83.96937561035156
2026-01-07,bitcoin,91308.05221306533,93669.14756691642,-0.026168969,-0.00063913956,0.004555255,0.023614014,-0.06391396,DOWN,0.014763094050162578,1864.9430084410192,1336.01885190797,1.5560289104989304,0.013330908110214262,0.010587726719677448,83.96937561035156
2026-01-08,bitcoin,91027.12970168237,91248.65106434142,-0.003081467,-0.0006508002,0.020059358,0.023747064,-0.06508002,DOWN,0.014158794919054007,1864.9430084410192,1336.01885190797,1.5560289104989304,0.013330908110214262,0.010587726719677448,83.96937561035156
2026-01-09,bitcoin,90513.09991845489,90966.55858681351,-0.0056629297,-0.0006655954,0.01833082,0.023874158,-0.06655954,DOWN,0.014135698111188668,1864.9430084410192,1336.01885190797,1.5560289104989304,0.013330908110214262,0.010587726719677448,83.96937561035156
2026-01-10,bitcoin,90386.65352282394,90451.42590802535,-0.0013980466,-0.00068164885,0.021608958,0.023968816,-0.068164885,DOWN,0.014094089691817076,1864.9430084410192,1336.01885190797,1.5560289104989304,0.013330908110214262,0.010587726719677448,83.96937561035156
2026-01-11,bitcoin,90827.46152284462,90324.57946392009,0.004865111,-0.0006869758,0.022097008,0.023933874,-0.06869758,DOWN,0.013402165890041676,1864.9430084410192,1336.01885190797,1.5560289104989304,0.013330908110214262,0.010587726719677448,83.96937561035156
2026-01-12,bitcoin,91192.99656406045,90765.5331822834,0.0040163808,-0.00068205025,0.02298644,0.02385333,-0.06820502,DOWN,0.01341948759505498,1864.9430084410192,1336.01885190797,1.5560289104989304,0.013330908110214262,0.010587726719677448,83.96937561035156
2026-01-13,bitcoin,95321.78505204152,91131.99471579026,0.044280287,-0.00066913187,0.013058599,0.023765795,-0.06691319,DOWN,0.014976190686597035,1864.9430084410192,1336.01885190797,1.5560289104989304,0.013330908110214262,0.010587726719677448,83.96937561035156
2026-01-14,bitcoin,96929.32770724967,95258.16414066218,0.016723799,-0.0006675547,0.0065999334,0.023943806,-0.066755466,DOWN,0.01456034403302461,1864.9430084410192,1336.01885190797,1.5560289104989304,0.013330908110214262,0.010587726719677448,83.96937561035156
2026-01-15,bitcoin,95551.18380107824,96864.06040597986,-0.014320038,-0.0006735382,0.018411957,0.02417476,-0.06735382,DOWN,0.014726006304894644,1864.9430084410192,1336.01885190797,1.5560289104989304,0.013330908110214262,0.010587726719677448,83.96937561035156
2026-01-16,bitcoin,95525.11444137245,95484.67784979194,-0.00027287856,-0.000696248,0.021544151,0.024418838,-0.069624804,DOWN,0.014131186354899057,1864.9430084410192,1336.01885190797,1.5560289104989304,0.013330908110214262,0.010587726719677448,83.96937561035156
2026-01-17,bitcoin,95099.92002121639,95456.99727403931,-0.004461072,-0.00071331917,0.022225536,0.02453306,-0.07133192,DOWN,0.014048401196407346,1864.9430084410192,1336.01885190797,1.5560289104989304,0.013330908110214262,0.010587726719677448,83.96937561035156
2026-01-18,bitcoin,93634.43150390405,95031.24357620254,-0.015529994,-0.00072235975,0.02277445,0.024520975,-0.07223597,DOWN,0.013485230784790492,1864.9430084410192,1336.01885190797,1.5560289104989304,0.013330908110214262,0.010587726719677448,83.96937561035156
2026-01-19,bitcoin,92553.59297882672,93565.58189269155,-0.011610286,-0.0007355475,0.022797875,0.024515169,-0.073554754,DOWN,0.013712780145643312,1864.9430084410192,1336.01885190797,1.5560289104989304,0.013330908110214262,0.010587726719677448,83.96937561035156
2026-01-20,bitcoin,88310.90712034144,92482.96441192739,-0.046924256,-0.000763483,0.015171272,0.02461681,-0.0763483,DOWN,0.016215771673209464,1864.9430084410192,1336.01885190797,1.5560289104989304,0.013330908110214262,0.010587726719677448,83.96937561035156
2026-01-21,bitcoin,89376.95049710199,88239.4615043085,0.011999327,-0.00080929336,0.017323907,0.024814596,-0.08092934,DOWN,0.016360909014286898,1864.9430084410192,1336.01885190797,1.5560289104989304,0.013330908110214262,0.010587726719677448,83.96937561035156
2026-01-22,bitcoin,89462.45315916091,89302.12860713666,0.0009560778,-0.0008375981,0.018140247,0.02499025,-0.083759815,DOWN,0.016186311243699243,1864.9430084410192,1336.01885190797,1.5560289104989304,0.013330908110214262,0.010587726719677448,83.96937561035156
2026-01-23,bitcoin,89503.8750352785,89385.82685688697,0.00046290143,-0.0008569249,0.018149395,0.025072034,-0.085692495,DOWN,0.01618441251793441,1864.9430084410192,1336.01885190797,1.5560289104989304,0.013330908110214262,0.010587726719677448,83.96937561035156
2026-01-24,bitcoin,89110.73947879672,89426.13561424613,-0.0044021173,-0.00086891756,0.029936794,0.025129419,-0.086891755,DOWN,0.016185372587305145,1864.9430084410192,1336.01885190797,1.5560289104989304,0.013330908110214262,0.010587726719677448,83.96937561035156
2026-01-25,bitcoin,86572.21857212484,89032.76282235235,-0.02890084,-0.00087541004,0.028111942,0.02508375,-0.08754101,DOWN,0.017047963502689643,1864.9430084410192,1336.01885190797,1.5560289104989304,0.013330908110214262,0.010587726719677448,83.96937561035156
2026-01-26,bitcoin,88267.1382410489,86495.74081384577,0.01938894,-0.000883835,0.034838207,0.025146278,-0.0883835,DOWN,0.017396215297787964,1864.9430084410192,1336.01885190797,1.5560289104989304,0.013330908110214262,0.010587726719677448,83.96937561035156
2026-01-27,bitcoin,89102.56622803956,88190.02295855992,0.009420277,-0.00087404635,0.030046096,0.025317565,-0.08740464,DOWN,0.017476139414940858,1864.9430084410192,1336.01885190797,1.5560289104989304,0.013330908110214262,0.010587726719677448,83.96937561035156
2026-01-28,bitcoin,89184.57102618366,89023.79864246398,0.0009198646,-0.00088444573,0.036199506,0.0254044,-0.088444576,DOWN,0.017401047994320542,1864.9430084410192,1336.01885190797,1.5560289104989304,0.013330908110214262,0.010587726719677448,83.96937561035156
2026-01-29,bitcoin,84561.5870639449,89103.92408870393,-0.05322795,-0.00090471806,0.033992514,0.02544958,-0.090471804,DOWN,0.019672203861804335,1864.9430084410192,1336.01885190797,1.5560289104989304,0.013330908110214262,0.010587726719677448,83.96937561035156
2026-01-30,bitcoin,84128.65252208104,84485.05457968265,-0.005132847,-0.0009054408,0.03283096,0.025753858,-0.090544075,DOWN,0.019611216920708958,1864.9430084410192,1336.01885190797,1.5560289104989304,0.013330908110214262,0.010587726719677448,83.96937561035156
2026-01-31,bitcoin,78621.11582873017,84055.480254611,-0.06770692,-0.0008701504,0.06462732,0.026096037,-0.08701504,DOWN,0.02263252120115431,1864.9430084410192,1336.01885190797,1.5560289104989304,0.013330908110214262,0.010587726719677448,83.96937561035156
2026-02-01,bitcoin,76974.44844780676,78555.86676480062,-0.021166844,-0.00083026604,0.09862106,0.026654143,-0.0830266,DOWN,0.022594993053343334,1864.9430084410192,1336.01885190797,1.5560289104989304,0.013330908110214262,0.010587726719677448,83.96937561035156
2026-02-02,bitcoin,78688.76439207885,76914.90638918756,0.022026908,-0.00077382347,0.09621015,0.027058499,-0.07738235,DOWN,0.02303501511271698,1864.9430084410192,1336.01885190797,1.5560289104989304,0.013330908110214262,0.010587726719677448,83.96937561035156
2026-02-03,bitcoin,75633.5402119644,78634.60770173836,-0.039600473,-0.0006884545,0.09722827,0.0274471,-0.06884545,DOWN,0.023719720076756975,1864.9430084410192,1336.01885190797,1.5560289104989304,0.013330908110214262,0.010587726719677448,83.96937561035156
2026-02-04,bitcoin,73019.70372128207,75587.4018539302,-0.03517062,-0.0006103475,0.09661347,0.027740635,-0.06103475,DOWN,0.023425027210603844,1864.9430084410192,1336.01885190797,1.5560289104989304,0.013330908110214262,0.010587726719677448,83.96937561035156
2026-02-05,bitcoin,62702.09576468263,72979.46163468994,-0.1523344,-0.00055129116,0.0572376,0.027958741,-0.055129115,DOWN,0.03371829013922211,1864.9430084410192,1336.01885190797,1.5560289104989304,0.013330908110214262,0.010587726719677448,83.96937561035156
2026-02-06,bitcoin,70555.3922327673,62680.544438053155,0.11800319,-0.00034385792,0.016329657,0.028705513,-0.034385793,DOWN,0.04196702087715328,1864.9430084410192,1336.01885190797,1.5560289104989304,0.013330908110214262,0.010587726719677448,83.96937561035156
2026-02-07,bitcoin,69281.96990353987,70560.17640319653,-0.018213404,6.7806686e-05,0.015792562,0.030049214,0.0067806686,UP,0.0419992477794821,1864.9430084410192,1336.01885190797,1.5560289104989304,0.013330908110214262,0.010587726719677448,83.96937561035156
2026-02-08,bitcoin,70264.73013609648,69316.49985591695,0.014085236,0.00049830764,0.025735138,0.03133333,0.049830765,UP,0.04219629196720685,1864.9430084410192,1336.01885190797,1.5560289104989304,0.013330908110214262,0.010587726719677448,83.96937561035156
2026-02-09,bitcoin,70120.78142571729,70324.87611311022,-0.0020507155,0.0008556486,0.026897917,0.03243897,0.08556486,UP,0.04219319388607936,1864.9430084410192,1336.01885190797,1.5560289104989304,0.013330908110214262,0.010587726719677448,83.96937561035156
2026-02-10,bitcoin,68793.96201769821,70201.53801770881,-0.019103238,0.0011508893,0.02614402,0.03336673,0.11508893,UP,0.04217517384007531,1864.9430084410192,1336.01885190797,1.5560289104989304,0.013330908110214262,0.010587726719677448,83.96937561035156
2026-02-11,bitcoin,66991.96944764396,68888.18903960846,-0.026543222,0.0013688171,0.021688335,0.03406379,0.13688171,UP,0.04223037573761525,1864.9430084410192,1336.01885190797,1.5560289104989304,0.013330908110214262,0.010587726719677448,83.96937561035156
2026-02-12,bitcoin,66221.84055776149,67095.17266799882,-0.011562369,0.0015393174,0.023535116,0.034603745,0.15393174,UP,0.04095063384234206,1864.9430084410192,1336.01885190797,1.5560289104989304,0.013330908110214262,0.010587726719677448,83.96937561035156
2026-02-13,bitcoin,68857.83943749592,66323.49022819102,0.039033767,0.0015338768,0.013788955,0.034582976,0.15338768,UP,0.04170097233446954,1864.9430084410192,1336.01885190797,1.5560289104989304,0.013330908110214262,0.010587726719677448,83.96937561035156
2026-02-14,bitcoin,69767.62404420227,68949.53263505548,0.013125933,0.0013307119,0.01196462,0.03387896,0.13307118,UP,0.0419163619910566,1864.9430084410192,1336.01885190797,1.5560289104989304,0.013330908110214262,0.010587726719677448,83.96937561035156
2026-02-15,bitcoin,68788.18365832418,69843.20111565292,-0.014138041,0.0010826733,0.015212752,0.03297582,0.10826733,UP,0.04188645767084662,1864.9430084410192,1336.01885190797,1.5560289104989304,0.013330908110214262,0.010587726719677448,83.96937561035156
2026-02-16,bitcoin,68843.153380014,68846.2940531522,0.00079878257,0.00084442366,0.015175396,0.032114033,0.08444236,UP,0.041921502104073784,1864.9430084410192,1336.01885190797,1.5560289104989304,0.013330908110214262,0.010587726719677448,83.96937561035156
2026-02-17,bitcoin,67494.21788367815,68886.23344792798,-0.019788874,0.0006255029,0.012085642,0.03135127,0.06255029,UP,0.04194759208108296,1864.9430084410192,1336.01885190797,1.5560289104989304,0.013330908110214262,0.010587726719677448,83.96937561035156
2026-02-18,bitcoin,66425.31590450555,67523.67492852733,-0.015963633,0.00043639157,0.023955,0.030719317,0.043639157,UP,0.04196039959529305,1864.9430084410192,1336.01885190797,1.5560289104989304,0.013330908110214262,0.010587726719677448,83.96937561035156
2026-02-19,bitcoin,66957.52372195758,66443.20823843312,0.007980126,0.00026921718,0.022736348,0.030184764,0.02692172,UP,0.04152983214035268,1864.9430084410192,1336.01885190797,1.5560289104989304,0.013330908110214262,0.010587726719677448,83.96937561035156
2026-02-20,bitcoin,68005.41893451754,66966.15991692059,0.015528996,0.00012887269,0.037644606,0.029714173,0.012887269,UP,0.04159556176900133,1864.9430084410192,1336.01885190797,1.5560289104989304,0.013330908110214262,0.010587726719677448,83.96937561035156
2026-02-21,bitcoin,68003.76401844341,68006.98650245927,-2.43549e-05,2.3002503e-05,0.037786555,0.02928554,0.0023002503,UP,0.041588486248400745,1864.9430084410192,1336.01885190797,1.5560289104989304,0.013330908110214262,0.010587726719677448,83.96937561035156
2026-02-22,bitcoin,67659.38978032675,67997.07761351578,-0.0050769234,-9.835709e-05,0.039092753,0.028822199,-0.009835709,DOWN,0.04156078641255544,1864.9430084410192,1336.01885190797,1.5560289104989304,0.013330908110214262,0.010587726719677448,83.96937561035156
2026-02-23,bitcoin,64616.737357473,67644.98541359231,-0.046012674,-0.0002129022,0.032238528,0.028391594,-0.02129022,DOWN,0.042081717071976006,1864.9430084410192,1336.01885190797,1.5560289104989304,0.013330908110214262,0.010587726719677448,83.96937561035156
2026-02-24,bitcoin,64080.04534923937,64600.11153822183,-0.008340511,-0.00025730894,0.033829957,0.028235462,-0.025730895,DOWN,0.0419335277298954,1864.9430084410192,1336.01885190797,1.5560289104989304,0.013330908110214262,0.010587726719677448,83.96937561035156
2026-02-25,bitcoin,67960.12612740183,64061.8279249121,0.05878816,-0.00028425734,0.02856812,0.028148396,-0.028425734,DOWN,0.043536837472673444,1864.9430084410192,1336.01885190797,1.5560289104989304,0.013330908110214262,0.010587726719677448,83.96937561035156
2026-02-26,bitcoin,67453.77856057137,67944.23395047337,-0.007478611,-0.00023382215,0.02853057,0.02830509,-0.023382215,DOWN,0.04341557856589181,1864.9430084410192,1336.01885190797,1.5560289104989304,0.013330908110214262,0.010587726719677448,83.96937561035156
2026-02-27,bitcoin,65881.79548791284,67441.8967085639,-0.023580344,-0.00017607515,0.03432471,0.028517205,-0.017607514,DOWN,0.04346317935229407,1864.9430084410192,1336.01885190797,1.5560289104989304,0.013330908110214262,0.010587726719677448,83.96937561035156
2026-02-28,bitcoin,66995.8630764857,65873.60936960671,0.016768638,-0.00012428965,0.040101282,0.028731223,-0.012428965,DOWN,0.04294255146346278,1864.9430084410192,1336.01885190797,1.5560289104989304,0.013330908110214262,0.010587726719677448,83.96937561035156
2026-03-01,bitcoin,65738.10088709928,66990.70407066029,-0.018952128,-7.693109e-05,0.04459447,0.028914254,-0.0076931086,DOWN,0.042996134080838966,1864.9430084410192,1336.01885190797,1.5560289104989304,0.013330908110214262,0.010587726719677448,83.96937561035156
2026-03-02,bitcoin,68775.85472433362,65735.58601634484,0.045174,-3.8274913e-05,0.039483964,0.029061092,-0.0038274913,DOWN,0.04261785111598462,1864.9430084410192,1336.01885190797,1.5560289104989304,0.013330908110214262,0.010587726719677448,83.96937561035156
2026-03-03,bitcoin,68293.64382199664,68776.06472923048,-0.007035922,3.1117816e-06,0.0400838,0.029185921,0.00031117816,UP,0.04249763584102253,1864.9430084410192,1336.01885190797,1.5560289104989304,0.013330908110214262,0.010587726719677448,83.96937561035156
2026-03-04,bitcoin,72710.57904577069,68295.4883571323,0.06267011,2.6932918e-05,0.028740663,0.029248651,0.0026932918,UP,0.04404741430452856,1864.9430084410192,1336.01885190797,1.5560289104989304,0.013330908110214262,0.010587726719677448,83.96937561035156
2026-03-05,bitcoin,70841.1251211008,72716.54155513644,-0.026047183,8.1998296e-05,0.030918993,0.029392874,0.00819983,UP,0.04372998680597304,1864.9430084410192,1336.01885190797,1.5560289104989304,0.013330908110214262,0.010587726719677448,83.96937561035156
2026-03-06,bitcoin,68136.49574799836,70849.56147526205,-0.03892676,0.00011913013,0.023341287,0.029509123,0.011913013,UP,0.043829945244875296,1864.9430084410192,1336.01885190797,1.5560289104989304,0.013330908110214262,0.010587726719677448,83.96937561035156
2026-03-07,bitcoin,67272.59497066448,68146.63719352987,-0.012760003,0.00014884688,0.021063607,0.02961121,0.014884688,UP,0.035089281205809744,1864.9430084410192,1336.01885190797,1.5560289104989304,0.013330908110214262,0.010587726719677448,83.96937561035156
2026-03-08,bitcoin,65969.7789261397,67280.37268256396,-0.019556152,0.000115643605,0.0142117925,0.029483791,0.011564361,UP,0.026614770809518528,1864.9430084410192,1336.01885190797,1.5560289104989304,0.013330908110214262,0.010587726719677448,83.96937561035156
2026-03-09,bitcoin,68402.37824167684,65972.16410585865,0.036210883,3.606663e-05,0.007919403,0.029176865,0.003606663,UP,0.027344669099799195,1864.9430084410192,1336.01885190797,1.5560289104989304,0.013330908110214262,0.010587726719677448,83.96937561035156
2026-03-10,bitcoin,69926.92456008866,68399.94062976213,0.022043062,-3.574451e-05,0.007847069,0.028856419,-0.003574451,DOWN,0.02752971398851213,1864.9430084410192,1336.01885190797,1.5560289104989304,0.013330908110214262,0.010587726719677448,83.96937561035156
2026-03-11,bitcoin,70204.88375019096,69920.56572175864,0.003967141,-9.091024e-05,0.011347186,0.028600411,-0.009091023,DOWN,0.02753470985188973,1864.9430084410192,1336.01885190797,1.5560289104989304,0.013330908110214262,0.010587726719677448,83.96937561035156
2026-03-12,bitcoin,70493.4568600962,70191.90656294813,0.0041020885,-0.00018485181,0.016054267,0.02823477,-0.018485181,DOWN,0.027297423689671356,1864.9430084410192,1336.01885190797,1.5560289104989304,0.013330908110214262,0.010587726719677448,83.96937561035156
2026-03-13,bitcoin,70968.26570086833,70473.18335136864,0.0067128614,-0.0002876654,0.026431466,0.027833275,-0.02876654,DOWN,0.026817020746287987,1864.9430084410192,1336.01885190797,1.5560289104989304,0.013330908110214262,0.010587726719677448,83.96937561035156
2026-03-14,bitcoin,71214.62305343151,70942.76272431295,0.0034653908,-0.00035942614,0.027722083,0.027399842,-0.035942614,DOWN,0.02669108136333873,1864.9430084410192,1336.01885190797,1.5560289104989304,0.013330908110214262,0.010587726719677448,83.96937561035156
2026-03-15,bitcoin,72789.90940782428,71183.08671237528,0.021879198,-0.00044295855,0.02519216,0.026822818,-0.044295855,DOWN,0.02603195773553091,1864.9430084410192,1336.01885190797,1.5560289104989304,0.013330908110214262,0.010587726719677448,83.96937561035156
2026-03-16,bitcoin,74861.09170931485,72754.16385865957,0.028056806,-0.0004913184,0.017022159,0.026017545,-0.04913184,DOWN,0.02640089340200871,1864.9430084410192,1336.01885190797,1.5560289104989304,0.013330908110214262,0.010587726719677448,83.96937561035156
2026-03-17,bitcoin,73922.48091810197,74824.94764524652,-0.012617279,-0.0004828513,0.017017484,0.025333468,-0.04828513,DOWN,0.026369521121307696,1864.9430084410192,1336.01885190797,1.5560289104989304,0.013330908110214262,0.010587726719677448,83.96937561035156
2026-03-18,bitcoin,71245.58062155358,73889.9065016061,-0.036884174,-0.0004407037,0.028388798,0.024885481,-0.04407037,DOWN,0.027312130359550307,1864.9430084410192,1336.01885190797,1.5560289104989304,0.013330908110214262,0.010587726719677448,83.96937561035156
2026-03-19,bitcoin,69912.79295405559,71214.2979097087,-0.018884163,-0.00043918123,0.026870426,0.024765637,-0.04391812,DOWN,0.027288967087372974,1864.9430084410192,1336.01885190797,1.5560289104989304,0.013330908110214262,0.010587726719677448,83.96937561035156
2026-03-20,bitcoin,70522.58975292742,69881.27724844869,0.008684431,-0.0004508471,0.027053675,0.024793632,-0.045084707,DOWN,0.027117847695216316,1864.9430084410192,1336.01885190797,1.5560289104989304,0.013330908110214262,0.010587726719677448,83.96937561035156
2026-03-21,bitcoin,68711.5235044607,70490.77825213736,-0.026016105,-0.00045112066,0.029865362,0.024831964,-0.045112066,DOWN,0.02756915143689285,1864.9430084410192,1336.01885190797,1.5560289104989304,0.013330908110214262,0.010587726719677448,83.96937561035156
2026-03-22,bitcoin,67845.21321614739,68680.25409689872,-0.01268812,-0.00045522035,0.034003012,0.024856638,-0.045522034,DOWN,0.027542049833553805,1864.9430084410192,1336.01885190797,1.5560289104989304,0.013330908110214262,0.010587726719677448,83.96937561035156
2026-03-23,bitcoin,70914.85481696483,67814.48141968763,0.044251196,-0.00045308575,0.02162179,0.024850406,-0.045308575,DOWN,0.028738697809618984,1864.9430084410192,1336.01885190797,1.5560289104989304,0.013330908110214262,0.010587726719677448,83.96937561035156
2026-03-24,bitcoin,70517.86469946988,70882.77331867721,-0.0056139915,-0.00045260752,0.021630708,0.02505136,-0.045260753,DOWN,0.0287432579830865,1864.9430084410192,1336.01885190797,1.5560289104989304,0.013330908110214262,0.010587726719677448,83.96937561035156
2026-03-25,bitcoin,71309.88364848308,70484.57429788169,0.011168924,-0.00047213736,0.021612633,0.025299245,-0.047213737,DOWN,0.027391234425692086,1864.9430084410192,1336.01885190797,1.5560289104989304,0.013330908110214262,0.010587726719677448,83.96937561035156
2026-03-26,bitcoin,68791.62268345244,71274.96577457758,-0.03595292,-0.0004897454,0.022257676,0.025422161,-0.04897454,DOWN,0.028228732505979494,1864.9430084410192,1336.01885190797,1.5560289104989304,0.013330908110214262,0.010587726719677448,83.96937561035156
2026-03-27,bitcoin,66338.37018433958,68757.01026426256,-0.03631347,-0.0005033066,0.011697111,0.025584882,-0.05033066,DOWN,0.026867886222170075,1864.9430084410192,1336.01885190797,1.5560289104989304,0.013330908110214262,0.010587726719677448,83.96937561035156
2026-03-28,bitcoin,66319.69199431688,66304.14852440357,-0.0002816216,-0.0005160695,0.015633935,0.025796438,-0.051606946,DOWN,0.026835418690216245,1864.9430084410192,1336.01885190797,1.5560289104989304,0.013330908110214262,0.010587726719677448,83.96937561035156
2026-03-29,bitcoin,65954.92784903338,66284.32420959137,-0.0055154096,-0.0005334901,0.015158183,0.025845539,-0.05334901,DOWN,0.02650209813560659,1864.9430084410192,1336.01885190797,1.5560289104989304,0.013330908110214262,0.010587726719677448,83.96937561035156
2026-03-30,bitcoin,66691.45160871558,65918.48339969758,0.011105181,-0.00055261946,0.014591238,0.025832795,-0.055261947,DOWN,0.026399071873730653,1864.9430084410192,1336.01885190797,1.5560289104989304,0.013330908110214262,0.010587726719677448,83.96937561035156
2026-03-31,bitcoin,68233.31482218578,66652.93832595693,0.022856211,-0.000577513,0.015310668,0.025709959,-0.0577513,DOWN,0.02646971617121641,1864.9430084410192,1336.01885190797,1.5560289104989304,0.013330908110214262,0.010587726719677448,83.96937561035156
2026-04-01,bitcoin,68078.55823243037,68193.34993835539,-0.002270644,-0.0005858814,0.015275942,0.025629964,-0.05858814,DOWN,0.02509514127196537,1864.9430084410192,1336.01885190797,1.5560289104989304,0.013330908110214262,0.010587726719677448,83.96937561035156
2026-04-02,bitcoin,66888.56482579373,68038.13901873305,-0.01763415,-0.0005938582,0.019389842,0.025495667,-0.059385817,DOWN,0.025267640869886983,1864.9430084410192,1336.01885190797,1.5560289104989304,0.013330908110214262,0.010587726719677448,83.96937561035156
2026-04-03,bitcoin,66931.10223603807,66848.49828742677,0.00063565024,-0.0005992524,0.022114689,0.02530696,-0.05992524,DOWN,0.022086372959793533,1864.9430084410192,1336.01885190797,1.5560289104989304,0.013330908110214262,0.010587726719677448,83.96937561035156
2026-04-04,bitcoin,67290.5149956923,66892.32455043867,0.0053555444,-0.00057959964,0.021892797,0.024858927,-0.057959963,DOWN,0.021686427592079675,1864.9430084410192,1336.01885190797,1.5560289104989304,0.013330908110214262,0.010587726719677448,83.96937561035156
2026-04-05,bitcoin,68981.89753253013,67255.0719443215,0.02482483,-0.00052684045,0.021073312,0.02431072,-0.052684046,DOWN,0.021064219882291634,1864.9430084410192,1336.01885190797,1.5560289104989304,0.013330908110214262,0.010587726719677448,83.96937561035156
2026-04-06,bitcoin,68859.82791145379,68950.49371932354,-0.0017711666,-0.00045533397,0.02067349,0.023818817,-0.045533396,DOWN,0.020920295311211676,1864.9430084410192,1336.01885190797,1.5560289104989304,0.013330908110214262,0.010587726719677448,83.96937561035156
2026-04-07,bitcoin,71940.70448880084,68831.36434960086,0.043769248,-0.00041345833,0.019116916,0.023515536,-0.041345835,DOWN,0.0220149157727515,1864.9430084410192,1336.01885190797,1.5560289104989304,0.013330908110214262,0.010587726719677448,83.96937561035156
2026-04-08,bitcoin,71123.36314658169,71913.59438865446,-0.011426387,-0.00037696736,0.030005628,0.023433615,-0.037696738,DOWN,0.02121190066793634,1864.9430084410192,1336.01885190797,1.5560289104989304,0.013330908110214262,0.010587726719677448,83.96937561035156
2026-04-09,bitcoin,71767.82358997501,71096.8384232372,0.009020474,-0.00037294603,0.030594971,0.023482649,-0.037294604,DOWN,0.020900489476129512,1864.9430084410192,1336.01885190797,1.5560289104989304,0.013330908110214262,0.010587726719677448,83.96937561035156
2026-04-10,bitcoin,72979.04060878046,71742.19617115706,0.016736072,-0.00035722333,0.030128345,0.023474487,-0.035722334,DOWN,0.021094016888111692,1864.9430084410192,1336.01885190797,1.5560289104989304,0.013330908110214262,0.010587726719677448,83.96937561035156
2026-04-11,bitcoin,73054.27387551405,72956.1838522926,0.0010302658,-0.0003132443,0.030054407,0.023400923,-0.03132443,DOWN,0.021088403941547113,1864.9430084410192,1336.01885190797,1.5560289104989304,0.013330908110214262,0.010587726719677448,83.96937561035156
2026-04-12,bitcoin,70753.40478912182,73034.99226935022,-0.032001957,-0.00026401342,0.021989487,0.023267316,-0.026401341,DOWN,0.021894864073295696,1864.9430084410192,1336.01885190797,1.5560289104989304,0.013330908110214262,0.010587726719677448,83.96937561035156
2026-04-13,bitcoin,74484.63568681106,70736.09451409243,0.051392257,-0.00024467485,0.016294742,0.023286538,-0.024467485,DOWN,0.023908913038710233,1864.9430084410192,1336.01885190797,1.5560289104989304,0.013330908110214262,0.010587726719677448,83.96937561035156
2026-04-14,bitcoin,74181.60920247436,74466.77999131475,-0.0040766704,-0.00023973291,0.020744681,0.02359695,-0.02397329,DOWN,0.023616666573227984,1864.9430084410192,1336.01885190797,1.5560289104989304,0.013330908110214262,0.010587726719677448,83.96937561035156
2026-04-15,bitcoin,74805.08590261638,74161.74326783884,0.0083695045,-0.0002678529,0.024188811,0.023973418,-0.026785292,DOWN,0.023087784946756663,1864.9430084410192,1336.01885190797,1.5560289104989304,0.013330908110214262,0.010587726719677448,83.96937561035156
2026-04-16,bitcoin,75152.12784176692,74783.15009032376,0.0046287244,-0.00029318908,0.02423164,0.024226394,-0.029318908,DOWN,0.022972905231105085,1864.9430084410192,1336.01885190797,1.5560289104989304,0.013330908110214262,0.010587726719677448,83.96937561035156
2026-04-17,bitcoin,77126.87447679788,75129.36394005502,0.025937295,-0.00030298915,0.023775747,0.024393106,-0.030298915,DOWN,0.02232472546197926,1864.9430084410192,1336.01885190797,1.5560289104989304,0.013330908110214262,0.010587726719677448,83.96937561035156
2026-04-18,bitcoin,75726.21069099754,77103.35153702646,-0.018327447,-0.00030496507,0.02089385,0.024564473,-0.030496508,DOWN,0.02230671500631257,1864.9430084410192,1336.01885190797,1.5560289104989304,0.013330908110214262,0.010587726719677448,83.96937561035156
2026-04-19,bitcoin,73856.34782045614,75702.3067323491,-0.025002338,-0.00031576364,0.01577729,0.024645263,-0.031576365,DOWN,0.02283421695888765,1864.9430084410192,1336.01885190797,1.5560289104989304,0.013330908110214262,0.010587726719677448,83.96937561035156
2026-04-20,bitcoin,75872.52432188485,73831.567280096,0.026932599,-0.00033571466,0.012494016,0.024694439,-0.033571467,DOWN,0.022684512999336097,1864.9430084410192,1336.01885190797,1.5560289104989304,0.013330908110214262,0.010587726719677448,83.96937561035156
2026-04-21,bitcoin,76352.779428659,75846.90429751435,0.0063097477,-0.00033776858,0.013129428,0.024616452,-0.033776857,DOWN,0.022481758250769732,1864.9430084410192,1336.01885190797,1.5560289104989304,0.013330908110214262,0.010587726719677448,83.96937561035156
2026-04-22,bitcoin,78203.10175887775,76326.79189303191,0.023944952,-0.00034038676,0.0116593,0.02448741,-0.034038678,DOWN,0.02146281587050703,1864.9430084410192,1336.01885190797,1.5560289104989304,0.013330908110214262,0.010587726719677448,83.96937561035156
2026-04-23,bitcoin,78268.95595806092,78176.85396189103,0.0008417039,-0.00033574994,0.01242741,0.024399381,-0.033574995,DOWN,0.0214009194140133,1864.9430084410192,1336.01885190797,1.5560289104989304,0.013330908110214262,0.010587726719677448,83.96937561035156
2026-04-24,bitcoin,77455.3107836442,78242.82337817829,-0.010449856,-0.00033397798,0.012172592,0.024309965,-0.033397797,DOWN,0.02150257311315326,1864.9430084410192,1336.01885190797,1.5560289104989304,0.013330908110214262,0.010587726719677448,83.96937561035156
2026-04-25,bitcoin,77612.01240878552,77429.18199844658,0.0020210985,-0.00033748383,0.012992111,0.024186168,-0.03374838,DOWN,0.02025384434019598,1864.9430084410192,1336.01885190797,1.5560289104989304,0.013330908110214262,0.010587726719677448,83.96937561035156
2026-04-26,bitcoin,78657.5369097814,77586.4799028486,0.013381225,-0.00032902556,0.016848829,0.02393085,-0.032902554,DOWN,0.018855395004390756,1864.9430084410192,1336.01885190797,1.5560289104989304,0.013330908110214262,0.010587726719677448,83.96937561035156
2026-04-27,bitcoin,77366.62404458737,78634.72552865278,-0.016547997,-0.00029011734,0.01459105,0.023536904,-0.029011734,DOWN,0.019262276742937758,1864.9430084410192,1336.01885190797,1.5560289104989304,0.013330908110214262,0.010587726719677448,83.96937561035156
2026-04-28,bitcoin,76350.67138447613,77345.86904268712,-0.013218655,-0.00026836025,0.011982291,0.023253154,-0.026836025,DOWN,0.019459565721598494,1864.9430084410192,1336.01885190797,1.5560289104989304,0.013330908110214262,0.010587726719677448,83.96937561035156
2026-04-29,bitcoin,75776.13102307636,76331.09409818612,-0.0075534587,-0.00025639357,0.009993288,0.023039563,-0.025639357,DOWN,0.019556684159624256,1864.9430084410192,1336.01885190797,1.5560289104989304,0.013330908110214262,0.010587726719677448,83.96937561035156
2026-04-30,bitcoin,76304.32319138199,75757.28048453573,0.0069461875,-0.0002488487,0.009861074,0.02285548,-0.024884868,DOWN,0.019244819605757687,1864.9430084410192,1336.01885190797,1.5560289104989304,0.013330908110214262,0.010587726719677448,83.96937561035156
2026-05-01,bitcoin,78179.00741185248,76286.44176321337,0.024271509,-0.00023433228,0.0070408457,0.022657882,-0.023433229,DOWN,0.019568706923824248,1864.9430084410192,1336.01885190797,1.5560289104989304,0.013330908110214262,0.010587726719677448,83.96937561035156
2026-05-02,bitcoin,78657.24782896042,78160.961792171,0.0060987365,-0.00023070758,0.013627795,0.022595596,-0.023070758,DOWN,0.019110970926406283,1864.9430084410192,1336.01885190797,1.5560289104989304,0.013330908110214262,0.010587726719677448,83.96937561035156
2026-05-03,bitcoin,78538.22717727721,78639.86095641553,-0.0015143371,-0.00022104953,0.013391167,0.022496512,-0.022104952,DOWN,0.01913420138646673,1864.9430084410192,1336.01885190797,1.5560289104989304,0.013330908110214262,0.010587726719677448,83.96937561035156
2026-05-04,bitcoin,79827.899672837,78522.62866050564,0.016287677,-0.000198595,0.011745663,0.02238622,-0.0198595,DOWN,0.019237311021938677,1864.9430084410192,1336.01885190797,1.5560289104989304,0.013330908110214262,0.010587726719677448,83.96937561035156
2026-05-05,bitcoin,80927.0496153459,79812.6612527594,0.013675044,-0.0001910294,0.012947379,0.022417847,-0.019102938,DOWN,0.018955024565973307,1864.9430084410192,1336.01885190797,1.5560289104989304,0.013330908110214262,0.010587726719677448,83.96937561035156
2026-05-06,bitcoin,81427.53507030942,80912.07249785308,0.006165248,-0.00018510944,0.013220383,0.022405762,-0.018510945,DOWN,0.018905259296327245,1864.9430084410192,1336.01885190797,1.5560289104989304,0.013330908110214262,0.010587726719677448,83.96937561035156
2026-05-07,bitcoin,80009.99601831473,81412.54862183519,-0.017561909,-0.00018408801,0.012494851,0.022359265,-0.018408801,DOWN,0.017864600085966083,1864.9430084410192,1336.01885190797,1.5560289104989304,0.013330908110214262,0.010587726719677448,83.96937561035156
2026-05-08,bitcoin,80186.758724357,79993.98276473442,0.0022069549,-0.00020014809,0.014371949,0.022364633,-0.02001481,DOWN,0.017640402983336783,1864.9430084410192,1336.01885190797,1.5560289104989304,0.013330908110214262,0.010587726719677448,83.96937561035156
2026-05-09,bitcoin,80664.37186881155,80170.52487149276,0.005938447,-0.00020257349,0.018043224,0.02231435,-0.020257348,DOWN,0.017619722603692572,1864.9430084410192,1336.01885190797,1.5560289104989304,0.013330908110214262,0.010587726719677448,83.96937561035156
2026-05-10,bitcoin,82138.93341478519,80649.02014422044,0.018115146,-0.00019022205,0.018048558,0.0221869,-0.019022206,DOWN,0.017656768685663727,1864.9430084410192,1336.01885190797,1.5560289104989304,0.013330908110214262,0.010587726719677448,83.96937561035156
2026-05-11,bitcoin,81728.29418107215,82124.53585402481,-0.005011785,-0.00017528399,0.018061412,0.022098329,-0.0175284,DOWN,0.017727079398186688,1864.9430084410192,1336.01885190797,1.5560289104989304,0.013330908110214262,0.010587726719677448,83.96937561035156
2026-05-12,bitcoin,80477.49055079184,81715.02234786842,-0.015422748,-0.00016237958,0.017716128,0.022054054,-0.01623796,DOWN,0.016836485999104204,1864.9430084410192,1336.01885190797,1.5560289104989304,0.013330908110214262,0.010587726719677448,83.96937561035156
2026-05-13,bitcoin,79277.11847368022,80464.83334696991,-0.0150280185,-0.00015724532,0.017239358,0.022040445,-0.015724532,DOWN,0.014514911045642705,1864.9430084410192,1336.01885190797,1.5560289104989304,0.013330908110214262,0.010587726719677448,83.96937561035156
2026-05-14,bitcoin,81051.24411991332,79264.48177699093,0.022132143,-0.00015936256,0.00849152,0.022027723,-0.015936255,DOWN,0.014919683797853231,1864.9430084410192,1336.01885190797,1.5560289104989304,0.013330908110214262,0.010587726719677448,83.96937561035156
2026-05-15,bitcoin,79065.67694932222,81038.08544062078,-0.024802776,-0.00016237516,0.00817428,0.022076426,-0.016237516,DOWN,0.015702343691476533,1864.9430084410192,1336.01885190797,1.5560289104989304,0.013330908110214262,0.010587726719677448,83.96937561035156
2026-05-16,bitcoin,78131.44236972509,79049.69427099824,-0.011886392,-0.00020220818,0.0070699966,0.022233402,-0.020220818,DOWN,0.015892041467356992,1864.9430084410192,1336.01885190797,1.5560289104989304,0.013330908110214262,0.010587726719677448,83.96937561035156
2026-05-17,bitcoin,77429.34869590402,78111.98522529379,-0.009026578,-0.00024898525,0.013413613,0.02237472,-0.024898525,DOWN,0.015282444798955378,1864.9430084410192,1336.01885190797,1.5560289104989304,0.013330908110214262,0.010587726719677448,83.96937561035156
2026-05-18,bitcoin,76954.17120681843,77407.3419169425,-0.006155853,-0.00028430135,0.01620734,0.022417517,-0.028430134,DOWN,0.014936914421438458,1864.9430084410192,1336.01885190797,1.5560289104989304,0.013330908110214262,0.010587726719677448,83.96937561035156
2026-05-19,bitcoin,76750.90209050104,76929.24706208892,-0.0026448797,-0.0003239204,0.01628375,0.022499368,-0.03239204,DOWN,0.014170009207935621,1864.9430084410192,1336.01885190797,1.5560289104989304,0.013330908110214262,0.010587726719677448,83.96937561035156
2026-05-20,bitcoin,77457.77221811563,76723.31617095508,0.0091677345,-0.00035959692,0.01575071,0.022519758,-0.03595969,DOWN,0.013392585435702162,1864.9430084410192,1336.01885190797,1.5560289104989304,0.013330908110214262,0.010587726719677448,83.96937561035156
2026-05-21,bitcoin,77539.17761452496,77428.05481865304,0.0010503232,-0.00038378243,0.01770097,0.022505794,-0.038378242,DOWN,0.013351717972860973,1864.9430084410192,1336.01885190797,1.5560289104989304,0.013330908110214262,0.010587726719677448,83.96937561035156
2026-05-22,bitcoin,75488.24859242141,77509.24177950248,-0.026806341,-0.00038616033,0.015629053,0.022398219,-0.03861603,DOWN,0.013464277455562234,1864.9430084410192,1336.01885190797,1.5560289104989304,0.013330908110214262,0.010587726719677448,83.96937561035156
2026-05-23,bitcoin,76673.37028400507,75458.82028486347,0.015577503,-0.0003897919,0.011741969,0.022297917,-0.03897919,DOWN,0.013806660983319384,1864.9430084410192,1336.01885190797,1.5560289104989304,0.013330908110214262,0.010587726719677448,83.96937561035156
2026-05-24,bitcoin,76981.12610847596,76643.77129233442,0.0040058475,-0.0003861253,0.010348982,0.022246663,-0.03861253,DOWN,0.013704189617147667,1864.9430084410192,1336.01885190797,1.5560289104989304,0.013330908110214262,0.010587726719677448,83.96937561035156
2026-05-25,bitcoin,77279.9329084307,76951.1304160282,0.0038740183,-0.00038969913,0.010787312,0.022207603,-0.03896991,DOWN,0.013718375115809032,1864.9430084410192,1336.01885190797,1.5560289104989304,0.013330908110214262,0.010587726719677448,83.96937561035156
2026-05-26,bitcoin,75825.72963653784,77249.71734125493,-0.018996542,-0.00039100414,0.009557349,0.02216893,-0.039100416,DOWN,0.013886406939171052,1864.9430084410192,1336.01885190797,1.5560289104989304,0.013330908110214262,0.010587726719677448,83.96937561035156
2026-05-27,bitcoin,74344.70424613077,75794.9968068907,-0.019725312,-0.0004054408,0.0140104145,0.022236176,-0.04054408,DOWN,0.014015907772903739,1864.9430084410192,1336.01885190797,1.5560289104989304,0.013330908110214262,0.010587726719677448,83.96937561035156
2026-05-28,bitcoin,73536.55554300454,74313.11246129405,-0.010929803,-0.00042497332,0.029942125,0.022338144,-0.042497333,DOWN,0.013955655281364566,1864.9430084410192,1336.01885190797,1.5560289104989304,0.013330908110214262,0.010587726719677448,83.96937561035156
2026-05-29,bitcoin,73372.52517950116,73502.64686947688,-0.0022330997,-0.00046124414,0.029383246,0.022488136,-0.046124414,DOWN,0.013905733789057264,1864.9430084410192,1336.01885190797,1.5560289104989304,0.013330908110214262,0.010587726719677448,83.96937561035156
2026-05-30,bitcoin,73754.84109967388,73336.85007705214,0.00519704,-0.00048623618,0.027192261,0.022564339,-0.048623618,DOWN,0.013874715347604608,1864.9430084410192,1336.01885190797,1.5560289104989304,0.013330908110214262,0.010587726719677448,83.96937561035156
2026-05-31,bitcoin,73579.68969043577,73719.16133608622,-0.0023775622,-0.00048379984,0.02324202,0.022491122,-0.048379984,DOWN,0.01300473498458374,1864.9430084410192,1336.01885190797,1.5560289104989304,0.013330908110214262,0.010587726719677448,83.96937561035156
2026-06-01,bitcoin,71319.77594308555,73545.6676938571,-0.031195387,-0.00046241248,0.028687436,0.02232751,-0.04624125,DOWN,0.013924156053338507,1864.9430084410192,1336.01885190797,1.5560289104989304,0.013330908110214262,0.010587726719677448,83.96937561035156
2026-06-02,bitcoin,66703.65766372718,71287.04931831826,-0.06691385,-0.00045890908,0.034388002,0.022311457,-0.04589091,DOWN,0.017884912770247386,1864.9430084410192,1336.01885190797,1.5560289104989304,0.013330908110214262,0.010587726719677448,83.96937561035156
2026-06-03,bitcoin,64014.36501043476,66669.7740755938,-0.04115222,-0.00050801074,0.029869549,0.02267955,-0.050801072,DOWN,0.018501174517656017,1864.9430084410192,1336.01885190797,1.5560289104989304,0.013330908110214262,0.010587726719677448,83.96937561035156
2026-06-04,bitcoin,63801.573762294836,63977.02817980666,-0.0033296808,-0.00058350444,0.031230554,0.023201188,-0.058350444,DOWN,0.018093014492694758,1864.9430084410192,1336.01885190797,1.5560289104989304,0.013330908110214262,0.010587726719677448,83.96937561035156
2026-06-05,bitcoin,60922.66840155772,63759.16080777277,-0.046172544,-0.00066493254,0.02236852,0.02380774,-0.06649325,DOWN,0.019127461759824837,1864.9430084410192,1336.01885190797,1.5560289104989304,0.013330908110214262,0.010587726719677448,83.96937561035156
2026-06-06,bitcoin,60867.41813509795,60877.592964798445,-0.000907363,-0.0007401394,0.026372526,0.024455952,-0.07401394,DOWN,0.01912776741590617,1864.9430084410192,1336.01885190797,1.5560289104989304,0.013330908110214262,0.010587726719677448,83.96937561035156
2026-06-07,bitcoin,63239.52563785296,60819.20182839176,0.038231455,-0.00079244643,0.02056037,0.024871346,-0.07924464,DOWN,0.020953964669836945,1864.9430084410192,1336.01885190797,1.5560289104989304,0.013330908110214262,0.010587726719677448,83.96937561035156
2026-06-08,bitcoin,63090.59175821068,63189.68093304383,-0.002357787,-0.00078836863,0.021161146,0.025372347,-0.078836866,DOWN,0.02082215808734928,1864.9430084410192,1336.01885190797,1.5560289104989304,0.013330908110214262,0.010587726719677448,83.96937561035156
2026-06-09,bitcoin,61643.7818366352,63042.06445244886,-0.023199275,-0.00076949864,0.015135945,0.025892474,-0.076949865,DOWN,0.020387262964909385,1864.9430084410192,1336.01885190797,1.5560289104989304,0.013330908110214262,0.010587726719677448,83.96937561035156
2026-06-10,bitcoin,61449.29187387787,61597.548090728,-0.003160086,-0.00075030944,0.012746892,0.026213877,-0.075030945,DOWN,0.02040350889483833,1864.9430084410192,1336.01885190797,1.5560289104989304,0.013330908110214262,0.010587726719677448,83.96937561035156
2026-06-11,bitcoin,63561.05604443606,61403.50211175857,0.03378867,-0.00074541,0.011911906,0.026282964,-0.074540995,DOWN,0.02185922063119086,1864.9430084410192,1336.01885190797,1.5560289104989304,0.013330908110214262,0.010587726719677448,83.96937561035156
2026-06-12,bitcoin,63543.19932635175,63515.07324929582,-0.00028095779,-0.0007236473,0.016281072,0.026330333,-0.07236473,DOWN,0.021853657156935734,1864.9430084410192,1336.01885190797,1.5560289104989304,0.013330908110214262,0.010587726719677448,83.96937561035156
2026-06-13,bitcoin,64421.316520957276,63497.17388552986,0.013724723,-0.000724509,0.018481571,0.02621614,-0.0724509,DOWN,0.021508482879068945,1864.9430084410192,1336.01885190797,1.5560289104989304,0.013330908110214262,0.010587726719677448,83.96937561035156
2026-06-14,bitcoin,65710.40224211058,64374.39021933521,0.019812485,-0.0007287533,0.015547891,0.025966207,-0.07287533,DOWN,0.021821111167889047,1864.9430084410192,1336.01885190797,1.5560289104989304,0.013330908110214262,0.010587726719677448,83.96937561035156
2026-06-15,bitcoin,66289.50572753977,65662.9717837167,0.008774329,-0.0007220005,0.01610689,0.025611622,-0.07220005,DOWN,0.021953380693559395,1864.9430084410192,1336.01885190797,1.5560289104989304,0.013330908110214262,0.010587726719677448,83.96937561035156
2026-06-16,bitcoin,65600.6425460279,66242.59970587492,-0.010446052,-0.0007078006,0.01661287,0.025290078,-0.07078006,DOWN,0.021963177362639055,1864.9430084410192,1336.01885190797,1.5560289104989304,0.013330908110214262,0.010587726719677448,83.96937561035156
2026-06-17,bitcoin,64418.44838950131,65557.11726982612,-0.018185452,-0.0006636343,0.01701565,0.024889166,-0.066363424,DOWN,0.022086101699858654,1864.9430084410192,1336.01885190797,1.5560289104989304,0.013330908110214262,0.010587726719677448,83.96937561035156
2026-06-18,bitcoin,62896.470185923856,64379.78399194172,-0.023909926,-0.00060039654,0.015856875,0.024576306,-0.060039654,DOWN,0.02231795190848659,1864.9430084410192,1336.01885190797,1.5560289104989304,0.013330908110214262,0.010587726719677448,83.96937561035156
2026-06-19,bitcoin,63540.83735419251,62862.19251430221,0.010192701,-0.0005451612,0.018043231,0.024306599,-0.054516118,DOWN,0.022343649985737197,1864.9430084410192,1336.01885190797,1.5560289104989304,0.013330908110214262,0.010587726719677448,83.96937561035156
2026-06-20,bitcoin,64239.681450895034,63510.673649704084,0.010938237,-0.00047486008,0.014987452,0.024014186,-0.047486007,DOWN,0.02253007596431855,1864.9430084410192,1336.01885190797,1.5560289104989304,0.013330908110214262,0.010587726719677448,83.96937561035156
2026-06-21,bitcoin,63237.542849034304,64213.74207901559,-0.015722925,-0.0004037975,0.017266506,0.023718907,-0.040379748,DOWN,0.022276192191218704,1864.9430084410192,1336.01885190797,1.5560289104989304,0.013330908110214262,0.010587726719677448,83.96937561035156
2026-06-22,bitcoin,63952.09859998897,63214.916017684154,0.011236354,-0.00035789947,0.013919512,0.023435678,-0.035789948,DOWN,0.02214493763939523,1864.9430084410192,1336.01885190797,1.5560289104989304,0.013330908110214262,0.010587726719677448,83.96937561035156
2026-06-23,bitcoin,62668.01769965608,63931.77691254229,-0.02028319,-0.00031793804,0.013441804,0.02321877,-0.031793803,DOWN,0.022213935498636705,1864.9430084410192,1336.01885190797,1.5560289104989304,0.013330908110214262,0.010587726719677448,83.96937561035156
2026-06-24,bitcoin,60995.13328533014,62649.89583118167,-0.027057191,-0.00028925342,0.012043553,0.023082571,-0.028925342,DOWN,0.02241732573738107,1864.9430084410192,1336.01885190797,1.5560289104989304,0.013330908110214262,0.010587726719677448,83.96937561035156
2026-06-25,bitcoin,59721.671760259196,60977.98735485412,-0.021099038,-0.0002810522,0.014196115,0.023082718,-0.02810522,DOWN,0.02245597191621771,1864.9430084410192,1336.01885190797,1.5560289104989304,0.013330908110214262,0.010587726719677448,83.96937561035156
2026-06-26,bitcoin,60016.42517221207,59703.845297694905,0.00492332,-0.0002985635,0.019061254,0.023143573,-0.02985635,DOWN,0.022454988046557402,1864.9430084410192,1336.01885190797,1.5560289104989304,0.013330908110214262,0.010587726719677448,83.96937561035156
2026-06-27,bitcoin,59940.094579631,59997.49526105309,-0.0012726617,-0.0003154704,0.021892168,0.023193048,-0.03154704,DOWN,0.022464320306620288,1864.9430084410192,1336.01885190797,1.5560289104989304,0.013330908110214262,0.010587726719677448,83.96937561035156
2026-06-28,bitcoin,59532.34089341131,59920.59066932183,-0.006826,-0.00032541656,0.021239392,0.023098964,-0.032541655,DOWN,0.022449549855688634,1864.9430084410192,1336.01885190797,1.5560289104989304,0.013330908110214262,0.010587726719677448,83.96937561035156
2026-06-29,bitcoin,60138.38595123729,59512.64265331789,0.01012853,-0.00033100962,0.02124507,0.022969188,-0.033100963,DOWN,0.022558509197686503,1864.9430084410192,1336.01885190797,1.5560289104989304,0.013330908110214262,0.010587726719677448,83.96937561035156
2026-06-30,bitcoin,58558.86079510092,60118.38800077676,-0.02661583,-0.0003324923,0.008236297,0.022884954,-0.03324923,DOWN,0.022826799087583387,1864.9430084410192,1336.01885190797,1.5560289104989304,0.013330908110214262,0.010587726719677448,83.96937561035156
2026-07-01,bitcoin,60003.758026840165,58538.92581475433,0.0243748,-0.00034056779,0.007647515,0.022865469,-0.03405678,DOWN,0.023108251865661615,1864.9430084410192,1336.01885190797,1.5560289104989304,0.013330908110214262,0.010587726719677448,83.96937561035156
2026-07-02,bitcoin,61485.30258436687,59983.62210247014,0.024390943,-0.00033571688,0.010245128,0.022911295,-0.033571687,DOWN,0.020860669882210595,1864.9430084410192,1336.01885190797,1.5560289104989304,0.013330908110214262,0.010587726719677448,83.96937561035156
2026-07-03,bitcoin,62544.203512020875,61465.895614884095,0.01707536,-0.000315674,0.011907584,0.022935998,-0.0315674,DOWN,0.0198862395895524,1864.9430084410192,1336.01885190797,1.5560289104989304,0.013330908110214262,0.010587726719677448,83.96937561035156
2026-07-04,bitcoin,63088.3047516807,62526.17843037704,0.008661912,-0.0002881342,0.013400366,0.022882987,-0.028813422,DOWN,0.019950143956068398,1864.9430084410192,1336.01885190797,1.5560289104989304,0.013330908110214262,0.010587726719677448,83.96937561035156
2026-07-05,bitcoin,63547.88035522029,63072.120115317404,0.007258275,-0.00025661907,0.01470495,0.022764724,-0.025661906,DOWN,0.018086721258349273,1864.9430084410192,1336.01885190797,1.5560289104989304,0.013330908110214262,0.010587726719677448,83.96937561035156
2026-07-06,bitcoin,63995.01142874267,63534.56129933288,0.007011518,-0.00020970916,0.0146309445,0.022555066,-0.020970916,DOWN,0.018107414361215022,1864.9430084410192,1336.01885190797,1.5560289104989304,0.013330908110214262,0.010587726719677448,83.96937561035156
2026-07-07,bitcoin,63297.392348427325,63984.33911891375,-0.0109610325,-0.00016681384,0.013489684,0.022399751,-0.016681384,DOWN,0.016823751050545423,1864.9430084410192,1336.01885190797,1.5560289104989304,0.013330908110214262,0.010587726719677448,83.96937561035156
2026-07-08,bitcoin,62257.575510503724,63290.188447501976,-0.016563967,-0.000113864546,0.016167318,0.022136565,-0.011386454,DOWN,0.01709057573041598,1864.9430084410192,1336.01885190797,1.5560289104989304,0.013330908110214262,0.010587726719677448,83.96937561035156
2026-07-09,bitcoin,63193.15134978481,62254.27528146026,0.014915682,-5.294243e-05,0.02498667,0.021866173,-0.005294243,DOWN,0.016759311045230894,1864.9430084410192,1336.01885190797,1.5560289104989304,0.013330908110214262,0.010587726719677448,83.96937561035156
2026-07-10,bitcoin,64127.13845380861,63195.19747070968,0.014671801,3.2403274e-05,0.024653219,0.021552293,0.0032403274,UP,0.016926379860140218,1864.9430084410192,1336.01885190797,1.5560289104989304,0.013330908110214262,0.010587726719677448,83.96937561035156
2026-07-11,bitcoin,63802.02934311982,64131.82673468627,-0.0050827186,7.31335e-05,0.025633028,0.021239107,0.00731335,UP,0.015783623806700894,1864.9430084410192,1336.01885190797,1.5560289104989304,0.013330908110214262,0.010587726719677448,83.96937561035156
2026-07-12,bitcoin,63758.217968285084,63808.32494147308,-0.00068686914,9.8654884e-05,0.025640512,0.02090568,0.009865489,UP,0.01578426543061716,1864.9430084410192,1336.01885190797,1.5560289104989304,0.013330908110214262,0.010587726719677448,83.96937561035156
2026-07-13,bitcoin,62239.11903431453,63766.2221522741,-0.02411434,0.00012540934,0.021904808,0.020612711,0.012540934,UP,0.01615888609150102,1864.9430084410192,1336.01885190797,1.5560289104989304,0.013330908110214262,0.010587726719677448,83.96937561035156
2026-07-14,bitcoin,64956.112926860806,62247.89092077408,0.042728104,0.00014088338,0.010213179,0.020532427,0.014088338,UP,0.01772113992396255,1864.9430084410192,1336.01885190797,1.5560289104989304,0.013330908110214262,0.010587726719677448,83.96937561035156
2026-07-15,bitcoin,64712.37515714718,64967.86772012245,-0.0037594107,0.00018092385,0.010754775,0.02064972,0.018092385,UP,0.017648298061987127,1864.9430084410192,1336.01885190797,1.5560289104989304,0.013330908110214262,0.010587726719677448,83.96937561035156
2026-07-16,bitcoin,63789.2837748155,64725.49705193937,-0.0143672805,0.00020275416,0.008602877,0.02085765,0.020275416,UP,0.01773594566044455,1864.9430084410192,1336.01885190797,1.5560289104989304,0.013330908110214262,0.010587726719677448,83.96937561035156
2026-07-17,bitcoin,63899.45958900824,63802.12487030402,0.0017257546,0.00020127941,0.010588786,0.021122642,0.02012794,UP,0.017437999934003245,1864.9430084410192,1336.01885190797,1.5560289104989304,0.013330908110214262,0.010587726719677448,83.96937561035156
2026-07-18,bitcoin,64796.601322640665,63911.4888268495,0.013942231,0.00018817058,0.01360114,0.021357642,0.018817058,UP,0.01703882054028802,1864.9430084410192,1336.01885190797,1.5560289104989304,0.013330908110214262,0.010587726719677448,83.96937561035156
2026-07-19,bitcoin,64690.801046895795,64807.81732862815,-0.001634088,0.00017307082,0.015314057,0.021483183,0.017307082,UP,0.01695758500974535,1864.9430084410192,1336.01885190797,1.5560289104989304,0.013330908110214262,0.010587726719677448,83.96937561035156
2026-07-20,bitcoin,65230.02531210892,64700.41352160461,0.008300836,0.00014853466,0.014636784,0.021547606,0.014853466,UP,0.01690891838907515,1864.9430084410192,1336.01885190797,1.5560289104989304,0.013330908110214262,0.010587726719677448,83.96937561035156
2026-07-21,bitcoin,66505.12440678757,65238.464331110474,0.019359108,0.00012930518,0.013338254,0.021573031,0.012930518,UP,0.016961893536345238,1864.9430084410192,1336.01885190797,1.5560289104989304,0.013330908110214262,0.010587726719677448,83.96937561035156
2026-07-22,bitcoin,66100.79950017482,66514.3770094961,-0.00609821,0.00013905077,0.016549816,0.021419019,0.013905076,UP,0.016923683456716795,1864.9430084410192,1336.01885190797,1.5560289104989304,0.013330908110214262,0.010587726719677448,83.96937561035156
2026-07-23,bitcoin,65044.813106296584,66110.24479001202,-0.016104348,0.00014295848,0.016149389,0.021180771,0.014295848,UP,0.016761237245089742,1864.9430084410192,1336.01885190797,1.5560289104989304,0.013330908110214262,0.010587726719677448,83.96937561035156
2026-07-24,bitcoin,64098.497682102025,65053.89237063378,-0.014655555,0.00013963028,0.014943863,0.020943295,0.013963029,UP,0.01619699920231673,1864.9430084410192,1336.01885190797,1.5560289104989304,0.013330908110214262,0.010587726719677448,83.96937561035156
2026-07-25,bitcoin,64311.806051367894,64106.67975059943,0.003322422,0.0001275962,0.016102884,0.02077271,0.01275962,UP,0.015621973000765078,1864.9430084410192,1336.01885190797,1.5560289104989304,0.013330908110214262,0.010587726719677448,83.96937561035156
2026-07-26,bitcoin,65340.29759198427,64320.843714132905,0.015865687,0.00014034973,0.01858348,0.020559002,0.014034973,UP,0.01580856232452664,1864.9430084410192,1336.01885190797,1.5560289104989304,0.013330908110214262,0.010587726719677448,83.96937561035156
2026-07-27,bitcoin,63724.896852573846,65350.82395104831,-0.025033655,0.00016103196,0.015969768,0.020370554,0.016103197,UP,0.016585598033108054,1864.9430084410192,1336.01885190797,1.5560289104989304,0.013330908110214262,0.010587726719677448,83.96937561035156
2026-07-28,bitcoin,63871.36847958248,63735.58685351629,0.0022957555,0.000167739,0.017199216,0.020337773,0.0167739,UP,0.016498720020227297,1864.9430084410192,1336.01885190797,1.5560289104989304,0.013330908110214262,0.010587726719677448,83.96937561035156
2026-07-29,bitcoin,63908.16964651365,63881.406226178166,0.00057606556,0.0001572381,0.01718025,0.020341609,0.01572381,UP,0.016437198227638367,1864.9430084410192,1336.01885190797,1.5560289104989304,0.013330908110214262,0.010587726719677448,83.96937561035156
2026-07-30,bitcoin,64725.30738925841,63917.188210353255,0.012705116,0.00014105462,0.016542234,0.02037749,0.0141054625,UP,0.015635369755198258,1864.9430084410192,1336.01885190797,1.5560289104989304,0.013330908110214262,0.010587726719677448,83.96937561035156
2026-07-31,bitcoin,62813.74719823548,64734.243557375856,-0.029978357,0.00013796135,0.0057347068,0.020381529,0.013796136,UP,0.01622056818948197,1864.9430084410192,1336.01885190797,1.5560289104989304,0.013330908110214262,0.010587726719677448,83.96937561035156
2026-08-01,bitcoin,62763.31827866216,62821.03938826267,-0.00080310495,0.000116145704,0.0071314946,0.02049209,0.01161457,UP,0.015629049576415664,1864.9430084410192,1336.01885190797,1.5560289104989304,0.013330908110214262,0.010587726719677448,83.96937561035156
2026-08-02,bitcoin,63482.001020028256,62769.156249742955,0.01138557,9.293668e-05,0.0067432923,0.02055484,0.009293668,UP,0.015454533713584141,1864.9430084410192,1336.01885190797,1.5560289104989304,0.013330908110214262,0.010587726719677448,83.96937561035156
2026-08-03,bitcoin,63460.897624373436,63487.093024492264,-0.0003324576,8.022273e-05,0.0066263177,0.020570362,0.008022273,UP,0.015379328086463154,1864.9430084410192,1336.01885190797,1.5560289104989304,0.013330908110214262,0.010587726719677448,83.96937561035156
2026-08-04,bitcoin,64055.956324255094,63465.24838645477,0.009333025,6.843149e-05,0.006336815,0.020566242,0.0068431487,UP,0.01541674006452651,1864.9430084410192,1336.01885190797,1.5560289104989304,0.013330908110214262,0.010587726719677448,83.96937561035156
2026-08-05,bitcoin,64597.502830937505,64059.56498358585,0.008418742,5.6274468e-05,0.0087676225,0.020556645,0.005627447,UP,0.015440009449934441,1864.9430084410192,1336.01885190797,1.5560289104989304,0.013330908110214262,0.010587726719677448,83.96937561035156
2026-08-06,bitcoin,64262.110956162214,64600.87287247181,-0.0052054706,5.2159186e-05,0.008806581,0.020536115,0.0052159186,UP,0.015330359906933294,1864.9430084410192,1336.01885190797,1.5560289104989304,0.013330908110214262,0.010587726719677448,83.96937561035156
2026-08-07,bitcoin,64880.18910786603,64265.87465591682,0.009572119,5.8553298e-05,0.005972312,0.020472841,0.00585533,UP,0.015067020808622421,1864.9430084410192,1336.01885190797,1.5560289104989304,0.013330908110214262,0.010587726719677448,83.96937561035156
2026-08-08,bitcoin,64904.693736836314,64886.69597065123,0.00037748762,0.000100196106,0.0058946065,0.020250479,0.010019611,UP,0.014848818299185983,1864.9430084410192,1336.01885190797,1.5560289104989304,0.013330908110214262,0.010587726719677448,83.96937561035156
2026-08-09,bitcoin,64844.88635901362,64915.23336041719,-0.0009217878,0.00016250741,0.0055295434,0.019936709,0.01625074,UP,0.014621242247307981,1864.9430084410192,1336.01885190797,1.5560289104989304,0.013330908110214262,0.010587726719677448,83.96937561035156
2026-08-10,bitcoin,63910.58276084601,64860.779830824584,-0.014513049,0.0002450694,0.0033314645,0.019612474,0.024506938,UP,0.01484109215739548,1864.9430084410192,1336.01885190797,1.5560289104989304,0.013330908110214262,0.010587726719677448,83.96937561035156
2026-08-11,bitcoin,63551.87301186379,63929.14517728612,-0.0056285104,0.00029033166,0.00297768,0.019395033,0.029033165,UP,0.01487801931400611,1864.9430084410192,1336.01885190797,1.5560289104989304,0.013330908110214262,0.010587726719677448,83.96937561035156
2026-08-12,bitcoin,63402.43133947253,63571.84526711702,-0.0023542559,0.00031419238,0.013229351,0.019243717,0.03141924,UP,0.014193068968198382,1864.9430084410192,1336.01885190797,1.5560289104989304,0.013330908110214262,0.010587726719677448,83.96937561035156
2026-08-13,bitcoin,63402.17661634181,63423.24876381364,-4.1278545e-06,0.00032825663,0.013107428,0.019122487,0.032825664,UP,0.011648615760322422,1864.9430084410192,1336.01885190797,1.5560289104989304,0.013330908110214262,0.010587726719677448,83.96937561035156
2026-08-14,bitcoin,62975.59491735231,63424.79335170053,-0.0067508672,0.00035667256,0.029999154,0.018985255,0.035667256,UP,0.01168774817133917,1864.9430084410192,1336.01885190797,1.5560289104989304,0.013330908110214262,0.010587726719677448,83.96937561035156
2026-08-15,bitcoin,63024.315969876945,63001.38124233857,0.00077343814,0.00040945061,0.03111027,0.01878574,0.04094506,UP,0.011411351447719442,1864.9430084410192,1336.01885190797,1.5560289104989304,0.013330908110214262,0.010587726719677448,83.96937561035156
2026-08-16,bitcoin,62818.6533822543,63054.60555591341,-0.003268647,0.00048043707,0.02903491,0.01853175,0.048043706,UP,0.011416569031296587,1864.9430084410192,1336.01885190797,1.5560289104989304,0.013330908110214262,0.010587726719677448,83.96937561035156
2026-08-17,bitcoin,64506.25331833726,62852.29098633863,0.026510138,0.000535398,0.039776545,0.018305754,0.0535398,UP,0.012193652007366084,1864.9430084410192,1336.01885190797,1.5560289104989304,0.013330908110214262,0.010587726719677448,83.96937561035156
2026-08-18,bitcoin,64680.711144253146,64542.27267042361,0.0027008473,0.0005582503,0.038612437,0.01822765,0.05582503,UP,0.012200288725415226,1864.9430084410192,1336.01885190797,1.5560289104989304,0.013330908110214262,0.010587726719677448,83.96937561035156
2026-08-19,bitcoin,69266.18544721045,64716.534113766626,0.06849385,0.0005537075,0.034838397,0.01824578,0.055370748,UP,0.01774748550403094,1864.9430084410192,1336.01885190797,1.5560289104989304,0.013330908110214262,0.010587726719677448,83.96937561035156
2026-08-20,bitcoin,73032.75476496667,69296.1362664774,0.052951206,0.00043228932,0.033334635,0.018752495,0.04322893,UP,0.01992982123892882,1864.9430084410192,1336.01885190797,1.5560289104989304,0.013330908110214262,0.010587726719677448,83.96937561035156
2026-08-21,bitcoin,78335.18902440555,73058.03186225053,0.07008882,0.0003459747,0.012326278,0.019718774,0.03459747,UP,0.02350735457979937,1864.9430084410192,1336.01885190797,1.5560289104989304,0.013330908110214262,0.010587726719677448,83.96937561035156
