date,asset,actual_price,predicted_price,actual_return,predicted_return,actual_volatility,predicted_volatility,predicted_return_percent,trend,volatility_30,rmse,mae,mape,volatility_rmse,volatility_mae,volatility_mape
2026-06-15 23:00:00+00:00,bitcoin,66274.91917276382,66155.08911967278,0.001795984,-1.3742943e-05,0.0058109774,0.0028705765,-0.0013742943,DOWN,0.005025238276886377,278.94663415262903,171.04359792674757,0.2617426328648046,0.0025925259607583948,0.0016159422229975462,69.97989654541016
2026-06-16 00:00:00+00:00,bitcoin,66215.89659436606,66273.89479877427,-0.0008909816,-1.545484e-05,0.006205335,0.0026771533,-0.001545484,DOWN,0.005041665868938226,278.94663415262903,171.04359792674757,0.2617426328648046,0.0025925259607583948,0.0016159422229975462,69.97989654541016
2026-06-16 01:00:00+00:00,bitcoin,66304.1799030453,66211.60434618592,0.0013322276,-6.487394e-05,0.0068470966,0.0025392505,-0.0064873938,DOWN,0.0050340195951015096,278.94663415262903,171.04359792674757,0.2617426328648046,0.0025925259607583948,0.0016159422229975462,69.97989654541016
2026-06-16 02:00:00+00:00,bitcoin,65704.97594003845,66297.24790685624,-0.00907815,-0.0001044284,0.004706486,0.0024273465,-0.01044284,DOWN,0.0053599764206903365,278.94663415262903,171.04359792674757,0.2617426328648046,0.0025925259607583948,0.0016159422229975462,69.97989654541016
2026-06-16 03:00:00+00:00,bitcoin,66111.74924133066,65702.68159793224,0.006171822,-3.4986027e-05,0.0050949627,0.0026931874,-0.0034986027,DOWN,0.004023745671878372,278.94663415262903,171.04359792674757,0.2617426328648046,0.0025925259607583948,0.0016159422229975462,69.97989654541016
2026-06-16 04:00:00+00:00,bitcoin,65800.00383388996,66114.03552907705,-0.004726654,3.448526e-05,0.0054730247,0.0031230587,0.003448526,UP,0.004125032829786291,278.94663415262903,171.04359792674757,0.2617426328648046,0.0025925259607583948,0.0016159422229975462,69.97989654541016
2026-06-16 05:00:00+00:00,bitcoin,66020.15674114227,65801.45897865295,0.0033402545,2.2183058e-05,0.0054769954,0.0035615365,0.0022183058,UP,0.004072076407942741,278.94663415262903,171.04359792674757,0.2617426328648046,0.0025925259607583948,0.0016159422229975462,69.97989654541016
2026-06-16 06:00:00+00:00,bitcoin,66406.2454325147,66021.35252282023,0.0058310856,1.8116312e-05,0.0048654648,0.003936585,0.0018116313,UP,0.004182348116300697,278.94663415262903,171.04359792674757,0.2617426328648046,0.0025925259607583948,0.0016159422229975462,69.97989654541016
2026-06-16 07:00:00+00:00,bitcoin,66334.18053388596,66406.94662928581,-0.0010858835,1.0527398e-05,0.004865841,0.004306128,0.0010527398,UP,0.004175124942122907,278.94663415262903,171.04359792674757,0.2617426328648046,0.0025925259607583948,0.0016159422229975462,69.97989654541016
2026-06-16 08:00:00+00:00,bitcoin,66848.8965618657,66336.82875039522,0.00772953,3.9833023e-05,0.0028914523,0.0045694937,0.0039833025,UP,0.004373816538878946,278.94663415262903,171.04359792674757,0.2617426328648046,0.0025925259607583948,0.0016159422229975462,69.97989654541016
2026-06-16 09:00:00+00:00,bitcoin,66461.64839611994,66853.09013659693,-0.0058097593,6.26884e-05,0.0029416434,0.0047489284,0.00626884,UP,0.004374732438486547,278.94663415262903,171.04359792674757,0.2617426328648046,0.0025925259607583948,0.0016159422229975462,69.97989654541016
2026-06-16 10:00:00+00:00,bitcoin,66456.90265281033,66465.95846566558,-7.147234e-05,6.4845466e-05,0.0038483858,0.0048101125,0.0064845467,UP,0.0042986663295764005,278.94663415262903,171.04359792674757,0.2617426328648046,0.0025925259607583948,0.0016159422229975462,69.97989654541016
2026-06-16 11:00:00+00:00,bitcoin,66440.49139634799,66460.0356602408,-0.000246901,4.7072812e-05,0.0037380452,0.004676779,0.004707281,UP,0.0042645912729331065,278.94663415262903,171.04359792674757,0.2617426328648046,0.0025925259607583948,0.0016159422229975462,69.97989654541016
2026-06-16 12:00:00+00:00,bitcoin,66367.97766229836,66442.13169454131,-0.0010920332,2.4610854e-05,0.0045324853,0.004498346,0.0024610853,UP,0.004267344605334203,278.94663415262903,171.04359792674757,0.2617426328648046,0.0025925259607583948,0.0016159422229975462,69.97989654541016
2026-06-16 13:00:00+00:00,bitcoin,65997.99083424127,66368.37214646675,-0.005590339,5.8854685e-06,0.0039450126,0.0043492126,0.00058854686,UP,0.004380184085000037,278.94663415262903,171.04359792674757,0.2617426328648046,0.0025925259607583948,0.0016159422229975462,69.97989654541016
2026-06-16 14:00:00+00:00,bitcoin,65604.09423960932,65997.61061017262,-0.0059862216,-5.8196e-06,0.0029287448,0.004254742,-0.00058196,DOWN,0.004522347166369336,278.94663415262903,171.04359792674757,0.2617426328648046,0.0025925259607583948,0.0016159422229975462,69.97989654541016
2026-06-16 15:00:00+00:00,bitcoin,65811.40267623961,65603.80829746462,0.0031549532,-4.365779e-06,0.002781018,0.0042725983,-0.00043657792,DOWN,0.004554315703665221,278.94663415262903,171.04359792674757,0.2617426328648046,0.0025925259607583948,0.0016159422229975462,69.97989654541016
2026-06-16 16:00:00+00:00,bitcoin,65694.346113123,65810.68451246526,-0.001780222,-1.08353015e-05,0.0027208063,0.004167988,-0.0010835301,DOWN,0.004473214864871261,278.94663415262903,171.04359792674757,0.2617426328648046,0.0025925259607583948,0.0016159422229975462,69.97989654541016
2026-06-16 17:00:00+00:00,bitcoin,65915.7054253146,65693.19253772125,0.0033638705,-1.7542952e-05,0.0020222093,0.004057109,-0.0017542952,DOWN,0.004428543255774803,278.94663415262903,171.04359792674757,0.2617426328648046,0.0025925259607583948,0.0016159422229975462,69.97989654541016
2026-06-16 18:00:00+00:00,bitcoin,65781.86968617141,65914.46552714799,-0.0020324746,-1.8798839e-05,0.0019325633,0.004029629,-0.0018798839,DOWN,0.00432859488641352,278.94663415262903,171.04359792674757,0.2617426328648046,0.0025925259607583948,0.0016159422229975462,69.97989654541016
2026-06-16 19:00:00+00:00,bitcoin,65624.18407900259,65780.41253180942,-0.0023998856,-2.2054455e-05,0.0016284504,0.003980197,-0.0022054454,DOWN,0.004333923439971998,278.94663415262903,171.04359792674757,0.2617426328648046,0.0025925259607583948,0.0016159422229975462,69.97989654541016
2026-06-16 20:00:00+00:00,bitcoin,65792.70301806182,65622.62680895254,0.0025645974,-2.3722494e-05,0.001975816,0.003976665,-0.0023722495,DOWN,0.004340393670795545,278.94663415262903,171.04359792674757,0.2617426328648046,0.0025925259607583948,0.0016159422229975462,69.97989654541016
2026-06-16 21:00:00+00:00,bitcoin,65703.71137499716,65790.92274098285,-0.0013535304,-2.708981e-05,0.001818407,0.003961686,-0.002708981,DOWN,0.0038414925304853637,278.94663415262903,171.04359792674757,0.2617426328648046,0.0025925259607583948,0.0016159422229975462,69.97989654541016
2026-06-16 22:00:00+00:00,bitcoin,65710.1100840373,65701.51392329717,9.7378455e-05,-3.3390454e-05,0.0019253318,0.0038706004,-0.0033390454,DOWN,0.003841162015367373,278.94663415262903,171.04359792674757,0.2617426328648046,0.0025925259607583948,0.0016159422229975462,69.97989654541016
2026-06-16 23:00:00+00:00,bitcoin,65616.64297091216,65707.36773559079,-0.0014233345,-4.1723804e-05,0.0016896973,0.0037784744,-0.0041723805,DOWN,0.003772531919118661,278.94663415262903,171.04359792674757,0.2617426328648046,0.0025925259607583948,0.0016159422229975462,69.97989654541016
2026-06-17 00:00:00+00:00,bitcoin,65644.6672500018,65614.59513256373,0.00042698698,-3.1287607e-05,0.0018445175,0.0036821968,-0.0031287607,DOWN,0.003775430772442841,278.94663415262903,171.04359792674757,0.2617426328648046,0.0025925259607583948,0.0016159422229975462,69.97989654541016
2026-06-17 01:00:00+00:00,bitcoin,65871.0231521111,65640.88435492665,0.003442202,-5.7623525e-05,0.001450557,0.0034266922,-0.0057623526,DOWN,0.0038202226848752592,278.94663415262903,171.04359792674757,0.2617426328648046,0.0025925259607583948,0.0016159422229975462,69.97989654541016
2026-06-17 02:00:00+00:00,bitcoin,65847.99616334075,65863.68533427687,-0.00034970275,-0.00011143323,0.001410673,0.0031616993,-0.011143323,DOWN,0.0038178423461860175,278.94663415262903,171.04359792674757,0.2617426328648046,0.0025925259607583948,0.0016159422229975462,69.97989654541016
2026-06-17 03:00:00+00:00,bitcoin,65785.22604733333,65838.66675296798,-0.00095364416,-0.0001416321,0.0039165304,0.002916036,-0.01416321,DOWN,0.0038028019065226627,278.94663415262903,171.04359792674757,0.2617426328648046,0.0025925259607583948,0.0016159422229975462,69.97989654541016
2026-06-17 04:00:00+00:00,bitcoin,65831.73086852022,65774.12983517814,0.0007065959,-0.00016867928,0.003731216,0.002632878,-0.016867928,DOWN,0.003778437581738222,278.94663415262903,171.04359792674757,0.2617426328648046,0.0025925259607583948,0.0016159422229975462,69.97989654541016
2026-06-17 05:00:00+00:00,bitcoin,65768.0969783105,65819.41736136517,-0.0009669466,-0.00018704674,0.0036440997,0.0024087243,-0.018704673,DOWN,0.0037628032569402494,278.94663415262903,171.04359792674757,0.2617426328648046,0.0025925259607583948,0.0016159422229975462,69.97989654541016
2026-06-17 06:00:00+00:00,bitcoin,65554.38248484815,65756.06690360326,-0.0032548718,-0.00018302297,0.0039281114,0.0023262738,-0.018302297,DOWN,0.0038011263216715463,278.94663415262903,171.04359792674757,0.2617426328648046,0.0025925259607583948,0.0016159422229975462,69.97989654541016
2026-06-17 07:00:00+00:00,bitcoin,65472.2816646304,65544.41908096243,-0.001253204,-0.0001519299,0.004807148,0.0024110896,-0.015192989,DOWN,0.0037914720194939925,278.94663415262903,171.04359792674757,0.2617426328648046,0.0025925259607583948,0.0016159422229975462,69.97989654541016
2026-06-17 08:00:00+00:00,bitcoin,64861.97286886163,65465.16317743063,-0.0093654115,-0.00010871026,0.0024240064,0.002643794,-0.010871026,DOWN,0.003814082938150753,278.94663415262903,171.04359792674757,0.2617426328648046,0.0025925259607583948,0.0016159422229975462,69.97989654541016
2026-06-17 09:00:00+00:00,bitcoin,64849.922061525285,64858.04468427412,-0.00018574818,-6.055345e-05,0.002998295,0.0031392272,-0.0060553453,DOWN,0.0036047036565214933,278.94663415262903,171.04359792674757,0.2617426328648046,0.0025925259607583948,0.0016159422229975462,69.97989654541016
2026-06-17 10:00:00+00:00,bitcoin,64739.515695660375,64845.24092820939,-0.0017039997,-7.220585e-05,0.0048064487,0.0035569575,-0.007220585,DOWN,0.003528282665790072,278.94663415262903,171.04359792674757,0.2617426328648046,0.0025925259607583948,0.0016159422229975462,69.97989654541016
2026-06-17 11:00:00+00:00,bitcoin,64749.52138265362,64735.61821417068,0.00015457389,-6.0174607e-05,0.0046372875,0.0034091475,-0.0060174605,DOWN,0.003454566851708927,278.94663415262903,171.04359792674757,0.2617426328648046,0.0025925259607583948,0.0016159422229975462,69.97989654541016
2026-06-17 12:00:00+00:00,bitcoin,64983.3743249462,64748.42732894258,0.0036052477,-1.683786e-05,0.0046346434,0.003130933,-0.0016837859,DOWN,0.0033316343777537024,278.94663415262903,171.04359792674757,0.2617426328648046,0.0025925259607583948,0.0016159422229975462,69.97989654541016
2026-06-17 13:00:00+00:00,bitcoin,65225.00380652724,64985.540213908534,0.0037113028,3.3203094e-05,0.0070066005,0.002904601,0.0033203093,UP,0.003427343876041574,278.94663415262903,171.04359792674757,0.2617426328648046,0.0025925259607583948,0.0016159422229975462,69.97989654541016
2026-06-17 14:00:00+00:00,bitcoin,65040.89735299349,65228.03241610527,-0.0028265521,4.653778e-05,0.01123057,0.0027319829,0.004653778,UP,0.0030676635422516806,278.94663415262903,171.04359792674757,0.2617426328648046,0.0025925259607583948,0.0016159422229975462,69.97989654541016
2026-06-17 15:00:00+00:00,bitcoin,65696.96684148163,65043.883527028374,0.010036388,4.576463e-05,0.009395967,0.0026285993,0.0045764633,UP,0.003530934738287702,278.94663415262903,171.04359792674757,0.2617426328648046,0.0025925259607583948,0.0016159422229975462,69.97989654541016
2026-06-17 16:00:00+00:00,bitcoin,65802.56341901794,65699.60804805718,0.0016062324,4.0206643e-05,0.008930294,0.0025801149,0.0040206644,UP,0.0035492466949026474,278.94663415262903,171.04359792674757,0.2617426328648046,0.0025925259607583948,0.0016159422229975462,69.97989654541016
2026-06-17 17:00:00+00:00,bitcoin,66030.00729890354,65805.71586784068,0.0034504023,4.7763213e-05,0.008327339,0.0027423252,0.0047763214,UP,0.003615784879263307,278.94663415262903,171.04359792674757,0.2617426328648046,0.0025925259607583948,0.0016159422229975462,69.97989654541016
2026-06-17 18:00:00+00:00,bitcoin,65457.96632805327,66031.81036088336,-0.008701065,2.7347172e-05,0.008907913,0.0027325873,0.0027347172,UP,0.003930699125727452,278.94663415262903,171.04359792674757,0.2617426328648046,0.0025925259607583948,0.0016159422229975462,69.97989654541016
2026-06-17 19:00:00+00:00,bitcoin,64256.826391136274,65462.611652780324,-0.018520245,7.093204e-05,0.002344736,0.003269007,0.0070932037,UP,0.005040162455427518,278.94663415262903,171.04359792674757,0.2617426328648046,0.0025925259607583948,0.0016159422229975462,69.97989654541016
2026-06-17 20:00:00+00:00,bitcoin,64370.65588592738,64258.97292803228,0.0017699491,3.331183e-05,0.0022878472,0.003944535,0.003331183,UP,0.00496821873949811,278.94663415262903,171.04359792674757,0.2617426328648046,0.0025925259607583948,0.0016159422229975462,69.97989654541016
2026-06-17 21:00:00+00:00,bitcoin,64196.98016826552,64372.07976867305,-0.0027017652,2.2031425e-05,0.0015854553,0.0039055422,0.0022031425,UP,0.004929481740489784,278.94663415262903,171.04359792674757,0.2617426328648046,0.0025925259607583948,0.0016159422229975462,69.97989654541016
2026-06-17 22:00:00+00:00,bitcoin,64233.99743205635,64198.426862395834,0.00057648914,2.2481068e-05,0.0038030557,0.0038884282,0.0022481068,UP,0.004932372367146184,278.94663415262903,171.04359792674757,0.2617426328648046,0.0025925259607583948,0.0016159422229975462,69.97989654541016
2026-06-17 23:00:00+00:00,bitcoin,64452.66155910492,64235.860721349716,0.0033983376,2.8889783e-05,0.004071038,0.0038530643,0.0028889782,UP,0.004933369241263203,278.94663415262903,171.04359792674757,0.2617426328648046,0.0025925259607583948,0.0016159422229975462,69.97989654541016
2026-06-18 00:00:00+00:00,bitcoin,64399.98691037879,64455.3185973661,-0.0008175521,4.1166262e-05,0.0044031544,0.003912196,0.0041166265,UP,0.004927362260679191,278.94663415262903,171.04359792674757,0.2617426328648046,0.0025925259607583948,0.0016159422229975462,69.97989654541016
2026-06-18 01:00:00+00:00,bitcoin,64484.2441996797,64403.23568475759,0.0013075568,5.0388124e-05,0.004421244,0.0039645755,0.0050388123,UP,0.004929684836939073,278.94663415262903,171.04359792674757,0.2617426328648046,0.0025925259607583948,0.0016159422229975462,69.97989654541016
2026-06-18 02:00:00+00:00,bitcoin,64620.012255102396,64487.83988580108,0.0021031338,5.56612e-05,0.005652107,0.004001774,0.00556612,UP,0.004920239757149342,278.94663415262903,171.04359792674757,0.2617426328648046,0.0025925259607583948,0.0016159422229975462,69.97989654541016
2026-06-18 03:00:00+00:00,bitcoin,64215.0489387447,64621.93754517194,-0.006286523,2.9712235e-05,0.004789311,0.0038844638,0.0029712236,UP,0.005027228192800806,278.94663415262903,171.04359792674757,0.2617426328648046,0.0025925259607583948,0.0016159422229975462,69.97989654541016
2026-06-18 04:00:00+00:00,bitcoin,63809.88149508531,64217.24777502706,-0.0063295993,3.4146906e-05,0.0037336864,0.0039933217,0.0034146905,UP,0.005125067588737726,278.94663415262903,171.04359792674757,0.2617426328648046,0.0025925259607583948,0.0016159422229975462,69.97989654541016
2026-06-18 05:00:00+00:00,bitcoin,63920.53401237121,63813.20304740453,0.0017327147,5.1987772e-05,0.0039355187,0.0043020104,0.005198777,UP,0.005147705246877438,278.94663415262903,171.04359792674757,0.2617426328648046,0.0025925259607583948,0.0016159422229975462,69.97989654541016
2026-06-18 06:00:00+00:00,bitcoin,64011.35329348408,63924.0289867986,0.0014197009,5.4539334e-05,0.003964882,0.0045096446,0.0054539335,UP,0.005159453228982067,278.94663415262903,171.04359792674757,0.2617426328648046,0.0025925259607583948,0.0016159422229975462,69.97989654541016
2026-06-18 07:00:00+00:00,bitcoin,64440.87109145522,64013.5721100932,0.0066876397,3.4673903e-05,0.003816795,0.0045553204,0.0034673903,UP,0.00528547704926695,278.94663415262903,171.04359792674757,0.2617426328648046,0.0025925259607583948,0.0016159422229975462,69.97989654541016
2026-06-18 08:00:00+00:00,bitcoin,64336.00862898049,64442.72244381113,-0.0016285437,2.8722272e-05,0.00464078,0.0047340626,0.0028722272,UP,0.005287554446931619,278.94663415262903,171.04359792674757,0.2617426328648046,0.0025925259607583948,0.0016159422229975462,69.97989654541016
2026-06-18 09:00:00+00:00,bitcoin,64144.88901853189,64337.6069644019,-0.0029750916,2.4846131e-05,0.0046257083,0.0049413093,0.002484613,UP,0.005302897836546091,278.94663415262903,171.04359792674757,0.2617426328648046,0.0025925259607583948,0.0016159422229975462,69.97989654541016
2026-06-18 10:00:00+00:00,bitcoin,64014.488192048855,64145.41824501194,-0.0020350034,8.225032e-06,0.010751792,0.004987206,0.0008225032,UP,0.005299149790332798,278.94663415262903,171.04359792674757,0.2617426328648046,0.0025925259607583948,0.0016159422229975462,69.97989654541016
2026-06-18 11:00:00+00:00,bitcoin,63901.9216055111,64013.20243724878,-0.0017599998,-2.0089035e-05,0.011697407,0.0048410366,-0.0020089035,DOWN,0.00530136666524698,278.94663415262903,171.04359792674757,0.2617426328648046,0.0025925259607583948,0.0016159422229975462,69.97989654541016
2026-06-18 12:00:00+00:00,bitcoin,64309.21758566983,63898.56627695728,0.0063534332,-5.249142e-05,0.010407085,0.0045958296,-0.005249142,DOWN,0.005446298482632816,278.94663415262903,171.04359792674757,0.2617426328648046,0.0025925259607583948,0.0016159422229975462,69.97989654541016
2026-06-18 13:00:00+00:00,bitcoin,63911.681099586654,64304.54985424876,-0.0062007452,-7.241385e-05,0.010892986,0.00436997,-0.007241385,DOWN,0.005539445587745682,278.94663415262903,171.04359792674757,0.2617426328648046,0.0025925259607583948,0.0016159422229975462,69.97989654541016
2026-06-18 14:00:00+00:00,bitcoin,63733.07823237963,63907.78263757704,-0.0027984178,-6.106057e-05,0.011469369,0.0043041203,-0.006106057,DOWN,0.005316443426872468,278.94663415262903,171.04359792674757,0.2617426328648046,0.0025925259607583948,0.0016159422229975462,69.97989654541016
2026-06-18 15:00:00+00:00,bitcoin,62294.876178220846,63728.945044219494,-0.022824487,-6.490903e-05,0.0024011605,0.004050956,-0.006490903,DOWN,0.00666072087329356,278.94663415262903,171.04359792674757,0.2617426328648046,0.0025925259607583948,0.0016159422229975462,69.97989654541016
2026-06-18 16:00:00+00:00,bitcoin,62602.02357096225,62293.876378935296,0.0049183164,-1.6078842e-05,0.0024839346,0.0044211787,-0.0016078842,DOWN,0.0067568893544913845,278.94663415262903,171.04359792674757,0.2617426328648046,0.0025925259607583948,0.0016159422229975462,69.97989654541016
2026-06-18 17:00:00+00:00,bitcoin,62515.03380731866,62600.765790548176,-0.0013905106,-2.007212e-05,0.0024359003,0.004343899,-0.002007212,DOWN,0.0067529123505605994,278.94663415262903,171.04359792674757,0.2617426328648046,0.0025925259607583948,0.0016159422229975462,69.97989654541016
2026-06-18 18:00:00+00:00,bitcoin,62621.50329535827,62513.432716106996,0.0017016417,-2.5517335e-05,0.0024025876,0.0041975686,-0.0025517335,DOWN,0.006715411805240667,278.94663415262903,171.04359792674757,0.2617426328648046,0.0025925259607583948,0.0016159422229975462,69.97989654541016
2026-06-18 19:00:00+00:00,bitcoin,62859.10553878546,62620.68630796671,0.0037870689,-1.2969491e-05,0.0018005604,0.003935808,-0.0012969491,DOWN,0.006717350924477209,278.94663415262903,171.04359792674757,0.2617426328648046,0.0025925259607583948,0.0016159422229975462,69.97989654541016
2026-06-18 20:00:00+00:00,bitcoin,63012.28141714819,62859.97828899417,0.0024339093,1.3957003e-05,0.0013489163,0.0037048762,0.0013957003,UP,0.0067423681401550225,278.94663415262903,171.04359792674757,0.2617426328648046,0.0025925259607583948,0.0016159422229975462,69.97989654541016
2026-06-18 21:00:00+00:00,bitcoin,62889.72869198397,63015.15821167454,-0.001946765,4.5605928e-05,0.00096331065,0.003560531,0.0045605926,UP,0.00640761177948771,278.94663415262903,171.04359792674757,0.2617426328648046,0.0025925259607583948,0.0016159422229975462,69.97989654541016
2026-06-18 22:00:00+00:00,bitcoin,62815.697197868954,62893.763876318,-0.001177853,6.401679e-05,0.0019310415,0.0035628662,0.0064016795,UP,0.0063821425649216584,278.94663415262903,171.04359792674757,0.2617426328648046,0.0025925259607583948,0.0016159422229975462,69.97989654541016
2026-06-18 23:00:00+00:00,bitcoin,62879.01207553083,62819.97498944448,0.0010074013,6.7981724e-05,0.002625638,0.0031418325,0.0067981724,UP,0.006331668172466821,278.94663415262903,171.04359792674757,0.2617426328648046,0.0025925259607583948,0.0016159422229975462,69.97989654541016
2026-06-19 00:00:00+00:00,bitcoin,62949.86915991036,62882.714625333436,0.0011262817,5.8863523e-05,0.0037465165,0.0030432178,0.005886352,UP,0.006206608907387896,278.94663415262903,171.04359792674757,0.2617426328648046,0.0025925259607583948,0.0016159422229975462,69.97989654541016
2026-06-19 01:00:00+00:00,bitcoin,62951.97227238491,62951.822188196704,3.332209e-05,3.096394e-05,0.004036572,0.0029694277,0.003096394,UP,0.005305554458154998,278.94663415262903,171.04359792674757,0.2617426328648046,0.0025925259607583948,0.0016159422229975462,69.97989654541016
2026-06-19 02:00:00+00:00,bitcoin,62929.99194044061,62951.57851810753,-0.0003492235,-6.232418e-06,0.004392983,0.0028772966,-0.00062324177,DOWN,0.0052859956831351205,278.94663415262903,171.04359792674757,0.2617426328648046,0.0025925259607583948,0.0016159422229975462,69.97989654541016
2026-06-19 03:00:00+00:00,bitcoin,62702.071153763914,62926.64996280847,-0.0036283447,-5.3047144e-05,0.004173572,0.0026781312,-0.0053047147,DOWN,0.005300460602721835,278.94663415262903,171.04359792674757,0.2617426328648046,0.0025925259607583948,0.0016159422229975462,69.97989654541016
2026-06-19 04:00:00+00:00,bitcoin,62387.14007276576,62698.17600981798,-0.0050352924,-6.205187e-05,0.0037800695,0.002701057,-0.006205187,DOWN,0.005349709856167767,278.94663415262903,171.04359792674757,0.2617426328648046,0.0025925259607583948,0.0016159422229975462,69.97989654541016
2026-06-19 05:00:00+00:00,bitcoin,62675.81269828789,62384.91320555005,0.0046163704,-3.5765508e-05,0.0031453343,0.0029667527,-0.0035765509,DOWN,0.005388612857946466,278.94663415262903,171.04359792674757,0.2617426328648046,0.0025925259607583948,0.0016159422229975462,69.97989654541016
2026-06-19 06:00:00+00:00,bitcoin,62829.31882612314,62673.27200639038,0.0024463031,-4.0449777e-05,0.002966532,0.0034684276,-0.0040449775,DOWN,0.00542359262913586,278.94663415262903,171.04359792674757,0.2617426328648046,0.0025925259607583948,0.0016159422229975462,69.97989654541016
2026-06-19 07:00:00+00:00,bitcoin,62561.210303715896,62826.5977561553,-0.0042763962,-4.331782e-05,0.0026508518,0.004170272,-0.004331782,DOWN,0.005444048249520257,278.94663415262903,171.04359792674757,0.2617426328648046,0.0025925259607583948,0.0016159422229975462,69.97989654541016
2026-06-19 08:00:00+00:00,bitcoin,62529.421734616626,62558.41050449526,-0.00050825643,-4.4790555e-05,0.0034428164,0.004911776,-0.0044790553,DOWN,0.0054135634286341956,278.94663415262903,171.04359792674757,0.2617426328648046,0.0025925259607583948,0.0016159422229975462,69.97989654541016
2026-06-19 09:00:00+00:00,bitcoin,62317.11826883163,62528.251583190635,-0.003400991,-1.8758905e-05,0.0022674531,0.005240247,-0.0018758905,DOWN,0.00534365098330331,278.94663415262903,171.04359792674757,0.2617426328648046,0.0025925259607583948,0.0016159422229975462,69.97989654541016
2026-06-19 10:00:00+00:00,bitcoin,62466.31327711651,62317.715396128595,0.002391144,9.445943e-06,0.0025592074,0.0054832012,0.00094459427,UP,0.005280529153297981,278.94663415262903,171.04359792674757,0.2617426328648046,0.0025925259607583948,0.0016159422229975462,69.97989654541016
2026-06-19 11:00:00+00:00,bitcoin,62570.51581412088,62466.82985324878,0.0016668843,8.33636e-06,0.0037090636,0.0054513854,0.00083363603,UP,0.005279496500308124,278.94663415262903,171.04359792674757,0.2617426328648046,0.0025925259607583948,0.0016159422229975462,69.97989654541016
2026-06-19 12:00:00+00:00,bitcoin,62768.43629708793,62569.86686987174,0.0031581884,-1.0463602e-05,0.0037887671,0.0051885545,-0.0010463602,DOWN,0.005313083980823567,278.94663415262903,171.04359792674757,0.2617426328648046,0.0025925259607583948,0.0016159422229975462,69.97989654541016
2026-06-19 13:00:00+00:00,bitcoin,63151.17544006463,62765.71026407322,0.0060789837,-4.353463e-05,0.0027051982,0.0048079165,-0.004353463,DOWN,0.005284967437513116,278.94663415262903,171.04359792674757,0.2617426328648046,0.0025925259607583948,0.0016159422229975462,69.97989654541016
2026-06-19 14:00:00+00:00,bitcoin,63145.38644843269,63146.402756287716,-9.155039e-05,-7.55074e-05,0.002731897,0.0044156797,-0.00755074,DOWN,0.005282713178597268,278.94663415262903,171.04359792674757,0.2617426328648046,0.0025925259607583948,0.0016159422229975462,69.97989654541016
2026-06-19 15:00:00+00:00,bitcoin,63147.370362011716,63139.76380592678,3.136314e-05,-8.91421e-05,0.0033027863,0.004023431,-0.00891421,DOWN,0.0052648345330081996,278.94663415262903,171.04359792674757,0.2617426328648046,0.0025925259607583948,0.0016159422229975462,69.97989654541016
2026-06-19 16:00:00+00:00,bitcoin,62911.53787621134,63143.00499686785,-0.0037416206,-6.919258e-05,0.0030367698,0.0036763093,-0.0069192583,DOWN,0.0052909242589073025,278.94663415262903,171.04359792674757,0.2617426328648046,0.0025925259607583948,0.0016159422229975462,69.97989654541016
2026-06-19 17:00:00+00:00,bitcoin,63143.62291810848,62909.836644248106,0.003682234,-2.7084667e-05,0.0030781303,0.0033501585,-0.0027084667,DOWN,0.005341804139417546,278.94663415262903,171.04359792674757,0.2617426328648046,0.0025925259607583948,0.0016159422229975462,69.97989654541016
2026-06-19 18:00:00+00:00,bitcoin,63049.533529774984,63143.15063711186,-0.0014910799,-7.497003e-06,0.003128829,0.003074375,-0.0007497003,DOWN,0.005189539868750238,278.94663415262903,171.04359792674757,0.2617426328648046,0.0025925259607583948,0.0016159422229975462,69.97989654541016
2026-06-19 19:00:00+00:00,bitcoin,62968.94402130041,63049.04300050996,-0.0012791405,-7.899827e-06,0.0029310342,0.002902524,-0.00078998273,DOWN,0.005085357245574842,278.94663415262903,171.04359792674757,0.2617426328648046,0.0025925259607583948,0.0016159422229975462,69.97989654541016
2026-06-19 20:00:00+00:00,bitcoin,63190.23251827434,62968.44973162864,0.0035082202,-7.820772e-06,0.0027226545,0.0028032586,-0.0007820772,DOWN,0.00511680531449282,278.94663415262903,171.04359792674757,0.2617426328648046,0.0025925259607583948,0.0016159422229975462,69.97989654541016
2026-06-19 21:00:00+00:00,bitcoin,63015.09920691978,63188.92003015289,-0.0027754265,-2.0856824e-05,0.0031520363,0.0027198337,-0.0020856825,DOWN,0.0029679167782778043,278.94663415262903,171.04359792674757,0.2617426328648046,0.0025925259607583948,0.0016159422229975462,69.97989654541016
2026-06-19 22:00:00+00:00,bitcoin,63256.94242330827,63011.26293791551,0.0038304622,-6.0947168e-05,0.002846459,0.002608188,-0.006094717,DOWN,0.0029165046291354346,278.94663415262903,171.04359792674757,0.2617426328648046,0.0025925259607583948,0.0016159422229975462,69.97989654541016
2026-06-19 23:00:00+00:00,bitcoin,63475.64766497677,63252.36036111065,0.0034514759,-7.2388015e-05,0.0024526862,0.002564981,-0.0072388016,DOWN,0.002950806743156955,278.94663415262903,171.04359792674757,0.2617426328648046,0.0025925259607583948,0.0016159422229975462,69.97989654541016
2026-06-20 00:00:00+00:00,bitcoin,63463.9992150343,63471.11587221455,-0.00018352717,-7.144502e-05,0.0025083849,0.0025669085,-0.0071445024,DOWN,0.0029446584687389285,278.94663415262903,171.04359792674757,0.2617426328648046,0.0025925259607583948,0.0016159422229975462,69.97989654541016
2026-06-20 01:00:00+00:00,bitcoin,63529.73661518097,63461.378554821014,0.0010352996,-4.128796e-05,0.0025079255,0.0026611192,-0.004128796,DOWN,0.0028789584159161176,278.94663415262903,171.04359792674757,0.2617426328648046,0.0025925259607583948,0.0016159422229975462,69.97989654541016
2026-06-20 02:00:00+00:00,bitcoin,63279.62889400264,63529.01502776076,-0.003944657,-1.1381619e-05,0.001449099,0.0027843565,-0.0011381619,DOWN,0.0029544323406131895,278.94663415262903,171.04359792674757,0.2617426328648046,0.0025925259607583948,0.0016159422229975462,69.97989654541016
2026-06-20 03:00:00+00:00,bitcoin,63424.5248308219,63282.66140113119,0.002287071,4.789856e-05,0.0022347523,0.0031054749,0.0047898563,UP,0.0029522805133873143,278.94663415262903,171.04359792674757,0.2617426328648046,0.0025925259607583948,0.0016159422229975462,69.97989654541016
2026-06-20 04:00:00+00:00,bitcoin,63520.01989390841,63427.604334350675,0.0015045943,4.8584297e-05,0.0031806508,0.0034258703,0.0048584295,UP,0.0029470446627040832,278.94663415262903,171.04359792674757,0.2617426328648046,0.0025925259607583948,0.0016159422229975462,69.97989654541016
2026-06-20 05:00:00+00:00,bitcoin,63613.05129050743,63520.92062024167,0.0014635259,1.4130843e-05,0.0031705112,0.003709787,0.0014130843,UP,0.0029515976755077914,278.94663415262903,171.04359792674757,0.2617426328648046,0.0025925259607583948,0.0016159422229975462,69.97989654541016
2026-06-20 06:00:00+00:00,bitcoin,63678.418539253995,63612.96736531751,0.0010271089,-1.3449217e-06,0.003121918,0.0039557875,-0.00013449216,DOWN,0.002950799849734781,278.94663415262903,171.04359792674757,0.2617426328648046,0.0025925259607583948,0.0016159422229975462,69.97989654541016
2026-06-20 07:00:00+00:00,bitcoin,63582.55818097014,63676.95680052973,-0.0015065622,-2.2966104e-05,0.003042321,0.0041630636,-0.0022966103,DOWN,0.002970482718935411,278.94663415262903,171.04359792674757,0.2617426328648046,0.0025925259607583948,0.0016159422229975462,69.97989654541016
2026-06-20 08:00:00+00:00,bitcoin,63358.481943642255,63580.84559699986,-0.0035303088,-2.6916265e-05,0.00317704,0.0043779872,-0.0026916265,DOWN,0.0030512157335513945,278.94663415262903,171.04359792674757,0.2617426328648046,0.0025925259607583948,0.0016159422229975462,69.97989654541016
2026-06-20 09:00:00+00:00,bitcoin,63667.07039609179,63357.60836602631,0.004858591,-1.3839357e-05,0.004651993,0.0045921975,-0.0013839357,DOWN,0.0030753112719528225,278.94663415262903,171.04359792674757,0.2617426328648046,0.0025925259607583948,0.0016159422229975462,69.97989654541016
2026-06-20 10:00:00+00:00,bitcoin,63609.60105700418,63667.37390074879,-0.00090305234,4.716409e-06,0.0046652146,0.004652049,0.0004716409,UP,0.0029069300013693728,278.94663415262903,171.04359792674757,0.2617426328648046,0.0025925259607583948,0.0016159422229975462,69.97989654541016
2026-06-20 11:00:00+00:00,bitcoin,63617.4119035732,63609.44611396408,0.00012275057,-2.4010988e-06,0.004887448,0.0045187543,-0.00024010988,DOWN,0.0028091725284746655,278.94663415262903,171.04359792674757,0.2617426328648046,0.0025925259607583948,0.0016159422229975462,69.97989654541016
2026-06-20 12:00:00+00:00,bitcoin,63594.45403521741,63615.172939301,-0.00036098735,-3.5188474e-05,0.0052858465,0.004068733,-0.0035188473,DOWN,0.0027887446631382814,278.94663415262903,171.04359792674757,0.2617426328648046,0.0025925259607583948,0.0016159422229975462,69.97989654541016
2026-06-20 13:00:00+00:00,bitcoin,63342.000283362344,63589.67315781023,-0.003977574,-7.510365e-05,0.0047340556,0.0035379122,-0.007510365,DOWN,0.002772022693284718,278.94663415262903,171.04359792674757,0.2617426328648046,0.0025925259607583948,0.0016159422229975462,69.97989654541016
2026-06-20 14:00:00+00:00,bitcoin,63881.96122813225,63338.68890631199,0.008488404,-5.2353964e-05,0.0027195145,0.0031473867,-0.0052353963,DOWN,0.0031348514007697075,278.94663415262903,171.04359792674757,0.2617426328648046,0.0025925259607583948,0.0016159422229975462,69.97989654541016
2026-06-20 15:00:00+00:00,bitcoin,64086.051598683,63880.734870468266,0.0031898257,-1.9242598e-05,0.0020561076,0.0029871624,-0.0019242598,DOWN,0.003066819954655233,278.94663415262903,171.04359792674757,0.2617426328648046,0.0025925259607583948,0.0016159422229975462,69.97989654541016
2026-06-20 16:00:00+00:00,bitcoin,63967.8960728324,64086.50933330739,-0.001845597,7.0452015e-06,0.002090869,0.002869223,0.00070452015,UP,0.0030949149126703827,278.94663415262903,171.04359792674757,0.2617426328648046,0.0025925259607583948,0.0016159422229975462,69.97989654541016
2026-06-20 17:00:00+00:00,bitcoin,63751.17201667279,63968.50067034364,-0.0033936822,9.506382e-06,0.0017867793,0.0027305568,0.00095063826,UP,0.0031822573717710375,278.94663415262903,171.04359792674757,0.2617426328648046,0.0025925259607583948,0.0016159422229975462,69.97989654541016
2026-06-20 18:00:00+00:00,bitcoin,63733.27830622438,63751.293470710516,-0.00028067146,1.8812348e-06,0.0015940919,0.0026559217,0.00018812348,UP,0.003149606246340779,278.94663415262903,171.04359792674757,0.2617426328648046,0.0025925259607583948,0.0016159422229975462,69.97989654541016
2026-06-20 19:00:00+00:00,bitcoin,63867.3636803031,63732.6088624727,0.0021015282,-1.060961e-05,0.0018188405,0.002615667,-0.001060961,DOWN,0.002985573971142987,278.94663415262903,171.04359792674757,0.2617426328648046,0.0025925259607583948,0.0016159422229975462,69.97989654541016
2026-06-20 20:00:00+00:00,bitcoin,63858.67608411703,63866.10694067273,-0.000135911,-1.9666446e-05,0.0018871935,0.0025941462,-0.0019666445,DOWN,0.0029858266554760276,278.94663415262903,171.04359792674757,0.2617426328648046,0.0025925259607583948,0.0016159422229975462,69.97989654541016
2026-06-20 21:00:00+00:00,bitcoin,63937.012804744765,63856.10664633103,0.0012258949,-4.0230858e-05,0.0019629782,0.0025561147,-0.004023086,DOWN,0.00298900389409505,278.94663415262903,171.04359792674757,0.2617426328648046,0.0025925259607583948,0.0016159422229975462,69.97989654541016
2026-06-20 22:00:00+00:00,bitcoin,64196.98661955772,63931.142866727896,0.0040578907,-9.18373e-05,0.0014473138,0.0023944855,-0.00918373,DOWN,0.002954344543439412,278.94663415262903,171.04359792674757,0.2617426328648046,0.0025925259607583948,0.0016159422229975462,69.97989654541016
2026-06-20 23:00:00+00:00,bitcoin,64245.30854892824,64190.1274766929,0.00075240503,-0.00010687613,0.0018240701,0.002304846,-0.010687613,DOWN,0.0028992996704632567,278.94663415262903,171.04359792674757,0.2617426328648046,0.0025925259607583948,0.0016159422229975462,69.97989654541016
2026-06-21 00:00:00+00:00,bitcoin,64207.988052752335,64241.74349794979,-0.00058107206,-5.5456585e-05,0.0018123788,0.002422332,-0.0055456585,DOWN,0.0028816073658291157,278.94663415262903,171.04359792674757,0.2617426328648046,0.0025925259607583948,0.0016159422229975462,69.97989654541016
2026-06-21 01:00:00+00:00,bitcoin,64175.17094734241,64205.80683748005,-0.000511226,-3.3965414e-05,0.0018200786,0.0024807102,-0.0033965413,DOWN,0.0028676313148388323,278.94663415262903,171.04359792674757,0.2617426328648046,0.0025925259607583948,0.0016159422229975462,69.97989654541016
2026-06-21 02:00:00+00:00,bitcoin,64155.00957089942,64174.353295398876,-0.00031419197,-1.2777553e-05,0.0019843741,0.0025829154,-0.0012777552,DOWN,0.002819942189877558,278.94663415262903,171.04359792674757,0.2617426328648046,0.0025925259607583948,0.0016159422229975462,69.97989654541016
2026-06-21 03:00:00+00:00,bitcoin,64337.54351242678,64155.8988720607,0.0028410591,1.38030755e-05,0.0014088136,0.002813393,0.0013803076,UP,0.002780803886709082,278.94663415262903,171.04359792674757,0.2617426328648046,0.0025925259607583948,0.0016159422229975462,69.97989654541016
2026-06-21 04:00:00+00:00,bitcoin,64199.04851164203,64340.62225469388,-0.002154847,4.7897855e-05,0.0022229673,0.0030997628,0.0047897855,UP,0.0027624542373737206,278.94663415262903,171.04359792674757,0.2617426328648046,0.0025925259607583948,0.0016159422229975462,69.97989654541016
2026-06-21 05:00:00+00:00,bitcoin,64178.00851891958,64200.8109995937,-0.0003277698,2.7414717e-05,0.002525204,0.0035592327,0.0027414716,UP,0.0027084714814259647,278.94663415262903,171.04359792674757,0.2617426328648046,0.0025925259607583948,0.0016159422229975462,69.97989654541016
2026-06-21 06:00:00+00:00,bitcoin,64219.960041791666,64176.76084316778,0.00065342494,-1.9442641e-05,0.0029279876,0.0039388174,-0.0019442642,DOWN,0.002706879695776041,278.94663415262903,171.04359792674757,0.2617426328648046,0.0025925259607583948,0.0016159422229975462,69.97989654541016
2026-06-21 07:00:00+00:00,bitcoin,64117.0541483257,64216.86424086103,-0.0016036271,-4.8190144e-05,0.0028581133,0.004251785,-0.0048190146,DOWN,0.002728223926476599,278.94663415262903,171.04359792674757,0.2617426328648046,0.0025925259607583948,0.0016159422229975462,69.97989654541016
2026-06-21 08:00:00+00:00,bitcoin,63935.35325790057,64112.182137086056,-0.0028380123,-7.6031065e-05,0.0024559537,0.0045031807,-0.0076031066,DOWN,0.002675947768300394,278.94663415262903,171.04359792674757,0.2617426328648046,0.0025925259607583948,0.0016159422229975462,69.97989654541016
2026-06-21 09:00:00+00:00,bitcoin,64126.000462053344,63927.29543845635,0.002977457,-0.0001259732,0.001996201,0.004126971,-0.01259732,DOWN,0.0026961828153587025,278.94663415262903,171.04359792674757,0.2617426328648046,0.0025925259607583948,0.0016159422229975462,69.97989654541016
2026-06-21 10:00:00+00:00,bitcoin,64285.16436266899,64119.68189108372,0.002478916,-9.848884e-05,0.0016352269,0.0032420598,-0.009848884,DOWN,0.0027161781158975182,278.94663415262903,171.04359792674757,0.2617426328648046,0.0025925259607583948,0.0016159422229975462,69.97989654541016
2026-06-21 11:00:00+00:00,bitcoin,64087.191847048234,64280.742212911835,-0.0030842917,-6.875537e-05,0.00095170917,0.0029772792,-0.006875537,DOWN,0.0027808564336160788,278.94663415262903,171.04359792674757,0.2617426328648046,0.0025925259607583948,0.0016159422229975462,69.97989654541016
2026-06-21 12:00:00+00:00,bitcoin,64107.6736793709,64084.50984046655,0.0003195209,-4.1909407e-05,0.0009295502,0.0028482971,-0.004190941,DOWN,0.0027770422761459867,278.94663415262903,171.04359792674757,0.2617426328648046,0.0025925259607583948,0.0016159422229975462,69.97989654541016
2026-06-21 13:00:00+00:00,bitcoin,64068.700323018245,64106.002047740854,-0.0006081098,-2.6027972e-05,0.0010349393,0.0026772541,-0.0026027972,DOWN,0.002762524188149358,278.94663415262903,171.04359792674757,0.2617426328648046,0.0025925259607583948,0.0016159422229975462,69.97989654541016
2026-06-21 14:00:00+00:00,bitcoin,64061.29076215718,64066.77454755269,-0.00011566623,-3.007077e-05,0.0010545556,0.0025466848,-0.0030070771,DOWN,0.0026701773140630166,278.94663415262903,171.04359792674757,0.2617426328648046,0.0025925259607583948,0.0016159422229975462,69.97989654541016
2026-06-21 15:00:00+00:00,bitcoin,64143.986894995905,64054.96205592295,0.0012901064,-9.8825374e-05,0.00262539,0.0024033356,-0.009882538,DOWN,0.0025389490764656966,278.94663415262903,171.04359792674757,0.2617426328648046,0.0025925259607583948,0.0016159422229975462,69.97989654541016
2026-06-21 16:00:00+00:00,bitcoin,64065.58046247531,64134.95004819054,-0.0012231562,-0.00014096123,0.0026413787,0.002196856,-0.014096123,DOWN,0.00254462798499509,278.94663415262903,171.04359792674757,0.2617426328648046,0.0025925259607583948,0.0016159422229975462,69.97989654541016
2026-06-21 17:00:00+00:00,bitcoin,64065.29936676007,64054.4850744931,-4.3290693e-06,-0.0001731856,0.0026432863,0.0019770763,-0.01731856,DOWN,0.0025449378080116317,278.94663415262903,171.04359792674757,0.2617426328648046,0.0025925259607583948,0.0016159422229975462,69.97989654541016
2026-06-21 18:00:00+00:00,bitcoin,64140.00002896087,64052.11137313256,0.0011653063,-0.0002058601,0.0036408673,0.0017658523,-0.02058601,DOWN,0.002547834150397659,278.94663415262903,171.04359792674757,0.2617426328648046,0.0025925259607583948,0.0016159422229975462,69.97989654541016
2026-06-21 19:00:00+00:00,bitcoin,64119.9634373188,64125.051906108856,-0.0003123539,-0.00023307564,0.0066138236,0.001582115,-0.023307564,DOWN,0.0024214536771277368,278.94663415262903,171.04359792674757,0.2617426328648046,0.0025925259607583948,0.0016159422229975462,69.97989654541016
2026-06-21 20:00:00+00:00,bitcoin,63759.02960677631,64103.664746601135,-0.005645,-0.0002542803,0.007823888,0.0014334578,-0.02542803,DOWN,0.002149435266642079,278.94663415262903,171.04359792674757,0.2617426328648046,0.0025925259607583948,0.0016159422229975462,69.97989654541016
2026-06-21 21:00:00+00:00,bitcoin,63723.984566081315,63744.392361857,-0.0005497668,-0.00022962592,0.008560634,0.0014207476,-0.022962593,DOWN,0.0020606759866873756,278.94663415262903,171.04359792674757,0.2617426328648046,0.0025925259607583948,0.0016159422229975462,69.97989654541016
2026-06-21 22:00:00+00:00,bitcoin,63724.91505319718,63713.53930737008,1.4466583e-05,-0.00016401686,0.0089861695,0.0015452841,-0.016401686,DOWN,0.0020369395667096807,278.94663415262903,171.04359792674757,0.2617426328648046,0.0025925259607583948,0.0016159422229975462,69.97989654541016
2026-06-21 23:00:00+00:00,bitcoin,63224.87147448957,63717.90229158173,-0.007877787,-0.00011001015,0.0076703923,0.0016159741,-0.011001015,DOWN,0.0024114905403939406,278.94663415262903,171.04359792674757,0.2617426328648046,0.0025925259607583948,0.0016159422229975462,69.97989654541016
2026-06-22 00:00:00+00:00,bitcoin,63811.80680603441,63224.09101508162,0.009240384,-1.2380835e-05,0.0067114606,0.0019086734,-0.0012380835,DOWN,0.0029764855342722892,278.94663415262903,171.04359792674757,0.2617426328648046,0.0025925259607583948,0.0016159422229975462,69.97989654541016
2026-06-22 01:00:00+00:00,bitcoin,64532.7047200487,63822.48095229827,0.011233921,0.00016742497,0.003777887,0.0028097827,0.016742496,UP,0.0036030454606134892,278.94663415262903,171.04359792674757,0.2617426328648046,0.0025925259607583948,0.0016159422229975462,69.97989654541016
2026-06-22 02:00:00+00:00,bitcoin,64181.74540082109,64534.37627034541,-0.0054533402,2.5899422e-05,0.0038075047,0.0036689523,0.0025899422,UP,0.0037546675234173483,278.94663415262903,171.04359792674757,0.2617426328648046,0.0025925259607583948,0.0016159422229975462,69.97989654541016
2026-06-22 03:00:00+00:00,bitcoin,63888.72183301137,64180.90049024322,-0.0045759194,-1.3070272e-05,0.0029844148,0.003816135,-0.0013070272,DOWN,0.0038465224638856185,278.94663415262903,171.04359792674757,0.2617426328648046,0.0025925259607583948,0.0016159422229975462,69.97989654541016
2026-06-22 04:00:00+00:00,bitcoin,64013.36431349069,63888.02187421732,0.0019490015,-1.0940856e-05,0.0029013478,0.0037812158,-0.0010940855,DOWN,0.00378801819242737,278.94663415262903,171.04359792674757,0.2617426328648046,0.0025925259607583948,0.0016159422229975462,69.97989654541016
2026-06-22 05:00:00+00:00,bitcoin,64164.811575831845,64012.55812135525,0.0023631058,-1.2511557e-05,0.002636984,0.003734525,-0.0012511556,DOWN,0.0038117481547942575,278.94663415262903,171.04359792674757,0.2617426328648046,0.0025925259607583948,0.0016159422229975462,69.97989654541016
2026-06-22 06:00:00+00:00,bitcoin,63910.01138078375,64163.936603047885,-0.0039788806,-1.3611889e-05,0.00370391,0.0036694913,-0.0013611888,DOWN,0.0038781686087278116,278.94663415262903,171.04359792674757,0.2617426328648046,0.0025925259607583948,0.0016159422229975462,69.97989654541016
2026-06-22 07:00:00+00:00,bitcoin,64131.40256578149,63908.838444017805,0.0034580522,-1.8363036e-05,0.0044803084,0.0036045585,-0.0018363036,DOWN,0.0039328507120420814,278.94663415262903,171.04359792674757,0.2617426328648046,0.0025925259607583948,0.0016159422229975462,69.97989654541016
2026-06-22 08:00:00+00:00,bitcoin,64089.59143539006,64129.94969892455,-0.00065213337,-2.2581195e-05,0.004184488,0.0035539092,-0.0022581194,DOWN,0.003934219086086533,278.94663415262903,171.04359792674757,0.2617426328648046,0.0025925259607583948,0.0016159422229975462,69.97989654541016
2026-06-22 09:00:00+00:00,bitcoin,64074.5770974108,64087.63780472218,-0.00023425765,-3.0499725e-05,0.007403444,0.0034627544,-0.0030499725,DOWN,0.0038967052983564644,278.94663415262903,171.04359792674757,0.2617426328648046,0.0025925259607583948,0.0016159422229975462,69.97989654541016
2026-06-22 10:00:00+00:00,bitcoin,64066.36696869321,64072.89770231396,-0.00012809382,-2.6290081e-05,0.0076190084,0.0033965076,-0.0026290081,DOWN,0.003877941753831912,278.94663415262903,171.04359792674757,0.2617426328648046,0.0025925259607583948,0.0016159422229975462,69.97989654541016
2026-06-22 11:00:00+00:00,bitcoin,64582.24060415011,64065.69519211748,0.008019829,-1.0578742e-05,0.006981411,0.0033043001,-0.0010578742,DOWN,0.004150348930363423,278.94663415262903,171.04359792674757,0.2617426328648046,0.0025925259607583948,0.0016159422229975462,69.97989654541016
2026-06-22 12:00:00+00:00,bitcoin,65077.57924974151,64581.98422075948,0.0076406435,-3.972392e-06,0.005599696,0.003372043,-0.00039723917,DOWN,0.0043677581399820305,278.94663415262903,171.04359792674757,0.2617426328648046,0.0025925259607583948,0.0016159422229975462,69.97989654541016
2026-06-22 13:00:00+00:00,bitcoin,65502.76271156035,65077.48503077775,0.0065123565,-1.4456655e-06,0.0032164925,0.0036060922,-0.00014456655,DOWN,0.004486798215723089,278.94663415262903,171.04359792674757,0.2617426328648046,0.0025925259607583948,0.0016159422229975462,69.97989654541016
2026-06-22 14:00:00+00:00,bitcoin,64896.10074029071,65503.815875425,-0.009304871,1.5897589e-05,0.0024471267,0.003817498,0.0015897589,UP,0.004804705469027686,278.94663415262903,171.04359792674757,0.2617426328648046,0.0025925259607583948,0.0016159422229975462,69.97989654541016
2026-06-22 15:00:00+00:00,bitcoin,64765.42136530951,64898.6390420571,-0.0020157055,3.9062565e-05,0.0024270713,0.0040724287,0.0039062565,UP,0.004802592185072009,278.94663415262903,171.04359792674757,0.2617426328648046,0.0025925259607583948,0.0016159422229975462,69.97989654541016
2026-06-22 16:00:00+00:00,bitcoin,64641.092549900524,64767.4060794618,-0.0019215735,3.0599385e-05,0.0024167388,0.0041624107,0.0030599385,UP,0.004802194766436477,278.94663415262903,171.04359792674757,0.2617426328648046,0.0025925259607583948,0.0016159422229975462,69.97989654541016
2026-06-22 17:00:00+00:00,bitcoin,64529.201360639185,64642.55394924525,-0.0017324518,2.2603796e-05,0.0031221297,0.004178387,0.0022603795,UP,0.004776727670274156,278.94663415262903,171.04359792674757,0.2617426328648046,0.0025925259607583948,0.0016159422229975462,69.97989654541016
2026-06-22 18:00:00+00:00,bitcoin,64264.739449031185,64530.1223163493,-0.0041067353,1.4262675e-05,0.0030839865,0.004175714,0.0014262676,UP,0.004841850762314246,278.94663415262903,171.04359792674757,0.2617426328648046,0.0025925259607583948,0.0016159422229975462,69.97989654541016
2026-06-22 19:00:00+00:00,bitcoin,64431.01928334171,64264.80722983414,0.0025840998,1.0339468e-06,0.0028840136,0.0041209306,0.000103394676,UP,0.00486101088095651,278.94663415262903,171.04359792674757,0.2617426328648046,0.0025925259607583948,0.0016159422229975462,69.97989654541016
2026-06-22 20:00:00+00:00,bitcoin,64359.1735519534,64430.39738838887,-0.0011157319,-9.728568e-06,0.002939833,0.003994192,-0.0009728568,DOWN,0.004866666167291755,278.94663415262903,171.04359792674757,0.2617426328648046,0.0025925259607583948,0.0016159422229975462,69.97989654541016
2026-06-22 21:00:00+00:00,bitcoin,64246.40571543947,64357.905960159376,-0.0017536057,-1.9742798e-05,0.0029596512,0.0038052776,-0.0019742798,DOWN,0.00487411914855961,278.94663415262903,171.04359792674757,0.2617426328648046,0.0025925259607583948,0.0016159422229975462,69.97989654541016
2026-06-22 22:00:00+00:00,bitcoin,63889.99019805831,64243.388771914644,-0.005563178,-4.7075227e-05,0.0014831423,0.0035935135,-0.0047075227,DOWN,0.00497640215866631,278.94663415262903,171.04359792674757,0.2617426328648046,0.0025925259607583948,0.0016159422229975462,69.97989654541016
2026-06-22 23:00:00+00:00,bitcoin,63950.61387094483,63887.30354251037,0.0009483857,-4.1973362e-05,0.0035268746,0.0035111755,-0.0041973363,DOWN,0.0049799403439905795,278.94663415262903,171.04359792674757,0.2617426328648046,0.0025925259607583948,0.0016159422229975462,69.97989654541016
2026-06-23 00:00:00+00:00,bitcoin,64069.33024499379,63948.68443955574,0.0018546921,-3.015793e-05,0.0031141778,0.0034450549,-0.003015793,DOWN,0.004987332821803381,278.94663415262903,171.04359792674757,0.2617426328648046,0.0025925259607583948,0.0016159422229975462,69.97989654541016
2026-06-23 01:00:00+00:00,bitcoin,64078.71480801888,64067.87696977332,0.000146559,-2.2687303e-05,0.0033844244,0.0034656965,-0.0022687304,DOWN,0.004987124139270029,278.94663415262903,171.04359792674757,0.2617426328648046,0.0025925259607583948,0.0016159422229975462,69.97989654541016
2026-06-23 02:00:00+00:00,bitcoin,64122.71811437607,64077.168077956885,0.0006864198,-2.4127503e-05,0.0028940688,0.0035146964,-0.0024127504,DOWN,0.00487373423021848,278.94663415262903,171.04359792674757,0.2617426328648046,0.0025925259607583948,0.0016159422229975462,69.97989654541016
2026-06-23 03:00:00+00:00,bitcoin,63987.82084093802,64120.52109317295,-0.0021059702,-3.427379e-05,0.003038175,0.0035606502,-0.003427379,DOWN,0.004890220626030695,278.94663415262903,171.04359792674757,0.2617426328648046,0.0025925259607583948,0.0016159422229975462,69.97989654541016
2026-06-23 04:00:00+00:00,bitcoin,63537.99672344467,63985.65397680178,-0.0070546055,-3.382033e-05,0.003610142,0.0037113992,-0.0033820332,DOWN,0.005062982878158667,278.94663415262903,171.04359792674757,0.2617426328648046,0.0025925259607583948,0.0016159422229975462,69.97989654541016
2026-06-23 05:00:00+00:00,bitcoin,63321.01088523865,63535.48911297321,-0.0034209392,-3.9482096e-05,0.0038282583,0.0041164113,-0.00394821,DOWN,0.004890432347420391,278.94663415262903,171.04359792674757,0.2617426328648046,0.0025925259607583948,0.0016159422229975462,69.97989654541016
2026-06-23 06:00:00+00:00,bitcoin,62861.8959470673,63317.592269622255,-0.0072769807,-5.4048098e-05,0.0040537133,0.0044212756,-0.00540481,DOWN,0.004744908653350542,278.94663415262903,171.04359792674757,0.2617426328648046,0.0025925259607583948,0.0016159422229975462,69.97989654541016
2026-06-23 07:00:00+00:00,bitcoin,62805.500683827326,62860.234831159934,-0.0008975827,-2.6415548e-05,0.0042041363,0.004705191,-0.0026415547,DOWN,0.004190325722417745,278.94663415262903,171.04359792674757,0.2617426328648046,0.0025925259607583948,0.0016159422229975462,69.97989654541016
2026-06-23 08:00:00+00:00,bitcoin,62308.14988461137,62802.54637888074,-0.007950438,-4.706157e-05,0.0031252294,0.0044664885,-0.004706157,DOWN,0.0043059339701087595,278.94663415262903,171.04359792674757,0.2617426328648046,0.0025925259607583948,0.0016159422229975462,69.97989654541016
2026-06-23 09:00:00+00:00,bitcoin,62307.09741651965,62307.89589535631,-1.6801716e-05,-4.077465e-06,0.0031207765,0.0046288385,-0.00040774647,DOWN,0.004255042252249403,278.94663415262903,171.04359792674757,0.2617426328648046,0.0025925259607583948,0.0016159422229975462,69.97989654541016
2026-06-23 10:00:00+00:00,bitcoin,62237.2488364405,62305.55291096261,-0.0011217139,-2.4862353e-05,0.0030424125,0.0044129784,-0.0024862352,DOWN,0.004222740380700599,278.94663415262903,171.04359792674757,0.2617426328648046,0.0025925259607583948,0.0016159422229975462,69.97989654541016
2026-06-23 11:00:00+00:00,bitcoin,62432.78455397487,62235.191155806184,0.003136908,-3.311698e-05,0.0027161115,0.0042125788,-0.0033116979,DOWN,0.004245929516299089,278.94663415262903,171.04359792674757,0.2617426328648046,0.0025925259607583948,0.0016159422229975462,69.97989654541016
2026-06-23 12:00:00+00:00,bitcoin,62180.497156615835,62430.97307580337,-0.0040491573,-2.9095054e-05,0.0023576953,0.004030911,-0.0029095053,DOWN,0.004247692386968208,278.94663415262903,171.04359792674757,0.2617426328648046,0.0025925259607583948,0.0016159422229975462,69.97989654541016
2026-06-23 13:00:00+00:00,bitcoin,62396.0108281374,62181.285724282265,0.003459913,1.25850875e-05,0.001670758,0.0037634764,0.0012585088,UP,0.004247758625842275,278.94663415262903,171.04359792674757,0.2617426328648046,0.0025925259607583948,0.0016159422229975462,69.97989654541016
2026-06-23 14:00:00+00:00,bitcoin,62419.27835901454,62398.95723970421,0.00037286343,4.7161382e-05,0.002296448,0.00352858,0.0047161384,UP,0.0042539830275563385,278.94663415262903,171.04359792674757,0.2617426328648046,0.0025925259607583948,0.0016159422229975462,69.97989654541016
2026-06-23 15:00:00+00:00,bitcoin,62401.98846320808,62422.696649800986,-0.0002770837,5.4754397e-05,0.0023660338,0.0034370676,0.0054754396,UP,0.0042537691661746185,278.94663415262903,171.04359792674757,0.2617426328648046,0.0025925259607583948,0.0016159422229975462,69.97989654541016
2026-06-23 16:00:00+00:00,bitcoin,62463.649295909796,62405.12005675631,0.0009876243,5.010359e-05,0.0025234912,0.0032790485,0.005010359,UP,0.0042653710278456256,278.94663415262903,171.04359792674757,0.2617426328648046,0.0025925259607583948,0.0016159422229975462,69.97989654541016
2026-06-23 17:00:00+00:00,bitcoin,62271.423567245714,62466.50035015959,-0.0030821597,4.560426e-05,0.0018159531,0.0032061397,0.0045604263,UP,0.003937092494123459,278.94663415262903,171.04359792674757,0.2617426328648046,0.0025925259607583948,0.0016159422229975462,69.97989654541016
2026-06-23 18:00:00+00:00,bitcoin,62155.89998302236,62274.06458117813,-0.0018568827,4.2361266e-05,0.0011214714,0.0033273317,0.0042361263,UP,0.0035628809411087513,278.94663415262903,171.04359792674757,0.2617426328648046,0.0025925259607583948,0.0016159422229975462,69.97989654541016
2026-06-23 19:00:00+00:00,bitcoin,62326.755492934026,62158.46214543097,0.0027449876,4.120882e-05,0.0017402859,0.0035115336,0.004120882,UP,0.0033269263596091433,278.94663415262903,171.04359792674757,0.2617426328648046,0.0025925259607583948,0.0016159422229975462,69.97989654541016
2026-06-23 20:00:00+00:00,bitcoin,62387.378209114075,62328.63720160723,0.00097228616,3.0143485e-05,0.002280319,0.0036483714,0.0030143484,UP,0.003031066990233538,278.94663415262903,171.04359792674757,0.2617426328648046,0.0025925259607583948,0.0016159422229975462,69.97989654541016
2026-06-23 21:00:00+00:00,bitcoin,62515.05254813237,62388.05568736559,0.0020443464,1.0856795e-05,0.003564411,0.0037195913,0.0010856795,UP,0.0030886066441709317,278.94663415262903,171.04359792674757,0.2617426328648046,0.0025925259607583948,0.0016159422229975462,69.97989654541016
2026-06-23 22:00:00+00:00,bitcoin,62509.96453545592,62513.56030629203,-8.142121e-05,-2.3795628e-05,0.0036260749,0.0038757292,-0.002379563,DOWN,0.003091525579902334,278.94663415262903,171.04359792674757,0.2617426328648046,0.0025925259607583948,0.0016159422229975462,69.97989654541016
2026-06-23 23:00:00+00:00,bitcoin,62644.741065916605,62506.0562110506,0.0021537729,-6.2407395e-05,0.0034990895,0.0038993086,-0.0062407395,DOWN,0.0031456802332855503,278.94663415262903,171.04359792674757,0.2617426328648046,0.0025925259607583948,0.0016159422229975462,69.97989654541016
2026-06-24 00:00:00+00:00,bitcoin,62933.08631640859,62638.988048496656,0.004592404,-9.182225e-05,0.0028296143,0.003906915,-0.009182225,DOWN,0.0032479803253791578,278.94663415262903,171.04359792674757,0.2617426328648046,0.0025925259607583948,0.0016159422229975462,69.97989654541016
2026-06-24 01:00:00+00:00,bitcoin,62849.38019651454,62926.32285129558,-0.0013310432,-0.00010756627,0.0028699823,0.0039034963,-0.010756628,DOWN,0.0031897899088134656,278.94663415262903,171.04359792674757,0.2617426328648046,0.0025925259607583948,0.0016159422229975462,69.97989654541016
2026-06-24 02:00:00+00:00,bitcoin,62546.32944885618,62842.077728301985,-0.004833521,-0.000116202384,0.0019483467,0.0038701575,-0.011620238,DOWN,0.003272213680951824,278.94663415262903,171.04359792674757,0.2617426328648046,0.0025925259607583948,0.0016159422229975462,69.97989654541016
2026-06-24 03:00:00+00:00,bitcoin,62649.706997806206,62538.79373257514,0.0016515352,-0.000120479875,0.0021068007,0.004110427,-0.012047987,DOWN,0.0033022318560202647,278.94663415262903,171.04359792674757,0.2617426328648046,0.0025925259607583948,0.0016159422229975462,69.97989654541016
2026-06-24 04:00:00+00:00,bitcoin,62661.75004268065,62642.76156568201,0.00019214622,-0.00011092844,0.0022866246,0.0041243015,-0.011092844,DOWN,0.0031838186937980886,278.94663415262903,171.04359792674757,0.2617426328648046,0.0025925259607583948,0.0016159422229975462,69.97989654541016
2026-06-24 05:00:00+00:00,bitcoin,62801.996672183275,62655.08688247204,0.0022355197,-0.00010629158,0.0022684243,0.0038591083,-0.0106291585,DOWN,0.003214581647758719,278.94663415262903,171.04359792674757,0.2617426328648046,0.0025925259607583948,0.0016159422229975462,69.97989654541016
2026-06-24 06:00:00+00:00,bitcoin,62691.830737165175,62795.67335067806,-0.0017556272,-0.000100577876,0.004599293,0.0035518,-0.010057787,DOWN,0.0031869533914092698,278.94663415262903,171.04359792674757,0.2617426328648046,0.0025925259607583948,0.0016159422229975462,69.97989654541016
2026-06-24 07:00:00+00:00,bitcoin,62561.19598559011,62687.22821757663,-0.0020859658,-7.330688e-05,0.005142318,0.0032234464,-0.007330688,DOWN,0.0031920685582940236,278.94663415262903,171.04359792674757,0.2617426328648046,0.0025925259607583948,0.0016159422229975462,69.97989654541016
2026-06-24 08:00:00+00:00,bitcoin,62707.50000155065,62559.804241466336,0.0023359174,-2.2156642e-05,0.010306149,0.002915007,-0.0022156641,DOWN,0.003232479404476368,278.94663415262903,171.04359792674757,0.2617426328648046,0.0025925259607583948,0.0016159422229975462,69.97989654541016
2026-06-24 09:00:00+00:00,bitcoin,62594.40967395902,62708.01579684019,-0.0018050782,8.269149e-06,0.010212015,0.0027028066,0.00082691485,UP,0.0032285686727512876,278.94663415262903,171.04359792674757,0.2617426328648046,0.0025925259607583948,0.0016159422229975462,69.97989654541016
2026-06-24 10:00:00+00:00,bitcoin,62355.601583642885,62594.093028255505,-0.0038224708,-5.041633e-06,0.010848895,0.0025580486,-0.00050416327,DOWN,0.0030612340709397974,278.94663415262903,171.04359792674757,0.2617426328648046,0.0025925259607583948,0.0016159422229975462,69.97989654541016
2026-06-24 11:00:00+00:00,bitcoin,62832.02835118119,62350.79960744269,0.007611486,-7.70516e-05,0.007302312,0.002431721,-0.00770516,DOWN,0.0033638259788632587,278.94663415262903,171.04359792674757,0.2617426328648046,0.0025925259607583948,0.0016159422229975462,69.97989654541016
2026-06-24 12:00:00+00:00,bitcoin,62521.20077027939,62826.37992291711,-0.004959309,-8.9931484e-05,0.006915998,0.0024063801,-0.008993149,DOWN,0.0032218814115202226,278.94663415262903,171.04359792674757,0.2617426328648046,0.0025925259607583948,0.0016159422229975462,69.97989654541016
2026-06-24 13:00:00+00:00,bitcoin,61224.913728389656,62517.75215641991,-0.02095155,-5.5128447e-05,0.006191688,0.002479225,-0.005512845,DOWN,0.004948036405585756,278.94663415262903,171.04359792674757,0.2617426328648046,0.0025925259607583948,0.0016159422229975462,69.97989654541016
2026-06-24 14:00:00+00:00,bitcoin,61012.45949729881,61228.33318935195,-0.0034760144,5.5888784e-05,0.008261952,0.003494526,0.0055888784,UP,0.004792706607866473,278.94663415262903,171.04359792674757,0.2617426328648046,0.0025925259607583948,0.0016159422229975462,69.97989654541016
2026-06-24 15:00:00+00:00,bitcoin,60176.73517566174,61013.78466938622,-0.01379225,2.1760765e-05,0.010003834,0.0040296037,0.0021760764,UP,0.005345518689165435,278.94663415262903,171.04359792674757,0.2617426328648046,0.0025925259607583948,0.0016159422229975462,69.97989654541016
2026-06-24 16:00:00+00:00,bitcoin,59775.990826208144,60178.80428560078,-0.006681824,3.4288212e-05,0.008698152,0.0041803424,0.0034288212,UP,0.005439476065139682,278.94663415262903,171.04359792674757,0.2617426328648046,0.0025925259607583948,0.0016159422229975462,69.97989654541016
2026-06-24 17:00:00+00:00,bitcoin,59312.12731109117,59779.43006829498,-0.0077902265,5.7568963e-05,0.0075155194,0.004402067,0.0057568965,UP,0.0054943284142128,278.94663415262903,171.04359792674757,0.2617426328648046,0.0025925259607583948,0.0016159422229975462,69.97989654541016
2026-06-24 18:00:00+00:00,bitcoin,59496.776495741215,59316.78133259062,0.0031083948,7.837883e-05,0.0075013554,0.004553155,0.007837882,UP,0.005543941858473231,278.94663415262903,171.04359792674757,0.2617426328648046,0.0025925259607583948,0.0016159422229975462,69.97989654541016
2026-06-24 19:00:00+00:00,bitcoin,59870.52417468652,59500.73181094602,0.0062620076,6.63739e-05,0.008472281,0.0044160187,0.00663739,UP,0.0056528827089179935,278.94663415262903,171.04359792674757,0.2617426328648046,0.0025925259607583948,0.0016159422229975462,69.97989654541016
2026-06-24 20:00:00+00:00,bitcoin,60866.21943519171,59874.48063401459,0.016494097,6.612101e-05,0.0037840763,0.004384999,0.0066121006,UP,0.006535260288100943,278.94663415262903,171.04359792674757,0.2617426328648046,0.0025925259607583948,0.0016159422229975462,69.97989654541016
2026-06-24 21:00:00+00:00,bitcoin,61029.98983376101,60870.94954378903,0.0026870342,7.772684e-05,0.0034735634,0.004473415,0.007772684,UP,0.0065661313660736785,278.94663415262903,171.04359792674757,0.2617426328648046,0.0025925259607583948,0.0016159422229975462,69.97989654541016
2026-06-24 22:00:00+00:00,bitcoin,60778.42879667273,61034.22253002878,-0.0041304035,6.928061e-05,0.0031244305,0.004403528,0.006928061,UP,0.006586544146548644,278.94663415262903,171.04359792674757,0.2617426328648046,0.0025925259607583948,0.0016159422229975462,69.97989654541016
2026-06-24 23:00:00+00:00,bitcoin,60983.13990311511,60781.994401384145,0.0033624915,5.8633945e-05,0.004587105,0.0043229647,0.0058633946,UP,0.006617790348056164,278.94663415262903,171.04359792674757,0.2617426328648046,0.0025925259607583948,0.0016159422229975462,69.97989654541016
2026-06-25 00:00:00+00:00,bitcoin,60717.97624322213,60986.24481118284,-0.00435757,5.0954986e-05,0.003613926,0.0042709894,0.0050954986,UP,0.006648694909606849,278.94663415262903,171.04359792674757,0.2617426328648046,0.0025925259607583948,0.0016159422229975462,69.97989654541016
2026-06-25 01:00:00+00:00,bitcoin,60819.98044070788,60720.85401323391,0.0016784883,4.7229143e-05,0.0035932732,0.0042628106,0.004722914,UP,0.006632095686131441,278.94663415262903,171.04359792674757,0.2617426328648046,0.0025925259607583948,0.0016159422229975462,69.97989654541016
2026-06-25 02:00:00+00:00,bitcoin,60697.660545052495,60822.931343561504,-0.0020132114,4.8432812e-05,0.0025014356,0.0043102875,0.004843281,UP,0.006627057618809592,278.94663415262903,171.04359792674757,0.2617426328648046,0.0025925259607583948,0.0016159422229975462,69.97989654541016
2026-06-25 03:00:00+00:00,bitcoin,60781.01570761204,60700.68468927685,0.0013724118,4.972789e-05,0.004019801,0.0043741064,0.004972789,UP,0.006617894003588331,278.94663415262903,171.04359792674757,0.2617426328648046,0.0025925259607583948,0.0016159422229975462,69.97989654541016
2026-06-25 04:00:00+00:00,bitcoin,61255.182908433024,60782.142608884256,0.0077708503,1.846836e-05,0.0028900406,0.0042172074,0.001846836,UP,0.00680597980343769,278.94663415262903,171.04359792674757,0.2617426328648046,0.0025925259607583948,0.0016159422229975462,69.97989654541016
2026-06-25 05:00:00+00:00,bitcoin,61498.824440652505,61255.34033560194,0.003969707,2.7070932e-06,0.0043175244,0.0041432027,0.00027070934,UP,0.0068399464671425134,278.94663415262903,171.04359792674757,0.2617426328648046,0.0025925259607583948,0.0016159422229975462,69.97989654541016
2026-06-25 06:00:00+00:00,bitcoin,61627.99709471874,61498.95275593735,0.002098193,2.036828e-06,0.0040268474,0.0041707857,0.0002036828,UP,0.006789472391905478,278.94663415262903,171.04359792674757,0.2617426328648046,0.0025925259607583948,0.0016159422229975462,69.97989654541016
2026-06-25 07:00:00+00:00,bitcoin,61816.786353588104,61627.60695528984,0.0030586824,-6.337529e-06,0.003240431,0.004135852,-0.0006337529,DOWN,0.006822180070432317,278.94663415262903,171.04359792674757,0.2617426328648046,0.0025925259607583948,0.0016159422229975462,69.97989654541016
2026-06-25 08:00:00+00:00,bitcoin,61608.9462801083,61816.08162549138,-0.0033678557,-1.15156345e-05,0.022486623,0.004201377,-0.0011515635,DOWN,0.006795665029201434,278.94663415262903,171.04359792674757,0.2617426328648046,0.0025925259607583948,0.0016159422229975462,69.97989654541016
2026-06-25 09:00:00+00:00,bitcoin,61634.47821086459,61608.31393169076,0.0004143223,-1.0284397e-05,0.027175657,0.0043321974,-0.0010284397,DOWN,0.006786010825561915,278.94663415262903,171.04359792674757,0.2617426328648046,0.0025925259607583948,0.0016159422229975462,69.97989654541016
2026-06-25 10:00:00+00:00,bitcoin,61180.39261780144,61633.90002394235,-0.007394738,-9.358571e-06,0.027470518,0.0043873144,-0.0009358571,DOWN,0.0068980057316858695,278.94663415262903,171.04359792674757,0.2617426328648046,0.0025925259607583948,0.0016159422229975462,69.97989654541016
2026-06-25 11:00:00+00:00,bitcoin,61179.0814828733,61180.79175489955,-2.1453181e-05,6.5029194e-06,0.027319556,0.0045353174,0.0006502919,UP,0.00687628464748625,278.94663415262903,171.04359792674757,0.2617426328648046,0.0025925259607583948,0.0016159422229975462,69.97989654541016
2026-06-25 12:00:00+00:00,bitcoin,61132.63192569744,61179.31150466204,-0.000759522,3.7539435e-06,0.027853014,0.0045285425,0.00037539436,UP,0.006874169905905542,278.94663415262903,171.04359792674757,0.2617426328648046,0.0025925259607583948,0.0016159422229975462,69.97989654541016
2026-06-25 13:00:00+00:00,bitcoin,58051.35743346275,61132.67991929082,-0.051717624,7.729095e-07,0.010785815,0.0045052236,7.7290955e-05,UP,0.011371149547662888,278.94663415262903,171.04359792674757,0.2617426328648046,0.0025925259607583948,0.0016159422229975462,69.97989654541016
2026-06-25 14:00:00+00:00,bitcoin,59369.84216081165,58056.0513121672,0.022458225,8.0868915e-05,0.00429666,0.0052303285,0.008086892,UP,0.012240719780876142,278.94663415262903,171.04359792674757,0.2617426328648046,0.0025925259607583948,0.0016159422229975462,69.97989654541016
2026-06-25 15:00:00+00:00,bitcoin,59456.970163621474,59375.50887032924,0.001466486,9.537107e-05,0.0044033136,0.0053976444,0.009537107,UP,0.01225476691738787,278.94663415262903,171.04359792674757,0.2617426328648046,0.0025925259607583948,0.0016159422229975462,69.97989654541016
2026-06-25 16:00:00+00:00,bitcoin,59214.281690359116,59456.99001346901,-0.0040900866,2.7426358e-07,0.0067766993,0.0047432296,2.7426358e-05,UP,0.012256495862447609,278.94663415262903,171.04359792674757,0.2617426328648046,0.0025925259607583948,0.0016159422229975462,69.97989654541016
2026-06-25 17:00:00+00:00,bitcoin,59579.077750291675,59209.39649645984,0.0061417236,-8.2491926e-05,0.007608748,0.0041540177,-0.0082491925,DOWN,0.01222074971387306,278.94663415262903,171.04359792674757,0.2617426328648046,0.0025925259607583948,0.0016159422229975462,69.97989654541016
2026-06-25 18:00:00+00:00,bitcoin,59396.91984484065,59573.79750578571,-0.0030620694,-8.860984e-05,0.007404755,0.003721495,-0.008860984,DOWN,0.012208283999167764,278.94663415262903,171.04359792674757,0.2617426328648046,0.0025925259607583948,0.0016159422229975462,69.97989654541016
2026-06-25 19:00:00+00:00,bitcoin,59217.06944726873,59393.97631841898,-0.0030325546,-4.9623275e-05,0.0072924504,0.0034232857,-0.0049623274,DOWN,0.011669178011130753,278.94663415262903,171.04359792674757,0.2617426328648046,0.0025925259607583948,0.0016159422229975462,69.97989654541016
2026-06-25 20:00:00+00:00,bitcoin,59351.7603232339,59217.11972707417,0.002271954,8.623274e-07,0.007579688,0.0032061397,8.623274e-05,UP,0.011675123237335622,278.94663415262903,171.04359792674757,0.2617426328648046,0.0025925259607583948,0.0016159422229975462,69.97989654541016
2026-06-25 21:00:00+00:00,bitcoin,60128.89647146035,59358.17899893271,0.013008761,0.000108030574,0.005596261,0.0026910282,0.010803058,UP,0.011683338796887452,278.94663415262903,171.04359792674757,0.2617426328648046,0.0025925259607583948,0.0016159422229975462,69.97989654541016
2026-06-25 22:00:00+00:00,bitcoin,59748.73687529797,60136.19538338296,-0.006342491,0.00012136064,0.014739431,0.002348966,0.012136064,UP,0.011676832183873019,278.94663415262903,171.04359792674757,0.2617426328648046,0.0025925259607583948,0.0016159422229975462,69.97989654541016
2026-06-25 23:00:00+00:00,bitcoin,59699.62079963833,59757.25691640191,-0.0008224004,0.0001426267,0.014774765,0.0022447756,0.01426267,UP,0.011585122569048914,278.94663415262903,171.04359792674757,0.2617426328648046,0.0025925259607583948,0.0016159422229975462,69.97989654541016
2026-06-26 00:00:00+00:00,bitcoin,59572.09961932083,59706.908645153046,-0.0021383036,0.00012204667,0.014706759,0.0022118522,0.012204668,UP,0.011580546153161394,278.94663415262903,171.04359792674757,0.2617426328648046,0.0025925259607583948,0.0016159422229975462,69.97989654541016
2026-06-26 01:00:00+00:00,bitcoin,59340.9852367281,59577.81830856297,-0.0038871004,9.592845e-05,0.014566739,0.0022235618,0.009592845,UP,0.011542295297160665,278.94663415262903,171.04359792674757,0.2617426328648046,0.0025925259607583948,0.0016159422229975462,69.97989654541016
2026-06-26 02:00:00+00:00,bitcoin,58461.81777935382,59347.255842640065,-0.014926372,0.000105690495,0.010742869,0.0023209301,0.010569049,UP,0.011385064780226103,278.94663415262903,171.04359792674757,0.2617426328648046,0.0025925259607583948,0.0016159422229975462,69.97989654541016
2026-06-26 03:00:00+00:00,bitcoin,59945.394042592496,58475.2360072257,0.025060093,0.00022944738,0.0042840354,0.0027498568,0.022944737,UP,0.012368718026242738,278.94663415262903,171.04359792674757,0.2617426328648046,0.0025925259607583948,0.0016159422229975462,69.97989654541016
2026-06-26 04:00:00+00:00,bitcoin,59830.92166427057,59956.38124594465,-0.001911376,0.00018335259,0.005930589,0.0036221968,0.018335259,UP,0.012353102827261967,278.94663415262903,171.04359792674757,0.2617426328648046,0.0025925259607583948,0.0016159422229975462,69.97989654541016
2026-06-26 05:00:00+00:00,bitcoin,59860.02207389474,59837.79037782736,0.00048621316,0.00011473467,0.006502821,0.0040922547,0.011473467,UP,0.012333588041584175,278.94663415262903,171.04359792674757,0.2617426328648046,0.0025925259607583948,0.0016159422229975462,69.97989654541016
2026-06-26 06:00:00+00:00,bitcoin,60233.040020582266,59864.57221656572,0.0062121945,7.597394e-05,0.005227619,0.004218915,0.0075973943,UP,0.01237228037494837,278.94663415262903,171.04359792674757,0.2617426328648046,0.0025925259607583948,0.0016159422229975462,69.97989654541016
2026-06-26 07:00:00+00:00,bitcoin,60432.09956716653,60236.701034775004,0.0032994233,6.0782535e-05,0.0038500817,0.004483527,0.0060782535,UP,0.012384309841793367,278.94663415262903,171.04359792674757,0.2617426328648046,0.0025925259607583948,0.0016159422229975462,69.97989654541016
2026-06-26 08:00:00+00:00,bitcoin,60147.34997291444,60436.17186085973,-0.0047230357,6.741039e-05,0.0100483615,0.004589511,0.0067410385,UP,0.012408189300801993,278.94663415262903,171.04359792674757,0.2617426328648046,0.0025925259607583948,0.0016159422229975462,69.97989654541016
2026-06-26 09:00:00+00:00,bitcoin,59644.00175439846,60152.36347851064,-0.008403854,8.327832e-05,0.010245142,0.0047299583,0.0083278315,UP,0.012492031236911519,278.94663415262903,171.04359792674757,0.2617426328648046,0.0025925259607583948,0.0016159422229975462,69.97989654541016
2026-06-26 10:00:00+00:00,bitcoin,59226.28762674332,59649.211717128754,-0.0070280414,8.733011e-05,0.010782376,0.0047565564,0.008733011,UP,0.012442964942490302,278.94663415262903,171.04359792674757,0.2617426328648046,0.0025925259607583948,0.0016159422229975462,69.97989654541016
2026-06-26 11:00:00+00:00,bitcoin,59321.67403760366,59231.22422886547,0.0016093173,8.328934e-05,0.011396242,0.0047142142,0.008328934,UP,0.012417489555190826,278.94663415262903,171.04359792674757,0.2617426328648046,0.0025925259607583948,0.0016159422229975462,69.97989654541016
2026-06-26 12:00:00+00:00,bitcoin,59087.033766065724,59327.30875695124,-0.00396337,9.4867355e-05,0.011023618,0.004834517,0.009486736,UP,0.012412469504562342,278.94663415262903,171.04359792674757,0.2617426328648046,0.0025925259607583948,0.0016159422229975462,69.97989654541016
2026-06-26 13:00:00+00:00,bitcoin,60058.607184346765,59094.2510660924,0.016309444,0.00012223436,0.0084243985,0.00513462,0.012223436,UP,0.012809677795467267,278.94663415262903,171.04359792674757,0.2617426328648046,0.0025925259607583948,0.0016159422229975462,69.97989654541016
2026-06-26 14:00:00+00:00,bitcoin,59499.96446367353,60067.36549750157,-0.009345121,0.00014575516,0.0073178723,0.005407511,0.014575516,UP,0.012894963229545394,278.94663415262903,171.04359792674757,0.2617426328648046,0.0025925259607583948,0.0016159422229975462,69.97989654541016
2026-06-26 15:00:00+00:00,bitcoin,60234.01094936952,59509.22504844889,0.012261383,0.00015552892,0.0034673593,0.0055963863,0.015552892,UP,0.013124257082961036,278.94663415262903,171.04359792674757,0.2617426328648046,0.0025925259607583948,0.0016159422229975462,69.97989654541016
2026-06-26 16:00:00+00:00,bitcoin,59950.07862658636,60242.34104509279,-0.004724987,0.00013825347,0.0037982676,0.00551635,0.013825347,UP,0.013086529833011042,278.94663415262903,171.04359792674757,0.2617426328648046,0.0025925259607583948,0.0016159422229975462,69.97989654541016
2026-06-26 17:00:00+00:00,bitcoin,59929.002783251926,59955.91690228321,-0.00035165643,9.746966e-05,0.0039765243,0.0052147224,0.009746966,UP,0.013086171384785425,278.94663415262903,171.04359792674757,0.2617426328648046,0.0025925259607583948,0.0016159422229975462,69.97989654541016
2026-06-26 18:00:00+00:00,bitcoin,59563.233128249645,59931.86478149891,-0.006122083,4.7720278e-05,0.0019780663,0.004851361,0.004772028,UP,0.013124673950130688,278.94663415262903,171.04359792674757,0.2617426328648046,0.0025925259607583948,0.0016159422229975462,69.97989654541016
2026-06-26 19:00:00+00:00,bitcoin,59716.00461992808,59563.28017218271,0.002561546,8.6539967e-07,0.002010004,0.0045469045,8.653996e-05,UP,0.009193161027055495,278.94663415262903,171.04359792674757,0.2617426328648046,0.0025925259607583948,0.0016159422229975462,69.97989654541016
2026-06-26 20:00:00+00:00,bitcoin,59620.513291597366,59712.51183605194,-0.0016003199,-5.845516e-05,0.002140371,0.0041142902,-0.005845516,DOWN,0.008233098800512845,278.94663415262903,171.04359792674757,0.2617426328648046,0.0025925259607583948,0.0016159422229975462,69.97989654541016
2026-06-26 21:00:00+00:00,bitcoin,59826.0127358241,59617.39515943662,0.0034408737,-5.2293006e-05,0.0028948486,0.0036843575,-0.005229301,DOWN,0.008251739256165534,278.94663415262903,171.04359792674757,0.2617426328648046,0.0025925259607583948,0.0016159422229975462,69.97989654541016
2026-06-26 22:00:00+00:00,bitcoin,59957.99311219063,59825.680089289555,0.0022035767,-5.462409e-06,0.0028592732,0.0032767695,-0.0005462409,DOWN,0.008217994435068763,278.94663415262903,171.04359792674757,0.2617426328648046,0.0025925259607583948,0.0016159422229975462,69.97989654541016
2026-06-26 23:00:00+00:00,bitcoin,59999.279672896955,59956.70886994572,0.00068846135,-2.1372754e-05,0.002967095,0.002877891,-0.0021372754,DOWN,0.008147264500222897,278.94663415262903,171.04359792674757,0.2617426328648046,0.0025925259607583948,0.0016159422229975462,69.97989654541016
2026-06-27 00:00:00+00:00,bitcoin,59974.712509740144,59997.056831303984,-0.00040959395,-3.7119105e-05,0.0029464613,0.0026871955,-0.0037119105,DOWN,0.008124327907428092,278.94663415262903,171.04359792674757,0.2617426328648046,0.0025925259607583948,0.0016159422229975462,69.97989654541016
2026-06-27 01:00:00+00:00,bitcoin,59854.173222654965,59972.701916006394,-0.0020118537,-3.347254e-05,0.002605888,0.0026767498,-0.0033472541,DOWN,0.008111828324032726,278.94663415262903,171.04359792674757,0.2617426328648046,0.0025925259607583948,0.0016159422229975462,69.97989654541016
2026-06-27 02:00:00+00:00,bitcoin,60190.1957266666,59852.331000287086,0.0055984003,-3.0727708e-05,0.0016193094,0.0027337603,-0.0030727708,DOWN,0.008161367848431649,278.94663415262903,171.04359792674757,0.2617426328648046,0.0025925259607583948,0.0016159422229975462,69.97989654541016
2026-06-27 03:00:00+00:00,bitcoin,60205.50398623152,60190.55798029434,0.0002541749,5.9204067e-06,0.0019749638,0.0029726294,0.00059204065,UP,0.007807125328169477,278.94663415262903,171.04359792674757,0.2617426328648046,0.0025925259607583948,0.0016159422229975462,69.97989654541016
2026-06-27 04:00:00+00:00,bitcoin,60149.978303432465,60207.04306679964,-0.0009225925,2.5695084e-05,0.0019338373,0.0032780636,0.0025695085,UP,0.00771634125152488,278.94663415262903,171.04359792674757,0.2617426328648046,0.0025925259607583948,0.0016159422229975462,69.97989654541016
2026-06-27 05:00:00+00:00,bitcoin,60143.98956910591,60151.73722567735,-9.962574e-05,2.9180243e-05,0.0019201674,0.0036569408,0.0029180243,UP,0.007714001556486107,278.94663415262903,171.04359792674757,0.2617426328648046,0.0025925259607583948,0.0016159422229975462,69.97989654541016
2026-06-27 06:00:00+00:00,bitcoin,60274.12590733683,60144.9777029017,0.00216148,1.6482507e-05,0.0017692321,0.004084245,0.0016482507,UP,0.007707587428633538,278.94663415262903,171.04359792674757,0.2617426328648046,0.0025925259607583948,0.0016159422229975462,69.97989654541016
2026-06-27 07:00:00+00:00,bitcoin,60451.64016373502,60274.25105526345,0.0029407449,2.0466728e-06,0.0009962994,0.0045210063,0.00020466727,UP,0.007676990671622945,278.94663415262903,171.04359792674757,0.2617426328648046,0.0025925259607583948,0.0016159422229975462,69.97989654541016
2026-06-27 08:00:00+00:00,bitcoin,60353.69127519429,60452.31802633032,-0.0016216044,1.1115056e-05,0.0014450154,0.0049943733,0.0011115056,UP,0.007118229533347245,278.94663415262903,171.04359792674757,0.2617426328648046,0.0025925259607583948,0.0016159422229975462,69.97989654541016
2026-06-27 09:00:00+00:00,bitcoin,60312.76064033387,60355.669954435434,-0.00067839376,3.272536e-05,0.0013108985,0.005405425,0.0032725357,UP,0.005445257913522695,278.94663415262903,171.04359792674757,0.2617426328648046,0.0025925259607583948,0.0016159422229975462,69.97989654541016
2026-06-27 10:00:00+00:00,bitcoin,60317.995923344046,60314.278775301296,8.66539e-05,2.509181e-05,0.001847234,0.0055285287,0.002509181,UP,0.005430540334784693,278.94663415262903,171.04359792674757,0.2617426328648046,0.0025925259607583948,0.0016159422229975462,69.97989654541016
2026-06-27 11:00:00+00:00,bitcoin,60264.73210570752,60317.438210713444,-0.0008833407,-9.142281e-06,0.0017301368,0.005434487,-0.0009142281,DOWN,0.005434538318949878,278.94663415262903,171.04359792674757,0.2617426328648046,0.0025925259607583948,0.0016159422229975462,69.97989654541016
2026-06-27 12:00:00+00:00,bitcoin,60324.43047025148,60261.21384411282,0.0009901258,-5.8418816e-05,0.0033035183,0.0051425067,-0.0058418815,DOWN,0.005318249185455358,278.94663415262903,171.04359792674757,0.2617426328648046,0.0025925259607583948,0.0016159422229975462,69.97989654541016
2026-06-27 13:00:00+00:00,bitcoin,60485.03148081433,60318.158932842314,0.0026587597,-0.00010397791,0.0030759263,0.0047002984,-0.010397791,DOWN,0.005306027146996343,278.94663415262903,171.04359792674757,0.2617426328648046,0.0025925259607583948,0.0016159422229975462,69.97989654541016
2026-06-27 14:00:00+00:00,bitcoin,60510.217098969966,60476.94120632857,0.00041633865,-0.00013373353,0.0042110467,0.0042789355,-0.013373353,DOWN,0.005229624334075302,278.94663415262903,171.04359792674757,0.2617426328648046,0.0025925259607583948,0.0016159422229975462,69.97989654541016
2026-06-27 15:00:00+00:00,bitcoin,60740.02982940152,60501.559087084606,0.0037907183,-0.00014312455,0.0036809507,0.0039930437,-0.0143124545,DOWN,0.005008187422318784,278.94663415262903,171.04359792674757,0.2617426328648046,0.0025925259607583948,0.0016159422229975462,69.97989654541016
2026-06-27 16:00:00+00:00,bitcoin,60710.39113355614,60732.761510923505,-0.00048811067,-0.00011973805,0.0036171721,0.0036424005,-0.011973805,DOWN,0.0048033126883131345,278.94663415262903,171.04359792674757,0.2617426328648046,0.0025925259607583948,0.0016159422229975462,69.97989654541016
2026-06-27 17:00:00+00:00,bitcoin,60424.07083583996,60704.65872891247,-0.004727323,-9.441891e-05,0.0033887734,0.003320884,-0.009441891,DOWN,0.004905943393350107,278.94663415262903,171.04359792674757,0.2617426328648046,0.0025925259607583948,0.0016159422229975462,69.97989654541016
2026-06-27 18:00:00+00:00,bitcoin,60475.42128720973,60419.97894573957,0.0008494918,-6.763805e-05,0.0033468292,0.0030858677,-0.006763805,DOWN,0.00482905963590592,278.94663415262903,171.04359792674757,0.2617426328648046,0.0025925259607583948,0.0016159422229975462,69.97989654541016
2026-06-27 19:00:00+00:00,bitcoin,60077.64889053535,60473.652008525096,-0.006599166,-2.9302168e-05,0.002271037,0.0028187644,-0.0029302167,DOWN,0.004015785552221105,278.94663415262903,171.04359792674757,0.2617426328648046,0.0025925259607583948,0.0016159422229975462,69.97989654541016
2026-06-27 20:00:00+00:00,bitcoin,60193.24727385398,60077.05400695559,0.0019223536,-9.850444e-06,0.0021713634,0.0026549848,-0.0009850444,DOWN,0.0036210104058076995,278.94663415262903,171.04359792674757,0.2617426328648046,0.0025925259607583948,0.0016159422229975462,69.97989654541016
2026-06-27 21:00:00+00:00,bitcoin,60102.50743108988,60191.567323073745,-0.0015085867,-2.799191e-05,0.0021447833,0.0025390978,-0.002799191,DOWN,0.0028454089113924374,278.94663415262903,171.04359792674757,0.2617426328648046,0.0025925259607583948,0.0016159422229975462,69.97989654541016
2026-06-27 22:00:00+00:00,bitcoin,60135.01115049794,60096.61510668462,0.00054059667,-9.803292e-05,0.00218146,0.0024107194,-0.009803292,DOWN,0.002708036318814045,278.94663415262903,171.04359792674757,0.2617426328648046,0.0025925259607583948,0.0016159422229975462,69.97989654541016
2026-06-27 23:00:00+00:00,bitcoin,59934.841448280495,60127.23731562984,-0.00333426,-0.00012931984,0.0014375348,0.0022411745,-0.012931984,DOWN,0.0027790103835250084,278.94663415262903,171.04359792674757,0.2617426328648046,0.0025925259607583948,0.0016159422229975462,69.97989654541016
2026-06-28 00:00:00+00:00,bitcoin,60044.01937480597,59926.559032514226,0.0018199825,-0.00013816492,0.0016554976,0.0021139171,-0.013816492,DOWN,0.002544954024765679,278.94663415262903,171.04359792674757,0.2617426328648046,0.0025925259607583948,0.0016159422229975462,69.97989654541016
2026-06-28 01:00:00+00:00,bitcoin,60130.64328627195,60043.80121820024,0.0014415869,-3.6574293e-06,0.0013704154,0.0024884548,-0.00036574292,DOWN,0.0025181845945798672,278.94663415262903,171.04359792674757,0.2617426328648046,0.0025925259607583948,0.0016159422229975462,69.97989654541016
2026-06-28 02:00:00+00:00,bitcoin,60051.23923847638,60129.013459274545,-0.0013213698,-2.7083444e-05,0.0023442674,0.0023499955,-0.0027083445,DOWN,0.0025116990901059193,278.94663415262903,171.04359792674757,0.2617426328648046,0.0025925259607583948,0.0016159422229975462,69.97989654541016
2026-06-28 03:00:00+00:00,bitcoin,60105.90900930809,60049.25891025248,0.00091000623,-3.2967975e-05,0.0025406748,0.002283135,-0.0032967976,DOWN,0.0024418559959206425,278.94663415262903,171.04359792674757,0.2617426328648046,0.0025925259607583948,0.0016159422229975462,69.97989654541016
2026-06-28 04:00:00+00:00,bitcoin,60046.14178352733,60105.5483145162,-0.0009948983,-5.975304e-06,0.002688994,0.0023525832,-0.0005975304,DOWN,0.0024191230918417525,278.94663415262903,171.04359792674757,0.2617426328648046,0.0025925259607583948,0.0016159422229975462,69.97989654541016
2026-06-28 05:00:00+00:00,bitcoin,59892.00616716407,60049.6767055355,-0.002570141,5.8852456e-05,0.002431893,0.0026447386,0.0058852457,UP,0.0024622033777248645,278.94663415262903,171.04359792674757,0.2617426328648046,0.0025925259607583948,0.0016159422229975462,69.97989654541016
2026-06-28 06:00:00+00:00,bitcoin,59908.69002096355,59898.61592660425,0.00027845724,0.00011016547,0.0026183939,0.0030868226,0.011016547,UP,0.002462008164497449,278.94663415262903,171.04359792674757,0.2617426328648046,0.0025925259607583948,0.0016159422229975462,69.97989654541016
2026-06-28 07:00:00+00:00,bitcoin,60131.99722324498,59911.755183769856,0.0037205527,5.1118535e-05,0.0022544428,0.0035764242,0.0051118536,UP,0.002525239109928059,278.94663415262903,171.04359792674757,0.2617426328648046,0.0025925259607583948,0.0016159422229975462,69.97989654541016
2026-06-28 08:00:00+00:00,bitcoin,60278.950006484985,60129.46242427826,0.0024407962,-4.2253836e-05,0.0024700824,0.004357664,-0.0042253835,DOWN,0.0023492144671669844,278.94663415262903,171.04359792674757,0.2617426328648046,0.0025925259607583948,0.0016159422229975462,69.97989654541016
2026-06-28 09:00:00+00:00,bitcoin,60169.778789519565,60274.494016109034,-0.0018126882,-7.388451e-05,0.0024296604,0.004017164,-0.007388451,DOWN,0.0023732157786435937,278.94663415262903,171.04359792674757,0.2617426328648046,0.0025925259607583948,0.0016159422229975462,69.97989654541016
2026-06-28 10:00:00+00:00,bitcoin,60076.80745690316,60164.996994484216,-0.0015463668,-7.947044e-05,0.0025099653,0.0038355086,-0.0079470435,DOWN,0.0023841098569179365,278.94663415262903,171.04359792674757,0.2617426328648046,0.0025925259607583948,0.0016159422229975462,69.97989654541016
2026-06-28 11:00:00+00:00,bitcoin,60251.96978671383,60071.38001478743,0.0029113614,-9.034562e-05,0.0014783804,0.003651288,-0.009034562,DOWN,0.0024442139521770995,278.94663415262903,171.04359792674757,0.2617426328648046,0.0025925259607583948,0.0016159422229975462,69.97989654541016
2026-06-28 12:00:00+00:00,bitcoin,60207.8281161841,60246.52434345335,-0.00073286897,-9.038144e-05,0.0012825016,0.0034568515,-0.009038145,DOWN,0.002415391362911741,278.94663415262903,171.04359792674757,0.2617426328648046,0.0025925259607583948,0.0016159422229975462,69.97989654541016
2026-06-28 13:00:00+00:00,bitcoin,59976.95846183505,60202.61379299965,-0.0038418751,-8.662109e-05,0.0014875405,0.0033318282,-0.008662109,DOWN,0.002444050281537414,278.94663415262903,171.04359792674757,0.2617426328648046,0.0025925259607583948,0.0016159422229975462,69.97989654541016
2026-06-28 14:00:00+00:00,bitcoin,59939.29215875873,59972.7103749183,-0.0006283031,-7.087783e-05,0.0014113337,0.003192769,-0.007087783,DOWN,0.002431687858326479,278.94663415262903,171.04359792674757,0.2617426328648046,0.0025925259607583948,0.0016159422229975462,69.97989654541016
2026-06-28 15:00:00+00:00,bitcoin,59802.49190984946,59936.15941231139,-0.0022849308,-5.2224503e-05,0.0024590953,0.0030850053,-0.0052224505,DOWN,0.0024594351123038566,278.94663415262903,171.04359792674757,0.2617426328648046,0.0025925259607583948,0.0016159422229975462,69.97989654541016
2026-06-28 16:00:00+00:00,bitcoin,59600.01364291669,59799.96104644588,-0.0033914994,-4.227589e-05,0.0025403658,0.0029072044,-0.004227589,DOWN,0.002522474433924974,278.94663415262903,171.04359792674757,0.2617426328648046,0.0025925259607583948,0.0016159422229975462,69.97989654541016
2026-06-28 17:00:00+00:00,bitcoin,59493.11532112188,59598.20708048623,-0.0017952736,-3.0255045e-05,0.003525706,0.0028855584,-0.0030255045,DOWN,0.0025339906107294044,278.94663415262903,171.04359792674757,0.2617426328648046,0.0025925259607583948,0.0016159422229975462,69.97989654541016
2026-06-28 18:00:00+00:00,bitcoin,59520.06656607799,59490.992373806424,0.0004530748,-3.5557285e-05,0.0058446913,0.0027400823,-0.0035557286,DOWN,0.002525513186773555,278.94663415262903,171.04359792674757,0.2617426328648046,0.0025925259607583948,0.0016159422229975462,69.97989654541016
2026-06-28 19:00:00+00:00,bitcoin,59391.65875333361,59514.20246194024,-0.0021597566,-9.857228e-05,0.005770358,0.002533716,-0.009857228,DOWN,0.0024738503938548416,278.94663415262903,171.04359792674757,0.2617426328648046,0.0025925259607583948,0.0016159422229975462,69.97989654541016
2026-06-28 20:00:00+00:00,bitcoin,59559.04640548397,59382.339286733186,0.0028144554,-0.00015691364,0.005912223,0.0023344331,-0.015691364,DOWN,0.0025458685114799744,278.94663415262903,171.04359792674757,0.2617426328648046,0.0025925259607583948,0.0016159422229975462,69.97989654541016
2026-06-28 21:00:00+00:00,bitcoin,59339.51192459976,59548.2765431928,-0.0036928842,-0.00018096794,0.006134982,0.0022664901,-0.018096793,DOWN,0.0024733189364544187,278.94663415262903,171.04359792674757,0.2617426328648046,0.0025925259607583948,0.0016159422229975462,69.97989654541016
2026-06-28 22:00:00+00:00,bitcoin,58970.8241664432,59328.469484115485,-0.006232504,-0.00018614464,0.004670454,0.002242344,-0.018614464,DOWN,0.0026639861858796165,278.94663415262903,171.04359792674757,0.2617426328648046,0.0025925259607583948,0.0016159422229975462,69.97989654541016
2026-06-28 23:00:00+00:00,bitcoin,59472.29690903053,58963.190170674585,0.008467788,-0.00012948392,0.0044136876,0.0023986988,-0.012948392,DOWN,0.003082611993855377,278.94663415262903,171.04359792674757,0.2617426328648046,0.0025925259607583948,0.0016159422229975462,69.97989654541016
2026-06-29 00:00:00+00:00,bitcoin,59575.14325465355,59472.19443648914,0.0017277125,-1.8066312e-06,0.004722012,0.002929616,-0.00018066312,DOWN,0.00310026122377345,278.94663415262903,171.04359792674757,0.2617426328648046,0.0025925259607583948,0.0016159422229975462,69.97989654541016
2026-06-29 01:00:00+00:00,bitcoin,59342.56727013737,59576.13489242643,-0.0039114547,1.6634327e-05,0.0039098873,0.0034253018,0.0016634327,UP,0.0029543867873168092,278.94663415262903,171.04359792674757,0.2617426328648046,0.0025925259607583948,0.0016159422229975462,69.97989654541016
2026-06-29 02:00:00+00:00,bitcoin,59653.3534363471,59341.845208471175,0.005223536,-1.2210401e-05,0.0036497007,0.003762622,-0.0012210401,DOWN,0.003102691258359296,278.94663415262903,171.04359792674757,0.2617426328648046,0.0025925259607583948,0.0016159422229975462,69.97989654541016
2026-06-29 03:00:00+00:00,bitcoin,59942.82929023728,59651.80912585929,0.004840778,-2.5927338e-05,0.0032497244,0.0039437357,-0.0025927338,DOWN,0.0032316361903152653,278.94663415262903,171.04359792674757,0.2617426328648046,0.0025925259607583948,0.0016159422229975462,69.97989654541016
2026-06-29 04:00:00+00:00,bitcoin,59729.94575356413,59942.66377293505,-0.0035576867,-2.8004079e-06,0.0032861093,0.0039831605,-0.00028004078,DOWN,0.003290204081264811,278.94663415262903,171.04359792674757,0.2617426328648046,0.0025925259607583948,0.0016159422229975462,69.97989654541016
2026-06-29 05:00:00+00:00,bitcoin,60002.55238554953,59730.41204246273,0.0045536477,7.7287905e-06,0.0025457158,0.0039455546,0.00077287905,UP,0.003348107103771835,278.94663415262903,171.04359792674757,0.2617426328648046,0.0025925259607583948,0.0016159422229975462,69.97989654541016
2026-06-29 06:00:00+00:00,bitcoin,59983.28520606388,60002.766026759055,-0.00032119674,3.4648892e-06,0.002729997,0.0038689456,0.00034648893,UP,0.0033316716196206066,278.94663415262903,171.04359792674757,0.2617426328648046,0.0025925259607583948,0.0016159422229975462,69.97989654541016
2026-06-29 07:00:00+00:00,bitcoin,59932.605855837464,59983.560783980414,-0.0008452539,4.4722856e-06,0.0027173616,0.0038472095,0.00044722855,UP,0.0033230101036326692,278.94663415262903,171.04359792674757,0.2617426328648046,0.0025925259607583948,0.0016159422229975462,69.97989654541016
2026-06-29 08:00:00+00:00,bitcoin,59740.368101268075,59932.759409999475,-0.0032127292,2.5222243e-06,0.0038856054,0.003829953,0.00025222244,UP,0.0033644220805128223,278.94663415262903,171.04359792674757,0.2617426328648046,0.0025925259607583948,0.0016159422229975462,69.97989654541016
2026-06-29 09:00:00+00:00,bitcoin,59968.19842954399,59740.89097107528,0.0038063843,8.706542e-06,0.0028346383,0.0038620776,0.0008706542,UP,0.0034374583517303146,278.94663415262903,171.04359792674757,0.2617426328648046,0.0025925259607583948,0.0016159422229975462,69.97989654541016
2026-06-29 10:00:00+00:00,bitcoin,60000.7832961129,59969.02847565524,0.00054317433,1.3869731e-05,0.0045969407,0.0038770786,0.0013869732,UP,0.003434674157187824,278.94663415262903,171.04359792674757,0.2617426328648046,0.0025925259607583948,0.0016159422229975462,69.97989654541016
2026-06-29 11:00:00+00:00,bitcoin,59870.90699844994,60001.49651505053,-0.0021668358,1.1895096e-05,0.0046377033,0.0038734071,0.0011895095,UP,0.0034251566515326767,278.94663415262903,171.04359792674757,0.2617426328648046,0.0025925259607583948,0.0016159422229975462,69.97989654541016
2026-06-29 12:00:00+00:00,bitcoin,59857.66000262438,59871.538227092475,-0.00022133396,1.0471031e-05,0.0061962507,0.0038918615,0.0010471031,UP,0.0034249402495659313,278.94663415262903,171.04359792674757,0.2617426328648046,0.0025925259607583948,0.0016159422229975462,69.97989654541016
2026-06-29 13:00:00+00:00,bitcoin,59455.5554369539,59859.415511178784,-0.006740294,2.9275212e-05,0.004824168,0.0040513384,0.0029275212,UP,0.0035588495790369614,278.94663415262903,171.04359792674757,0.2617426328648046,0.0025925259607583948,0.0016159422229975462,69.97989654541016
2026-06-29 14:00:00+00:00,bitcoin,59348.71928379033,59458.08888654923,-0.0017985862,4.2530104e-05,0.0042315554,0.0042534783,0.0042530103,UP,0.0035272759492271646,278.94663415262903,171.04359792674757,0.2617426328648046,0.0025925259607583948,0.0016159422229975462,69.97989654541016
2026-06-29 15:00:00+00:00,bitcoin,59705.76159196347,59351.86708877608,0.005997994,5.3065967e-05,0.0045006196,0.0043783695,0.005306597,UP,0.003712505601304788,278.94663415262903,171.04359792674757,0.2617426328648046,0.0025925259607583948,0.0016159422229975462,69.97989654541016
2026-06-29 16:00:00+00:00,bitcoin,59784.908112324774,59708.90052806353,0.0013247638,5.253945e-05,0.004545907,0.0044090054,0.005253945,UP,0.0037150047751129665,278.94663415262903,171.04359792674757,0.2617426328648046,0.0025925259607583948,0.0016159422229975462,69.97989654541016
2026-06-29 17:00:00+00:00,bitcoin,60318.452518585604,59786.92707366636,0.008884723,3.3680237e-05,0.0026674217,0.004302665,0.0033680238,UP,0.0040345338702248035,278.94663415262903,171.04359792674757,0.2617426328648046,0.0025925259607583948,0.0016159422229975462,69.97989654541016
2026-06-29 18:00:00+00:00,bitcoin,60198.05116060749,60319.98079939885,-0.0019980413,2.5353698e-05,0.0026149538,0.0042929268,0.0025353697,UP,0.004049493238920916,278.94663415262903,171.04359792674757,0.2617426328648046,0.0025925259607583948,0.0016159422229975462,69.97989654541016
2026-06-29 19:00:00+00:00,bitcoin,60331.283495283686,60198.574641431216,0.0022107568,8.75547e-06,0.003598414,0.004195361,0.000875547,UP,0.004002149892976725,278.94663415262903,171.04359792674757,0.2617426328648046,0.0025925259607583948,0.0016159422229975462,69.97989654541016
2026-06-29 20:00:00+00:00,bitcoin,60197.67814849131,60330.619581475854,-0.0022169214,-1.1031792e-05,0.003934361,0.003956731,-0.0011031793,DOWN,0.004023945090892226,278.94663415262903,171.04359792674757,0.2617426328648046,0.0025925259607583948,0.0016159422229975462,69.97989654541016
2026-06-29 21:00:00+00:00,bitcoin,60390.925493753515,60195.55555520207,0.0032049853,-3.5305166e-05,0.003236456,0.0036959075,-0.0035305165,DOWN,0.004034340499484874,278.94663415262903,171.04359792674757,0.2617426328648046,0.0025925259607583948,0.0016159422229975462,69.97989654541016
2026-06-29 22:00:00+00:00,bitcoin,60261.956142608076,60387.7146497136,-0.002137719,-5.311976e-05,0.003639005,0.0034544675,-0.0053119757,DOWN,0.004000904588981825,278.94663415262903,171.04359792674757,0.2617426328648046,0.0025925259607583948,0.0016159422229975462,69.97989654541016
2026-06-29 23:00:00+00:00,bitcoin,60161.54239118518,60259.17722059926,-0.0016678124,-4.6252702e-05,0.0036169533,0.003242505,-0.00462527,DOWN,0.003998592023098017,278.94663415262903,171.04359792674757,0.2617426328648046,0.0025925259607583948,0.0016159422229975462,69.97989654541016
2026-06-30 00:00:00+00:00,bitcoin,59744.65942503745,60160.12262916984,-0.0069534453,-2.3546878e-05,0.0032680035,0.0030808288,-0.0023546878,DOWN,0.004215246202151504,278.94663415262903,171.04359792674757,0.2617426328648046,0.0025925259607583948,0.0016159422229975462,69.97989654541016
2026-06-30 01:00:00+00:00,bitcoin,59845.34554536687,59744.02984876349,0.0016837481,-1.0582777e-05,0.0029969886,0.0029729016,-0.0010582777,DOWN,0.004201572062868292,278.94663415262903,171.04359792674757,0.2617426328648046,0.0025925259607583948,0.0016159422229975462,69.97989654541016
2026-06-30 02:00:00+00:00,bitcoin,59842.57180501707,59844.48018223629,-4.6279216e-05,-1.4375013e-05,0.0029345388,0.0029332,-0.0014375013,DOWN,0.004173935802339177,278.94663415262903,171.04359792674757,0.2617426328648046,0.0025925259607583948,0.0016159422229975462,69.97989654541016
2026-06-30 03:00:00+00:00,bitcoin,59515.140038789716,59841.32903298922,-0.0054865414,-2.069516e-05,0.0023712078,0.0029636875,-0.002069516,DOWN,0.004242924840570344,278.94663415262903,171.04359792674757,0.2617426328648046,0.0025925259607583948,0.0016159422229975462,69.97989654541016
2026-06-30 04:00:00+00:00,bitcoin,59385.29237082973,59515.29670966789,-0.0021842076,2.6566477e-06,0.002431581,0.003162889,0.00026566477,UP,0.0040971869953523535,278.94663415262903,171.04359792674757,0.2617426328648046,0.0025925259607583948,0.0016159422229975462,69.97989654541016
2026-06-30 05:00:00+00:00,bitcoin,59545.33030293416,59386.08194164932,0.0026913027,1.3265937e-05,0.0017423825,0.0034614555,0.0013265937,UP,0.0038212303598110587,278.94663415262903,171.04359792674757,0.2617426328648046,0.0025925259607583948,0.0016159422229975462,69.97989654541016
2026-06-30 06:00:00+00:00,bitcoin,59493.989263336174,59546.51355049573,-0.0008625695,1.9878582e-05,0.0018896289,0.0037410606,0.0019878582,UP,0.0038111913041037676,278.94663415262903,171.04359792674757,0.2617426328648046,0.0025925259607583948,0.0016159422229975462,69.97989654541016
2026-06-30 07:00:00+00:00,bitcoin,59430.0127657305,59494.810980634764,-0.0010759236,1.3797449e-05,0.005692703,0.004013768,0.001379745,UP,0.003746711014645614,278.94663415262903,171.04359792674757,0.2617426328648046,0.0025925259607583948,0.0016159422229975462,69.97989654541016
2026-06-30 08:00:00+00:00,bitcoin,59208.85854937881,59429.83106120839,-0.0037281641,-3.0125539e-06,0.0071967146,0.00418916,-0.00030125538,DOWN,0.003675841118273027,278.94663415262903,171.04359792674757,0.2617426328648046,0.0025925259607583948,0.0016159422229975462,69.97989654541016
2026-06-30 09:00:00+00:00,bitcoin,59276.01152802631,59208.27706969995,0.0011335177,-9.793337e-06,0.0070267282,0.0044657597,-0.0009793337,DOWN,0.0035589407133846613,278.94663415262903,171.04359792674757,0.2617426328648046,0.0025925259607583948,0.0016159422229975462,69.97989654541016
2026-06-30 10:00:00+00:00,bitcoin,59238.12601270317,59275.52768053976,-0.0006392961,-8.12763e-06,0.006946898,0.0047090473,-0.000812763,DOWN,0.003508438523233738,278.94663415262903,171.04359792674757,0.2617426328648046,0.0025925259607583948,0.0016159422229975462,69.97989654541016
2026-06-30 11:00:00+00:00,bitcoin,59076.821218545316,59238.75740068825,-0.0027267677,1.0558007e-05,0.007373471,0.0050063385,0.0010558007,UP,0.0034132104327914007,278.94663415262903,171.04359792674757,0.2617426328648046,0.0025925259607583948,0.0016159422229975462,69.97989654541016
2026-06-30 12:00:00+00:00,bitcoin,58284.35882853577,59077.41188298538,-0.013504857,1.0063283e-05,0.003983938,0.0051435786,0.0010063284,UP,0.004146246322664265,278.94663415262903,171.04359792674757,0.2617426328648046,0.0025925259607583948,0.0016159422229975462,69.97989654541016
2026-06-30 13:00:00+00:00,bitcoin,58630.01727134548,58286.43683808483,0.0059130643,3.57031e-05,0.0034436998,0.005447992,0.0035703098,UP,0.00433246112814108,278.94663415262903,171.04359792674757,0.2617426328648046,0.0025925259607583948,0.0016159422229975462,69.97989654541016
2026-06-30 14:00:00+00:00,bitcoin,58369.94630554109,58633.12974437373,-0.0044456553,5.313444e-05,0.0025783796,0.005581761,0.005313444,UP,0.004362447520800325,278.94663415262903,171.04359792674757,0.2617426328648046,0.0025925259607583948,0.0016159422229975462,69.97989654541016
2026-06-30 15:00:00+00:00,bitcoin,58267.41259149462,58372.02973256307,-0.0017582545,3.5686517e-05,0.0025408613,0.0053214845,0.0035686516,UP,0.0042786293294730885,278.94663415262903,171.04359792674757,0.2617426328648046,0.0025925259607583948,0.0016159422229975462,69.97989654541016
2026-06-30 16:00:00+00:00,bitcoin,58391.34098386858,58267.77829512814,0.002124654,6.2149384e-06,0.0027408767,0.0049607465,0.00062149385,UP,0.004307356643647417,278.94663415262903,171.04359792674757,0.2617426328648046,0.0025925259607583948,0.0016159422229975462,69.97989654541016
2026-06-30 17:00:00+00:00,bitcoin,58325.96410276741,58389.874597425805,-0.001120295,-2.5078089e-05,0.0026583455,0.004595402,-0.0025078089,DOWN,0.004300973623443852,278.94663415262903,171.04359792674757,0.2617426328648046,0.0025925259607583948,0.0016159422229975462,69.97989654541016
2026-06-30 18:00:00+00:00,bitcoin,58580.4545104783,58322.80080065178,0.0043537165,-5.416239e-05,0.001675231,0.004221495,-0.0054162387,DOWN,0.004404721544209772,278.94663415262903,171.04359792674757,0.2617426328648046,0.0025925259607583948,0.0016159422229975462,69.97989654541016
2026-06-30 19:00:00+00:00,bitcoin,58726.352010432165,58577.233393565984,0.0024875356,-5.4950237e-05,0.0007554448,0.003939533,-0.0054950234,DOWN,0.004290963290364735,278.94663415262903,171.04359792674757,0.2617426328648046,0.0025925259607583948,0.0016159422229975462,69.97989654541016
2026-06-30 20:00:00+00:00,bitcoin,58630.8896539323,58725.150937879924,-0.0016268439,-2.0465397e-05,0.0018400131,0.0035162903,-0.0020465397,DOWN,0.004289155600895403,278.94663415262903,171.04359792674757,0.2617426328648046,0.0025925259607583948,0.0016159422229975462,69.97989654541016
2026-06-30 21:00:00+00:00,bitcoin,58541.55628865678,58631.21213495359,-0.0015249295,5.450999e-06,0.002644891,0.0031269167,0.0005450999,UP,0.004117926129070442,278.94663415262903,171.04359792674757,0.2617426328648046,0.0025925259607583948,0.0016159422229975462,69.97989654541016
2026-06-30 22:00:00+00:00,bitcoin,58513.922121102456,58542.046268714126,-0.00047206518,8.429701e-06,0.0023975724,0.0028516606,0.0008429701,UP,0.004101262654606271,278.94663415262903,171.04359792674757,0.2617426328648046,0.0025925259607583948,0.0016159422229975462,69.97989654541016
2026-06-30 23:00:00+00:00,bitcoin,58523.93157838471,58513.255724008195,0.00017101839,-1.1388427e-05,0.0021701832,0.0026953432,-0.0011388427,DOWN,0.0036823421536664,278.94663415262903,171.04359792674757,0.2617426328648046,0.0025925259607583948,0.0016159422229975462,69.97989654541016
2026-07-01 00:00:00+00:00,bitcoin,58486.371182504576,58520.73091819743,-0.0006419707,-5.4595454e-05,0.0030671505,0.0026468646,-0.005459545,DOWN,0.003678004666650518,278.94663415262903,171.04359792674757,0.2617426328648046,0.0025925259607583948,0.0016159422229975462,69.97989654541016
2026-07-01 01:00:00+00:00,bitcoin,58677.825474528596,58480.887522355886,0.003268186,-9.371817e-05,0.0047673853,0.0025424394,-0.009371817,DOWN,0.0037144095386784314,278.94663415262903,171.04359792674757,0.2617426328648046,0.0025925259607583948,0.0016159422229975462,69.97989654541016
2026-07-01 02:00:00+00:00,bitcoin,58991.012672262266,58675.229503971525,0.0053231474,-4.4226726e-05,0.0037868202,0.002772537,-0.0044226726,DOWN,0.003875980328514982,278.94663415262903,171.04359792674757,0.2617426328648046,0.0025925259607583948,0.0016159422229975462,69.97989654541016
2026-07-01 03:00:00+00:00,bitcoin,59101.48878408689,58992.1368830055,0.0018710179,1.912393e-05,0.0041574915,0.0031324802,0.001912393,UP,0.003837343688155788,278.94663415262903,171.04359792674757,0.2617426328648046,0.0025925259607583948,0.0016159422229975462,69.97989654541016
2026-07-01 04:00:00+00:00,bitcoin,59237.64153349819,59103.425779018085,0.0023010548,3.2765776e-05,0.0038281344,0.003382822,0.0032765777,UP,0.0038660441966440044,278.94663415262903,171.04359792674757,0.2617426328648046,0.0025925259607583948,0.0016159422229975462,69.97989654541016
2026-07-01 05:00:00+00:00,bitcoin,59060.90097170323,59238.68575320393,-0.0029880726,1.7556671e-05,0.0041301707,0.003582724,0.0017556672,UP,0.0038864213476029396,278.94663415262903,171.04359792674757,0.2617426328648046,0.0025925259607583948,0.0016159422229975462,69.97989654541016
2026-07-01 06:00:00+00:00,bitcoin,58666.64904602105,59060.07468639407,-0.006697693,-1.395013e-05,0.0030160903,0.003933292,-0.001395013,DOWN,0.0038724260160703035,278.94663415262903,171.04359792674757,0.2617426328648046,0.0025925259607583948,0.0016159422229975462,69.97989654541016
2026-07-01 07:00:00+00:00,bitcoin,58686.91591777466,58664.51188980369,0.0003453107,-3.6365156e-05,0.003006058,0.004460452,-0.0036365157,DOWN,0.0038528452651613843,278.94663415262903,171.04359792674757,0.2617426328648046,0.0025925259607583948,0.0016159422229975462,69.97989654541016
2026-07-01 08:00:00+00:00,bitcoin,58894.02047637291,58686.6548013424,0.0035228431,-4.380102e-06,0.008481536,0.00483089,-0.0004380102,DOWN,0.003926568147045415,278.94663415262903,171.04359792674757,0.2617426328648046,0.0025925259607583948,0.0016159422229975462,69.97989654541016
2026-07-01 09:00:00+00:00,bitcoin,58865.85944648506,58896.6874026563,-0.000478264,4.5312612e-05,0.008424711,0.0050027138,0.004531261,UP,0.003813871916948439,278.94663415262903,171.04359792674757,0.2617426328648046,0.0025925259607583948,0.0016159422229975462,69.97989654541016
2026-07-01 10:00:00+00:00,bitcoin,58577.414412894286,58869.56453964114,-0.0049121557,6.2937484e-05,0.008050336,0.005002709,0.0062937485,UP,0.0038902096994309875,278.94663415262903,171.04359792674757,0.2617426328648046,0.0025925259607583948,0.0016159422229975462,69.97989654541016
2026-07-01 11:00:00+00:00,bitcoin,58536.737839048496,58580.37093614414,-0.0006945681,5.0514078e-05,0.0087130265,0.0048453663,0.005051408,UP,0.003844702066691616,278.94663415262903,171.04359792674757,0.2617426328648046,0.0025925259607583948,0.0016159422229975462,69.97989654541016
2026-07-01 12:00:00+00:00,bitcoin,58451.39583716635,58537.017406169325,-0.001458949,4.730177e-06,0.008084422,0.004446876,0.0004730177,UP,0.003847842275140938,278.94663415262903,171.04359792674757,0.2617426328648046,0.0025925259607583948,0.0016159422229975462,69.97989654541016
2026-07-01 13:00:00+00:00,bitcoin,59433.04318855703,58449.21398527501,0.016654672,-3.735305e-05,0.0054368586,0.0039295484,-0.0037353048,DOWN,0.004984155584231866,278.94663415262903,171.04359792674757,0.2617426328648046,0.0025925259607583948,0.0016159422229975462,69.97989654541016
2026-07-01 14:00:00+00:00,bitcoin,59464.89308924973,59430.810839321,0.00053578,-3.753118e-05,0.005836971,0.0034690313,-0.003753118,DOWN,0.004934507346904882,278.94663415262903,171.04359792674757,0.2617426328648046,0.0025925259607583948,0.0016159422229975462,69.97989654541016
2026-07-01 15:00:00+00:00,bitcoin,60087.70263688825,59465.76254338585,0.010419084,1.4618275e-05,0.003341696,0.0031402658,0.0014618274,UP,0.005280826927991214,278.94663415262903,171.04359792674757,0.2617426328648046,0.0025925259607583948,0.0016159422229975462,69.97989654541016
2026-07-01 16:00:00+00:00,bitcoin,59856.9642783124,60090.456978344824,-0.003847417,4.588269e-05,0.005342562,0.0032157134,0.004588269,UP,0.005335992632323144,278.94663415262903,171.04359792674757,0.2617426328648046,0.0025925259607583948,0.0016159422229975462,69.97989654541016
2026-07-01 17:00:00+00:00,bitcoin,60129.408819498494,59859.765191274695,0.0045413435,4.6739973e-05,0.006398169,0.0032625583,0.0046739974,UP,0.005356303469047302,278.94663415262903,171.04359792674757,0.2617426328648046,0.0025925259607583948,0.0016159422229975462,69.97989654541016
2026-07-01 18:00:00+00:00,bitcoin,60115.679882388795,60131.93328671157,-0.00022837472,4.1848332e-05,0.0074784798,0.003302887,0.0041848333,UP,0.004662524973846466,278.94663415262903,171.04359792674757,0.2617426328648046,0.0025925259607583948,0.0016159422229975462,69.97989654541016
2026-07-01 19:00:00+00:00,bitcoin,59965.17564118421,60118.01591677405,-0.0025066454,3.883747e-05,0.0076860623,0.0033364182,0.003883747,UP,0.004611604304440266,278.94663415262903,171.04359792674757,0.2617426328648046,0.0025925259607583948,0.0016159422229975462,69.97989654541016
2026-07-01 20:00:00+00:00,bitcoin,60067.86654641759,59967.49577119574,0.0017110525,3.8677324e-05,0.008503068,0.003450059,0.0038677324,UP,0.004508144674610223,278.94663415262903,171.04359792674757,0.2617426328648046,0.0025925259607583948,0.0016159422229975462,69.97989654541016
2026-07-01 21:00:00+00:00,bitcoin,60752.32881621923,60070.09089470375,0.011330296,3.7021644e-05,0.0064879735,0.0033883757,0.0037021644,UP,0.0048599593608782445,278.94663415262903,171.04359792674757,0.2617426328648046,0.0025925259607583948,0.0016159422229975462,69.97989654541016
2026-07-01 22:00:00+00:00,bitcoin,60416.87834474351,60755.036723461,-0.005536887,4.449675e-05,0.0077021094,0.0036667732,0.0044496753,UP,0.005018772646222243,278.94663415262903,171.04359792674757,0.2617426328648046,0.0025925259607583948,0.0016159422229975462,69.97989654541016
2026-07-01 23:00:00+00:00,bitcoin,59963.43584744702,60419.73820077488,-0.0075334515,4.7282883e-05,0.0068645733,0.003913191,0.0047282884,UP,0.005248475429503865,278.94663415262903,171.04359792674757,0.2617426328648046,0.0025925259607583948,0.0016159422229975462,69.97989654541016
2026-07-02 00:00:00+00:00,bitcoin,59682.502879363485,59966.64379951358,-0.0046962216,5.331827e-05,0.0068540964,0.00398073,0.005331827,UP,0.005304462736317091,278.94663415262903,171.04359792674757,0.2617426328648046,0.0025925259607583948,0.0016159422229975462,69.97989654541016
2026-07-02 01:00:00+00:00,bitcoin,60112.24973291159,59686.34194254875,0.007174802,6.4429725e-05,0.0067466307,0.0041491496,0.0064429725,UP,0.005429506932585538,278.94663415262903,171.04359792674757,0.2617426328648046,0.0025925259607583948,0.0016159422229975462,69.97989654541016
2026-07-02 02:00:00+00:00,bitcoin,60353.88545012474,60116.320253133774,0.004011571,6.7631714e-05,0.00644716,0.00418921,0.0067631714,UP,0.005440644769953065,278.94663415262903,171.04359792674757,0.2617426328648046,0.0025925259607583948,0.0016159422229975462,69.97989654541016
2026-07-02 03:00:00+00:00,bitcoin,60985.77160199871,60358.202946808655,0.010415331,7.15687e-05,0.0046195206,0.0042606136,0.00715687,UP,0.005685449782404597,278.94663415262903,171.04359792674757,0.2617426328648046,0.0025925259607583948,0.0016159422229975462,69.97989654541016
2026-07-02 04:00:00+00:00,bitcoin,60707.987416741904,60990.69136881502,-0.0045652585,8.0641374e-05,0.006909646,0.0043530227,0.008064138,UP,0.005779400047184166,278.94663415262903,171.04359792674757,0.2617426328648046,0.0025925259607583948,0.0016159422229975462,69.97989654541016
2026-07-02 05:00:00+00:00,bitcoin,60425.989429311594,60713.973243988585,-0.0046560103,9.8588716e-05,0.006094558,0.0045097433,0.009858872,UP,0.005876308675375047,278.94663415262903,171.04359792674757,0.2617426328648046,0.0025925259607583948,0.0016159422229975462,69.97989654541016
2026-07-02 06:00:00+00:00,bitcoin,60190.010492909,60432.521709844004,-0.003912862,0.00010808864,0.005044504,0.0045998637,0.010808865,UP,0.005939213946279822,278.94663415262903,171.04359792674757,0.2617426328648046,0.0025925259607583948,0.0016159422229975462,69.97989654541016
2026-07-02 07:00:00+00:00,bitcoin,60058.90989600192,60196.79229081562,-0.0021805037,0.00011268206,0.003974134,0.0046324604,0.011268206,UP,0.0059498383890782556,278.94663415262903,171.04359792674757,0.2617426328648046,0.0025925259607583948,0.0016159422229975462,69.97989654541016
2026-07-02 08:00:00+00:00,bitcoin,60435.998075845186,60065.403895319905,0.006259037,0.000108049004,0.0039700638,0.004671116,0.0108049,UP,0.005977051096964769,278.94663415262903,171.04359792674757,0.2617426328648046,0.0025925259607583948,0.0016159422229975462,69.97989654541016
2026-07-02 09:00:00+00:00,bitcoin,61096.64123249054,60440.171424388885,0.010871928,6.8936046e-05,0.0035460058,0.004467662,0.0068936045,UP,0.00625423167655483,278.94663415262903,171.04359792674757,0.2617426328648046,0.0025925259607583948,0.0016159422229975462,69.97989654541016
2026-07-02 10:00:00+00:00,bitcoin,61179.08743523061,61097.296120841056,0.0013485788,1.0720039e-05,0.003846738,0.0041799494,0.001072004,UP,0.006250461672257902,278.94663415262903,171.04359792674757,0.2617426328648046,0.0025925259607583948,0.0016159422229975462,69.97989654541016
2026-07-02 11:00:00+00:00,bitcoin,61287.378027677536,61176.33304596413,0.0017684691,-4.5015724e-05,0.0038348082,0.0038015472,-0.0045015723,DOWN,0.006203596383327437,278.94663415262903,171.04359792674757,0.2617426328648046,0.0025925259607583948,0.0016159422229975462,69.97989654541016
2026-07-02 12:00:00+00:00,bitcoin,61472.47704703687,61284.20078541944,0.0030156716,-5.1905583e-05,0.003701867,0.0034963542,-0.0051905583,DOWN,0.006026348447406744,278.94663415262903,171.04359792674757,0.2617426328648046,0.0025925259607583948,0.0016159422229975462,69.97989654541016
2026-07-02 13:00:00+00:00,bitcoin,61855.9301439533,61469.7177785472,0.0062183635,-4.4984932e-05,0.002129137,0.003327035,-0.0044984934,DOWN,0.006080635844466013,278.94663415262903,171.04359792674757,0.2617426328648046,0.0025925259607583948,0.0016159422229975462,69.97989654541016
2026-07-02 14:00:00+00:00,bitcoin,61633.9672036781,61853.99037772324,-0.003594807,-3.1356525e-05,0.0023820542,0.003203859,-0.0031356525,DOWN,0.0061482062147400875,278.94663415262903,171.04359792674757,0.2617426328648046,0.0025925259607583948,0.0016159422229975462,69.97989654541016
2026-07-02 15:00:00+00:00,bitcoin,61540.3599440027,61632.2200826928,-0.0015199496,-2.8375305e-05,0.0024461187,0.003126632,-0.0028375306,DOWN,0.006162874984599281,278.94663415262903,171.04359792674757,0.2617426328648046,0.0025925259607583948,0.0016159422229975462,69.97989654541016
2026-07-02 16:00:00+00:00,bitcoin,61621.98907789774,61539.079211150296,0.0013255499,-2.075101e-05,0.002326287,0.0031315763,-0.002075101,DOWN,0.0060435794042392466,278.94663415262903,171.04359792674757,0.2617426328648046,0.0025925259607583948,0.0016159422229975462,69.97989654541016
2026-07-02 17:00:00+00:00,bitcoin,61604.62254186906,61620.77620553179,-0.00028187397,-1.9710784e-05,0.002430942,0.0030743838,-0.0019710783,DOWN,0.0060383924234418225,278.94663415262903,171.04359792674757,0.2617426328648046,0.0025925259607583948,0.0016159422229975462,69.97989654541016
2026-07-02 18:00:00+00:00,bitcoin,61699.15838615177,61603.8132710075,0.0015334337,-1.3105617e-05,0.0024007575,0.0031390055,-0.0013105617,DOWN,0.0060087000058910035,278.94663415262903,171.04359792674757,0.2617426328648046,0.0025925259607583948,0.0016159422229975462,69.97989654541016
2026-07-02 19:00:00+00:00,bitcoin,61436.00892161485,61698.59013498877,-0.0042741457,-9.31823e-06,0.002405271,0.003219503,-0.000931823,DOWN,0.005398315588634768,278.94663415262903,171.04359792674757,0.2617426328648046,0.0025925259607583948,0.0016159422229975462,69.97989654541016
2026-07-02 20:00:00+00:00,bitcoin,61511.819785750005,61435.46976174507,0.0012331832,-8.873212e-06,0.00336422,0.0033475775,-0.0008873212,DOWN,0.0053972176473817465,278.94663415262903,171.04359792674757,0.2617426328648046,0.0025925259607583948,0.0016159422229975462,69.97989654541016
2026-07-02 21:00:00+00:00,bitcoin,61517.07791604567,61510.914714120794,8.5345804e-05,-1.4724135e-05,0.003530159,0.003404995,-0.0014724135,DOWN,0.0051031655049058496,278.94663415262903,171.04359792674757,0.2617426328648046,0.0025925259607583948,0.0016159422229975462,69.97989654541016
2026-07-02 22:00:00+00:00,bitcoin,61398.148130092304,61515.71363234427,-0.0019350233,-2.2032546e-05,0.003442831,0.003502129,-0.0022032545,DOWN,0.005055072648334516,278.94663415262903,171.04359792674757,0.2617426328648046,0.0025925259607583948,0.0016159422229975462,69.97989654541016
2026-07-02 23:00:00+00:00,bitcoin,61484.02495904174,61396.80535885831,0.0013978076,-2.1898788e-05,0.0033503503,0.0036912998,-0.0021898788,DOWN,0.005008234601438454,278.94663415262903,171.04359792674757,0.2617426328648046,0.0025925259607583948,0.0016159422229975462,69.97989654541016
2026-07-03 00:00:00+00:00,bitcoin,61221.05361423083,61482.84754096903,-0.0042862617,-1.9293155e-05,0.0030078865,0.003956342,-0.0019293155,DOWN,0.005089537516491895,278.94663415262903,171.04359792674757,0.2617426328648046,0.0025925259607583948,0.0016159422229975462,69.97989654541016
2026-07-03 01:00:00+00:00,bitcoin,61503.57607450755,61218.825369366445,0.0046041287,-3.643433e-05,0.0023836016,0.0042538946,-0.0036434329,DOWN,0.005104800861641726,278.94663415262903,171.04359792674757,0.2617426328648046,0.0025925259607583948,0.0016159422229975462,69.97989654541016
2026-07-03 02:00:00+00:00,bitcoin,61353.03798558097,61501.176961203106,-0.0024506475,-3.897627e-05,0.0017718257,0.0045877593,-0.0038976271,DOWN,0.005137170560471463,278.94663415262903,171.04359792674757,0.2617426328648046,0.0025925259607583948,0.0016159422229975462,69.97989654541016
2026-07-03 03:00:00+00:00,bitcoin,61350.929016140755,61350.54138197424,-3.4381526e-05,-4.0677398e-05,0.0024899053,0.0048930026,-0.00406774,DOWN,0.004725422140208161,278.94663415262903,171.04359792674757,0.2617426328648046,0.0025925259607583948,0.0016159422229975462,69.97989654541016
2026-07-03 04:00:00+00:00,bitcoin,61366.03227303084,61348.26388002979,0.0002461202,-4.345335e-05,0.0025848597,0.0050316565,-0.004345335,DOWN,0.00459432781489112,278.94663415262903,171.04359792674757,0.2617426328648046,0.0025925259607583948,0.0016159422229975462,69.97989654541016
2026-07-03 05:00:00+00:00,bitcoin,61623.2919565402,61361.236004652455,0.004183423,-7.80864e-05,0.0023212442,0.0047494285,-0.00780864,DOWN,0.004380272211197957,278.94663415262903,171.04359792674757,0.2617426328648046,0.0025925259607583948,0.0016159422229975462,69.97989654541016
2026-07-03 06:00:00+00:00,bitcoin,61631.13466366753,61616.24050976569,0.000127214,-0.00011443105,0.0023281125,0.0040260833,-0.0114431055,DOWN,0.004254233466364988,278.94663415262903,171.04359792674757,0.2617426328648046,0.0025925259607583948,0.0016159422229975462,69.97989654541016
2026-07-03 07:00:00+00:00,bitcoin,61679.98647680599,61627.27907663025,0.000792457,-6.241761e-05,0.002460483,0.003218763,-0.006241761,DOWN,0.004094199682000635,278.94663415262903,171.04359792674757,0.2617426328648046,0.0025925259607583948,0.0016159422229975462,69.97989654541016
2026-07-03 08:00:00+00:00,bitcoin,61507.03874726803,61678.389041250804,-0.0028079145,-2.5890773e-05,0.0015032478,0.002803117,-0.0025890772,DOWN,0.004102529685468913,278.94663415262903,171.04359792674757,0.2617426328648046,0.0025925259607583948,0.0016159422229975462,69.97989654541016
2026-07-03 09:00:00+00:00,bitcoin,61640.04535968229,61504.439793902915,0.0021602097,-4.2260494e-05,0.0015391561,0.0025854562,-0.0042260494,DOWN,0.003674102863407996,278.94663415262903,171.04359792674757,0.2617426328648046,0.0025925259607583948,0.0016159422229975462,69.97989654541016
2026-07-03 10:00:00+00:00,bitcoin,61844.02576370677,61633.106858254876,0.003303756,-0.000112697075,0.0024541742,0.002410002,-0.011269707,DOWN,0.003590776846987842,278.94663415262903,171.04359792674757,0.2617426328648046,0.0025925259607583948,0.0016159422229975462,69.97989654541016
2026-07-03 11:00:00+00:00,bitcoin,61949.17617674917,61833.551407525316,0.0016986497,-0.00016944157,0.002692471,0.0022154634,-0.016944157,DOWN,0.003453947814862187,278.94663415262903,171.04359792674757,0.2617426328648046,0.0025925259607583948,0.0016159422229975462,69.97989654541016
2026-07-03 12:00:00+00:00,bitcoin,61904.82914226968,61937.27108162921,-0.0007160649,-0.00019207968,0.0026712748,0.002036561,-0.019207967,DOWN,0.003350518577374676,278.94663415262903,171.04359792674757,0.2617426328648046,0.0025925259607583948,0.0016159422229975462,69.97989654541016
2026-07-03 13:00:00+00:00,bitcoin,62051.151440151036,61892.12409095559,0.0023608443,-0.00020527426,0.0025151207,0.0018868487,-0.020527426,DOWN,0.003306990121273911,278.94663415262903,171.04359792674757,0.2617426328648046,0.0025925259607583948,0.0016159422229975462,69.97989654541016
2026-07-03 14:00:00+00:00,bitcoin,62098.96311944723,62038.4254713878,0.0007703628,-0.00020497823,0.0025037422,0.0018005467,-0.020497823,DOWN,0.003158774353518239,278.94663415262903,171.04359792674757,0.2617426328648046,0.0025925259607583948,0.0016159422229975462,69.97989654541016
2026-07-03 15:00:00+00:00,bitcoin,61862.59077511355,62086.86891598441,-0.0038137499,-0.00019492506,0.003700533,0.0017572511,-0.019492505,DOWN,0.0026518614302956283,278.94663415262903,171.04359792674757,0.2617426328648046,0.0025925259607583948,0.0016159422229975462,69.97989654541016
2026-07-03 16:00:00+00:00,bitcoin,62040.02260871418,61851.985175586306,0.0028640206,-0.00017147335,0.0040064785,0.0017624068,-0.017147334,DOWN,0.0026845337083219564,278.94663415262903,171.04359792674757,0.2617426328648046,0.0025925259607583948,0.0016159422229975462,69.97989654541016
2026-07-03 17:00:00+00:00,bitcoin,62136.66714849882,62031.555099206744,0.0015566909,-0.00013639014,0.0045037437,0.0018299444,-0.013639014,DOWN,0.0026812671036726314,278.94663415262903,171.04359792674757,0.2617426328648046,0.0025925259607583948,0.0016159422229975462,69.97989654541016
2026-07-03 18:00:00+00:00,bitcoin,62149.990143779665,62130.753467461094,0.00021428536,-9.5260315e-05,0.004483512,0.0019195649,-0.009526031,DOWN,0.0026375461552430855,278.94663415262903,171.04359792674757,0.2617426328648046,0.0025925259607583948,0.0016159422229975462,69.97989654541016
2026-07-03 19:00:00+00:00,bitcoin,62151.329284176696,62145.18734259531,2.1557997e-05,-7.7239536e-05,0.004435138,0.0019831397,-0.0077239536,DOWN,0.002393460220068825,278.94663415262903,171.04359792674757,0.2617426328648046,0.0025925259607583948,0.0016159422229975462,69.97989654541016
2026-07-03 20:00:00+00:00,bitcoin,62715.22830767557,62147.91627328377,0.0090321405,-5.4960226e-05,0.0026841373,0.0020589556,-0.0054960228,DOWN,0.0027924733570879176,278.94663415262903,171.04359792674757,0.2617426328648046,0.0025925259607583948,0.0016159422229975462,69.97989654541016
2026-07-03 21:00:00+00:00,bitcoin,62669.39739127294,62719.970403685234,-0.000731063,7.551131e-05,0.002873707,0.002520986,0.007551131,UP,0.0027756709742675877,278.94663415262903,171.04359792674757,0.2617426328648046,0.0025925259607583948,0.0016159422229975462,69.97989654541016
2026-07-03 22:00:00+00:00,bitcoin,62512.81100472808,62675.681358824484,-0.002501792,0.00010016501,0.00274582,0.002977207,0.010016501,UP,0.002828964768001332,278.94663415262903,171.04359792674757,0.2617426328648046,0.0025925259607583948,0.0016159422229975462,69.97989654541016
2026-07-03 23:00:00+00:00,bitcoin,62554.14543405408,62514.805758560076,0.0006609585,3.1842726e-05,0.002780913,0.0034119366,0.0031842727,UP,0.0028254171061858117,278.94663415262903,171.04359792674757,0.2617426328648046,0.0025925259607583948,0.0016159422229975462,69.97989654541016
2026-07-04 00:00:00+00:00,bitcoin,62693.98985305801,62555.29646537267,0.0022331306,1.8373315e-05,0.0029768324,0.0035532382,0.0018373316,UP,0.002837025374567853,278.94663415262903,171.04359792674757,0.2617426328648046,0.0025925259607583948,0.0016159422229975462,69.97989654541016
2026-07-04 01:00:00+00:00,bitcoin,62403.51149469218,62693.92849160358,-0.004644011,-1.0116764e-06,0.002121934,0.0036555184,-0.00010116764,DOWN,0.0028592275913202144,278.94663415262903,171.04359792674757,0.2617426328648046,0.0025925259607583948,0.0016159422229975462,69.97989654541016
2026-07-04 02:00:00+00:00,bitcoin,62481.94936031848,62402.68970059813,0.0012561511,-1.3223238e-05,0.0021183298,0.0036963108,-0.0013223238,DOWN,0.0028594273073360432,278.94663415262903,171.04359792674757,0.2617426328648046,0.0025925259607583948,0.0016159422229975462,69.97989654541016
2026-07-04 03:00:00+00:00,bitcoin,62564.038352291565,62480.67926164367,0.0013129546,-2.0274163e-05,0.0020059433,0.0036836055,-0.0020274164,DOWN,0.00286169917270908,278.94663415262903,171.04359792674757,0.2617426328648046,0.0025925259607583948,0.0016159422229975462,69.97989654541016
2026-07-04 04:00:00+00:00,bitcoin,62639.411779733375,62562.398255277425,0.0012039781,-2.6281496e-05,0.0018578579,0.0035551516,-0.0026281495,DOWN,0.002824280713792905,278.94663415262903,171.04359792674757,0.2617426328648046,0.0025925259607583948,0.0016159422229975462,69.97989654541016
2026-07-04 05:00:00+00:00,bitcoin,62412.41102253855,62639.425090649165,-0.0036304987,1.0882468e-07,0.00085588905,0.0032579955,1.0882468e-05,UP,0.0029266810193884414,278.94663415262903,171.04359792674757,0.2617426328648046,0.0025925259607583948,0.0016159422229975462,69.97989654541016
2026-07-04 06:00:00+00:00,bitcoin,62434.81985514052,62411.9972285314,0.00035900125,-6.650085e-06,0.00086476654,0.0028211456,-0.0006650085,DOWN,0.0027844757250852677,278.94663415262903,171.04359792674757,0.2617426328648046,0.0025925259607583948,0.0016159422229975462,69.97989654541016
2026-07-04 07:00:00+00:00,bitcoin,62511.622674799524,62430.269033834804,0.0012294644,-7.284951e-05,0.0014982242,0.0024971927,-0.0072849505,DOWN,0.0026854525832493586,278.94663415262903,171.04359792674757,0.2617426328648046,0.0025925259607583948,0.0016159422229975462,69.97989654541016
2026-07-04 08:00:00+00:00,bitcoin,62497.38074559346,62504.97057385114,-0.00022798356,-0.00010650987,0.0016140065,0.0023961826,-0.010650987,DOWN,0.002630149645079628,278.94663415262903,171.04359792674757,0.2617426328648046,0.0025925259607583948,0.0016159422229975462,69.97989654541016
2026-07-04 09:00:00+00:00,bitcoin,62429.04132175236,62488.57641444472,-0.0010940816,-0.0001408818,0.0015683536,0.002292942,-0.014088181,DOWN,0.0026462878490584887,278.94663415262903,171.04359792674757,0.2617426328648046,0.0025925259607583948,0.0016159422229975462,69.97989654541016
2026-07-04 10:00:00+00:00,bitcoin,62450.07793968078,62418.24798647873,0.00033695085,-0.00017279435,0.0020509919,0.002207943,-0.017279435,DOWN,0.002645939566904451,278.94663415262903,171.04359792674757,0.2617426328648046,0.0025925259607583948,0.0016159422229975462,69.97989654541016
2026-07-04 11:00:00+00:00,bitcoin,62428.52220044006,62437.076079673134,-0.00034527283,-0.00020817142,0.0020301347,0.002118839,-0.020817142,DOWN,0.002561091822338638,278.94663415262903,171.04359792674757,0.2617426328648046,0.0025925259607583948,0.0016159422229975462,69.97989654541016
2026-07-04 12:00:00+00:00,bitcoin,62604.67307869252,62411.9349017411,0.002817691,-0.0002657157,0.0027770079,0.0019728404,-0.02657157,DOWN,0.0025968852766371057,278.94663415262903,171.04359792674757,0.2617426328648046,0.0025925259607583948,0.0016159422229975462,69.97989654541016
2026-07-04 13:00:00+00:00,bitcoin,62538.00064227637,62584.461912699044,-0.0010655338,-0.00032279437,0.0029603315,0.0017811545,-0.032279436,DOWN,0.0026124032619157227,278.94663415262903,171.04359792674757,0.2617426328648046,0.0025925259607583948,0.0016159422229975462,69.97989654541016
2026-07-04 14:00:00+00:00,bitcoin,62644.81682395935,62516.01860654354,0.0017066293,-0.0003515471,0.0029599392,0.0015999525,-0.035154708,DOWN,0.002546839100612079,278.94663415262903,171.04359792674757,0.2617426328648046,0.0025925259607583948,0.0016159422229975462,69.97989654541016
2026-07-04 15:00:00+00:00,bitcoin,62881.22239873558,62623.044077869505,0.0037665286,-0.00034768644,0.0029560502,0.0014418941,-0.034768645,DOWN,0.0025971011538900145,278.94663415262903,171.04359792674757,0.2617426328648046,0.0025925259607583948,0.0016159422229975462,69.97989654541016
2026-07-04 16:00:00+00:00,bitcoin,62865.87813399173,62861.90149250999,-0.0002439793,-0.00030717405,0.0028838404,0.0013729067,-0.030717405,DOWN,0.0025531445403402632,278.94663415262903,171.04359792674757,0.2617426328648046,0.0025925259607583948,0.0016159422229975462,69.97989654541016
2026-07-04 17:00:00+00:00,bitcoin,63221.148797920905,62849.97622072231,0.0056353216,-0.0002529749,0.0016628674,0.0013670125,-0.025297489,DOWN,0.0027115385201301272,278.94663415262903,171.04359792674757,0.2617426328648046,0.0025925259607583948,0.0016159422229975462,69.97989654541016
2026-07-04 18:00:00+00:00,bitcoin,63113.35318874102,63209.83231039299,-0.0017065314,-0.00017892737,0.0015019953,0.0015283242,-0.017892737,DOWN,0.0027350280807528315,278.94663415262903,171.04359792674757,0.2617426328648046,0.0025925259607583948,0.0016159422229975462,69.97989654541016
2026-07-04 19:00:00+00:00,bitcoin,63238.1772327153,63106.550139687955,0.001975887,-0.00010775419,0.0012580005,0.001788983,-0.010775419,DOWN,0.0027275814619820127,278.94663415262903,171.04359792674757,0.2617426328648046,0.0025925259607583948,0.0016159422229975462,69.97989654541016
2026-07-04 20:00:00+00:00,bitcoin,63180.56233223062,63233.38892088039,-0.00091159105,-7.5842865e-05,0.0012840711,0.0020448798,-0.0075842864,DOWN,0.002741952052765791,278.94663415262903,171.04359792674757,0.2617426328648046,0.0025925259607583948,0.0016159422229975462,69.97989654541016
2026-07-04 21:00:00+00:00,bitcoin,63237.71673717117,63176.51029989193,0.0009043021,-6.410563e-05,0.00089547393,0.0022696352,-0.0064105634,DOWN,0.0026140272402315886,278.94663415262903,171.04359792674757,0.2617426328648046,0.0025925259607583948,0.0016159422229975462,69.97989654541016
2026-07-04 22:00:00+00:00,bitcoin,63127.67892210558,63233.78740998171,-0.0017416016,-6.220676e-05,0.0016388098,0.0024095355,-0.006220676,DOWN,0.0026198312475997428,278.94663415262903,171.04359792674757,0.2617426328648046,0.0025925259607583948,0.0016159422229975462,69.97989654541016
2026-07-04 23:00:00+00:00,bitcoin,63083.89311358193,63123.25474886224,-0.0006938993,-7.009675e-05,0.0019576845,0.0023939614,-0.007009675,DOWN,0.0026231824283126687,278.94663415262903,171.04359792674757,0.2617426328648046,0.0025925259607583948,0.0016159422229975462,69.97989654541016
2026-07-05 00:00:00+00:00,bitcoin,62930.54651668854,63077.71279237885,-0.002433688,-9.799955e-05,0.0018292848,0.0022965793,-0.009799955,DOWN,0.0026772787950022424,278.94663415262903,171.04359792674757,0.2617426328648046,0.0025925259607583948,0.0016159422229975462,69.97989654541016
2026-07-05 01:00:00+00:00,bitcoin,62831.67565687932,62921.852320953505,-0.0015723498,-0.00013818727,0.0018696609,0.002067433,-0.013818727,DOWN,0.0027011282541231116,278.94663415262903,171.04359792674757,0.2617426328648046,0.0025925259607583948,0.0016159422229975462,69.97989654541016
2026-07-05 02:00:00+00:00,bitcoin,62639.981303920504,62820.59431005269,-0.00305566,-0.00017637752,0.00188826,0.0018321623,-0.017637752,DOWN,0.002217189599101308,278.94663415262903,171.04359792674757,0.2617426328648046,0.0025925259607583948,0.0016159422229975462,69.97989654541016
2026-07-05 03:00:00+00:00,bitcoin,62711.210734092165,62626.7148679134,0.0011364947,-0.00021180371,0.0022105796,0.0016284806,-0.02118037,DOWN,0.002223272778287712,278.94663415262903,171.04359792674757,0.2617426328648046,0.0025925259607583948,0.0016159422229975462,69.97989654541016
2026-07-05 04:00:00+00:00,bitcoin,62776.429458167404,62696.67058643419,0.001039445,-0.00023190661,0.0031063799,0.0014942074,-0.02319066,DOWN,0.002178198433992894,278.94663415262903,171.04359792674757,0.2617426328648046,0.0025925259607583948,0.0016159422229975462,69.97989654541016
2026-07-05 05:00:00+00:00,bitcoin,62679.01278907573,62762.42425439833,-0.0015530293,-0.00022313705,0.0032686489,0.0014205134,-0.022313705,DOWN,0.002197417783613976,278.94663415262903,171.04359792674757,0.2617426328648046,0.0025925259607583948,0.0016159422229975462,69.97989654541016
2026-07-05 06:00:00+00:00,bitcoin,62722.06492442172,62666.14880768373,0.0006865472,-0.00020527949,0.0033611895,0.0013831883,-0.02052795,DOWN,0.002162673441041398,278.94663415262903,171.04359792674757,0.2617426328648046,0.0025925259607583948,0.0016159422229975462,69.97989654541016
2026-07-05 07:00:00+00:00,bitcoin,62958.44559412496,62711.022464932874,0.0037616508,-0.00017594076,0.0028295862,0.001378014,-0.017594077,DOWN,0.0020822080942880144,278.94663415262903,171.04359792674757,0.2617426328648046,0.0025925259607583948,0.0016159422229975462,69.97989654541016
2026-07-05 08:00:00+00:00,bitcoin,62858.347892068094,62950.62095547374,-0.0015910415,-0.00012421922,0.002868055,0.0014384132,-0.012421923,DOWN,0.0021017385737375875,278.94663415262903,171.04359792674757,0.2617426328648046,0.0025925259607583948,0.0016159422229975462,69.97989654541016
2026-07-05 09:00:00+00:00,bitcoin,62569.49985599145,62856.658076828346,-0.0046058684,-2.6969932e-05,0.0016347336,0.001597024,-0.0026969933,DOWN,0.002264568777030162,278.94663415262903,171.04359792674757,0.2617426328648046,0.0025925259607583948,0.0016159422229975462,69.97989654541016
2026-07-05 10:00:00+00:00,bitcoin,62700.78349417448,62575.16127902269,0.0020960933,9.047691e-05,0.0015374373,0.0019298237,0.009047691,UP,0.002286656610896181,278.94663415262903,171.04359792674757,0.2617426328648046,0.0025925259607583948,0.0016159422229975462,69.97989654541016
2026-07-05 11:00:00+00:00,bitcoin,62575.60212259134,62711.9111430794,-0.0019985815,0.00017738812,0.0014876259,0.0024112158,0.017738812,UP,0.0022150425235663604,278.94663415262903,171.04359792674757,0.2617426328648046,0.0025925259607583948,0.0016159422229975462,69.97989654541016
2026-07-05 12:00:00+00:00,bitcoin,62692.41878896579,62585.88088166155,0.0018651264,0.00016419271,0.0010756154,0.002909357,0.016419271,UP,0.0022383554765284188,278.94663415262903,171.04359792674757,0.2617426328648046,0.0025925259607583948,0.0016159422229975462,69.97989654541016
2026-07-05 13:00:00+00:00,bitcoin,62738.81000787951,62697.496394449845,0.0007396359,8.096133e-05,0.0018905853,0.0033725097,0.008096132,UP,0.002231898858435712,278.94663415262903,171.04359792674757,0.2617426328648046,0.0025925259607583948,0.0016159422229975462,69.97989654541016
2026-07-05 14:00:00+00:00,bitcoin,62758.87488167966,62741.942315197084,0.00031972703,4.998526e-05,0.0019183863,0.0036122927,0.004998526,UP,0.0022311662885459694,278.94663415262903,171.04359792674757,0.2617426328648046,0.0025925259607583948,0.0016159422229975462,69.97989654541016
2026-07-05 15:00:00+00:00,bitcoin,62686.16645559203,62760.2177530285,-0.001159061,2.14119e-05,0.0018658588,0.0036737963,0.00214119,UP,0.0022324363338220438,278.94663415262903,171.04359792674757,0.2617426328648046,0.0025925259607583948,0.0016159422229975462,69.97989654541016
2026-07-05 16:00:00+00:00,bitcoin,62571.00148189813,62685.89911874849,-0.0018389671,-4.3512337e-06,0.002855863,0.0036911662,-0.00043512337,DOWN,0.0022609132264706697,278.94663415262903,171.04359792674757,0.2617426328648046,0.0025925259607583948,0.0016159422229975462,69.97989654541016
2026-07-05 17:00:00+00:00,bitcoin,62571.40278840065,62569.72823292017,6.367746e-06,-2.0288264e-05,0.004635492,0.003680998,-0.0020288264,DOWN,0.0022596139426029967,278.94663415262903,171.04359792674757,0.2617426328648046,0.0025925259607583948,0.0016159422229975462,69.97989654541016
2026-07-05 18:00:00+00:00,bitcoin,62764.58891910687,62568.64230302302,0.0030827785,-4.408409e-05,0.0051757176,0.0036134848,-0.004408409,DOWN,0.0022712346213590337,278.94663415262903,171.04359792674757,0.2617426328648046,0.0025925259607583948,0.0016159422229975462,69.97989654541016
2026-07-05 19:00:00+00:00,bitcoin,62716.70800296008,62760.95353237819,-0.0007631242,-5.7947e-05,0.0048792865,0.0035536466,-0.0057947,DOWN,0.0022666131406698475,278.94663415262903,171.04359792674757,0.2617426328648046,0.0025925259607583948,0.0016159422229975462,69.97989654541016
2026-07-05 20:00:00+00:00,bitcoin,62673.92715521576,62712.602647702675,-0.0006823675,-6.547447e-05,0.00539388,0.0035074737,-0.0065474473,DOWN,0.0022499994067141584,278.94663415262903,171.04359792674757,0.2617426328648046,0.0025925259607583948,0.0016159422229975462,69.97989654541016
2026-07-05 21:00:00+00:00,bitcoin,63034.921196545474,62669.76816525031,0.0057433215,-6.6394416e-05,0.005385841,0.003453843,-0.0066394415,DOWN,0.002389237563893604,278.94663415262903,171.04359792674757,0.2617426328648046,0.0025925259607583948,0.0016159422229975462,69.97989654541016
2026-07-05 22:00:00+00:00,bitcoin,63682.07257529721,63030.86788411718,0.010214163,-6.434372e-05,0.0018692081,0.003507577,-0.006434372,DOWN,0.0030253862386745525,278.94663415262903,171.04359792674757,0.2617426328648046,0.0025925259607583948,0.0016159422229975462,69.97989654541016
2026-07-05 23:00:00+00:00,bitcoin,63583.521328477655,63679.808047180995,-0.0015487423,-3.5499514e-05,0.0019184989,0.0037982115,-0.0035499514,DOWN,0.002879310949647648,278.94663415262903,171.04359792674757,0.2617426328648046,0.0025925259607583948,0.0016159422229975462,69.97989654541016
2026-07-06 00:00:00+00:00,bitcoin,63697.481015223544,63581.86714658048,0.0017906989,-2.5963609e-05,0.0009863172,0.0037943502,-0.0025963609,DOWN,0.002870535133576836,278.94663415262903,171.04359792674757,0.2617426328648046,0.0025925259607583948,0.0016159422229975462,69.97989654541016
2026-07-06 01:00:00+00:00,bitcoin,63510.627566500334,63694.98226272175,-0.0029377323,-3.929156e-05,0.0008588752,0.0036787712,-0.003929156,DOWN,0.0029119500071709188,278.94663415262903,171.04359792674757,0.2617426328648046,0.0025925259607583948,0.0016159422229975462,69.97989654541016
2026-07-06 02:00:00+00:00,bitcoin,63388.3222667377,63507.4566333876,-0.0019276539,-4.9933864e-05,0.001804726,0.0035773006,-0.0049933866,DOWN,0.0029305017648969013,278.94663415262903,171.04359792674757,0.2617426328648046,0.0025925259607583948,0.0016159422229975462,69.97989654541016
2026-07-06 03:00:00+00:00,bitcoin,63232.33952189796,63385.03324516583,-0.0024637457,-5.1881892e-05,0.0019223964,0.0035001193,-0.0051881894,DOWN,0.0029634027422898532,278.94663415262903,171.04359792674757,0.2617426328648046,0.0025925259607583948,0.0016159422229975462,69.97989654541016
2026-07-06 04:00:00+00:00,bitcoin,63206.76004013303,63229.25684988545,-0.000404592,-4.8814363e-05,0.0021215647,0.0034481166,-0.0048814365,DOWN,0.002946321256590111,278.94663415262903,171.04359792674757,0.2617426328648046,0.0025925259607583948,0.0016159422229975462,69.97989654541016
2026-07-06 05:00:00+00:00,bitcoin,63048.43980440684,63203.90224956605,-0.0025079423,-4.5289788e-05,0.002852931,0.0034014008,-0.004528979,DOWN,0.002980356952931106,278.94663415262903,171.04359792674757,0.2617426328648046,0.0025925259607583948,0.0016159422229975462,69.97989654541016
2026-07-06 06:00:00+00:00,bitcoin,62917.979374178685,63046.02126715984,-0.0020713613,-3.8452752e-05,0.0034855197,0.0032413658,-0.0038452751,DOWN,0.0029709664769777423,278.94663415262903,171.04359792674757,0.2617426328648046,0.0025925259607583948,0.0016159422229975462,69.97989654541016
2026-07-06 07:00:00+00:00,bitcoin,63024.26874699863,62916.83665656787,0.001687902,-1.8162993e-05,0.005132096,0.003089404,-0.0018162993,DOWN,0.00297123784139936,278.94663415262903,171.04359792674757,0.2617426328648046,0.0025925259607583948,0.0016159422229975462,69.97989654541016
2026-07-06 08:00:00+00:00,bitcoin,62833.377235382795,63023.450605704915,-0.0030334392,-1.30041335e-05,0.0055343737,0.0029534765,-0.0013004134,DOWN,0.0029704287539932374,278.94663415262903,171.04359792674757,0.2617426328648046,0.0025925259607583948,0.0016159422229975462,69.97989654541016
2026-07-06 09:00:00+00:00,bitcoin,62597.65845844988,62830.34907081514,-0.0037585436,-4.824969e-05,0.006621397,0.0028726165,-0.004824969,DOWN,0.003045121761916466,278.94663415262903,171.04359792674757,0.2617426328648046,0.0025925259607583948,0.0016159422229975462,69.97989654541016
2026-07-06 10:00:00+00:00,bitcoin,62756.26969750179,62594.11933162878,0.0025305862,-5.6563687e-05,0.013513338,0.0030123517,-0.0056563686,DOWN,0.0030757197122994553,278.94663415262903,171.04359792674757,0.2617426328648046,0.0025925259607583948,0.0016159422229975462,69.97989654541016
2026-07-06 11:00:00+00:00,bitcoin,62421.8480443256,62753.74839033699,-0.0053430866,-4.020425e-05,0.012824577,0.0032822022,-0.004020425,DOWN,0.0032153076496026804,278.94663415262903,171.04359792674757,0.2617426328648046,0.0025925259607583948,0.0016159422229975462,69.97989654541016
2026-07-06 12:00:00+00:00,bitcoin,61691.81141862366,62420.06193836918,-0.0117642395,-2.8678276e-05,0.010403413,0.003897643,-0.0028678277,DOWN,0.0038405097932824954,278.94663415262903,171.04359792674757,0.2617426328648046,0.0025925259607583948,0.0016159422229975462,69.97989654541016
2026-07-06 13:00:00+00:00,bitcoin,61710.3633328774,61692.45576657727,0.00030065567,1.04812825e-05,0.01022306,0.0049752966,0.0010481282,UP,0.003757491109588054,278.94663415262903,171.04359792674757,0.2617426328648046,0.0025925259607583948,0.0016159422229975462,69.97989654541016
2026-07-06 14:00:00+00:00,bitcoin,61992.48651604541,61715.81785948947,0.0045614047,8.841634e-05,0.010541043,0.0054100435,0.008841634,UP,0.0038716038292734593,278.94663415262903,171.04359792674757,0.2617426328648046,0.0025925259607583948,0.0016159422229975462,69.97989654541016
2026-07-06 15:00:00+00:00,bitcoin,63489.82943881815,61997.1735922778,0.023866484,7.5492026e-05,0.0021056146,0.005262249,0.0075492025,UP,0.005859210089592804,278.94663415262903,171.04359792674757,0.2617426328648046,0.0025925259607583948,0.0016159422229975462,69.97989654541016
2026-07-06 16:00:00+00:00,bitcoin,63691.22796707228,63491.84136656299,0.0031671778,3.176178e-05,0.004721985,0.0049836114,0.003176178,UP,0.005872556067754109,278.94663415262903,171.04359792674757,0.2617426328648046,0.0025925259607583948,0.0016159422229975462,69.97989654541016
2026-07-06 17:00:00+00:00,bitcoin,63536.15948544815,63688.79324853653,-0.0024376886,-3.8274433e-05,0.005082323,0.0044835694,-0.0038274433,DOWN,0.00587962005460242,278.94663415262903,171.04359792674757,0.2617426328648046,0.0025925259607583948,0.0016159422229975462,69.97989654541016
2026-07-06 18:00:00+00:00,bitcoin,63649.99888696056,63529.305595285725,0.0017901299,-0.00010788456,0.0055861752,0.0039245826,-0.010788456,DOWN,0.00587904451857382,278.94663415262903,171.04359792674757,0.2617426328648046,0.0025925259607583948,0.0016159422229975462,69.97989654541016
2026-07-06 19:00:00+00:00,bitcoin,63681.89857006073,63645.1287150383,0.00050102826,-7.658356e-05,0.005598436,0.003466093,-0.007658356,DOWN,0.005878900940612086,278.94663415262903,171.04359792674757,0.2617426328648046,0.0025925259607583948,0.0016159422229975462,69.97989654541016
2026-07-06 20:00:00+00:00,bitcoin,63784.59589601308,63682.53612130508,0.0016114531,9.997367e-06,0.006420047,0.0030202062,0.0009997367,UP,0.005882166360134025,278.94663415262903,171.04359792674757,0.2617426328648046,0.0025925259607583948,0.0016159422229975462,69.97989654541016
2026-07-06 21:00:00+00:00,bitcoin,64440.0419710502,63790.86702533811,0.010223357,9.822079e-05,0.0038854163,0.0026795631,0.009822079,UP,0.006132300229195273,278.94663415262903,171.04359792674757,0.2617426328648046,0.0025925259607583948,0.0016159422229975462,69.97989654541016
2026-07-06 22:00:00+00:00,bitcoin,64197.62672273209,64447.56727674976,-0.0037688874,0.00011673089,0.003933354,0.0025678913,0.011673089,UP,0.006172272647042399,278.94663415262903,171.04359792674757,0.2617426328648046,0.0025925259607583948,0.0016159422229975462,69.97989654541016
2026-07-06 23:00:00+00:00,bitcoin,64001.84339090483,64203.78953400487,-0.0030544465,9.595403e-05,0.00402479,0.0024164692,0.0095954025,UP,0.006212179967488525,278.94663415262903,171.04359792674757,0.2617426328648046,0.0025925259607583948,0.0016159422229975462,69.97989654541016
2026-07-07 00:00:00+00:00,bitcoin,64153.79123334028,64005.196873847395,0.0023713245,5.2452626e-05,0.0034251697,0.002385216,0.0052452628,UP,0.006204372049702116,278.94663415262903,171.04359792674757,0.2617426328648046,0.0025925259607583948,0.0016159422229975462,69.97989654541016
2026-07-07 01:00:00+00:00,bitcoin,63796.44134190865,64155.11976710521,-0.005585743,2.0766915e-05,0.0042210217,0.0024479493,0.0020766915,UP,0.006306000228239137,278.94663415262903,171.04359792674757,0.2617426328648046,0.0025925259607583948,0.0016159422229975462,69.97989654541016
2026-07-07 02:00:00+00:00,bitcoin,63280.27373281913,63800.34283714788,-0.008123829,6.10798e-05,0.0027764041,0.0026448295,0.0061079804,UP,0.006499568934163331,278.94663415262903,171.04359792674757,0.2617426328648046,0.0025925259607583948,0.0016159422229975462,69.97989654541016
2026-07-07 03:00:00+00:00,bitcoin,63140.030310306465,63286.06301295757,-0.0022186046,9.1483606e-05,0.0026690937,0.00298878,0.00914836,UP,0.006433066981966256,278.94663415262903,171.04359792674757,0.2617426328648046,0.0025925259607583948,0.0016159422229975462,69.97989654541016
2026-07-07 04:00:00+00:00,bitcoin,63048.38021677546,63145.706516213715,-0.0014526271,8.980724e-05,0.0027806754,0.003287459,0.008980724,UP,0.0061421154230396095,278.94663415262903,171.04359792674757,0.2617426328648046,0.0025925259607583948,0.0016159422229975462,69.97989654541016
2026-07-07 05:00:00+00:00,bitcoin,63075.316079854965,63051.964015571866,0.00042722194,5.6785815e-05,0.002781084,0.0033034398,0.0056785815,UP,0.0061390344292563855,278.94663415262903,171.04359792674757,0.2617426328648046,0.0025925259607583948,0.0016159422229975462,69.97989654541016
2026-07-07 06:00:00+00:00,bitcoin,63284.99972322397,63077.46327427495,0.0033187615,3.3942422e-05,0.0024794305,0.003364384,0.0033942421,UP,0.006162928322472345,278.94663415262903,171.04359792674757,0.2617426328648046,0.0025925259607583948,0.0016159422229975462,69.97989654541016
2026-07-07 07:00:00+00:00,bitcoin,63035.458051264286,63287.361322045326,-0.0039508943,3.7259255e-05,0.000887024,0.0036703383,0.0037259255,UP,0.006181109989459148,278.94663415262903,171.04359792674757,0.2617426328648046,0.0025925259607583948,0.0016159422229975462,69.97989654541016
2026-07-07 08:00:00+00:00,bitcoin,63045.740653820336,63037.62508830428,0.00016302738,3.4276443e-05,0.003863868,0.0039357306,0.0034276443,UP,0.006173131574731461,278.94663415262903,171.04359792674757,0.2617426328648046,0.0025925259607583948,0.0016159422229975462,69.97989654541016
2026-07-07 09:00:00+00:00,bitcoin,63187.89656777261,63047.21886187093,0.002252335,2.3510856e-05,0.0054991185,0.004213999,0.0023510857,UP,0.006172626624911403,278.94663415262903,171.04359792674757,0.2617426328648046,0.0025925259607583948,0.0016159422229975462,69.97989654541016
2026-07-07 10:00:00+00:00,bitcoin,63222.917422751896,63188.52364201192,0.0005541209,9.786442e-06,0.005882928,0.0044745333,0.0009786442,UP,0.006172969731620568,278.94663415262903,171.04359792674757,0.2617426328648046,0.0025925259607583948,0.0016159422229975462,69.97989654541016
2026-07-07 11:00:00+00:00,bitcoin,63345.590174250305,63223.2685659416,0.0019383653,5.4662473e-06,0.00590588,0.0047432454,0.0005466247,UP,0.006163448282521877,278.94663415262903,171.04359792674757,0.2617426328648046,0.0025925259607583948,0.0016159422229975462,69.97989654541016
2026-07-07 12:00:00+00:00,bitcoin,63418.30210835999,63344.75541595486,0.0011471871,-1.3192666e-05,0.0059120166,0.005003267,-0.0013192666,DOWN,0.0061510298375784134,278.94663415262903,171.04359792674757,0.2617426328648046,0.0025925259607583948,0.0016159422229975462,69.97989654541016
2026-07-07 13:00:00+00:00,bitcoin,62973.56190571678,63413.54172940948,-0.0070375423,-7.500083e-05,0.0062489603,0.0050539016,-0.007500083,DOWN,0.006286091006097812,278.94663415262903,171.04359792674757,0.2617426328648046,0.0025925259607583948,0.0016159422229975462,69.97989654541016
2026-07-07 14:00:00+00:00,bitcoin,63506.895766054746,62967.01246081665,0.008433603,-0.00010398838,0.0051791295,0.005111469,-0.010398838,DOWN,0.006444088095561585,278.94663415262903,171.04359792674757,0.2617426328648046,0.0025925259607583948,0.0016159422229975462,69.97989654541016
2026-07-07 15:00:00+00:00,bitcoin,63878.108267675154,63502.61347096972,0.005828189,-6.747291e-05,0.004362912,0.00516132,-0.006747291,DOWN,0.006470302145190833,278.94663415262903,171.04359792674757,0.2617426328648046,0.0025925259607583948,0.0016159422229975462,69.97989654541016
2026-07-07 16:00:00+00:00,bitcoin,63936.873280769214,63872.58859857358,0.000919481,-8.643461e-05,0.0044882474,0.004924043,-0.00864346,DOWN,0.006461191951560725,278.94663415262903,171.04359792674757,0.2617426328648046,0.0025925259607583948,0.0016159422229975462,69.97989654541016
2026-07-07 17:00:00+00:00,bitcoin,64135.99242083123,63928.948160946136,0.0031094386,-0.0001239063,0.004169284,0.0044970848,-0.01239063,DOWN,0.006375482628000684,278.94663415262903,171.04359792674757,0.2617426328648046,0.0025925259607583948,0.0016159422229975462,69.97989654541016
2026-07-07 18:00:00+00:00,bitcoin,63632.02818828123,64127.03145429236,-0.007888666,-0.00013966985,0.0027491045,0.004001661,-0.013966985,DOWN,0.00614801312833204,278.94663415262903,171.04359792674757,0.2617426328648046,0.0025925259607583948,0.0016159422229975462,69.97989654541016
2026-07-07 19:00:00+00:00,bitcoin,63752.01156595722,63625.2611651551,0.0018837602,-0.000106350635,0.0033496108,0.003678159,-0.010635063,DOWN,0.006148153994469632,278.94663415262903,171.04359792674757,0.2617426328648046,0.0025925259607583948,0.0016159422229975462,69.97989654541016
2026-07-07 20:00:00+00:00,bitcoin,63655.949841961265,63748.66779265925,-0.0015079514,-5.242166e-05,0.0051492625,0.0033983174,-0.005242166,DOWN,0.006130053682290939,278.94663415262903,171.04359792674757,0.2617426328648046,0.0025925259607583948,0.0016159422229975462,69.97989654541016
2026-07-07 21:00:00+00:00,bitcoin,63388.9103153965,63657.262008573394,-0.004203861,2.0608397e-05,0.0050217523,0.0030125529,0.0020608397,UP,0.004348016966471225,278.94663415262903,171.04359792674757,0.2617426328648046,0.0025925259607583948,0.0016159422229975462,69.97989654541016
2026-07-07 22:00:00+00:00,bitcoin,63505.06939589046,63392.63553389395,0.0018308227,5.8729733e-05,0.0047101453,0.002709147,0.0058729732,UP,0.00432064043880083,278.94663415262903,171.04359792674757,0.2617426328648046,0.0025925259607583948,0.0016159422229975462,69.97989654541016
2026-07-07 23:00:00+00:00,bitcoin,63325.01226891903,63508.34829323832,-0.0028393692,5.1533614e-05,0.0048788562,0.0025564267,0.0051533612,UP,0.004328753446488086,278.94663415262903,171.04359792674757,0.2617426328648046,0.0025925259607583948,0.0016159422229975462,69.97989654541016
2026-07-08 00:00:00+00:00,bitcoin,63571.74848461477,63325.23818663973,0.0038888084,3.560303e-06,0.0036993066,0.002507538,0.0003560303,UP,0.00437728395848881,278.94663415262903,171.04359792674757,0.2617426328648046,0.0025925259607583948,0.0016159422229975462,69.97989654541016
2026-07-08 01:00:00+00:00,bitcoin,62992.423557668924,63570.56777846813,-0.009154758,-1.85579e-05,0.0017318338,0.00253392,-0.0018557899,DOWN,0.004678496735456129,278.94663415262903,171.04359792674757,0.2617426328648046,0.0025925259607583948,0.0016159422229975462,69.97989654541016
2026-07-08 02:00:00+00:00,bitcoin,62936.365085924044,62992.767301965505,-0.0008903842,5.3398553e-06,0.0028077213,0.002711122,0.00053398556,UP,0.004664543154141232,278.94663415262903,171.04359792674757,0.2617426328648046,0.0025925259607583948,0.0016159422229975462,69.97989654541016
2026-07-08 03:00:00+00:00,bitcoin,62718.588945481926,62939.99813536368,-0.0034661547,5.778629e-05,0.006901197,0.0030514086,0.005778629,UP,0.004230857535261445,278.94663415262903,171.04359792674757,0.2617426328648046,0.0025925259607583948,0.0016159422229975462,69.97989654541016
2026-07-08 04:00:00+00:00,bitcoin,62748.15994916344,62722.051527392585,0.0004713649,5.521185e-05,0.0069413786,0.0032571089,0.005521185,UP,0.004202393662319196,278.94663415262903,171.04359792674757,0.2617426328648046,0.0025925259607583948,0.0016159422229975462,69.97989654541016
2026-07-08 05:00:00+00:00,bitcoin,62588.76535025006,62751.39158692211,-0.0025435206,5.144978e-05,0.007213061,0.0034759445,0.005144978,UP,0.004193809756839515,278.94663415262903,171.04359792674757,0.2617426328648046,0.0025925259607583948,0.0016159422229975462,69.97989654541016
2026-07-08 06:00:00+00:00,bitcoin,62605.90000744676,62592.1341638919,0.00027376116,5.3929725e-05,0.0073459954,0.0036500318,0.0053929724,UP,0.004157483129623901,278.94663415262903,171.04359792674757,0.2617426328648046,0.0025925259607583948,0.0016159422229975462,69.97989654541016
2026-07-08 07:00:00+00:00,bitcoin,62834.44415424485,62608.98074103054,0.0036438552,4.9203154e-05,0.006993809,0.003870591,0.0049203155,UP,0.004133854219233872,278.94663415262903,171.04359792674757,0.2617426328648046,0.0025925259607583948,0.0016159422229975462,69.97989654541016
2026-07-08 08:00:00+00:00,bitcoin,61950.216359057,62836.591165147256,-0.014172214,3.417037e-05,0.0031592532,0.0040840986,0.003417037,UP,0.0046274612027660585,278.94663415262903,171.04359792674757,0.2617426328648046,0.0025925259607583948,0.0016159422229975462,69.97989654541016
2026-07-08 09:00:00+00:00,bitcoin,62001.810650371015,61953.977736156434,0.0008324164,6.057116e-05,0.0031017114,0.0046657,0.006057116,UP,0.004626437374036927,278.94663415262903,171.04359792674757,0.2617426328648046,0.0025925259607583948,0.0016159422229975462,69.97989654541016
2026-07-08 10:00:00+00:00,bitcoin,62128.013189523015,62009.08152623847,0.0020334062,0.00011731266,0.0028713592,0.0050630355,0.011731266,UP,0.004647950339084597,278.94663415262903,171.04359792674757,0.2617426328648046,0.0025925259607583948,0.0016159422229975462,69.97989654541016
2026-07-08 11:00:00+00:00,bitcoin,62245.44499895722,62137.01029565791,0.0018883406,0.00014483555,0.0046025226,0.005329207,0.014483554,UP,0.004665432508286354,278.94663415262903,171.04359792674757,0.2617426328648046,0.0025925259607583948,0.0016159422229975462,69.97989654541016
2026-07-08 12:00:00+00:00,bitcoin,61895.98173597478,62254.85026403703,-0.0056300606,0.0001510584,0.0036739958,0.005524997,0.01510584,UP,0.004702623615067321,278.94663415262903,171.04359792674757,0.2617426328648046,0.0025925259607583948,0.0016159422229975462,69.97989654541016
2026-07-08 13:00:00+00:00,bitcoin,61871.64592557121,61904.65029538283,-0.00039318894,0.00014002089,0.0036543678,0.0056065684,0.014002088,UP,0.004663453245654522,278.94663415262903,171.04359792674757,0.2617426328648046,0.0025925259607583948,0.0016159422229975462,69.97989654541016
2026-07-08 14:00:00+00:00,bitcoin,61826.435548195615,61878.56682088785,-0.00073092524,0.00011179094,0.003555428,0.0054987306,0.011179094,UP,0.004661195812975911,278.94663415262903,171.04359792674757,0.2617426328648046,0.0025925259607583948,0.0016159422229975462,69.97989654541016
2026-07-08 15:00:00+00:00,bitcoin,61632.901376949856,61831.49005226651,-0.0031353338,8.1658574e-05,0.0034308431,0.005303024,0.008165858,UP,0.00464953973815658,278.94663415262903,171.04359792674757,0.2617426328648046,0.0025925259607583948,0.0016159422229975462,69.97989654541016
2026-07-08 16:00:00+00:00,bitcoin,62045.782477449626,61635.67568440549,0.006676852,4.4951128e-05,0.0018027235,0.005005121,0.0044951127,UP,0.004843467443264634,278.94663415262903,171.04359792674757,0.2617426328648046,0.0025925259607583948,0.0016159422229975462,69.97989654541016
2026-07-08 17:00:00+00:00,bitcoin,62041.98729520105,62047.20917791128,-6.125956e-05,2.2903841e-05,0.0020173234,0.0048192805,0.0022903841,UP,0.004820789430207543,278.94663415262903,171.04359792674757,0.2617426328648046,0.0025925259607583948,0.0016159422229975462,69.97989654541016
2026-07-08 18:00:00+00:00,bitcoin,62126.22850877326,62041.83296564175,0.0013569045,-2.493589e-06,0.002082507,0.0045877215,-0.00024935888,DOWN,0.004823688809785124,278.94663415262903,171.04359792674757,0.2617426328648046,0.0025925259607583948,0.0016159422229975462,69.97989654541016
2026-07-08 19:00:00+00:00,bitcoin,62229.07051519025,62124.99736578786,0.0016539685,-1.9782252e-05,0.002249692,0.004341534,-0.001978225,DOWN,0.004688660161686274,278.94663415262903,171.04359792674757,0.2617426328648046,0.0025925259607583948,0.0016159422229975462,69.97989654541016
2026-07-08 20:00:00+00:00,bitcoin,62059.55883083632,62227.27879709238,-0.0027277125,-2.8794415e-05,0.0025131078,0.0040399297,-0.0028794415,DOWN,0.004395937226812758,278.94663415262903,171.04359792674757,0.2617426328648046,0.0025925259607583948,0.0016159422229975462,69.97989654541016
2026-07-08 21:00:00+00:00,bitcoin,62132.09672784945,62059.055524589494,0.0011682423,-8.079145e-06,0.0023440775,0.0037996296,-0.00080791453,DOWN,0.004233601197817337,278.94663415262903,171.04359792674757,0.2617426328648046,0.0025925259607583948,0.0016159422229975462,69.97989654541016
2026-07-08 22:00:00+00:00,bitcoin,62283.354266882874,62132.2052566316,0.002431371,1.663167e-06,0.0026071484,0.0036781963,0.0001663167,UP,0.0042651421426698295,278.94663415262903,171.04359792674757,0.2617426328648046,0.0025925259607583948,0.0016159422229975462,69.97989654541016
2026-07-08 23:00:00+00:00,bitcoin,62237.69674959686,62282.2452741405,-0.000733247,-1.7736407e-05,0.004847185,0.0034927751,-0.0017736407,DOWN,0.0041987161638133135,278.94663415262903,171.04359792674757,0.2617426328648046,0.0025925259607583948,0.0016159422229975462,69.97989654541016
2026-07-09 00:00:00+00:00,bitcoin,62084.53494373895,62234.31601252034,-0.002464049,-5.4380565e-05,0.0045670536,0.0032965005,-0.005438057,DOWN,0.00400560942122478,278.94663415262903,171.04359792674757,0.2617426328648046,0.0025925259607583948,0.0016159422229975462,69.97989654541016
2026-07-09 01:00:00+00:00,bitcoin,61856.645431313664,62079.63545353152,-0.0036772778,-7.889642e-05,0.003811163,0.0032306814,-0.007889641,DOWN,0.004005004197192475,278.94663415262903,171.04359792674757,0.2617426328648046,0.0025925259607583948,0.0016159422229975462,69.97989654541016
2026-07-09 02:00:00+00:00,bitcoin,61723.52765342686,61851.73005479481,-0.002154346,-7.9515885e-05,0.0028749516,0.0032806436,-0.007951588,DOWN,0.004009561993486515,278.94663415262903,171.04359792674757,0.2617426328648046,0.0025925259607583948,0.0016159422229975462,69.97989654541016
2026-07-09 03:00:00+00:00,bitcoin,61913.986195907,61718.37695817463,0.003080896,-8.3491956e-05,0.0038562994,0.0033077397,-0.008349195,DOWN,0.0040309950963703265,278.94663415262903,171.04359792674757,0.2617426328648046,0.0025925259607583948,0.0016159422229975462,69.97989654541016
2026-07-09 04:00:00+00:00,bitcoin,62402.016418115236,61909.061648943694,0.007851377,-7.957568e-05,0.0027529453,0.0035138535,-0.007957567,DOWN,0.00430784020153165,278.94663415262903,171.04359792674757,0.2617426328648046,0.0025925259607583948,0.0016159422229975462,69.97989654541016
2026-07-09 05:00:00+00:00,bitcoin,62537.392250450794,62398.90969766537,0.002167114,-4.9770133e-05,0.0033052347,0.0040100333,-0.0049770135,DOWN,0.004314187469864953,278.94663415262903,171.04359792674757,0.2617426328648046,0.0025925259607583948,0.0016159422229975462,69.97989654541016
2026-07-09 06:00:00+00:00,bitcoin,62902.00161894411,62531.6092431033,0.0058133313,-9.2424285e-05,0.0015776454,0.0043082945,-0.0092424285,DOWN,0.0043944246287649594,278.94663415262903,171.04359792674757,0.2617426328648046,0.0025925259607583948,0.0016159422229975462,69.97989654541016
2026-07-09 07:00:00+00:00,bitcoin,62947.26096248627,62898.38947093487,0.00071930053,-5.7393132e-05,0.0016087578,0.0043371413,-0.005739313,DOWN,0.004072718492561613,278.94663415262903,171.04359792674757,0.2617426328648046,0.0025925259607583948,0.0016159422229975462,69.97989654541016
2026-07-09 08:00:00+00:00,bitcoin,62839.98973990674,62945.1568752632,-0.0017056334,-3.3412398e-05,0.0038330406,0.0042383242,-0.0033412399,DOWN,0.004081447760959188,278.94663415262903,171.04359792674757,0.2617426328648046,0.0025925259607583948,0.0016159422229975462,69.97989654541016
2026-07-09 09:00:00+00:00,bitcoin,62894.27635801723,62838.4938047335,0.00086361455,-2.3694773e-05,0.0038308569,0.0040114885,-0.0023694772,DOWN,0.0040326713656126095,278.94663415262903,171.04359792674757,0.2617426328648046,0.0025925259607583948,0.0016159422229975462,69.97989654541016
2026-07-09 10:00:00+00:00,bitcoin,62722.51913056895,62892.583047544584,-0.002734695,-2.7023116e-05,0.0037664024,0.003764359,-0.0027023116,DOWN,0.0040647876063594325,278.94663415262903,171.04359792674757,0.2617426328648046,0.0025925259607583948,0.0016159422229975462,69.97989654541016
2026-07-09 11:00:00+00:00,bitcoin,62718.97164398222,62719.663276379,-5.6612545e-05,-4.5534027e-05,0.004017308,0.00357521,-0.004553403,DOWN,0.004036577838467567,278.94663415262903,171.04359792674757,0.2617426328648046,0.0025925259607583948,0.0016159422229975462,69.97989654541016
2026-07-09 12:00:00+00:00,bitcoin,62551.00131220184,62715.72386927158,-0.0026817098,-5.1735333e-05,0.0049068527,0.0032762445,-0.005173533,DOWN,0.004067479810742002,278.94663415262903,171.04359792674757,0.2617426328648046,0.0025925259607583948,0.0016159422229975462,69.97989654541016
2026-07-09 13:00:00+00:00,bitcoin,62968.14794552326,62550.29534560442,0.006646794,-1.1283355e-05,0.0040715938,0.0030638701,-0.0011283355,DOWN,0.004196715850945977,278.94663415262903,171.04359792674757,0.2617426328648046,0.0025925259607583948,0.0016159422229975462,69.97989654541016
2026-07-09 14:00:00+00:00,bitcoin,62955.691586216446,62968.68889745325,-0.00019785024,8.586775e-06,0.0040511563,0.0027006397,0.0008586775,UP,0.003238514033373718,278.94663415262903,171.04359792674757,0.2617426328648046,0.0025925259607583948,0.0016159422229975462,69.97989654541016
2026-07-09 15:00:00+00:00,bitcoin,62805.81098352978,62952.63315817737,-0.002383605,-4.856602e-05,0.0036610586,0.002487214,-0.004856602,DOWN,0.0032814220921213904,278.94663415262903,171.04359792674757,0.2617426328648046,0.0025925259607583948,0.0016159422229975462,69.97989654541016
2026-07-09 16:00:00+00:00,bitcoin,62629.8969435913,62799.52697069524,-0.0028047878,-0.00010000867,0.0031021864,0.0023703,-0.010000867,DOWN,0.003318658912705139,278.94663415262903,171.04359792674757,0.2617426328648046,0.0025925259607583948,0.0016159422229975462,69.97989654541016
2026-07-09 17:00:00+00:00,bitcoin,63088.24767672736,62623.44029067177,0.0072917645,-0.000103169776,0.00093915185,0.0023573309,-0.010316977,DOWN,0.003549774512378702,278.94663415262903,171.04359792674757,0.2617426328648046,0.0025925259607583948,0.0016159422229975462,69.97989654541016
2026-07-09 18:00:00+00:00,bitcoin,63166.284839868546,63085.65159626305,0.001236218,-4.1105428e-05,0.00076432136,0.0025281438,-0.0041105426,DOWN,0.0033612614118233575,278.94663415262903,171.04359792674757,0.2617426328648046,0.0025925259607583948,0.0016159422229975462,69.97989654541016
2026-07-09 19:00:00+00:00,bitcoin,63188.306807186455,63170.42303713504,0.00034853548,6.535237e-05,0.0010966533,0.003065279,0.0065352367,UP,0.00335579760021096,278.94663415262903,171.04359792674757,0.2617426328648046,0.0025925259607583948,0.0016159422229975462,69.97989654541016
2026-07-09 20:00:00+00:00,bitcoin,63257.49583130283,63191.22372286627,0.0010944041,4.6137473e-05,0.0049320157,0.0033042384,0.0046137474,UP,0.0033453539507335072,278.94663415262903,171.04359792674757,0.2617426328648046,0.0025925259607583948,0.0016159422229975462,69.97989654541016
2026-07-09 21:00:00+00:00,bitcoin,63223.69045719504,63260.07144063711,-0.0005346027,4.0540188e-05,0.0048553,0.003438316,0.0040540188,UP,0.0032738365867753436,278.94663415262903,171.04359792674757,0.2617426328648046,0.0025925259607583948,0.0016159422229975462,69.97989654541016
2026-07-09 22:00:00+00:00,bitcoin,63169.76146652014,63225.99768275861,-0.000853362,3.641737e-05,0.004758603,0.0036532755,0.003641737,UP,0.003094395602178942,278.94663415262903,171.04359792674757,0.2617426328648046,0.0025925259607583948,0.0016159422229975462,69.97989654541016
2026-07-09 23:00:00+00:00,bitcoin,63175.25139669096,63171.77987195738,8.687769e-05,3.1896947e-05,0.0046276916,0.0038451778,0.0031896946,UP,0.0030934167021632185,278.94663415262903,171.04359792674757,0.2617426328648046,0.0025925259607583948,0.0016159422229975462,69.97989654541016
2026-07-10 00:00:00+00:00,bitcoin,63058.16435101628,63176.342006117105,-0.0018551328,1.7301705e-05,0.004067045,0.004100631,0.0017301706,UP,0.0031220089403088337,278.94663415262903,171.04359792674757,0.2617426328648046,0.0025925259607583948,0.0016159422229975462,69.97989654541016
2026-07-10 01:00:00+00:00,bitcoin,63699.98676567804,63059.02462487435,0.010126901,1.3634676e-05,0.0028002327,0.0042175152,0.0013634677,UP,0.003584238989039691,278.94663415262903,171.04359792674757,0.2617426328648046,0.0025925259607583948,0.0016159422229975462,69.97989654541016
2026-07-10 02:00:00+00:00,bitcoin,63911.25067114504,63701.841127054766,0.0033110236,2.9132314e-05,0.0024782913,0.0046030865,0.0029132315,UP,0.0035498070548527624,278.94663415262903,171.04359792674757,0.2617426328648046,0.0025925259607583948,0.0016159422229975462,69.97989654541016
2026-07-10 03:00:00+00:00,bitcoin,63899.989391863346,63916.01937800646,-0.00017622425,7.449532e-05,0.0030713156,0.004945831,0.007449532,UP,0.0035559143921161146,278.94663415262903,171.04359792674757,0.2617426328648046,0.0025925259607583948,0.0016159422229975462,69.97989654541016
2026-07-10 04:00:00+00:00,bitcoin,64004.02771663014,63905.41192146018,0.0016268917,8.483495e-05,0.0031121278,0.0050137206,0.008483496,UP,0.0035472818930712448,278.94663415262903,171.04359792674757,0.2617426328648046,0.0025925259607583948,0.0016159422229975462,69.97989654541016
2026-07-10 05:00:00+00:00,bitcoin,64076.225128136575,64007.58677179366,0.001127406,5.5464676e-05,0.0031336276,0.0047835824,0.0055464674,UP,0.0035337176017589127,278.94663415262903,171.04359792674757,0.2617426328648046,0.0025925259607583948,0.0016159422229975462,69.97989654541016
2026-07-10 06:00:00+00:00,bitcoin,63812.026837161975,64075.73014818481,-0.0041317255,-7.778506e-06,0.0016178151,0.0042874375,-0.0007778506,DOWN,0.003601854579828661,278.94663415262903,171.04359792674757,0.2617426328648046,0.0025925259607583948,0.0016159422229975462,69.97989654541016
2026-07-10 07:00:00+00:00,bitcoin,63932.71609732881,63808.26198798604,0.0018895107,-5.9036378e-05,0.0023835017,0.0035818734,-0.005903638,DOWN,0.003499014789407514,278.94663415262903,171.04359792674757,0.2617426328648046,0.0025925259607583948,0.0016159422229975462,69.97989654541016
2026-07-10 08:00:00+00:00,bitcoin,64201.539853066206,63931.49551947601,0.004195922,-1.9167946e-05,0.0020358183,0.0030125715,-0.0019167947,DOWN,0.003487312766274312,278.94663415262903,171.04359792674757,0.2617426328648046,0.0025925259607583948,0.0016159422229975462,69.97989654541016
2026-07-10 09:00:00+00:00,bitcoin,64341.841555368155,64202.67176863924,0.0021829337,1.7608154e-05,0.0045782677,0.0027142612,0.0017608154,UP,0.00347543705330247,278.94663415262903,171.04359792674757,0.2617426328648046,0.0025925259607583948,0.0016159422229975462,69.97989654541016
2026-07-10 10:00:00+00:00,bitcoin,64355.323958688416,64341.95489592524,0.00020949132,1.7606535e-06,0.0047139786,0.0025677553,0.00017606535,UP,0.0032483912173892483,278.94663415262903,171.04359792674757,0.2617426328648046,0.0025925259607583948,0.0016159422229975462,69.97989654541016
2026-07-10 11:00:00+00:00,bitcoin,64379.04136972502,64353.137699052226,0.00036849137,-3.394317e-05,0.0049245693,0.0024802443,-0.003394317,DOWN,0.0032433018425942622,278.94663415262903,171.04359792674757,0.2617426328648046,0.0025925259607583948,0.0016159422229975462,69.97989654541016
2026-07-10 12:00:00+00:00,bitcoin,64239.00484749628,64373.191032914445,-0.0021775968,-9.084167e-05,0.005237502,0.0023953796,-0.009084167,DOWN,0.0031580932963143436,278.94663415262903,171.04359792674757,0.2617426328648046,0.0025925259607583948,0.0016159422229975462,69.97989654541016
2026-07-10 13:00:00+00:00,bitcoin,64438.38070821762,64231.53739053011,0.0030988983,-0.000116227035,0.004700177,0.0023270014,-0.011622704,DOWN,0.0031882961146727016,278.94663415262903,171.04359792674757,0.2617426328648046,0.0025925259607583948,0.0016159422229975462,69.97989654541016
2026-07-10 14:00:00+00:00,bitcoin,63862.873276654864,64429.107150633354,-0.008971255,-0.00014388142,0.0028963175,0.0022503957,-0.014388142,DOWN,0.003625897253278407,278.94663415262903,171.04359792674757,0.2617426328648046,0.0025925259607583948,0.0016159422229975462,69.97989654541016
2026-07-10 15:00:00+00:00,bitcoin,63950.573400855064,63860.918347068364,0.0013723007,-3.061224e-05,0.0028405716,0.0025646305,-0.0030612238,DOWN,0.003628634589819223,278.94663415262903,171.04359792674757,0.2617426328648046,0.0025925259607583948,0.0016159422229975462,69.97989654541016
2026-07-10 16:00:00+00:00,bitcoin,64085.80361542385,63951.8281903388,0.0021123767,1.9657218e-05,0.003022115,0.002789724,0.0019657218,UP,0.0035845939866081806,278.94663415262903,171.04359792674757,0.2617426328648046,0.0025925259607583948,0.0016159422229975462,69.97989654541016
2026-07-10 17:00:00+00:00,bitcoin,63773.424245340284,64088.30657752231,-0.0048863045,3.9118233e-05,0.0016879594,0.0030315844,0.0039118235,UP,0.0037258708612847315,278.94663415262903,171.04359792674757,0.2617426328648046,0.0025925259607583948,0.0016159422229975462,69.97989654541016
2026-07-10 18:00:00+00:00,bitcoin,63760.315364442766,63775.0563876275,-0.00020546034,2.5666439e-05,0.0015702206,0.0032851177,0.002566644,UP,0.003678760458269959,278.94663415262903,171.04359792674757,0.2617426328648046,0.0025925259607583948,0.0016159422229975462,69.97989654541016
2026-07-10 19:00:00+00:00,bitcoin,63876.24805705622,63761.749267127365,0.0018165596,2.2382323e-05,0.0017235345,0.0035311219,0.0022382322,UP,0.0035074783767508103,278.94663415262903,171.04359792674757,0.2617426328648046,0.0025925259607583948,0.0016159422229975462,69.97989654541016
2026-07-10 20:00:00+00:00,bitcoin,63788.75014439225,63877.81861633062,-0.0013707753,2.4522102e-05,0.0018097422,0.0037856323,0.00245221,UP,0.003521824662287766,278.94663415262903,171.04359792674757,0.2617426328648046,0.0025925259607583948,0.0016159422229975462,69.97989654541016
2026-07-10 21:00:00+00:00,bitcoin,63970.3918017447,63790.17959177494,0.0028434873,2.2321108e-05,0.001644642,0.004155355,0.0022321108,UP,0.003506534969079745,278.94663415262903,171.04359792674757,0.2617426328648046,0.0025925259607583948,0.0016159422229975462,69.97989654541016
2026-07-10 22:00:00+00:00,bitcoin,64068.69564837776,63971.641266830266,0.0015356031,1.9591673e-05,0.001537546,0.0042302785,0.0019591672,UP,0.0034496448993945766,278.94663415262903,171.04359792674757,0.2617426328648046,0.0025925259607583948,0.0016159422229975462,69.97989654541016
2026-07-10 23:00:00+00:00,bitcoin,64128.49386479659,64070.1503597321,0.00093276723,2.260387e-05,0.0014704661,0.00441142,0.002260387,UP,0.003220621671108562,278.94663415262903,171.04359792674757,0.2617426328648046,0.0025925259607583948,0.0016159422229975462,69.97989654541016
2026-07-11 00:00:00+00:00,bitcoin,64076.691538292216,64131.46207403438,-0.00080803095,4.6272748e-05,0.0014091692,0.004669107,0.004627275,UP,0.003227217220776945,278.94663415262903,171.04359792674757,0.2617426328648046,0.0025925259607583948,0.0016159422229975462,69.97989654541016
2026-07-11 01:00:00+00:00,bitcoin,63970.46991268452,64079.807929288596,-0.001659118,4.8580558e-05,0.0009809379,0.004848445,0.0048580556,UP,0.0032507829086670264,278.94663415262903,171.04359792674757,0.2617426328648046,0.0025925259607583948,0.0016159422229975462,69.97989654541016
2026-07-11 02:00:00+00:00,bitcoin,64116.98466969654,63971.566875874996,0.0022876838,1.7074273e-05,0.00058372744,0.0049039503,0.0017074273,UP,0.0032666876154080126,278.94663415262903,171.04359792674757,0.2617426328648046,0.0025925259607583948,0.0016159422229975462,69.97989654541016
2026-07-11 03:00:00+00:00,bitcoin,64107.67852434749,64111.7638894117,-0.00014507008,-8.140732e-05,0.0009295626,0.004277591,-0.0081407325,DOWN,0.003263391999111832,278.94663415262903,171.04359792674757,0.2617426328648046,0.0025925259607583948,0.0016159422229975462,69.97989654541016
2026-07-11 04:00:00+00:00,bitcoin,64111.34795835614,64100.22087009251,5.709225e-05,-0.000116296695,0.0013160348,0.0039905296,-0.011629669,DOWN,0.0032549068008500054,278.94663415262903,171.04359792674757,0.2617426328648046,0.0025925259607583948,0.0016159422229975462,69.97989654541016
2026-07-11 05:00:00+00:00,bitcoin,64125.37942353403,64103.506109793205,0.00021895542,-0.00012220988,0.0013320469,0.003267439,-0.012220988,DOWN,0.003254420178383572,278.94663415262903,171.04359792674757,0.2617426328648046,0.0025925259607583948,0.0016159422229975462,69.97989654541016
2026-07-11 06:00:00+00:00,bitcoin,64169.578485111706,64113.92386146891,0.00068902504,-0.00017864081,0.0012859179,0.0027537344,-0.01786408,DOWN,0.003223906637630716,278.94663415262903,171.04359792674757,0.2617426328648046,0.0025925259607583948,0.0016159422229975462,69.97989654541016
2026-07-11 07:00:00+00:00,bitcoin,64111.59025776666,64155.90827225335,-0.000904081,-0.0002130653,0.0012026824,0.0024178384,-0.02130653,DOWN,0.002675308348097276,278.94663415262903,171.04359792674757,0.2617426328648046,0.0025925259607583948,0.0016159422229975462,69.97989654541016
2026-07-11 08:00:00+00:00,bitcoin,64216.86799598904,64095.956706878496,0.0016408095,-0.00024387712,0.00097603275,0.0021863272,-0.024387712,DOWN,0.0026254430417386432,278.94663415262903,171.04359792674757,0.2617426328648046,0.0025925259607583948,0.0016159422229975462,69.97989654541016
2026-07-11 09:00:00+00:00,bitcoin,64107.68046988896,64202.16536314832,-0.0017018011,-0.00022902577,0.0006592595,0.0019860733,-0.022902576,DOWN,0.0026468801399729775,278.94663415262903,171.04359792674757,0.2617426328648046,0.0025925259607583948,0.0016159422229975462,69.97989654541016
2026-07-11 10:00:00+00:00,bitcoin,64138.08048222028,64093.69058374548,0.00047406537,-0.00021826547,0.0016501202,0.0018150166,-0.021826547,DOWN,0.0026324246664555964,278.94663415262903,171.04359792674757,0.2617426328648046,0.0025925259607583948,0.0016159422229975462,69.97989654541016
2026-07-11 11:00:00+00:00,bitcoin,64145.272874297574,64124.476149441674,0.00011211753,-0.00021207132,0.0016526678,0.001671186,-0.021207131,DOWN,0.0026249094878472027,278.94663415262903,171.04359792674757,0.2617426328648046,0.0025925259607583948,0.0016159422229975462,69.97989654541016
2026-07-11 12:00:00+00:00,bitcoin,64141.4729387376,64131.83808160643,-5.9254467e-05,-0.0002093482,0.0019222825,0.0015267748,-0.02093482,DOWN,0.002504806710411382,278.94663415262903,171.04359792674757,0.2617426328648046,0.0025925259607583948,0.0016159422229975462,69.97989654541016
2026-07-11 13:00:00+00:00,bitcoin,64195.03079373762,64128.75684454478,0.0008347197,-0.00019815804,0.0019081546,0.0014107747,-0.019815804,DOWN,0.0024872075238010476,278.94663415262903,171.04359792674757,0.2617426328648046,0.0025925259607583948,0.0016159422229975462,69.97989654541016
2026-07-11 14:00:00+00:00,bitcoin,64297.66851224005,64183.82395276241,0.0015976104,-0.0001745355,0.0017722032,0.0013384239,-0.01745355,DOWN,0.002383688118130365,278.94663415262903,171.04359792674757,0.2617426328648046,0.0025925259607583948,0.0016159422229975462,69.97989654541016
2026-07-11 15:00:00+00:00,bitcoin,64120.168588962406,64288.59665733576,-0.002764415,-0.00014106621,0.0010928524,0.0013191788,-0.014106621,DOWN,0.002402065185877582,278.94663415262903,171.04359792674757,0.2617426328648046,0.0025925259607583948,0.0016159422229975462,69.97989654541016
2026-07-11 16:00:00+00:00,bitcoin,64132.71521974169,64113.449223141186,0.00019565834,-0.00010486439,0.0011898299,0.0013562385,-0.010486439,DOWN,0.0024020026084021475,278.94663415262903,171.04359792674757,0.2617426328648046,0.0025925259607583948,0.0016159422229975462,69.97989654541016
2026-07-11 17:00:00+00:00,bitcoin,64271.47941748053,64126.86633727513,0.0021613277,-9.121772e-05,0.0013711317,0.0013561667,-0.009121772,DOWN,0.002436515833808318,278.94663415262903,171.04359792674757,0.2617426328648046,0.0025925259607583948,0.0016159422229975462,69.97989654541016
2026-07-11 18:00:00+00:00,bitcoin,64281.98473831685,64266.34709120821,0.0001634777,-7.984939e-05,0.002815692,0.0013673834,-0.007984939,DOWN,0.0024034580306572066,278.94663415262903,171.04359792674757,0.2617426328648046,0.0025925259607583948,0.0016159422229975462,69.97989654541016
2026-07-11 19:00:00+00:00,bitcoin,64245.98362804181,64277.267866995186,-0.0005601893,-7.345285e-05,0.0028997322,0.0013765489,-0.0073452853,DOWN,0.002333702413624696,278.94663415262903,171.04359792674757,0.2617426328648046,0.0025925259607583948,0.0016159422229975462,69.97989654541016
2026-07-11 20:00:00+00:00,bitcoin,64337.11171538476,64241.79130344652,0.0014173108,-6.5379245e-05,0.003912245,0.0014008983,-0.0065379245,DOWN,0.0016465558486285505,278.94663415262903,171.04359792674757,0.2617426328648046,0.0025925259607583948,0.0016159422229975462,69.97989654541016
2026-07-11 21:00:00+00:00,bitcoin,64310.3808848653,64333.34361067973,-0.00041556146,-5.8481586e-05,0.0039068353,0.0014308764,-0.0058481586,DOWN,0.0016367594369481831,278.94663415262903,171.04359792674757,0.2617426328648046,0.0025925259607583948,0.0016159422229975462,69.97989654541016
2026-07-11 22:00:00+00:00,bitcoin,64158.08214471792,64306.60704011656,-0.0023710232,-5.8621154e-05,0.0040166206,0.0014517698,-0.0058621154,DOWN,0.0016593102023450068,278.94663415262903,171.04359792674757,0.2617426328648046,0.0025925259607583948,0.0016159422229975462,69.97989654541016
2026-07-11 23:00:00+00:00,bitcoin,63773.046657561325,64153.313272157684,-0.006019309,-7.427594e-05,0.0030851527,0.0014323524,-0.0074275937,DOWN,0.001782544421487694,278.94663415262903,171.04359792674757,0.2617426328648046,0.0025925259607583948,0.0016159422229975462,69.97989654541016
2026-07-12 00:00:00+00:00,bitcoin,63783.716864376795,63770.063061600085,0.0001672662,-4.681149e-05,0.0031277728,0.0015539634,-0.004681149,DOWN,0.0017823523654418047,278.94663415262903,171.04359792674757,0.2617426328648046,0.0025925259607583948,0.0016159422229975462,69.97989654541016
2026-07-12 01:00:00+00:00,bitcoin,64085.26278664917,63782.80251477845,0.004716445,-1.440429e-05,0.0023491944,0.0017263626,-0.001440429,DOWN,0.0019547336914517844,278.94663415262903,171.04359792674757,0.2617426328648046,0.0025925259607583948,0.0016159422229975462,69.97989654541016
2026-07-12 02:00:00+00:00,bitcoin,64031.23858067463,64087.0035380926,-0.0008433486,2.7074995e-05,0.0027592904,0.001979998,0.0027074995,UP,0.0019433065647409104,278.94663415262903,171.04359792674757,0.2617426328648046,0.0025925259607583948,0.0016159422229975462,69.97989654541016
2026-07-12 03:00:00+00:00,bitcoin,64179.358944278676,64034.154132488184,0.0023105915,4.5459994e-05,0.0025652298,0.0022349528,0.004545999,UP,0.001919833834185799,278.94663415262903,171.04359792674757,0.2617426328648046,0.0025925259607583948,0.0016159422229975462,69.97989654541016
2026-07-12 04:00:00+00:00,bitcoin,63962.06969051249,64183.72796800174,-0.0033913977,6.803298e-05,0.0021008619,0.0025001955,0.0068032984,UP,0.0020023108934510156,278.94663415262903,171.04359792674757,0.2617426328648046,0.0025925259607583948,0.0016159422229975462,69.97989654541016
2026-07-12 05:00:00+00:00,bitcoin,63925.68060629768,63968.04821290076,-0.0005691026,9.339214e-05,0.0022031628,0.0027331177,0.009339214,UP,0.0019955541642239748,278.94663415262903,171.04359792674757,0.2617426328648046,0.0025925259607583948,0.0016159422229975462,69.97989654541016
2026-07-12 06:00:00+00:00,bitcoin,63714.750903121196,63930.57207087986,-0.0033050638,7.6466036e-05,0.0017223294,0.0028629228,0.0076466035,UP,0.00207610635004855,278.94663415262903,171.04359792674757,0.2617426328648046,0.0025925259607583948,0.0016159422229975462,69.97989654541016
2026-07-12 07:00:00+00:00,bitcoin,63843.704532802105,63717.795751422644,0.0020218065,4.773753e-05,0.0015819302,0.0029834388,0.0047737528,UP,0.0020948804640861076,278.94663415262903,171.04359792674757,0.2617426328648046,0.0025925259607583948,0.0016159422229975462,69.97989654541016
2026-07-12 08:00:00+00:00,bitcoin,63940.0819090493,63845.74651373504,0.0015084688,3.1968488e-05,0.0014657617,0.003084464,0.0031968488,UP,0.002069319305363895,278.94663415262903,171.04359792674757,0.2617426328648046,0.0025925259607583948,0.0016159422229975462,69.97989654541016
2026-07-12 09:00:00+00:00,bitcoin,63915.20290792454,63942.037043580785,-0.00038917293,3.059287e-05,0.0018275691,0.0032826564,0.003059287,UP,0.0020700226715929895,278.94663415262903,171.04359792674757,0.2617426328648046,0.0025925259607583948,0.0016159422229975462,69.97989654541016
2026-07-12 10:00:00+00:00,bitcoin,63811.99980642577,63915.496370884124,-0.0016159321,4.5834663e-06,0.0014672877,0.0035964535,0.00045834662,UP,0.0020881212007261016,278.94663415262903,171.04359792674757,0.2617426328648046,0.0025925259607583948,0.0016159422229975462,69.97989654541016
2026-07-12 11:00:00+00:00,bitcoin,63966.54347038269,63811.13660740852,0.002418859,-1.3584167e-05,0.0012827072,0.0035615636,-0.0013584167,DOWN,0.002139775512493609,278.94663415262903,171.04359792674757,0.2617426328648046,0.0025925259607583948,0.0016159422229975462,69.97989654541016
2026-07-12 12:00:00+00:00,bitcoin,63982.16351873148,63964.97966703912,0.00024417747,-2.4423478e-05,0.0015813494,0.0035051147,-0.0024423478,DOWN,0.0021357941200927364,278.94663415262903,171.04359792674757,0.2617426328648046,0.0025925259607583948,0.0016159422229975462,69.97989654541016
2026-07-12 13:00:00+00:00,bitcoin,63980.527920928784,63980.55080273235,-2.545908e-05,-2.5125313e-05,0.0016336137,0.0035283247,-0.0025125314,DOWN,0.002130343659132486,278.94663415262903,171.04359792674757,0.2617426328648046,0.0025925259607583948,0.0016159422229975462,69.97989654541016
2026-07-12 14:00:00+00:00,bitcoin,64158.6386744678,63978.77320951782,0.0027799383,-2.7528573e-05,0.0011657588,0.003478173,-0.0027528573,DOWN,0.0021717047062176863,278.94663415262903,171.04359792674757,0.2617426328648046,0.0025925259607583948,0.0016159422229975462,69.97989654541016
2026-07-12 15:00:00+00:00,bitcoin,64136.52554829512,64156.797383261845,-0.0003448469,-2.871077e-05,0.0011828872,0.0034450581,-0.002871077,DOWN,0.002149698932570287,278.94663415262903,171.04359792674757,0.2617426328648046,0.0025925259607583948,0.0016159422229975462,69.97989654541016
2026-07-12 16:00:00+00:00,bitcoin,64131.78686218383,64134.25259041297,-7.375896e-05,-3.5402358e-05,0.0023168058,0.003471533,-0.0035402358,DOWN,0.0021480097148340984,278.94663415262903,171.04359792674757,0.2617426328648046,0.0025925259607583948,0.0016159422229975462,69.97989654541016
2026-07-12 17:00:00+00:00,bitcoin,64034.91411434347,64129.26235529361,-0.0015117644,-3.9350038e-05,0.0022798963,0.0035187344,-0.0039350037,DOWN,0.0021654233631650485,278.94663415262903,171.04359792674757,0.2617426328648046,0.0025925259607583948,0.0016159422229975462,69.97989654541016
2026-07-12 18:00:00+00:00,bitcoin,64109.192291108426,64032.39871627791,0.0011593394,-3.9293336e-05,0.0020784712,0.0035994125,-0.0039293338,DOWN,0.002176755630605404,278.94663415262903,171.04359792674757,0.2617426328648046,0.0025925259607583948,0.0016159422229975462,69.97989654541016
2026-07-12 19:00:00+00:00,bitcoin,64193.87696432741,64106.12679937435,0.0013199949,-4.7838315e-05,0.0031872457,0.0036291587,-0.0047838315,DOWN,0.002185084587522433,278.94663415262903,171.04359792674757,0.2617426328648046,0.0025925259607583948,0.0016159422229975462,69.97989654541016
2026-07-12 20:00:00+00:00,bitcoin,64161.75352704758,64189.14949769201,-0.00050050154,-7.355145e-05,0.0054063946,0.0036151856,-0.0073551447,DOWN,0.0021657000971363697,278.94663415262903,171.04359792674757,0.2617426328648046,0.0025925259607583948,0.0016159422229975462,69.97989654541016
2026-07-12 21:00:00+00:00,bitcoin,63883.78561811149,64153.76478159428,-0.0043417243,-0.00012450607,0.005337609,0.0034730204,-0.0124506075,DOWN,0.0022504294030314294,278.94663415262903,171.04359792674757,0.2617426328648046,0.0025925259607583948,0.0016159422229975462,69.97989654541016
2026-07-12 22:00:00+00:00,bitcoin,63846.05767173506,63873.64115825482,-0.0005906631,-0.00015875307,0.0061280527,0.0034627744,-0.015875308,DOWN,0.0022511959410732025,278.94663415262903,171.04359792674757,0.2617426328648046,0.0025925259607583948,0.0016159422229975462,69.97989654541016
2026-07-12 23:00:00+00:00,bitcoin,63740.31836938346,63834.988331291126,-0.001657517,-0.0001733718,0.006096794,0.0034224645,-0.017337179,DOWN,0.002223864495381204,278.94663415262903,171.04359792674757,0.2617426328648046,0.0025925259607583948,0.0016159422229975462,69.97989654541016
2026-07-13 00:00:00+00:00,bitcoin,64024.7830471443,63728.08302761754,0.004452881,-0.00019192255,0.005346267,0.0031921675,-0.019192254,DOWN,0.0023856836253823696,278.94663415262903,171.04359792674757,0.2617426328648046,0.0025925259607583948,0.0016159422229975462,69.97989654541016
2026-07-13 01:00:00+00:00,bitcoin,63368.76179952733,64012.66871263459,-0.010299193,-0.00018923053,0.0041705607,0.003026389,-0.018923054,DOWN,0.003017557341197227,278.94663415262903,171.04359792674757,0.2617426328648046,0.0025925259607583948,0.0016159422229975462,69.97989654541016
2026-07-13 02:00:00+00:00,bitcoin,63322.6398860605,63362.752396351425,-0.00072808564,-9.4844334e-05,0.0047533144,0.003215011,-0.009484434,DOWN,0.0029970148279526527,278.94663415262903,171.04359792674757,0.2617426328648046,0.0025925259607583948,0.0016159422229975462,69.97989654541016
2026-07-13 03:00:00+00:00,bitcoin,62758.57930079196,63317.594354479574,-0.008947665,-7.975972e-05,0.0023005614,0.0031781767,-0.007975971,DOWN,0.0033647791620166384,278.94663415262903,171.04359792674757,0.2617426328648046,0.0025925259607583948,0.0016159422229975462,69.97989654541016
2026-07-13 04:00:00+00:00,bitcoin,62624.4477462871,62755.828708474524,-0.0021395073,-4.374781e-05,0.0021137074,0.0031102141,-0.0043747807,DOWN,0.0033613491509874704,278.94663415262903,171.04359792674757,0.2617426328648046,0.0025925259607583948,0.0016159422229975462,69.97989654541016
2026-07-13 05:00:00+00:00,bitcoin,62749.86074381182,62624.5910616559,0.0020005726,2.2726977e-06,0.0030374157,0.002942739,0.00022726976,UP,0.003250137424290417,278.94663415262903,171.04359792674757,0.2617426328648046,0.0025925259607583948,0.0016159422229975462,69.97989654541016
2026-07-13 06:00:00+00:00,bitcoin,62744.48099173419,62752.44010132365,-8.5723485e-05,4.1091866e-05,0.0030401852,0.0028368803,0.0041091866,UP,0.0032485832147747546,278.94663415262903,171.04359792674757,0.2617426328648046,0.0025925259607583948,0.0016159422229975462,69.97989654541016
2026-07-13 07:00:00+00:00,bitcoin,62935.572481514886,62748.98326316383,0.003040896,7.171189e-05,0.0032117304,0.0027149525,0.007171189,UP,0.003168007843381822,278.94663415262903,171.04359792674757,0.2617426328648046,0.0025925259607583948,0.0016159422229975462,69.97989654541016
2026-07-13 08:00:00+00:00,bitcoin,63142.4968925463,62940.491955533624,0.0032825673,7.8214645e-05,0.0023465715,0.0027210633,0.007821465,UP,0.0032458298058875134,278.94663415262903,171.04359792674757,0.2617426328648046,0.0025925259607583948,0.0016159422229975462,69.97989654541016
2026-07-13 09:00:00+00:00,bitcoin,63040.563265532255,63146.18078738451,-0.0016157704,5.8300255e-05,0.0052361377,0.0026749647,0.0058300253,UP,0.0032090880388101236,278.94663415262903,171.04359792674757,0.2617426328648046,0.0025925259607583948,0.0016159422229975462,69.97989654541016
2026-07-13 10:00:00+00:00,bitcoin,62801.7913718652,63042.88825001288,-0.0037947448,3.6957914e-05,0.0050967564,0.0026605506,0.0036957914,UP,0.0032219673534341423,278.94663415262903,171.04359792674757,0.2617426328648046,0.0025925259607583948,0.0016159422229975462,69.97989654541016
2026-07-13 11:00:00+00:00,bitcoin,62842.980097224936,62802.650016515516,0.00065568043,1.3613802e-05,0.005417796,0.002640166,0.0013613802,UP,0.003230189978541133,278.94663415262903,171.04359792674757,0.2617426328648046,0.0025925259607583948,0.0016159422229975462,69.97989654541016
2026-07-13 12:00:00+00:00,bitcoin,62561.49983136146,62842.15640737396,-0.004489169,-1.3159504e-05,0.005636303,0.0025984892,-0.0013159504,DOWN,0.003271546195261448,278.94663415262903,171.04359792674757,0.2617426328648046,0.0025925259607583948,0.0016159422229975462,69.97989654541016
2026-07-13 13:00:00+00:00,bitcoin,62249.322991877794,62565.51981455088,-0.0050024563,6.418878e-05,0.005668017,0.0028688933,0.006418878,UP,0.003327450339454819,278.94663415262903,171.04359792674757,0.2617426328648046,0.0025925259607583948,0.0016159422229975462,69.97989654541016
2026-07-13 14:00:00+00:00,bitcoin,62713.05452501401,62253.92114479467,0.0074220803,7.385248e-05,0.004594517,0.0035595687,0.0073852483,UP,0.003634488954466498,278.94663415262903,171.04359792674757,0.2617426328648046,0.0025925259607583948,0.0016159422229975462,69.97989654541016
2026-07-13 15:00:00+00:00,bitcoin,62555.98453359795,62714.4790297905,-0.0025078536,2.2604167e-05,0.004566701,0.004206382,0.0022604167,UP,0.0036499590318332035,278.94663415262903,171.04359792674757,0.2617426328648046,0.0025925259607583948,0.0016159422229975462,69.97989654541016
2026-07-13 16:00:00+00:00,bitcoin,62204.80346390791,62557.94172654906,-0.005629664,3.1338193e-05,0.003996579,0.004306803,0.0031338194,UP,0.0037556469622849107,278.94663415262903,171.04359792674757,0.2617426328648046,0.0025925259607583948,0.0016159422229975462,69.97989654541016
2026-07-13 17:00:00+00:00,bitcoin,61828.999933672836,62208.523307084106,-0.00605967,5.984235e-05,0.002982574,0.0045140847,0.005984235,UP,0.0038192626984387425,278.94663415262903,171.04359792674757,0.2617426328648046,0.0025925259607583948,0.0016159422229975462,69.97989654541016
2026-07-13 18:00:00+00:00,bitcoin,61945.07206964493,61834.31419622898,0.0018755196,8.5983505e-05,0.004285645,0.0046968097,0.008598351,UP,0.0038509605481071335,278.94663415262903,171.04359792674757,0.2617426328648046,0.0025925259607583948,0.0016159422229975462,69.97989654541016
2026-07-13 19:00:00+00:00,bitcoin,62215.14837570302,61951.47261142265,0.0043504843,0.000103303486,0.004129428,0.0048734294,0.010330348,UP,0.003973299694786095,278.94663415262903,171.04359792674757,0.2617426328648046,0.0025925259607583948,0.0016159422229975462,69.97989654541016
2026-07-13 20:00:00+00:00,bitcoin,62140.99703430198,62221.771482414566,-0.0011925175,0.00010638785,0.0040409123,0.004972735,0.010638786,UP,0.0039111621493075465,278.94663415262903,171.04359792674757,0.2617426328648046,0.0025925259607583948,0.0016159422229975462,69.97989654541016
2026-07-13 21:00:00+00:00,bitcoin,61994.0036290288,62147.20031559467,-0.0023683903,9.96926e-05,0.0036468548,0.005010408,0.009969261,UP,0.0039158697686202835,278.94663415262903,171.04359792674757,0.2617426328648046,0.0025925259607583948,0.0016159422229975462,69.97989654541016
2026-07-13 22:00:00+00:00,bitcoin,61840.888578891754,61999.41706109047,-0.0024728,8.738185e-05,0.0030209161,0.004999635,0.008738185,UP,0.003918133833332892,278.94663415262903,171.04359792674757,0.2617426328648046,0.0025925259607583948,0.0016159422229975462,69.97989654541016
2026-07-13 23:00:00+00:00,bitcoin,62264.94330579415,61848.35109774023,0.0068337223,0.00012063082,0.001687788,0.0054732435,0.012063082,UP,0.004184375489638095,278.94663415262903,171.04359792674757,0.2617426328648046,0.0025925259607583948,0.0016159422229975462,69.97989654541016
2026-07-14 00:00:00+00:00,bitcoin,62480.99726610817,62269.394941907376,0.0034639814,7.1514216e-05,0.0012778044,0.005114514,0.0071514216,UP,0.004244890108064965,278.94663415262903,171.04359792674757,0.2617426328648046,0.0025925259607583948,0.0016159422229975462,69.97989654541016
2026-07-14 01:00:00+00:00,bitcoin,62459.46319538355,62481.789521455765,-0.0003447892,1.268509e-05,0.0016336885,0.004660461,0.001268509,UP,0.004226391185677441,278.94663415262903,171.04359792674757,0.2617426328648046,0.0025925259607583948,0.0016159422229975462,69.97989654541016
2026-07-14 02:00:00+00:00,bitcoin,62471.43370022625,62457.55854889518,0.00019160593,-3.0456273e-05,0.001766953,0.0043068156,-0.0030456274,DOWN,0.004230556040005887,278.94663415262903,171.04359792674757,0.2617426328648046,0.0025925259607583948,0.0016159422229975462,69.97989654541016
2026-07-14 03:00:00+00:00,bitcoin,62501.516273491085,62468.633273381274,0.0004815417,-4.4774788e-05,0.002135672,0.0039844047,-0.0044774786,DOWN,0.004186192898276979,278.94663415262903,171.04359792674757,0.2617426328648046,0.0025925259607583948,0.0016159422229975462,69.97989654541016
2026-07-14 04:00:00+00:00,bitcoin,62673.75879037427,62499.31410577521,0.0027520177,-3.5354504e-05,0.0017552661,0.003700372,-0.0035354504,DOWN,0.00423408201339542,278.94663415262903,171.04359792674757,0.2617426328648046,0.0025925259607583948,0.0016159422229975462,69.97989654541016
2026-07-14 05:00:00+00:00,bitcoin,62654.01135145384,62671.6959057909,-0.00031517356,-3.2892363e-05,0.0022469505,0.0034646322,-0.0032892362,DOWN,0.004229720830943079,278.94663415262903,171.04359792674757,0.2617426328648046,0.0025925259607583948,0.0016159422229975462,69.97989654541016
2026-07-14 06:00:00+00:00,bitcoin,62543.81870914786,62652.125811343314,-0.001760277,-3.0163e-05,0.0019526919,0.0032097404,-0.0030163,DOWN,0.004125997761167497,278.94663415262903,171.04359792674757,0.2617426328648046,0.0025925259607583948,0.0016159422229975462,69.97989654541016
2026-07-14 07:00:00+00:00,bitcoin,62467.633175389376,62540.204247373156,-0.001218951,-5.7788704e-05,0.0075125988,0.002993749,-0.0057788705,DOWN,0.0037204136458917083,278.94663415262903,171.04359792674757,0.2617426328648046,0.0025925259607583948,0.0016159422229975462,69.97989654541016
2026-07-14 08:00:00+00:00,bitcoin,62631.30784837715,62460.059313680744,0.0026168055,-0.000121175675,0.008002911,0.0027057647,-0.0121175675,DOWN,0.003762411018375549,278.94663415262903,171.04359792674757,0.2617426328648046,0.0025925259607583948,0.0016159422229975462,69.97989654541016
2026-07-14 09:00:00+00:00,bitcoin,62554.04800637625,62621.18438071571,-0.0012342947,-0.0001616477,0.0076068733,0.0024941047,-0.01616477,DOWN,0.003405052071883466,278.94663415262903,171.04359792674757,0.2617426328648046,0.0025925259607583948,0.0016159422229975462,69.97989654541016
2026-07-14 10:00:00+00:00,bitcoin,62725.599617269356,62543.39096551039,0.0027386872,-0.00017038423,0.00747479,0.0024091704,-0.017038424,DOWN,0.0034210492629266455,278.94663415262903,171.04359792674757,0.2617426328648046,0.0025925259607583948,0.0016159422229975462,69.97989654541016
2026-07-14 11:00:00+00:00,bitcoin,62769.76352629997,62715.63035038905,0.0007037736,-0.00015891452,0.007609507,0.0024115492,-0.015891453,DOWN,0.0034037874457148592,278.94663415262903,171.04359792674757,0.2617426328648046,0.0025925259607583948,0.0016159422229975462,69.97989654541016
2026-07-14 12:00:00+00:00,bitcoin,63884.787060617935,62760.56917425734,0.017607834,-0.00014646485,0.004516335,0.0024676253,-0.014646485,DOWN,0.0046989874871177185,278.94663415262903,171.04359792674757,0.2617426328648046,0.0025925259607583948,0.0016159422229975462,69.97989654541016
2026-07-14 13:00:00+00:00,bitcoin,63780.005192195065,63880.78703300329,-0.0016414447,-6.2658175e-05,0.004355761,0.0043419213,-0.0062658177,DOWN,0.004693150289108666,278.94663415262903,171.04359792674757,0.2617426328648046,0.0025925259607583948,0.0016159422229975462,69.97989654541016
2026-07-14 14:00:00+00:00,bitcoin,64249.18052281486,63776.932434946764,0.0073291105,-4.825343e-05,0.0033840497,0.004695995,-0.004825343,DOWN,0.004834471762997428,278.94663415262903,171.04359792674757,0.2617426328648046,0.0025925259607583948,0.0016159422229975462,69.97989654541016
2026-07-14 15:00:00+00:00,bitcoin,64688.94217850175,64248.78141434863,0.006821309,-6.2091012e-06,0.00068651815,0.004452231,-0.00062091014,DOWN,0.004946811308001303,278.94663415262903,171.04359792674757,0.2617426328648046,0.0025925259607583948,0.0016159422229975462,69.97989654541016
2026-07-14 16:00:00+00:00,bitcoin,64688.69078176073,64687.84637001995,-3.864656e-06,-1.6907476e-05,0.0012423594,0.004202433,-0.0016907476,DOWN,0.004871563346323368,278.94663415262903,171.04359792674757,0.2617426328648046,0.0025925259607583948,0.0016159422229975462,69.97989654541016
2026-07-14 17:00:00+00:00,bitcoin,64586.36375062284,64685.348474058555,-0.0015831677,-5.1625146e-05,0.0015091579,0.0038474612,-0.0051625147,DOWN,0.004894073478045057,278.94663415262903,171.04359792674757,0.2617426328648046,0.0025925259607583948,0.0016159422229975462,69.97989654541016
2026-07-14 18:00:00+00:00,bitcoin,64532.93782347161,64581.4279771829,-0.0008274204,-7.6298726e-05,0.0014254925,0.0035527165,-0.0076298728,DOWN,0.004799548668112604,278.94663415262903,171.04359792674757,0.2617426328648046,0.0025925259607583948,0.0016159422229975462,69.97989654541016
2026-07-14 19:00:00+00:00,bitcoin,64534.05688053416,64529.51805413654,1.7190685e-05,-5.307283e-05,0.0025575643,0.0033131337,-0.005307283,DOWN,0.004667666567826881,278.94663415262903,171.04359792674757,0.2617426328648046,0.0025925259607583948,0.0016159422229975462,69.97989654541016
2026-07-14 20:00:00+00:00,bitcoin,64521.449551680125,64533.68536097859,-0.00019528903,-5.7015723e-06,0.002905076,0.003047551,-0.00057015725,DOWN,0.004521826046274303,278.94663415262903,171.04359792674757,0.2617426328648046,0.0025925259607583948,0.0016159422229975462,69.97989654541016
2026-07-14 21:00:00+00:00,bitcoin,64634.838139102794,64523.9489744897,0.0017558673,3.870186e-05,0.003060697,0.002846889,0.003870186,UP,0.004476007554610489,278.94663415262903,171.04359792674757,0.2617426328648046,0.0025925259607583948,0.0016159422229975462,69.97989654541016
2026-07-14 22:00:00+00:00,bitcoin,64815.839721533004,64637.18989111809,0.0027964336,3.622917e-05,0.003610178,0.0027211618,0.0036229168,UP,0.004301006760698239,278.94663415262903,171.04359792674757,0.2617426328648046,0.0025925259607583948,0.0016159422229975462,69.97989654541016
2026-07-14 23:00:00+00:00,bitcoin,64988.66182920756,64817.23836743971,0.00266278,2.1518084e-05,0.0032280423,0.0027199516,0.0021518085,UP,0.004070519195603797,278.94663415262903,171.04359792674757,0.2617426328648046,0.0025925259607583948,0.0016159422229975462,69.97989654541016
2026-07-15 00:00:00+00:00,bitcoin,64774.4718800378,64990.03141985508,-0.0033012703,2.1034539e-05,0.0032550953,0.0027343614,0.002103454,UP,0.004169826184044255,278.94663415262903,171.04359792674757,0.2617426328648046,0.0025925259607583948,0.0016159422229975462,69.97989654541016
2026-07-15 01:00:00+00:00,bitcoin,64624.47437006608,64775.65017291531,-0.0023184125,1.81551e-05,0.003138845,0.002759951,0.00181551,UP,0.004189919737785147,278.94663415262903,171.04359792674757,0.2617426328648046,0.0025925259607583948,0.0016159422229975462,69.97989654541016
2026-07-15 02:00:00+00:00,bitcoin,64440.870906442404,64625.0003147535,-0.002845036,8.283804e-06,0.0035145388,0.0028086465,0.0008283804,UP,0.004233997638795894,278.94663415262903,171.04359792674757,0.2617426328648046,0.0025925259607583948,0.0016159422229975462,69.97989654541016
2026-07-15 03:00:00+00:00,bitcoin,64736.672278205864,64440.85188887385,0.004579763,-2.7767874e-07,0.0031522077,0.0028795847,-2.7767874e-05,DOWN,0.004221270123309766,278.94663415262903,171.04359792674757,0.2617426328648046,0.0025925259607583948,0.0016159422229975462,69.97989654541016
2026-07-15 04:00:00+00:00,bitcoin,64698.0742358705,64736.397913950495,-0.0005964637,-4.2093343e-06,0.003228064,0.0030508891,-0.00042093341,DOWN,0.004174845305929454,278.94663415262903,171.04359792674757,0.2617426328648046,0.0025925259607583948,0.0016159422229975462,69.97989654541016
2026-07-15 05:00:00+00:00,bitcoin,64882.964735937305,64696.99825957138,0.00285367,-1.6591812e-05,0.0027469147,0.0032544916,-0.0016591812,DOWN,0.004060671549017283,278.94663415262903,171.04359792674757,0.2617426328648046,0.0025925259607583948,0.0016159422229975462,69.97989654541016
2026-07-15 06:00:00+00:00,bitcoin,64772.715079817455,64881.32892599609,-0.0017005381,-2.5136194e-05,0.0028212923,0.0034624292,-0.0025136194,DOWN,0.004078634925674693,278.94663415262903,171.04359792674757,0.2617426328648046,0.0025925259607583948,0.0016159422229975462,69.97989654541016
2026-07-15 07:00:00+00:00,bitcoin,64504.35767744109,64771.58754881658,-0.004151699,-1.7477701e-05,0.0032244825,0.0037834558,-0.0017477701,DOWN,0.004186084589434414,278.94663415262903,171.04359792674757,0.2617426328648046,0.0025925259607583948,0.0016159422229975462,69.97989654541016
2026-07-15 08:00:00+00:00,bitcoin,64719.93503607251,64502.51004571561,0.0033363777,-2.8701406e-05,0.0032685096,0.0042050146,-0.0028701406,DOWN,0.00420243946737164,278.94663415262903,171.04359792674757,0.2617426328648046,0.0025925259607583948,0.0016159422229975462,69.97989654541016
2026-07-15 09:00:00+00:00,bitcoin,64615.5736645516,64717.788714827504,-0.0016136571,-3.3096032e-05,0.0031292762,0.004467476,-0.0033096033,DOWN,0.004231860427379501,278.94663415262903,171.04359792674757,0.2617426328648046,0.0025925259607583948,0.0016159422229975462,69.97989654541016
2026-07-15 10:00:00+00:00,bitcoin,64603.97003981657,64614.28405843675,-0.0001796845,-2.006731e-05,0.00301629,0.0047053816,-0.002006731,DOWN,0.004226619754776742,278.94663415262903,171.04359792674757,0.2617426328648046,0.0025925259607583948,0.0016159422229975462,69.97989654541016
2026-07-15 11:00:00+00:00,bitcoin,64676.900943763554,64603.0099265445,0.0011282365,-1.4841718e-05,0.0044281892,0.004840025,-0.0014841718,DOWN,0.004219104277441749,278.94663415262903,171.04359792674757,0.2617426328648046,0.0025925259607583948,0.0016159422229975462,69.97989654541016
2026-07-15 12:00:00+00:00,bitcoin,65106.411970395595,64675.96937200287,0.006618929,-1.4400846e-05,0.0032349746,0.004937565,-0.0014400847,DOWN,0.004302901660835309,278.94663415262903,171.04359792674757,0.2617426328648046,0.0025925259607583948,0.0016159422229975462,69.97989654541016
2026-07-15 13:00:00+00:00,bitcoin,65060.04033571738,65105.02864682581,-0.0007124891,-2.1171045e-05,0.0034539108,0.004918416,-0.0021171046,DOWN,0.004293476295545033,278.94663415262903,171.04359792674757,0.2617426328648046,0.0025925259607583948,0.0016159422229975462,69.97989654541016
2026-07-15 14:00:00+00:00,bitcoin,65339.494644105434,65056.96002536919,0.004286232,-4.734604e-05,0.0026158916,0.004630552,-0.0047346037,DOWN,0.004321166560733189,278.94663415262903,171.04359792674757,0.2617426328648046,0.0025925259607583948,0.0016159422229975462,69.97989654541016
2026-07-15 15:00:00+00:00,bitcoin,65369.9864410162,65334.38647201657,0.00046638495,-7.8274454e-05,0.0025471742,0.00412548,-0.007827445,DOWN,0.004296229700678365,278.94663415262903,171.04359792674757,0.2617426328648046,0.0025925259607583948,0.0016159422229975462,69.97989654541016
2026-07-15 16:00:00+00:00,bitcoin,65060.489137255354,65364.97754961718,-0.004745713,-7.65588e-05,0.0018420937,0.0035640916,-0.00765588,DOWN,0.0044349620455768615,278.94663415262903,171.04359792674757,0.2617426328648046,0.0025925259607583948,0.0016159422229975462,69.97989654541016
2026-07-15 17:00:00+00:00,bitcoin,65005.03032905399,65057.77374614496,-0.0008527553,-4.1681422e-05,0.0019249453,0.0030933518,-0.004168142,DOWN,0.0044503850316877595,278.94663415262903,171.04359792674757,0.2617426328648046,0.0025925259607583948,0.0016159422229975462,69.97989654541016
2026-07-15 18:00:00+00:00,bitcoin,64812.676643824205,65006.10064009577,-0.0029634123,1.6467853e-05,0.001580866,0.002754358,0.0016467853,UP,0.0032271762811917205,278.94663415262903,171.04359792674757,0.2617426328648046,0.0025925259607583948,0.0016159422229975462,69.97989654541016
2026-07-15 19:00:00+00:00,bitcoin,64927.42257524002,64813.92361753341,0.001768801,1.9167197e-05,0.001365322,0.002611756,0.0019167197,UP,0.0032097279411448633,278.94663415262903,171.04359792674757,0.2617426328648046,0.0025925259607583948,0.0016159422229975462,69.97989654541016
2026-07-15 20:00:00+00:00,bitcoin,64927.94819172472,64926.171872778796,8.122017e-06,-1.92859e-05,0.002101498,0.0024934947,-0.00192859,DOWN,0.0029458756815980455,278.94663415262903,171.04359792674757,0.2617426328648046,0.0025925259607583948,0.0016159422229975462,69.97989654541016
2026-07-15 21:00:00+00:00,bitcoin,64792.97110242536,64922.44993830682,-0.0020810908,-8.470998e-05,0.0020170803,0.0023675244,-0.008470998,DOWN,0.00270894965982031,278.94663415262903,171.04359792674757,0.2617426328648046,0.0025925259607583948,0.0016159422229975462,69.97989654541016
2026-07-15 22:00:00+00:00,bitcoin,64821.02204114199,64781.9853303954,0.00043283572,-0.00016952254,0.0019362298,0.0021639194,-0.016952254,DOWN,0.0027097843501521232,278.94663415262903,171.04359792674757,0.2617426328648046,0.0025925259607583948,0.0016159422229975462,69.97989654541016
2026-07-15 23:00:00+00:00,bitcoin,64712.014829633525,64807.670676321955,-0.0016830893,-0.00020590895,0.0019082495,0.0019772535,-0.020590894,DOWN,0.002711943845519459,278.94663415262903,171.04359792674757,0.2617426328648046,0.0025925259607583948,0.0016159422229975462,69.97989654541016
2026-07-16 00:00:00+00:00,bitcoin,64535.99901015987,64697.717170987744,-0.0027236291,-0.00022092504,0.002399787,0.001814275,-0.022092504,DOWN,0.0027551691645494414,278.94663415262903,171.04359792674757,0.2617426328648046,0.0025925259607583948,0.0016159422229975462,69.97989654541016
2026-07-16 01:00:00+00:00,bitcoin,64689.08109855652,64523.10219812393,0.0023691717,-0.00019983877,0.0026288098,0.0017815038,-0.019983876,DOWN,0.002788858446169409,278.94663415262903,171.04359792674757,0.2617426328648046,0.0025925259607583948,0.0016159422229975462,69.97989654541016
2026-07-16 02:00:00+00:00,bitcoin,64595.85332948528,64678.81406653114,-0.0014421877,-0.00015866589,0.004712778,0.0017969836,-0.015866589,DOWN,0.0028023998732714783,278.94663415262903,171.04359792674757,0.2617426328648046,0.0025925259607583948,0.0016159422229975462,69.97989654541016
2026-07-16 03:00:00+00:00,bitcoin,64559.99838103354,64589.1406416134,-0.00055516744,-0.00010391803,0.004693973,0.0018375904,-0.0103918025,DOWN,0.0027853460551764664,278.94663415262903,171.04359792674757,0.2617426328648046,0.0025925259607583948,0.0016159422229975462,69.97989654541016
2026-07-16 04:00:00+00:00,bitcoin,64574.55342292786,64557.61034488678,0.00022535845,-3.7009107e-05,0.0046377582,0.0019821536,-0.0037009108,DOWN,0.0027341687321971253,278.94663415262903,171.04359792674757,0.2617426328648046,0.0025925259607583948,0.0016159422229975462,69.97989654541016
2026-07-16 05:00:00+00:00,bitcoin,64865.145989893936,64578.19188148016,0.0044899723,5.6414814e-05,0.0038866485,0.0022885883,0.0056414814,UP,0.0028178407759475964,278.94663415262903,171.04359792674757,0.2617426328648046,0.0025925259607583948,0.0016159422229975462,69.97989654541016
2026-07-16 06:00:00+00:00,bitcoin,64719.011323507875,64873.112860677764,-0.0022553522,0.00012284603,0.0040670065,0.0028284136,0.012284603,UP,0.0027827502659504644,278.94663415262903,171.04359792674757,0.2617426328648046,0.0025925259607583948,0.0016159422229975462,69.97989654541016
2026-07-16 07:00:00+00:00,bitcoin,64172.64324237127,64723.26274293149,-0.008478041,6.5748565e-05,0.0024449467,0.0034721906,0.0065748566,UP,0.0031563856965947453,278.94663415262903,171.04359792674757,0.2617426328648046,0.0025925259607583948,0.0016159422229975462,69.97989654541016
2026-07-16 08:00:00+00:00,bitcoin,64067.870393791236,64170.83523092419,-0.0016339541,-2.8120228e-05,0.0039217724,0.004289225,-0.0028120228,DOWN,0.003129500264080683,278.94663415262903,171.04359792674757,0.2617426328648046,0.0025925259607583948,0.0016159422229975462,69.97989654541016
2026-07-16 09:00:00+00:00,bitcoin,64036.6032285383,64069.23056615051,-0.00048818797,2.1239504e-05,0.003920886,0.0049360227,0.0021239505,UP,0.002996609262813467,278.94663415262903,171.04359792674757,0.2617426328648046,0.0025925259607583948,0.0016159422229975462,69.97989654541016
2026-07-16 10:00:00+00:00,bitcoin,64165.734209064394,64040.4718776932,0.0020144556,6.0483006e-05,0.003951086,0.005049955,0.006048301,UP,0.003027257391680142,278.94663415262903,171.04359792674757,0.2617426328648046,0.0025925259607583948,0.0016159422229975462,69.97989654541016
2026-07-16 11:00:00+00:00,bitcoin,64199.998665869236,64162.19273634651,0.00053393585,-5.5084587e-05,0.004562137,0.00420882,-0.0055084587,DOWN,0.002973699435599864,278.94663415262903,171.04359792674757,0.2617426328648046,0.0025925259607583948,0.0016159422229975462,69.97989654541016
2026-07-16 12:00:00+00:00,bitcoin,63914.10570144653,64195.591735839844,-0.0044630696,-6.86463e-05,0.005137392,0.003621575,-0.00686463,DOWN,0.0030581456710272368,278.94663415262903,171.04359792674757,0.2617426328648046,0.0025925259607583948,0.0016159422229975462,69.97989654541016
2026-07-16 13:00:00+00:00,bitcoin,64320.179890304804,63912.604591774754,0.0063332776,-2.3556206e-05,0.004260401,0.0031658702,-0.0023556205,DOWN,0.0032162513589909145,278.94663415262903,171.04359792674757,0.2617426328648046,0.0025925259607583948,0.0016159422229975462,69.97989654541016
2026-07-16 14:00:00+00:00,bitcoin,64493.21358001325,64321.84354865458,0.002686543,2.5831507e-05,0.0039526518,0.00283865,0.0025831508,UP,0.003194393432395268,278.94663415262903,171.04359792674757,0.2617426328648046,0.0025925259607583948,0.0016159422229975462,69.97989654541016
2026-07-16 15:00:00+00:00,bitcoin,64660.54438973125,64495.22524324246,0.002591329,3.1218686e-05,0.003464289,0.0026124823,0.0031218685,UP,0.003218511907091133,278.94663415262903,171.04359792674757,0.2617426328648046,0.0025925259607583948,0.0016159422229975462,69.97989654541016
2026-07-16 16:00:00+00:00,bitcoin,64436.91456415458,64660.43515917519,-0.0034646823,-1.7932707e-06,0.0034826603,0.0025062137,-0.00017932706,DOWN,0.0032808878359918414,278.94663415262903,171.04359792674757,0.2617426328648046,0.0025925259607583948,0.0016159422229975462,69.97989654541016
2026-07-16 17:00:00+00:00,bitcoin,64029.75724072731,64435.247116202256,-0.006338606,-2.5851727e-05,0.0023461932,0.002458373,-0.0025851727,DOWN,0.003462884858520296,278.94663415262903,171.04359792674757,0.2617426328648046,0.0025925259607583948,0.0016159422229975462,69.97989654541016
2026-07-16 18:00:00+00:00,bitcoin,64201.47239108384,64027.17033480364,0.002678086,-4.048361e-05,0.0017169046,0.0024954528,-0.004048361,DOWN,0.0032574328990794383,278.94663415262903,171.04359792674757,0.2617426328648046,0.0025925259607583948,0.0016159422229975462,69.97989654541016
2026-07-16 19:00:00+00:00,bitcoin,64218.459323480725,64199.82709323801,0.00026463476,-2.5579104e-05,0.0019111397,0.0025658952,-0.0025579103,DOWN,0.0032597202019466385,278.94663415262903,171.04359792674757,0.2617426328648046,0.0025925259607583948,0.0016159422229975462,69.97989654541016
2026-07-16 20:00:00+00:00,bitcoin,64066.144533152226,64217.86381340586,-0.0023746039,-9.3265935e-06,0.002699732,0.0026423575,-0.0009326594,DOWN,0.003152028160864522,278.94663415262903,171.04359792674757,0.2617426328648046,0.0025925259607583948,0.0016159422229975462,69.97989654541016
2026-07-16 21:00:00+00:00,bitcoin,64113.033699662425,64065.99187325919,0.00073151995,-2.412461e-06,0.0023938268,0.0027110055,-0.0002412461,DOWN,0.0031556415099233165,278.94663415262903,171.04359792674757,0.2617426328648046,0.0025925259607583948,0.0016159422229975462,69.97989654541016
2026-07-16 22:00:00+00:00,bitcoin,63918.81830822304,64114.07832304016,-0.003033793,1.6228614e-05,0.002732134,0.00284885,0.0016228614,UP,0.003094144206604833,278.94663415262903,171.04359792674757,0.2617426328648046,0.0025925259607583948,0.0016159422229975462,69.97989654541016
2026-07-16 23:00:00+00:00,bitcoin,63769.87008148804,63922.02821342368,-0.0023330066,5.0114322e-05,0.002672703,0.0031450356,0.0050114323,UP,0.003110266208411398,278.94663415262903,171.04359792674757,0.2617426328648046,0.0025925259607583948,0.0016159422229975462,69.97989654541016
2026-07-17 00:00:00+00:00,bitcoin,63833.85679972125,63772.11367225321,0.0010029218,3.5148194e-05,0.0045114383,0.0035656148,0.0035148193,UP,0.0030922346400721703,278.94663415262903,171.04359792674757,0.2617426328648046,0.0025925259607583948,0.0016159422229975462,69.97989654541016
2026-07-17 01:00:00+00:00,bitcoin,63489.000409958884,63835.73133390024,-0.0054170983,2.929594e-05,0.004802949,0.0036354635,0.002929594,UP,0.0031863082405745517,278.94663415262903,171.04359792674757,0.2617426328648046,0.0025925259607583948,0.0016159422229975462,69.97989654541016
2026-07-17 02:00:00+00:00,bitcoin,63430.08696269989,63489.363286972046,-0.00092831044,5.7234724e-06,0.004773616,0.0038741475,0.00057234726,UP,0.0031832951960731226,278.94663415262903,171.04359792674757,0.2617426328648046,0.0025925259607583948,0.0016159422229975462,69.97989654541016
2026-07-17 03:00:00+00:00,bitcoin,63508.1391920289,63428.1843568515,0.0012297444,-3.0026467e-05,0.004714866,0.0041844803,-0.0030026468,DOWN,0.0031937966572221687,278.94663415262903,171.04359792674757,0.2617426328648046,0.0025925259607583948,0.0016159422229975462,69.97989654541016
2026-07-17 04:00:00+00:00,bitcoin,63423.173981877044,63504.65428987052,-0.0013388149,-5.4945944e-05,0.005019679,0.0044745286,-0.0054945946,DOWN,0.0031892143732353533,278.94663415262903,171.04359792674757,0.2617426328648046,0.0025925259607583948,0.0016159422229975462,69.97989654541016
2026-07-17 05:00:00+00:00,bitcoin,62782.58605052624,63417.70931891445,-0.010151478,-8.614197e-05,0.0018404841,0.004629393,-0.008614196,DOWN,0.003618133753660615,278.94663415262903,171.04359792674757,0.2617426328648046,0.0025925259607583948,0.0016159422229975462,69.97989654541016
2026-07-17 06:00:00+00:00,bitcoin,62890.90965352161,62781.61314678495,0.0017238373,-1.5524569e-05,0.0018431365,0.0052203825,-0.0015524569,DOWN,0.0036363361271378055,278.94663415262903,171.04359792674757,0.2617426328648046,0.0025925259607583948,0.0016159422229975462,69.97989654541016
2026-07-17 07:00:00+00:00,bitcoin,62770.809069723124,62890.464073997224,-0.0019115064,-7.153765e-06,0.0023141934,0.005281417,-0.0007153765,DOWN,0.0035890743538964176,278.94663415262903,171.04359792674757,0.2617426328648046,0.0025925259607583948,0.0016159422229975462,69.97989654541016
2026-07-17 08:00:00+00:00,bitcoin,62826.00967776729,62768.35047309124,0.000879053,-3.9210914e-05,0.0023141503,0.0048488914,-0.0039210916,DOWN,0.0036041397869904144,278.94663415262903,171.04359792674757,0.2617426328648046,0.0025925259607583948,0.0016159422229975462,69.97989654541016
2026-07-17 09:00:00+00:00,bitcoin,62927.94305461552,62821.049961952725,0.0016210976,-7.890556e-05,0.0022754585,0.004257172,-0.007890556,DOWN,0.003633533918858902,278.94663415262903,171.04359792674757,0.2617426328648046,0.0025925259607583948,0.0016159422229975462,69.97989654541016
2026-07-17 10:00:00+00:00,bitcoin,63119.71968722949,62923.41044275649,0.003042936,-7.197616e-05,0.002743064,0.003909041,-0.0071976157,DOWN,0.00369820626405644,278.94663415262903,171.04359792674757,0.2617426328648046,0.0025925259607583948,0.0016159422229975462,69.97989654541016
2026-07-17 11:00:00+00:00,bitcoin,63230.478754520416,63118.42078119703,0.00175325,-2.0605594e-05,0.002795875,0.0035663408,-0.0020605593,DOWN,0.003596310831401127,278.94663415262903,171.04359792674757,0.2617426328648046,0.0025925259607583948,0.0016159422229975462,69.97989654541016
2026-07-17 12:00:00+00:00,bitcoin,63037.98745978228,63231.98046322027,-0.0030489373,2.3731736e-05,0.0028764585,0.0032683646,0.0023731736,UP,0.0036098786666832884,278.94663415262903,171.04359792674757,0.2617426328648046,0.0025925259607583948,0.0016159422229975462,69.97989654541016
2026-07-17 13:00:00+00:00,bitcoin,63089.91495359223,63038.9727087575,0.00082332105,1.5545727e-05,0.0025916228,0.0028722521,0.0015545727,UP,0.0033248491397338997,278.94663415262903,171.04359792674757,0.2617426328648046,0.0025925259607583948,0.0016159422229975462,69.97989654541016
2026-07-17 14:00:00+00:00,bitcoin,63113.82662895881,63089.1919099784,0.0003790374,-1.1389095e-05,0.0033918414,0.0026764027,-0.0011389095,DOWN,0.003322791387623184,278.94663415262903,171.04359792674757,0.2617426328648046,0.0025925259607583948,0.0016159422229975462,69.97989654541016
2026-07-17 15:00:00+00:00,bitcoin,63403.17667985335,63109.061826453544,0.0045739976,-7.550162e-05,0.0035649396,0.002540213,-0.0075501623,DOWN,0.0034497721720163823,278.94663415262903,171.04359792674757,0.2617426328648046,0.0025925259607583948,0.0016159422229975462,69.97989654541016
2026-07-17 16:00:00+00:00,bitcoin,63549.01581054926,63395.64764003735,0.0022975565,-0.000118712196,0.0036924619,0.002375601,-0.01187122,DOWN,0.0034567956432100073,278.94663415262903,171.04359792674757,0.2617426328648046,0.0025925259607583948,0.0016159422229975462,69.97989654541016
2026-07-17 17:00:00+00:00,bitcoin,64015.041905629914,63541.11412182846,0.007306595,-0.00012427244,0.0021576178,0.0023121869,-0.012427244,DOWN,0.0037268079120835874,278.94663415262903,171.04359792674757,0.2617426328648046,0.0025925259607583948,0.0016159422229975462,69.97989654541016
2026-07-17 18:00:00+00:00,bitcoin,64224.20990713872,64011.528716329485,0.0032622158,-5.485845e-05,0.0009200126,0.0025137407,-0.005485845,DOWN,0.003681381601949069,278.94663415262903,171.04359792674757,0.2617426328648046,0.0025925259607583948,0.0016159422229975462,69.97989654541016
2026-07-17 19:00:00+00:00,bitcoin,64099.24004898872,64228.36055592634,-0.0019477764,6.452103e-05,0.00079434185,0.003075199,0.006452103,UP,0.0035082992489441685,278.94663415262903,171.04359792674757,0.2617426328648046,0.0025925259607583948,0.0016159422229975462,69.97989654541016
2026-07-17 20:00:00+00:00,bitcoin,64077.45314975502,64101.01104537025,-0.00033998478,2.7548807e-05,0.0010508853,0.0033767254,0.0027548808,UP,0.0034683314998444396,278.94663415262903,171.04359792674757,0.2617426328648046,0.0025925259607583948,0.0016159422229975462,69.97989654541016
2026-07-17 21:00:00+00:00,bitcoin,64071.494908849476,64078.24363597855,-9.2848495e-05,1.2356582e-05,0.0010543893,0.0036759395,0.0012356582,UP,0.003427869972142737,278.94663415262903,171.04359792674757,0.2617426328648046,0.0025925259607583948,0.0016159422229975462,69.97989654541016
2026-07-17 22:00:00+00:00,bitcoin,63937.99301239848,64071.56874126196,-0.0020859668,1.0533404e-06,0.0007276309,0.0038642474,0.00010533404,UP,0.003393188982341352,278.94663415262903,171.04359792674757,0.2617426328648046,0.0025925259607583948,0.0016159422229975462,69.97989654541016
2026-07-17 23:00:00+00:00,bitcoin,63889.65716556413,63937.6224251464,-0.00075614505,-5.741803e-06,0.0007118852,0.0040367637,-0.0005741803,DOWN,0.0031966257319486833,278.94663415262903,171.04359792674757,0.2617426328648046,0.0025925259607583948,0.0016159422229975462,69.97989654541016
2026-07-18 00:00:00+00:00,bitcoin,63865.75277576083,63889.98003837187,-0.00037431144,4.9311825e-06,0.0006662877,0.0041745473,0.00049311825,UP,0.00315439180094678,278.94663415262903,171.04359792674757,0.2617426328648046,0.0025925259607583948,0.0016159422229975462,69.97989654541016
2026-07-18 01:00:00+00:00,bitcoin,63915.99837851524,63866.68644705415,0.0007864973,1.4596475e-05,0.000578321,0.0042035608,0.0014596476,UP,0.0031583104518903443,278.94663415262903,171.04359792674757,0.2617426328648046,0.0025925259607583948,0.0016159422229975462,69.97989654541016
2026-07-18 02:00:00+00:00,bitcoin,63912.28174209595,63916.853370666504,-5.8183527e-05,1.3288107e-05,0.00060343987,0.0042229444,0.0013288107,UP,0.003130374981804927,278.94663415262903,171.04359792674757,0.2617426328648046,0.0025925259607583948,0.0016159422229975462,69.97989654541016
2026-07-18 03:00:00+00:00,bitcoin,63970.76421533525,63912.50981812924,0.00091459305,3.549089e-06,0.0004411636,0.0042536245,0.0003549089,UP,0.0031321823632483488,278.94663415262903,171.04359792674757,0.2617426328648046,0.0025925259607583948,0.0016159422229975462,69.97989654541016
2026-07-18 04:00:00+00:00,bitcoin,63925.8679921343,63969.90761693567,-0.0007019829,-1.3343375e-05,0.00029189087,0.0042732423,-0.0013343375,DOWN,0.0030848061409767323,278.94663415262903,171.04359792674757,0.2617426328648046,0.0025925259607583948,0.0016159422229975462,69.97989654541016
2026-07-18 05:00:00+00:00,bitcoin,63925.60056395247,63923.47442836058,-4.2163183e-06,-3.757041e-05,0.00030441422,0.004215573,-0.0037570412,DOWN,0.003053069268143534,278.94663415262903,171.04359792674757,0.2617426328648046,0.0025925259607583948,0.0016159422229975462,69.97989654541016
2026-07-18 06:00:00+00:00,bitcoin,63935.43204045482,63920.83873403352,0.00015373135,-7.4534495e-05,0.0004534104,0.0040508322,-0.0074534495,DOWN,0.003048200572515499,278.94663415262903,171.04359792674757,0.2617426328648046,0.0025925259607583948,0.0016159422229975462,69.97989654541016
2026-07-18 07:00:00+00:00,bitcoin,63967.63135795947,63928.20812945021,0.0005034942,-0.00011295772,0.0010431643,0.0037667295,-0.011295772,DOWN,0.002868854968438516,278.94663415262903,171.04359792674757,0.2617426328648046,0.0025925259607583948,0.0016159422229975462,69.97989654541016
2026-07-18 08:00:00+00:00,bitcoin,63960.00337065384,63955.62250045384,-0.00011926908,-0.00018767605,0.0014223204,0.0033014258,-0.018767605,DOWN,0.0028611526119947024,278.94663415262903,171.04359792674757,0.2617426328648046,0.0025925259607583948,0.0016159422229975462,69.97989654541016
2026-07-18 09:00:00+00:00,bitcoin,63943.70236158371,63941.540780067444,-0.00025489146,-0.00028865016,0.0013862057,0.0026521985,-0.028865017,DOWN,0.002857009731377114,278.94663415262903,171.04359792674757,0.2617426328648046,0.0025925259607583948,0.0016159422229975462,69.97989654541016
2026-07-18 10:00:00+00:00,bitcoin,63961.482938084286,63921.05222769035,0.000278038,-0.0003542914,0.0014104976,0.0020554222,-0.035429142,DOWN,0.002841585788816238,278.94663415262903,171.04359792674757,0.2617426328648046,0.0025925259607583948,0.0016159422229975462,69.97989654541016
2026-07-18 11:00:00+00:00,bitcoin,64016.19605253264,63939.23891943367,0.0008550076,-0.00034783978,0.0018074196,0.0016470844,-0.034783978,DOWN,0.002056299206883125,278.94663415262903,171.04359792674757,0.2617426328648046,0.0025925259607583948,0.0016159422229975462,69.97989654541016
2026-07-18 12:00:00+00:00,bitcoin,64164.48330776766,63995.17855369602,0.0023137517,-0.0003283206,0.0019199074,0.0013304251,-0.03283206,DOWN,0.0020697379032938094,278.94663415262903,171.04359792674757,0.2617426328648046,0.0025925259607583948,0.0016159422229975462,69.97989654541016
2026-07-18 13:00:00+00:00,bitcoin,64065.07403705455,64145.88192006829,-0.0015505033,-0.0002898381,0.0014419842,0.001152983,-0.028983809,DOWN,0.002055240982801996,278.94663415262903,171.04359792674757,0.2617426328648046,0.0025925259607583948,0.0016159422229975462,69.97989654541016
2026-07-18 14:00:00+00:00,bitcoin,64085.46914420184,64050.193141344935,0.00031835117,-0.0002322838,0.0013855416,0.0010801523,-0.023228379,DOWN,0.0020559402783497673,278.94663415262903,171.04359792674757,0.2617426328648046,0.0025925259607583948,0.0016159422229975462,69.97989654541016
2026-07-18 15:00:00+00:00,bitcoin,64076.88185848296,64074.8879272677,-0.00013404629,-0.00016504293,0.001132788,0.0010720614,-0.016504293,DOWN,0.0020527092867842975,278.94663415262903,171.04359792674757,0.2617426328648046,0.0025925259607583948,0.0016159422229975462,69.97989654541016
2026-07-18 16:00:00+00:00,bitcoin,64259.02035063738,64070.07294999296,0.0028385003,-0.00010624589,0.0010609087,0.0011087632,-0.010624589,DOWN,0.0020446227224785365,278.94663415262903,171.04359792674757,0.2617426328648046,0.0025925259607583948,0.0016159422229975462,69.97989654541016
2026-07-18 17:00:00+00:00,bitcoin,64438.76781526813,64255.423033515224,0.0027933675,-5.5917553e-05,0.00068702706,0.0011891448,-0.0055917553,DOWN,0.0020736056859427996,278.94663415262903,171.04359792674757,0.2617426328648046,0.0025925259607583948,0.0016159422229975462,69.97989654541016
2026-07-18 18:00:00+00:00,bitcoin,64468.23653220199,64437.61343540973,0.00045720945,-1.8005698e-05,0.0006875727,0.0012966971,-0.0018005698,DOWN,0.0019545999250612693,278.94663415262903,171.04359792674757,0.2617426328648046,0.0025925259607583948,0.0016159422229975462,69.97989654541016
2026-07-18 19:00:00+00:00,bitcoin,64515.47928484855,64468.34587423038,0.0007325295,1.5995824e-06,0.001123086,0.0014161274,0.00015995825,UP,0.0019545521814434102,278.94663415262903,171.04359792674757,0.2617426328648046,0.0025925259607583948,0.0016159422229975462,69.97989654541016
2026-07-18 20:00:00+00:00,bitcoin,64654.57708403561,64515.49585043918,0.0021537144,2.3984285e-07,0.00078254374,0.0015134847,2.3984285e-05,UP,0.001969885234636939,278.94663415262903,171.04359792674757,0.2617426328648046,0.0025925259607583948,0.0016159422229975462,69.97989654541016
2026-07-18 21:00:00+00:00,bitcoin,64692.01309465803,64653.73801553063,0.0005788107,-1.3003431e-05,0.0008336047,0.0015653187,-0.0013003431,DOWN,0.0018361705717433478,278.94663415262903,171.04359792674757,0.2617426328648046,0.0025925259607583948,0.0016159422229975462,69.97989654541016
2026-07-18 22:00:00+00:00,bitcoin,64764.31838773191,64689.81383045437,0.0011171119,-3.3991986e-05,0.0010738699,0.0015715614,-0.0033991986,DOWN,0.0018125683715472674,278.94663415262903,171.04359792674757,0.2617426328648046,0.0025925259607583948,0.0016159422229975462,69.97989654541016
2026-07-18 23:00:00+00:00,bitcoin,64793.758611840196,64760.90784769319,0.0004544897,-5.2700903e-05,0.0010318648,0.0015939992,-0.0052700904,DOWN,0.0012977398061774224,278.94663415262903,171.04359792674757,0.2617426328648046,0.0025925259607583948,0.0016159422229975462,69.97989654541016
2026-07-19 00:00:00+00:00,bitcoin,64732.93893663236,64788.69090073486,-0.00093911623,-7.826124e-05,0.000981835,0.0015653403,-0.007826124,DOWN,0.0012013263114588732,278.94663415262903,171.04359792674757,0.2617426328648046,0.0025925259607583948,0.0016159422229975462,69.97989654541016
2026-07-19 01:00:00+00:00,bitcoin,64725.00085202372,64726.61751491041,-0.00012268705,-9.767814e-05,0.000981936,0.0015217083,-0.009767814,DOWN,0.0011296702565172106,278.94663415262903,171.04359792674757,0.2617426328648046,0.0025925259607583948,0.0016159422229975462,69.97989654541016
2026-07-19 02:00:00+00:00,bitcoin,64784.08775925636,64717.09128320217,0.00091252045,-0.00012220918,0.000816259,0.0014399503,-0.012220918,DOWN,0.001127416257336508,278.94663415262903,171.04359792674757,0.2617426328648046,0.0025925259607583948,0.0016159422229975462,69.97989654541016
2026-07-19 03:00:00+00:00,bitcoin,64670.11965872417,64775.72211917094,-0.0017607581,-0.00012918255,0.00017588612,0.0013881007,-0.012918254,DOWN,0.0011901210735657992,278.94663415262903,171.04359792674757,0.2617426328648046,0.0025925259607583948,0.0016159422229975462,69.97989654541016
2026-07-19 04:00:00+00:00,bitcoin,64681.46915271878,64661.775799026014,0.00017545446,-0.00012904243,0.0013574148,0.0013440233,-0.012904243,DOWN,0.0011015618261473524,278.94663415262903,171.04359792674757,0.2617426328648046,0.0025925259607583948,0.0016159422229975462,69.97989654541016
2026-07-19 05:00:00+00:00,bitcoin,64682.21668129787,64673.434271521866,1.1474434e-05,-0.00012421592,0.001611302,0.0013068536,-0.012421592,DOWN,0.0010828836116695895,278.94663415262903,171.04359792674757,0.2617426328648046,0.0025925259607583948,0.0016159422229975462,69.97989654541016
2026-07-19 06:00:00+00:00,bitcoin,64668.092608424835,64674.59660109272,-0.00021833878,-0.00011767585,0.0017469304,0.0012717149,-0.011767585,DOWN,0.001079350125940871,278.94663415262903,171.04359792674757,0.2617426328648046,0.0025925259607583948,0.0016159422229975462,69.97989654541016
2026-07-19 07:00:00+00:00,bitcoin,64678.00366539229,64661.81468759384,0.00015323472,-9.708813e-05,0.0016892791,0.0012738731,-0.009708813,DOWN,0.0010780583641689463,278.94663415262903,171.04359792674757,0.2617426328648046,0.0025925259607583948,0.0016159422229975462,69.97989654541016
2026-07-19 08:00:00+00:00,bitcoin,64668.44703936577,64673.89045357704,-0.00014767752,-6.3585925e-05,0.0017873757,0.0013232846,-0.0063585923,DOWN,0.0010794803083309865,278.94663415262903,171.04359792674757,0.2617426328648046,0.0025925259607583948,0.0016159422229975462,69.97989654541016
2026-07-19 09:00:00+00:00,bitcoin,64470.31430201582,64667.624347202014,-0.0030684674,-1.2821374e-05,0.0014917606,0.0014310231,-0.0012821375,DOWN,0.0012448476865496263,278.94663415262903,171.04359792674757,0.2617426328648046,0.0025925259607583948,0.0016159422229975462,69.97989654541016
2026-07-19 10:00:00+00:00,bitcoin,64553.64608154632,64473.340698705055,0.0012916691,4.68657e-05,0.0013711749,0.0016048007,0.0046865703,UP,0.0012449619845324124,278.94663415262903,171.04359792674757,0.2617426328648046,0.0025925259607583948,0.0016159422229975462,69.97989654541016
2026-07-19 11:00:00+00:00,bitcoin,64426.70136100659,64559.11986303795,-0.0019685053,8.4684914e-05,0.000989292,0.0018246911,0.008468491,UP,0.0013126521601137385,278.94663415262903,171.04359792674757,0.2617426328648046,0.0025925259607583948,0.0016159422229975462,69.97989654541016
2026-07-19 12:00:00+00:00,bitcoin,64398.00192336668,64433.81114047486,-0.00044555461,0.00011043542,0.0009241535,0.0020848198,0.011043542,UP,0.0013188865471349934,278.94663415262903,171.04359792674757,0.2617426328648046,0.0025925259607583948,0.0016159422229975462,69.97989654541016
2026-07-19 13:00:00+00:00,bitcoin,64432.676285505295,64406.83604264259,0.00053825503,0.00013713537,0.0013783142,0.0023789406,0.013713537,UP,0.0013191404599236772,278.94663415262903,171.04359792674757,0.2617426328648046,0.0025925259607583948,0.0016159422229975462,69.97989654541016
2026-07-19 14:00:00+00:00,bitcoin,64547.19518299773,64443.24857487343,0.0017758952,0.00016403978,0.0010016148,0.002700609,0.016403979,UP,0.0013463850190124356,278.94663415262903,171.04359792674757,0.2617426328648046,0.0025925259607583948,0.0016159422229975462,69.97989654541016
2026-07-19 15:00:00+00:00,bitcoin,64540.035522166174,64555.424773688894,-0.0001110562,0.00012742264,0.0012504405,0.0029382212,0.012742264,UP,0.0013445757414951142,278.94663415262903,171.04359792674757,0.2617426328648046,0.0025925259607583948,0.0016159422229975462,69.97989654541016
2026-07-19 16:00:00+00:00,bitcoin,64495.07654445246,64545.701559428126,-0.000696758,8.791651e-05,0.0014491528,0.0030713978,0.008791651,UP,0.001357097532193086,278.94663415262903,171.04359792674757,0.2617426328648046,0.0025925259607583948,0.0016159422229975462,69.97989654541016
2026-07-19 17:00:00+00:00,bitcoin,64504.55793754198,64498.906954396516,0.00014698441,5.931076e-05,0.0024588176,0.003137162,0.005931076,UP,0.0013528586819899042,278.94663415262903,171.04359792674757,0.2617426328648046,0.0025925259607583948,0.0016159422229975462,69.97989654541016
2026-07-19 18:00:00+00:00,bitcoin,64374.23238094733,64507.9112343248,-0.002022492,5.1847943e-05,0.0020588604,0.0031307093,0.0051847943,UP,0.00135660888296543,278.94663415262903,171.04359792674757,0.2617426328648046,0.0025925259607583948,0.0016159422229975462,69.97989654541016
2026-07-19 19:00:00+00:00,bitcoin,64410.0066860253,64377.13891712995,0.00055549556,4.5163943e-05,0.0026662988,0.003132005,0.0045163943,UP,0.0013218352663926598,278.94663415262903,171.04359792674757,0.2617426328648046,0.0025925259607583948,0.0016159422229975462,69.97989654541016
2026-07-19 20:00:00+00:00,bitcoin,64488.32603573799,64412.41097688675,0.0012152265,3.7455633e-05,0.0026600016,0.0031333065,0.0037455633,UP,0.0013351700657605811,278.94663415262903,171.04359792674757,0.2617426328648046,0.0025925259607583948,0.0016159422229975462,69.97989654541016
2026-07-19 21:00:00+00:00,bitcoin,64372.61029801564,64490.21915139165,-0.0017959046,2.933987e-05,0.0026046261,0.003131765,0.002933987,UP,0.0013834472794871171,278.94663415262903,171.04359792674757,0.2617426328648046,0.0025925259607583948,0.0016159422229975462,69.97989654541016
2026-07-19 22:00:00+00:00,bitcoin,64629.21400891431,64373.98298753239,0.0039783884,2.1332475e-05,0.0021108792,0.0031325459,0.0021332474,UP,0.0014729480354796706,278.94663415262903,171.04359792674757,0.2617426328648046,0.0025925259607583948,0.0016159422229975462,69.97989654541016
2026-07-19 23:00:00+00:00,bitcoin,64681.824415400624,64630.397523697466,0.0008136873,1.824622e-05,0.0032291461,0.003266964,0.001824622,UP,0.0013944253069741817,278.94663415262903,171.04359792674757,0.2617426328648046,0.0025925259607583948,0.0016159422229975462,69.97989654541016
2026-07-20 00:00:00+00:00,bitcoin,64503.036853593774,64682.22136941366,-0.0027679584,6.143545e-06,0.00417447,0.0033077903,0.0006143545,UP,0.0014889043625116126,278.94663415262903,171.04359792674757,0.2617426328648046,0.0025925259607583948,0.0016159422229975462,69.97989654541016
2026-07-20 01:00:00+00:00,bitcoin,64576.64163039997,64501.889502961654,0.0011404052,-1.7842627e-05,0.003985435,0.003455362,-0.0017842627,DOWN,0.0014974938409092278,278.94663415262903,171.04359792674757,0.2617426328648046,0.0025925259607583948,0.0016159422229975462,69.97989654541016
2026-07-20 02:00:00+00:00,bitcoin,64775.78369096853,64574.37737317756,0.0030791627,-3.5014302e-05,0.0048640245,0.0035172496,-0.0035014302,DOWN,0.001551471209348771,278.94663415262903,171.04359792674757,0.2617426328648046,0.0025925259607583948,0.0016159422229975462,69.97989654541016
2026-07-20 03:00:00+00:00,bitcoin,64814.390719595365,64772.61151061067,0.0005957483,-4.906267e-05,0.004709086,0.003517627,-0.004906267,DOWN,0.001551668412225046,278.94663415262903,171.04359792674757,0.2617426328648046,0.0025925259607583948,0.0016159422229975462,69.97989654541016
2026-07-20 04:00:00+00:00,bitcoin,64493.66068243515,64810.47330092825,-0.0049607293,-6.0477425e-05,0.0048748655,0.0035162673,-0.0060477424,DOWN,0.0017870432092599003,278.94663415262903,171.04359792674757,0.2617426328648046,0.0025925259607583948,0.0016159422229975462,69.97989654541016
2026-07-20 05:00:00+00:00,bitcoin,64072.46742939949,64489.37780467188,-0.0065521603,-6.63684e-05,0.003854281,0.0035948742,-0.00663684,DOWN,0.0021294410543448235,278.94663415262903,171.04359792674757,0.2617426328648046,0.0025925259607583948,0.0016159422229975462,69.97989654541016
2026-07-20 06:00:00+00:00,bitcoin,63859.03154245019,64069.7190579474,-0.0033367495,-4.288279e-05,0.005266032,0.0036907822,-0.004288279,DOWN,0.0021952240849605884,278.94663415262903,171.04359792674757,0.2617426328648046,0.0025925259607583948,0.0016159422229975462,69.97989654541016
2026-07-20 07:00:00+00:00,bitcoin,64214.242300171405,63856.56857721694,0.0055469484,-3.8525992e-05,0.006340712,0.0036901382,-0.0038525993,DOWN,0.002454570257176486,278.94663415262903,171.04359792674757,0.2617426328648046,0.0025925259607583948,0.0016159422229975462,69.97989654541016
2026-07-20 08:00:00+00:00,bitcoin,63997.35487149912,64211.689188319724,-0.0033832656,-3.9751605e-05,0.006626637,0.0036501952,-0.0039751604,DOWN,0.0025082107026699937,278.94663415262903,171.04359792674757,0.2617426328648046,0.0025925259607583948,0.0016159422229975462,69.97989654541016
2026-07-20 09:00:00+00:00,bitcoin,64138.718392902985,63995.692237858195,0.0022065176,-2.59038e-05,0.006589333,0.0036723884,-0.0025903801,DOWN,0.002538732901057973,278.94663415262903,171.04359792674757,0.2617426328648046,0.0025925259607583948,0.0016159422229975462,69.97989654541016
2026-07-20 10:00:00+00:00,bitcoin,64242.344054128975,64135.53421969898,0.0016144566,-4.966076e-05,0.010436882,0.0034902827,-0.004966076,DOWN,0.002561005301192013,278.94663415262903,171.04359792674757,0.2617426328648046,0.0025925259607583948,0.0016159422229975462,69.97989654541016
2026-07-20 11:00:00+00:00,bitcoin,64944.01130062435,64238.84023878677,0.010862865,-5.4627875e-05,0.009861544,0.0033282014,-0.0054627876,DOWN,0.0032716783896946985,278.94663415262903,171.04359792674757,0.2617426328648046,0.0025925259607583948,0.0016159422229975462,69.97989654541016
2026-07-20 12:00:00+00:00,bitcoin,64585.99006009963,64941.603978676256,-0.0055280533,-3.7141457e-05,0.009079216,0.0033300428,-0.0037141456,DOWN,0.003430602359040024,278.94663415262903,171.04359792674757,0.2617426328648046,0.0025925259607583948,0.0016159422229975462,69.97989654541016
2026-07-20 13:00:00+00:00,bitcoin,64274.63831947977,64584.5215741673,-0.0048323255,-2.2787195e-05,0.009163179,0.0033126706,-0.0022787196,DOWN,0.0035395688866020625,278.94663415262903,171.04359792674757,0.2617426328648046,0.0025925259607583948,0.0016159422229975462,69.97989654541016
2026-07-20 14:00:00+00:00,bitcoin,64346.63403836638,64273.91272224672,0.0011193838,-1.1356487e-05,0.009373816,0.0033643022,-0.0011356487,DOWN,0.0035478029092849517,278.94663415262903,171.04359792674757,0.2617426328648046,0.0025925259607583948,0.0016159422229975462,69.97989654541016
2026-07-20 15:00:00+00:00,bitcoin,65551.00801236276,64346.2875593917,0.018544039,-5.3162157e-06,0.0033611944,0.0033677767,-0.00053162157,DOWN,0.0049029440155748255,278.94663415262903,171.04359792674757,0.2617426328648046,0.0025925259607583948,0.0016159422229975462,69.97989654541016
2026-07-20 16:00:00+00:00,bitcoin,65454.009042265825,65553.71155651845,-0.0014807999,4.123806e-05,0.0033524868,0.0037045476,0.004123806,UP,0.004914885422450635,278.94663415262903,171.04359792674757,0.2617426328648046,0.0025925259607583948,0.0016159422229975462,69.97989654541016
2026-07-20 17:00:00+00:00,bitcoin,65533.5214990871,65456.61782931257,0.0012139755,3.975256e-05,0.0032161581,0.0037695053,0.003975256,UP,0.004894703433837686,278.94663415262903,171.04359792674757,0.2617426328648046,0.0025925259607583948,0.0016159422229975462,69.97989654541016
2026-07-20 18:00:00+00:00,bitcoin,65192.32150822552,65535.42570910044,-0.005220085,2.9099707e-05,0.0025210425,0.0037178462,0.0029099707,UP,0.00500502022134432,278.94663415262903,171.04359792674757,0.2617426328648046,0.0025925259607583948,0.0016159422229975462,69.97989654541016
2026-07-20 19:00:00+00:00,bitcoin,65085.01879518572,65194.659543086775,-0.0016472674,3.588556e-05,0.003006005,0.0037936373,0.003588556,UP,0.005019117996891939,278.94663415262903,171.04359792674757,0.2617426328648046,0.0025925259607583948,0.0016159422229975462,69.97989654541016
2026-07-20 20:00:00+00:00,bitcoin,65327.98444111599,65087.51008644933,0.003726147,3.819533e-05,0.0037310952,0.0038407706,0.003819533,UP,0.005050923617133514,278.94663415262903,171.04359792674757,0.2617426328648046,0.0025925259607583948,0.0016159422229975462,69.97989654541016
2026-07-20 21:00:00+00:00,bitcoin,65241.69274352258,65330.55043556029,-0.0013218517,3.919381e-05,0.003908557,0.0038783767,0.0039193807,UP,0.005060075727292202,278.94663415262903,171.04359792674757,0.2617426328648046,0.0025925259607583948,0.0016159422229975462,69.97989654541016
2026-07-20 22:00:00+00:00,bitcoin,65105.44274963136,65244.13351477403,-0.0020905721,3.7376652e-05,0.00371366,0.0038929267,0.0037376652,UP,0.005076572495800165,278.94663415262903,171.04359792674757,0.2617426328648046,0.0025925259607583948,0.0016159422229975462,69.97989654541016
2026-07-20 23:00:00+00:00,bitcoin,65213.05007566186,65105.38319744938,0.0016514832,-8.9920104e-07,0.0038213884,0.0037653411,-8.9920104e-05,DOWN,0.005082178935807295,278.94663415262903,171.04359792674757,0.2617426328648046,0.0025925259607583948,0.0016159422229975462,69.97989654541016
2026-07-21 00:00:00+00:00,bitcoin,65522.30833305465,65211.71365300007,0.0047310595,-2.0570249e-05,0.0035410735,0.0037265932,-0.002057025,DOWN,0.005122016356864881,278.94663415262903,171.04359792674757,0.2617426328648046,0.0025925259607583948,0.0016159422229975462,69.97989654541016
2026-07-21 01:00:00+00:00,bitcoin,65193.529638471315,65520.94950274285,-0.005030424,-2.0715332e-05,0.0016957987,0.0037770097,-0.0020715331,DOWN,0.005223822188036199,278.94663415262903,171.04359792674757,0.2617426328648046,0.0025925259607583948,0.0016159422229975462,69.97989654541016
2026-07-21 02:00:00+00:00,bitcoin,65366.94839576632,65192.594763217494,0.002656517,-1.4395406e-05,0.0019182547,0.0038806319,-0.0014395405,DOWN,0.005238079501774181,278.94663415262903,171.04359792674757,0.2617426328648046,0.0025925259607583948,0.0016159422229975462,69.97989654541016
2026-07-21 03:00:00+00:00,bitcoin,65528.21185184503,65366.27128451085,0.0024641033,-1.0378219e-05,0.0020592196,0.003980943,-0.0010378219,DOWN,0.005232494531356402,278.94663415262903,171.04359792674757,0.2617426328648046,0.0025925259607583948,0.0016159422229975462,69.97989654541016
2026-07-21 04:00:00+00:00,bitcoin,65472.01058077626,65527.457121690735,-0.0008581211,-1.16079755e-05,0.001515165,0.004123501,-0.0011607975,DOWN,0.005199233981403555,278.94663415262903,171.04359792674757,0.2617426328648046,0.0025925259607583948,0.0016159422229975462,69.97989654541016
2026-07-21 05:00:00+00:00,bitcoin,65704.10519748693,65471.22342667775,0.0035386027,-1.1956765e-05,0.002118349,0.004312208,-0.0011956765,DOWN,0.005229734822639582,278.94663415262903,171.04359792674757,0.2617426328648046,0.0025925259607583948,0.0016159422229975462,69.97989654541016
2026-07-21 06:00:00+00:00,bitcoin,65874.67860267498,65703.33397365175,0.0025927923,-1.1659531e-05,0.0020961957,0.0044339066,-0.0011659531,DOWN,0.005204604871031453,278.94663415262903,171.04359792674757,0.2617426328648046,0.0025925259607583948,0.0016159422229975462,69.97989654541016
2026-07-21 07:00:00+00:00,bitcoin,66143.02808979526,65874.69539324753,0.0040653925,1.4690886e-07,0.0017772241,0.0046174903,1.4690886e-05,UP,0.005240307578488998,278.94663415262903,171.04359792674757,0.2617426328648046,0.0025925259607583948,0.0016159422229975462,69.97989654541016
2026-07-21 08:00:00+00:00,bitcoin,66186.3901158385,66142.30978496559,0.0006553248,-1.0927755e-05,0.0020376898,0.004599118,-0.0010927755,DOWN,0.005222736253221327,278.94663415262903,171.04359792674757,0.2617426328648046,0.0025925259607583948,0.0016159422229975462,69.97989654541016
2026-07-21 09:00:00+00:00,bitcoin,66250.78118108399,66183.51470811572,0.0009723951,-4.3419044e-05,0.0020353212,0.0043945774,-0.0043419045,DOWN,0.005222852338983906,278.94663415262903,171.04359792674757,0.2617426328648046,0.0025925259607583948,0.0016159422229975462,69.97989654541016
2026-07-21 10:00:00+00:00,bitcoin,66148.2097600121,66246.29930038936,-0.0015494126,-6.762214e-05,0.002386452,0.004162407,-0.006762214,DOWN,0.0051311492859667344,278.94663415262903,171.04359792674757,0.2617426328648046,0.0025925259607583948,0.0016159422229975462,69.97989654541016
2026-07-21 11:00:00+00:00,bitcoin,66309.4690286722,66143.60187372053,0.002434859,-6.9759066e-05,0.0027608012,0.004040394,-0.0069759064,DOWN,0.004943698461820437,278.94663415262903,171.04359792674757,0.2617426328648046,0.0025925259607583948,0.0016159422229975462,69.97989654541016
2026-07-21 12:00:00+00:00,bitcoin,66508.84911564365,66304.89192600176,0.0030023411,-6.897973e-05,0.003344739,0.0037672087,-0.006897973,DOWN,0.004880333838274521,278.94663415262903,171.04359792674757,0.2617426328648046,0.0025925259607583948,0.0016159422229975462,69.97989654541016
2026-07-21 13:00:00+00:00,bitcoin,66742.92386921402,66504.05483636912,0.0035132072,-7.207291e-05,0.0027769655,0.0034994301,-0.0072072907,DOWN,0.004833814466530882,278.94663415262903,171.04359792674757,0.2617426328648046,0.0025925259607583948,0.0016159422229975462,69.97989654541016
2026-07-21 14:00:00+00:00,bitcoin,66809.7156540323,66739.1783999512,0.0010003078,-5.606041e-05,0.0030202293,0.0032803528,-0.005606041,DOWN,0.004753157096098708,278.94663415262903,171.04359792674757,0.2617426328648046,0.0025925259607583948,0.0016159422229975462,69.97989654541016
2026-07-21 15:00:00+00:00,bitcoin,66648.40106138214,66807.00689253397,-0.0024175432,-4.0619736e-05,0.0029416713,0.0033754504,-0.0040619737,DOWN,0.004802252126711051,278.94663415262903,171.04359792674757,0.2617426328648046,0.0025925259607583948,0.0016159422229975462,69.97989654541016
2026-07-21 16:00:00+00:00,bitcoin,66512.62845555553,66646.11819143873,-0.00203912,-3.419414e-05,0.0028651461,0.003368164,-0.0034194142,DOWN,0.004839902846210236,278.94663415262903,171.04359792674757,0.2617426328648046,0.0025925259607583948,0.0016159422229975462,69.97989654541016
2026-07-21 17:00:00+00:00,bitcoin,66170.42442990886,66510.61093695555,-0.005158333,-3.0348352e-05,0.0014537984,0.0034524237,-0.0030348352,DOWN,0.004606864333745576,278.94663415262903,171.04359792674757,0.2617426328648046,0.0025925259607583948,0.0016159422229975462,69.97989654541016
2026-07-21 18:00:00+00:00,bitcoin,66282.00734756514,66168.52872404456,0.0016849213,-2.8547145e-05,0.0020937053,0.003683748,-0.0028547144,DOWN,0.004460823966186355,278.94663415262903,171.04359792674757,0.2617426328648046,0.0025925259607583948,0.0016159422229975462,69.97989654541016
2026-07-21 19:00:00+00:00,bitcoin,66415.43927883264,66280.30505410628,0.002011037,-2.5705644e-05,0.0019858158,0.0037994431,-0.0025705644,DOWN,0.004332641216355823,278.94663415262903,171.04359792674757,0.2617426328648046,0.0025925259607583948,0.0016159422229975462,69.97989654541016
2026-07-21 20:00:00+00:00,bitcoin,66370.00781960785,66414.4240808487,-0.000684257,-1.5238475e-05,0.002521885,0.0038948148,-0.0015238475,DOWN,0.004344881244762747,278.94663415262903,171.04359792674757,0.2617426328648046,0.0025925259607583948,0.0016159422229975462,69.97989654541016
2026-07-21 21:00:00+00:00,bitcoin,66346.90895774262,66369.80210254155,-0.0003481329,-3.0836882e-06,0.00266408,0.003983349,-0.00030836882,DOWN,0.002784540563079902,278.94663415262903,171.04359792674757,0.2617426328648046,0.0025925259607583948,0.0016159422229975462,69.97989654541016
2026-07-21 22:00:00+00:00,bitcoin,66268.00439444184,66347.22261670232,-0.001189888,4.7953527e-06,0.002698486,0.004063186,0.00047953526,UP,0.0027782539687487818,278.94663415262903,171.04359792674757,0.2617426328648046,0.0025925259607583948,0.0016159422229975462,69.97989654541016
2026-07-21 23:00:00+00:00,bitcoin,66516.17883985396,66268.32380298525,0.0037379775,4.798795e-06,0.002273616,0.0041057416,0.0004798795,UP,0.0028410408690157014,278.94663415262903,171.04359792674757,0.2617426328648046,0.0025925259607583948,0.0016159422229975462,69.97989654541016
2026-07-22 00:00:00+00:00,bitcoin,66586.687436793,66516.33827443048,0.0010594486,2.328769e-06,0.0030885101,0.0041586,0.00023287689,UP,0.002629493189883038,278.94663415262903,171.04359792674757,0.2617426328648046,0.0025925259607583948,0.0016159422229975462,69.97989654541016
2026-07-22 01:00:00+00:00,bitcoin,66389.18433081731,66586.36205217987,-0.0029705835,-4.890444e-06,0.0030697256,0.0041781403,-0.0004890444,DOWN,0.0026808134940829315,278.94663415262903,171.04359792674757,0.2617426328648046,0.0025925259607583948,0.0016159422229975462,69.97989654541016
2026-07-22 02:00:00+00:00,bitcoin,66268.00922207767,66388.16666901112,-0.0018268427,-1.5297433e-05,0.0030645027,0.0041858177,-0.0015297433,DOWN,0.0026533919534232953,278.94663415262903,171.04359792674757,0.2617426328648046,0.0025925259607583948,0.0016159422229975462,69.97989654541016
2026-07-22 03:00:00+00:00,bitcoin,66166.7526113824,66266.24616554473,-0.001529173,-2.661015e-05,0.0034637405,0.0041854503,-0.0026610151,DOWN,0.002658500994406093,278.94663415262903,171.04359792674757,0.2617426328648046,0.0025925259607583948,0.0016159422229975462,69.97989654541016
2026-07-22 04:00:00+00:00,bitcoin,66336.00407904387,66163.72507040203,0.0025546656,-4.5738692e-05,0.0029664726,0.004103665,-0.004573869,DOWN,0.0026394181165342537,278.94663415262903,171.04359792674757,0.2617426328648046,0.0025925259607583948,0.0016159422229975462,69.97989654541016
2026-07-22 05:00:00+00:00,bitcoin,65937.32486343384,66331.6506729126,-0.0060280194,-6.5563305e-05,0.0016986312,0.0040066736,-0.0065563302,DOWN,0.002895174037386989,278.94663415262903,171.04359792674757,0.2617426328648046,0.0025925259607583948,0.0016159422229975462,69.97989654541016
2026-07-22 06:00:00+00:00,bitcoin,65891.27438098378,65932.37610951439,-0.0006987055,-7.5051204e-05,0.0016801365,0.0039702794,-0.0075051202,DOWN,0.0027801143955204105,278.94663415262903,171.04359792674757,0.2617426328648046,0.0025925259607583948,0.0016159422229975462,69.97989654541016
2026-07-22 07:00:00+00:00,bitcoin,65795.27929250244,65885.51583106164,-0.001458008,-8.7421555e-05,0.0032281333,0.0038051817,-0.0087421555,DOWN,0.002621555643616749,278.94663415262903,171.04359792674757,0.2617426328648046,0.0025925259607583948,0.0016159422229975462,69.97989654541016
2026-07-22 08:00:00+00:00,bitcoin,65940.47844614368,65789.33205608977,0.0022044613,-9.023947e-05,0.0039849826,0.0036155083,-0.009023947,DOWN,0.0026088203078117067,278.94663415262903,171.04359792674757,0.2617426328648046,0.0025925259607583948,0.0016159422229975462,69.97989654541016
2026-07-22 09:00:00+00:00,bitcoin,65884.26850299118,65935.06445859512,-0.00085269456,-8.207285e-05,0.004110294,0.0034578359,-0.008207285,DOWN,0.00258376943400234,278.94663415262903,171.04359792674757,0.2617426328648046,0.0025925259607583948,0.0016159422229975462,69.97989654541016
2026-07-22 10:00:00+00:00,bitcoin,66008.98738025595,65879.68669132143,0.0018912079,-6.9657544e-05,0.0044765775,0.0033777112,-0.0069657546,DOWN,0.002594317132408756,278.94663415262903,171.04359792674757,0.2617426328648046,0.0025925259607583948,0.0016159422229975462,69.97989654541016
2026-07-22 11:00:00+00:00,bitcoin,65972.50023302203,66006.3167665787,-0.0005529894,-4.0542494e-05,0.00462157,0.003082294,-0.0040542493,DOWN,0.002523149046042136,278.94663415262903,171.04359792674757,0.2617426328648046,0.0025925259607583948,0.0016159422229975462,69.97989654541016
2026-07-22 12:00:00+00:00,bitcoin,65587.75909036398,65971.94948256016,-0.0058489284,-8.337074e-06,0.00373017,0.0028313366,-0.0008337074,DOWN,0.0027029202210086998,278.94663415262903,171.04359792674757,0.2617426328648046,0.0025925259607583948,0.0016159422229975462,69.97989654541016
2026-07-22 13:00:00+00:00,bitcoin,65914.74241107423,65587.34733232437,0.004973062,-6.301184e-06,0.0032946854,0.0026497878,-0.0006301184,DOWN,0.0027565510425906353,278.94663415262903,171.04359792674757,0.2617426328648046,0.0025925259607583948,0.0016159422229975462,69.97989654541016
2026-07-22 14:00:00+00:00,bitcoin,65760.94834095659,65912.71491390653,-0.0023358772,-3.0735777e-05,0.0030669705,0.0025797728,-0.0030735778,DOWN,0.0027817625910078556,278.94663415262903,171.04359792674757,0.2617426328648046,0.0025925259607583948,0.0016159422229975462,69.97989654541016
2026-07-22 15:00:00+00:00,bitcoin,66020.03469608165,65757.17457444593,0.0039320732,-5.751982e-05,0.0023631158,0.0025185242,-0.0057519823,DOWN,0.0028764399364862225,278.94663415262903,171.04359792674757,0.2617426328648046,0.0025925259607583948,0.0016159422229975462,69.97989654541016
2026-07-22 16:00:00+00:00,bitcoin,66208.5303992685,66015.70258122403,0.0028508895,-6.5719e-05,0.0021613536,0.002465539,-0.0065719,DOWN,0.0029127526303279173,278.94663415262903,171.04359792674757,0.2617426328648046,0.0025925259607583948,0.0016159422229975462,69.97989654541016
2026-07-22 17:00:00+00:00,bitcoin,66001.64074416831,66204.51396061108,-0.0031296078,-6.0605635e-05,0.0016072151,0.0024602588,-0.0060605635,DOWN,0.0029314747918515478,278.94663415262903,171.04359792674757,0.2617426328648046,0.0025925259607583948,0.0016159422229975462,69.97989654541016
2026-07-22 18:00:00+00:00,bitcoin,65858.30124272034,65998.89075596351,-0.0021741828,-4.1598927e-05,0.0010504012,0.002518936,-0.004159893,DOWN,0.0028913139005689132,278.94663415262903,171.04359792674757,0.2617426328648046,0.0025925259607583948,0.0016159422229975462,69.97989654541016
2026-07-22 19:00:00+00:00,bitcoin,65900.99018220976,65857.15849148668,0.00064808055,-1.7282951e-05,0.0012474615,0.0026082948,-0.0017282951,DOWN,0.0028059830533848536,278.94663415262903,171.04359792674757,0.2617426328648046,0.0025925259607583948,0.0016159422229975462,69.97989654541016
2026-07-22 20:00:00+00:00,bitcoin,65892.42128008883,65898.8474966446,-0.00013005677,-3.2545642e-05,0.0021953762,0.0025757484,-0.0032545642,DOWN,0.002793817712838123,278.94663415262903,171.04359792674757,0.2617426328648046,0.0025925259607583948,0.0016159422229975462,69.97989654541016
2026-07-22 21:00:00+00:00,bitcoin,66040.26061917655,65887.95631386805,0.0022410825,-6.779117e-05,0.0017016933,0.0024886378,-0.0067791166,DOWN,0.002810659044014278,278.94663415262903,171.04359792674757,0.2617426328648046,0.0025925259607583948,0.0016159422229975462,69.97989654541016
2026-07-22 22:00:00+00:00,bitcoin,66014.3805361474,66034.03057623748,-0.00039188322,-9.425518e-05,0.0018028148,0.0024124396,-0.009425518,DOWN,0.002791617649556299,278.94663415262903,171.04359792674757,0.2617426328648046,0.0025925259607583948,0.0016159422229975462,69.97989654541016
2026-07-22 23:00:00+00:00,bitcoin,66086.60933750309,66006.4621328949,0.0010935053,-0.000119991906,0.0013422965,0.002312575,-0.011999191,DOWN,0.002642548665092326,278.94663415262903,171.04359792674757,0.2617426328648046,0.0025925259607583948,0.0016159422229975462,69.97989654541016
2026-07-23 00:00:00+00:00,bitcoin,66033.59738606401,66076.7262511896,-0.00080253626,-0.00014953801,0.0018901852,0.0022133072,-0.014953801,DOWN,0.002625529521008632,278.94663415262903,171.04359792674757,0.2617426328648046,0.0025925259607583948,0.0016159422229975462,69.97989654541016
2026-07-23 01:00:00+00:00,bitcoin,65799.00964372791,66021.48689422756,-0.0035588492,-0.00018328169,0.001596849,0.002072961,-0.01832817,DOWN,0.0026658002127008707,278.94663415262903,171.04359792674757,0.2617426328648046,0.0025925259607583948,0.0016159422229975462,69.97989654541016
2026-07-23 02:00:00+00:00,bitcoin,65777.22543278988,65786.77140185982,-0.00033108183,-0.00018592716,0.0029180779,0.0020239642,-0.018592715,DOWN,0.0026648591236667564,278.94663415262903,171.04359792674757,0.2617426328648046,0.0025925259607583948,0.0016159422229975462,69.97989654541016
2026-07-23 03:00:00+00:00,bitcoin,65624.51025193557,65766.29977164092,-0.0023244566,-0.00016612765,0.0034348408,0.0020151248,-0.016612764,DOWN,0.002690440065425443,278.94663415262903,171.04359792674757,0.2617426328648046,0.0025925259607583948,0.0016159422229975462,69.97989654541016
2026-07-23 04:00:00+00:00,bitcoin,65570.53658397216,65615.81249136524,-0.0008227254,-0.00013247137,0.003409151,0.00207083,-0.013247137,DOWN,0.0026873800992168804,278.94663415262903,171.04359792674757,0.2617426328648046,0.0025925259607583948,0.0016159422229975462,69.97989654541016
2026-07-23 05:00:00+00:00,bitcoin,65660.19566381536,65562.40978042781,0.0013665103,-0.0001239845,0.0034265486,0.0020821136,-0.01239845,DOWN,0.0025959838880369717,278.94663415262903,171.04359792674757,0.2617426328648046,0.0025925259607583948,0.0016159422229975462,69.97989654541016
2026-07-23 06:00:00+00:00,bitcoin,65758.10707052797,65653.08810369484,0.0014899943,-0.00010843182,0.0035405874,0.002149742,-0.010843182,DOWN,0.002605681907253928,278.94663415262903,171.04359792674757,0.2617426328648046,0.0025925259607583948,0.0016159422229975462,69.97989654541016
2026-07-23 07:00:00+00:00,bitcoin,65394.811962725595,65751.37177383807,-0.005540124,-0.0001024442,0.0037057914,0.0023045975,-0.01024442,DOWN,0.002730960357465027,278.94663415262903,171.04359792674757,0.2617426328648046,0.0025925259607583948,0.0016159422229975462,69.97989654541016
2026-07-23 08:00:00+00:00,bitcoin,65619.23030350171,65389.725817775354,0.0034258647,-7.7716795e-05,0.0030969766,0.0027162526,-0.0077716797,DOWN,0.0028104497705693987,278.94663415262903,171.04359792674757,0.2617426328648046,0.0025925259607583948,0.0016159422229975462,69.97989654541016
2026-07-23 09:00:00+00:00,bitcoin,65607.07051967643,65616.83290155791,-0.00018527155,-3.6444915e-05,0.003231056,0.0031473236,-0.0036444915,DOWN,0.002801292412953961,278.94663415262903,171.04359792674757,0.2617426328648046,0.0025925259607583948,0.0016159422229975462,69.97989654541016
2026-07-23 10:00:00+00:00,bitcoin,65708.56306927744,65603.47266526893,0.001545775,-5.4869182e-05,0.002934487,0.003029274,-0.005486918,DOWN,0.002771910927046669,278.94663415262903,171.04359792674757,0.2617426328648046,0.0025925259607583948,0.0016159422229975462,69.97989654541016
2026-07-23 11:00:00+00:00,bitcoin,65525.221638932824,65705.44885425642,-0.0027941565,-4.7353176e-05,0.0029507708,0.0032086538,-0.0047353175,DOWN,0.002600782772563978,278.94663415262903,171.04359792674757,0.2617426328648046,0.0025925259607583948,0.0016159422229975462,69.97989654541016
2026-07-23 12:00:00+00:00,bitcoin,65132.14280010015,65519.71965479851,-0.0060169487,-8.390111e-05,0.002246549,0.0032606034,-0.008390111,DOWN,0.0028072553121145562,278.94663415262903,171.04359792674757,0.2617426328648046,0.0025925259607583948,0.0016159422229975462,69.97989654541016
2026-07-23 13:00:00+00:00,bitcoin,64836.000314762816,65128.74371915776,-0.0045571346,-5.2121948e-05,0.0022566249,0.0031261237,-0.0052121948,DOWN,0.0029030840114489024,278.94663415262903,171.04359792674757,0.2617426328648046,0.0025925259607583948,0.0016159422229975462,69.97989654541016
2026-07-23 14:00:00+00:00,bitcoin,64868.19923686981,64835.82609629631,0.0004965024,-2.6736461e-06,0.002235023,0.0029220365,-0.0002673646,DOWN,0.0028649339126461185,278.94663415262903,171.04359792674757,0.2617426328648046,0.0025925259607583948,0.0016159422229975462,69.97989654541016
2026-07-23 15:00:00+00:00,bitcoin,64898.249236841686,64869.8772563017,0.00046315178,2.5867777e-05,0.0032463246,0.002840218,0.0025867778,UP,0.0028700900310776223,278.94663415262903,171.04359792674757,0.2617426328648046,0.0025925259607583948,0.0016159422229975462,69.97989654541016
2026-07-23 16:00:00+00:00,bitcoin,64691.00919534266,64899.905605494976,-0.0031983892,2.5456662e-05,0.0025082028,0.0027078623,0.0025456662,UP,0.0028741719507960803,278.94663415262903,171.04359792674757,0.2617426328648046,0.0025925259607583948,0.0016159422229975462,69.97989654541016
2026-07-23 17:00:00+00:00,bitcoin,64619.122603029944,64691.96026640432,-0.0011119102,1.4674124e-05,0.0022234484,0.0026472786,0.0014674125,UP,0.0028752081872197607,278.94663415262903,171.04359792674757,0.2617426328648046,0.0025925259607583948,0.0016159422229975462,69.97989654541016
2026-07-23 18:00:00+00:00,bitcoin,64807.57986993296,64616.76776629756,0.0029121838,-3.636186e-05,0.0024217386,0.0025464906,-0.003636186,DOWN,0.0027773489983694325,278.94663415262903,171.04359792674757,0.2617426328648046,0.0025925259607583948,0.0016159422229975462,69.97989654541016
2026-07-23 19:00:00+00:00,bitcoin,64778.220596686006,64803.26720373705,-0.0004531264,-6.650956e-05,0.0026812248,0.0024587435,-0.006650956,DOWN,0.0025848617570839866,278.94663415262903,171.04359792674757,0.2617426328648046,0.0025925259607583948,0.0016159422229975462,69.97989654541016
2026-07-23 20:00:00+00:00,bitcoin,65095.283140618354,64772.57770814933,0.0048826453,-8.71502e-05,0.0014422028,0.002367599,-0.00871502,DOWN,0.0027472075283590386,278.94663415262903,171.04359792674757,0.2617426328648046,0.0025925259607583948,0.0016159422229975462,69.97989654541016
2026-07-23 21:00:00+00:00,bitcoin,65120.190728761256,65089.56215783581,0.000382599,-8.7837245e-05,0.0014632421,0.002328419,-0.008783724,DOWN,0.002630612217740327,278.94663415262903,171.04359792674757,0.2617426328648046,0.0025925259607583948,0.0016159422229975462,69.97989654541016
2026-07-23 22:00:00+00:00,bitcoin,65142.517597971484,65114.49729580921,0.0003426969,-8.7475186e-05,0.002854708,0.0023036327,-0.008747519,DOWN,0.0025607025902335,278.94663415262903,171.04359792674757,0.2617426328648046,0.0025925259607583948,0.0016159422229975462,69.97989654541016
2026-07-23 23:00:00+00:00,bitcoin,65051.2310612204,65140.09661946958,-0.0014022372,-3.7128397e-05,0.0031137222,0.002443349,-0.0037128397,DOWN,0.0025196671160736335,278.94663415262903,171.04359792674757,0.2617426328648046,0.0025925259607583948,0.0016159422229975462,69.97989654541016
2026-07-24 00:00:00+00:00,bitcoin,64925.84842445445,65050.36194112152,-0.0019292469,-1.3338489e-05,0.002801496,0.0025362337,-0.0013338489,DOWN,0.00251439834721179,278.94663415262903,171.04359792674757,0.2617426328648046,0.0025925259607583948,0.0016159422229975462,69.97989654541016
2026-07-24 01:00:00+00:00,bitcoin,65029.997835472226,64926.888690961525,0.0016028283,1.5967391e-05,0.0028653236,0.0027247323,0.001596739,UP,0.002535056250669839,278.94663415262903,171.04359792674757,0.2617426328648046,0.0025925259607583948,0.0016159422229975462,69.97989654541016
2026-07-24 02:00:00+00:00,bitcoin,65066.985651254654,65032.36441493034,0.00056850625,3.6354413e-05,0.0028749378,0.002950975,0.0036354414,UP,0.0025412070315458312,278.94663415262903,171.04359792674757,0.2617426328648046,0.0025925259607583948,0.0016159422229975462,69.97989654541016
2026-07-24 03:00:00+00:00,bitcoin,65408.00663939584,65069.873676266056,0.0052273665,4.443661e-05,0.0022708757,0.0031539218,0.004443661,UP,0.0027031880512612574,278.94663415262903,171.04359792674757,0.2617426328648046,0.0025925259607583948,0.0016159422229975462,69.97989654541016
2026-07-24 04:00:00+00:00,bitcoin,65240.9713973999,65410.0662689209,-0.0025569485,3.1605414e-05,0.0023764158,0.003481719,0.0031605414,UP,0.0027338904921484575,278.94663415262903,171.04359792674757,0.2617426328648046,0.0025925259607583948,0.0016159422229975462,69.97989654541016
2026-07-24 05:00:00+00:00,bitcoin,65268.446055244654,65239.436616081744,0.00042100652,-2.3478444e-05,0.0024358933,0.0039288998,-0.0023478444,DOWN,0.002724043192701671,278.94663415262903,171.04359792674757,0.2617426328648046,0.0025925259607583948,0.0016159422229975462,69.97989654541016
2026-07-24 06:00:00+00:00,bitcoin,65426.940101133194,65264.671703355154,0.0024254886,-5.7774974e-05,0.0022546996,0.004205464,-0.0057774973,DOWN,0.0027715119447544196,278.94663415262903,171.04359792674757,0.2617426328648046,0.0025925259607583948,0.0016159422229975462,69.97989654541016
2026-07-24 07:00:00+00:00,bitcoin,65453.982269985136,65424.24277952593,0.00041318568,-4.125513e-05,0.0025012745,0.004342379,-0.004125513,DOWN,0.0027049985846161455,278.94663415262903,171.04359792674757,0.2617426328648046,0.0025925259607583948,0.0016159422229975462,69.97989654541016
2026-07-24 08:00:00+00:00,bitcoin,65259.017742755124,65452.447233776795,-0.0029830404,-2.3366933e-05,0.0044065546,0.0042538396,-0.0023366932,DOWN,0.0027531371143362693,278.94663415262903,171.04359792674757,0.2617426328648046,0.0025925259607583948,0.0016159422229975462,69.97989654541016
2026-07-24 09:00:00+00:00,bitcoin,65064.29133345047,65257.6503425315,-0.0029884232,-2.102252e-05,0.0045787436,0.004093994,-0.002102252,DOWN,0.0027728221481871495,278.94663415262903,171.04359792674757,0.2617426328648046,0.0025925259607583948,0.0016159422229975462,69.97989654541016
2026-07-24 10:00:00+00:00,bitcoin,64903.086673291866,65062.52838973794,-0.0024806114,-2.7107018e-05,0.0049221367,0.003900353,-0.002710702,DOWN,0.0028002753504081804,278.94663415262903,171.04359792674757,0.2617426328648046,0.0025925259607583948,0.0016159422229975462,69.97989654541016
2026-07-24 11:00:00+00:00,bitcoin,65027.648631500546,64900.107210500864,0.0019173082,-4.5930814e-05,0.004252381,0.0036902458,-0.0045930813,DOWN,0.002813635858734638,278.94663415262903,171.04359792674757,0.2617426328648046,0.0025925259607583948,0.0016159422229975462,69.97989654541016
2026-07-24 12:00:00+00:00,bitcoin,64715.98330719117,65023.24535842985,-0.0048043756,-6.76815e-05,0.005169251,0.003471404,-0.0067681503,DOWN,0.002906621188109278,278.94663415262903,171.04359792674757,0.2617426328648046,0.0025925259607583948,0.0016159422229975462,69.97989654541016
2026-07-24 13:00:00+00:00,bitcoin,64056.01094541908,64712.85985397105,-0.010250281,-4.8194357e-05,0.0022403933,0.0032155449,-0.0048194355,DOWN,0.003284309166846329,278.94663415262903,171.04359792674757,0.2617426328648046,0.0025925259607583948,0.0016159422229975462,69.97989654541016
2026-07-24 14:00:00+00:00,bitcoin,63993.51047230745,64054.713586569764,-0.00097618485,-2.0214946e-05,0.002207863,0.0031614443,-0.0020214946,DOWN,0.0031911074695822484,278.94663415262903,171.04359792674757,0.2617426328648046,0.0025925259607583948,0.0016159422229975462,69.97989654541016
2026-07-24 15:00:00+00:00,bitcoin,64034.75204424281,63994.44241052028,0.00064420595,1.45094255e-05,0.002296147,0.0029959283,0.0014509426,UP,0.0032004777336096055,278.94663415262903,171.04359792674757,0.2617426328648046,0.0025925259607583948,0.0016159422229975462,69.97989654541016
2026-07-24 16:00:00+00:00,bitcoin,63889.838749334216,64036.543881207705,-0.0022655567,2.799908e-05,0.0018929596,0.00310646,0.002799908,UP,0.0031795237435895186,278.94663415262903,171.04359792674757,0.2617426328648046,0.0025925259607583948,0.0016159422229975462,69.97989654541016
2026-07-24 17:00:00+00:00,bitcoin,64117.07103296975,63891.63728168048,0.0035502883,2.8007667e-05,0.0009568666,0.0030121147,0.0028007668,UP,0.0032615935261566618,278.94663415262903,171.04359792674757,0.2617426328648046,0.0025925259607583948,0.0016159422229975462,69.97989654541016
2026-07-24 18:00:00+00:00,bitcoin,64210.907725361176,64119.07287030481,0.0014625004,3.1225165e-05,0.00045209783,0.0029976957,0.0031225164,UP,0.0031267918197259875,278.94663415262903,171.04359792674757,0.2617426328648046,0.0025925259607583948,0.0016159422229975462,69.97989654541016
2026-07-24 19:00:00+00:00,bitcoin,64161.76037429413,64212.87737225415,-0.00076571497,3.0621406e-05,0.0005551202,0.0030509592,0.0030621407,UP,0.0030315496736824463,278.94663415262903,171.04359792674757,0.2617426328648046,0.0025925259607583948,0.0016159422229975462,69.97989654541016
2026-07-24 20:00:00+00:00,bitcoin,64102.60301852063,64163.964538022876,-0.0009224722,3.4345467e-05,0.0005170469,0.0031449506,0.0034345468,UP,0.0030290494463584196,278.94663415262903,171.04359792674757,0.2617426328648046,0.0025925259607583948,0.0016159422229975462,69.97989654541016
2026-07-24 21:00:00+00:00,bitcoin,64087.29920725478,64103.45742456615,-0.00023872053,1.3239474e-05,0.00051746,0.0030028478,0.0013239475,UP,0.003024929566522084,278.94663415262903,171.04359792674757,0.2617426328648046,0.0025925259607583948,0.0016159422229975462,69.97989654541016
2026-07-24 22:00:00+00:00,bitcoin,64100.52527781157,64086.945530475816,0.00020624035,-5.507636e-06,0.0006493587,0.0029302994,-0.0005507636,DOWN,0.002980598980571943,278.94663415262903,171.04359792674757,0.2617426328648046,0.0025925259607583948,0.0016159422229975462,69.97989654541016
2026-07-24 23:00:00+00:00,bitcoin,64083.3226114267,64099.0676695453,-0.00026835236,-2.2688413e-05,0.0010121866,0.0029004542,-0.0022688413,DOWN,0.002976670606487753,278.94663415262903,171.04359792674757,0.2617426328648046,0.0025925259607583948,0.0016159422229975462,69.97989654541016
2026-07-25 00:00:00+00:00,bitcoin,64008.99729927536,64080.37153224461,-0.001160418,-4.5970897e-05,0.0014970338,0.0028718992,-0.0045970897,DOWN,0.002918518589909618,278.94663415262903,171.04359792674757,0.2617426328648046,0.0025925259607583948,0.0016159422229975462,69.97989654541016
2026-07-25 01:00:00+00:00,bitcoin,64006.48957622051,64002.361493349075,-3.9240855e-05,-0.0001036759,0.0014964519,0.0026944566,-0.01036759,DOWN,0.0029192814319651222,278.94663415262903,171.04359792674757,0.2617426328648046,0.0025925259607583948,0.0016159422229975462,69.97989654541016
2026-07-25 02:00:00+00:00,bitcoin,63980.56860057218,63994.7950487982,-0.00040500922,-0.00018273183,0.0014910047,0.002399748,-0.018273184,DOWN,0.002743173744471364,278.94663415262903,171.04359792674757,0.2617426328648046,0.0025925259607583948,0.0016159422229975462,69.97989654541016
2026-07-25 03:00:00+00:00,bitcoin,64021.42094404623,63962.90599908307,0.0006382958,-0.00027613688,0.0016350601,0.002018021,-0.027613688,DOWN,0.002746639086753098,278.94663415262903,171.04359792674757,0.2617426328648046,0.0025925259607583948,0.0016159422229975462,69.97989654541016
2026-07-25 04:00:00+00:00,bitcoin,64117.18756123632,63999.48002387397,0.0014947804,-0.00034276428,0.0018405148,0.0016183585,-0.03427643,DOWN,0.002767745627828939,278.94663415262903,171.04359792674757,0.2617426328648046,0.0025925259607583948,0.0016159422229975462,69.97989654541016
2026-07-25 05:00:00+00:00,bitcoin,63956.57373759616,64095.98871219624,-0.0025082603,-0.00033072385,0.0015470786,0.0013651814,-0.033072386,DOWN,0.0027870670503244072,278.94663415262903,171.04359792674757,0.2617426328648046,0.0025925259607583948,0.0016159422229975462,69.97989654541016
2026-07-25 06:00:00+00:00,bitcoin,63952.07583639631,63939.32433294691,-7.024056e-05,-0.0002697083,0.0015434151,0.0012654144,-0.026970832,DOWN,0.0027762929257200914,278.94663415262903,171.04359792674757,0.2617426328648046,0.0025925259607583948,0.0016159422229975462,69.97989654541016
2026-07-25 07:00:00+00:00,bitcoin,63940.49394050706,63940.40245632548,-0.00018106014,-0.00018258352,0.0015492791,0.0012220218,-0.018258352,DOWN,0.0027486357825304794,278.94663415262903,171.04359792674757,0.2617426328648046,0.0025925259607583948,0.0016159422229975462,69.97989654541016
2026-07-25 08:00:00+00:00,bitcoin,63806.71336269379,63933.43412643671,-0.0020945915,-0.00011053184,0.00072553585,0.0012128096,-0.011053184,DOWN,0.00275391020848896,278.94663415262903,171.04359792674757,0.2617426328648046,0.0025925259607583948,0.0016159422229975462,69.97989654541016
2026-07-25 09:00:00+00:00,bitcoin,63940.13396984991,63802.782256341074,0.0020887877,-6.15198e-05,0.0003273387,0.0012421841,-0.0061519803,DOWN,0.002575925679061344,278.94663415262903,171.04359792674757,0.2617426328648046,0.0025925259607583948,0.0016159422229975462,69.97989654541016
2026-07-25 10:00:00+00:00,bitcoin,64000.0779602346,63938.657810583245,0.0009371444,-2.297347e-05,0.00055774796,0.0013436208,-0.002297347,DOWN,0.002570631554194891,278.94663415262903,171.04359792674757,0.2617426328648046,0.0025925259607583948,0.0016159422229975462,69.97989654541016
2026-07-25 11:00:00+00:00,bitcoin,64005.73151324876,63998.98712025024,8.831386e-05,-1.7052447e-05,0.0005369258,0.0014120103,-0.0017052448,DOWN,0.002566624506333253,278.94663415262903,171.04359792674757,0.2617426328648046,0.0025925259607583948,0.0016159422229975462,69.97989654541016
2026-07-25 12:00:00+00:00,bitcoin,64055.97453011712,64003.876359879505,0.0007847779,-2.8933837e-05,0.0005378088,0.0014603385,-0.0028933836,DOWN,0.002515738308632927,278.94663415262903,171.04359792674757,0.2617426328648046,0.0025925259607583948,0.0016159422229975462,69.97989654541016
2026-07-25 13:00:00+00:00,bitcoin,64103.889158899896,64052.700777577,0.00074766245,-5.118557e-05,0.001022377,0.0014756048,-0.005118557,DOWN,0.002521592197443744,278.94663415262903,171.04359792674757,0.2617426328648046,0.0025925259607583948,0.0016159422229975462,69.97989654541016
2026-07-25 14:00:00+00:00,bitcoin,64149.076465757564,64099.274990327656,0.0007046621,-7.196121e-05,0.0011510664,0.0014770556,-0.007196121,DOWN,0.0024959322146915074,278.94663415262903,171.04359792674757,0.2617426328648046,0.0025925259607583948,0.0016159422229975462,69.97989654541016
2026-07-25 15:00:00+00:00,bitcoin,64117.69415561855,64143.25863165222,-0.0004892756,-9.065643e-05,0.001230543,0.0014690211,-0.009065643,DOWN,0.002453889795570698,278.94663415262903,171.04359792674757,0.2617426328648046,0.0025925259607583948,0.0016159422229975462,69.97989654541016
2026-07-25 16:00:00+00:00,bitcoin,64151.307360108476,64110.64051541942,0.00052404514,-0.00011012002,0.0012382148,0.0014242199,-0.011012002,DOWN,0.002430952787570264,278.94663415262903,171.04359792674757,0.2617426328648046,0.0025925259607583948,0.0016159422229975462,69.97989654541016
2026-07-25 17:00:00+00:00,bitcoin,64202.04165711533,64143.10289929854,0.00079048146,-0.00012791781,0.001256965,0.0013487542,-0.012791781,DOWN,0.0024026309808262234,278.94663415262903,171.04359792674757,0.2617426328648046,0.0025925259607583948,0.0016159422229975462,69.97989654541016
2026-07-25 18:00:00+00:00,bitcoin,64353.776946360245,64193.22990763653,0.0023607216,-0.00013715649,0.0007888001,0.0012725509,-0.013715649,DOWN,0.002307175604613818,278.94663415262903,171.04359792674757,0.2617426328648046,0.0025925259607583948,0.0016159422229975462,69.97989654541016
2026-07-25 19:00:00+00:00,bitcoin,64328.714399786666,64345.388554014266,-0.00038964604,-0.00013038973,0.0013855271,0.001230624,-0.013038973,DOWN,0.0013252835209535414,278.94663415262903,171.04359792674757,0.2617426328648046,0.0025925259607583948,0.0016159422229975462,69.97989654541016
2026-07-25 20:00:00+00:00,bitcoin,64276.572262565605,64321.11137479078,-0.0008108629,-0.00011811788,0.0013636252,0.0012040942,-0.011811788,DOWN,0.0013208135197445043,278.94663415262903,171.04359792674757,0.2617426328648046,0.0025925259607583948,0.0016159422229975462,69.97989654541016
2026-07-25 21:00:00+00:00,bitcoin,64288.00256000832,64270.26035551401,0.00017780463,-9.8154e-05,0.0013711246,0.001202295,-0.0098154,DOWN,0.001317509145897998,278.94663415262903,171.04359792674757,0.2617426328648046,0.0025925259607583948,0.0016159422229975462,69.97989654541016
2026-07-25 22:00:00+00:00,bitcoin,64352.26801300049,64283.05306434631,0.0009992133,-7.69574e-05,0.0013466772,0.0012196722,-0.0076957406,DOWN,0.0012456608172492498,278.94663415262903,171.04359792674757,0.2617426328648046,0.0025925259607583948,0.0016159422229975462,69.97989654541016
2026-07-25 23:00:00+00:00,bitcoin,64293.928622986656,64348.437672778266,-0.0009069813,-5.954816e-05,0.0012342376,0.0012483005,-0.005954816,DOWN,0.0010932352740334061,278.94663415262903,171.04359792674757,0.2617426328648046,0.0025925259607583948,0.0016159422229975462,69.97989654541016
2026-07-26 00:00:00+00:00,bitcoin,64450.00055053551,64291.434914337005,0.0024245088,-3.882071e-05,0.0010253581,0.0013030833,-0.0038820712,DOWN,0.0011477281513208831,278.94663415262903,171.04359792674757,0.2617426328648046,0.0025925259607583948,0.0016159422229975462,69.97989654541016
2026-07-26 01:00:00+00:00,bitcoin,64404.527935385704,64448.62473607063,-0.0007057377,-2.1367608e-05,0.0010304104,0.0013730108,-0.0021367609,DOWN,0.0011461767673371277,278.94663415262903,171.04359792674757,0.2617426328648046,0.0025925259607583948,0.0016159422229975462,69.97989654541016
2026-07-26 02:00:00+00:00,bitcoin,64460.90032439679,64404.7462233156,0.00087482255,3.2950466e-06,0.0009322981,0.0014641908,0.00032950466,UP,0.0011364076842775817,278.94663415262903,171.04359792674757,0.2617426328648046,0.0025925259607583948,0.0016159422229975462,69.97989654541016
2026-07-26 03:00:00+00:00,bitcoin,64490.46008542646,64461.53623754624,0.00045850623,9.885927e-06,0.0013480367,0.001541549,0.0009885927,UP,0.001134542090714769,278.94663415262903,171.04359792674757,0.2617426328648046,0.0025925259607583948,0.0016159422229975462,69.97989654541016
2026-07-26 04:00:00+00:00,bitcoin,64465.075617073104,64491.022151428275,-0.00039366767,8.753213e-06,0.0014271559,0.0016049253,0.0008753213,UP,0.0011398777380863996,278.94663415262903,171.04359792674757,0.2617426328648046,0.0025925259607583948,0.0016159422229975462,69.97989654541016
2026-07-26 05:00:00+00:00,bitcoin,64352.937153275125,64465.777445090935,-0.0017410101,1.0845321e-05,0.0010973391,0.001681272,0.0010845321,UP,0.0011907711809148074,278.94663415262903,171.04359792674757,0.2617426328648046,0.0025925259607583948,0.0016159422229975462,69.97989654541016
2026-07-26 06:00:00+00:00,bitcoin,64375.733338942286,64353.83896805579,0.00035406352,1.3977358e-05,0.0011089757,0.0017661495,0.0013977358,UP,0.0011655738214078417,278.94663415262903,171.04359792674757,0.2617426328648046,0.0025925259607583948,0.0016159422229975462,69.97989654541016
2026-07-26 07:00:00+00:00,bitcoin,64309.42167244968,64376.820203033276,-0.0010305556,1.6928414e-05,0.0010225985,0.0018630283,0.0016928414,UP,0.001186180358093801,278.94663415262903,171.04359792674757,0.2617426328648046,0.0025925259607583948,0.0016159422229975462,69.97989654541016
2026-07-26 08:00:00+00:00,bitcoin,64423.01315306686,64310.119506524876,0.0017647436,1.0867417e-05,0.00076286925,0.0019215164,0.0010867417,UP,0.001216494976110994,278.94663415262903,171.04359792674757,0.2617426328648046,0.0025925259607583948,0.0016159422229975462,69.97989654541016
2026-07-26 09:00:00+00:00,bitcoin,64481.63947575819,64423.47250803746,0.0009096477,7.077845e-06,0.0014978698,0.0019833224,0.0007077845,UP,0.0012206392689961159,278.94663415262903,171.04359792674757,0.2617426328648046,0.0025925259607583948,0.0016159422229975462,69.97989654541016
2026-07-26 10:00:00+00:00,bitcoin,64454.175650840625,64481.90966336988,-0.00042608412,4.18449e-06,0.0013951034,0.0020501718,0.000418449,UP,0.0012027282502612376,278.94663415262903,171.04359792674757,0.2617426328648046,0.0025925259607583948,0.0016159422229975462,69.97989654541016
2026-07-26 11:00:00+00:00,bitcoin,64450.479935933836,64454.35627986491,-5.7273435e-05,2.8619465e-06,0.0014839338,0.002122129,0.00028619464,UP,0.001092594352680484,278.94663415262903,171.04359792674757,0.2617426328648046,0.0025925259607583948,0.0016159422229975462,69.97989654541016
2026-07-26 12:00:00+00:00,bitcoin,64405.03111443366,64450.58034899784,-0.0007054292,1.511497e-06,0.0014327903,0.0021931175,0.0001511497,UP,0.0011052294108943783,278.94663415262903,171.04359792674757,0.2617426328648046,0.0025925259607583948,0.0016159422229975462,69.97989654541016
2026-07-26 13:00:00+00:00,bitcoin,64466.460351828486,64405.22319195047,0.000953348,2.9516978e-06,0.0014279512,0.0022758516,0.00029516977,UP,0.0011098788016724308,278.94663415262903,171.04359792674757,0.2617426328648046,0.0025925259607583948,0.0016159422229975462,69.97989654541016
2026-07-26 14:00:00+00:00,bitcoin,64658.97789775673,64466.59158251714,0.0029819014,1.9665813e-06,0.0007161031,0.0023398693,0.00019665813,UP,0.0011237762976168376,278.94663415262903,171.04359792674757,0.2617426328648046,0.0025925259607583948,0.0016159422229975462,69.97989654541016
2026-07-26 15:00:00+00:00,bitcoin,64710.284591436386,64661.177234820556,0.0007930908,3.391999e-05,0.0005717361,0.002472781,0.003391999,UP,0.0010823691113563756,278.94663415262903,171.04359792674757,0.2617426328648046,0.0025925259607583948,0.0016159422229975462,69.97989654541016
2026-07-26 16:00:00+00:00,bitcoin,64674.939253622666,64713.51344392821,-0.00054627325,4.9974085e-05,0.0015940295,0.002571825,0.0049974085,UP,0.0010908107919327123,278.94663415262903,171.04359792674757,0.2617426328648046,0.0025925259607583948,0.0016159422229975462,69.97989654541016
2026-07-26 17:00:00+00:00,bitcoin,64644.05573185999,64679.019918919075,-0.0004776222,6.305651e-05,0.0038844398,0.0026843818,0.0063056513,UP,0.0011003466799580912,278.94663415262903,171.04359792674757,0.2617426328648046,0.0025925259607583948,0.0016159422229975462,69.97989654541016
2026-07-26 18:00:00+00:00,bitcoin,64686.19594387896,64648.37405023724,0.0006515539,6.664948e-05,0.003981835,0.0027709592,0.006664948,UP,0.0010987193103989465,278.94663415262903,171.04359792674757,0.2617426328648046,0.0025925259607583948,0.0016159422229975462,69.97989654541016
2026-07-26 19:00:00+00:00,bitcoin,64641.084771557944,64689.761689498555,-0.00069747947,5.51986e-05,0.0047662966,0.0027953445,0.00551986,UP,0.0011112362826496555,278.94663415262903,171.04359792674757,0.2617426328648046,0.0025925259607583948,0.0016159422229975462,69.97989654541016
2026-07-26 20:00:00+00:00,bitcoin,64595.255635930225,64644.0180547405,-0.00070921413,4.5293076e-05,0.0046405834,0.0028192913,0.0045293076,UP,0.0011224669894921845,278.94663415262903,171.04359792674757,0.2617426328648046,0.0025925259607583948,0.0016159422229975462,69.97989654541016
2026-07-26 21:00:00+00:00,bitcoin,64791.120254733134,64597.53332355106,0.0030275139,3.5141646e-05,0.004645631,0.002837312,0.0035141646,UP,0.0012240052889998683,278.94663415262903,171.04359792674757,0.2617426328648046,0.0025925259607583948,0.0016159422229975462,69.97989654541016
2026-07-26 22:00:00+00:00,bitcoin,65347.961498648394,64792.71990037756,0.008557663,2.4703862e-05,0.002256754,0.0028551507,0.0024703862,UP,0.0019407724842682296,278.94663415262903,171.04359792674757,0.2617426328648046,0.0025925259607583948,0.0016159422229975462,69.97989654541016
2026-07-26 23:00:00+00:00,bitcoin,65336.31086688256,65349.2307211915,-0.00017832818,1.9324085e-05,0.0022629588,0.0032034423,0.0019324084,UP,0.0019458568454962012,278.94663415262903,171.04359792674757,0.2617426328648046,0.0025925259607583948,0.0016159422229975462,69.97989654541016
2026-07-27 00:00:00+00:00,bitcoin,65069.98974803137,65335.23764819722,-0.004084476,-1.6374706e-05,0.0012477459,0.0033445384,-0.0016374707,DOWN,0.002092639380082072,278.94663415262903,171.04359792674757,0.2617426328648046,0.0025925259607583948,0.0016159422229975462,69.97989654541016
2026-07-27 01:00:00+00:00,bitcoin,65141.42976380233,65066.730363478884,0.0010973142,-5.0085873e-05,0.0014626877,0.0033869767,-0.005008587,DOWN,0.002091616496955147,278.94663415262903,171.04359792674757,0.2617426328648046,0.0025925259607583948,0.0016159422229975462,69.97989654541016
2026-07-27 02:00:00+00:00,bitcoin,65115.38820547378,65136.58015551092,-0.00039981114,-7.4470096e-05,0.0021920365,0.0033655597,-0.0074470094,DOWN,0.0020846109641106565,278.94663415262903,171.04359792674757,0.2617426328648046,0.0025925259607583948,0.0016159422229975462,69.97989654541016
2026-07-27 03:00:00+00:00,bitcoin,65227.73525339551,65109.836656809784,0.001723756,-8.5328415e-05,0.0020319757,0.0033352904,-0.008532842,DOWN,0.0020971505400532186,278.94663415262903,171.04359792674757,0.2617426328648046,0.0025925259607583948,0.0016159422229975462,69.97989654541016
2026-07-27 04:00:00+00:00,bitcoin,65229.5344430767,65222.71510909172,2.760722e-05,-7.6837605e-05,0.002206922,0.003306893,-0.0076837605,DOWN,0.002096448696795396,278.94663415262903,171.04359792674757,0.2617426328648046,0.0025925259607583948,0.0016159422229975462,69.97989654541016
2026-07-27 05:00:00+00:00,bitcoin,65403.985048960894,65225.215588826686,0.0026709398,-6.620914e-05,0.0017999749,0.0032918996,-0.006620914,DOWN,0.002118172884014313,278.94663415262903,171.04359792674757,0.2617426328648046,0.0025925259607583948,0.0016159422229975462,69.97989654541016
2026-07-27 06:00:00+00:00,bitcoin,65357.98348130542,65400.31990426942,-0.00070356845,-5.6119447e-05,0.0023326664,0.0032410335,-0.0056119445,DOWN,0.0021007047813212895,278.94663415262903,171.04359792674757,0.2617426328648046,0.0025925259607583948,0.0016159422229975462,69.97989654541016
2026-07-27 07:00:00+00:00,bitcoin,65165.09957839502,65355.07044713362,-0.0029555974,-4.4632223e-05,0.0020546003,0.00326084,-0.0044632223,DOWN,0.002182409110984989,278.94663415262903,171.04359792674757,0.2617426328648046,0.0025925259607583948,0.0016159422229975462,69.97989654541016
2026-07-27 08:00:00+00:00,bitcoin,65104.50505176326,65162.68950986443,-0.0009304022,-3.7062622e-05,0.0023192174,0.0033103481,-0.0037062622,DOWN,0.0021935331280120373,278.94663415262903,171.04359792674757,0.2617426328648046,0.0025925259607583948,0.0016159422229975462,69.97989654541016
2026-07-27 09:00:00+00:00,bitcoin,65202.98786652088,65102.059146255255,0.0015116291,-3.7521335e-05,0.0043188236,0.0033651555,-0.0037521336,DOWN,0.0022040241549555867,278.94663415262903,171.04359792674757,0.2617426328648046,0.0025925259607583948,0.0016159422229975462,69.97989654541016
2026-07-27 10:00:00+00:00,bitcoin,65278.00359247951,65200.26391418069,0.0011497725,-4.181703e-05,0.0039921966,0.0034631474,-0.004181703,DOWN,0.0022036379279168575,278.94663415262903,171.04359792674757,0.2617426328648046,0.0025925259607583948,0.0016159422229975462,69.97989654541016
2026-07-27 11:00:00+00:00,bitcoin,65040.32997465134,65274.29199898243,-0.0036475626,-5.6785415e-05,0.0052053686,0.003514832,-0.0056785415,DOWN,0.0022934107185182376,278.94663415262903,171.04359792674757,0.2617426328648046,0.0025925259607583948,0.0016159422229975462,69.97989654541016
2026-07-27 12:00:00+00:00,bitcoin,65020.994993903674,65035.62568104174,-0.00029721556,-7.233857e-05,0.0053332765,0.0035670549,-0.0072338567,DOWN,0.002296517084725621,278.94663415262903,171.04359792674757,0.2617426328648046,0.0025925259607583948,0.0016159422229975462,69.97989654541016
2026-07-27 13:00:00+00:00,bitcoin,65161.65159153938,65015.60522937775,0.0021607871,-8.2938604e-05,0.0052048694,0.0036181626,-0.008293861,DOWN,0.002305048951294326,278.94663415262903,171.04359792674757,0.2617426328648046,0.0025925259607583948,0.0016159422229975462,69.97989654541016
2026-07-27 14:00:00+00:00,bitcoin,64611.764533988666,65156.35074755736,-0.008474617,-8.132792e-05,0.0031959708,0.0037484893,-0.008132792,DOWN,0.002802199760592148,278.94663415262903,171.04359792674757,0.2617426328648046,0.0025925259607583948,0.0016159422229975462,69.97989654541016
2026-07-27 15:00:00+00:00,bitcoin,64476.77081967797,64608.66538522113,-0.0020914676,-4.7953195e-05,0.0028270914,0.00401002,-0.0047953194,DOWN,0.0028257570526898615,278.94663415262903,171.04359792674757,0.2617426328648046,0.0025925259607583948,0.0016159422229975462,69.97989654541016
2026-07-27 16:00:00+00:00,bitcoin,64828.306941423565,64473.230022386415,0.005437372,-5.4965967e-05,0.0019780002,0.004034262,-0.005496597,DOWN,0.0029938987566771585,278.94663415262903,171.04359792674757,0.2617426328648046,0.0025925259607583948,0.0016159422229975462,69.97989654541016
2026-07-27 17:00:00+00:00,bitcoin,64951.07777194027,64824.00015758979,0.0018919732,-6.6431945e-05,0.006931145,0.0039162184,-0.0066431947,DOWN,0.003009329389052084,278.94663415262903,171.04359792674757,0.2617426328648046,0.0025925259607583948,0.0016159422229975462,69.97989654541016
2026-07-27 18:00:00+00:00,bitcoin,64805.575955852866,64946.08403713815,-0.0022426604,-7.683801e-05,0.0070402985,0.0037203575,-0.0076838015,DOWN,0.003039246574939065,278.94663415262903,171.04359792674757,0.2617426328648046,0.0025925259607583948,0.0016159422229975462,69.97989654541016
2026-07-27 19:00:00+00:00,bitcoin,64907.99410977401,64801.0780638149,0.0015790203,-6.943811e-05,0.0064563984,0.0035113243,-0.0069438107,DOWN,0.0030466682828152055,278.94663415262903,171.04359792674757,0.2617426328648046,0.0025925259607583948,0.0016159422229975462,69.97989654541016
2026-07-27 20:00:00+00:00,bitcoin,64903.49271521671,64905.253027217695,-6.933131e-05,-4.215283e-05,0.00598558,0.0032504913,-0.0042152833,DOWN,0.003002164400631778,278.94663415262903,171.04359792674757,0.2617426328648046,0.0025925259607583948,0.0016159422229975462,69.97989654541016
2026-07-27 21:00:00+00:00,bitcoin,64762.174041543854,64902.72617702535,-0.0021797053,-1.1743325e-05,0.0061876974,0.0030139838,-0.0011743325,DOWN,0.003028413047723628,278.94663415262903,171.04359792674757,0.2617426328648046,0.0025925259607583948,0.0016159422229975462,69.97989654541016
2026-07-27 22:00:00+00:00,bitcoin,63746.236827774905,64762.79721545242,-0.01581149,9.64595e-06,0.002801468,0.002746696,0.000964595,UP,0.004173220020371661,278.94663415262903,171.04359792674757,0.2617426328648046,0.0025925259607583948,0.0016159422229975462,69.97989654541016
2026-07-27 23:00:00+00:00,bitcoin,63696.46768908226,63748.42683465779,-0.0007810495,3.440761e-05,0.0028872527,0.0028849752,0.003440761,UP,0.004173597154064964,278.94663415262903,171.04359792674757,0.2617426328648046,0.0025925259607583948,0.0016159422229975462,69.97989654541016
2026-07-28 00:00:00+00:00,bitcoin,63421.940010616556,63699.99959301576,-0.004319245,5.542748e-05,0.0025248837,0.0030898857,0.005542748,UP,0.004225044570933695,278.94663415262903,171.04359792674757,0.2617426328648046,0.0025925259607583948,0.0016159422229975462,69.97989654541016
2026-07-28 01:00:00+00:00,bitcoin,63170.483469462255,63425.72920902306,-0.0039726463,5.9691563e-05,0.0015805088,0.0031826743,0.0059691565,UP,0.004268225914105533,278.94663415262903,171.04359792674757,0.2617426328648046,0.0025925259607583948,0.0016159422229975462,69.97989654541016
2026-07-28 02:00:00+00:00,bitcoin,63115.56074839551,63174.32884085458,-0.0008699249,6.0746228e-05,0.0019956748,0.0033900593,0.0060746227,UP,0.004268263035574232,278.94663415262903,171.04359792674757,0.2617426328648046,0.0025925259607583948,0.0016159422229975462,69.97989654541016
2026-07-28 03:00:00+00:00,bitcoin,63276.834695632104,63118.47036661813,0.0025520732,4.6165755e-05,0.0019957663,0.0034204463,0.0046165753,UP,0.004254509450405274,278.94663415262903,171.04359792674757,0.2617426328648046,0.0025925259607583948,0.0016159422229975462,69.97989654541016
2026-07-28 04:00:00+00:00,bitcoin,63285.46170663135,63279.231034067925,0.00013623477,3.7778034e-05,0.0020237663,0.0035641955,0.0037778034,UP,0.003875269825338557,278.94663415262903,171.04359792674757,0.2617426328648046,0.0025925259607583948,0.0016159422229975462,69.97989654541016
2026-07-28 05:00:00+00:00,bitcoin,63385.51985888649,63287.51296393573,0.0015798191,3.241776e-05,0.0019678692,0.0036874472,0.003241776,UP,0.003902309193342169,278.94663415262903,171.04359792674757,0.2617426328648046,0.0025925259607583948,0.0016159422229975462,69.97989654541016
2026-07-28 06:00:00+00:00,bitcoin,63564.290312598925,63387.159214226995,0.0028163833,2.5863113e-05,0.0012740116,0.0035683545,0.0025863114,UP,0.00391810139529286,278.94663415262903,171.04359792674757,0.2617426328648046,0.0025925259607583948,0.0016159422229975462,69.97989654541016
2026-07-28 07:00:00+00:00,bitcoin,63435.79817943182,63566.054609221406,-0.0020234366,2.7832903e-05,0.001044819,0.0035541651,0.0027832903,UP,0.00390812695523951,278.94663415262903,171.04359792674757,0.2617426328648046,0.0025925259607583948,0.0016159422229975462,69.97989654541016
2026-07-28 08:00:00+00:00,bitcoin,63353.51717134705,63437.37370569259,-0.0012980443,2.484961e-05,0.0034565912,0.0035998898,0.0024849612,UP,0.003907785749582552,278.94663415262903,171.04359792674757,0.2617426328648046,0.0025925259607583948,0.0016159422229975462,69.97989654541016
2026-07-28 09:00:00+00:00,bitcoin,63322.2828460983,63354.33492240636,-0.0004930771,1.2943463e-05,0.004386942,0.003569231,0.0012943463,UP,0.0038771380350209957,278.94663415262903,171.04359792674757,0.2617426328648046,0.0025925259607583948,0.0016159422229975462,69.97989654541016
2026-07-28 10:00:00+00:00,bitcoin,63401.103774644434,63319.93363410607,0.0012440976,-3.7128986e-05,0.005753293,0.0034023607,-0.0037128986,DOWN,0.003894382647947529,278.94663415262903,171.04359792674757,0.2617426328648046,0.0025925259607583948,0.0016159422229975462,69.97989654541016
2026-07-28 11:00:00+00:00,bitcoin,63414.07890506834,63393.22260074224,0.0002045299,-0.00012443266,0.005712123,0.0030762753,-0.012443266,DOWN,0.0038410794168659023,278.94663415262903,171.04359792674757,0.2617426328648046,0.0025925259607583948,0.0016159422229975462,69.97989654541016
2026-07-28 12:00:00+00:00,bitcoin,63475.12146864645,63401.268472268246,0.0009621461,-0.00020196137,0.0066224704,0.0026600396,-0.020196138,DOWN,0.003857854235968889,278.94663415262903,171.04359792674757,0.2617426328648046,0.0025925259607583948,0.0016159422229975462,69.97989654541016
2026-07-28 13:00:00+00:00,bitcoin,63026.07170155668,63458.43624663213,-0.00709958,-0.0002628059,0.0051622996,0.0021449807,-0.02628059,DOWN,0.004001757032603294,278.94663415262903,171.04359792674757,0.2617426328648046,0.0025925259607583948,0.0016159422229975462,69.97989654541016
2026-07-28 14:00:00+00:00,bitcoin,63336.0462444881,63012.40738906106,0.004906234,-0.00021671211,0.004930784,0.002124102,-0.021671211,DOWN,0.00415022518099189,278.94663415262903,171.04359792674757,0.2617426328648046,0.0025925259607583948,0.0016159422229975462,69.97989654541016
2026-07-28 15:00:00+00:00,bitcoin,63857.58399721561,63327.11129043996,0.008200755,-0.00014108433,0.0032215805,0.0022850302,-0.014108432,DOWN,0.004455686589840291,278.94663415262903,171.04359792674757,0.2617426328648046,0.0025925259607583948,0.0016159422229975462,69.97989654541016
2026-07-28 16:00:00+00:00,bitcoin,63973.39755753195,63853.77602237323,0.0018119022,-5.9749756e-05,0.0031135543,0.0029011967,-0.0059749754,DOWN,0.004466737429504931,278.94663415262903,171.04359792674757,0.2617426328648046,0.0025925259607583948,0.0016159422229975462,69.97989654541016
2026-07-28 17:00:00+00:00,bitcoin,63615.9230297734,63966.83988539502,-0.005603565,-0.000102525235,0.0019988585,0.0034758297,-0.010252523,DOWN,0.004525257557204841,278.94663415262903,171.04359792674757,0.2617426328648046,0.0025925259607583948,0.0016159422229975462,69.97989654541016
2026-07-28 18:00:00+00:00,bitcoin,63656.570018440485,63606.43857213203,0.00063888513,-0.0001490768,0.002187926,0.0038420323,-0.01490768,DOWN,0.004531554735383287,278.94663415262903,171.04359792674757,0.2617426328648046,0.0025925259607583948,0.0016159422229975462,69.97989654541016
2026-07-28 19:00:00+00:00,bitcoin,63817.55961899087,63649.41841727961,0.0025256975,-0.00011244509,0.0019144889,0.0037440646,-0.011244508,DOWN,0.004539998654199506,278.94663415262903,171.04359792674757,0.2617426328648046,0.0025925259607583948,0.0016159422229975462,69.97989654541016
2026-07-28 20:00:00+00:00,bitcoin,63834.47799805552,63811.92893584259,0.000265125,-8.817452e-05,0.0027227984,0.003535799,-0.008817452,DOWN,0.00429909175490573,278.94663415262903,171.04359792674757,0.2617426328648046,0.0025925259607583948,0.0016159422229975462,69.97989654541016
2026-07-28 21:00:00+00:00,bitcoin,63892.892242440954,63830.7289048587,0.00091460685,-5.878759e-05,0.0034726958,0.0032468436,-0.005878759,DOWN,0.004293236450282729,278.94663415262903,171.04359792674757,0.2617426328648046,0.0025925259607583948,0.0016159422229975462,69.97989654541016
2026-07-28 22:00:00+00:00,bitcoin,63704.938951074146,63892.620234773494,-0.0029459647,-4.200896e-06,0.0035951224,0.0028851405,-0.0004200896,DOWN,0.004177787420295491,278.94663415262903,171.04359792674757,0.2617426328648046,0.0025925259607583948,0.0016159422229975462,69.97989654541016
2026-07-28 23:00:00+00:00,bitcoin,63847.12040817831,63708.73092243215,0.0022293602,5.951924e-05,0.0038239874,0.0026124087,0.005951924,UP,0.004185123293204395,278.94663415262903,171.04359792674757,0.2617426328648046,0.0025925259607583948,0.0016159422229975462,69.97989654541016
2026-07-29 00:00:00+00:00,bitcoin,63883.000148872845,63850.01333832927,0.00056179246,4.5283487e-05,0.0038786668,0.0024656178,0.004528349,UP,0.004177658466966149,278.94663415262903,171.04359792674757,0.2617426328648046,0.0025925259607583948,0.0016159422229975462,69.97989654541016
2026-07-29 01:00:00+00:00,bitcoin,63619.0752595067,63879.16943013668,-0.0041398895,-5.9932965e-05,0.0035872646,0.0023295684,-0.0059932964,DOWN,0.004211043586711991,278.94663415262903,171.04359792674757,0.2617426328648046,0.0025925259607583948,0.0016159422229975462,69.97989654541016
2026-07-29 02:00:00+00:00,bitcoin,63883.008390644565,63609.13172853459,0.0041400725,-0.00015628744,0.0034357726,0.0021859927,-0.015628744,DOWN,0.00430089333838276,278.94663415262903,171.04359792674757,0.2617426328648046,0.0025925259607583948,0.0016159422229975462,69.97989654541016
2026-07-29 03:00:00+00:00,bitcoin,63659.94761845423,63872.40720679541,-0.0034978443,-0.00016594813,0.0029082608,0.0021139644,-0.016594814,DOWN,0.004324995266646942,278.94663415262903,171.04359792674757,0.2617426328648046,0.0025925259607583948,0.0016159422229975462,69.97989654541016
2026-07-29 04:00:00+00:00,bitcoin,63878.15163324913,63651.37760440796,0.003421897,-0.00013462742,0.0030087659,0.0021327075,-0.013462742,DOWN,0.0033086481159447186,278.94663415262903,171.04359792674757,0.2617426328648046,0.0025925259607583948,0.0016159422229975462,69.97989654541016
2026-07-29 05:00:00+00:00,bitcoin,63976.87171722716,63873.99482231075,0.0015441076,-6.5178094e-05,0.003955118,0.0022874863,-0.0065178094,DOWN,0.003315170206126475,278.94663415262903,171.04359792674757,0.2617426328648046,0.0025925259607583948,0.0016159422229975462,69.97989654541016
2026-07-29 06:00:00+00:00,bitcoin,64352.60500947293,63978.67860680213,0.005855732,2.8255232e-05,0.0030355423,0.0025667185,0.0028255233,UP,0.0033635429214087936,278.94663415262903,171.04359792674757,0.2617426328648046,0.0025925259607583948,0.0016159422229975462,69.97989654541016
2026-07-29 07:00:00+00:00,bitcoin,64477.69186604954,64359.51351904962,0.0019419328,0.0001073559,0.0032831116,0.0031594671,0.01073559,UP,0.0032651786185104344,278.94663415262903,171.04359792674757,0.2617426328648046,0.0025925259607583948,0.0016159422229975462,69.97989654541016
2026-07-29 08:00:00+00:00,bitcoin,64342.34649215615,64480.5507246498,-0.0021012241,4.4393048e-05,0.0043536946,0.0036031217,0.0044393046,UP,0.003293000829745727,278.94663415262903,171.04359792674757,0.2617426328648046,0.0025925259607583948,0.0016159422229975462,69.97989654541016
2026-07-29 09:00:00+00:00,bitcoin,64611.25364507176,64343.724529377185,0.0041704737,2.1341024e-05,0.0055760033,0.0039286357,0.0021341024,UP,0.0033384800095902127,278.94663415262903,171.04359792674757,0.2617426328648046,0.0025925259607583948,0.0016159422229975462,69.97989654541016
2026-07-29 10:00:00+00:00,bitcoin,64395.340213775635,64612.25129395723,-0.0033472762,1.5483958e-05,0.005523462,0.004201839,0.0015483958,UP,0.003418211808510451,278.94663415262903,171.04359792674757,0.2617426328648046,0.0025925259607583948,0.0016159422229975462,69.97989654541016
2026-07-29 11:00:00+00:00,bitcoin,64436.99265599158,64396.84444220178,0.00064673455,2.3396271e-05,0.005375524,0.004389166,0.0023396271,UP,0.003413079378551274,278.94663415262903,171.04359792674757,0.2617426328648046,0.0025925259607583948,0.0016159422229975462,69.97989654541016
2026-07-29 12:00:00+00:00,bitcoin,64201.90418869257,64440.472033023834,-0.0036550388,5.3951713e-05,0.006720584,0.0045404895,0.005395171,UP,0.0034688540533570735,278.94663415262903,171.04359792674757,0.2617426328648046,0.0025925259607583948,0.0016159422229975462,69.97989654541016
2026-07-29 13:00:00+00:00,bitcoin,64590.45356808929,64206.80837327242,0.0060337726,7.626281e-05,0.0062582158,0.0046874397,0.007626281,UP,0.0035904892845594746,278.94663415262903,171.04359792674757,0.2617426328648046,0.0025925259607583948,0.0016159422229975462,69.97989654541016
2026-07-29 14:00:00+00:00,bitcoin,64014.64036861062,64595.50429533888,-0.008954919,7.8008794e-05,0.008082259,0.0047208727,0.0078008794,UP,0.003978278758847641,278.94663415262903,171.04359792674757,0.2617426328648046,0.0025925259607583948,0.0016159422229975462,69.97989654541016
2026-07-29 15:00:00+00:00,bitcoin,63871.92686347384,64018.38751465641,-0.0022319593,5.854186e-05,0.008072715,0.004657169,0.005854186,UP,0.00400357599412147,278.94663415262903,171.04359792674757,0.2617426328648046,0.0025925259607583948,0.0016159422229975462,69.97989654541016
2026-07-29 16:00:00+00:00,bitcoin,63716.65841592383,63872.72897240147,-0.002433788,1.2655741e-05,0.008553852,0.004368941,0.001265574,UP,0.004029691496594304,278.94663415262903,171.04359792674757,0.2617426328648046,0.0025925259607583948,0.0016159422229975462,69.97989654541016
2026-07-29 17:00:00+00:00,bitcoin,64183.008301688824,63714.643519726815,0.007292491,-3.1577998e-05,0.0076758587,0.0040240204,-0.0031577998,DOWN,0.0042356780698776415,278.94663415262903,171.04359792674757,0.2617426328648046,0.0025925259607583948,0.0016159422229975462,69.97989654541016
2026-07-29 18:00:00+00:00,bitcoin,64421.515275156125,64179.72934913309,0.0037090494,-5.112221e-05,0.0073217642,0.003719923,-0.005112221,DOWN,0.004277674341112913,278.94663415262903,171.04359792674757,0.2617426328648046,0.0025925259607583948,0.0016159422229975462,69.97989654541016
2026-07-29 19:00:00+00:00,bitcoin,63527.94305911171,64418.76240668353,-0.0139677785,-4.272772e-05,0.0036780399,0.003566902,-0.004272772,DOWN,0.004836257766566525,278.94663415262903,171.04359792674757,0.2617426328648046,0.0025925259607583948,0.0016159422229975462,69.97989654541016
2026-07-29 20:00:00+00:00,bitcoin,63437.0147318251,63526.866023101844,-0.001432359,-1.6879163e-05,0.0052018277,0.0034654734,-0.0016879163,DOWN,0.004764485216243472,278.94663415262903,171.04359792674757,0.2617426328648046,0.0025925259607583948,0.0016159422229975462,69.97989654541016
2026-07-29 21:00:00+00:00,bitcoin,63778.19159277715,63439.28796536056,0.005363954,3.575928e-05,0.005080681,0.0032147672,0.003575928,UP,0.004622000301411534,278.94663415262903,171.04359792674757,0.2617426328648046,0.0025925259607583948,0.0016159422229975462,69.97989654541016
2026-07-29 22:00:00+00:00,bitcoin,63852.077120996546,63782.738182179164,0.0011577021,7.108555e-05,0.0051230155,0.0029926358,0.007108555,UP,0.004614525501734344,278.94663415262903,171.04359792674757,0.2617426328648046,0.0025925259607583948,0.0016159422229975462,69.97989654541016
2026-07-29 23:00:00+00:00,bitcoin,63897.5812314786,63856.85069906525,0.00071233074,7.4692405e-05,0.0052778274,0.0028564988,0.0074692406,UP,0.0044957787896569065,278.94663415262903,171.04359792674757,0.2617426328648046,0.0025925259607583948,0.0016159422229975462,69.97989654541016
2026-07-30 00:00:00+00:00,bitcoin,63600.59932041913,63901.85898290947,-0.004658531,6.7008965e-05,0.0045800735,0.0027874676,0.0067008967,UP,0.004579077197382207,278.94663415262903,171.04359792674757,0.2617426328648046,0.0025925259607583948,0.0016159422229975462,69.97989654541016
2026-07-30 01:00:00+00:00,bitcoin,64183.75436558481,63604.07401889749,0.009127134,5.4606433e-05,0.00090452295,0.002803117,0.005460643,UP,0.0048584409150805525,278.94663415262903,171.04359792674757,0.2617426328648046,0.0025925259607583948,0.0016159422229975462,69.97989654541016
2026-07-30 02:00:00+00:00,bitcoin,64103.35014760494,64187.75162950158,-0.0012534143,6.23009e-05,0.00094148965,0.002972119,0.00623009,UP,0.004865659702865449,278.94663415262903,171.04359792674757,0.2617426328648046,0.0025925259607583948,0.0016159422229975462,69.97989654541016
2026-07-30 03:00:00+00:00,bitcoin,64071.42447724007,64106.33183134906,-0.0004982211,4.6538895e-05,0.0025003967,0.002907005,0.0046538897,UP,0.004864854081955424,278.94663415262903,171.04359792674757,0.2617426328648046,0.0025925259607583948,0.0016159422229975462,69.97989654541016
2026-07-30 04:00:00+00:00,bitcoin,63933.2788396189,64074.02640186064,-0.0021583687,4.0586376e-05,0.0024603726,0.0029477288,0.0040586377,UP,0.004849983860950963,278.94663415262903,171.04359792674757,0.2617426328648046,0.0025925259607583948,0.0016159422229975462,69.97989654541016
2026-07-30 05:00:00+00:00,bitcoin,63947.7238807641,63935.67438248545,0.00022579584,3.738657e-05,0.0025180317,0.0030510593,0.0037386569,UP,0.004833817284890959,278.94663415262903,171.04359792674757,0.2617426328648046,0.0025925259607583948,0.0016159422229975462,69.97989654541016
2026-07-30 06:00:00+00:00,bitcoin,63915.30887624435,63949.876104880124,-0.0005069511,3.3655146e-05,0.0022985425,0.0032538783,0.0033655146,UP,0.004833957701313866,278.94663415262903,171.04359792674757,0.2617426328648046,0.0025925259607583948,0.0016159422229975462,69.97989654541016
2026-07-30 07:00:00+00:00,bitcoin,63918.31059737038,63917.114367501345,4.693601e-05,2.8195607e-05,0.0019107624,0.0035160794,0.0028195607,UP,0.004769747497946843,278.94663415262903,171.04359792674757,0.2617426328648046,0.0025925259607583948,0.0016159422229975462,69.97989654541016
2026-07-30 08:00:00+00:00,bitcoin,64211.87870615721,63920.358281256165,0.004582383,3.1996577e-05,0.0016831803,0.0037774493,0.0031996577,UP,0.004783204364055239,278.94663415262903,171.04359792674757,0.2617426328648046,0.0025925259607583948,0.0016159422229975462,69.97989654541016
2026-07-30 09:00:00+00:00,bitcoin,64480.572517081164,64213.69305888424,0.0041757193,2.8252087e-05,0.003390394,0.003956129,0.0028252087,UP,0.004785205518944168,278.94663415262903,171.04359792674757,0.2617426328648046,0.0025925259607583948,0.0016159422229975462,69.97989654541016
2026-07-30 10:00:00+00:00,bitcoin,64472.291754934005,64481.23905391898,-0.0001284384,1.040604e-05,0.0033772408,0.0044380925,0.001040604,UP,0.0047525277812252974,278.94663415262903,171.04359792674757,0.2617426328648046,0.0025925259607583948,0.0016159422229975462,69.97989654541016
2026-07-30 11:00:00+00:00,bitcoin,64700.83859775681,64473.21903168876,0.0035386775,1.4420008e-05,0.0030277187,0.0047722594,0.0014420007,UP,0.004784228319137946,278.94663415262903,171.04359792674757,0.2617426328648046,0.0025925259607583948,0.0016159422229975462,69.97989654541016
2026-07-30 12:00:00+00:00,bitcoin,64839.60336799966,64703.82475197548,0.00214237,4.6147245e-05,0.0028718044,0.0051747975,0.0046147243,UP,0.004684168332694631,278.94663415262903,171.04359792674757,0.2617426328648046,0.0025925259607583948,0.0016159422229975462,69.97989654541016
2026-07-30 13:00:00+00:00,bitcoin,64950.001765861176,64843.80640116334,0.0017011912,6.481075e-05,0.002861184,0.0055170413,0.006481075,UP,0.004681388404156601,278.94663415262903,171.04359792674757,0.2617426328648046,0.0025925259607583948,0.0016159422229975462,69.97989654541016
2026-07-30 14:00:00+00:00,bitcoin,64614.51900601387,64952.98866033554,-0.005178597,4.5962042e-05,0.0017438045,0.0055151638,0.004596204,UP,0.004767215051147709,278.94663415262903,171.04359792674757,0.2617426328648046,0.0025925259607583948,0.0016159422229975462,69.97989654541016
2026-07-30 15:00:00+00:00,bitcoin,64658.40923646558,64615.305201648735,0.00067903823,1.2151506e-05,0.0017494055,0.0052046515,0.0012151506,UP,0.004707709657374261,278.94663415262903,171.04359792674757,0.2617426328648046,0.0025925259607583948,0.0016159422229975462,69.97989654541016
2026-07-30 16:00:00+00:00,bitcoin,64750.44228092022,64655.60448678769,0.0014223334,-4.3324e-05,0.0016158177,0.004590571,-0.0043324,DOWN,0.004670086495920602,278.94663415262903,171.04359792674757,0.2617426328648046,0.0025925259607583948,0.0016159422229975462,69.97989654541016
2026-07-30 17:00:00+00:00,bitcoin,64809.66045504436,64745.157850606134,0.0009141511,-8.1592676e-05,0.001817984,0.0040276772,-0.008159268,DOWN,0.004671237234885416,278.94663415262903,171.04359792674757,0.2617426328648046,0.0025925259607583948,0.0016159422229975462,69.97989654541016
2026-07-30 18:00:00+00:00,bitcoin,64634.02310071443,64804.52628670051,-0.0027137783,-7.924578e-05,0.0012820443,0.003622504,-0.007924578,DOWN,0.004647644529791975,278.94663415262903,171.04359792674757,0.2617426328648046,0.0025925259607583948,0.0016159422229975462,69.97989654541016
2026-07-30 19:00:00+00:00,bitcoin,64727.51940953871,64630.85278629931,0.0014455613,-4.8943904e-05,0.0011414379,0.0032364961,-0.0048943902,DOWN,0.004523243934702231,278.94663415262903,171.04359792674757,0.2617426328648046,0.0025925259607583948,0.0016159422229975462,69.97989654541016
2026-07-30 20:00:00+00:00,bitcoin,64711.32339197444,64727.51953125,-0.00025017848,-1.8751052e-08,0.0016633892,0.0028269065,-1.8751052e-06,DOWN,0.0041936724683740555,278.94663415262903,171.04359792674757,0.2617426328648046,0.0025925259607583948,0.0016159422229975462,69.97989654541016
2026-07-30 21:00:00+00:00,bitcoin,64670.67819314543,64711.25098308548,-0.00062834757,-1.1338125e-06,0.002256866,0.0025726813,-0.00011338125,DOWN,0.0041695748618737535,278.94663415262903,171.04359792674757,0.2617426328648046,0.0025925259607583948,0.0016159422229975462,69.97989654541016
2026-07-30 22:00:00+00:00,bitcoin,64788.794574200176,64664.46210012818,0.0018246546,-9.61324e-05,0.001990524,0.0023701487,-0.00961324,DOWN,0.004141455851575021,278.94663415262903,171.04359792674757,0.2617426328648046,0.0025925259607583948,0.0016159422229975462,69.97989654541016
2026-07-30 23:00:00+00:00,bitcoin,64721.888750689104,64776.435443388764,-0.0010330954,-0.0001906528,0.0020008802,0.002116697,-0.019065281,DOWN,0.003947943151285167,278.94663415262903,171.04359792674757,0.2617426328648046,0.0025925259607583948,0.0016159422229975462,69.97989654541016
2026-07-31 00:00:00+00:00,bitcoin,64677.11786516942,64708.06839525048,-0.000691961,-0.0002136207,0.0022422476,0.0019389627,-0.02136207,DOWN,0.003897602533759952,278.94663415262903,171.04359792674757,0.2617426328648046,0.0025925259607583948,0.0016159422229975462,69.97989654541016
2026-07-31 01:00:00+00:00,bitcoin,64493.68206965178,64664.61914445716,-0.0028402938,-0.00019326445,0.0021007857,0.0019012695,-0.019326445,DOWN,0.0029305883767395294,278.94663415262903,171.04359792674757,0.2617426328648046,0.0025925259607583948,0.0016159422229975462,69.97989654541016
2026-07-31 02:00:00+00:00,bitcoin,64230.034364718944,64485.410979210865,-0.004096352,-0.00012819548,0.0023164279,0.0019628902,-0.012819547,DOWN,0.0030296492138894666,278.94663415262903,171.04359792674757,0.2617426328648046,0.0025925259607583948,0.0016159422229975462,69.97989654541016
2026-07-31 03:00:00+00:00,bitcoin,64296.76040486619,64228.08259022795,0.0010383901,-3.0308305e-05,0.0019800027,0.002180968,-0.0030308305,DOWN,0.002884814817266619,278.94663415262903,171.04359792674757,0.2617426328648046,0.0025925259607583948,0.0016159422229975462,69.97989654541016
2026-07-31 04:00:00+00:00,bitcoin,64240.00025499961,64297.84245150117,-0.0008831982,1.6675262e-05,0.0019296046,0.0023002466,0.0016675262,UP,0.0028873067705199214,278.94663415262903,171.04359792674757,0.2617426328648046,0.0025925259607583948,0.0016159422229975462,69.97989654541016
2026-07-31 05:00:00+00:00,bitcoin,64290.12929916382,64243.1014919281,0.0007800336,4.8355454e-05,0.00284149,0.00245218,0.0048355456,UP,0.002887743196664643,278.94663415262903,171.04359792674757,0.2617426328648046,0.0025925259607583948,0.0016159422229975462,69.97989654541016
2026-07-31 06:00:00+00:00,bitcoin,64171.068967752624,64293.14085062267,-0.0018536123,4.688328e-05,0.0028375036,0.0024484608,0.004688328,UP,0.0027682714222818706,278.94663415262903,171.04359792674757,0.2617426328648046,0.0025925259607583948,0.0016159422229975462,69.97989654541016
2026-07-31 07:00:00+00:00,bitcoin,63872.11278422503,64174.66571271978,-0.004669698,5.603875e-05,0.0021561994,0.0025316689,0.005603875,UP,0.0023623020002197727,278.94663415262903,171.04359792674757,0.2617426328648046,0.0025925259607583948,0.0016159422229975462,69.97989654541016
2026-07-31 08:00:00+00:00,bitcoin,63754.299457990564,63878.13216668554,-0.001846148,9.428651e-05,0.0038449008,0.0033501268,0.009428651,UP,0.002374186236457494,278.94663415262903,171.04359792674757,0.2617426328648046,0.0025925259607583948,0.0016159422229975462,69.97989654541016
2026-07-31 09:00:00+00:00,bitcoin,63646.70229610079,63755.52439813921,-0.0016891796,1.9234481e-05,0.005174933,0.0037494597,0.0019234482,UP,0.0023895806371450343,278.94663415262903,171.04359792674757,0.2617426328648046,0.0025925259607583948,0.0016159422229975462,69.97989654541016
2026-07-31 10:00:00+00:00,bitcoin,63850.41762757581,63644.87827207893,0.0031957242,-2.8592078e-05,0.0043958854,0.004022313,-0.0028592078,DOWN,0.0024394633238312017,278.94663415262903,171.04359792674757,0.2617426328648046,0.0025925259607583948,0.0016159422229975462,69.97989654541016
2026-07-31 11:00:00+00:00,bitcoin,63738.737404802814,63846.684597356245,-0.0017506756,-5.8506826e-05,0.005373661,0.0042345347,-0.0058506825,DOWN,0.002458606058890865,278.94663415262903,171.04359792674757,0.2617426328648046,0.0025925259607583948,0.0016159422229975462,69.97989654541016
2026-07-31 12:00:00+00:00,bitcoin,63677.86110459454,63733.75003031711,-0.00095558836,-7.826057e-05,0.006676573,0.004205039,-0.007826057,DOWN,0.0024624845291573542,278.94663415262903,171.04359792674757,0.2617426328648046,0.0025925259607583948,0.0016159422229975462,69.97989654541016
2026-07-31 13:00:00+00:00,bitcoin,63196.74227819592,63673.464190414175,-0.007584235,-6.899316e-05,0.005863383,0.0041710082,-0.0068993163,DOWN,0.0028111038944803124,278.94663415262903,171.04359792674757,0.2617426328648046,0.0025925259607583948,0.0016159422229975462,69.97989654541016
2026-07-31 14:00:00+00:00,bitcoin,62598.02121364395,63192.730385689065,-0.00951905,-6.3426814e-05,0.00348362,0.004007919,-0.0063426816,DOWN,0.003111123655969704,278.94663415262903,171.04359792674757,0.2617426328648046,0.0025925259607583948,0.0016159422229975462,69.97989654541016
2026-07-31 15:00:00+00:00,bitcoin,62625.75677187415,62596.176351687405,0.00044308175,-2.937767e-05,0.0035044013,0.0040789098,-0.002937767,DOWN,0.002974621365714183,278.94663415262903,171.04359792674757,0.2617426328648046,0.0025925259607583948,0.0016159422229975462,69.97989654541016
2026-07-31 16:00:00+00:00,bitcoin,62813.84935387876,62624.97036805842,0.002998893,-1.2676885e-05,0.0032940728,0.0037417067,-0.0012676885,DOWN,0.003058869812314678,278.94663415262903,171.04359792674757,0.2617426328648046,0.0025925259607583948,0.0016159422229975462,69.97989654541016
2026-07-31 17:00:00+00:00,bitcoin,63177.96278882958,62814.922345730476,0.0057799052,1.7044851e-05,0.0012290752,0.0034130332,0.0017044852,UP,0.0031953579646908695,278.94663415262903,171.04359792674757,0.2617426328648046,0.0025925259607583948,0.0016159422229975462,69.97989654541016
2026-07-31 18:00:00+00:00,bitcoin,63026.46682974603,63179.65550246369,-0.0024007438,2.6704518e-05,0.0009304519,0.0032799821,0.0026704518,UP,0.003158983194956782,278.94663415262903,171.04359792674757,0.2617426328648046,0.0025925259607583948,0.0016159422229975462,69.97989654541016
2026-07-31 19:00:00+00:00,bitcoin,62891.88979384303,63028.65513210371,-0.0021375464,3.468671e-05,0.0006313489,0.0032465926,0.0034686709,UP,0.003125806618360254,278.94663415262903,171.04359792674757,0.2617426328648046,0.0025925259607583948,0.0016159422229975462,69.97989654541016
2026-07-31 20:00:00+00:00,bitcoin,62892.400441236794,62894.17730076797,8.074339e-06,3.631681e-05,0.00066896953,0.0031715697,0.0036316812,UP,0.0030333120384094608,278.94663415262903,171.04359792674757,0.2617426328648046,0.0025925259607583948,0.0016159422229975462,69.97989654541016
2026-07-31 21:00:00+00:00,bitcoin,62895.70477243792,62894.550179285,5.2481613e-05,3.4119184e-05,0.00095964054,0.0030745259,0.0034119184,UP,0.003024235620088584,278.94663415262903,171.04359792674757,0.2617426328648046,0.0025925259607583948,0.0016159422229975462,69.97989654541016
2026-07-31 22:00:00+00:00,bitcoin,62884.93619629997,62897.79109145189,-0.00017105672,3.3225373e-05,0.0011273902,0.0028888243,0.0033225373,UP,0.00299557232477056,278.94663415262903,171.04359792674757,0.2617426328648046,0.0025925259607583948,0.0016159422229975462,69.97989654541016
2026-07-31 23:00:00+00:00,bitcoin,62824.74850690109,62885.27874736348,-0.00095762557,5.3259027e-06,0.0010541077,0.0027616308,0.00053259026,UP,0.00297439238852247,278.94663415262903,171.04359792674757,0.2617426328648046,0.0025925259607583948,0.0016159422229975462,69.97989654541016
2026-08-01 00:00:00+00:00,bitcoin,62875.752090871334,62821.911557644606,0.0008114527,-4.5178167e-05,0.0013092749,0.0026489566,-0.004517817,DOWN,0.0029753791847392293,278.94663415262903,171.04359792674757,0.2617426328648046,0.0025925259607583948,0.0016159422229975462,69.97989654541016
2026-08-01 01:00:00+00:00,bitcoin,62903.0331594944,62867.95855925977,0.00043392155,-0.00012391641,0.0013259475,0.0023877926,-0.012391641,DOWN,0.0029533311403535847,278.94663415262903,171.04359792674757,0.2617426328648046,0.0025925259607583948,0.0016159422229975462,69.97989654541016
2026-08-01 02:00:00+00:00,bitcoin,63001.735985772684,62889.646515397355,0.0015678394,-0.00021286927,0.0011544056,0.0020847046,-0.021286927,DOWN,0.002986651368236494,278.94663415262903,171.04359792674757,0.2617426328648046,0.0025925259607583948,0.0016159422229975462,69.97989654541016
2026-08-01 03:00:00+00:00,bitcoin,62938.54208388715,62983.315288543236,-0.001003638,-0.00029237143,0.0011073123,0.0017934071,-0.029237144,DOWN,0.0029863121252221483,278.94663415262903,171.04359792674757,0.2617426328648046,0.0025925259607583948,0.0016159422229975462,69.97989654541016
2026-08-01 04:00:00+00:00,bitcoin,63035.70858328324,62918.62647596933,0.0015427263,-0.00031641393,0.0010439788,0.0015621416,-0.031641394,DOWN,0.0029778542021769647,278.94663415262903,171.04359792674757,0.2617426328648046,0.0025925259607583948,0.0016159422229975462,69.97989654541016
2026-08-01 05:00:00+00:00,bitcoin,62965.770265632775,63016.473965168,-0.001110168,-0.00030518766,0.0008902402,0.0013806922,-0.030518766,DOWN,0.002977996945632232,278.94663415262903,171.04359792674757,0.2617426328648046,0.0025925259607583948,0.0016159422229975462,69.97989654541016
2026-08-01 06:00:00+00:00,bitcoin,63013.193100440316,62949.781528341584,0.0007529779,-0.0002539978,0.00082655763,0.0012779367,-0.02539978,DOWN,0.0029933324322558665,278.94663415262903,171.04359792674757,0.2617426328648046,0.0025925259607583948,0.0016159422229975462,69.97989654541016
2026-08-01 07:00:00+00:00,bitcoin,62988.58694133279,63000.86866682558,-0.00039061945,-0.00019568672,0.000803821,0.0012182655,-0.019568672,DOWN,0.002970988284772821,278.94663415262903,171.04359792674757,0.2617426328648046,0.0025925259607583948,0.0016159422229975462,69.97989654541016
2026-08-01 08:00:00+00:00,bitcoin,63061.335340786725,62979.42532278248,0.0011543046,-0.00014543525,0.0006172197,0.0011778525,-0.014543525,DOWN,0.002923673254764319,278.94663415262903,171.04359792674757,0.2617426328648046,0.0025925259607583948,0.0016159422229975462,69.97989654541016
2026-08-01 09:00:00+00:00,bitcoin,62993.28769744211,63054.1268048787,-0.0010797031,-0.00011442631,0.00054528157,0.0011353361,-0.011442631,DOWN,0.0029080690846518408,278.94663415262903,171.04359792674757,0.2617426328648046,0.0025925259607583948,0.0016159422229975462,69.97989654541016
2026-08-01 10:00:00+00:00,bitcoin,62999.4467583932,62987.946134904865,9.766188e-05,-8.483186e-05,0.0011567777,0.0010999853,-0.008483186,DOWN,0.0029112001609008253,278.94663415262903,171.04359792674757,0.2617426328648046,0.0025925259607583948,0.0016159422229975462,69.97989654541016
2026-08-01 11:00:00+00:00,bitcoin,63016.46684523439,62995.63377609337,0.00027024117,-6.047058e-05,0.0011632739,0.001073573,-0.006047058,DOWN,0.002904065372937061,278.94663415262903,171.04359792674757,0.2617426328648046,0.0025925259607583948,0.0016159422229975462,69.97989654541016
2026-08-01 12:00:00+00:00,bitcoin,63039.621191583574,63013.70803543739,0.000367334,-4.378301e-05,0.001708395,0.0010550593,-0.004378301,DOWN,0.0029009925956053556,278.94663415262903,171.04359792674757,0.2617426328648046,0.0025925259607583948,0.0016159422229975462,69.97989654541016
2026-08-01 13:00:00+00:00,bitcoin,63005.12390653719,63037.40419575898,-0.0005474246,-3.51673e-05,0.0016905821,0.0010506257,-0.0035167302,DOWN,0.0027973479938985597,278.94663415262903,171.04359792674757,0.2617426328648046,0.0025925259607583948,0.0016159422229975462,69.97989654541016
2026-08-01 14:00:00+00:00,bitcoin,63066.24394934904,63002.638775763335,0.000969565,-3.937199e-05,0.0011180446,0.0010585827,-0.003937199,DOWN,0.0027962219648101578,278.94663415262903,171.04359792674757,0.2617426328648046,0.0025925259607583948,0.0016159422229975462,69.97989654541016
2026-08-01 15:00:00+00:00,bitcoin,62938.82183666341,63063.30998852127,-0.0020224268,-4.642173e-05,0.0021067834,0.001080257,-0.004642173,DOWN,0.0028023299867720275,278.94663415262903,171.04359792674757,0.2617426328648046,0.0025925259607583948,0.0016159422229975462,69.97989654541016
2026-08-01 16:00:00+00:00,bitcoin,62879.14981198963,62935.59782036254,-0.00094854296,-5.120052e-05,0.0026475752,0.0011207364,-0.005120052,DOWN,0.002721288477433405,278.94663415262903,171.04359792674757,0.2617426328648046,0.0025925259607583948,0.0016159422229975462,69.97989654541016
2026-08-01 17:00:00+00:00,bitcoin,62652.581033149734,62875.54296798725,-0.0036097737,-5.728739e-05,0.0019409044,0.0011610063,-0.005728739,DOWN,0.0027710660577006624,278.94663415262903,171.04359792674757,0.2617426328648046,0.0025925259607583948,0.0016159422229975462,69.97989654541016
2026-08-01 18:00:00+00:00,bitcoin,62523.79040111322,62649.08647533972,-0.0020577223,-5.5792232e-05,0.0014608091,0.0012315216,-0.0055792234,DOWN,0.0027836087873945974,278.94663415262903,171.04359792674757,0.2617426328648046,0.0025925259607583948,0.0016159422229975462,69.97989654541016
2026-08-01 19:00:00+00:00,bitcoin,62471.5294328914,62520.85614311742,-0.0008361563,-4.693507e-05,0.0012364548,0.001325041,-0.004693507,DOWN,0.0024561921835163417,278.94663415262903,171.04359792674757,0.2617426328648046,0.0025925259607583948,0.0016159422229975462,69.97989654541016
2026-08-01 20:00:00+00:00,bitcoin,62604.917813804,62468.89122225903,0.0021329462,-4.225698e-05,0.0012834358,0.001399808,-0.004225698,DOWN,0.0018016163637472496,278.94663415262903,171.04359792674757,0.2617426328648046,0.0025925259607583948,0.0016159422229975462,69.97989654541016
2026-08-01 21:00:00+00:00,bitcoin,62761.355667999014,62602.388156536035,0.0024956884,-4.0474355e-05,0.0031362134,0.001458173,-0.0040474357,DOWN,0.0018570837029206102,278.94663415262903,171.04359792674757,0.2617426328648046,0.0025925259607583948,0.0016159422229975462,69.97989654541016
2026-08-01 22:00:00+00:00,bitcoin,62765.36210432835,62758.69587660581,6.373145e-05,-4.241187e-05,0.0031201562,0.001531973,-0.004241187,DOWN,0.001772815284583439,278.94663415262903,171.04359792674757,0.2617426328648046,0.0025925259607583948,0.0016159422229975462,69.97989654541016
2026-08-01 23:00:00+00:00,bitcoin,62764.19589073863,62762.96132544521,-1.8484192e-05,-3.8173617e-05,0.0029196087,0.0016124664,-0.0038173618,DOWN,0.0013912745317224153,278.94663415262903,171.04359792674757,0.2617426328648046,0.0025925259607583948,0.0016159422229975462,69.97989654541016
2026-08-02 00:00:00+00:00,bitcoin,62775.00333591364,62761.69646446244,0.00017207024,-3.985531e-05,0.0034308482,0.0016953701,-0.0039855307,DOWN,0.0013302090287356256,278.94663415262903,171.04359792674757,0.2617426328648046,0.0025925259607583948,0.0016159422229975462,69.97989654541016
2026-08-02 01:00:00+00:00,bitcoin,62921.045315265656,62771.60629481077,0.0023238733,-5.4102835e-05,0.0035053373,0.0017287919,-0.0054102833,DOWN,0.0013478681132114707,278.94663415262903,171.04359792674757,0.2617426328648046,0.0025925259607583948,0.0016159422229975462,69.97989654541016
2026-08-02 02:00:00+00:00,bitcoin,63381.98833043687,62916.535315445624,0.0072989454,-7.180887e-05,0.0014132106,0.001724361,-0.0071808873,DOWN,0.001896702004895483,278.94663415262903,171.04359792674757,0.2617426328648046,0.0025925259607583948,0.0016159422229975462,69.97989654541016
2026-08-02 03:00:00+00:00,bitcoin,63392.868520632386,63379.75556546007,0.00017168722,-3.5251353e-05,0.0027341044,0.0019591488,-0.0035251353,DOWN,0.0018963765486096408,278.94663415262903,171.04359792674757,0.2617426328648046,0.0025925259607583948,0.0016159422229975462,69.97989654541016
2026-08-02 04:00:00+00:00,bitcoin,63519.609861506615,63392.0473786653,0.0019972555,-1.2966049e-05,0.002542472,0.0022219284,-0.001296605,DOWN,0.0019204429939658494,278.94663415262903,171.04359792674757,0.2617426328648046,0.0025925259607583948,0.0016159422229975462,69.97989654541016
2026-08-02 05:00:00+00:00,bitcoin,63396.202626968734,63519.35192266479,-0.0019447568,-4.0948235e-06,0.0024883102,0.002435187,-0.00040948234,DOWN,0.0019515212506562133,278.94663415262903,171.04359792674757,0.2617426328648046,0.0025925259607583948,0.0016159422229975462,69.97989654541016
2026-08-02 06:00:00+00:00,bitcoin,63409.734550571535,63397.12122348603,0.00021353987,1.449377e-05,0.0025536306,0.0026222107,0.001449377,UP,0.0019492056792580344,278.94663415262903,171.04359792674757,0.2617426328648046,0.0025925259607583948,0.0016159422229975462,69.97989654541016
2026-08-02 07:00:00+00:00,bitcoin,63447.62413886376,63411.37859072769,0.00059725053,2.5813446e-05,0.002775598,0.0027591917,0.0025813447,UP,0.0019498682447737798,278.94663415262903,171.04359792674757,0.2617426328648046,0.0025925259607583948,0.0016159422229975462,69.97989654541016
2026-08-02 08:00:00+00:00,bitcoin,63130.04293126054,63449.859903316945,-0.00501799,3.5296056e-05,0.0017882315,0.0028756373,0.0035296057,UP,0.0021592779419936856,278.94663415262903,171.04359792674757,0.2617426328648046,0.0025925259607583948,0.0016159422229975462,69.97989654541016
2026-08-02 09:00:00+00:00,bitcoin,63205.21315100137,63131.98821546044,0.0011900382,3.090465e-05,0.0016023682,0.0030660345,0.0030904652,UP,0.0021588285633165586,278.94663415262903,171.04359792674757,0.2617426328648046,0.0025925259607583948,0.0016159422229975462,69.97989654541016
2026-08-02 10:00:00+00:00,bitcoin,63142.767539781984,63206.65758997202,-0.0009884037,2.2754688e-05,0.0016756175,0.0030495657,0.0022754688,UP,0.0021516585641133982,278.94663415262903,171.04359792674757,0.2617426328648046,0.0025925259607583948,0.0016159422229975462,69.97989654541016
2026-08-02 11:00:00+00:00,bitcoin,62962.496742381016,63143.69537742762,-0.0028590343,1.4570161e-05,0.00094391435,0.0030033246,0.0014570161,UP,0.00220721981587318,278.94663415262903,171.04359792674757,0.2617426328648046,0.0025925259607583948,0.0016159422229975462,69.97989654541016
2026-08-02 12:00:00+00:00,bitcoin,63062.08582520485,62963.1755143404,0.001580483,1.0613781e-05,0.0010614081,0.0029896195,0.0010613782,UP,0.0022220938180095738,278.94663415262903,171.04359792674757,0.2617426328648046,0.0025925259607583948,0.0016159422229975462,69.97989654541016
2026-08-02 13:00:00+00:00,bitcoin,63054.00092021562,63062.75139139965,-0.00012829201,1.0508523e-05,0.0010284709,0.0029963325,0.0010508522,UP,0.0022209050371917788,278.94663415262903,171.04359792674757,0.2617426328648046,0.0025925259607583948,0.0016159422229975462,69.97989654541016
2026-08-02 14:00:00+00:00,bitcoin,63002.30067014694,63054.77421212196,-0.000820256,1.227031e-05,0.0004851155,0.0030308675,0.001227031,UP,0.0022158871451779492,278.94663415262903,171.04359792674757,0.2617426328648046,0.0025925259607583948,0.0016159422229975462,69.97989654541016
2026-08-02 15:00:00+00:00,bitcoin,63041.43027532939,63003.14946317533,0.0006208783,1.3404876e-05,0.00046785516,0.0030680047,0.0013404876,UP,0.0022098330079516706,278.94663415262903,171.04359792674757,0.2617426328648046,0.0025925259607583948,0.0016159422229975462,69.97989654541016
2026-08-02 16:00:00+00:00,bitcoin,63104.86484956648,63042.18119990453,0.001005653,1.1897575e-05,0.00045400622,0.003075315,0.0011897575,UP,0.0022170362913160875,278.94663415262903,171.04359792674757,0.2617426328648046,0.0025925259607583948,0.0016159422229975462,69.97989654541016
2026-08-02 17:00:00+00:00,bitcoin,63228.013258555904,63105.50632594898,0.0019496491,1.0158771e-05,0.0015820168,0.0030953346,0.0010158771,UP,0.002243674197663077,278.94663415262903,171.04359792674757,0.2617426328648046,0.0025925259607583948,0.0016159422229975462,69.97989654541016
2026-08-02 18:00:00+00:00,bitcoin,63307.5987701104,63228.58455859311,0.0012579835,9.069691e-06,0.0017909392,0.0031544047,0.00090696913,UP,0.002253026257577017,278.94663415262903,171.04359792674757,0.2617426328648046,0.0025925259607583948,0.0016159422229975462,69.97989654541016
2026-08-02 19:00:00+00:00,bitcoin,63380.179659393616,63307.90343666822,0.0011457795,4.7341e-06,0.0026670455,0.0031755117,0.00047341,UP,0.002256328727888098,278.94663415262903,171.04359792674757,0.2617426328648046,0.0025925259607583948,0.0016159422229975462,69.97989654541016
2026-08-02 20:00:00+00:00,bitcoin,63423.329183363356,63380.20990952477,0.00068055594,4.170879e-07,0.0026426283,0.003158488,4.170879e-05,UP,0.0022535424814822537,278.94663415262903,171.04359792674757,0.2617426328648046,0.0025925259607583948,0.0016159422229975462,69.97989654541016
2026-08-02 21:00:00+00:00,bitcoin,63503.81124304421,63421.07127100881,0.0012681368,-3.5588193e-05,0.0023613,0.0031157779,-0.0035588192,DOWN,0.0022220554046713157,278.94663415262903,171.04359792674757,0.2617426328648046,0.0025925259607583948,0.0016159422229975462,69.97989654541016
2026-08-02 22:00:00+00:00,bitcoin,63351.0562122101,63498.09684472275,-0.0024083883,-8.994897e-05,0.0028258688,0.002993628,-0.008994897,DOWN,0.0022657909572383096,278.94663415262903,171.04359792674757,0.2617426328648046,0.0025925259607583948,0.0016159422229975462,69.97989654541016
2026-08-02 23:00:00+00:00,bitcoin,63499.493556756526,63344.61644848995,0.0023403538,-0.00010152878,0.0017822845,0.0031371454,-0.010152878,DOWN,0.00217520907112021,278.94663415262903,171.04359792674757,0.2617426328648046,0.0025925259607583948,0.0016159422229975462,69.97989654541016
2026-08-03 00:00:00+00:00,bitcoin,63245.98184576095,63491.683890769724,-0.0040002717,-0.00012286131,0.001986653,0.003251327,-0.012286131,DOWN,0.0022784226885183456,278.94663415262903,171.04359792674757,0.2617426328648046,0.0025925259607583948,0.0016159422229975462,69.97989654541016
2026-08-03 01:00:00+00:00,bitcoin,63130.87856378243,63238.22231460782,-0.0018215611,-0.00012266151,0.0021187055,0.0034393051,-0.012266152,DOWN,0.0023035565880454665,278.94663415262903,171.04359792674757,0.2617426328648046,0.0025925259607583948,0.0016159422229975462,69.97989654541016
2026-08-03 02:00:00+00:00,bitcoin,63081.317834492074,63123.71811970719,-0.00078532175,-0.00011346137,0.0022101433,0.0036236048,-0.011346137,DOWN,0.002287273163621693,278.94663415262903,171.04359792674757,0.2617426328648046,0.0025925259607583948,0.0016159422229975462,69.97989654541016
2026-08-03 03:00:00+00:00,bitcoin,62779.99874580838,63074.21026654774,-0.004788141,-0.000112798894,0.0014187318,0.0034121708,-0.011279889,DOWN,0.0024228757376341704,278.94663415262903,171.04359792674757,0.2617426328648046,0.0025925259607583948,0.0016159422229975462,69.97989654541016
2026-08-03 04:00:00+00:00,bitcoin,62707.77979373932,62772.67694592476,-0.0011510085,-0.00011671055,0.0029010295,0.0032299748,-0.011671055,DOWN,0.002432116315385052,278.94663415262903,171.04359792674757,0.2617426328648046,0.0025925259607583948,0.0016159422229975462,69.97989654541016
2026-08-03 05:00:00+00:00,bitcoin,62743.53584929928,62701.318809879944,0.00056994223,-0.00010308639,0.0029687553,0.0029551273,-0.010308639,DOWN,0.0024345663156363478,278.94663415262903,171.04359792674757,0.2617426328648046,0.0025925259607583948,0.0016159422229975462,69.97989654541016
2026-08-03 06:00:00+00:00,bitcoin,62542.501724075526,62738.27308291569,-0.0032091595,-8.374187e-05,0.002885809,0.0026827299,-0.008374187,DOWN,0.0025030165072204135,278.94663415262903,171.04359792674757,0.2617426328648046,0.0025925259607583948,0.0016159422229975462,69.97989654541016
2026-08-03 07:00:00+00:00,bitcoin,62530.72007775307,62536.4571981132,-0.00018838965,-9.668116e-05,0.003096433,0.0024734545,-0.0096681155,DOWN,0.002459972613454473,278.94663415262903,171.04359792674757,0.2617426328648046,0.0025925259607583948,0.0016159422229975462,69.97989654541016
2026-08-03 08:00:00+00:00,bitcoin,62457.57399490662,62524.054657153785,-0.0011703597,-0.000106566666,0.0053880033,0.002351132,-0.010656667,DOWN,0.0020113087809455824,278.94663415262903,171.04359792674757,0.2617426328648046,0.0025925259607583948,0.0016159422229975462,69.97989654541016
2026-08-03 09:00:00+00:00,bitcoin,62749.3607460428,62449.574187221006,0.004660792,-0.00012813378,0.0061887274,0.002172836,-0.012813377,DOWN,0.002219230032093487,278.94663415262903,171.04359792674757,0.2617426328648046,0.0025925259607583948,0.0016159422229975462,69.97989654541016
2026-08-03 10:00:00+00:00,bitcoin,62655.99766893871,62740.73458154686,-0.0014889218,-0.00013751246,0.0068141315,0.0021074798,-0.013751246,DOWN,0.0021836448961905096,278.94663415262903,171.04359792674757,0.2617426328648046,0.0025925259607583948,0.0016159422229975462,69.97989654541016
2026-08-03 11:00:00+00:00,bitcoin,62476.99369812012,62647.04445648193,-0.0028611454,-0.00014290807,0.0061323703,0.002021999,-0.014290808,DOWN,0.0022113432567494114,278.94663415262903,171.04359792674757,0.2617426328648046,0.0025925259607583948,0.0016159422229975462,69.97989654541016
2026-08-03 12:00:00+00:00,bitcoin,62620.55279470794,62467.99129368737,0.00229521,-0.00014408602,0.006133271,0.0019406045,-0.014408602,DOWN,0.002266091411081975,278.94663415262903,171.04359792674757,0.2617426328648046,0.0025925259607583948,0.0016159422229975462,69.97989654541016
2026-08-03 13:00:00+00:00,bitcoin,63292.799511916004,62612.72004726296,0.01067808,-0.00012504197,0.004986635,0.0019576414,-0.012504198,DOWN,0.003044474595688254,278.94663415262903,171.04359792674757,0.2617426328648046,0.0025925259607583948,0.0016159422229975462,69.97989654541016
2026-08-03 14:00:00+00:00,bitcoin,63891.201854462735,63295.43401759537,0.009410033,4.1531814e-05,0.0024469178,0.0024530652,0.0041531813,UP,0.003365056163035164,278.94663415262903,171.04359792674757,0.2617426328648046,0.0025925259607583948,0.0016159422229975462,69.97989654541016
2026-08-03 15:00:00+00:00,bitcoin,63627.72805536096,63893.01954419771,-0.0041322354,2.8462568e-05,0.0014311556,0.0035770196,0.0028462568,UP,0.003460791108900932,278.94663415262903,171.04359792674757,0.2617426328648046,0.0025925259607583948,0.0016159422229975462,69.97989654541016
2026-08-03 16:00:00+00:00,bitcoin,63707.23661217373,63625.8721396965,0.001248798,-2.9232104e-05,0.0019334666,0.0038805448,-0.0029232104,DOWN,0.003457794777318805,278.94663415262903,171.04359792674757,0.2617426328648046,0.0025925259607583948,0.0016159422229975462,69.97989654541016
2026-08-03 17:00:00+00:00,bitcoin,63852.74879806861,63706.23960520816,0.0022814642,-1.564652e-05,0.00129907,0.0038538985,-0.001564652,DOWN,0.0034231018008813283,278.94663415262903,171.04359792674757,0.2617426328648046,0.0025925259607583948,0.0016159422229975462,69.97989654541016
2026-08-03 18:00:00+00:00,bitcoin,63811.74120680988,63852.70432895422,-0.0006424922,-6.9075577e-07,0.001298143,0.0037897374,-6.907558e-05,DOWN,0.003422361850982283,278.94663415262903,171.04359792674757,0.2617426328648046,0.0025925259607583948,0.0016159422229975462,69.97989654541016
2026-08-03 19:00:00+00:00,bitcoin,63812.56743901642,63811.704049966065,1.3038758e-05,-5.673255e-07,0.0013044138,0.003749215,-5.673255e-05,DOWN,0.003421707337362981,278.94663415262903,171.04359792674757,0.2617426328648046,0.0025925259607583948,0.0016159422229975462,69.97989654541016
2026-08-03 20:00:00+00:00,bitcoin,63732.897862056736,63812.760488779284,-0.0012493094,2.9783082e-06,0.0044226265,0.003745975,0.00029783082,UP,0.0034278846218667655,278.94663415262903,171.04359792674757,0.2617426328648046,0.0025925259607583948,0.0016159422229975462,69.97989654541016
2026-08-03 21:00:00+00:00,bitcoin,63540.41061969241,63732.928827714175,-0.0030248042,4.6964306e-07,0.0040921867,0.0037259036,4.6964306e-05,UP,0.003483439324798957,278.94663415262903,171.04359792674757,0.2617426328648046,0.0025925259607583948,0.0016159422229975462,69.97989654541016
2026-08-03 22:00:00+00:00,bitcoin,63553.44605515944,63539.728441606276,0.00020518793,-1.0686592e-05,0.0041230572,0.003682938,-0.0010686591,DOWN,0.0034806603827781243,278.94663415262903,171.04359792674757,0.2617426328648046,0.0025925259607583948,0.0016159422229975462,69.97989654541016
2026-08-03 23:00:00+00:00,bitcoin,63466.51655327552,63551.933986444026,-0.0013688795,-2.3818686e-05,0.004176714,0.0036562276,-0.0023818687,DOWN,0.003477200751271907,278.94663415262903,171.04359792674757,0.2617426328648046,0.0025925259607583948,0.0016159422229975462,69.97989654541016
2026-08-04 00:00:00+00:00,bitcoin,63291.49590178323,63464.50678234035,-0.002761353,-3.1558084e-05,0.004303605,0.003680254,-0.0031558084,DOWN,0.003509463079274652,278.94663415262903,171.04359792674757,0.2617426328648046,0.0025925259607583948,0.0016159422229975462,69.97989654541016
2026-08-04 01:00:00+00:00,bitcoin,63782.29046052694,63288.71214661002,0.0077245114,-4.409571e-05,0.002767716,0.0037195114,-0.0044095707,DOWN,0.0037809344758345403,278.94663415262903,171.04359792674757,0.2617426328648046,0.0025925259607583948,0.0016159422229975462,69.97989654541016
2026-08-04 02:00:00+00:00,bitcoin,63758.988316436764,63781.52111492213,-0.00036538416,-1.1972681e-05,0.0027864443,0.003949611,-0.0011972681,DOWN,0.00378134040504965,278.94663415262903,171.04359792674757,0.2617426328648046,0.0025925259607583948,0.0016159422229975462,69.97989654541016
2026-08-04 03:00:00+00:00,bitcoin,63729.053067285335,63759.17069717869,-0.0004696519,2.8007307e-06,0.0028356384,0.0041791424,0.0002800731,UP,0.0037774411971268494,278.94663415262903,171.04359792674757,0.2617426328648046,0.0025925259607583948,0.0016159422229975462,69.97989654541016
2026-08-04 04:00:00+00:00,bitcoin,63975.447359083686,63729.240708621684,0.0038588888,2.953585e-06,0.0015870255,0.0043159313,0.0002953585,UP,0.0038060166806300087,278.94663415262903,171.04359792674757,0.2617426328648046,0.0025925259607583948,0.0016159422229975462,69.97989654541016
2026-08-04 05:00:00+00:00,bitcoin,63768.848204691894,63975.6932657212,-0.0032345527,3.7205969e-06,0.0019489292,0.004411237,0.00037205967,UP,0.0038404043969122626,278.94663415262903,171.04359792674757,0.2617426328648046,0.0025925259607583948,0.0016159422229975462,69.97989654541016
2026-08-04 06:00:00+00:00,bitcoin,63607.15663562296,63768.1521932669,-0.0025388058,-1.0986898e-05,0.0017512968,0.004363846,-0.0010986897,DOWN,0.0037951912502918453,278.94663415262903,171.04359792674757,0.2617426328648046,0.0025925259607583948,0.0016159422229975462,69.97989654541016
2026-08-04 07:00:00+00:00,bitcoin,63617.411783281714,63604.900552066974,0.0001611324,-3.5494406e-05,0.0017896604,0.0042092116,-0.0035494405,DOWN,0.0037760785182279853,278.94663415262903,171.04359792674757,0.2617426328648046,0.0025925259607583948,0.0016159422229975462,69.97989654541016
2026-08-04 08:00:00+00:00,bitcoin,63514.77119290177,63613.92161456682,-0.0016147074,-5.4901975e-05,0.0024752088,0.003949784,-0.0054901973,DOWN,0.003787018049509569,278.94663415262903,171.04359792674757,0.2617426328648046,0.0025925259607583948,0.0016159422229975462,69.97989654541016
2026-08-04 09:00:00+00:00,bitcoin,63534.584279044066,63510.378031929955,0.0003118252,-6.913969e-05,0.003887034,0.003606006,-0.0069139693,DOWN,0.0036668477443202985,278.94663415262903,171.04359792674757,0.2617426328648046,0.0025925259607583948,0.0016159422229975462,69.97989654541016
2026-08-04 10:00:00+00:00,bitcoin,63694.15287524648,63531.01081248559,0.0025084019,-5.6160417e-05,0.0039127353,0.003204573,-0.005616042,DOWN,0.003674235790940551,278.94663415262903,171.04359792674757,0.2617426328648046,0.0025925259607583948,0.0016159422229975462,69.97989654541016
2026-08-04 11:00:00+00:00,bitcoin,63853.319116794504,63692.0907523362,0.0024958858,-3.2369804e-05,0.004131699,0.0029279836,-0.0032369804,DOWN,0.003691853338834058,278.94663415262903,171.04359792674757,0.2617426328648046,0.0025925259607583948,0.0016159422229975462,69.97989654541016
2026-08-04 12:00:00+00:00,bitcoin,63840.63887218945,63849.883535609115,-0.00019859495,-5.381171e-05,0.0041275946,0.0026840875,-0.005381171,DOWN,0.0036254979159915275,278.94663415262903,171.04359792674757,0.2617426328648046,0.0025925259607583948,0.0016159422229975462,69.97989654541016
2026-08-04 13:00:00+00:00,bitcoin,63616.582914752886,63833.4716306366,-0.0035158892,-0.00011236029,0.0039923317,0.002509618,-0.01123603,DOWN,0.0037031681110078984,278.94663415262903,171.04359792674757,0.2617426328648046,0.0025925259607583948,0.0016159422229975462,69.97989654541016
2026-08-04 14:00:00+00:00,bitcoin,64064.99395846762,63607.42840653565,0.007024094,-0.00014383858,0.00298282,0.00237062,-0.014383858,DOWN,0.0038694758486091906,278.94663415262903,171.04359792674757,0.2617426328648046,0.0025925259607583948,0.0016159422229975462,69.97989654541016
2026-08-04 15:00:00+00:00,bitcoin,64064.713607132435,64057.50414401293,-4.5120287e-06,-0.00011706141,0.0030364022,0.0023635575,-0.011706141,DOWN,0.003804042886047066,278.94663415262903,171.04359792674757,0.2617426328648046,0.0025925259607583948,0.0016159422229975462,69.97989654541016
2026-08-04 16:00:00+00:00,bitcoin,63899.71120455209,64060.117216631304,-0.0025788432,-7.169373e-05,0.00297369,0.0024684446,-0.007169373,DOWN,0.003830691877965567,278.94663415262903,171.04359792674757,0.2617426328648046,0.0025925259607583948,0.0016159422229975462,69.97989654541016
2026-08-04 17:00:00+00:00,bitcoin,63922.372818951495,63899.32625682326,0.00035455776,-6.022271e-06,0.0029665546,0.0027243623,-0.0006022271,DOWN,0.003773390227737452,278.94663415262903,171.04359792674757,0.2617426328648046,0.0025925259607583948,0.0016159422229975462,69.97989654541016
2026-08-04 18:00:00+00:00,bitcoin,64261.414002546575,63924.96956164157,0.0052899024,4.054803e-05,0.0020347235,0.0030330173,0.004054803,UP,0.0038544176764615987,278.94663415262903,171.04359792674757,0.2617426328648046,0.0025925259607583948,0.0016159422229975462,69.97989654541016
2026-08-04 19:00:00+00:00,bitcoin,64182.671120608924,64261.92341357237,-0.0012260322,7.94275e-06,0.0020686816,0.0034457284,0.000794275,UP,0.003389285849353756,278.94663415262903,171.04359792674757,0.2617426328648046,0.0025925259607583948,0.0016159422229975462,69.97989654541016
2026-08-04 20:00:00+00:00,bitcoin,64299.08443743922,64182.20515358634,0.0018120283,-7.2286e-06,0.0033248165,0.0036395325,-0.00072286004,DOWN,0.0029494909542676392,278.94663415262903,171.04359792674757,0.2617426328648046,0.0025925259607583948,0.0016159422229975462,69.97989654541016
2026-08-04 21:00:00+00:00,bitcoin,64148.513598488644,64297.84788488876,-0.0023444032,-1.9164061e-05,0.0030662303,0.0037154467,-0.0019164061,DOWN,0.0028761016970649356,278.94663415262903,171.04359792674757,0.2617426328648046,0.0025925259607583948,0.0016159422229975462,69.97989654541016
2026-08-04 22:00:00+00:00,bitcoin,64221.81680504512,64146.779650938,0.0011421425,-2.7013344e-05,0.0033837436,0.0037136103,-0.0027013344,DOWN,0.002874920763675357,278.94663415262903,171.04359792674757,0.2617426328648046,0.0025925259607583948,0.0016159422229975462,69.97989654541016
2026-08-04 23:00:00+00:00,bitcoin,64050.50946304528,64219.80682721827,-0.0026710154,-3.138584e-05,0.0031202484,0.003721399,-0.003138584,DOWN,0.0028974806711228387,278.94663415262903,171.04359792674757,0.2617426328648046,0.0025925259607583948,0.0016159422229975462,69.97989654541016
2026-08-05 00:00:00+00:00,bitcoin,63947.368701749714,64048.58377621067,-0.0016115991,-3.0150752e-05,0.0030668476,0.0037659067,-0.003015075,DOWN,0.0029114704762696064,278.94663415262903,171.04359792674757,0.2617426328648046,0.0025925259607583948,0.0016159422229975462,69.97989654541016
2026-08-05 01:00:00+00:00,bitcoin,64284.78566114325,63945.64445691672,0.0052626226,-2.6984368e-05,0.0020124253,0.0038061813,-0.0026984368,DOWN,0.003062300275483939,278.94663415262903,171.04359792674757,0.2617426328648046,0.0025925259607583948,0.0016159422229975462,69.97989654541016
2026-08-05 02:00:00+00:00,bitcoin,64315.955882682465,64283.24489867734,0.00048460308,-2.4045969e-05,0.0020124428,0.0038226584,-0.002404597,DOWN,0.003049370096834463,278.94663415262903,171.04359792674757,0.2617426328648046,0.0025925259607583948,0.0016159422229975462,69.97989654541016
2026-08-05 03:00:00+00:00,bitcoin,64127.99894390721,64314.68415407883,-0.0029265583,-1.9728772e-05,0.0015830265,0.0038513448,-0.0019728772,DOWN,0.00304573365148571,278.94663415262903,171.04359792674757,0.2617426328648046,0.0025925259607583948,0.0016159422229975462,69.97989654541016
2026-08-05 04:00:00+00:00,bitcoin,64113.97206115723,64127.47634124756,-0.00021882461,-8.132034e-06,0.0016165868,0.0039136405,-0.0008132034,DOWN,0.0030472266392097486,278.94663415262903,171.04359792674757,0.2617426328648046,0.0025925259607583948,0.0016159422229975462,69.97989654541016
2026-08-05 05:00:00+00:00,bitcoin,64275.220356069505,64113.86174827069,0.0025118953,-1.6637323e-06,0.00082105736,0.003958948,-0.00016637323,DOWN,0.003056511052316769,278.94663415262903,171.04359792674757,0.2617426328648046,0.0025925259607583948,0.0016159422229975462,69.97989654541016
2026-08-05 06:00:00+00:00,bitcoin,64199.30547216348,64275.24173660949,-0.0011817154,4.0069244e-07,0.00091139023,0.004001379,4.0069244e-05,UP,0.0030131217377835067,278.94663415262903,171.04359792674757,0.2617426328648046,0.0025925259607583948,0.0016159422229975462,69.97989654541016
2026-08-05 07:00:00+00:00,bitcoin,64109.98480722285,64199.40808475157,-0.0013923877,1.4730058e-06,0.0021150836,0.0040556155,0.00014730058,UP,0.002697830511475347,278.94663415262903,171.04359792674757,0.2617426328648046,0.0025925259607583948,0.0016159422229975462,69.97989654541016
2026-08-05 08:00:00+00:00,bitcoin,64063.03255915409,64110.0110387709,-0.0007325913,4.4040462e-07,0.0020070071,0.00408913,4.4040462e-05,UP,0.002701192043014826,278.94663415262903,171.04359792674757,0.2617426328648046,0.0025925259607583948,0.0016159422229975462,69.97989654541016
2026-08-05 09:00:00+00:00,bitcoin,64097.27514745295,64062.86323801428,0.00053430407,-2.6061753e-06,0.0019948576,0.0041270144,-0.00026061753,DOWN,0.002699315152579289,278.94663415262903,171.04359792674757,0.2617426328648046,0.0025925259607583948,0.0016159422229975462,69.97989654541016
2026-08-05 10:00:00+00:00,bitcoin,64004.26722191577,64096.856917792,-0.0014519733,-6.373207e-06,0.0020196922,0.0041838656,-0.0006373207,DOWN,0.0026234797598207685,278.94663415262903,171.04359792674757,0.2617426328648046,0.0025925259607583948,0.0016159422229975462,69.97989654541016
2026-08-05 11:00:00+00:00,bitcoin,64018.29329388123,64002.6901412257,0.00021901658,-2.4653133e-05,0.0024098137,0.0041434458,-0.0024653133,DOWN,0.0025508169115808633,278.94663415262903,171.04359792674757,0.2617426328648046,0.0025925259607583948,0.0016159422229975462,69.97989654541016
2026-08-05 12:00:00+00:00,bitcoin,64277.03760464955,64015.1715642116,0.004033667,-4.8665584e-05,0.0020709387,0.0040856493,-0.0048665586,DOWN,0.0025957861266402943,278.94663415262903,171.04359792674757,0.2617426328648046,0.0025925259607583948,0.0016159422229975462,69.97989654541016
2026-08-05 13:00:00+00:00,bitcoin,64361.23373522982,64272.50674097473,0.0013090852,-7.056413e-05,0.0020875237,0.0040221843,-0.0070564128,DOWN,0.0026013331505657534,278.94663415262903,171.04359792674757,0.2617426328648046,0.0025925259607583948,0.0016159422229975462,69.97989654541016
2026-08-05 14:00:00+00:00,bitcoin,64426.837792790495,64355.1425137741,0.0010187522,-9.4654795e-05,0.0020929368,0.003824272,-0.009465479,DOWN,0.0025756692803598404,278.94663415262903,171.04359792674757,0.2617426328648046,0.0025925259607583948,0.0016159422229975462,69.97989654541016
2026-08-05 15:00:00+00:00,bitcoin,64328.251957696164,64419.72406636295,-0.0015314325,-0.000110483365,0.0017308942,0.0035627712,-0.0110483365,DOWN,0.002601608333172665,278.94663415262903,171.04359792674757,0.2617426328648046,0.0025925259607583948,0.0016159422229975462,69.97989654541016
2026-08-05 16:00:00+00:00,bitcoin,64606.0193118453,64322.429589539766,0.004308706,-9.0470654e-05,0.0011911879,0.003255584,-0.009047065,DOWN,0.002671715805290112,278.94663415262903,171.04359792674757,0.2617426328648046,0.0025925259607583948,0.0016159422229975462,69.97989654541016
2026-08-05 17:00:00+00:00,bitcoin,64695.35082680499,64601.883751810994,0.0013817649,-6.404608e-05,0.0011799454,0.0030340618,-0.006404608,DOWN,0.0026502768393831234,278.94663415262903,171.04359792674757,0.2617426328648046,0.0025925259607583948,0.0016159422229975462,69.97989654541016
2026-08-05 18:00:00+00:00,bitcoin,64741.11627294682,64691.80391052738,0.0007070313,-5.4857417e-05,0.0011113278,0.002789853,-0.005485742,DOWN,0.0026479077040156623,278.94663415262903,171.04359792674757,0.2617426328648046,0.0025925259607583948,0.0016159422229975462,69.97989654541016
2026-08-05 19:00:00+00:00,bitcoin,64794.631913365796,64736.629225970246,0.00082632847,-6.927134e-05,0.00088628713,0.0026004377,-0.0069271335,DOWN,0.002539278238706672,278.94663415262903,171.04359792674757,0.2617426328648046,0.0025925259607583948,0.0016159422229975462,69.97989654541016
2026-08-05 20:00:00+00:00,bitcoin,64778.60135376686,64786.91250869306,-0.00024738666,-0.00011907054,0.000860787,0.0024062244,-0.011907054,DOWN,0.002232703780859632,278.94663415262903,171.04359792674757,0.2617426328648046,0.0025925259607583948,0.0016159422229975462,69.97989654541016
2026-08-05 21:00:00+00:00,bitcoin,64671.67982801981,64767.84452247899,-0.0016519376,-0.00016605074,0.00075361924,0.002122292,-0.016605074,DOWN,0.0022622981747139562,278.94663415262903,171.04359792674757,0.2617426328648046,0.0025925259607583948,0.0016159422229975462,69.97989654541016
2026-08-05 22:00:00+00:00,bitcoin,64573.534343449865,64660.41615915019,-0.0015187945,-0.0001741172,0.0005304311,0.0019866435,-0.01741172,DOWN,0.0022235732272027956,278.94663415262903,171.04359792674757,0.2617426328648046,0.0025925259607583948,0.0016159422229975462,69.97989654541016
2026-08-05 23:00:00+00:00,bitcoin,64597.86388448253,64562.492655299604,0.00037667976,-0.0001709638,0.0016213313,0.0018692313,-0.01709638,DOWN,0.0022235777610420063,278.94663415262903,171.04359792674757,0.2617426328648046,0.0025925259607583948,0.0016159422229975462,69.97989654541016
2026-08-06 00:00:00+00:00,bitcoin,64582.3001815239,64587.251709069125,-0.00024088207,-0.00016418309,0.0019380671,0.0017495248,-0.016418308,DOWN,0.002018869245981764,278.94663415262903,171.04359792674757,0.2617426328648046,0.0025925259607583948,0.0016159422229975462,69.97989654541016
2026-08-06 01:00:00+00:00,bitcoin,64520.62176338327,64572.0536648822,-0.0009555119,-0.00015871049,0.001888513,0.0016604365,-0.01587105,DOWN,0.0020130328490871536,278.94663415262903,171.04359792674757,0.2617426328648046,0.0025925259607583948,0.0016159422229975462,69.97989654541016
2026-08-06 02:00:00+00:00,bitcoin,64516.675376102794,64510.54528455343,-6.108941e-05,-0.00015623332,0.0020092826,0.0015722202,-0.015623332,DOWN,0.0019894347484337286,278.94663415262903,171.04359792674757,0.2617426328648046,0.0025925259607583948,0.0016159422229975462,69.97989654541016
2026-08-06 03:00:00+00:00,bitcoin,64470.00692955451,64507.30437367689,-0.000723609,-0.00014536692,0.0018903087,0.0014970694,-0.014536693,DOWN,0.0019419110882717475,278.94663415262903,171.04359792674757,0.2617426328648046,0.0025925259607583948,0.0016159422229975462,69.97989654541016
2026-08-06 04:00:00+00:00,bitcoin,64666.28976980271,64461.86516899802,0.00303985,-0.00012629095,0.0026719638,0.0014405294,-0.012629095,DOWN,0.002004830927813242,278.94663415262903,171.04359792674757,0.2617426328648046,0.0025925259607583948,0.0016159422229975462,69.97989654541016
2026-08-06 05:00:00+00:00,bitcoin,64845.37271514069,64660.804235378746,0.002765619,-8.4825435e-05,0.0021164033,0.0014707396,-0.008482544,DOWN,0.001979280648223115,278.94663415262903,171.04359792674757,0.2617426328648046,0.0025925259607583948,0.0016159422229975462,69.97989654541016
2026-08-06 06:00:00+00:00,bitcoin,64798.089581792476,64844.30441240454,-0.00072952476,-1.6594624e-05,0.0021663187,0.001570491,-0.0016594623,DOWN,0.0019546052348012703,278.94663415262903,171.04359792674757,0.2617426328648046,0.0025925259607583948,0.0016159422229975462,69.97989654541016
2026-08-06 07:00:00+00:00,bitcoin,64744.408192948205,64799.40301457327,-0.00082875794,2.0268157e-05,0.0024301817,0.001637162,0.0020268157,UP,0.0017399853483038756,278.94663415262903,171.04359792674757,0.2617426328648046,0.0025925259607583948,0.0016159422229975462,69.97989654541016
2026-08-06 08:00:00+00:00,bitcoin,64873.6040203101,64745.75311176386,0.0019934182,2.071595e-05,0.001917682,0.001646175,0.002071595,UP,0.0017689616264042233,278.94663415262903,171.04359792674757,0.2617426328648046,0.0025925259607583948,0.0016159422229975462,69.97989654541016
2026-08-06 09:00:00+00:00,bitcoin,64615.939478390384,64875.36480869725,-0.003979634,2.7132066e-05,0.003174676,0.0017156408,0.0027132067,UP,0.0018434690343551146,278.94663415262903,171.04359792674757,0.2617426328648046,0.0025925259607583948,0.0016159422229975462,69.97989654541016
2026-08-06 10:00:00+00:00,bitcoin,64546.793186902534,64622.14987954777,-0.0010707787,9.6062286e-05,0.0033225867,0.0020551635,0.009606228,UP,0.0018575044809775124,278.94663415262903,171.04359792674757,0.2617426328648046,0.0025925259607583948,0.0016159422229975462,69.97989654541016
2026-08-06 11:00:00+00:00,bitcoin,64552.62155176513,64556.661204620264,9.034946e-05,0.00015289057,0.0034159347,0.0025244928,0.015289057,UP,0.0018065192858264946,278.94663415262903,171.04359792674757,0.2617426328648046,0.0025925259607583948,0.0016159422229975462,69.97989654541016
2026-08-06 12:00:00+00:00,bitcoin,64346.00688552181,64559.639181904495,-0.0032057678,0.0001087293,0.003138082,0.0029535834,0.01087293,UP,0.0018931946659008258,278.94663415262903,171.04359792674757,0.2617426328648046,0.0025925259607583948,0.0016159422229975462,69.97989654541016
2026-08-06 13:00:00+00:00,bitcoin,64360.524574061856,64348.60439586174,0.00022544019,4.0238992e-05,0.0035773893,0.0032562267,0.0040238993,UP,0.0018728311048614524,278.94663415262903,171.04359792674757,0.2617426328648046,0.0025925259607583948,0.0016159422229975462,69.97989654541016
2026-08-06 14:00:00+00:00,bitcoin,64709.55106955953,64362.22279779147,0.0054084123,2.6367867e-05,0.002103465,0.0033393688,0.0026367866,UP,0.0020984909291130206,278.94663415262903,171.04359792674757,0.2617426328648046,0.0025925259607583948,0.0016159422229975462,69.97989654541016
2026-08-06 15:00:00+00:00,bitcoin,64570.9228542936,64709.157368291635,-0.0021446233,-6.099697e-06,0.0020060455,0.003402708,-0.0006099697,DOWN,0.002146166787858803,278.94663415262903,171.04359792674757,0.2617426328648046,0.0025925259607583948,0.0016159422229975462,69.97989654541016
2026-08-06 16:00:00+00:00,bitcoin,64690.12464334443,64568.4432949014,0.0018444391,-3.8411483e-05,0.0015860723,0.003373547,-0.0038411482,DOWN,0.0021405968040762065,278.94663415262903,171.04359792674757,0.2617426328648046,0.0025925259607583948,0.0016159422229975462,69.97989654541016
2026-08-06 17:00:00+00:00,bitcoin,64557.16053442168,64686.916998065775,-0.0020575873,-4.972431e-05,0.0014973613,0.003240278,-0.004972431,DOWN,0.0021854820408811226,278.94663415262903,171.04359792674757,0.2617426328648046,0.0025925259607583948,0.0016159422229975462,69.97989654541016
2026-08-06 18:00:00+00:00,bitcoin,64356.349454577314,64554.80523741152,-0.0031154028,-3.644351e-05,0.00076821266,0.0031463918,-0.0036443511,DOWN,0.0021510070254290776,278.94663415262903,171.04359792674757,0.2617426328648046,0.0025925259607583948,0.0016159422229975462,69.97989654541016
2026-08-06 19:00:00+00:00,bitcoin,64397.94846846722,64355.0128203216,0.0006461556,-2.0757709e-05,0.0005933862,0.0030915248,-0.0020757709,DOWN,0.0021409213732258062,278.94663415262903,171.04359792674757,0.2617426328648046,0.0025925259607583948,0.0016159422229975462,69.97989654541016
2026-08-06 20:00:00+00:00,bitcoin,64381.39796513133,64397.250626876485,-0.00025704093,-1.0801066e-05,0.0011125647,0.0030272626,-0.0010801066,DOWN,0.0021330712631223024,278.94663415262903,171.04359792674757,0.2617426328648046,0.0025925259607583948,0.0016159422229975462,69.97989654541016
2026-08-06 21:00:00+00:00,bitcoin,64388.36721107736,64381.00318217045,0.000108296466,-6.1808623e-06,0.0011177892,0.0029991097,-0.00061808625,DOWN,0.0021139944669162007,278.94663415262903,171.04359792674757,0.2617426328648046,0.0025925259607583948,0.0016159422229975462,69.97989654541016
2026-08-06 22:00:00+00:00,bitcoin,64296.38176329457,64387.69179501035,-0.0014297296,-1.0564974e-05,0.0011707116,0.0028789437,-0.0010564975,DOWN,0.0019676535079271923,278.94663415262903,171.04359792674757,0.2617426328648046,0.0025925259607583948,0.0016159422229975462,69.97989654541016
2026-08-06 23:00:00+00:00,bitcoin,64267.29893713351,64293.04858295503,-0.00045235365,-5.183267e-05,0.001186416,0.0027148812,-0.005183267,DOWN,0.0019465063855338958,278.94663415262903,171.04359792674757,0.2617426328648046,0.0025925259607583948,0.0016159422229975462,69.97989654541016
2026-08-07 00:00:00+00:00,bitcoin,64258.81593661127,64259.84254535311,-0.0001319649,-0.000116028285,0.0013785622,0.002486869,-0.011602828,DOWN,0.0019387439489703493,278.94663415262903,171.04359792674757,0.2617426328648046,0.0025925259607583948,0.0016159422229975462,69.97989654541016
2026-08-07 01:00:00+00:00,bitcoin,64364.248310084455,64247.203545927536,0.0016393593,-0.00018073792,0.0010557759,0.002229471,-0.018073792,DOWN,0.0019598762757653066,278.94663415262903,171.04359792674757,0.2617426328648046,0.0025925259607583948,0.0016159422229975462,69.97989654541016
2026-08-07 02:00:00+00:00,bitcoin,64337.966767027974,64347.63067942858,-0.00040840398,-0.00025826215,0.0010765052,0.0019474205,-0.025826216,DOWN,0.0019601733098582198,278.94663415262903,171.04359792674757,0.2617426328648046,0.0025925259607583948,0.0016159422229975462,69.97989654541016
2026-08-07 03:00:00+00:00,bitcoin,64234.47787507437,64319.88363619894,-0.0016098052,-0.00028106672,0.002092081,0.0017057894,-0.028106673,DOWN,0.00195913365952447,278.94663415262903,171.04359792674757,0.2617426328648046,0.0025925259607583948,0.0016159422229975462,69.97989654541016
2026-08-07 04:00:00+00:00,bitcoin,64191.66824289551,64216.79582635849,-0.00066666474,-0.00027535958,0.0021453253,0.001531302,-0.027535958,DOWN,0.0019458746868423402,278.94663415262903,171.04359792674757,0.2617426328648046,0.0025925259607583948,0.0016159422229975462,69.97989654541016
2026-08-07 05:00:00+00:00,bitcoin,64276.06081741303,64176.068950301036,0.001313742,-0.00024308823,0.002184809,0.0014248828,-0.024308823,DOWN,0.0019628508068047215,278.94663415262903,171.04359792674757,0.2617426328648046,0.0025925259607583948,0.0016159422229975462,69.97989654541016
2026-08-07 06:00:00+00:00,bitcoin,64254.40492468048,64263.40813103458,-0.00033704317,-0.0001967526,0.0018450138,0.0013672994,-0.01967526,DOWN,0.0019630580571628957,278.94663415262903,171.04359792674757,0.2617426328648046,0.0025925259607583948,0.0016159422229975462,69.97989654541016
2026-08-07 07:00:00+00:00,bitcoin,64264.20288062096,64245.51699078223,0.00015251926,-0.00013823874,0.0015710578,0.0014123322,-0.013823874,DOWN,0.0019581505649531885,278.94663415262903,171.04359792674757,0.2617426328648046,0.0025925259607583948,0.0016159422229975462,69.97989654541016
2026-08-07 08:00:00+00:00,bitcoin,64552.892179889604,64257.4882795196,0.004482198,-0.000104473576,0.003427171,0.0014764973,-0.010447358,DOWN,0.0021324559411252868,278.94663415262903,171.04359792674757,0.2617426328648046,0.0025925259607583948,0.0016159422229975462,69.97989654541016
2026-08-07 09:00:00+00:00,bitcoin,64794.06145956367,64547.98102090135,0.0037290133,-7.608036e-05,0.0032223796,0.0016375257,-0.007608036,DOWN,0.0022318903972710696,278.94663415262903,171.04359792674757,0.2617426328648046,0.0025925259607583948,0.0016159422229975462,69.97989654541016
2026-08-07 10:00:00+00:00,bitcoin,64849.23923332617,64791.324278743006,0.00085125404,-4.217337e-05,0.0032330765,0.0018791306,-0.004217337,DOWN,0.0021695257214522355,278.94663415262903,171.04359792674757,0.2617426328648046,0.0025925259607583948,0.0016159422229975462,69.97989654541016
2026-08-07 11:00:00+00:00,bitcoin,64975.62637766125,64846.95001428947,0.0019470949,-3.5340665e-05,0.003089198,0.002146184,-0.0035340665,DOWN,0.0021396339712694205,278.94663415262903,171.04359792674757,0.2617426328648046,0.0025925259607583948,0.0016159422229975462,69.97989654541016
2026-08-07 12:00:00+00:00,bitcoin,65248.74998317519,64972.24016312999,0.004194629,-5.2119758e-05,0.0015592801,0.0024026001,-0.005211976,DOWN,0.002262187705068389,278.94663415262903,171.04359792674757,0.2617426328648046,0.0025925259607583948,0.0016159422229975462,69.97989654541016
2026-08-07 13:00:00+00:00,bitcoin,64964.586932212114,65246.96100085974,-0.0043645394,-2.7406326e-05,0.0004454577,0.0027664702,-0.0027406325,DOWN,0.0024063123244590593,278.94663415262903,171.04359792674757,0.2617426328648046,0.0025925259607583948,0.0016159422229975462,69.97989654541016
2026-08-07 14:00:00+00:00,bitcoin,64901.99587137555,64960.980961457826,-0.0009639099,-5.552668e-05,0.0019637316,0.0030190675,-0.005552668,DOWN,0.002387184598258669,278.94663415262903,171.04359792674757,0.2617426328648046,0.0025925259607583948,0.0016159422229975462,69.97989654541016
2026-08-07 15:00:00+00:00,bitcoin,64858.43726456165,64897.7330878973,-0.0006713693,-6.576531e-05,0.0019241946,0.003033878,-0.0065765306,DOWN,0.0022701897793788272,278.94663415262903,171.04359792674757,0.2617426328648046,0.0025925259607583948,0.0016159422229975462,69.97989654541016
2026-08-07 16:00:00+00:00,bitcoin,64758.075835717376,64854.66445676959,-0.0015486189,-5.825863e-05,0.001744504,0.0028948998,-0.0058258628,DOWN,0.00228051886949626,278.94663415262903,171.04359792674757,0.2617426328648046,0.0025925259607583948,0.0016159422229975462,69.97989654541016
2026-08-07 17:00:00+00:00,bitcoin,64713.284191570245,64755.97834905982,-0.00069187593,-3.2385273e-05,0.0017412538,0.002724144,-0.0032385273,DOWN,0.002285232562107677,278.94663415262903,171.04359792674757,0.2617426328648046,0.0025925259607583948,0.0016159422229975462,69.97989654541016
2026-08-07 18:00:00+00:00,bitcoin,64689.71377904713,64711.572602889966,-0.0003644139,-2.650848e-05,0.0016838749,0.0025961224,-0.002650848,DOWN,0.0022017431767946344,278.94663415262903,171.04359792674757,0.2617426328648046,0.0025925259607583948,0.0016159422229975462,69.97989654541016
2026-08-07 19:00:00+00:00,bitcoin,64913.9261285672,64684.779360038694,0.0034599516,-7.626719e-05,0.0005665083,0.0024409175,-0.0076267193,DOWN,0.002282076419504534,278.94663415262903,171.04359792674757,0.2617426328648046,0.0025925259607583948,0.0016159422229975462,69.97989654541016
2026-08-07 20:00:00+00:00,bitcoin,64935.720785846934,64904.66294818837,0.00033572482,-0.00014268534,0.00051932276,0.0022243625,-0.014268534,DOWN,0.0020661347779474294,278.94663415262903,171.04359792674757,0.2617426328648046,0.0025925259607583948,0.0016159422229975462,69.97989654541016
2026-08-07 21:00:00+00:00,bitcoin,64895.73291978799,64924.37440111302,-0.000616003,-0.00017469552,0.00049923995,0.0019903034,-0.017469553,DOWN,0.002026965479003995,278.94663415262903,171.04359792674757,0.2617426328648046,0.0025925259607583948,0.0016159422229975462,69.97989654541016
2026-08-07 22:00:00+00:00,bitcoin,64852.168073383626,64882.930968992645,-0.0006714343,-0.00019723017,0.0007252173,0.0017795814,-0.019723017,DOWN,0.0020071619447784503,278.94663415262903,171.04359792674757,0.2617426328648046,0.0025925259607583948,0.0016159422229975462,69.97989654541016
2026-08-07 23:00:00+00:00,bitcoin,64891.599879808724,64839.45827619452,0.0006078086,-0.00019602188,0.00076962286,0.0016766113,-0.019602189,DOWN,0.001967721288386942,278.94663415262903,171.04359792674757,0.2617426328648046,0.0025925259607583948,0.0016159422229975462,69.97989654541016
2026-08-08 00:00:00+00:00,bitcoin,64888.159184134565,64881.088771042414,-5.3034557e-05,-0.0001619889,0.00078721036,0.0016715782,-0.016198888,DOWN,0.0018684010712501126,278.94663415262903,171.04359792674757,0.2617426328648046,0.0025925259607583948,0.0016159422229975462,69.97989654541016
2026-08-08 01:00:00+00:00,bitcoin,64868.86065392615,64880.94701560191,-0.00029749112,-0.000111140565,0.0007387255,0.0017231633,-0.011114056,DOWN,0.0018698959174217665,278.94663415262903,171.04359792674757,0.2617426328648046,0.0025925259607583948,0.0016159422229975462,69.97989654541016
2026-08-08 02:00:00+00:00,bitcoin,64888.1222048644,64866.06390611362,0.00029688913,-4.315649e-05,0.0008466788,0.0018574082,-0.004315649,DOWN,0.0018675055496972404,278.94663415262903,171.04359792674757,0.2617426328648046,0.0025925259607583948,0.0016159422229975462,69.97989654541016
2026-08-08 03:00:00+00:00,bitcoin,64989.855322912335,64886.97240662784,0.001566675,-1.7688404e-05,0.00040027546,0.0019723407,-0.0017688404,DOWN,0.0018822897342955017,278.94663415262903,171.04359792674757,0.2617426328648046,0.0025925259607583948,0.0016159422229975462,69.97989654541016
2026-08-08 04:00:00+00:00,bitcoin,64974.143784315325,64988.67014987301,-0.0002418939,-1.8279281e-05,0.00039238596,0.0020873426,-0.0018279281,DOWN,0.001856748054932873,278.94663415262903,171.04359792674757,0.2617426328648046,0.0025925259607583948,0.0016159422229975462,69.97989654541016
2026-08-08 05:00:00+00:00,bitcoin,64961.00034838077,64972.27008164395,-0.00020226436,-2.8786386e-05,0.00039402244,0.002153605,-0.0028786387,DOWN,0.0018535756605893884,278.94663415262903,171.04359792674757,0.2617426328648046,0.0025925259607583948,0.0016159422229975462,69.97989654541016
2026-08-08 06:00:00+00:00,bitcoin,64968.72846674919,64955.82316631079,0.000118994605,-7.9716745e-05,0.00049096753,0.0021317864,-0.007971674,DOWN,0.0018518462621979627,278.94663415262903,171.04359792674757,0.2617426328648046,0.0025925259607583948,0.0016159422229975462,69.97989654541016
2026-08-08 07:00:00+00:00,bitcoin,64928.80563192768,64960.2691914991,-0.00061478745,-0.00013020479,0.00049511704,0.0019484999,-0.013020479,DOWN,0.0018441585199676978,278.94663415262903,171.04359792674757,0.2617426328648046,0.0025925259607583948,0.0016159422229975462,69.97989654541016
2026-08-08 08:00:00+00:00,bitcoin,64957.71785541996,64917.91043773899,0.00044528052,-0.0001677078,0.0004630007,0.0016455927,-0.01677078,DOWN,0.0018395477819814514,278.94663415262903,171.04359792674757,0.2617426328648046,0.0025925259607583948,0.0016159422229975462,69.97989654541016
2026-08-08 09:00:00+00:00,bitcoin,64955.2911428418,64946.57189033739,-3.740484e-05,-0.000171536,0.00085379515,0.0013779319,-0.0171536,DOWN,0.001804750031444784,278.94663415262903,171.04359792674757,0.2617426328648046,0.0025925259607583948,0.0016159422229975462,69.97989654541016
2026-08-08 10:00:00+00:00,bitcoin,64966.68716162443,64945.962289133575,0.00017534563,-0.00014365857,0.0010163009,0.0012019802,-0.0143658575,DOWN,0.0017945370205321271,278.94663415262903,171.04359792674757,0.2617426328648046,0.0025925259607583948,0.0016159422229975462,69.97989654541016
2026-08-08 11:00:00+00:00,bitcoin,64922.83732727636,64960.2167923213,-0.0006750328,-9.9438534e-05,0.00089983037,0.0010917389,-0.009943853,DOWN,0.0017963943934465342,278.94663415262903,171.04359792674757,0.2617426328648046,0.0025925259607583948,0.0016159422229975462,69.97989654541016
2026-08-08 12:00:00+00:00,bitcoin,64960.89450115105,64917.88275445462,0.0005859207,-7.632545e-05,0.00089568953,0.0010408643,-0.007632545,DOWN,0.001792382094245782,278.94663415262903,171.04359792674757,0.2617426328648046,0.0025925259607583948,0.0016159422229975462,69.97989654541016
2026-08-08 13:00:00+00:00,bitcoin,64973.61392108165,64956.720512437634,0.00019577172,-6.4175845e-05,0.0011482082,0.0010157422,-0.0064175846,DOWN,0.0017922217231625417,278.94663415262903,171.04359792674757,0.2617426328648046,0.0025925259607583948,0.0016159422229975462,69.97989654541016
2026-08-08 14:00:00+00:00,bitcoin,65082.73513012938,64969.899300707504,0.0016781793,-5.712895e-05,0.000801645,0.0010083525,-0.0057128947,DOWN,0.0016357463620401017,278.94663415262903,171.04359792674757,0.2617426328648046,0.0025925259607583948,0.0016159422229975462,69.97989654541016
2026-08-08 15:00:00+00:00,bitcoin,65029.658729320625,65079.23145416938,-0.0008158811,-5.3844982e-05,0.00071948377,0.0010195714,-0.0053844983,DOWN,0.001509783101177536,278.94663415262903,171.04359792674757,0.2617426328648046,0.0025925259607583948,0.0016159422229975462,69.97989654541016
2026-08-08 16:00:00+00:00,bitcoin,65039.99375831941,65026.48565508914,0.00015880914,-4.8844973e-05,0.0008328566,0.0010424164,-0.0048844973,DOWN,0.0015035251994482948,278.94663415262903,171.04359792674757,0.2617426328648046,0.0025925259607583948,0.0016159422229975462,69.97989654541016
2026-08-08 17:00:00+00:00,bitcoin,65073.141694771126,65037.518832651665,0.00050959265,-3.8015212e-05,0.0008011676,0.0010638743,-0.0038015211,DOWN,0.0014649259096008315,278.94663415262903,171.04359792674757,0.2617426328648046,0.0025925259607583948,0.0016159422229975462,69.97989654541016
2026-08-08 18:00:00+00:00,bitcoin,64992.85621203203,65071.4223779859,-0.0012345898,-2.6361178e-05,0.000760811,0.0010868554,-0.0026361179,DOWN,0.0012547437826018694,278.94663415262903,171.04359792674757,0.2617426328648046,0.0025925259607583948,0.0016159422229975462,69.97989654541016
2026-08-08 19:00:00+00:00,bitcoin,65025.42311048135,64991.49183208356,0.0005010113,-2.0961268e-05,0.0006957516,0.0011137347,-0.0020961268,DOWN,0.0009723872820885096,278.94663415262903,171.04359792674757,0.2617426328648046,0.0025925259607583948,0.0016159422229975462,69.97989654541016
2026-08-08 20:00:00+00:00,bitcoin,65032.18130014837,65024.007201732136,0.0001039203,-2.1796342e-05,0.0008953057,0.0011312814,-0.0021796343,DOWN,0.0009540764617116745,278.94663415262903,171.04359792674757,0.2617426328648046,0.0025925259607583948,0.0016159422229975462,69.97989654541016
2026-08-08 21:00:00+00:00,bitcoin,64968.032123229,65030.60206597252,-0.0009868975,-2.4229654e-05,0.00088104827,0.0011424862,-0.0024229654,DOWN,0.0009641728102871072,278.94663415262903,171.04359792674757,0.2617426328648046,0.0025925259607583948,0.0016159422229975462,69.97989654541016
2026-08-08 22:00:00+00:00,bitcoin,64892.50790253468,64967.016682136804,-0.0011630867,-1.5591448e-05,0.00082567957,0.0011632256,-0.0015591448,DOWN,0.0009444450026187714,278.94663415262903,171.04359792674757,0.2617426328648046,0.0025925259607583948,0.0016159422229975462,69.97989654541016
2026-08-08 23:00:00+00:00,bitcoin,64908.718199259136,64891.98181711999,0.00024972076,-8.128482e-06,0.00077734,0.0011855123,-0.00081284816,DOWN,0.0009338615494558034,278.94663415262903,171.04359792674757,0.2617426328648046,0.0025925259607583948,0.0016159422229975462,69.97989654541016
2026-08-09 00:00:00+00:00,bitcoin,64922.08179632202,64908.803864944726,0.00020579669,1.3093809e-06,0.000798477,0.0012159093,0.00013093809,UP,0.0009298590256278435,278.94663415262903,171.04359792674757,0.2617426328648046,0.0025925259607583948,0.0016159422229975462,69.97989654541016
2026-08-09 01:00:00+00:00,bitcoin,64806.003881487995,64923.05327866599,-0.0017895609,1.49841635e-05,0.0005082164,0.0012577451,0.0014984163,UP,0.0007565521714567978,278.94663415262903,171.04359792674757,0.2617426328648046,0.0025925259607583948,0.0016159422229975462,69.97989654541016
2026-08-09 02:00:00+00:00,bitcoin,64770.06880545616,64808.75026988983,-0.00055457285,4.2431064e-05,0.0004607997,0.0013296811,0.0042431066,UP,0.0007581449197015684,278.94663415262903,171.04359792674757,0.2617426328648046,0.0025925259607583948,0.0016159422229975462,69.97989654541016
2026-08-09 03:00:00+00:00,bitcoin,64734.969764275476,64774.74935610406,-0.00054208795,7.2246105e-05,0.00035245475,0.0014216225,0.0072246105,UP,0.0007564790837783258,278.94663415262903,171.04359792674757,0.2617426328648046,0.0025925259607583948,0.0016159422229975462,69.97989654541016
2026-08-09 04:00:00+00:00,bitcoin,64735.43177057803,64741.21181079373,7.1203535e-06,9.6405376e-05,0.00050764834,0.0015273225,0.009640537,UP,0.0007483668065300334,278.94663415262903,171.04359792674757,0.2617426328648046,0.0025925259607583948,0.0016159422229975462,69.97989654541016
2026-08-09 05:00:00+00:00,bitcoin,64754.321061596274,64743.00012785476,0.0002917702,0.000116868345,0.0006280161,0.001666502,0.0116868345,UP,0.0007408265113933045,278.94663415262903,171.04359792674757,0.2617426328648046,0.0025925259607583948,0.0016159422229975462,69.97989654541016
2026-08-09 06:00:00+00:00,bitcoin,64792.901456465945,64762.60313912574,0.00059558405,0.00012790386,0.0006655524,0.0018298903,0.012790386,UP,0.000750752148262439,278.94663415262903,171.04359792674757,0.2617426328648046,0.0025925259607583948,0.0016159422229975462,69.97989654541016
2026-08-09 07:00:00+00:00,bitcoin,64770.873692763504,64801.44881183747,-0.0003400232,0.00013192026,0.000577842,0.0020203819,0.013192026,UP,0.0007512778820687399,278.94663415262903,171.04359792674757,0.2617426328648046,0.0025925259607583948,0.0016159422229975462,69.97989654541016
2026-08-09 08:00:00+00:00,bitcoin,64770.07194028399,64779.603872204665,-1.2363369e-05,0.00013482335,0.0017176726,0.0022651246,0.013482335,UP,0.0007484680571151765,278.94663415262903,171.04359792674757,0.2617426328648046,0.0025925259607583948,0.0016159422229975462,69.97989654541016
2026-08-09 09:00:00+00:00,bitcoin,64832.31085786689,64778.254778210074,0.00096044975,0.0001263839,0.001745366,0.0024723872,0.012638389,UP,0.000710155920920445,278.94663415262903,171.04359792674757,0.2617426328648046,0.0025925259607583948,0.0016159422229975462,69.97989654541016
2026-08-09 10:00:00+00:00,bitcoin,64905.45992002962,64840.160865012556,0.0011276955,0.00012102277,0.0019199192,0.0026111372,0.012102277,UP,0.0007427444704913517,278.94663415262903,171.04359792674757,0.2617426328648046,0.0025925259607583948,0.0016159422229975462,69.97989654541016
2026-08-09 11:00:00+00:00,bitcoin,64899.96743044071,64912.11504464224,-8.4621846e-05,0.000102562044,0.0018989166,0.0027236752,0.010256205,UP,0.0007421413099323969,278.94663415262903,171.04359792674757,0.2617426328648046,0.0025925259607583948,0.0016159422229975462,69.97989654541016
2026-08-09 12:00:00+00:00,bitcoin,64906.59134736657,64904.5720741041,0.000102014776,7.09156e-05,0.001995476,0.0027677608,0.00709156,UP,0.0007420293698802337,278.94663415262903,171.04359792674757,0.2617426328648046,0.0025925259607583948,0.0016159422229975462,69.97989654541016
2026-08-09 13:00:00+00:00,bitcoin,65178.67792223161,64908.84918454103,0.0041832593,3.488353e-05,0.00050216593,0.0027584604,0.003488353,UP,0.001061828148859115,278.94663415262903,171.04359792674757,0.2617426328648046,0.0025925259607583948,0.0016159422229975462,69.97989654541016
2026-08-09 14:00:00+00:00,bitcoin,65214.28915798757,65181.44577335939,0.00054618553,4.241996e-05,0.00035065168,0.0029022957,0.004241996,UP,0.0010630260445161947,278.94663415262903,171.04359792674757,0.2617426328648046,0.0025925259607583948,0.0016159422229975462,69.97989654541016
2026-08-09 15:00:00+00:00,bitcoin,65174.98685188824,65216.89340243768,-0.0006028222,3.9972736e-05,0.0003359762,0.0030077486,0.0039972737,UP,0.001071109724171773,278.94663415262903,171.04359792674757,0.2617426328648046,0.0025925259607583948,0.0016159422229975462,69.97989654541016
2026-08-09 16:00:00+00:00,bitcoin,65181.97302943049,65177.00057243882,0.00010709775,3.0840252e-05,0.0005510537,0.003094284,0.0030840253,UP,0.0010710454333694177,278.94663415262903,171.04359792674757,0.2617426328648046,0.0025925259607583948,0.0016159422229975462,69.97989654541016
2026-08-09 17:00:00+00:00,bitcoin,65142.002231566235,65182.675846952945,-0.0006133753,1.0805719e-05,0.00095844525,0.0031340134,0.0010805719,UP,0.0010695448948519635,278.94663415262903,171.04359792674757,0.2617426328648046,0.0025925259607583948,0.0016159422229975462,69.97989654541016
2026-08-09 18:00:00+00:00,bitcoin,65147.125250816345,65142.01553106308,7.861122e-05,1.1959492e-07,0.0013538769,0.0031402272,1.19594915e-05,UP,0.001065809300450331,278.94663415262903,171.04359792674757,0.2617426328648046,0.0025925259607583948,0.0016159422229975462,69.97989654541016
2026-08-09 19:00:00+00:00,bitcoin,65130.734534083866,65146.50756853027,-0.0002515057,-9.3582e-06,0.0016148695,0.0031310078,-0.00093582005,DOWN,0.0010674918273973217,278.94663415262903,171.04359792674757,0.2617426328648046,0.0025925259607583948,0.0016159422229975462,69.97989654541016
2026-08-09 20:00:00+00:00,bitcoin,65095.56650490593,65129.55036032712,-0.0005401054,-1.8232351e-05,0.0024835095,0.0031171048,-0.0018232351,DOWN,0.0010291077329524468,278.94663415262903,171.04359792674757,0.2617426328648046,0.0025925259607583948,0.0016159422229975462,69.97989654541016
2026-08-09 21:00:00+00:00,bitcoin,65143.69781197049,65093.83983323816,0.00073908444,-2.6643573e-05,0.002564903,0.00301925,-0.0026643572,DOWN,0.0010253970223007898,278.94663415262903,171.04359792674757,0.2617426328648046,0.0025925259607583948,0.0016159422229975462,69.97989654541016
2026-08-09 22:00:00+00:00,bitcoin,65023.07795380172,65141.94804570987,-0.001853332,-2.6879183e-05,0.002568386,0.0029348454,-0.0026879183,DOWN,0.001082735067150511,278.94663415262903,171.04359792674757,0.2617426328648046,0.0025925259607583948,0.0016159422229975462,69.97989654541016
2026-08-09 23:00:00+00:00,bitcoin,64848.69201706443,65021.19067007024,-0.0026855231,-2.8969846e-05,0.0022012119,0.0028612153,-0.0028969846,DOWN,0.0011823231568195776,278.94663415262903,171.04359792674757,0.2617426328648046,0.0025925259607583948,0.0016159422229975462,69.97989654541016
2026-08-10 00:00:00+00:00,bitcoin,64916.98323010001,64846.71624652692,0.0010524982,-3.0439065e-05,0.0023303938,0.0029470962,-0.0030439065,DOWN,0.0011813881721969817,278.94663415262903,171.04359792674757,0.2617426328648046,0.0025925259607583948,0.0016159422229975462,69.97989654541016
2026-08-10 01:00:00+00:00,bitcoin,65146.851025085896,64914.75945980614,0.0035347464,-3.413589e-05,0.0020191914,0.0029647446,-0.003413589,DOWN,0.0013478821147378077,278.94663415262903,171.04359792674757,0.2617426328648046,0.0025925259607583948,0.0016159422229975462,69.97989654541016
2026-08-10 02:00:00+00:00,bitcoin,65043.01867325418,65144.498431202956,-0.0015950864,-3.6155972e-05,0.0019986308,0.0029547457,-0.0036155973,DOWN,0.001381332633780216,278.94663415262903,171.04359792674757,0.2617426328648046,0.0025925259607583948,0.0016159422229975462,69.97989654541016
2026-08-10 03:00:00+00:00,bitcoin,64921.08821634785,65040.66627354291,-0.0018763598,-3.6201054e-05,0.0015776694,0.0029248144,-0.0036201053,DOWN,0.0014125136153369199,278.94663415262903,171.04359792674757,0.2617426328648046,0.0025925259607583948,0.0016159422229975462,69.97989654541016
2026-08-10 04:00:00+00:00,bitcoin,64950.769664234016,64918.46238636947,0.0004570611,-4.0468767e-05,0.002827234,0.0029634233,-0.004046877,DOWN,0.0013983479622578798,278.94663415262903,171.04359792674757,0.2617426328648046,0.0025925259607583948,0.0016159422229975462,69.97989654541016
2026-08-10 05:00:00+00:00,bitcoin,65085.60152013507,64947.79632097483,0.0020737594,-4.584784e-05,0.0026234465,0.00300008,-0.0045847837,DOWN,0.00144710299345483,278.94663415262903,171.04359792674757,0.2617426328648046,0.0025925259607583948,0.0016159422229975462,69.97989654541016
2026-08-10 06:00:00+00:00,bitcoin,65248.078767576255,65081.70276131807,0.002493241,-5.989665e-05,0.0024307324,0.002937403,-0.005989665,DOWN,0.0015122877990533395,278.94663415262903,171.04359792674757,0.2617426328648046,0.0025925259607583948,0.0016159422229975462,69.97989654541016
2026-08-10 07:00:00+00:00,bitcoin,65149.83585992362,65243.170095289126,-0.0015067464,-7.522552e-05,0.0028601855,0.0028839973,-0.0075225523,DOWN,0.0015005276000949698,278.94663415262903,171.04359792674757,0.2617426328648046,0.0025925259607583948,0.0016159422229975462,69.97989654541016
2026-08-10 08:00:00+00:00,bitcoin,65190.34973104298,65144.52369768941,0.0006216305,-8.157354e-05,0.0031393406,0.0028620327,-0.008157354,DOWN,0.0014961044758460267,278.94663415262903,171.04359792674757,0.2617426328648046,0.0025925259607583948,0.0016159422229975462,69.97989654541016
2026-08-10 09:00:00+00:00,bitcoin,64907.651260618586,65183.6915622605,-0.00434601,-0.00010216038,0.00312196,0.0027434183,-0.010216039,DOWN,0.0017078759182622913,278.94663415262903,171.04359792674757,0.2617426328648046,0.0025925259607583948,0.0016159422229975462,69.97989654541016
2026-08-10 10:00:00+00:00,bitcoin,64956.25600713305,64902.08510694187,0.00074868044,-8.573148e-05,0.0033539305,0.002828639,-0.008573148,DOWN,0.0017119968849346576,278.94663415262903,171.04359792674757,0.2617426328648046,0.0025925259607583948,0.0016159422229975462,69.97989654541016
2026-08-10 11:00:00+00:00,bitcoin,65069.46233440237,64951.87896011677,0.0017411824,-6.7470726e-05,0.0028607391,0.0028966048,-0.0067470726,DOWN,0.0017374695720728636,278.94663415262903,171.04359792674757,0.2617426328648046,0.0025925259607583948,0.0016159422229975462,69.97989654541016
2026-08-10 12:00:00+00:00,bitcoin,64817.09846661799,65065.6678211214,-0.0038858475,-5.8283687e-05,0.0035289119,0.0029220057,-0.005828369,DOWN,0.0018848356802703664,278.94663415262903,171.04359792674757,0.2617426328648046,0.0025925259607583948,0.0016159422229975462,69.97989654541016
2026-08-10 13:00:00+00:00,bitcoin,64494.73171349894,64813.68245322211,-0.0049859597,-5.2795876e-05,0.0033799282,0.0030584899,-0.0052795876,DOWN,0.0020931892736501404,278.94663415262903,171.04359792674757,0.2617426328648046,0.0025925259607583948,0.0016159422229975462,69.97989654541016
2026-08-10 14:00:00+00:00,bitcoin,64562.7648637197,64490.55183911207,0.0010542783,-6.48303e-05,0.0037605753,0.0032716456,-0.0064830305,DOWN,0.0021044762099377266,278.94663415262903,171.04359792674757,0.2617426328648046,0.0025925259607583948,0.0016159422229975462,69.97989654541016
2026-08-10 15:00:00+00:00,bitcoin,64235.853690146934,64558.07071360736,-0.00507631,-7.270723e-05,0.0035393194,0.0033897432,-0.007270723,DOWN,0.002279439702136938,278.94663415262903,171.04359792674757,0.2617426328648046,0.0025925259607583948,0.0016159422229975462,69.97989654541016
2026-08-10 16:00:00+00:00,bitcoin,63833.92416562885,64231.41403532261,-0.006276751,-6.904346e-05,0.0022274533,0.0034812556,-0.006904346,DOWN,0.002506726010140543,278.94663415262903,171.04359792674757,0.2617426328648046,0.0025925259607583948,0.0016159422229975462,69.97989654541016
2026-08-10 17:00:00+00:00,bitcoin,63884.97465775721,63830.41765582282,0.0007995464,-5.4929587e-05,0.0022256898,0.0035584369,-0.0054929587,DOWN,0.00251758698094987,278.94663415262903,171.04359792674757,0.2617426328648046,0.0025925259607583948,0.0016159422229975462,69.97989654541016
2026-08-10 18:00:00+00:00,bitcoin,63815.89860703563,63882.539642305346,-0.0010819351,-3.8152888e-05,0.0021809118,0.0036099958,-0.003815289,DOWN,0.0025167394577782953,278.94663415262903,171.04359792674757,0.2617426328648046,0.0025925259607583948,0.0016159422229975462,69.97989654541016
2026-08-10 19:00:00+00:00,bitcoin,63975.87545969989,63813.69988505263,0.002503769,-3.4471537e-05,0.0018771244,0.0035921067,-0.0034471536,DOWN,0.0024240837020633784,278.94663415262903,171.04359792674757,0.2617426328648046,0.0025925259607583948,0.0016159422229975462,69.97989654541016
2026-08-10 20:00:00+00:00,bitcoin,64096.85837830184,63973.2286908722,0.0018892467,-4.1490704e-05,0.0015899516,0.003514125,-0.0041490705,DOWN,0.00245853989668877,278.94663415262903,171.04359792674757,0.2617426328648046,0.0025925259607583948,0.0016159422229975462,69.97989654541016
2026-08-10 21:00:00+00:00,bitcoin,63910.41659245733,64094.127738568,-0.002912922,-4.266169e-05,0.00070406066,0.0034228968,-0.004266169,DOWN,0.0024952737463637335,278.94663415262903,171.04359792674757,0.2617426328648046,0.0025925259607583948,0.0016159422229975462,69.97989654541016
2026-08-10 22:00:00+00:00,bitcoin,63959.71496743336,63908.387677831575,0.00077092386,-3.1826487e-05,0.00090086675,0.0033494157,-0.0031826487,DOWN,0.002505147449477624,278.94663415262903,171.04359792674757,0.2617426328648046,0.0025925259607583948,0.0016159422229975462,69.97989654541016
2026-08-10 23:00:00+00:00,bitcoin,63911.881873761304,63958.34232328972,-0.000748126,-2.1459247e-05,0.0012666085,0.003287164,-0.0021459248,DOWN,0.002505241099869568,278.94663415262903,171.04359792674757,0.2617426328648046,0.0025925259607583948,0.0016159422229975462,69.97989654541016
2026-08-11 00:00:00+00:00,bitcoin,63972.090991377365,63911.2465384067,0.0009416496,-9.863103e-06,0.0012058603,0.0031392523,-0.0009863103,DOWN,0.00251861418783988,278.94663415262903,171.04359792674757,0.2617426328648046,0.0025925259607583948,0.0016159422229975462,69.97989654541016
2026-08-11 01:00:00+00:00,bitcoin,63993.25218073325,63967.948889161926,0.000330717,-6.471931e-05,0.0011798097,0.0029683474,-0.006471931,DOWN,0.0025236583407544366,278.94663415262903,171.04359792674757,0.2617426328648046,0.0025925259607583948,0.0016159422229975462,69.97989654541016
2026-08-11 02:00:00+00:00,bitcoin,63978.05384898186,63983.21459002793,-0.00023754104,-0.00015679549,0.0014525641,0.0027007735,-0.01567955,DOWN,0.002524444511998483,278.94663415262903,171.04359792674757,0.2617426328648046,0.0025925259607583948,0.0016159422229975462,69.97989654541016
2026-08-11 03:00:00+00:00,bitcoin,64074.72019215254,63962.19852321758,0.0015098149,-0.00024776216,0.0013731365,0.0022986776,-0.024776217,DOWN,0.0025421550044449565,278.94663415262903,171.04359792674757,0.2617426328648046,0.0025925259607583948,0.0016159422229975462,69.97989654541016
2026-08-11 04:00:00+00:00,bitcoin,63960.21296921,64053.025973170996,-0.001788697,-0.00033867735,0.0013574697,0.0019061787,-0.033867735,DOWN,0.002541041417005925,278.94663415262903,171.04359792674757,0.2617426328648046,0.0025925259607583948,0.0016159422229975462,69.97989654541016
2026-08-11 05:00:00+00:00,bitcoin,63926.88739896985,63938.168070576154,-0.0005210895,-0.00034474093,0.001524774,0.001587211,-0.034474093,DOWN,0.0025088331148247767,278.94663415262903,171.04359792674757,0.2617426328648046,0.0025925259607583948,0.0016159422229975462,69.97989654541016
2026-08-11 06:00:00+00:00,bitcoin,63897.943475003354,63907.305479418486,-0.00045295138,-0.00030634343,0.0014945517,0.0013574425,-0.030634344,DOWN,0.0024922351874823593,278.94663415262903,171.04359792674757,0.2617426328648046,0.0025925259607583948,0.0016159422229975462,69.97989654541016
2026-08-11 07:00:00+00:00,bitcoin,63999.174369012006,63881.701475730166,0.0015829988,-0.0002541354,0.0017893926,0.0011984719,-0.025413541,DOWN,0.0024062971391966962,278.94663415262903,171.04359792674757,0.2617426328648046,0.0025925259607583948,0.0016159422229975462,69.97989654541016
2026-08-11 08:00:00+00:00,bitcoin,64073.85505169444,63986.755196067505,0.0011662049,-0.00019406668,0.0021560588,0.0011152715,-0.019406669,DOWN,0.002419317392152728,278.94663415262903,171.04359792674757,0.2617426328648046,0.0025925259607583948,0.0016159422229975462,69.97989654541016
2026-08-11 09:00:00+00:00,bitcoin,64242.44951409567,64065.208941096906,0.002627846,-0.00013491996,0.0032660172,0.0010800525,-0.013491996,DOWN,0.002470206275098114,278.94663415262903,171.04359792674757,0.2617426328648046,0.0025925259607583948,0.0016159422229975462,69.97989654541016
2026-08-11 10:00:00+00:00,bitcoin,64171.17345108045,64237.14584826422,-0.0011101213,-8.251317e-05,0.0032781353,0.0010947948,-0.008251317,DOWN,0.002469173735662924,278.94663415262903,171.04359792674757,0.2617426328648046,0.0025925259607583948,0.0016159422229975462,69.97989654541016
2026-08-11 11:00:00+00:00,bitcoin,64327.17424250208,64168.74688846059,0.002428048,-3.777275e-05,0.0022662177,0.001155181,-0.0037772749,DOWN,0.002482265330874116,278.94663415262903,171.04359792674757,0.2617426328648046,0.0025925259607583948,0.0016159422229975462,69.97989654541016
2026-08-11 12:00:00+00:00,bitcoin,64266.52252741344,64326.55456908513,-0.00094331754,-9.572457e-06,0.0029337653,0.0012423493,-0.0009572457,DOWN,0.00242319352622815,278.94663415262903,171.04359792674757,0.2617426328648046,0.0025925259607583948,0.0016159422229975462,69.97989654541016
2026-08-11 13:00:00+00:00,bitcoin,64139.991541943746,64266.55017591454,-0.0019707924,4.5228535e-07,0.0029845627,0.0013268343,4.5228535e-05,UP,0.0024312699669943694,278.94663415262903,171.04359792674757,0.2617426328648046,0.0025925259607583948,0.0016159422229975462,69.97989654541016
2026-08-11 14:00:00+00:00,bitcoin,63713.960037106415,64140.156495063566,-0.0066643064,2.6352923e-06,0.0027439406,0.0014208269,0.00026352922,UP,0.0026644027304287806,278.94663415262903,171.04359792674757,0.2617426328648046,0.0025925259607583948,0.0016159422229975462,69.97989654541016
2026-08-11 15:00:00+00:00,bitcoin,63541.37302608695,63715.11542249471,-0.0027124984,1.811746e-05,0.0029515952,0.0016284861,0.001811746,UP,0.002604965019607456,278.94663415262903,171.04359792674757,0.2617426328648046,0.0025925259607583948,0.0016159422229975462,69.97989654541016
2026-08-11 16:00:00+00:00,bitcoin,63440.593208823586,63543.885901356116,-0.0015873321,3.956884e-05,0.0028672535,0.0019243709,0.003956884,UP,0.0025948700146637476,278.94663415262903,171.04359792674757,0.2617426328648046,0.0025925259607583948,0.0016159422229975462,69.97989654541016
2026-08-11 17:00:00+00:00,bitcoin,63537.1278068251,63441.709124481305,0.0015204443,1.7544717e-05,0.002823738,0.0021392554,0.0017544717,UP,0.0025877520989341825,278.94663415262903,171.04359792674757,0.2617426328648046,0.0025925259607583948,0.0016159422229975462,69.97989654541016
2026-08-11 18:00:00+00:00,bitcoin,63305.78941721376,63536.117510253796,-0.0036475398,-1.585241e-05,0.0020971245,0.0022959784,-0.001585241,DOWN,0.0025783303554348155,278.94663415262903,171.04359792674757,0.2617426328648046,0.0025925259607583948,0.0016159422229975462,69.97989654541016
2026-08-11 19:00:00+00:00,bitcoin,63477.97315827012,63301.99687683536,0.0027161175,-5.988888e-05,0.0020272934,0.002337249,-0.005988888,DOWN,0.002529278565813024,278.94663415262903,171.04359792674757,0.2617426328648046,0.0025925259607583948,0.0016159422229975462,69.97989654541016
2026-08-11 20:00:00+00:00,bitcoin,63682.161091417074,63472.017175862566,0.003211566,-9.369459e-05,0.0015295949,0.0023545607,-0.009369459,DOWN,0.002605533784297424,278.94663415262903,171.04359792674757,0.2617426328648046,0.0025925259607583948,0.0016159422229975462,69.97989654541016
2026-08-11 21:00:00+00:00,bitcoin,63615.575065287296,63675.98826262867,-0.0010460835,-9.691329e-05,0.0015509394,0.002426098,-0.009691329,DOWN,0.0024596276273556863,278.94663415262903,171.04359792674757,0.2617426328648046,0.0025925259607583948,0.0016159422229975462,69.97989654541016
2026-08-11 22:00:00+00:00,bitcoin,63604.65778726339,63608.108310645446,-0.00017163887,-0.00011747825,0.0015796077,0.0023568072,-0.011747825,DOWN,0.0021892159920019996,278.94663415262903,171.04359792674757,0.2617426328648046,0.0025925259607583948,0.0016159422229975462,69.97989654541016
2026-08-11 23:00:00+00:00,bitcoin,63531.749083034694,63595.62209476158,-0.0011469596,-0.00014209842,0.0014856437,0.0022374778,-0.014209842,DOWN,0.0021899262969464132,278.94663415262903,171.04359792674757,0.2617426328648046,0.0025925259607583948,0.0016159422229975462,69.97989654541016
2026-08-12 00:00:00+00:00,bitcoin,63685.0391535759,63521.8854188472,0.0024098884,-0.00015530294,0.0011685839,0.002124726,-0.015530295,DOWN,0.002232966528495982,278.94663415262903,171.04359792674757,0.2617426328648046,0.0025925259607583948,0.0016159422229975462,69.97989654541016
2026-08-12 01:00:00+00:00,bitcoin,63760.90440217871,63675.57961956598,0.0011904559,-0.00014846306,0.0014591927,0.0020611393,-0.014846306,DOWN,0.002193257202291325,278.94663415262903,171.04359792674757,0.2617426328648046,0.0025925259607583948,0.0016159422229975462,69.97989654541016
2026-08-12 02:00:00+00:00,bitcoin,63687.94508180581,63752.2182195168,-0.0011447609,-0.0001361514,0.001645581,0.0020091953,-0.01361514,DOWN,0.0021676296317714107,278.94663415262903,171.04359792674757,0.2617426328648046,0.0025925259607583948,0.0016159422229975462,69.97989654541016
2026-08-12 03:00:00+00:00,bitcoin,63762.01867491938,63683.576114326715,0.0011623435,-6.869097e-05,0.00158652,0.0021481118,-0.006869097,DOWN,0.0021198408673518136,278.94663415262903,171.04359792674757,0.2617426328648046,0.0025925259607583948,0.0016159422229975462,69.97989654541016
2026-08-12 04:00:00+00:00,bitcoin,63713.62000425276,63760.13067652541,-0.0007593362,-2.9687855e-05,0.002706117,0.002230994,-0.0029687856,DOWN,0.0021171780892894057,278.94663415262903,171.04359792674757,0.2617426328648046,0.0025925259607583948,0.0016159422229975462,69.97989654541016
2026-08-12 05:00:00+00:00,bitcoin,63786.77099952148,63713.757808349095,0.001147423,2.1193619e-06,0.0027192694,0.002335794,0.00021193619,UP,0.0021262630677222442,278.94663415262903,171.04359792674757,0.2617426328648046,0.0025925259607583948,0.0016159422229975462,69.97989654541016
2026-08-12 06:00:00+00:00,bitcoin,63650.688786085695,63790.25215201918,-0.002135607,5.4593962e-05,0.002118668,0.0025832234,0.005459396,UP,0.0021501311136647833,278.94663415262903,171.04359792674757,0.2617426328648046,0.0025925259607583948,0.0016159422229975462,69.97989654541016
2026-08-12 07:00:00+00:00,bitcoin,63767.03443376208,63656.70849493565,0.0018261176,9.446305e-05,0.0025812383,0.0029199915,0.009446305,UP,0.0021792237458161533,278.94663415262903,171.04359792674757,0.2617426328648046,0.0025925259607583948,0.0016159422229975462,69.97989654541016
2026-08-12 08:00:00+00:00,bitcoin,63730.50545392558,63771.21974399313,-0.0005730503,6.572666e-05,0.0035563111,0.003202008,0.0065726656,UP,0.002180729661251562,278.94663415262903,171.04359792674757,0.2617426328648046,0.0025925259607583948,0.0016159422229975462,69.97989654541016
2026-08-12 09:00:00+00:00,bitcoin,64052.343048512936,63732.18659341335,0.005037304,2.6386188e-05,0.0037135303,0.0035055808,0.0026386187,UP,0.0023606863176594047,278.94663415262903,171.04359792674757,0.2617426328648046,0.0025925259607583948,0.0016159422229975462,69.97989654541016
2026-08-12 10:00:00+00:00,bitcoin,64079.98847419908,64052.11459254916,0.00043156065,-3.494767e-06,0.0038570845,0.0037486553,-0.0003494767,DOWN,0.0023377013271709325,278.94663415262903,171.04359792674757,0.2617426328648046,0.0025925259607583948,0.0016159422229975462,69.97989654541016
2026-08-12 11:00:00+00:00,bitcoin,64175.895045861136,64078.40702276537,0.0014956065,-2.4644321e-05,0.003725964,0.0039368123,-0.002464432,DOWN,0.0023492576541133273,278.94663415262903,171.04359792674757,0.2617426328648046,0.0025925259607583948,0.0016159422229975462,69.97989654541016
2026-08-12 12:00:00+00:00,bitcoin,64066.44469035324,64174.234483491164,-0.0017070345,-2.5876818e-05,0.0038209106,0.0039293775,-0.0025876819,DOWN,0.00237104905382507,278.94663415262903,171.04359792674757,0.2617426328648046,0.0025925259607583948,0.0016159422229975462,69.97989654541016
2026-08-12 13:00:00+00:00,bitcoin,63780.55761385686,64065.41418738733,-0.0044722725,-1.6035428e-05,0.0035826166,0.003919699,-0.0016035428,DOWN,0.0024935247860154016,278.94663415262903,171.04359792674757,0.2617426328648046,0.0025925259607583948,0.0016159422229975462,69.97989654541016
2026-08-12 14:00:00+00:00,bitcoin,63296.715324765304,63779.387695548125,-0.0076150517,-1.8365665e-05,0.0010656391,0.003781295,-0.0018365665,DOWN,0.0028284411152177565,278.94663415262903,171.04359792674757,0.2617426328648046,0.0025925259607583948,0.0016159422229975462,69.97989654541016
2026-08-12 15:00:00+00:00,bitcoin,63368.63517673686,63294.72645628732,0.0011357438,-3.1383766e-05,0.0016534592,0.0036730922,-0.0031383766,DOWN,0.002785993902773928,278.94663415262903,171.04359792674757,0.2617426328648046,0.0025925259607583948,0.0016159422229975462,69.97989654541016
2026-08-12 16:00:00+00:00,bitcoin,63427.44953194447,63365.052412951365,0.00092760904,-5.6636076e-05,0.0019857031,0.0035021526,-0.0056636077,DOWN,0.0027942522306202266,278.94663415262903,171.04359792674757,0.2617426328648046,0.0025925259607583948,0.0016159422229975462,69.97989654541016
2026-08-12 17:00:00+00:00,bitcoin,63398.81895774999,63423.72913729958,-0.00045146648,-5.8622296e-05,0.001997475,0.00328014,-0.0058622295,DOWN,0.0027431842961203176,278.94663415262903,171.04359792674757,0.2617426328648046,0.0025925259607583948,0.0016159422229975462,69.97989654541016
2026-08-12 18:00:00+00:00,bitcoin,63309.60510845436,63397.93983714981,-0.0014081297,-1.3844427e-05,0.0018823222,0.0030071882,-0.0013844427,DOWN,0.0027471875790759832,278.94663415262903,171.04359792674757,0.2617426328648046,0.0025925259607583948,0.0016159422229975462,69.97989654541016
2026-08-12 19:00:00+00:00,bitcoin,63345.714670568705,63310.37163144909,0.0005701991,1.1978073e-05,0.0019243141,0.0028033229,0.0011978074,UP,0.0027393585384183315,278.94663415262903,171.04359792674757,0.2617426328648046,0.0025925259607583948,0.0016159422229975462,69.97989654541016
2026-08-12 20:00:00+00:00,bitcoin,63535.470282167196,63345.88488075882,0.0029909895,2.6593125e-06,0.0014565983,0.002675447,0.00026593124,UP,0.0025414591594885884,278.94663415262903,171.04359792674757,0.2617426328648046,0.0025925259607583948,0.0016159422229975462,69.97989654541016
2026-08-12 21:00:00+00:00,bitcoin,63403.19231105037,63533.628263603896,-0.002084115,-2.8923436e-05,0.0013368345,0.002591063,-0.0028923436,DOWN,0.0025216881074000192,278.94663415262903,171.04359792674757,0.2617426328648046,0.0025925259607583948,0.0016159422229975462,69.97989654541016
2026-08-12 22:00:00+00:00,bitcoin,63361.56812678883,63395.80699658347,-0.0006566666,-0.00011649252,0.0013385594,0.0023593258,-0.011649252,DOWN,0.002508084196151226,278.94663415262903,171.04359792674757,0.2617426328648046,0.0025925259607583948,0.0016159422229975462,69.97989654541016
2026-08-12 23:00:00+00:00,bitcoin,63413.06107530836,63349.94580260385,0.0008122806,-0.00018344707,0.0013373096,0.002136122,-0.018344708,DOWN,0.00249618898159169,278.94663415262903,171.04359792674757,0.2617426328648046,0.0025925259607583948,0.0016159422229975462,69.97989654541016
2026-08-13 00:00:00+00:00,bitcoin,63489.83968021115,63400.12441644026,0.001210079,-0.00020405052,0.0016496523,0.0020211614,-0.020405052,DOWN,0.002412081866521727,278.94663415262903,171.04359792674757,0.2617426328648046,0.0025925259607583948,0.0016159422229975462,69.97989654541016
2026-08-13 01:00:00+00:00,bitcoin,63385.50698635029,63476.25424498087,-0.0016445771,-0.00021405602,0.0007806087,0.0019265101,-0.021405602,DOWN,0.0023799692644163165,278.94663415262903,171.04359792674757,0.2617426328648046,0.0025925259607583948,0.0016159422229975462,69.97989654541016
2026-08-13 02:00:00+00:00,bitcoin,63479.049198337365,63372.79851013818,0.0014746289,-0.00020060792,0.0014305586,0.0018591458,-0.02006079,DOWN,0.0023180929127861933,278.94663415262903,171.04359792674757,0.2617426328648046,0.0025925259607583948,0.0016159422229975462,69.97989654541016
2026-08-13 03:00:00+00:00,bitcoin,63580.26331903925,63469.262488343054,0.0015931294,-0.0001541197,0.0017550588,0.0019146852,-0.01541197,DOWN,0.0023311843900249815,278.94663415262903,171.04359792674757,0.2617426328648046,0.0025925259607583948,0.0016159422229975462,69.97989654541016
2026-08-13 04:00:00+00:00,bitcoin,63627.45080059301,63571.860000596615,0.00074189686,-0.00013218414,0.0017461386,0.0019106978,-0.013218414,DOWN,0.002335045969965396,278.94663415262903,171.04359792674757,0.2617426328648046,0.0025925259607583948,0.0016159422229975462,69.97989654541016
2026-08-13 05:00:00+00:00,bitcoin,63805.99971897714,63618.912320364034,0.0028022612,-0.0001341036,0.0013067481,0.0018582363,-0.01341036,DOWN,0.002378390155124974,278.94663415262903,171.04359792674757,0.2617426328648046,0.0025925259607583948,0.0016159422229975462,69.97989654541016
2026-08-13 06:00:00+00:00,bitcoin,63875.75708317757,63797.26800441742,0.0010927438,-0.00013684225,0.0010692531,0.0018626179,-0.013684225,DOWN,0.002347025917711025,278.94663415262903,171.04359792674757,0.2617426328648046,0.0025925259607583948,0.0016159422229975462,69.97989654541016
2026-08-13 07:00:00+00:00,bitcoin,63803.979033741634,63866.59756669658,-0.0011243954,-0.00014351365,0.0023849388,0.0018493419,-0.014351365,DOWN,0.0023480482645772383,278.94663415262903,171.04359792674757,0.2617426328648046,0.0025925259607583948,0.0016159422229975462,69.97989654541016
2026-08-13 08:00:00+00:00,bitcoin,63708.01522379229,63795.38565803412,-0.0015051281,-0.00013469372,0.0023568398,0.0018842872,-0.013469372,DOWN,0.0023551368994682346,278.94663415262903,171.04359792674757,0.2617426328648046,0.0025925259607583948,0.0016159422229975462,69.97989654541016
2026-08-13 09:00:00+00:00,bitcoin,63718.12033295352,63699.95787635655,0.00015854773,-0.00012659297,0.0026186185,0.0018788108,-0.012659297,DOWN,0.002345346193205582,278.94663415262903,171.04359792674757,0.2617426328648046,0.0025925259607583948,0.0016159422229975462,69.97989654541016
2026-08-13 10:00:00+00:00,bitcoin,63582.407079031225,63710.19108695723,-0.0021321354,-0.00012452147,0.0041641616,0.0018624207,-0.012452147,DOWN,0.002373421103926098,278.94663415262903,171.04359792674757,0.2617426328648046,0.0025925259607583948,0.0016159422229975462,69.97989654541016
2026-08-13 11:00:00+00:00,bitcoin,63414.8968983104,63574.76232578186,-0.002638037,-0.00012024604,0.0043977113,0.0018771593,-0.012024604,DOWN,0.0024069393857693495,278.94663415262903,171.04359792674757,0.2617426328648046,0.0025925259607583948,0.0016159422229975462,69.97989654541016
2026-08-13 12:00:00+00:00,bitcoin,63621.63960867748,63407.380370557774,0.0032548488,-0.00011849277,0.003772368,0.0019266598,-0.011849277,DOWN,0.00245783140079145,278.94663415262903,171.04359792674757,0.2617426328648046,0.0025925259607583948,0.0016159422229975462,69.97989654541016
2026-08-13 13:00:00+00:00,bitcoin,63653.0395879969,63614.1776830703,0.0004933964,-0.0001172725,0.004186001,0.0019856596,-0.01172725,DOWN,0.002435355468008122,278.94663415262903,171.04359792674757,0.2617426328648046,0.0025925259607583948,0.0016159422229975462,69.97989654541016
2026-08-13 14:00:00+00:00,bitcoin,63801.514115254395,63645.37894261675,0.0023298145,-0.00012028638,0.0040312167,0.002024774,-0.012028638,DOWN,0.002471623263114985,278.94663415262903,171.04359792674757,0.2617426328648046,0.0025925259607583948,0.0016159422229975462,69.97989654541016
2026-08-13 15:00:00+00:00,bitcoin,63358.11650592997,63793.3964017625,-0.0069737923,-0.00012717344,0.002606844,0.0020514557,-0.012717344,DOWN,0.0026004925987118594,278.94663415262903,171.04359792674757,0.2617426328648046,0.0025925259607583948,0.0016159422229975462,69.97989654541016
2026-08-13 16:00:00+00:00,bitcoin,63092.441106367856,63350.38317167037,-0.0042021177,-0.00012216505,0.00116293,0.0021547235,-0.012216505,DOWN,0.0026875808286932878,278.94663415262903,171.04359792674757,0.2617426328648046,0.0025925259607583948,0.0016159422229975462,69.97989654541016
2026-08-13 17:00:00+00:00,bitcoin,63070.020693799015,63087.07126579713,-0.00035544447,-8.508423e-05,0.00090796355,0.0024754803,-0.008508423,DOWN,0.0026609381551817596,278.94663415262903,171.04359792674757,0.2617426328648046,0.0025925259607583948,0.0016159422229975462,69.97989654541016
2026-08-13 18:00:00+00:00,bitcoin,63235.82572230371,63066.23019101098,0.0026255108,-6.012372e-05,0.0008218263,0.0025577361,-0.0060123717,DOWN,0.0027146159671594104,278.94663415262903,171.04359792674757,0.2617426328648046,0.0025925259607583948,0.0016159422229975462,69.97989654541016
2026-08-13 19:00:00+00:00,bitcoin,63335.077358376235,63232.18335784692,0.0015682912,-5.7598394e-05,0.00065998983,0.0025368433,-0.0057598394,DOWN,0.0026277499482740448,278.94663415262903,171.04359792674757,0.2617426328648046,0.0025925259607583948,0.0016159422229975462,69.97989654541016
2026-08-13 20:00:00+00:00,bitcoin,63349.17421708815,63330.600898107514,0.00022262534,-7.067079e-05,0.0006468111,0.0024602753,-0.0070670787,DOWN,0.0022307475709325213,278.94663415262903,171.04359792674757,0.2617426328648046,0.0025925259607583948,0.0016159422229975462,69.97989654541016
2026-08-13 21:00:00+00:00,bitcoin,63409.178823544644,63343.78391875187,0.00094656,-8.517097e-05,0.0011108175,0.0023639193,-0.008517097,DOWN,0.00222777474958826,278.94663415262903,171.04359792674757,0.2617426328648046,0.0025925259607583948,0.0016159422229975462,69.97989654541016
2026-08-13 22:00:00+00:00,bitcoin,63463.33939905837,63403.415725185536,0.0008538961,-9.076996e-05,0.0014166503,0.002275669,-0.009076996,DOWN,0.002226782526363666,278.94663415262903,171.04359792674757,0.2617426328648046,0.0025925259607583948,0.0016159422229975462,69.97989654541016
2026-08-13 23:00:00+00:00,bitcoin,63425.3576543706,63456.935716011794,-0.00059876544,-0.00010095918,0.0015987796,0.0021801144,-0.010095918,DOWN,0.0022280218853358313,278.94663415262903,171.04359792674757,0.2617426328648046,0.0025925259607583948,0.0016159422229975462,69.97989654541016
2026-08-14 00:00:00+00:00,bitcoin,63480.93923386186,63417.11397164734,0.0008760771,-0.00012987081,0.0014822216,0.002035592,-0.012987081,DOWN,0.002216692231682924,278.94663415262903,171.04359792674757,0.2617426328648046,0.0025925259607583948,0.0016159422229975462,69.97989654541016
2026-08-14 01:00:00+00:00,bitcoin,63511.090397663414,63472.219841841375,0.00047480833,-0.0001374334,0.002905105,0.001968592,-0.013743339,DOWN,0.002216051114450012,278.94663415262903,171.04359792674757,0.2617426328648046,0.0025925259607583948,0.0016159422229975462,69.97989654541016
2026-08-14 02:00:00+00:00,bitcoin,63403.83747259062,63503.488447403535,-0.0016901088,-0.00011971634,0.0029431416,0.0019639984,-0.011971634,DOWN,0.0021687396693043626,278.94663415262903,171.04359792674757,0.2617426328648046,0.0025925259607583948,0.0016159422229975462,69.97989654541016
2026-08-14 03:00:00+00:00,bitcoin,63246.69089411362,63399.229264461435,-0.0024816084,-7.2758645e-05,0.0030355626,0.0020586522,-0.0072758645,DOWN,0.0021826105860748915,278.94663415262903,171.04359792674757,0.2617426328648046,0.0025925259607583948,0.0016159422229975462,69.97989654541016
2026-08-14 04:00:00+00:00,bitcoin,63307.143864118494,63246.24657025421,0.0009553124,-7.0755614e-06,0.0027983838,0.0022793908,-0.00070755614,DOWN,0.0021877715333171992,278.94663415262903,171.04359792674757,0.2617426328648046,0.0025925259607583948,0.0016159422229975462,69.97989654541016
2026-08-14 05:00:00+00:00,bitcoin,63314.50630107522,63309.96312792227,0.00011624197,4.4451524e-05,0.002845806,0.00266109,0.0044451524,UP,0.0021822507288184263,278.94663415262903,171.04359792674757,0.2617426328648046,0.0025925259607583948,0.0016159422229975462,69.97989654541016
2026-08-14 06:00:00+00:00,bitcoin,62904.28755262494,63317.24735426903,-0.006500021,4.335626e-05,0.0012597863,0.0029544411,0.004335626,UP,0.0024627007467297644,278.94663415262903,171.04359792674757,0.2617426328648046,0.0025925259607583948,0.0016159422229975462,69.97989654541016
2026-08-14 07:00:00+00:00,bitcoin,62848.67814258486,62905.57135312911,-0.00088442245,2.0360647e-05,0.0014839565,0.003539213,0.0020360646,UP,0.002452363298087964,278.94663415262903,171.04359792674757,0.2617426328648046,0.0025925259607583948,0.0016159422229975462,69.97989654541016
2026-08-14 08:00:00+00:00,bitcoin,62868.39152482245,62845.645368185826,0.00031357614,-4.829107e-05,0.00141364,0.004094929,-0.004829107,DOWN,0.0024327649966506336,278.94663415262903,171.04359792674757,0.2617426328648046,0.0025925259607583948,0.0016159422229975462,69.97989654541016
2026-08-14 09:00:00+00:00,bitcoin,62722.648905004375,62863.47798275296,-0.002320902,-7.813032e-05,0.0011798845,0.004421402,-0.007813032,DOWN,0.0024315112956129347,278.94663415262903,171.04359792674757,0.2617426328648046,0.0025925259607583948,0.0016159422229975462,69.97989654541016
2026-08-14 10:00:00+00:00,bitcoin,62746.12660170719,62718.19954969641,0.00037428385,-7.0924834e-05,0.0031588585,0.004448392,-0.0070924833,DOWN,0.002426215672091741,278.94663415262903,171.04359792674757,0.2617426328648046,0.0025925259607583948,0.0016159422229975462,69.97989654541016
2026-08-14 11:00:00+00:00,bitcoin,62793.29729090724,62742.64326285478,0.00075150694,-5.554245e-05,0.003284767,0.00432884,-0.005554245,DOWN,0.0023588481476505057,278.94663415262903,171.04359792674757,0.2617426328648046,0.0025925259607583948,0.0016159422229975462,69.97989654541016
2026-08-14 12:00:00+00:00,bitcoin,62661.854615006596,62789.760118571576,-0.0020955577,-5.636856e-05,0.003230586,0.0040804506,-0.005636856,DOWN,0.0023549524281331544,278.94663415262903,171.04359792674757,0.2617426328648046,0.0025925259607583948,0.0016159422229975462,69.97989654541016
2026-08-14 13:00:00+00:00,bitcoin,62577.66233849106,62657.75807110593,-0.0013444865,-6.537855e-05,0.0032710435,0.0038120062,-0.0065378547,DOWN,0.002356861428423346,278.94663415262903,171.04359792674757,0.2617426328648046,0.0025925259607583948,0.0016159422229975462,69.97989654541016
2026-08-14 14:00:00+00:00,bitcoin,62545.65744947549,62573.85563866142,-0.00051149534,-6.078658e-05,0.0031876015,0.0034265472,-0.006078658,DOWN,0.0023513330665786633,278.94663415262903,171.04359792674757,0.2617426328648046,0.0025925259607583948,0.0016159422229975462,69.97989654541016
2026-08-14 15:00:00+00:00,bitcoin,62913.040812597144,62544.090663258685,0.005856588,-2.508053e-05,0.0018167577,0.003013714,-0.0025080529,DOWN,0.0026307504100867604,278.94663415262903,171.04359792674757,0.2617426328648046,0.0025925259607583948,0.0016159422229975462,69.97989654541016
2026-08-14 16:00:00+00:00,bitcoin,63071.09024157561,62911.67784540774,0.0025090599,-2.162291e-05,0.0011350493,0.0028878585,-0.002162291,DOWN,0.002663057263394915,278.94663415262903,171.04359792674757,0.2617426328648046,0.0025925259607583948,0.0016159422229975462,69.97989654541016
2026-08-14 17:00:00+00:00,bitcoin,62954.49422672368,63068.42071951693,-0.0018504432,-4.235361e-05,0.00093697524,0.002712244,-0.0042353612,DOWN,0.0026427403233068637,278.94663415262903,171.04359792674757,0.2617426328648046,0.0025925259607583948,0.0016159422229975462,69.97989654541016
2026-08-14 18:00:00+00:00,bitcoin,62855.920765747316,62949.47885406879,-0.001566904,-7.959444e-05,0.001401207,0.0025742443,-0.007959444,DOWN,0.0025681959103055676,278.94663415262903,171.04359792674757,0.2617426328648046,0.0025925259607583948,0.0016159422229975462,69.97989654541016
2026-08-14 19:00:00+00:00,bitcoin,62895.829645145684,62850.62431707792,0.00063468306,-8.428839e-05,0.0014290145,0.0025244914,-0.008428839,DOWN,0.0025700215953573216,278.94663415262903,171.04359792674757,0.2617426328648046,0.0025925259607583948,0.0016159422229975462,69.97989654541016
2026-08-14 20:00:00+00:00,bitcoin,62835.13745012786,62890.80462111905,-0.0009653549,-7.984606e-05,0.0012801634,0.002502692,-0.007984606,DOWN,0.0025193326364339828,278.94663415262903,171.04359792674757,0.2617426328648046,0.0025925259607583948,0.0016159422229975462,69.97989654541016
2026-08-14 21:00:00+00:00,bitcoin,62860.90056617372,62830.73993717227,0.00040984285,-7.004879e-05,0.0013762272,0.002519271,-0.0070048785,DOWN,0.002209476604134448,278.94663415262903,171.04359792674757,0.2617426328648046,0.0025925259607583948,0.0016159422229975462,69.97989654541016
2026-08-14 22:00:00+00:00,bitcoin,62814.52802186832,62856.78070262773,-0.00073788787,-6.548839e-05,0.0015388881,0.0025418901,-0.006548839,DOWN,0.002083867518813301,278.94663415262903,171.04359792674757,0.2617426328648046,0.0025925259607583948,0.0016159422229975462,69.97989654541016
2026-08-14 23:00:00+00:00,bitcoin,62975.187912937254,62808.334867404774,0.0025544257,-9.8676166e-05,0.0011399183,0.0024145294,-0.009867617,DOWN,0.002140820510860074,278.94663415262903,171.04359792674757,0.2617426328648046,0.0025925259607583948,0.0016159422229975462,69.97989654541016
2026-08-15 00:00:00+00:00,bitcoin,62950.72159714834,62967.57532361965,-0.00038868343,-0.00012098148,0.0011675885,0.002322552,-0.012098148,DOWN,0.0020807575232285607,278.94663415262903,171.04359792674757,0.2617426328648046,0.0025925259607583948,0.0016159422229975462,69.97989654541016
2026-08-15 01:00:00+00:00,bitcoin,62972.278633948416,62942.242631336674,0.00034247118,-0.00013460283,0.0011725032,0.0022409759,-0.013460283,DOWN,0.0020577546631434882,278.94663415262903,171.04359792674757,0.2617426328648046,0.0025925259607583948,0.0016159422229975462,69.97989654541016
2026-08-15 02:00:00+00:00,bitcoin,63071.39459864423,62963.14912937395,0.0015726199,-0.00014497379,0.00093263015,0.0021867745,-0.014497379,DOWN,0.0020817331113183674,278.94663415262903,171.04359792674757,0.2617426328648046,0.0025925259607583948,0.0016159422229975462,69.97989654541016
2026-08-15 03:00:00+00:00,bitcoin,62988.38798417989,63062.48097063415,-0.0013168356,-0.00014125866,0.0012199921,0.0021731076,-0.014125866,DOWN,0.002081822344575059,278.94663415262903,171.04359792674757,0.2617426328648046,0.0025925259607583948,0.0016159422229975462,69.97989654541016
2026-08-15 04:00:00+00:00,bitcoin,63052.0202071853,62980.88933250494,0.0010096589,-0.00011910692,0.0013403663,0.002264104,-0.011910692,DOWN,0.0020847885481542075,278.94663415262903,171.04359792674757,0.2617426328648046,0.0025925259607583948,0.0016159422229975462,69.97989654541016
2026-08-15 05:00:00+00:00,bitcoin,63016.098720390815,63044.83386580087,-0.0005698184,-0.000114023744,0.0013522942,0.0023398092,-0.011402374,DOWN,0.0020846114999488307,278.94663415262903,171.04359792674757,0.2617426328648046,0.0025925259607583948,0.0016159422229975462,69.97989654541016
2026-08-15 06:00:00+00:00,bitcoin,63045.5415008096,63008.68711516354,0.00046703342,-0.00011760861,0.0013125743,0.0024069839,-0.011760861,DOWN,0.0020785613050747784,278.94663415262903,171.04359792674757,0.2617426328648046,0.0025925259607583948,0.0016159422229975462,69.97989654541016
2026-08-15 07:00:00+00:00,bitcoin,63005.657457228284,63036.30613079807,-0.00063274143,-0.00014645295,0.0013489685,0.0023627372,-0.014645295,DOWN,0.0020754918150349233,278.94663415262903,171.04359792674757,0.2617426328648046,0.0025925259607583948,0.0016159422229975462,69.97989654541016
2026-08-15 08:00:00+00:00,bitcoin,62869.07516742451,62994.70556696202,-0.0021702512,-0.00017389361,0.00068899617,0.0022518954,-0.01738936,DOWN,0.002088635686431573,278.94663415262903,171.04359792674757,0.2617426328648046,0.0025925259607583948,0.0016159422229975462,69.97989654541016
2026-08-15 09:00:00+00:00,bitcoin,62957.64122592844,62857.89964517346,0.0014078144,-0.0001776614,0.0004178943,0.0021469148,-0.017766139,DOWN,0.0020680312522978073,278.94663415262903,171.04359792674757,0.2617426328648046,0.0025925259607583948,0.0016159422229975462,69.97989654541016
2026-08-15 10:00:00+00:00,bitcoin,62976.028207246214,62945.98139682878,0.00029206843,-0.00018518671,0.00057258457,0.002021898,-0.018518671,DOWN,0.0020593193601106284,278.94663415262903,171.04359792674757,0.2617426328648046,0.0025925259607583948,0.0016159422229975462,69.97989654541016
2026-08-15 11:00:00+00:00,bitcoin,62949.21507458389,62964.259759783745,-0.0004258479,-0.00018694498,0.0004896286,0.0018939466,-0.018694498,DOWN,0.002059074197117999,278.94663415262903,171.04359792674757,0.2617426328648046,0.0025925259607583948,0.0016159422229975462,69.97989654541016
2026-08-15 12:00:00+00:00,bitcoin,62985.928962007165,62938.086370704696,0.0005830134,-0.00017686837,0.0005080894,0.0017924549,-0.017686836,DOWN,0.0016851242716092241,278.94663415262903,171.04359792674757,0.2617426328648046,0.0025925259607583948,0.0016159422229975462,69.97989654541016
2026-08-15 13:00:00+00:00,bitcoin,62985.92217899207,62975.16999563668,-1.2403507e-07,-0.00017082183,0.0005182388,0.0016918893,-0.017082183,DOWN,0.0016760304305125854,278.94663415262903,171.04359792674757,0.2617426328648046,0.0025925259607583948,0.0016159422229975462,69.97989654541016
2026-08-15 14:00:00+00:00,bitcoin,62966.422282325104,62975.26354931574,-0.00030964092,-0.00016931332,0.00063072843,0.0016008347,-0.016931333,DOWN,0.0016768209280974896,278.94663415262903,171.04359792674757,0.2617426328648046,0.0025925259607583948,0.0016159422229975462,69.97989654541016
2026-08-15 15:00:00+00:00,bitcoin,63022.95093478449,62955.920725798234,0.0008973352,-0.00016672406,0.0005468363,0.001510579,-0.016672406,DOWN,0.001621880830011597,278.94663415262903,171.04359792674757,0.2617426328648046,0.0025925259607583948,0.0016159422229975462,69.97989654541016
2026-08-15 16:00:00+00:00,bitcoin,63024.06113105826,63012.24330632249,1.760256e-05,-0.00016987967,0.00063772034,0.0014024002,-0.016987966,DOWN,0.0016215665496089784,278.94663415262903,171.04359792674757,0.2617426328648046,0.0025925259607583948,0.0016159422229975462,69.97989654541016
2026-08-15 17:00:00+00:00,bitcoin,63000.339884641115,63013.23228401737,-0.0003764152,-0.00017184792,0.00063950784,0.0012933243,-0.017184792,DOWN,0.0016201763788467472,278.94663415262903,171.04359792674757,0.2617426328648046,0.0025925259607583948,0.0016159422229975462,69.97989654541016
2026-08-15 18:00:00+00:00,bitcoin,62989.11956647318,62989.956956644775,-0.00017809028,-0.00016482752,0.00074377493,0.001208181,-0.016482752,DOWN,0.0015671878196920838,278.94663415262903,171.04359792674757,0.2617426328648046,0.0025925259607583948,0.0016159422229975462,69.97989654541016
2026-08-15 19:00:00+00:00,bitcoin,63051.38479615562,62979.75375550217,0.0009879018,-0.00014871378,0.0005511959,0.0011550856,-0.0148713775,DOWN,0.00154697967848056,278.94663415262903,171.04359792674757,0.2617426328648046,0.0025925259607583948,0.0016159422229975462,69.97989654541016
2026-08-15 20:00:00+00:00,bitcoin,63036.50037043751,63043.91521033598,-0.00023600849,-0.00011839198,0.00054965913,0.0011423053,-0.011839198,DOWN,0.0015431024971926744,278.94663415262903,171.04359792674757,0.2617426328648046,0.0025925259607583948,0.0016159422229975462,69.97989654541016
2026-08-15 21:00:00+00:00,bitcoin,63085.92310577631,63031.48780423403,0.0007837128,-7.953835e-05,0.0004960008,0.0011626816,-0.007953836,DOWN,0.0011290562953322272,278.94663415262903,171.04359792674757,0.2617426328648046,0.0025925259607583948,0.0016159422229975462,69.97989654541016
2026-08-15 22:00:00+00:00,bitcoin,63061.68353579007,63083.20700051822,-0.00038434638,-4.302858e-05,0.00047226358,0.0012009061,-0.004302858,DOWN,0.0010348843094039255,278.94663415262903,171.04359792674757,0.2617426328648046,0.0025925259607583948,0.0016159422229975462,69.97989654541016
2026-08-15 23:00:00+00:00,bitcoin,63018.76206286717,63060.724960169755,-0.000680803,-1.5127849e-05,0.0004699101,0.0012496024,-0.0015127849,DOWN,0.0009838150698989656,278.94663415262903,171.04359792674757,0.2617426328648046,0.0025925259607583948,0.0016159422229975462,69.97989654541016
2026-08-16 00:00:00+00:00,bitcoin,63012.92832321231,63019.83599506924,-9.2548646e-05,1.7031896e-05,0.0004886933,0.0013166894,0.0017031897,UP,0.0009368354228604221,278.94663415262903,171.04359792674757,0.2617426328648046,0.0025925259607583948,0.0016159422229975462,69.97989654541016
2026-08-16 01:00:00+00:00,bitcoin,63013.90621195547,63015.49118626397,1.5373711e-05,4.0603474e-05,0.00048741058,0.0013909764,0.0040603476,UP,0.0009310744398990162,278.94663415262903,171.04359792674757,0.2617426328648046,0.0025925259607583948,0.0016159422229975462,69.97989654541016
2026-08-16 02:00:00+00:00,bitcoin,63054.44736096449,63017.218671692535,0.00064331427,5.266921e-05,0.00029885417,0.0014628879,0.005266921,UP,0.0009160354682570521,278.94663415262903,171.04359792674757,0.2617426328648046,0.0025925259607583948,0.0016159422229975462,69.97989654541016
2026-08-16 03:00:00+00:00,bitcoin,63059.432775000576,63057.95198980998,7.898367e-05,5.5478034e-05,0.00032188784,0.0015245524,0.0055478034,UP,0.000914371820412877,278.94663415262903,171.04359792674757,0.2617426328648046,0.0025925259607583948,0.0016159422229975462,69.97989654541016
2026-08-16 04:00:00+00:00,bitcoin,63016.930802614894,63062.71473440807,-0.0006741946,5.2070267e-05,0.00059678586,0.0015874198,0.005207027,UP,0.0009124197987591882,278.94663415262903,171.04359792674757,0.2617426328648046,0.0025925259607583948,0.0016159422229975462,69.97989654541016
2026-08-16 05:00:00+00:00,bitcoin,62997.82991031045,63019.79934920557,-0.0003031639,4.5462883e-05,0.0006695973,0.0016464334,0.0045462884,UP,0.0007886250723119483,278.94663415262903,171.04359792674757,0.2617426328648046,0.0025925259607583948,0.0016159422229975462,69.97989654541016
2026-08-16 06:00:00+00:00,bitcoin,62993.72019529529,63000.14869223721,-6.523255e-05,3.6769452e-05,0.00067919784,0.0016858221,0.003676945,UP,0.0007851590304769199,278.94663415262903,171.04359792674757,0.2617426328648046,0.0025925259607583948,0.0016159422229975462,69.97989654541016
2026-08-16 07:00:00+00:00,bitcoin,62991.22937181406,62995.40837320313,-3.9501247e-05,2.671055e-05,0.0006836255,0.0017072833,0.002671055,UP,0.0007828937046220358,278.94663415262903,171.04359792674757,0.2617426328648046,0.0025925259607583948,0.0016159422229975462,69.97989654541016
2026-08-16 08:00:00+00:00,bitcoin,63001.90846559126,62992.28925746633,0.00016952807,1.6694987e-05,0.0007836606,0.0017155166,0.0016694986,UP,0.0007261076100519367,278.94663415262903,171.04359792674757,0.2617426328648046,0.0025925259607583948,0.0016159422229975462,69.97989654541016
2026-08-16 09:00:00+00:00,bitcoin,62917.51564593008,63002.398333091754,-0.001340391,7.678864e-06,0.00031394287,0.0017134376,0.0007678864,UP,0.0007275482626801955,278.94663415262903,171.04359792674757,0.2617426328648046,0.0025925259607583948,0.0016159422229975462,69.97989654541016
2026-08-16 10:00:00+00:00,bitcoin,62940.193097775336,62918.112059121486,0.0003602779,9.4397255e-06,0.00032499398,0.0017348564,0.00094397255,UP,0.0007045996844200818,278.94663415262903,171.04359792674757,0.2617426328648046,0.0025925259607583948,0.0016159422229975462,69.97989654541016
2026-08-16 11:00:00+00:00,bitcoin,62945.32349621318,62940.821662912145,8.148525e-05,9.997404e-06,0.0006630505,0.0017711972,0.0009997404,UP,0.0006983256882924515,278.94663415262903,171.04359792674757,0.2617426328648046,0.0025925259607583948,0.0016159422229975462,69.97989654541016
2026-08-16 12:00:00+00:00,bitcoin,62947.999121588655,62946.048168190755,4.2570762e-05,1.1537275e-05,0.0012446423,0.0018241353,0.0011537275,UP,0.0006920254169857187,278.94663415262903,171.04359792674757,0.2617426328648046,0.0025925259607583948,0.0016159422229975462,69.97989654541016
2026-08-16 13:00:00+00:00,bitcoin,62993.631741046906,62948.76540660858,0.0007246041,1.2174601e-05,0.0012615765,0.0018812895,0.00121746,UP,0.000697074228636334,278.94663415262903,171.04359792674757,0.2617426328648046,0.0025925259607583948,0.0016159422229975462,69.97989654541016
2026-08-16 14:00:00+00:00,bitcoin,63034.53274830012,62994.32728284458,0.00064922246,1.1024565e-05,0.0012809609,0.0019432094,0.0011024565,UP,0.0005748586137006208,278.94663415262903,171.04359792674757,0.2617426328648046,0.0025925259607583948,0.0016159422229975462,69.97989654541016
2026-08-16 15:00:00+00:00,bitcoin,63070.03662807122,63035.05003507808,0.0005629009,7.9717665e-06,0.0012647273,0.0019998443,0.0007971767,UP,0.0005265485885638738,278.94663415262903,171.04359792674757,0.2617426328648046,0.0025925259607583948,0.0016159422229975462,69.97989654541016
2026-08-16 16:00:00+00:00,bitcoin,63186.92189214751,63070.18913920596,0.0018516312,2.4507567e-06,0.00082544546,0.0020505108,0.00024507567,UP,0.000619304425580576,278.94663415262903,171.04359792674757,0.2617426328648046,0.0025925259607583948,0.0016159422229975462,69.97989654541016
2026-08-16 17:00:00+00:00,bitcoin,63087.41797185317,63186.967069808394,-0.0015759341,7.051058e-07,0.000809874,0.0021308737,7.051058e-05,UP,0.0006856534542044277,278.94663415262903,171.04359792674757,0.2617426328648046,0.0025925259607583948,0.0016159422229975462,69.97989654541016
2026-08-16 18:00:00+00:00,bitcoin,63074.2871353263,63087.67005502246,-0.00020819015,3.898878e-06,0.00081046234,0.0022549632,0.00038988778,UP,0.0006805656528692637,278.94663415262903,171.04359792674757,0.2617426328648046,0.0025925259607583948,0.0016159422229975462,69.97989654541016
2026-08-16 19:00:00+00:00,bitcoin,63040.16765358858,63073.99206037307,-0.00054105115,-4.7188987e-06,0.0009145391,0.0023364243,-0.00047188986,DOWN,0.0006889655347460086,278.94663415262903,171.04359792674757,0.2617426328648046,0.0025925259607583948,0.0016159422229975462,69.97989654541016
2026-08-16 20:00:00+00:00,bitcoin,63000.72953342367,63039.72849152796,-0.00062585087,-7.041992e-06,0.0019446535,0.0023906876,-0.0007041992,DOWN,0.0006966937739230609,278.94663415262903,171.04359792674757,0.2617426328648046,0.0025925259607583948,0.0016159422229975462,69.97989654541016
2026-08-16 21:00:00+00:00,bitcoin,62862.80056245043,63000.024503151886,-0.0021917347,-1.1197157e-05,0.0022791508,0.002428062,-0.0011197156,DOWN,0.0007847517984124456,278.94663415262903,171.04359792674757,0.2617426328648046,0.0025925259607583948,0.0016159422229975462,69.97989654541016
2026-08-16 22:00:00+00:00,bitcoin,62843.44796573906,62862.14507114072,-0.00030788544,-1.0449354e-05,0.0021427951,0.00247745,-0.0010449354,DOWN,0.0007855405350331512,278.94663415262903,171.04359792674757,0.2617426328648046,0.0025925259607583948,0.0016159422229975462,69.97989654541016
2026-08-16 23:00:00+00:00,bitcoin,62830.57878234889,62843.404269612394,-0.00020483299,-6.9031194e-07,0.0018784469,0.002571353,-6.903119e-05,DOWN,0.000784047636374385,278.94663415262903,171.04359792674757,0.2617426328648046,0.0025925259607583948,0.0016159422229975462,69.97989654541016
2026-08-17 00:00:00+00:00,bitcoin,62840.54729980044,62829.45462671295,0.00015871038,-1.7867462e-05,0.002020956,0.0025590209,-0.0017867462,DOWN,0.0007851481954554608,278.94663415262903,171.04359792674757,0.2617426328648046,0.0025925259607583948,0.0016159422229975462,69.97989654541016
2026-08-17 01:00:00+00:00,bitcoin,63042.033488966525,62838.55812805798,0.0032010884,-3.167175e-05,0.0019199201,0.0025484606,-0.0031671748,DOWN,0.0009713844915424072,278.94663415262903,171.04359792674757,0.2617426328648046,0.0025925259607583948,0.0016159422229975462,69.97989654541016
2026-08-17 02:00:00+00:00,bitcoin,63335.732615385205,63041.00918337703,0.0046480885,-1.6238433e-05,0.0018066149,0.0026593178,-0.0016238433,DOWN,0.0012900018848585818,278.94663415262903,171.04359792674757,0.2617426328648046,0.0025925259607583948,0.0016159422229975462,69.97989654541016
2026-08-17 03:00:00+00:00,bitcoin,63367.81156637892,63336.89346312964,0.000506226,1.826813e-05,0.002195393,0.002851466,0.0018268131,UP,0.0012863513812991928,278.94663415262903,171.04359792674757,0.2617426328648046,0.0025925259607583948,0.0016159422229975462,69.97989654541016
2026-08-17 04:00:00+00:00,bitcoin,63479.97840664489,63369.66688548494,0.0017686064,2.9251378e-05,0.0019076943,0.003023238,0.0029251378,UP,0.0013153415428476083,278.94663415262903,171.04359792674757,0.2617426328648046,0.0025925259607583948,0.0016159422229975462,69.97989654541016
2026-08-17 05:00:00+00:00,bitcoin,63456.60475973273,63480.5555914063,-0.0003683557,8.992635e-06,0.0035982148,0.0031034693,0.00089926354,UP,0.001309179912255127,278.94663415262903,171.04359792674757,0.2617426328648046,0.0025925259607583948,0.0016159422229975462,69.97989654541016
2026-08-17 06:00:00+00:00,bitcoin,63603.33999122493,63456.47296402138,0.00230975,-1.959671e-06,0.0034973666,0.003148568,-0.00019596709,DOWN,0.0013612410207295828,278.94663415262903,171.04359792674757,0.2617426328648046,0.0025925259607583948,0.0016159422229975462,69.97989654541016
2026-08-17 07:00:00+00:00,bitcoin,63461.4634209685,63602.51718492829,-0.0022331749,-1.2928855e-05,0.0033790013,0.0031188205,-0.0012928855,DOWN,0.0014377254353727309,278.94663415262903,171.04359792674757,0.2617426328648046,0.0025925259607583948,0.0016159422229975462,69.97989654541016
2026-08-17 08:00:00+00:00,bitcoin,63307.857204571366,63460.17107163789,-0.002423325,-2.031702e-05,0.0031340176,0.0031487436,-0.002031702,DOWN,0.00151461585125293,278.94663415262903,171.04359792674757,0.2617426328648046,0.0025925259607583948,0.0016159422229975462,69.97989654541016
2026-08-17 09:00:00+00:00,bitcoin,63246.19755160529,63305.625497058034,-0.0009744477,-3.5308352e-05,0.0031084574,0.0032097818,-0.0035308353,DOWN,0.0015280944216467234,278.94663415262903,171.04359792674757,0.2617426328648046,0.0025925259607583948,0.0016159422229975462,69.97989654541016
2026-08-17 10:00:00+00:00,bitcoin,63627.277449287474,63243.779028183315,0.006007294,-3.829664e-05,0.0027355845,0.0031688865,-0.0038296639,DOWN,0.0018637739359795367,278.94663415262903,171.04359792674757,0.2617426328648046,0.0025925259607583948,0.0016159422229975462,69.97989654541016
2026-08-17 11:00:00+00:00,bitcoin,63559.88885379955,63624.038678320125,-0.001059708,-5.0966613e-05,0.0027797623,0.0032583731,-0.0050966614,DOWN,0.0018775923273522857,278.94663415262903,171.04359792674757,0.2617426328648046,0.0025925259607583948,0.0016159422229975462,69.97989654541016
2026-08-17 12:00:00+00:00,bitcoin,63478.252999122255,63556.22339116782,-0.0012852933,-5.7667494e-05,0.002328088,0.0032938216,-0.0057667494,DOWN,0.0018987974554043518,278.94663415262903,171.04359792674757,0.2617426328648046,0.0025925259607583948,0.0016159422229975462,69.97989654541016
2026-08-17 13:00:00+00:00,bitcoin,63601.39099815488,63474.00480243564,0.0019380077,-6.688477e-05,0.0023521157,0.0034022212,-0.006688477,DOWN,0.0019223763705552826,278.94663415262903,171.04359792674757,0.2617426328648046,0.0025925259607583948,0.0016159422229975462,69.97989654541016
2026-08-17 14:00:00+00:00,bitcoin,63830.780301256105,63597.18268349208,0.0036002032,-6.617184e-05,0.002859963,0.0034448018,-0.006617184,DOWN,0.002013185563996812,278.94663415262903,171.04359792674757,0.2617426328648046,0.0025925259607583948,0.0016159422229975462,69.97989654541016
2026-08-17 15:00:00+00:00,bitcoin,64139.700448177755,63826.67227007449,0.004827966,-6.4415595e-05,0.0021245761,0.003469736,-0.0064415596,DOWN,0.002137353228723704,278.94663415262903,171.04359792674757,0.2617426328648046,0.0025925259607583948,0.0016159422229975462,69.97989654541016
2026-08-17 16:00:00+00:00,bitcoin,64060.35235588043,64136.20497482503,-0.0012378725,-5.45335e-05,0.0019268766,0.0035383308,-0.00545335,DOWN,0.0021643839770839955,278.94663415262903,171.04359792674757,0.2617426328648046,0.0025925259607583948,0.0016159422229975462,69.97989654541016
2026-08-17 17:00:00+00:00,bitcoin,64276.81067765225,64057.010554813314,0.0033732587,-5.2122166e-05,0.0015202105,0.0035411445,-0.0052122166,DOWN,0.0022206430784933286,278.94663415262903,171.04359792674757,0.2617426328648046,0.0025925259607583948,0.0016159422229975462,69.97989654541016
2026-08-17 18:00:00+00:00,bitcoin,64380.572715518065,64274.130587505875,0.0016131146,-4.1612846e-05,0.0022260335,0.003585628,-0.004161285,DOWN,0.0022231294697208507,278.94663415262903,171.04359792674757,0.2617426328648046,0.0025925259607583948,0.0016159422229975462,69.97989654541016
2026-08-17 19:00:00+00:00,bitcoin,64266.435212592594,64378.30639515817,-0.0017744172,-3.5290104e-05,0.0023854598,0.0036148496,-0.0035290103,DOWN,0.002270476277234145,278.94663415262903,171.04359792674757,0.2617426328648046,0.0025925259607583948,0.0016159422229975462,69.97989654541016
2026-08-17 20:00:00+00:00,bitcoin,64341.77356128069,64263.93620796921,0.0011714358,-3.8937003e-05,0.002600645,0.00360511,-0.0038937004,DOWN,0.002272321635119557,278.94663415262903,171.04359792674757,0.2617426328648046,0.0025925259607583948,0.0016159422229975462,69.97989654541016
2026-08-17 21:00:00+00:00,bitcoin,64335.0313162168,64338.9929417884,-0.00010473187,-4.3213964e-05,0.002626181,0.00360212,-0.0043213964,DOWN,0.002276843229070511,278.94663415262903,171.04359792674757,0.2617426328648046,0.0025925259607583948,0.0016159422229975462,69.97989654541016
2026-08-17 22:00:00+00:00,bitcoin,64240.21911623143,64332.04787931964,-0.0014748175,-4.631021e-05,0.002766585,0.0036109579,-0.004631021,DOWN,0.0022978796951768506,278.94663415262903,171.04359792674757,0.2617426328648046,0.0025925259607583948,0.0016159422229975462,69.97989654541016
2026-08-17 23:00:00+00:00,bitcoin,64477.25012049079,64236.67308172211,0.0036829736,-5.5219527e-05,0.0017926815,0.0036022663,-0.0055219526,DOWN,0.002330513954352971,278.94663415262903,171.04359792674757,0.2617426328648046,0.0025925259607583948,0.0016159422229975462,69.97989654541016
2026-08-18 00:00:00+00:00,bitcoin,64322.29445075989,64473.160895228386,-0.0024062353,-6.3438034e-05,0.0016745242,0.0036133814,-0.0063438034,DOWN,0.0023945435984013635,278.94663415262903,171.04359792674757,0.2617426328648046,0.0025925259607583948,0.0016159422229975462,69.97989654541016
2026-08-18 01:00:00+00:00,bitcoin,64148.45204265881,64317.788055458106,-0.0027062963,-6.9954665e-05,0.0012872401,0.0036369078,-0.0069954665,DOWN,0.0024633434973013605,278.94663415262903,171.04359792674757,0.2617426328648046,0.0025925259607583948,0.0016159422229975462,69.97989654541016
2026-08-18 02:00:00+00:00,bitcoin,64036.12874530256,64143.35243256041,-0.0017524782,-7.9386125e-05,0.0013782866,0.003652692,-0.007938612,DOWN,0.002490812850223858,278.94663415262903,171.04359792674757,0.2617426328648046,0.0025925259607583948,0.0016159422229975462,69.97989654541016
2026-08-18 03:00:00+00:00,bitcoin,64117.20644916454,64030.041029357584,0.001265391,-9.49881e-05,0.0013994917,0.0036410426,-0.00949881,DOWN,0.00243930011702105,278.94663415262903,171.04359792674757,0.2617426328648046,0.0025925259607583948,0.0016159422229975462,69.97989654541016
2026-08-18 04:00:00+00:00,bitcoin,64149.69524794631,64110.46184429433,0.0005064513,-0.000105265695,0.0016971965,0.0035617638,-0.01052657,DOWN,0.0024326608185771133,278.94663415262903,171.04359792674757,0.2617426328648046,0.0025925259607583948,0.0016159422229975462,69.97989654541016
2026-08-18 05:00:00+00:00,bitcoin,64169.459519420285,64142.76683121105,0.00030813063,-0.00010799276,0.0017022467,0.0034540424,-0.010799276,DOWN,0.0024279609332451555,278.94663415262903,171.04359792674757,0.2617426328648046,0.0025925259607583948,0.0016159422229975462,69.97989654541016
2026-08-18 06:00:00+00:00,bitcoin,64266.41191529296,64163.413931981195,0.0015096909,-9.416428e-05,0.0019411921,0.0033105407,-0.009416427,DOWN,0.002430001332576506,278.94663415262903,171.04359792674757,0.2617426328648046,0.0025925259607583948,0.0016159422229975462,69.97989654541016
2026-08-18 07:00:00+00:00,bitcoin,64139.7827872911,64261.79814208578,-0.0019723184,-7.178778e-05,0.0019405212,0.0030935523,-0.007178778,DOWN,0.002433437920560092,278.94663415262903,171.04359792674757,0.2617426328648046,0.0025925259607583948,0.0016159422229975462,69.97989654541016
2026-08-18 08:00:00+00:00,bitcoin,64228.64373322576,64134.40607139841,0.0013844431,-8.3731364e-05,0.0017972545,0.002842711,-0.008373137,DOWN,0.002314652673256317,278.94663415262903,171.04359792674757,0.2617426328648046,0.0025925259607583948,0.0016159422229975462,69.97989654541016
2026-08-18 09:00:00+00:00,bitcoin,64110.016136979684,64218.69846417289,-0.0018486859,-0.0001548399,0.00380686,0.002555035,-0.01548399,DOWN,0.0023529165077621214,278.94663415262903,171.04359792674757,0.2617426328648046,0.0025925259607583948,0.0016159422229975462,69.97989654541016
2026-08-18 10:00:00+00:00,bitcoin,64134.53652997082,64096.434801600175,0.00038250894,-0.00021181631,0.003731394,0.0022907532,-0.021181632,DOWN,0.0023384622523137145,278.94663415262903,171.04359792674757,0.2617426328648046,0.0025925259607583948,0.0016159422229975462,69.97989654541016
2026-08-18 11:00:00+00:00,bitcoin,64288.18168079853,64120.03949912405,0.002392734,-0.0002261495,0.0038564685,0.0020459588,-0.02261495,DOWN,0.002363714631109681,278.94663415262903,171.04359792674757,0.2617426328648046,0.0025925259607583948,0.0016159422229975462,69.97989654541016
2026-08-18 12:00:00+00:00,bitcoin,64161.67419551592,64273.44996340759,-0.0019697624,-0.00022918876,0.0039982093,0.0018417703,-0.022918876,DOWN,0.002375744093207117,278.94663415262903,171.04359792674757,0.2617426328648046,0.0025925259607583948,0.0016159422229975462,69.97989654541016
2026-08-18 13:00:00+00:00,bitcoin,64155.92772584222,64147.34209677484,-8.949961e-05,-0.00022334515,0.0039048833,0.0017067551,-0.022334516,DOWN,0.0023289810256958993,278.94663415262903,171.04359792674757,0.2617426328648046,0.0025925259607583948,0.0016159422229975462,69.97989654541016
2026-08-18 14:00:00+00:00,bitcoin,64668.13803946506,64142.79810103495,0.007952142,-0.00020465736,0.0021255643,0.0016332048,-0.020465737,DOWN,0.0026520692326761227,278.94663415262903,171.04359792674757,0.2617426328648046,0.0025925259607583948,0.0016159422229975462,69.97989654541016
2026-08-18 15:00:00+00:00,bitcoin,64808.00579397194,64661.35666707158,0.0021603892,-0.00010496156,0.001670038,0.0019881313,-0.010496156,DOWN,0.002645119309109127,278.94663415262903,171.04359792674757,0.2617426328648046,0.0025925259607583948,0.0016159422229975462,69.97989654541016
2026-08-18 16:00:00+00:00,bitcoin,64795.179174900055,64804.96379375458,-0.00019783947,-4.6838468e-05,0.0017345891,0.002208459,-0.0046838466,DOWN,0.002460114794307014,278.94663415262903,171.04359792674757,0.2617426328648046,0.0025925259607583948,0.0016159422229975462,69.97989654541016
2026-08-18 17:00:00+00:00,bitcoin,64629.557662623,64793.515125128906,-0.0025593436,-2.5676478e-05,0.0014509982,0.0023618385,-0.0025676477,DOWN,0.002509803147610465,278.94663415262903,171.04359792674757,0.2617426328648046,0.0025925259607583948,0.0016159422229975462,69.97989654541016
2026-08-18 18:00:00+00:00,bitcoin,64737.174264244735,64628.97690824582,0.0016636937,-8.931986e-06,0.0013493781,0.0025496592,-0.00089319854,DOWN,0.002492791865261691,278.94663415262903,171.04359792674757,0.2617426328648046,0.0025925259607583948,0.0016159422229975462,69.97989654541016
2026-08-18 19:00:00+00:00,bitcoin,64603.93316931464,64736.03743597679,-0.002060323,-1.7598615e-05,0.001957704,0.0026687563,-0.0017598615,DOWN,0.0025285035909404954,278.94663415262903,171.04359792674757,0.2617426328648046,0.0025925259607583948,0.0016159422229975462,69.97989654541016
2026-08-18 20:00:00+00:00,bitcoin,64538.47943682084,64602.24308340531,-0.0010135977,-2.6153031e-05,0.0019857618,0.002734279,-0.002615303,DOWN,0.0024744201072531475,278.94663415262903,171.04359792674757,0.2617426328648046,0.0025925259607583948,0.0016159422229975462,69.97989654541016
2026-08-18 21:00:00+00:00,bitcoin,64559.330087908544,64537.211026993115,0.0003229746,-1.9689243e-05,0.0019255964,0.0027527171,-0.0019689244,DOWN,0.00232608494410824,278.94663415262903,171.04359792674757,0.2617426328648046,0.0025925259607583948,0.0016159422229975462,69.97989654541016
2026-08-18 22:00:00+00:00,bitcoin,64596.41549423151,64558.40074836742,0.000574222,-1.4345183e-05,0.001793314,0.0026296964,-0.0014345184,DOWN,0.002310414923642626,278.94663415262903,171.04359792674757,0.2617426328648046,0.0025925259607583948,0.0016159422229975462,69.97989654541016
2026-08-18 23:00:00+00:00,bitcoin,64681.331183815375,64592.31734466576,0.0013137293,-6.331186e-05,0.0013782099,0.002446633,-0.0063311863,DOWN,0.00224475559000622,278.94663415262903,171.04359792674757,0.2617426328648046,0.0025925259607583948,0.0016159422229975462,69.97989654541016
2026-08-19 00:00:00+00:00,bitcoin,64445.425709090196,64675.00927586574,-0.0036537538,-9.7667886e-05,0.0004744446,0.0023022164,-0.009766788,DOWN,0.002335095279468116,278.94663415262903,171.04359792674757,0.2617426328648046,0.0025925259607583948,0.0016159422229975462,69.97989654541016
2026-08-19 01:00:00+00:00,bitcoin,64358.46001544269,64439.09163004253,-0.0013504057,-9.842806e-05,0.001092419,0.0022587813,-0.0098428065,DOWN,0.002325043352918341,278.94663415262903,171.04359792674757,0.2617426328648046,0.0025925259607583948,0.0016159422229975462,69.97989654541016
2026-08-19 02:00:00+00:00,bitcoin,64295.83720571967,64353.1825145334,-0.0009734784,-8.19492e-05,0.0010535128,0.002289873,-0.00819492,DOWN,0.0023223373047885085,278.94663415262903,171.04359792674757,0.2617426328648046,0.0025925259607583948,0.0016159422229975462,69.97989654541016
2026-08-19 03:00:00+00:00,bitcoin,64269.35843865154,64292.85062580835,-0.00041193838,-4.650141e-05,0.0013369231,0.0023872007,-0.004650141,DOWN,0.002323394920218753,278.94663415262903,171.04359792674757,0.2617426328648046,0.0025925259607583948,0.0016159422229975462,69.97989654541016
2026-08-19 04:00:00+00:00,bitcoin,64255.105145559646,64268.45914820116,-0.00022186924,-1.4004461e-05,0.0013102611,0.0025534064,-0.0014004462,DOWN,0.0023077871397036527,278.94663415262903,171.04359792674757,0.2617426328648046,0.0025925259607583948,0.0016159422229975462,69.97989654541016
2026-08-19 05:00:00+00:00,bitcoin,64185.2288212236,64256.20457442105,-0.0010879932,1.709685e-05,0.0010432558,0.002790992,0.0017096851,UP,0.002207793851857705,278.94663415262903,171.04359792674757,0.2617426328648046,0.0025925259607583948,0.0016159422229975462,69.97989654541016
2026-08-19 06:00:00+00:00,bitcoin,64289.81849041907,64187.74015278742,0.001628174,3.9162944e-05,0.00092898344,0.0030376245,0.0039162943,UP,0.0021884864258932806,278.94663415262903,171.04359792674757,0.2617426328648046,0.0025925259607583948,0.0016159422229975462,69.97989654541016
2026-08-19 07:00:00+00:00,bitcoin,64243.55308375042,64292.111831697635,-0.0007199614,3.5682555e-05,0.0022818465,0.0032837598,0.0035682556,UP,0.0021337594294155984,278.94663415262903,171.04359792674757,0.2617426328648046,0.0025925259607583948,0.0016159422229975462,69.97989654541016
2026-08-19 08:00:00+00:00,bitcoin,64357.12526918482,64243.7958509475,0.001766248,3.8130497e-06,0.002284591,0.0034211997,0.00038130497,UP,0.0021279632033981326,278.94663415262903,171.04359792674757,0.2617426328648046,0.0025925259607583948,0.0016159422229975462,69.97989654541016
2026-08-19 09:00:00+00:00,bitcoin,64371.575078981,64355.214610029245,0.00022449103,-2.9663244e-05,0.0056557897,0.0035206864,-0.0029663243,DOWN,0.002117915411481308,278.94663415262903,171.04359792674757,0.2617426328648046,0.0025925259607583948,0.0016159422229975462,69.97989654541016
2026-08-19 10:00:00+00:00,bitcoin,64393.80099000875,64367.760325829964,0.00034528645,-5.918146e-05,0.015815819,0.0035249344,-0.005918146,DOWN,0.002117142165559578,278.94663415262903,171.04359792674757,0.2617426328648046,0.0025925259607583948,0.0016159422229975462,69.97989654541016
2026-08-19 11:00:00+00:00,bitcoin,64459.1110755261,64388.02817413956,0.0010136922,-8.971554e-05,0.016191581,0.0034733317,-0.008971554,DOWN,0.0021231208975255344,278.94663415262903,171.04359792674757,0.2617426328648046,0.0025925259607583948,0.0016159422229975462,69.97989654541016
2026-08-19 12:00:00+00:00,bitcoin,64830.89037715085,64452.78534042649,0.0057511367,-9.807363e-05,0.017693628,0.0034565516,-0.009807363,DOWN,0.002347447066907973,278.94663415262903,171.04359792674757,0.2617426328648046,0.0025925259607583948,0.0016159422229975462,69.97989654541016
2026-08-19 13:00:00+00:00,bitcoin,64966.71803554706,64826.65543746203,0.0020929226,-6.533554e-05,0.017572468,0.0038143026,-0.006533554,DOWN,0.0023294868146447683,278.94663415262903,171.04359792674757,0.2617426328648046,0.0025925259607583948,0.0016159422229975462,69.97989654541016
2026-08-19 14:00:00+00:00,bitcoin,65886.24717282131,64959.96929938905,0.01405465,-0.00010393368,0.017910086,0.003944806,-0.010393368,DOWN,0.003420897224795731,278.94663415262903,171.04359792674757,0.2617426328648046,0.0025925259607583948,0.0016159422229975462,69.97989654541016
2026-08-19 15:00:00+00:00,bitcoin,68519.63181808591,65881.7573672533,0.039190546,-6.816383e-05,0.005081342,0.003906727,-0.0068163825,DOWN,0.007886338518130215,278.94663415262903,171.04359792674757,0.2617426328648046,0.0025925259607583948,0.0016159422229975462,69.97989654541016
2026-08-19 16:00:00+00:00,bitcoin,68453.97292371234,68516.83112787548,-0.0009586701,-4.0878287e-05,0.005884328,0.0042664157,-0.0040878286,DOWN,0.007901067120988389,278.94663415262903,171.04359792674757,0.2617426328648046,0.0025925259607583948,0.0016159422229975462,69.97989654541016
2026-08-19 17:00:00+00:00,bitcoin,68168.31127327261,68447.55028694356,-0.004181814,-9.3891394e-05,0.0068391967,0.0038141971,-0.00938914,DOWN,0.007986146861723352,278.94663415262903,171.04359792674757,0.2617426328648046,0.0025925259607583948,0.0016159422229975462,69.97989654541016
2026-08-19 18:00:00+00:00,bitcoin,68389.12021771073,68159.9180361256,0.0032338756,-0.00012319103,0.00688868,0.0034957295,-0.012319103,DOWN,0.00795378099250745,278.94663415262903,171.04359792674757,0.2617426328648046,0.0025925259607583948,0.0016159422229975462,69.97989654541016
2026-08-19 19:00:00+00:00,bitcoin,68406.13985403627,68382.52579578804,0.0002487751,-9.632212e-05,0.0068148207,0.0032687983,-0.009632212,DOWN,0.00795072226942396,278.94663415262903,171.04359792674757,0.2617426328648046,0.0025925259607583948,0.0016159422229975462,69.97989654541016
2026-08-19 20:00:00+00:00,bitcoin,69043.24718839023,68402.4428349617,0.009270637,-5.3938216e-05,0.005940164,0.0031703028,-0.0053938217,DOWN,0.007987874168362824,278.94663415262903,171.04359792674757,0.2617426328648046,0.0025925259607583948,0.0016159422229975462,69.97989654541016
2026-08-19 21:00:00+00:00,bitcoin,69700.00223952532,69042.64093583822,0.009467198,-8.841087e-06,0.004919326,0.0031420453,-0.0008841087,DOWN,0.00809816365073928,278.94663415262903,171.04359792674757,0.2617426328648046,0.0025925259607583948,0.0016159422229975462,69.97989654541016
2026-08-19 22:00:00+00:00,bitcoin,69219.54273581505,69701.4540553093,-0.006917026,2.0806405e-05,0.0038632508,0.0032694372,0.0020806405,UP,0.008264478537299625,278.94663415262903,171.04359792674757,0.2617426328648046,0.0025925259607583948,0.0016159422229975462,69.97989654541016
2026-08-19 23:00:00+00:00,bitcoin,69300.00835342146,69224.92692667991,0.0011617269,7.7691904e-05,0.0043827035,0.003243351,0.0077691902,UP,0.008217874766750299,278.94663415262903,171.04359792674757,0.2617426328648046,0.0025925259607583948,0.0016159422229975462,69.97989654541016
2026-08-20 00:00:00+00:00,bitcoin,69387.77485120296,69309.10339887161,0.0012656577,0.00013130433,0.004388019,0.0033401777,0.013130433,UP,0.008219360015196273,278.94663415262903,171.04359792674757,0.2617426328648046,0.0025925259607583948,0.0016159422229975462,69.97989654541016
2026-08-20 01:00:00+00:00,bitcoin,69678.67142871022,69398.81611317862,0.0041837073,0.00015909188,0.0049646297,0.003653662,0.015909187,UP,0.008182980434275929,278.94663415262903,171.04359792674757,0.2617426328648046,0.0025925259607583948,0.0016159422229975462,69.97989654541016
2026-08-20 02:00:00+00:00,bitcoin,69258.57378396811,69691.03122385684,-0.0060474877,0.00017720362,0.0035934672,0.003996229,0.017720362,UP,0.008308695946772963,278.94663415262903,171.04359792674757,0.2617426328648046,0.0025925259607583948,0.0016159422229975462,69.97989654541016
2026-08-20 03:00:00+00:00,bitcoin,69139.9897069796,69269.95570188295,-0.0017135749,0.00016441513,0.010469301,0.004474849,0.016441513,UP,0.008334408233465566,278.94663415262903,171.04359792674757,0.2617426328648046,0.0025925259607583948,0.0016159422229975462,69.97989654541016
2026-08-20 04:00:00+00:00,bitcoin,69442.51954522636,69150.80586120486,0.0043660877,0.00015636529,0.010563475,0.00470984,0.01563653,UP,0.008335841930267384,278.94663415262903,171.04359792674757,0.2617426328648046,0.0025925259607583948,0.0016159422229975462,69.97989654541016
2026-08-20 05:00:00+00:00,bitcoin,69374.82436791994,69452.16753337439,-0.0009753149,0.00013878787,0.010015723,0.0047136843,0.013878787,UP,0.008357021374869072,278.94663415262903,171.04359792674757,0.2617426328648046,0.0025925259607583948,0.0016159422229975462,69.97989654541016
2026-08-20 06:00:00+00:00,bitcoin,69813.9882482402,69382.71782327071,0.0063103563,0.00011358012,0.01069962,0.0046122554,0.011358012,UP,0.008307655810525005,278.94663415262903,171.04359792674757,0.2617426328648046,0.0025925259607583948,0.0016159422229975462,69.97989654541016
2026-08-20 07:00:00+00:00,bitcoin,69781.84246113058,69820.3006246183,-0.0004605931,9.0361216e-05,0.010587892,0.0046342765,0.009036122,UP,0.008294275092783208,278.94663415262903,171.04359792674757,0.2617426328648046,0.0025925259607583948,0.0016159422229975462,69.97989654541016
2026-08-20 08:00:00+00:00,bitcoin,71524.2835630849,69786.60201437771,0.024663132,6.814561e-05,0.002786107,0.0047699027,0.006814561,UP,0.009197742982691912,278.94663415262903,171.04359792674757,0.2617426328648046,0.0025925259607583948,0.0016159422229975462,69.97989654541016
2026-08-20 09:00:00+00:00,bitcoin,71740.89339413121,71532.41539625078,0.0030238968,0.000113594775,0.0025788383,0.005284622,0.011359477,UP,0.009167423034849315,278.94663415262903,171.04359792674757,0.2617426328648046,0.0025925259607583948,0.0016159422229975462,69.97989654541016
2026-08-20 10:00:00+00:00,bitcoin,71941.68727338128,71748.5020657368,0.0027950085,0.00010607555,0.0048398357,0.005253778,0.0106075555,UP,0.00913926524701096,278.94663415262903,171.04359792674757,0.2617426328648046,0.0025925259607583948,0.0016159422229975462,69.97989654541016
2026-08-20 11:00:00+00:00,bitcoin,71870.11122371256,71947.83657621592,-0.0009954417,8.545744e-05,0.0048855096,0.005077181,0.008545744,UP,0.009137571162853715,278.94663415262903,171.04359792674757,0.2617426328648046,0.0025925259607583948,0.0016159422229975462,69.97989654541016
2026-08-20 12:00:00+00:00,bitcoin,71894.50985616446,71873.8191391658,0.00033942203,5.165556e-05,0.0051769866,0.004834208,0.005165556,UP,0.009151242100326381,278.94663415262903,171.04359792674757,0.2617426328648046,0.0025925259607583948,0.0016159422229975462,69.97989654541016
2026-08-20 13:00:00+00:00,bitcoin,71631.4579499918,71895.3220093539,-0.0036654992,1.1341192e-05,0.005323175,0.0045685414,0.0011341191,UP,0.009216500768676741,278.94663415262903,171.04359792674757,0.2617426328648046,0.0025925259607583948,0.0016159422229975462,69.97989654541016
2026-08-20 14:00:00+00:00,bitcoin,71780.28953131195,71630.40208468959,0.0020755366,-1.4776877e-05,0.005333432,0.0044690142,-0.0014776877,DOWN,0.009214462602949966,278.94663415262903,171.04359792674757,0.2617426328648046,0.0025925259607583948,0.0016159422229975462,69.97989654541016
2026-08-20 15:00:00+00:00,bitcoin,72443.1475596698,71777.17435917631,0.009192182,-4.3382584e-05,0.0037141594,0.004320966,-0.0043382584,DOWN,0.009244547231651589,278.94663415262903,171.04359792674757,0.2617426328648046,0.0025925259607583948,0.0016159422229975462,69.97989654541016
2026-08-20 16:00:00+00:00,bitcoin,72829.43207712285,72438.61459196452,0.0053180326,-6.26091e-05,0.0026968345,0.0041780765,-0.00626091,DOWN,0.009221632887273474,278.94663415262903,171.04359792674757,0.2617426328648046,0.0025925259607583948,0.0016159422229975462,69.97989654541016
2026-08-20 17:00:00+00:00,bitcoin,72715.3315719422,72825.71381522343,-0.0015679244,-5.1050738e-05,0.0026289765,0.0041613653,-0.0051050736,DOWN,0.009263859623294806,278.94663415262903,171.04359792674757,0.2617426328648046,0.0025925259607583948,0.0016159422229975462,69.97989654541016
2026-08-20 18:00:00+00:00,bitcoin,72413.041347499,72713.06135340873,-0.0041658226,-3.115485e-05,0.0022301208,0.0042115804,-0.003115485,DOWN,0.009377520415065451,278.94663415262903,171.04359792674757,0.2617426328648046,0.0025925259607583948,0.0016159422229975462,69.97989654541016
2026-08-20 19:00:00+00:00,bitcoin,72626.45558699872,72412.40027178638,0.002942843,-8.852412e-06,0.004110045,0.004343783,-0.0008852412,DOWN,0.009373670744347808,278.94663415262903,171.04359792674757,0.2617426328648046,0.0025925259607583948,0.0016159422229975462,69.97989654541016
2026-08-20 20:00:00+00:00,bitcoin,72660.22699947841,72626.56567572244,0.00046492132,1.4765587e-06,0.007941321,0.0043728673,0.00014765587,UP,0.009181665697310626,278.94663415262903,171.04359792674757,0.2617426328648046,0.0025925259607583948,0.0016159422229975462,69.97989654541016
2026-08-20 21:00:00+00:00,bitcoin,72725.6316178767,72660.6336658774,0.0008997609,5.577576e-06,0.010646523,0.0043833493,0.00055775756,UP,0.006033423570262419,278.94663415262903,171.04359792674757,0.2617426328648046,0.0025925259607583948,0.0016159422229975462,69.97989654541016
2026-08-20 22:00:00+00:00,bitcoin,72664.67705866043,72725.81487349141,-0.00083847577,2.4055662e-06,0.0104499785,0.0043209475,0.00024055662,UP,0.006031429206556076,278.94663415262903,171.04359792674757,0.2617426328648046,0.0025925259607583948,0.0016159422229975462,69.97989654541016
2026-08-20 23:00:00+00:00,bitcoin,73015.93614880182,72664.4458052693,0.004822202,-3.2550488e-06,0.0104888985,0.0042647584,-0.00032550487,DOWN,0.005936502833097698,278.94663415262903,171.04359792674757,0.2617426328648046,0.0025925259607583948,0.0016159422229975462,69.97989654541016
2026-08-21 00:00:00+00:00,bitcoin,73692.40962784085,73015.4770702906,0.009222125,-6.2130985e-06,0.010284362,0.0042734505,-0.00062130985,DOWN,0.006069489067271933,278.94663415262903,171.04359792674757,0.2617426328648046,0.0025925259607583948,0.0016159422229975462,69.97989654541016
2026-08-21 01:00:00+00:00,bitcoin,75107.88662937284,73693.17052928731,0.019025864,1.0421548e-05,0.006464698,0.004437001,0.0010421547,UP,0.006772256330107243,278.94663415262903,171.04359792674757,0.2617426328648046,0.0025925259607583948,0.0016159422229975462,69.97989654541016
2026-08-21 02:00:00+00:00,bitcoin,74409.71005735919,75112.37635769881,-0.009339165,5.969497e-05,0.0033531918,0.004819225,0.005969497,UP,0.0070346723570254436,278.94663415262903,171.04359792674757,0.2617426328648046,0.0025925259607583948,0.0016159422229975462,69.97989654541016
2026-08-21 03:00:00+00:00,bitcoin,74478.26970861387,74414.71380292997,0.00092099444,6.710153e-05,0.01428398,0.00485054,0.006710153,UP,0.006914129608736658,278.94663415262903,171.04359792674757,0.2617426328648046,0.0025925259607583948,0.0016159422229975462,69.97989654541016
2026-08-21 04:00:00+00:00,bitcoin,74999.99197575264,74481.56736176554,0.006980558,4.4175533e-05,0.01958757,0.0046499902,0.004417553,UP,0.00674492145963002,278.94663415262903,171.04359792674757,0.2617426328648046,0.0025925259607583948,0.0016159422229975462,69.97989654541016
2026-08-21 05:00:00+00:00,bitcoin,75438.07734026853,75001.32435117196,0.005824153,1.7765524e-05,0.019981744,0.0044683903,0.0017765524,UP,0.006762239478265954,278.94663415262903,171.04359792674757,0.2617426328648046,0.0025925259607583948,0.0016159422229975462,69.97989654541016
2026-08-21 06:00:00+00:00,bitcoin,75615.79620407894,75437.85779846739,0.002352949,-2.9035937e-06,0.022027403,0.0043553393,-0.00029035937,DOWN,0.006756338715226091,278.94663415262903,171.04359792674757,0.2617426328648046,0.0025925259607583948,0.0016159422229975462,69.97989654541016
2026-08-21 07:00:00+00:00,bitcoin,76306.33256539237,75614.41441156482,0.009090761,-1.8142231e-05,0.021865636,0.0042866347,-0.0018142231,DOWN,0.006848708722729617,278.94663415262903,171.04359792674757,0.2617426328648046,0.0025925259607583948,0.0016159422229975462,69.97989654541016
2026-08-21 08:00:00+00:00,bitcoin,79224.70627943985,76304.47700288612,0.03753229,-2.4244791e-05,0.010034926,0.004282173,-0.0024244792,DOWN,0.00919272132105586,278.94663415262903,171.04359792674757,0.2617426328648046,0.0025925259607583948,0.0016159422229975462,69.97989654541016
2026-08-21 09:00:00+00:00,bitcoin,77888.17121027224,79222.80009440426,-0.017014055,-2.410426e-05,0.007674728,0.004332133,-0.002410426,DOWN,0.009934386917618915,278.94663415262903,171.04359792674757,0.2617426328648046,0.0025925259607583948,0.0016159422229975462,69.97989654541016
2026-08-21 10:00:00+00:00,bitcoin,77802.35996383801,77887.58692040108,-0.0011023472,-7.5568114e-06,0.0076911943,0.004520297,-0.00075568113,DOWN,0.009977983341712614,278.94663415262903,171.04359792674757,0.2617426328648046,0.0025925259607583948,0.0016159422229975462,69.97989654541016
2026-08-21 11:00:00+00:00,bitcoin,76709.62059426028,77801.00525945798,-0.014144669,-1.7404753e-05,0.0032939266,0.0044628903,-0.0017404753,DOWN,0.010468907238726798,278.94663415262903,171.04359792674757,0.2617426328648046,0.0025925259607583948,0.0016159422229975462,69.97989654541016
2026-08-21 12:00:00+00:00,bitcoin,77195.14436013345,76708.90848883009,0.006309523,-9.30498e-06,0.0023547292,0.004534401,-0.000930498,DOWN,0.01046889917293863,278.94663415262903,171.04359792674757,0.2617426328648046,0.0025925259607583948,0.0016159422229975462,69.97989654541016
2026-08-21 13:00:00+00:00,bitcoin,77244.22472365107,77196.11468727421,0.00063556497,1.243264e-05,0.0028944565,0.004691852,0.001243264,UP,0.010456836647161478,278.94663415262903,171.04359792674757,0.2617426328648046,0.0025925259607583948,0.0016159422229975462,69.97989654541016
2026-08-21 14:00:00+00:00,bitcoin,77374.78083851375,77244.86193032656,0.0016887279,8.1704775e-06,0.0026768916,0.0046461583,0.0008170477,UP,0.009635955215363284,278.94663415262903,171.04359792674757,0.2617426328648046,0.0025925259607583948,0.0016159422229975462,69.97989654541016
2026-08-21 15:00:00+00:00,bitcoin,77178.83560973592,77375.75897202641,-0.0025357315,1.260822e-05,0.004062824,0.004672466,0.0012608219,UP,0.009682171295755656,278.94663415262903,171.04359792674757,0.2617426328648046,0.0025925259607583948,0.0016159422229975462,69.97989654541016
2026-08-21 16:00:00+00:00,bitcoin,77451.34495843202,77179.49975662865,0.0035247442,8.733486e-06,0.0067949817,0.00464024,0.00087334856,UP,0.009683916618419074,278.94663415262903,171.04359792674757,0.2617426328648046,0.0025925259607583948,0.0016159422229975462,69.97989654541016
2026-08-21 17:00:00+00:00,bitcoin,77370.28333181702,77453.21803269163,-0.0010471728,2.408123e-05,0.006761668,0.004759168,0.0024081229,UP,0.009684565732807513,278.94663415262903,171.04359792674757,0.2617426328648046,0.0025925259607583948,0.0016159422229975462,69.97989654541016
2026-08-21 18:00:00+00:00,bitcoin,77110.52668394521,77374.0074455291,-0.0033629816,4.819235e-05,0.006359303,0.004951839,0.004819235,UP,0.009736462471165842,278.94663415262903,171.04359792674757,0.2617426328648046,0.0025925259607583948,0.0016159422229975462,69.97989654541016
2026-08-21 19:00:00+00:00,bitcoin,76995.20615046937,77115.63435113803,-0.0014966391,6.619011e-05,0.0071438085,0.0051186783,0.0066190106,UP,0.009698111011884081,278.94663415262903,171.04359792674757,0.2617426328648046,0.0025925259607583948,0.0016159422229975462,69.97989654541016
2026-08-21 20:00:00+00:00,bitcoin,77497.97620029189,77003.08749383502,0.006508603,0.000102277954,0.0068883523,0.00545756,0.010227796,UP,0.009726164952363635,278.94663415262903,171.04359792674757,0.2617426328648046,0.0025925259607583948,0.0016159422229975462,69.97989654541016
2026-08-21 21:00:00+00:00,bitcoin,78495.39176680148,77507.09636606276,0.0127881775,0.00011780294,0.0049278527,0.005630232,0.011780295,UP,0.009833699817169283,278.94663415262903,171.04359792674757,0.2617426328648046,0.0025925259607583948,0.0016159422229975462,69.97989654541016
2026-08-21 22:00:00+00:00,bitcoin,78432.7710397169,78506.20775599033,-0.0007980363,0.00013785927,0.0049267556,0.0058351397,0.013785928,UP,0.009841327530520132,278.94663415262903,171.04359792674757,0.2617426328648046,0.0025925259607583948,0.0016159422229975462,69.97989654541016
2026-08-21 23:00:00+00:00,bitcoin,78325.55328495568,78444.32993268594,-0.0013680495,0.00014738344,0.004883246,0.0059665763,0.014738345,UP,0.009838536683126262,278.94663415262903,171.04359792674757,0.2617426328648046,0.0025925259607583948,0.0016159422229975462,69.97989654541016
2026-08-22 00:00:00+00:00,bitcoin,77934.06423966866,78334.96804199181,-0.005010702,0.000120166376,0.008186231,0.0057837926,0.012016637,UP,0.009859414361830238,278.94663415262903,171.04359792674757,0.2617426328648046,0.0025925259607583948,0.0016159422229975462,69.97989654541016
2026-08-22 01:00:00+00:00,bitcoin,77821.04400273412,77940.78879609704,-0.0014511966,8.618011e-05,0.008305936,0.005547984,0.008618011,UP,0.009885170179846914,278.94663415262903,171.04359792674757,0.2617426328648046,0.0025925259607583948,0.0016159422229975462,69.97989654541016
2026-08-22 02:00:00+00:00,bitcoin,78462.79205353558,77824.12683624774,0.008212667,3.9561695e-05,0.0065739206,0.005226836,0.0039561694,UP,0.009935907122777058,278.94663415262903,171.04359792674757,0.2617426328648046,0.0025925259607583948,0.0016159422229975462,69.97989654541016
2026-08-22 03:00:00+00:00,bitcoin,78402.62116960343,78462.14213040099,-0.00076727796,-8.338258e-06,0.006541422,0.0049081594,-0.00083382585,DOWN,0.009950460190084682,278.94663415262903,171.04359792674757,0.2617426328648046,0.0025925259607583948,0.0016159422229975462,69.97989654541016
2026-08-22 04:00:00+00:00,bitcoin,78475.70541219786,78398.31788016483,0.00093185285,-5.4852528e-05,0.0062197847,0.0046072523,-0.005485253,DOWN,0.009934874556335566,278.94663415262903,171.04359792674757,0.2617426328648046,0.0025925259607583948,0.0016159422229975462,69.97989654541016
2026-08-22 05:00:00+00:00,bitcoin,77351.19378335634,78468.64788702037,-0.014433232,-8.999013e-05,0.0015735785,0.004297662,-0.008999012,DOWN,0.010392805610057558,278.94663415262903,171.04359792674757,0.2617426328648046,0.0025925259607583948,0.0016159422229975462,69.97989654541016
2026-08-22 06:00:00+00:00,bitcoin,77477.25674003363,77351.49179234356,0.0016284158,3.8620888e-06,0.0017045477,0.0048809065,0.00038620888,UP,0.010301246435523888,278.94663415262903,171.04359792674757,0.2617426328648046,0.0025925259607583948,0.0016159422229975462,69.97989654541016
2026-08-22 07:00:00+00:00,bitcoin,77286.24473802745,77475.60599058867,-0.0024683846,-2.120269e-05,0.0019820128,0.004592417,-0.002120269,DOWN,0.009779385777165297,278.94663415262903,171.04359792674757,0.2617426328648046,0.0025925259607583948,0.0016159422229975462,69.97989654541016
2026-08-22 08:00:00+00:00,bitcoin,77195.49179297127,77284.83256208245,-0.0011748963,-1.8228762e-05,0.0018842414,0.004396223,-0.0018228763,DOWN,0.009595249115494937,278.94663415262903,171.04359792674757,0.2617426328648046,0.0025925259607583948,0.0016159422229975462,69.97989654541016
2026-08-22 09:00:00+00:00,bitcoin,77049.39917227952,77195.18850764725,-0.0018943095,-3.973243e-06,0.0024534173,0.0043310216,-0.0003973243,DOWN,0.009612511608633677,278.94663415262903,171.04359792674757,0.2617426328648046,0.0025925259607583948,0.0016159422229975462,69.97989654541016
2026-08-22 10:00:00+00:00,bitcoin,76964.88262275187,77049.90361272264,-0.0010975038,6.4942587e-06,0.0024018087,0.004230216,0.0006494259,UP,0.009556752693453874,278.94663415262903,171.04359792674757,0.2617426328648046,0.0025925259607583948,0.0016159422229975462,69.97989654541016
2026-08-22 11:00:00+00:00,bitcoin,77114.35158084612,76966.24987692107,0.0019401549,1.7715189e-05,0.0029460595,0.004193901,0.0017715188,UP,0.009513738852625407,278.94663415262903,171.04359792674757,0.2617426328648046,0.0025925259607583948,0.0016159422229975462,69.97989654541016
2026-08-22 12:00:00+00:00,bitcoin,77300.00828220323,77116.364774107,0.0024046514,2.6038768e-05,0.0027330332,0.004223083,0.0026038769,UP,0.009514040273527,278.94663415262903,171.04359792674757,0.2617426328648046,0.0025925259607583948,0.0016159422229975462,69.97989654541016
2026-08-22 13:00:00+00:00,bitcoin,77277.29313573148,77302.28388761636,-0.0002938457,2.9339537e-05,0.0027306194,0.003993234,0.0029339537,UP,0.009383372819573165,278.94663415262903,171.04359792674757,0.2617426328648046,0.0025925259607583948,0.0016159422229975462,69.97989654541016
2026-08-22 14:00:00+00:00,bitcoin,76995.58866567165,77279.76573700458,-0.0036520148,3.1933843e-05,0.0019123674,0.003908909,0.0031933843,UP,0.006114708345995777,278.94663415262903,171.04359792674757,0.2617426328648046,0.0025925259607583948,0.0016159422229975462,69.97989654541016
2026-08-22 15:00:00+00:00,bitcoin,76970.5591456946,76996.63093067333,-0.00032515262,1.3486559e-05,0.0021526276,0.0037613572,0.0013486559,UP,0.005322509928744655,278.94663415262903,171.04359792674757,0.2617426328648046,0.0025925259607583948,0.0016159422229975462,69.97989654541016
2026-08-22 16:00:00+00:00,bitcoin,77282.45970159769,76968.49340083078,0.00404399,-2.6894728e-05,0.0030098062,0.0035530517,-0.0026894729,DOWN,0.0053813050901040755,278.94663415262903,171.04359792674757,0.2617426328648046,0.0025925259607583948,0.0016159422229975462,69.97989654541016
2026-08-22 17:00:00+00:00,bitcoin,77270.52577160066,77278.4902261896,-0.00015447776,-5.1417854e-05,0.0032917804,0.0034328005,-0.0051417854,DOWN,0.004704879092190279,278.94663415262903,171.04359792674757,0.2617426328648046,0.0025925259607583948,0.0016159422229975462,69.97989654541016
2026-08-22 18:00:00+00:00,bitcoin,77261.92462901725,77264.18141324678,-0.00011132371,-8.204445e-05,0.0033634952,0.0033803566,-0.008204444,DOWN,0.004562873536656324,278.94663415262903,171.04359792674757,0.2617426328648046,0.0025925259607583948,0.0016159422229975462,69.97989654541016
2026-08-22 19:00:00+00:00,bitcoin,77419.9344477281,77251.97470907867,0.0020431054,-0.0001287528,0.0035773537,0.0033366885,-0.01287528,DOWN,0.004576466869949349,278.94663415262903,171.04359792674757,0.2617426328648046,0.0025925259607583948,0.0016159422229975462,69.97989654541016
2026-08-22 20:00:00+00:00,bitcoin,77312.97596768662,77405.79378816858,-0.0013825236,-0.00018274423,0.003575193,0.0032545053,-0.018274423,DOWN,0.004573697413129361,278.94663415262903,171.04359792674757,0.2617426328648046,0.0025925259607583948,0.0016159422229975462,69.97989654541016
2026-08-22 21:00:00+00:00,bitcoin,76847.36277104169,77298.97220469872,-0.0060406043,-0.0001810965,0.0020007323,0.0031227565,-0.018109651,DOWN,0.00468297292793938,278.94663415262903,171.04359792674757,0.2617426328648046,0.0025925259607583948,0.0016159422229975462,69.97989654541016
2026-08-22 22:00:00+00:00,bitcoin,76989.45305741765,76836.23208918376,0.0018472298,-0.00014494939,0.0021094885,0.0034198952,-0.014494939,DOWN,0.004647529787837017,278.94663415262903,171.04359792674757,0.2617426328648046,0.0025925259607583948,0.0016159422229975462,69.97989654541016
2026-08-22 23:00:00+00:00,bitcoin,77054.44153756835,76980.55978058837,0.00084371254,-0.00011551472,0.0025934537,0.0038354995,-0.011551471,DOWN,0.004648317134559978,278.94663415262903,171.04359792674757,0.2617426328648046,0.0025925259607583948,0.0016159422229975462,69.97989654541016
2026-08-23 00:00:00+00:00,bitcoin,77289.00110292435,77044.61808852106,0.0030394902,-0.00012743527,0.0024948767,0.004092885,-0.012743527,DOWN,0.004641787553805463,278.94663415262903,171.04359792674757,0.2617426328648046,0.0025925259607583948,0.0016159422229975462,69.97989654541016
2026-08-23 01:00:00+00:00,bitcoin,77184.52736628056,77278.98485291004,-0.0013525782,-0.00012957602,0.0029510143,0.0041389414,-0.012957602,DOWN,0.0046401698653121175,278.94663415262903,171.04359792674757,0.2617426328648046,0.0025925259607583948,0.0016159422229975462,69.97989654541016
2026-08-23 02:00:00+00:00,bitcoin,77064.68675142154,77174.66305616312,-0.0015538979,-0.00012790143,0.0029759181,0.0039222026,-0.012790143,DOWN,0.004485572296065966,278.94663415262903,171.04359792674757,0.2617426328648046,0.0025925259607583948,0.0016159422229975462,69.97989654541016
2026-08-23 03:00:00+00:00,bitcoin,76914.73092865199,77059.5520639047,-0.0019478055,-6.667814e-05,0.0050924295,0.003098866,-0.006667814,DOWN,0.003755759089718962,278.94663415262903,171.04359792674757,0.2617426328648046,0.0025925259607583948,0.0016159422229975462,69.97989654541016
2026-08-23 04:00:00+00:00,bitcoin,76602.47338885674,76913.96553965751,-0.0040680557,-9.874686e-06,0.004870623,0.0027776835,-0.0009874686,DOWN,0.0038064334791214423,278.94663415262903,171.04359792674757,0.2617426328648046,0.0025925259607583948,0.0016159422229975462,69.97989654541016
2026-08-23 05:00:00+00:00,bitcoin,76048.57021931,76605.73790786415,-0.0072570858,4.2624226e-05,0.0029043003,0.0025676857,0.0042624227,UP,0.003984038575628053,278.94663415262903,171.04359792674757,0.2617426328648046,0.0025925259607583948,0.0016159422229975462,69.97989654541016
2026-08-23 06:00:00+00:00,bitcoin,76088.9942511348,76052.86745242216,0.00053148856,5.6510966e-05,0.0034194046,0.0025164376,0.005651097,UP,0.003918881552540532,278.94663415262903,171.04359792674757,0.2617426328648046,0.0025925259607583948,0.0016159422229975462,69.97989654541016
2026-08-23 07:00:00+00:00,bitcoin,75986.99298119545,76093.39012956619,-0.0013415375,5.757381e-05,0.0033479037,0.0024963203,0.0057573807,UP,0.003918297266366784,278.94663415262903,171.04359792674757,0.2617426328648046,0.0025925259607583948,0.0016159422229975462,69.97989654541016
2026-08-23 08:00:00+00:00,bitcoin,76464.9381910311,75988.45058271196,0.0062701316,1.9197989e-05,0.0029121507,0.0024565216,0.0019197989,UP,0.0037764595142254693,278.94663415262903,171.04359792674757,0.2617426328648046,0.0025925259607583948,0.0016159422229975462,69.97989654541016
2026-08-23 09:00:00+00:00,bitcoin,76540.00224975497,76465.96753238887,0.0009812795,1.3519535e-05,0.0041351556,0.002516961,0.0013519535,UP,0.0037912914453901406,278.94663415262903,171.04359792674757,0.2617426328648046,0.0025925259607583948,0.0016159422229975462,69.97989654541016
2026-08-23 10:00:00+00:00,bitcoin,76776.9288657736,76543.02794916462,0.0030906184,3.9423314e-05,0.0041476227,0.0026214519,0.0039423313,UP,0.0038454402285607206,278.94663415262903,171.04359792674757,0.2617426328648046,0.0025925259607583948,0.0016159422229975462,69.97989654541016
2026-08-23 11:00:00+00:00,bitcoin,77288.16217822488,76780.89273006376,0.0066365255,5.1574803e-05,0.0032019548,0.0027611132,0.0051574805,UP,0.0031264217732501045,278.94663415262903,171.04359792674757,0.2617426328648046,0.0025925259607583948,0.0016159422229975462,69.97989654541016
2026-08-23 12:00:00+00:00,bitcoin,77201.59573507681,77291.68500755355,-0.0011206246,4.5584646e-05,0.0035022828,0.0028706926,0.0045584645,UP,0.003116605823981151,278.94663415262903,171.04359792674757,0.2617426328648046,0.0025925259607583948,0.0016159422229975462,69.97989654541016
2026-08-23 13:00:00+00:00,bitcoin,77477.23721008375,77204.03258399293,0.0035641426,3.1608004e-05,0.0031367505,0.0028587526,0.0031608003,UP,0.003154183747653242,278.94663415262903,171.04359792674757,0.2617426328648046,0.0025925259607583948,0.0016159422229975462,69.97989654541016
2026-08-23 14:00:00+00:00,bitcoin,77180.45233864151,77478.87696073856,-0.003838017,2.109383e-05,0.0024834336,0.0029752615,0.002109383,UP,0.0032272548964322905,278.94663415262903,171.04359792674757,0.2617426328648046,0.0025925259607583948,0.0016159422229975462,69.97989654541016
2026-08-23 15:00:00+00:00,bitcoin,77133.45632236451,77182.35765478574,-0.00060914794,2.4691833e-05,0.0024225432,0.0031919105,0.0024691834,UP,0.0032097808389392234,278.94663415262903,171.04359792674757,0.2617426328648046,0.0025925259607583948,0.0016159422229975462,69.97989654541016
2026-08-23 16:00:00+00:00,bitcoin,77405.67181489058,77134.74962340482,0.0035229786,1.6676222e-05,0.0031350863,0.0031669636,0.0016676222,UP,0.0032638796096312117,278.94663415262903,171.04359792674757,0.2617426328648046,0.0025925259607583948,0.0016159422229975462,69.97989654541016
2026-08-23 17:00:00+00:00,bitcoin,77175.47405239753,77406.27166088484,-0.0029784136,7.78675e-06,0.003136577,0.0031414672,0.00077867496,UP,0.003296415607273137,278.94663415262903,171.04359792674757,0.2617426328648046,0.0025925259607583948,0.0016159422229975462,69.97989654541016
2026-08-23 18:00:00+00:00,bitcoin,77324.99688310549,77175.81835124642,0.0019356742,4.507076e-06,0.0031180815,0.0032651108,0.0004507076,UP,0.003285834497622677,278.94663415262903,171.04359792674757,0.2617426328648046,0.0025925259607583948,0.0016159422229975462,69.97989654541016
2026-08-23 19:00:00+00:00,bitcoin,77328.28155755997,77324.92164820433,4.23326e-05,-1.067785e-06,0.0031923882,0.003411115,-0.0001067785,DOWN,0.0032853147406509613,278.94663415262903,171.04359792674757,0.2617426328648046,0.0025925259607583948,0.0016159422229975462,69.97989654541016
2026-08-23 20:00:00+00:00,bitcoin,77393.18834370933,77326.93679146189,0.0008391088,-1.7244312e-05,0.00578454,0.0035396488,-0.0017244313,DOWN,0.0032136946498763233,278.94663415262903,171.04359792674757,0.2617426328648046,0.0025925259607583948,0.0016159422229975462,69.97989654541016
2026-08-23 21:00:00+00:00,bitcoin,77832.50131811947,77391.37459357455,0.0056603216,-2.3406681e-05,0.006277391,0.003654091,-0.002340668,DOWN,0.003364629661620868,278.94663415262903,171.04359792674757,0.2617426328648046,0.0025925259607583948,0.0016159422229975462,69.97989654541016
2026-08-23 22:00:00+00:00,bitcoin,77600.67097127438,77831.07577219605,-0.0029829962,-1.829527e-05,0.0068173036,0.0038760102,-0.001829527,DOWN,0.003344592682283309,278.94663415262903,171.04359792674757,0.2617426328648046,0.0025925259607583948,0.0016159422229975462,69.97989654541016
2026-08-23 23:00:00+00:00,bitcoin,77725.53810655698,77600.9956502337,0.0016078061,4.067832e-06,0.006620472,0.004141129,0.0004067832,UP,0.0033546785011228522,278.94663415262903,171.04359792674757,0.2617426328648046,0.0025925259607583948,0.0016159422229975462,69.97989654541016
2026-08-24 00:00:00+00:00,bitcoin,77672.0440845755,77727.25319966394,-0.0006884558,2.1953369e-05,0.007092698,0.0043496485,0.0021953369,UP,0.003358183198779846,278.94663415262903,171.04359792674757,0.2617426328648046,0.0025925259607583948,0.0016159422229975462,69.97989654541016
2026-08-24 01:00:00+00:00,bitcoin,76907.85488453694,77674.71353310347,-0.009887463,3.4306162e-05,0.005409166,0.004480238,0.003430616,UP,0.0038023549980291853,278.94663415262903,171.04359792674757,0.2617426328648046,0.0025925259607583948,0.0016159422229975462,69.97989654541016
2026-08-24 02:00:00+00:00,bitcoin,77466.32822250482,76910.81286860164,0.007235394,3.8392856e-05,0.0044239154,0.0046578087,0.0038392856,UP,0.004031403529397467,278.94663415262903,171.04359792674757,0.2617426328648046,0.0025925259607583948,0.0016159422229975462,69.97989654541016
2026-08-24 03:00:00+00:00,bitcoin,76933.46712285653,77464.57814822439,-0.0069024614,-2.26024e-05,0.003280414,0.004217847,-0.00226024,DOWN,0.00407880789829807,278.94663415262903,171.04359792674757,0.2617426328648046,0.0025925259607583948,0.0016159422229975462,69.97989654541016
2026-08-24 04:00:00+00:00,bitcoin,76893.2315423009,76930.54908682732,-0.00052311306,-3.7824822e-05,0.004249527,0.0038539204,-0.0037824824,DOWN,0.004065609264369579,278.94663415262903,171.04359792674757,0.2617426328648046,0.0025925259607583948,0.0016159422229975462,69.97989654541016
2026-08-24 05:00:00+00:00,bitcoin,77159.60176609829,76891.64994395152,0.0034581313,-2.0510735e-05,0.004134369,0.0035041538,-0.0020510736,DOWN,0.004112980164716231,278.94663415262903,171.04359792674757,0.2617426328648046,0.0025925259607583948,0.0016159422229975462,69.97989654541016
2026-08-24 06:00:00+00:00,bitcoin,77459.13119059429,77161.39658550918,0.0038745557,2.3344308e-05,0.0059302356,0.0031532198,0.0023344308,UP,0.004136765816169854,278.94663415262903,171.04359792674757,0.2617426328648046,0.0025925259607583948,0.0016159422229975462,69.97989654541016
2026-08-24 07:00:00+00:00,bitcoin,77297.86827075435,77463.49118884653,-0.0020841148,5.619967e-05,0.005844864,0.0029007404,0.0056199674,UP,0.004147624901660233,278.94663415262903,171.04359792674757,0.2617426328648046,0.0025925259607583948,0.0016159422229975462,69.97989654541016
2026-08-24 08:00:00+00:00,bitcoin,77032.9052865454,77303.39596179873,-0.0034336792,7.148246e-05,0.00726727,0.0027786014,0.007148246,UP,0.004186667306273824,278.94663415262903,171.04359792674757,0.2617426328648046,0.0025925259607583948,0.0016159422229975462,69.97989654541016
2026-08-24 09:00:00+00:00,bitcoin,77540.88436448947,77037.06616622582,0.006572632,5.398513e-05,0.008045386,0.002655885,0.0053985133,UP,0.004337781679762132,278.94663415262903,171.04359792674757,0.2617426328648046,0.0025925259607583948,0.0016159422229975462,69.97989654541016
2026-08-24 10:00:00+00:00,bitcoin,77608.85095588211,77543.97941633966,0.00087627047,3.9970997e-05,0.00916918,0.0025894477,0.0039970996,UP,0.00426044342992073,278.94663415262903,171.04359792674757,0.2617426328648046,0.0025925259607583948,0.0016159422229975462,69.97989654541016
2026-08-24 11:00:00+00:00,bitcoin,78434.01822944358,77611.10753736831,0.010576217,2.8918872e-05,0.0084152715,0.0025688848,0.0028918872,UP,0.004396922368993264,278.94663415262903,171.04359792674757,0.2617426328648046,0.0025925259607583948,0.0016159422229975462,69.97989654541016
2026-08-24 12:00:00+00:00,bitcoin,79137.04541543033,78438.81067037582,0.008923215,6.1013372e-05,0.007494709,0.002735714,0.0061013373,UP,0.00462680829269097,278.94663415262903,171.04359792674757,0.2617426328648046,0.0025925259607583948,0.0016159422229975462,69.97989654541016
2026-08-24 13:00:00+00:00,bitcoin,78562.39844371146,79143.56730068102,-0.007287828,8.249617e-05,0.006662062,0.00310229,0.008249617,UP,0.0048644039193711545,278.94663415262903,171.04359792674757,0.2617426328648046,0.0025925259607583948,0.0016159422229975462,69.97989654541016
2026-08-24 14:00:00+00:00,bitcoin,79484.31586882938,78567.95210054796,0.011666579,7.0640985e-05,0.002895699,0.0038124102,0.0070640985,UP,0.005156640928218009,278.94663415262903,171.04359792674757,0.2617426328648046,0.0025925259607583948,0.0016159422229975462,69.97989654541016
2026-08-24 15:00:00+00:00,bitcoin,79079.50364221679,79488.63156005647,-0.0051060976,5.4159784e-05,0.0026787734,0.003934573,0.0054159784,UP,0.005287373548960362,278.94663415262903,171.04359792674757,0.2617426328648046,0.0025925259607583948,0.0016159422229975462,69.97989654541016
2026-08-24 16:00:00+00:00,bitcoin,79041.03779506683,79083.73272794485,-0.0004864762,5.3515905e-05,0.0027248547,0.0040789605,0.0053515905,UP,0.005281246934791414,278.94663415262903,171.04359792674757,0.2617426328648046,0.0025925259607583948,0.0016159422229975462,69.97989654541016
2026-08-24 17:00:00+00:00,bitcoin,78744.93461071746,79045.07186087593,-0.0037532093,5.098385e-05,0.0024851633,0.004168155,0.005098385,UP,0.005237113220452797,278.94663415262903,171.04359792674757,0.2617426328648046,0.0025925259607583948,0.0016159422229975462,69.97989654541016
2026-08-24 18:00:00+00:00,bitcoin,78926.4939437136,78748.66418983787,0.0023029507,4.7241432e-05,0.0027185485,0.004278401,0.004724143,UP,0.005234853554157257,278.94663415262903,171.04359792674757,0.2617426328648046,0.0025925259607583948,0.0016159422229975462,69.97989654541016
2026-08-24 19:00:00+00:00,bitcoin,78744.35719731264,78929.36186267342,-0.0023102926,3.6289126e-05,0.004565099,0.004242561,0.0036289126,UP,0.005235653160052593,278.94663415262903,171.04359792674757,0.2617426328648046,0.0025925259607583948,0.0016159422229975462,69.97989654541016
2026-08-24 20:00:00+00:00,bitcoin,78913.77701830864,78747.34445980564,0.0021492317,3.788655e-05,0.004618739,0.004335911,0.0037886552,UP,0.005176479957360035,278.94663415262903,171.04359792674757,0.2617426328648046,0.0025925259607583948,0.0016159422229975462,69.97989654541016
2026-08-24 21:00:00+00:00,bitcoin,78970.31885734946,78916.97030971572,0.0007161108,4.046198e-05,0.005625721,0.0044367407,0.004046198,UP,0.005170102536584818,278.94663415262903,171.04359792674757,0.2617426328648046,0.0025925259607583948,0.0016159422229975462,69.97989654541016
2026-08-24 22:00:00+00:00,bitcoin,78734.61431097239,78972.98607453704,-0.0029890693,3.382806e-05,0.00533622,0.004474134,0.003382806,UP,0.005188180879251746,278.94663415262903,171.04359792674757,0.2617426328648046,0.0025925259607583948,0.0016159422229975462,69.97989654541016
2026-08-24 23:00:00+00:00,bitcoin,78987.43573004752,78736.63515552226,0.0032058007,2.5562735e-05,0.005968525,0.004554128,0.0025562735,UP,0.005164895436188844,278.94663415262903,171.04359792674757,0.2617426328648046,0.0025925259607583948,0.0016159422229975462,69.97989654541016
2026-08-25 00:00:00+00:00,bitcoin,79743.82922532875,78986.88355744816,0.009530626,-6.913602e-06,0.005019658,0.0040859957,-0.0006913602,DOWN,0.005406232701907513,278.94663415262903,171.04359792674757,0.2617426328648046,0.0025925259607583948,0.0016159422229975462,69.97989654541016
2026-08-25 01:00:00+00:00,bitcoin,79821.89308125526,79744.39849730581,0.0009785349,7.0886153e-06,0.0054071727,0.0039067995,0.0007088615,UP,0.005402967851765092,278.94663415262903,171.04359792674757,0.2617426328648046,0.0025925259607583948,0.0016159422229975462,69.97989654541016
2026-08-25 02:00:00+00:00,bitcoin,80634.39944385085,79823.27818671148,0.010127454,1.7320284e-05,0.0053990213,0.0039005058,0.0017320284,UP,0.005652381401538567,278.94663415262903,171.04359792674757,0.2617426328648046,0.0025925259607583948,0.0016159422229975462,69.97989654541016
2026-08-25 03:00:00+00:00,bitcoin,80468.96956096776,80636.98416485544,-0.0020537092,3.1992397e-05,0.005908508,0.0044308356,0.0031992397,UP,0.005626046979914925,278.94663415262903,171.04359792674757,0.2617426328648046,0.0025925259607583948,0.0016159422229975462,69.97989654541016
2026-08-25 04:00:00+00:00,bitcoin,80348.07259975001,80470.15823842585,-0.0015035528,1.4768095e-05,0.0068548876,0.0044668205,0.0014768095,UP,0.0055952796267426125,278.94663415262903,171.04359792674757,0.2617426328648046,0.0025925259607583948,0.0016159422229975462,69.97989654541016
2026-08-25 05:00:00+00:00,bitcoin,80701.99572493043,80348.0272104363,0.004395282,-5.9412105e-07,0.006159948,0.0044440967,-5.9412105e-05,DOWN,0.005625950462208534,278.94663415262903,171.04359792674757,0.2617426328648046,0.0025925259607583948,0.0016159422229975462,69.97989654541016
2026-08-25 06:00:00+00:00,bitcoin,80533.77238428593,80700.20097994804,-0.0020867158,-2.2313567e-05,0.006153598,0.0043229503,-0.0022313567,DOWN,0.005648429583430236,278.94663415262903,171.04359792674757,0.2617426328648046,0.0025925259607583948,0.0016159422229975462,69.97989654541016
2026-08-25 07:00:00+00:00,bitcoin,79674.20875908853,80531.3301423383,-0.010730685,-3.0317335e-05,0.004662197,0.004169489,-0.0030317334,DOWN,0.005706540488125788,278.94663415262903,171.04359792674757,0.2617426328648046,0.0025925259607583948,0.0016159422229975462,69.97989654541016
2026-08-25 08:00:00+00:00,bitcoin,79905.80787938833,79672.23537303507,0.0029026405,-2.4775045e-05,0.003904036,0.0040789177,-0.0024775045,DOWN,0.00560129931464416,278.94663415262903,171.04359792674757,0.2617426328648046,0.0025925259607583948,0.0016159422229975462,69.97989654541016
2026-08-25 09:00:00+00:00,bitcoin,79177.8345310092,79905.03617051616,-0.009152286,-9.756659e-06,0.004650221,0.0038952962,-0.00097566587,DOWN,0.005723709217384379,278.94663415262903,171.04359792674757,0.2617426328648046,0.0025925259607583948,0.0016159422229975462,69.97989654541016
2026-08-25 10:00:00+00:00,bitcoin,79293.17887658067,79178.76255953126,0.0014558068,1.1754121e-05,0.0048878724,0.003709743,0.0011754121,UP,0.005717254642543837,278.94663415262903,171.04359792674757,0.2617426328648046,0.0025925259607583948,0.0016159422229975462,69.97989654541016
2026-08-25 11:00:00+00:00,bitcoin,79118.98931941018,79295.90200278163,-0.002199169,3.426079e-05,0.0052897045,0.0034974648,0.003426079,UP,0.005727922836778665,278.94663415262903,171.04359792674757,0.2617426328648046,0.0025925259607583948,0.0016159422229975462,69.97989654541016
2026-08-25 12:00:00+00:00,bitcoin,78966.96231137868,79122.35931112897,-0.0019234003,4.2601394e-05,0.0051725693,0.003420577,0.0042601395,UP,0.005720059721872792,278.94663415262903,171.04359792674757,0.2617426328648046,0.0025925259607583948,0.0016159422229975462,69.97989654541016
2026-08-25 13:00:00+00:00,bitcoin,78627.35607304797,78970.18038709648,-0.0043098265,4.0670908e-05,0.004581703,0.0033520262,0.004067091,UP,0.005770830595007807,278.94663415262903,171.04359792674757,0.2617426328648046,0.0025925259607583948,0.0016159422229975462,69.97989654541016
2026-08-25 14:00:00+00:00,bitcoin,79225.00772004947,78630.43375562131,0.007572281,3.901308e-05,0.0031312616,0.0033924803,0.0039013082,UP,0.00585705234891415,278.94663415262903,171.04359792674757,0.2617426328648046,0.0025925259607583948,0.0016159422229975462,69.97989654541016
2026-08-25 15:00:00+00:00,bitcoin,79506.23242779169,79227.54834450502,0.0035433357,3.202019e-05,0.0039372514,0.0035290497,0.003202019,UP,0.005781814450792582,278.94663415262903,171.04359792674757,0.2617426328648046,0.0025925259607583948,0.0016159422229975462,69.97989654541016
2026-08-25 16:00:00+00:00,bitcoin,79153.29871576931,79508.35908567626,-0.0044489014,2.6700445e-05,0.005211759,0.003681937,0.0026700445,UP,0.005861892674020108,278.94663415262903,171.04359792674757,0.2617426328648046,0.0025925259607583948,0.0016159422229975462,69.97989654541016
2026-08-25 17:00:00+00:00,bitcoin,79234.09570135362,79155.05193534121,0.0010203425,2.2101929e-05,0.0057531125,0.003827317,0.0022101928,UP,0.005553367946487892,278.94663415262903,171.04359792674757,0.2617426328648046,0.0025925259607583948,0.0016159422229975462,69.97989654541016
2026-08-25 18:00:00+00:00,bitcoin,79135.67534502363,79236.18900495116,-0.0012429376,2.6305837e-05,0.00597465,0.0039894925,0.0026305837,UP,0.005315236005769315,278.94663415262903,171.04359792674757,0.2617426328648046,0.0025925259607583948,0.0016159422229975462,69.97989654541016
2026-08-25 19:00:00+00:00,bitcoin,78923.81746978499,79137.91547633242,-0.0026808553,2.8232804e-05,0.0060538757,0.0042048884,0.0028232804,UP,0.00516260014963557,278.94663415262903,171.04359792674757,0.2617426328648046,0.0025925259607583948,0.0016159422229975462,69.97989654541016
2026-08-25 20:00:00+00:00,bitcoin,78184.04476627707,78926.99255664647,-0.009417366,4.0225153e-05,0.0036406277,0.0045347298,0.0040225154,UP,0.004966160480158775,278.94663415262903,171.04359792674757,0.2617426328648046,0.0025925259607583948,0.0016159422229975462,69.97989654541016
2026-08-25 21:00:00+00:00,bitcoin,78550.57560389116,78189.68563513272,0.004677102,7.2177005e-05,0.003447903,0.004923451,0.0072177006,UP,0.004977841826113439,278.94663415262903,171.04359792674757,0.2617426328648046,0.0025925259607583948,0.0016159422229975462,69.97989654541016
2026-08-25 22:00:00+00:00,bitcoin,78876.87462679669,78557.82582896575,0.0041452684,9.2264316e-05,0.00311613,0.005184454,0.009226431,UP,0.00504070799201791,278.94663415262903,171.04359792674757,0.2617426328648046,0.0025925259607583948,0.0016159422229975462,69.97989654541016
2026-08-25 23:00:00+00:00,bitcoin,78526.79888470285,78882.34905213956,-0.0044480655,6.9441834e-05,0.0026282973,0.004947513,0.0069441833,UP,0.005059719819114558,278.94663415262903,171.04359792674757,0.2617426328648046,0.0025925259607583948,0.0016159422229975462,69.97989654541016
2026-08-26 00:00:00+00:00,bitcoin,78632.3529054597,78530.4757966008,0.0013433836,4.6802408e-05,0.002862367,0.004624663,0.004680241,UP,0.005047118281075175,278.94663415262903,171.04359792674757,0.2617426328648046,0.0025925259607583948,0.0016159422229975462,69.97989654541016
2026-08-26 01:00:00+00:00,bitcoin,78809.6349349618,78636.34320077114,0.0022519217,5.059757e-05,0.0030447317,0.0047119604,0.005059757,UP,0.005047414779401869,278.94663415262903,171.04359792674757,0.2617426328648046,0.0025925259607583948,0.0016159422229975462,69.97989654541016
2026-08-26 02:00:00+00:00,bitcoin,79098.2517025033,78813.81351645011,0.0036555172,5.306334e-05,0.002408527,0.004776057,0.0053063342,UP,0.005076658444824212,278.94663415262903,171.04359792674757,0.2617426328648046,0.0025925259607583948,0.0016159422229975462,69.97989654541016
2026-08-26 03:00:00+00:00,bitcoin,79075.52080206573,79102.46487304568,-0.00028736194,5.3176336e-05,0.002626081,0.0048193494,0.0053176335,UP,0.005075697381429253,278.94663415262903,171.04359792674757,0.2617426328648046,0.0025925259607583948,0.0016159422229975462,69.97989654541016
2026-08-26 04:00:00+00:00,bitcoin,78823.8537534792,79078.20057399943,-0.0031877526,3.3879613e-05,0.0026417603,0.0047866036,0.0033879613,UP,0.005079917118446076,278.94663415262903,171.04359792674757,0.2617426328648046,0.0025925259607583948,0.0016159422229975462,69.97989654541016
2026-08-26 05:00:00+00:00,bitcoin,79080.2454259079,78825.13888784219,0.0032475237,1.6251783e-05,0.0027338893,0.0047550346,0.0016251783,UP,0.005080820853383627,278.94663415262903,171.04359792674757,0.2617426328648046,0.0025925259607583948,0.0016159422229975462,69.97989654541016
2026-08-26 06:00:00+00:00,bitcoin,78934.02624538541,79078.70866908133,-0.0018508023,-1.945071e-05,0.0028835312,0.0044114785,-0.001945071,DOWN,0.004760367271050483,278.94663415262903,171.04359792674757,0.2617426328648046,0.0025925259607583948,0.0016159422229975462,69.97989654541016
2026-08-26 07:00:00+00:00,bitcoin,78915.9756926354,78932.86134339636,-0.00022865854,-1.4718658e-05,0.0028511423,0.0038485127,-0.0014718658,DOWN,0.0047540249653356265,278.94663415262903,171.04359792674757,0.2617426328648046,0.0025925259607583948,0.0016159422229975462,69.97989654541016
2026-08-26 08:00:00+00:00,bitcoin,78690.97226268845,78915.95304370625,-0.0028552057,-2.2897257e-07,0.003090602,0.0034305702,-2.2897257e-05,DOWN,0.00433372038672899,278.94663415262903,171.04359792674757,0.2617426328648046,0.0025925259607583948,0.0016159422229975462,69.97989654541016
2026-08-26 09:00:00+00:00,bitcoin,78434.74755772157,78690.6998319854,-0.0032614237,-3.533295e-06,0.0046634595,0.0033032272,-0.0003533295,DOWN,0.004351223743208126,278.94663415262903,171.04359792674757,0.2617426328648046,0.0025925259607583948,0.0016159422229975462,69.97989654541016
2026-08-26 10:00:00+00:00,bitcoin,78707.89595600963,78433.52980531752,0.0034763436,-1.5545109e-05,0.0045091286,0.0031785797,-0.0015545109,DOWN,0.004419848223996562,278.94663415262903,171.04359792674757,0.2617426328648046,0.0025925259607583948,0.0016159422229975462,69.97989654541016
2026-08-26 11:00:00+00:00,bitcoin,78467.42110623978,78707.64667449519,-0.0030598815,-3.0883884e-06,0.004476123,0.003223995,-0.00030883885,DOWN,0.004333030057557469,278.94663415262903,171.04359792674757,0.2617426328648046,0.0025925259607583948,0.0016159422229975462,69.97989654541016
2026-08-26 12:00:00+00:00,bitcoin,78300.14815429691,78467.75862064213,-0.0021340318,4.270947e-06,0.005410833,0.0034463624,0.0004270947,UP,0.0043334737607455855,278.94663415262903,171.04359792674757,0.2617426328648046,0.0025925259607583948,0.0016159422229975462,69.97989654541016
2026-08-26 13:00:00+00:00,bitcoin,78446.78722810186,78300.008425924,0.0018709502,-1.7692137e-06,0.005347522,0.0037724054,-0.00017692137,DOWN,0.00394888792761158,278.94663415262903,171.04359792674757,0.2617426328648046,0.0025925259607583948,0.0016159422229975462,69.97989654541016
2026-08-26 14:00:00+00:00,bitcoin,77787.54126117006,78445.50943443179,-0.008439197,-1.6257864e-05,0.0026572682,0.0039142226,-0.0016257863,DOWN,0.004146425760245209,278.94663415262903,171.04359792674757,0.2617426328648046,0.0025925259607583948,0.0016159422229975462,69.97989654541016
2026-08-26 15:00:00+00:00,bitcoin,78013.35509195924,77783.90868406976,0.0028988342,-4.670083e-05,0.0026756625,0.0042669186,-0.004670083,DOWN,0.0038974622267871845,278.94663415262903,171.04359792674757,0.2617426328648046,0.0025925259607583948,0.0016159422229975462,69.97989654541016
2026-08-26 16:00:00+00:00,bitcoin,77982.22790235188,78013.11757715419,-0.00039914993,-3.1189966e-06,0.0026879914,0.004620891,-0.00031189967,DOWN,0.0038802446428224326,278.94663415262903,171.04359792674757,0.2617426328648046,0.0025925259607583948,0.0016159422229975462,69.97989654541016
2026-08-26 17:00:00+00:00,bitcoin,78441.45913030952,77983.06322102435,0.00587159,1.0598015e-05,0.0015820243,0.0046609696,0.0010598016,UP,0.004039343336945548,278.94663415262903,171.04359792674757,0.2617426328648046,0.0025925259607583948,0.0016159422229975462,69.97989654541016
2026-08-26 18:00:00+00:00,bitcoin,78471.38551562466,78442.16379719228,0.0003814817,8.973019e-06,0.002170589,0.0045804232,0.00089730194,UP,0.004028916692522615,278.94663415262903,171.04359792674757,0.2617426328648046,0.0025925259607583948,0.0016159422229975462,69.97989654541016
2026-08-26 19:00:00+00:00,bitcoin,78463.00116455555,78470.85895950347,-0.0001067325,-6.6974217e-06,0.0033406636,0.0042951847,-0.0006697422,DOWN,0.00395386060105535,278.94663415262903,171.04359792674757,0.2617426328648046,0.0025925259607583948,0.0016159422229975462,69.97989654541016
2026-08-26 20:00:00+00:00,bitcoin,78448.54727148078,78461.57204726944,-0.0001843196,-1.8302599e-05,0.0034019246,0.0038153557,-0.0018302598,DOWN,0.003679520226895774,278.94663415262903,171.04359792674757,0.2617426328648046,0.0025925259607583948,0.0016159422229975462,69.97989654541016
2026-08-26 21:00:00+00:00,bitcoin,78720.89921648987,78447.22827182896,0.0034657097,-1.6751661e-05,0.0033634007,0.0034988062,-0.0016751661,DOWN,0.0036767204681082285,278.94663415262903,171.04359792674757,0.2617426328648046,0.0025925259607583948,0.0016159422229975462,69.97989654541016
2026-08-26 22:00:00+00:00,bitcoin,78704.17098981561,78721.67733127717,-0.00021250188,9.795066e-06,0.003400228,0.0030972157,0.0009795066,UP,0.0035936532890837496,278.94663415262903,171.04359792674757,0.2617426328648046,0.0025925259607583948,0.0016159422229975462,69.97989654541016
2026-08-26 23:00:00+00:00,bitcoin,79026.18070923351,78705.40095216222,0.004083022,1.5657464e-05,0.0026609963,0.0029342044,0.0015657464,UP,0.003672005652362023,278.94663415262903,171.04359792674757,0.2617426328648046,0.0025925259607583948,0.0016159422229975462,69.97989654541016
2026-08-27 00:00:00+00:00,bitcoin,78695.11432842398,79026.75434743892,-0.004198076,7.2687467e-06,0.0018586937,0.0028667147,0.0007268747,UP,0.0037428779694565757,278.94663415262903,171.04359792674757,0.2617426328648046,0.0025925259607583948,0.0016159422229975462,69.97989654541016
2026-08-27 01:00:00+00:00,bitcoin,78893.5011915164,78696.41179158352,0.0025177316,1.6506048e-05,0.0014900246,0.002975315,0.0016506049,UP,0.0037435711212727885,278.94663415262903,171.04359792674757,0.2617426328648046,0.0025925259607583948,0.0016159422229975462,69.97989654541016
2026-08-27 02:00:00+00:00,bitcoin,78725.00292086601,78895.03298860788,-0.0021380747,1.9389186e-05,0.0016228181,0.0029600956,0.0019389186,UP,0.0033293989022820697,278.94663415262903,171.04359792674757,0.2617426328648046,0.0025925259607583948,0.0016159422229975462,69.97989654541016
2026-08-27 03:00:00+00:00,bitcoin,78820.81831097603,78726.38894319534,0.0012164122,1.7656934e-05,0.0038756754,0.0030312375,0.0017656934,UP,0.003228092848244704,278.94663415262903,171.04359792674757,0.2617426328648046,0.0025925259607583948,0.0016159422229975462,69.97989654541016
2026-08-27 04:00:00+00:00,bitcoin,78765.27013186365,78821.13038624171,-0.0007049718,3.8840362e-06,0.0034783217,0.0032189675,0.00038840363,UP,0.003139369165698205,278.94663415262903,171.04359792674757,0.2617426328648046,0.0025925259607583948,0.0016159422229975462,69.97989654541016
2026-08-27 05:00:00+00:00,bitcoin,78876.53963210993,78764.89785540849,0.001411527,-4.7812255e-06,0.0049434355,0.00332004,-0.00047812256,DOWN,0.0030369371675773842,278.94663415262903,171.04359792674757,0.2617426328648046,0.0025925259607583948,0.0016159422229975462,69.97989654541016
2026-08-27 06:00:00+00:00,bitcoin,78820.00152470171,78876.15043598227,-0.0007169625,-4.848437e-06,0.0051063653,0.0032956155,-0.0004848437,DOWN,0.003032357787139376,278.94663415262903,171.04359792674757,0.2617426328648046,0.0025925259607583948,0.0016159422229975462,69.97989654541016
2026-08-27 07:00:00+00:00,bitcoin,79067.35170602798,78820.15033721924,0.00313317,1.8833443e-06,0.0053200694,0.0032109972,0.00018833444,UP,0.0030583481173846617,278.94663415262903,171.04359792674757,0.2617426328648046,0.0025925259607583948,0.0016159422229975462,69.97989654541016
2026-08-27 08:00:00+00:00,bitcoin,79755.25895789266,79068.15434832126,0.008662726,1.0168801e-05,0.0034810964,0.0031136659,0.0010168802,UP,0.003381223273599536,278.94663415262903,171.04359792674757,0.2617426328648046,0.0025925259607583948,0.0016159422229975462,69.97989654541016
2026-08-27 09:00:00+00:00,bitcoin,79988.74465815537,79754.73965006461,0.0029233317,-6.4627366e-06,0.00533973,0.0037394734,-0.00064627366,DOWN,0.0034133742879189424,278.94663415262903,171.04359792674757,0.2617426328648046,0.0025925259607583948,0.0016159422229975462,69.97989654541016
2026-08-27 10:00:00+00:00,bitcoin,79619.49155524373,79985.97043029964,-0.00462706,-3.473198e-05,0.0044870046,0.00406165,-0.003473198,DOWN,0.003474584527961609,278.94663415262903,171.04359792674757,0.2617426328648046,0.0025925259607583948,0.0016159422229975462,69.97989654541016
2026-08-27 11:00:00+00:00,bitcoin,79476.34789330652,79618.94643297186,-0.0017995251,-6.831401e-06,0.004099624,0.0042568203,-0.0006831401,DOWN,0.0034508971015550253,278.94663415262903,171.04359792674757,0.2617426328648046,0.0025925259607583948,0.0016159422229975462,69.97989654541016
2026-08-27 12:00:00+00:00,bitcoin,79276.07086892612,79477.29118184745,-0.0025230928,1.1864746e-05,0.0033382273,0.0043273764,0.0011864746,UP,0.0034665844985033683,278.94663415262903,171.04359792674757,0.2617426328648046,0.0025925259607583948,0.0016159422229975462,69.97989654541016
2026-08-27 13:00:00+00:00,bitcoin,79532.99953408074,79276.38217715267,0.0032357085,3.883e-06,0.004341956,0.004258503,0.0003883,UP,0.003511109080105487,278.94663415262903,171.04359792674757,0.2617426328648046,0.0025925259607583948,0.0016159422229975462,69.97989654541016
2026-08-27 14:00:00+00:00,bitcoin,80221.29741489887,79531.61102288961,0.008616996,-1.7469707e-05,0.0022695777,0.0041014347,-0.0017469707,DOWN,0.0037772062042549823,278.94663415262903,171.04359792674757,0.2617426328648046,0.0025925259607583948,0.0016159422229975462,69.97989654541016
2026-08-27 15:00:00+00:00,bitcoin,80316.96636556834,80218.11235477217,0.0011917916,-3.9714854e-05,0.0021955394,0.003765438,-0.0039714854,DOWN,0.0037052438570221433,278.94663415262903,171.04359792674757,0.2617426328648046,0.0025925259607583948,0.0016159422229975462,69.97989654541016
