date,asset,actual_price,predicted_price,actual_return,predicted_return,actual_volatility,predicted_volatility,predicted_return_percent,trend,volatility_30,rmse,mae,mape,volatility_rmse,volatility_mae,volatility_mape
2026-08-27 03:15:00-04:00,gold,4652.600027901644,4657.7001953125,-0.0010955819,-2.393449e-08,0.00022248407,0.00023228221,-2.393449e-06,DOWN,0.00032080993231495134,1.5418560883480041,1.091521015036595,0.023485504161488646,0.00015316128215361053,0.00011025029380107298,48.904258728027344
2026-08-27 03:16:00-04:00,gold,4653.90015776502,4652.599543023098,0.00027933266,-1.4115813e-07,0.00013035632,0.00024027537,-1.41158125e-05,DOWN,0.0003270980170280936,1.5418560883480041,1.091521015036595,0.023485504161488646,0.00015316128215361053,0.00011025029380107298,48.904258728027344
2026-08-27 03:17:00-04:00,gold,4652.599756429059,4653.903231072356,-0.00027933263,5.8590786e-07,0.00020256286,0.00024915277,5.8590784e-05,UP,0.0003205295383697435,1.5418560883480041,1.091521015036595,0.023485504161488646,0.00015316128215361053,0.00011025029380107298,48.904258728027344
2026-08-27 03:18:00-04:00,gold,4651.700205366797,4652.6095264198375,-0.00019343794,1.9410036e-06,0.00020708604,0.0002560146,0.00019410036,UP,0.00031977946262670974,1.5418560883480041,1.091521015036595,0.023485504161488646,0.00015316128215361053,0.00011025029380107298,48.904258728027344
2026-08-27 03:19:00-04:00,gold,4651.200290235749,4651.718494666391,-0.00010749336,3.952255e-06,0.00020416305,0.00026646123,0.0003952255,UP,0.0003198857054972145,1.5418560883480041,1.091521015036595,0.023485504161488646,0.00015316128215361053,0.00011025029380107298,48.904258728027344
2026-08-27 03:20:00-04:00,gold,4651.500161565025,4651.22625522723,6.445541e-05,5.5673727e-06,0.00022783117,0.00027735924,0.00055673724,UP,0.0003205710703905213,1.5418560883480041,1.091521015036595,0.023485504161488646,0.00015316128215361053,0.00011025029380107298,48.904258728027344
2026-08-27 03:21:00-04:00,gold,4650.600043237209,4651.526616096497,-0.00019348369,5.702778e-06,0.00022166531,0.0002817117,0.0005702778,UP,0.00031881030102073134,1.5418560883480041,1.091521015036595,0.023485504161488646,0.00015316128215361053,0.00011025029380107298,48.904258728027344
2026-08-27 03:22:00-04:00,gold,4651.900153306604,4650.627262998198,0.00027945277,5.815226e-06,0.00026585886,0.00028902612,0.0005815226,UP,0.0003195452677207211,1.5418560883480041,1.091521015036595,0.023485504161488646,0.00015316128215361053,0.00011025029380107298,48.904258728027344
2026-08-27 03:23:00-04:00,gold,4650.899494716665,4651.925966178824,-0.00021498905,5.518673e-06,0.0002524826,0.00028537706,0.0005518673,UP,0.0003197124705846706,1.5418560883480041,1.091521015036595,0.023485504161488646,0.00015316128215361053,0.00011025029380107298,48.904258728027344
2026-08-27 03:24:00-04:00,gold,4650.600232673023,4650.923742854095,-6.4463726e-05,5.0476856e-06,0.00039749243,0.00027772423,0.00050476857,UP,0.00030526777452804057,1.5418560883480041,1.091521015036595,0.023485504161488646,0.00015316128215361053,0.00011025029380107298,48.904258728027344
2026-08-27 03:25:00-04:00,gold,4649.1999737564765,4650.617283892992,-0.00030106073,3.6239292e-06,0.00032299175,0.00026682383,0.00036239292,UP,0.00030856683236417577,1.5418560883480041,1.091521015036595,0.023485504161488646,0.00015316128215361053,0.00011025029380107298,48.904258728027344
2026-08-27 03:26:00-04:00,gold,4648.79976568924,4649.214605236659,-8.612403e-05,3.0619826e-06,0.0004126371,0.0002634556,0.00030619826,UP,0.00029818438142199664,1.5418560883480041,1.091521015036595,0.023485504161488646,0.00015316128215361053,0.00011025029380107298,48.904258728027344
2026-08-27 03:27:00-04:00,gold,4650.600335903815,4648.827513693599,0.00038718476,5.892445e-06,0.00048603566,0.0002809953,0.00058924453,UP,0.000307417135334635,1.5418560883480041,1.091521015036595,0.023485504161488646,0.00015316128215361053,0.00011025029380107298,48.904258728027344
2026-08-27 03:28:00-04:00,gold,4650.200101855939,4650.627262998198,-8.59931e-05,5.8262194e-06,0.00048603566,0.00029118356,0.00058262196,UP,0.0003072300130000983,1.5418560883480041,1.091521015036595,0.023485504161488646,0.00015316128215361053,0.00011025029380107298,48.904258728027344
2026-08-27 03:29:00-04:00,gold,4653.300104080699,4650.225695277331,0.0006663319,5.4492707e-06,0.00032185006,0.00029219443,0.0005449271,UP,0.00033089359767117624,1.5418560883480041,1.091521015036595,0.023485504161488646,0.00015316128215361053,0.00011025029380107298,48.904258728027344
2026-08-27 03:30:00-04:00,gold,4654.600060313009,4653.321993350051,0.00027939558,4.8136317e-06,0.00022769671,0.00029148388,0.00048136315,UP,0.00033089539026943124,1.5418560883480041,1.091521015036595,0.023485504161488646,0.00015316128215361053,0.00011025029380107298,48.904258728027344
2026-08-27 03:31:00-04:00,gold,4652.799816844839,4654.620073032798,-0.00038685199,4.305115e-06,0.00033425455,0.00029228724,0.00043051149,UP,0.00033805642347792763,1.5418560883480041,1.091521015036595,0.023485504161488646,0.00015316128215361053,0.00011025029380107298,48.904258728027344
2026-08-27 03:32:00-04:00,gold,4650.399804025306,4652.817553710192,-0.00051593053,3.780293e-06,0.00024751818,0.00028902886,0.0003780293,UP,0.0003490872433074622,1.5418560883480041,1.091521015036595,0.023485504161488646,0.00015316128215361053,0.00011025029380107298,48.904258728027344
2026-08-27 03:33:00-04:00,gold,4649.999923762138,4650.416533469805,-8.59968e-05,3.5557218e-06,0.00025776456,0.00028710774,0.00035557218,UP,0.0003471142947228183,1.5418560883480041,1.091521015036595,0.023485504161488646,0.00015316128215361053,0.00011025029380107298,48.904258728027344
2026-08-27 03:34:00-04:00,gold,4650.200110673904,4650.016629695892,4.3051827e-05,3.5846351e-06,0.00026830382,0.00028819792,0.0003584635,UP,0.0003361345888012855,1.5418560883480041,1.091521015036595,0.023485504161488646,0.00015316128215361053,0.00011025029380107298,48.904258728027344
2026-08-27 03:35:00-04:00,gold,4649.5003321472905,4650.21793441847,-0.0001505845,3.7460966e-06,0.0002541357,0.00029178927,0.00037460966,UP,0.0003215796164057127,1.5418560883480041,1.091521015036595,0.023485504161488646,0.00015316128215361053,0.00011025029380107298,48.904258728027344
2026-08-27 03:36:00-04:00,gold,4651.400015592575,4649.517182171345,0.00040854164,3.6818694e-06,0.00015460188,0.00028956964,0.00036818694,UP,0.0003330857958385611,1.5418560883480041,1.091521015036595,0.023485504161488646,0.00015316128215361053,0.00011025029380107298,48.904258728027344
2026-08-27 03:37:00-04:00,gold,4650.399602243444,4651.417646026239,-0.00021501216,3.7088212e-06,0.0001328977,0.00028831584,0.0003708821,UP,0.0003343388739769194,1.5418560883480041,1.091521015036595,0.023485504161488646,0.00015316128215361053,0.00011025029380107298,48.904258728027344
2026-08-27 03:38:00-04:00,gold,4649.5999451805255,4650.416533469805,-0.000172001,3.5641212e-06,9.9035075e-05,0.00028145206,0.0003564121,UP,0.00033489035262830754,1.5418560883480041,1.091521015036595,0.023485504161488646,0.00015316128215361053,0.00011025029380107298,48.904258728027344
2026-08-27 03:39:00-04:00,gold,4650.299593367963,4649.616171646456,0.00015047623,3.3999427e-06,0.000107127904,0.0002763907,0.00033999427,UP,0.0003305917551787176,1.5418560883480041,1.091521015036595,0.023485504161488646,0.00015316128215361053,0.00011025029380107298,48.904258728027344
2026-08-27 03:40:00-04:00,gold,4650.600267230766,4650.315326737706,6.457289e-05,3.261042e-06,0.00010755508,0.00027244037,0.0003261042,UP,0.0003305939517294674,1.5418560883480041,1.091521015036595,0.023485504161488646,0.00015316128215361053,0.00011025029380107298,48.904258728027344
2026-08-27 03:41:00-04:00,gold,4650.2996157106245,4650.613957524591,-6.457288e-05,2.997057e-06,9.6168864e-05,0.0002675217,0.0002997057,UP,0.0003297558625908461,1.5418560883480041,1.091521015036595,0.023485504161488646,0.00015316128215361053,0.00011025029380107298,48.904258728027344
2026-08-27 03:42:00-04:00,gold,4650.800390806631,4650.308120071539,0.00010751417,1.7943621e-06,0.0001272003,0.0002606829,0.0001794362,UP,0.00033060833187747855,1.5418560883480041,1.091521015036595,0.023485504161488646,0.00015316128215361053,0.00011025029380107298,48.904258728027344
2026-08-27 03:43:00-04:00,gold,4651.7007348159095,4650.803131198743,0.00019358034,6.99622e-07,0.0001180999,0.0002544706,6.9962196e-05,UP,0.00033191832262429214,1.5418560883480041,1.091521015036595,0.023485504161488646,0.00015316128215361053,0.00011025029380107298,48.904258728027344
2026-08-27 03:44:00-04:00,gold,4651.500011471449,4651.699918049562,-4.3037944e-05,-1.1768475e-07,0.00012118176,0.00024925044,-1.1768475e-05,DOWN,0.0003251019791445331,1.5418560883480041,1.091521015036595,0.023485504161488646,0.00015316128215361053,0.00011025029380107298,48.904258728027344
2026-08-27 03:45:00-04:00,gold,4651.6003648638725,4651.496118485928,2.1519203e-05,-8.1128724e-07,0.00012841747,0.00024251784,-8.1128725e-05,DOWN,0.00025757530097309975,1.5418560883480041,1.091521015036595,0.023485504161488646,0.00015316128215361053,0.00011025029380107298,48.904258728027344
2026-08-27 03:46:00-04:00,gold,4652.29989425221,4651.60009765625,0.00015041155,-2.4766905e-08,0.00017107288,0.00023317955,-2.4766905e-06,DOWN,0.00025367578158658487,1.5418560883480041,1.091521015036595,0.023485504161488646,0.00015316128215361053,0.00011025029380107298,48.904258728027344
2026-08-27 03:47:00-04:00,gold,4651.799835172424,4652.3036868689815,-0.0001074795,7.412482e-07,0.00028139728,0.00022515324,7.412482e-05,UP,0.00024932187659291614,1.5418560883480041,1.091521015036595,0.023485504161488646,0.00015316128215361053,0.00011025029380107298,48.904258728027344
2026-08-27 03:48:00-04:00,gold,4651.09997804719,4651.802022838499,-0.00015042773,5.0834046e-07,0.00026725422,0.000219708,5.0834045e-05,UP,0.00024832706368358646,1.5418560883480041,1.091521015036595,0.023485504161488646,0.00015316128215361053,0.00011025029380107298,48.904258728027344
2026-08-27 03:49:00-04:00,gold,4651.299701218028,4651.10342438228,4.2936666e-05,6.3032826e-07,0.00027559872,0.00021557439,6.303283e-05,UP,0.00024768891899069743,1.5418560883480041,1.091521015036595,0.023485504161488646,0.00015316128215361053,0.00011025029380107298,48.904258728027344
2026-08-27 03:50:00-04:00,gold,4651.700137908338,4651.303131556371,8.607774e-05,6.995165e-07,0.0003241143,0.0002123454,6.9951646e-05,UP,0.00024791208977586186,1.5418560883480041,1.091521015036595,0.023485504161488646,0.00015316128215361053,0.00011025029380107298,48.904258728027344
2026-08-27 03:51:00-04:00,gold,4650.100388161722,4651.704076993628,-0.0003440404,8.5179454e-07,0.0002476714,0.00020788527,8.5179454e-05,UP,0.0002534541894682097,1.5418560883480041,1.091521015036595,0.023485504161488646,0.00015316128215361053,0.00011025029380107298,48.904258728027344
2026-08-27 03:52:00-04:00,gold,4651.99980414327,4650.105086672411,0.0004084889,1.0625547e-06,0.00022608986,0.00020518313,0.00010625547,UP,0.00025944963492123855,1.5418560883480041,1.091521015036595,0.023485504161488646,0.00015316128215361053,0.00011025029380107298,48.904258728027344
2026-08-27 03:53:00-04:00,gold,4652.100375652313,4652.00554561615,2.151689e-05,1.0753533e-06,0.00031599778,0.00020521032,0.000107535336,UP,0.0002562422851631848,1.5418560883480041,1.091521015036595,0.023485504161488646,0.00015316128215361053,0.00011025029380107298,48.904258728027344
2026-08-27 03:54:00-04:00,gold,4651.600149603124,4652.105088818178,-0.000107484106,1.0397373e-06,0.00033651153,0.00020728345,0.00010397373,UP,0.00025678519452566797,1.5418560883480041,1.091521015036595,0.023485504161488646,0.00015316128215361053,0.00011025029380107298,48.904258728027344
2026-08-27 03:55:00-04:00,gold,4653.399495401012,4651.605088281736,0.00038684678,1.0264682e-06,0.00034151901,0.00020922082,0.00010264682,UP,0.0002590192922970676,1.5418560883480041,1.091521015036595,0.023485504161488646,0.00015316128215361053,0.00011025029380107298,48.904258728027344
2026-08-27 03:56:00-04:00,gold,4655.299847443763,4653.4037854432245,0.00040819932,9.0155504e-07,0.00035212684,0.000211273,9.01555e-05,UP,0.00026697387125409637,1.5418560883480041,1.091521015036595,0.023485504161488646,0.00015316128215361053,0.00011025029380107298,48.904258728027344
2026-08-27 03:57:00-04:00,gold,4655.900265978416,4655.305354237324,0.00012889803,1.2223027e-06,0.00035146996,0.0002198321,0.00012223027,UP,0.00025967366454654803,1.5418560883480041,1.091521015036595,0.023485504161488646,0.00015316128215361053,0.00011025029380107298,48.904258728027344
2026-08-27 03:58:00-04:00,gold,4654.399943174591,4655.906007635465,-0.00032222376,1.2838698e-06,0.0002814711,0.00022593791,0.00012838698,UP,0.00026703816758547023,1.5418560883480041,1.091521015036595,0.023485504161488646,0.00015316128215361053,0.00011025029380107298,48.904258728027344
2026-08-27 03:59:00-04:00,gold,4653.40006677818,4654.4037862776895,-0.00021487354,7.4662535e-07,0.0002412558,0.00022897823,7.466254e-05,UP,0.00024190681308333952,1.5418560883480041,1.091521015036595,0.023485504161488646,0.00015316128215361053,0.00011025029380107298,48.904258728027344
2026-08-27 04:00:00-04:00,gold,4655.299847443763,4653.402121257735,0.00040819932,4.956787e-07,0.00022449008,0.00023066036,4.956787e-05,UP,0.0002480902110126225,1.5418560883480041,1.091521015036595,0.023485504161488646,0.00015316128215361053,0.00011025029380107298,48.904258728027344
2026-08-27 04:01:00-04:00,gold,4657.39975434076,4655.301469552447,0.00045101802,3.237792e-07,0.00017610734,0.00023205548,3.237792e-05,UP,0.0002496188473338777,1.5418560883480041,1.091521015036595,0.023485504161488646,0.00015316128215361053,0.00011025029380107298,48.904258728027344
2026-08-27 04:02:00-04:00,gold,4657.800205389212,4657.39990234375,8.586018e-05,7.763947e-08,0.00018678038,0.00023393464,7.763947e-06,UP,0.0002271686909613163,1.5418560883480041,1.091521015036595,0.023485504161488646,0.00015316128215361053,0.00011025029380107298,48.904258728027344
2026-08-27 04:03:00-04:00,gold,4659.499989390606,4657.799527060997,0.00036495453,-5.9576223e-08,9.1835005e-05,0.00023368155,-5.9576223e-06,DOWN,0.0002325123225538798,1.5418560883480041,1.091521015036595,0.023485504161488646,0.00015316128215361053,0.00011025029380107298,48.904258728027344
2026-08-27 04:04:00-04:00,gold,4658.999812155962,4659.498333632946,-0.000107313404,-3.1670993e-07,0.00028359567,0.00023574039,-3.1670992e-05,DOWN,0.00023468041841840983,1.5418560883480041,1.091521015036595,0.023485504161488646,0.00015316128215361053,0.00011025029380107298,48.904258728027344
2026-08-27 04:05:00-04:00,gold,4659.6003831624985,4658.99777841568,0.00012879565,-4.5332376e-07,0.00026685564,0.00023951282,-4.5332377e-05,DOWN,0.0002314318680246658,1.5418560883480041,1.091521015036595,0.023485504161488646,0.00015316128215361053,0.00011025029380107298,48.904258728027344
2026-08-27 04:06:00-04:00,gold,4659.60009765625,4659.597598051972,0.0,-5.933823e-07,0.00026320043,0.00024231902,-5.9338232e-05,DOWN,0.000222823297035612,1.5418560883480041,1.091521015036595,0.023485504161488646,0.00015316128215361053,0.00011025029380107298,48.904258728027344
2026-08-27 04:07:00-04:00,gold,4659.399851580238,4659.596209382929,-4.2964977e-05,-8.156578e-07,0.0002815645,0.00023975167,-8.1565784e-05,DOWN,0.00021769057948075883,1.5418560883480041,1.091521015036595,0.023485504161488646,0.00015316128215361053,0.00011025029380107298,48.904258728027344
2026-08-27 04:08:00-04:00,gold,4659.700397413631,4659.396014237485,6.444678e-05,-8.2268866e-07,0.00028456908,0.00023527817,-8.226887e-05,DOWN,0.000213065476046605,1.5418560883480041,1.091521015036595,0.023485504161488646,0.00015316128215361053,0.00011025029380107298,48.904258728027344
2026-08-27 04:09:00-04:00,gold,4656.9997314811335,4659.698528873851,-0.00057964626,-3.3835e-07,0.0001293658,0.00022910403,-3.3835e-05,DOWN,0.00024336218522064108,1.5418560883480041,1.091521015036595,0.023485504161488646,0.00015316128215361053,0.00011025029380107298,48.904258728027344
2026-08-27 04:10:00-04:00,gold,4657.10048353672,4657.001110315323,2.1493788e-05,1.3541444e-07,0.00018410238,0.00022653317,1.3541444e-05,UP,0.00024338824711599537,1.5418560883480041,1.091521015036595,0.023485504161488646,0.00015316128215361053,0.00011025029380107298,48.904258728027344
2026-08-27 04:11:00-04:00,gold,4656.89995901761,4657.103428673814,-4.2988042e-05,5.8652085e-07,0.00017772536,0.00022175051,5.8652084e-05,UP,0.0002430800421756478,1.5418560883480041,1.091521015036595,0.023485504161488646,0.00015316128215361053,0.00011025029380107298,48.904258728027344
2026-08-27 04:12:00-04:00,gold,4657.40008864546,4656.903233218123,0.000107361804,7.3335923e-07,0.00020290971,0.00021699969,7.333592e-05,UP,0.0002430787421116582,1.5418560883480041,1.091521015036595,0.023485504161488646,0.00015316128215361053,0.00011025029380107298,48.904258728027344
2026-08-27 04:13:00-04:00,gold,4657.800205389212,4657.404899191752,8.586018e-05,9.97421e-07,0.00026488327,0.00021289712,9.97421e-05,UP,0.00024163437304968724,1.5418560883480041,1.091521015036595,0.023485504161488646,0.00015316128215361053,0.00011025029380107298,48.904258728027344
2026-08-27 04:14:00-04:00,gold,4656.799794024439,4657.805357217556,-0.00021471668,1.105273e-06,0.00026013108,0.00020991893,0.0001105273,UP,0.0002457566018701562,1.5418560883480041,1.091521015036595,0.023485504161488646,0.00015316128215361053,0.00011025029380107298,48.904258728027344
2026-08-27 04:15:00-04:00,gold,4658.099928038428,4656.805911159259,0.0002791856,1.2830601e-06,0.00030817415,0.00020839917,0.00012830601,UP,0.0002496344450229186,1.5418560883480041,1.091521015036595,0.023485504161488646,0.00015316128215361053,0.00011025029380107298,48.904258728027344
2026-08-27 04:16:00-04:00,gold,4658.399953610031,4658.107316410693,6.4359934e-05,1.4883233e-06,0.0002947961,0.00020711981,0.00014883233,UP,0.00024889333670471693,1.5418560883480041,1.091521015036595,0.023485504161488646,0.00015316128215361053,0.00011025029380107298,48.904258728027344
2026-08-27 04:17:00-04:00,gold,4659.699917098449,4658.407676887349,0.00027908973,1.6881324e-06,0.00021763117,0.00020611117,0.00016881325,UP,0.0002507968745027964,1.5418560883480041,1.091521015036595,0.023485504161488646,0.00015316128215361053,0.00011025029380107298,48.904258728027344
2026-08-27 04:18:00-04:00,gold,4658.399817686412,4659.709082985297,-0.0002790897,1.8551336e-06,0.00026968782,0.00020648971,0.00018551336,UP,0.00025551341680549476,1.5418560883480041,1.091521015036595,0.023485504161488646,0.00015316128215361053,0.00011025029380107298,48.904258728027344
2026-08-27 04:19:00-04:00,gold,4657.500276584411,4658.409342860978,-0.00019319708,1.9912686e-06,0.00029602528,0.00020580829,0.00019912687,UP,0.00025941867660048807,1.5418560883480041,1.091521015036595,0.023485504161488646,0.00015316128215361053,0.00011025029380107298,48.904258728027344
2026-08-27 04:20:00-04:00,gold,4655.099795758724,4657.5099939107895,-0.0005154097,2.188586e-06,0.00010993487,0.00020438788,0.0002188586,UP,0.0002786132469086824,1.5418560883480041,1.091521015036595,0.023485504161488646,0.00015316128215361053,0.00011025029380107298,48.904258728027344
2026-08-27 04:21:00-04:00,gold,4654.89976750192,4655.111751210934,-4.3006512e-05,2.4511423e-06,0.00017153243,0.00020506771,0.00024511424,UP,0.00027018249864630355,1.5418560883480041,1.091521015036595,0.023485504161488646,0.00015316128215361053,0.00011025029380107298,48.904258728027344
2026-08-27 04:22:00-04:00,gold,4655.100223882764,4654.912110304576,4.3006512e-05,2.6896098e-06,0.00019531192,0.0002060571,0.00026896098,UP,0.000260807196669452,1.5418560883480041,1.091521015036595,0.023485504161488646,0.00015316128215361053,0.00011025029380107298,48.904258728027344
2026-08-27 04:23:00-04:00,gold,4656.000196022796,4655.11341600446,0.00019329667,2.872737e-06,0.00017073796,0.00020813978,0.0002872737,UP,0.0002626702513283409,1.5418560883480041,1.091521015036595,0.023485504161488646,0.00015316128215361053,0.00011025029380107298,48.904258728027344
2026-08-27 04:24:00-04:00,gold,4657.0001792907715,4656.013320922852,0.00021475357,2.784535e-06,9.557813e-05,0.00020936913,0.0002784535,UP,0.00026352816986888883,1.5418560883480041,1.091521015036595,0.023485504161488646,0.00015316128215361053,0.00011025029380107298,48.904258728027344
2026-08-27 04:25:00-04:00,gold,4657.200411915779,4657.012213468552,4.2987114e-05,2.5547806e-06,5.4747623e-05,0.00020987431,0.00025547805,UP,0.0002552070187198259,1.5418560883480041,1.091521015036595,0.023485504161488646,0.00015316128215361053,0.00011025029380107298,48.904258728027344
2026-08-27 04:26:00-04:00,gold,4656.200035792368,4657.211298943032,-0.00021474433,2.3021717e-06,0.00011823039,0.00021069894,0.00023021716,UP,0.0002483883132797436,1.5418560883480041,1.091521015036595,0.023485504161488646,0.00015316128215361053,0.00011025029380107298,48.904258728027344
2026-08-27 04:27:00-04:00,gold,4655.499984199239,4656.210186434211,-0.00015039044,2.2000759e-06,0.00014614787,0.00021159722,0.00022000758,UP,0.00024887473375135156,1.5418560883480041,1.091521015036595,0.023485504161488646,0.00015316128215361053,0.00011025029380107298,48.904258728027344
2026-08-27 04:28:00-04:00,gold,4655.09986025095,4655.509989619255,-8.590259e-05,2.0989924e-06,0.00015232335,0.0002107114,0.00020989924,UP,0.00024206598315952728,1.5418560883480041,1.091521015036595,0.023485504161488646,0.00015316128215361053,0.00011025029380107298,48.904258728027344
2026-08-27 04:29:00-04:00,gold,4654.699992278765,4655.110086417408,-8.590997e-05,2.0829948e-06,0.00019477234,0.00020793026,0.00020829948,UP,0.0002391541704626097,1.5418560883480041,1.091521015036595,0.023485504161488646,0.00015316128215361053,0.00011025029380107298,48.904258728027344
2026-08-27 04:30:00-04:00,gold,4654.200245275977,4654.710738099064,-0.000107424064,2.2176873e-06,0.00019724555,0.00020408344,0.00022176873,UP,0.00022775212336347022,1.5418560883480041,1.091521015036595,0.023485504161488646,0.00015316128215361053,0.00011025029380107298,48.904258728027344
2026-08-27 04:31:00-04:00,gold,4654.899828248774,4654.211846614373,0.00015032753,2.468939e-06,0.0001294296,0.00019921217,0.0002468939,UP,0.00021299304593323798,1.5418560883480041,1.091521015036595,0.023485504161488646,0.00015316128215361053,0.00011025029380107298,48.904258728027344
2026-08-27 04:32:00-04:00,gold,4653.7001927389065,4654.913220119197,-0.00025776314,2.8278205e-06,0.00022366008,0.00019345574,0.00028278204,UP,0.00021643253611981823,1.5418560883480041,1.091521015036595,0.023485504161488646,0.00015316128215361053,0.00011025029380107298,48.904258728027344
2026-08-27 04:33:00-04:00,gold,4653.799498121138,4653.71517394844,2.1404108e-05,3.1901375e-06,0.00021738745,0.00018776445,0.00031901375,UP,0.00020355247354495546,1.5418560883480041,1.091521015036595,0.023485504161488646,0.00015316128215361053,0.00011025029380107298,48.904258728027344
2026-08-27 04:34:00-04:00,gold,4652.2994125399855,4653.815893196384,-0.0003223692,3.477892e-06,0.00017982256,0.00018348434,0.0003477892,UP,0.0002096688661408996,1.5418560883480041,1.091521015036595,0.023485504161488646,0.00015316128215361053,0.00011025029380107298,48.904258728027344
2026-08-27 04:35:00-04:00,gold,4651.499798003642,4652.316442608135,-0.00017193076,3.5801445e-06,0.00019498139,0.00018283213,0.00035801445,UP,0.00020810984498686246,1.5418560883480041,1.091521015036595,0.023485504161488646,0.00015316128215361053,0.00011025029380107298,48.904258728027344
2026-08-27 04:36:00-04:00,gold,4650.6998535990715,4651.517189562321,-0.00017196033,3.6300562e-06,0.00019139018,0.00018196637,0.00036300562,UP,0.00020882468705322568,1.5418560883480041,1.091521015036595,0.023485504161488646,0.00015316128215361053,0.00011025029380107298,48.904258728027344
2026-08-27 04:37:00-04:00,gold,4651.89993133815,4650.717381919152,0.0002579294,3.6615554e-06,0.000170879,0.0001813619,0.00036615555,UP,0.0002169257009451659,1.5418560883480041,1.091521015036595,0.023485504161488646,0.00015316128215361053,0.00011025029380107298,48.904258728027344
2026-08-27 04:38:00-04:00,gold,4651.600168240402,4651.917093383905,-6.4449865e-05,3.6237866e-06,0.00024492768,0.00018169844,0.00036237866,UP,0.0002157788844780858,1.5418560883480041,1.091521015036595,0.023485504161488646,0.00015316128215361053,0.00011025029380107298,48.904258728027344
2026-08-27 04:39:00-04:00,gold,4651.7997226757,4651.61728758848,4.2932053e-05,3.6801987e-06,0.00034945106,0.00018148267,0.00036801986,UP,0.00019258256344805908,1.5418560883480041,1.091521015036595,0.023485504161488646,0.00015316128215361053,0.00011025029380107298,48.904258728027344
2026-08-27 04:40:00-04:00,gold,4650.700156329549,4651.817549895495,-0.00023641158,3.7925984e-06,0.00035262757,0.00017990592,0.00037925984,UP,0.00019560283223014473,1.5418560883480041,1.091521015036595,0.023485504161488646,0.00015316128215361053,0.00011025029380107298,48.904258728027344
2026-08-27 04:41:00-04:00,gold,4651.3998565252405,4650.7184907324845,0.00015044064,3.8757967e-06,0.0003625324,0.00017963351,0.00038757967,UP,0.00019886061077253447,1.5418560883480041,1.091521015036595,0.023485504161488646,0.00015316128215361053,0.00011025029380107298,48.904258728027344
2026-08-27 04:42:00-04:00,gold,4650.2997940294445,4651.417646026239,-0.00023653691,3.844962e-06,0.00034582245,0.00017990953,0.0003844962,UP,0.0002000180905980375,1.5418560883480041,1.091521015036595,0.023485504161488646,0.00015316128215361053,0.00011025029380107298,48.904258728027344
2026-08-27 04:43:00-04:00,gold,4651.799899968086,4650.317544173449,0.00032250784,3.7542736e-06,0.00032373064,0.00018134185,0.00037542736,UP,0.0002100146987104529,1.5418560883480041,1.091521015036595,0.023485504161488646,0.00015316128215361053,0.00011025029380107298,48.904258728027344
2026-08-27 04:44:00-04:00,gold,4649.200131716207,4651.815886282246,-0.00055899564,3.5139815e-06,0.0001191602,0.00018245346,0.00035139814,UP,0.00022832080037875585,1.5418560883480041,1.091521015036595,0.023485504161488646,0.00015316128215361053,0.00011025029380107298,48.904258728027344
2026-08-27 04:45:00-04:00,gold,4649.700663063093,4649.215159464511,0.0001075396,3.182317e-06,0.00012938012,0.0001904574,0.0003182317,UP,0.00022172632614481764,1.5418560883480041,1.091521015036595,0.023485504161488646,0.00015316128215361053,0.00011025029380107298,48.904258728027344
2026-08-27 04:46:00-04:00,gold,4650.700129884761,4649.714052498923,0.0002150445,2.9047892e-06,0.000120300414,0.00019618109,0.00029047893,UP,0.0002263042856486628,1.5418560883480041,1.091521015036595,0.023485504161488646,0.00015316128215361053,0.00011025029380107298,48.904258728027344
2026-08-27 04:47:00-04:00,gold,4650.399706899421,4650.71183785249,-6.457149e-05,2.5369754e-06,0.00012025558,0.00020094989,0.00025369754,UP,0.00021732133623283303,1.5418560883480041,1.091521015036595,0.023485504161488646,0.00015316128215361053,0.00011025029380107298,48.904258728027344
2026-08-27 04:48:00-04:00,gold,4651.399987390498,4650.410435390251,0.00021501213,2.2394129e-06,0.00010681869,0.00020424368,0.00022394129,UP,0.00021937574529065998,1.5418560883480041,1.091521015036595,0.023485504161488646,0.00015316128215361053,0.00011025029380107298,48.904258728027344
2026-08-27 04:49:00-04:00,gold,4651.600073261827,4651.409328675072,4.303887e-05,1.918243e-06,0.000106818785,0.00020653756,0.0001918243,UP,0.00021829988220360659,1.5418560883480041,1.091521015036595,0.023485504161488646,0.00015316128215361053,0.00011025029380107298,48.904258728027344
2026-08-27 04:50:00-04:00,gold,4652.60044080927,4651.607860851451,0.00021495666,1.6186422e-06,6.2641084e-05,0.0002087867,0.00016186421,UP,0.00020397725947683386,1.5418560883480041,1.091521015036595,0.023485504161488646,0.00015316128215361053,0.00011025029380107298,48.904258728027344
2026-08-27 04:51:00-04:00,gold,4652.899599558441,4652.606198620924,6.443602e-05,1.332085e-06,0.00010808102,0.00021038471,0.00013320851,UP,0.0002044636733545128,1.5418560883480041,1.091521015036595,0.023485504161488646,0.00015316128215361053,0.00011025029380107298,48.904258728027344
2026-08-27 04:52:00-04:00,gold,4652.600103807781,4652.905449032667,-6.443602e-05,1.1269472e-06,0.00010008863,0.00020829227,0.00011269472,UP,0.000204366127877694,1.5418560883480041,1.091521015036595,0.023485504161488646,0.00015316128215361053,0.00011025029380107298,48.904258728027344
2026-08-27 04:53:00-04:00,gold,4652.500263688853,4652.60508935462,-2.151458e-05,1.0488038e-06,0.00018952679,0.00020571507,0.00010488038,UP,0.000200436479048498,1.5418560883480041,1.091521015036595,0.023485504161488646,0.00015316128215361053,0.00011025029380107298,48.904258728027344
2026-08-27 04:54:00-04:00,gold,4652.700218260288,4652.505546212196,4.3028693e-05,1.0898912e-06,0.00025489056,0.0002012007,0.000108989116,UP,0.00019574830001314888,1.5418560883480041,1.091521015036595,0.023485504161488646,0.00015316128215361053,0.00011025029380107298,48.904258728027344
2026-08-27 04:55:00-04:00,gold,4653.1000944186235,4652.705741763348,8.594691e-05,1.1444188e-06,0.00024902352,0.00019676684,0.00011444188,UP,0.00019646238510341826,1.5418560883480041,1.091521015036595,0.023485504161488646,0.00015316128215361053,0.00011025029380107298,48.904258728027344
2026-08-27 04:56:00-04:00,gold,4654.100208696851,4653.106199276575,0.00021488739,1.2620987e-06,0.00030866035,0.00019232866,0.00012620988,UP,0.00019813489842802502,1.5418560883480041,1.091521015036595,0.023485504161488646,0.00015316128215361053,0.00011025029380107298,48.904258728027344
2026-08-27 04:57:00-04:00,gold,4655.000002665329,4654.105645775911,0.0001933382,1.2276514e-06,0.00042732077,0.0001914088,0.00012276514,UP,0.00019996768503959596,1.5418560883480041,1.091521015036595,0.023485504161488646,0.00015316128215361053,0.00011025029380107298,48.904258728027344
2026-08-27 04:58:00-04:00,gold,4653.799709677696,4655.005549192429,-0.00025786253,1.1332311e-06,0.00045013707,0.00019399448,0.000113323105,UP,0.00020481385340767692,1.5418560883480041,1.091521015036595,0.023485504161488646,0.00015316128215361053,0.00011025029380107298,48.904258728027344
2026-08-27 04:59:00-04:00,gold,4652.2994125399855,4653.803688120679,-0.0003223692,8.463119e-07,0.0004556593,0.00019764209,8.463119e-05,UP,0.00021227542662734806,1.5418560883480041,1.091521015036595,0.023485504161488646,0.00015316128215361053,0.00011025029380107298,48.904258728027344
2026-08-27 05:00:00-04:00,gold,4651.899662696233,4652.303132271627,-8.5961685e-05,6.841974e-07,0.0004652017,0.0001998544,6.8419744e-05,UP,0.00021199679741472978,1.5418560883480041,1.091521015036595,0.023485504161488646,0.00015316128215361053,0.00011025029380107298,48.904258728027344
2026-08-27 05:01:00-04:00,gold,4653.79978955572,4651.9032296418445,0.00040833093,6.836842e-07,0.00045850623,0.0002019543,6.836842e-05,UP,0.0002239004719120224,1.5418560883480041,1.091521015036595,0.023485504161488646,0.00015316128215361053,0.00011025029380107298,48.904258728027344
2026-08-27 05:02:00-04:00,gold,4650.200416906737,4653.803133344511,-0.0007737768,6.242128e-07,0.00032217836,0.00020477359,6.2421284e-05,UP,0.00026054886751202385,1.5418560883480041,1.091521015036595,0.023485504161488646,0.00015316128215361053,0.00011025029380107298,48.904258728027344
2026-08-27 05:03:00-04:00,gold,4647.799595362449,4650.204075741931,-0.0005163241,7.691035e-07,0.00019911435,0.00021115033,7.691035e-05,UP,0.0002753128427911877,1.5418560883480041,1.091521015036595,0.023485504161488646,0.00015316128215361053,0.00011025029380107298,48.904258728027344
2026-08-27 05:04:00-04:00,gold,4647.5003347641905,4647.807561540278,-6.450673e-05,1.661426e-06,0.00019653428,0.00022055635,0.0001661426,UP,0.00027026990241288385,1.5418560883480041,1.091521015036595,0.023485504161488646,0.00015316128215361053,0.00011025029380107298,48.904258728027344
2026-08-27 05:05:00-04:00,gold,4647.600278556347,4647.508310377598,2.1537724e-05,1.8394753e-06,0.00023684799,0.00022886624,0.00018394753,UP,0.0002691806787232205,1.5418560883480041,1.091521015036595,0.023485504161488646,0.00015316128215361053,0.00011025029380107298,48.904258728027344
2026-08-27 05:06:00-04:00,gold,4649.400164212857,4647.607300138625,0.00038717967,1.4566958e-06,0.00025917005,0.00023397835,0.00014566959,UP,0.0002780781349273855,1.5418560883480041,1.091521015036595,0.023485504161488646,0.00015316128215361053,0.00011025029380107298,48.904258728027344
2026-08-27 05:07:00-04:00,gold,4649.00000977164,4649.404890608683,-8.60153e-05,1.0457873e-06,0.00026482367,0.00023807742,0.00010457873,UP,0.00027373651563537523,1.5418560883480041,1.091521015036595,0.023485504161488646,0.00015316128215361053,0.00011025029380107298,48.904258728027344
2026-08-27 05:08:00-04:00,gold,4648.700452744961,4649.00387942791,-6.4490065e-05,8.889758e-07,0.00026184123,0.00024252039,8.8897585e-05,UP,0.0002737367370262482,1.5418560883480041,1.091521015036595,0.023485504161488646,0.00015316128215361053,0.00011025029380107298,48.904258728027344
2026-08-27 05:09:00-04:00,gold,4649.4998600938125,4648.704074490233,0.0001720343,7.506569e-07,0.00026184123,0.00024393419,7.506569e-05,UP,0.00027577994060165394,1.5418560883480041,1.091521015036595,0.023485504161488646,0.00015316128215361053,0.00011025029380107298,48.904258728027344
2026-08-27 05:10:00-04:00,gold,4651.400015592575,4649.502771317959,0.00040854164,5.669822e-07,8.912812e-05,0.00024201511,5.669822e-05,UP,0.00028308819008135715,1.5418560883480041,1.091521015036595,0.023485504161488646,0.00015316128215361053,0.00011025029380107298,48.904258728027344
2026-08-27 05:11:00-04:00,gold,4650.200263060484,4651.402120304061,-0.00025795712,4.721512e-07,0.00017047646,0.00023996986,4.7215122e-05,UP,0.00028566233255414286,1.5418560883480041,1.091521015036595,0.023485504161488646,0.00015316128215361053,0.00011025029380107298,48.904258728027344
2026-08-27 05:12:00-04:00,gold,4649.60011461837,4650.203521394869,-0.00012905603,6.085345e-07,0.00017209905,0.00023772304,6.085345e-05,UP,0.00028336996165898433,1.5418560883480041,1.091521015036595,0.023485504161488646,0.00015316128215361053,0.00011025029380107298,48.904258728027344
2026-08-27 05:13:00-04:00,gold,4649.499773786345,4649.60397758492,-2.1528462e-05,8.730324e-07,0.00022022596,0.00023495844,8.730324e-05,UP,0.0002765367401755019,1.5418560883480041,1.091521015036595,0.023485504161488646,0.00015316128215361053,0.00011025029380107298,48.904258728027344
2026-08-27 05:14:00-04:00,gold,4648.699920505285,4649.505542635918,-0.0001720343,1.2220946e-06,0.00020946619,0.00023125991,0.00012220946,UP,0.0002588255814361311,1.5418560883480041,1.091521015036595,0.023485504161488646,0.00015316128215361053,0.00011025029380107298,48.904258728027344
2026-08-27 05:15:00-04:00,gold,4648.299808753596,4648.707953667967,-8.613329e-05,1.6300637e-06,0.00022200064,0.00022762029,0.00016300636,UP,0.0002583739345879463,1.5418560883480041,1.091521015036595,0.023485504161488646,0.00015316128215361053,0.00011025029380107298,48.904258728027344
2026-08-27 05:16:00-04:00,gold,4649.500029728049,4648.309224736295,0.0002581676,1.9274094e-06,0.00018715751,0.0002231077,0.00019274093,UP,0.0002597857622881071,1.5418560883480041,1.091521015036595,0.023485504161488646,0.00015316128215361053,0.00011025029380107298,48.904258728027344
2026-08-27 05:17:00-04:00,gold,4650.100267469883,4649.507759690285,0.0001290588,1.6829491e-06,0.00018035497,0.00021913821,0.00016829491,UP,0.00026075018496350406,1.5418560883480041,1.091521015036595,0.023485504161488646,0.00015316128215361053,0.00011025029380107298,48.904258728027344
2026-08-27 05:18:00-04:00,gold,4648.799904611224,4650.107304012927,-0.00027966595,1.5239593e-06,0.00010425968,0.00021849944,0.00015239594,UP,0.00026218118350710925,1.5418560883480041,1.091521015036595,0.023485504161488646,0.00015316128215361053,0.00011025029380107298,48.904258728027344
2026-08-27 05:19:00-04:00,gold,4648.399963729491,4648.805900668842,-8.6026404e-05,1.2538703e-06,7.664165e-05,0.00021678458,0.00012538703,UP,0.00026219366842360523,1.5418560883480041,1.091521015036595,0.023485504161488646,0.00015316128215361053,0.00011025029380107298,48.904258728027344
2026-08-27 05:20:00-04:00,gold,4649.300367574848,4648.404889535799,0.00019357525,1.0602282e-06,8.105346e-05,0.00021525801,0.000106022824,UP,0.00026155288182308907,1.5418560883480041,1.091521015036595,0.023485504161488646,0.00015316128215361053,0.00011025029380107298,48.904258728027344
2026-08-27 05:21:00-04:00,gold,4649.400122078019,4649.30479284504,2.1529386e-05,1.0390359e-06,8.919887e-05,0.00021404552,0.000103903585,UP,0.00026117178206993495,1.5418560883480041,1.091521015036595,0.023485504161488646,0.00015316128215361053,0.00011025029380107298,48.904258728027344
2026-08-27 05:22:00-04:00,gold,4649.800072041689,4649.404890608683,8.600791e-05,1.0362075e-06,0.00022640274,0.00021259382,0.000103620754,UP,0.0002618330246216685,1.5418560883480041,1.091521015036595,0.023485504161488646,0.00015316128215361053,0.00011025029380107298,48.904258728027344
2026-08-27 05:23:00-04:00,gold,4649.7998046875,4649.804793381481,0.0,1.065768e-06,0.00037454622,0.0002150516,0.000106576794,UP,0.0002618582958429221,1.5418560883480041,1.091521015036595,0.023485504161488646,0.00015316128215361053,0.00011025029380107298,48.904258728027344
2026-08-27 05:24:00-04:00,gold,4649.9999067460885,4649.805347680813,4.3053682e-05,1.0691379e-06,0.00037676073,0.00021533215,0.00010691379,UP,0.0002618585010388727,1.5418560883480041,1.091521015036595,0.023485504161488646,0.00015316128215361053,0.00011025029380107298,48.904258728027344
2026-08-27 05:25:00-04:00,gold,4649.399945139885,4650.0060975551605,-0.00012906159,1.2669711e-06,0.00037460215,0.00021646313,0.00012669711,UP,0.0002618202944307846,1.5418560883480041,1.091521015036595,0.023485504161488646,0.00015316128215361053,0.00011025029380107298,48.904258728027344
2026-08-27 05:26:00-04:00,gold,4649.800072041689,4649.408770370297,8.600791e-05,1.8841209e-06,0.00037546514,0.00022300727,0.00018841209,UP,0.00025876205566929985,1.5418560883480041,1.091521015036595,0.023485504161488646,0.00015316128215361053,0.00011025029380107298,48.904258728027344
2026-08-27 05:27:00-04:00,gold,4647.599790641689,4649.808119177469,-0.00047318757,1.8155174e-06,0.00034023673,0.00022780686,0.00018155175,UP,0.00026732125646102326,1.5418560883480041,1.091521015036595,0.023485504161488646,0.00015316128215361053,0.00011025029380107298,48.904258728027344
2026-08-27 05:28:00-04:00,gold,4650.200193793571,4647.605638027308,0.0005592931,1.2132448e-06,0.00029481464,0.00023381885,0.000121324476,UP,0.00028667087765530796,1.5418560883480041,1.091521015036595,0.023485504161488646,0.00015316128215361053,0.00011025029380107298,48.904258728027344
2026-08-27 05:29:00-04:00,gold,4650.700770709082,4650.202412700746,0.00010751647,5.086513e-07,0.00029990028,0.00024583237,5.086513e-05,UP,0.0002820417151008421,1.5418560883480041,1.091521015036595,0.023485504161488646,0.00015316128215361053,0.00011025029380107298,48.904258728027344
2026-08-27 05:30:00-04:00,gold,4650.2003977029235,4650.719599545817,-0.00010751646,4.0504933e-06,0.000306023,0.00026557458,0.00040504933,UP,0.00028226547622971053,1.5418560883480041,1.091521015036595,0.023485504161488646,0.00015316128215361053,0.00011025029380107298,48.904258728027344
2026-08-27 05:31:00-04:00,gold,4650.700770709082,4650.2268039714545,0.00010751647,5.7437996e-06,0.00028171277,0.00029314426,0.00057438,UP,0.00027196435419019505,1.5418560883480041,1.091521015036595,0.023485504161488646,0.00015316128215361053,0.00011025029380107298,48.904258728027344
2026-08-27 05:32:00-04:00,gold,4649.000107270607,4650.724589205813,-0.00036564516,5.1740667e-06,0.00052317034,0.0003090282,0.0005174067,UP,0.00024161069944080512,1.5418560883480041,1.091521015036595,0.023485504161488646,0.00015316128215361053,0.00011025029380107298,48.904258728027344
2026-08-27 05:33:00-04:00,gold,4646.3996748924255,4649.023276567459,-0.0005594375,4.9431665e-06,0.0005539332,0.00032727502,0.0004943166,UP,0.00024483897187156385,1.5418560883480041,1.091521015036595,0.023485504161488646,0.00015316128215361053,0.00011025029380107298,48.904258728027344
2026-08-27 05:34:00-04:00,gold,4646.999769579677,4646.419842528878,0.0001291449,4.2502597e-06,0.0006013284,0.00032810442,0.00042502597,UP,0.00024590333786063466,1.5418560883480041,1.091521015036595,0.023485504161488646,0.00015316128215361053,0.00011025029380107298,48.904258728027344
2026-08-27 05:35:00-04:00,gold,4645.499584257603,4647.016065001488,-0.000322841,3.3899723e-06,0.00060130743,0.00031331182,0.00033899723,UP,0.0002526352303460412,1.5418560883480041,1.091521015036595,0.023485504161488646,0.00015316128215361053,0.00011025029380107298,48.904258728027344
2026-08-27 05:36:00-04:00,gold,4642.899694293737,4645.513844668865,-0.0005598591,2.982046e-06,0.0005972628,0.0002961478,0.0002982046,UP,0.0002596979396153181,1.5418560883480041,1.091521015036595,0.023485504161488646,0.00015316128215361053,0.00011025029380107298,48.904258728027344
2026-08-27 05:37:00-04:00,gold,4636.799757805624,4642.915399694117,-0.001314719,3.36123e-06,0.0002764859,0.0002910497,0.000336123,UP,0.0003478989471821593,1.5418560883480041,1.091521015036595,0.023485504161488646,0.00015316128215361053,0.00011025029380107298,48.904258728027344
2026-08-27 05:38:00-04:00,gold,4636.299842664797,4636.872214886476,-0.0001078388,1.558059e-05,0.00027309955,0.00038814938,0.001558059,UP,0.0003478899681377967,1.5418560883480041,1.091521015036595,0.023485504161488646,0.00015316128215361053,0.00011025029380107298,48.904258728027344
2026-08-27 05:39:00-04:00,gold,4637.700321162352,4636.424712628825,0.00030200358,2.7014023e-05,0.00020879148,0.0004181058,0.0027014022,UP,0.0003520382972244499,1.5418560883480041,1.091521015036595,0.023485504161488646,0.00015316128215361053,0.00011025029380107298,48.904258728027344
2026-08-27 05:40:00-04:00,gold,4636.200294419541,4637.832880979404,-0.00032348846,2.8657389e-05,0.00017163127,0.00042125664,0.002865739,UP,0.00034189371137369055,1.5418560883480041,1.091521015036595,0.023485504161488646,0.00015316128215361053,0.00011025029380107298,48.904258728027344
2026-08-27 05:41:00-04:00,gold,4635.100089491752,4636.33670681098,-0.00023731249,2.9446212e-05,0.000117556025,0.00042169215,0.0029446213,UP,0.00034160443220706925,1.5418560883480041,1.091521015036595,0.023485504161488646,0.00015316128215361053,0.00011025029380107298,48.904258728027344
2026-08-27 05:42:00-04:00,gold,4636.099655160506,4635.228841104836,0.00021572178,2.7813316e-05,9.812905e-05,0.0004150757,0.0027813315,UP,0.0003466471430672445,1.5418560883480041,1.091521015036595,0.023485504161488646,0.00015316128215361053,0.00011025029380107298,48.904258728027344
2026-08-27 05:43:00-04:00,gold,4635.999788741145,4636.212841560831,-2.159115e-05,2.4258356e-05,0.00010891385,0.00040309702,0.0024258355,UP,0.0003466466734865376,1.5418560883480041,1.091521015036595,0.023485504161488646,0.00015316128215361053,0.00011025029380107298,48.904258728027344
2026-08-27 05:44:00-04:00,gold,4635.600430965424,4636.0950565338135,-8.626393e-05,2.0478905e-05,0.00014896985,0.00039110807,0.0020478906,UP,0.0003463590056455973,1.5418560883480041,1.091521015036595,0.023485504161488646,0.00015316128215361053,0.00011025029380107298,48.904258728027344
2026-08-27 05:45:00-04:00,gold,4636.000184830511,4635.664752627781,8.6263935e-05,1.4010497e-05,0.0001687607,0.00037278066,0.0014010497,UP,0.0003479207901862728,1.5418560883480041,1.091521015036595,0.023485504161488646,0.00015316128215361053,0.00011025029380107298,48.904258728027344
2026-08-27 05:46:00-04:00,gold,4636.5001521110535,4636.042001724243,0.000107845786,8.99816e-06,0.00033105517,0.00035816067,0.00089981605,UP,0.00034381677615255037,1.5418560883480041,1.091521015036595,0.023485504161488646,0.00015316128215361053,0.00011025029380107298,48.904258728027344
2026-08-27 05:47:00-04:00,gold,4636.0000703036785,4636.517134130001,-0.00010784578,3.6305637e-06,0.0003385425,0.00034186785,0.00036305637,UP,0.0003412450535023275,1.5418560883480041,1.091521015036595,0.023485504161488646,0.00015316128215361053,0.00011025029380107298,48.904258728027344
2026-08-27 05:48:00-04:00,gold,4636.5001521110535,4636.00607919693,0.000107845786,1.3686533e-06,0.00044218547,0.00031958273,0.00013686533,UP,0.00034159023446603753,1.5418560883480041,1.091521015036595,0.023485504161488646,0.00015316128215361053,0.00011025029380107298,48.904258728027344
2026-08-27 05:49:00-04:00,gold,4635.500140607357,4636.504974424839,-0.0002157032,9.89053e-07,0.00043475334,0.00030429955,9.89053e-05,UP,0.00034238040095205187,1.5418560883480041,1.091521015036595,0.023485504161488646,0.00015316128215361053,0.00011025029380107298,48.904258728027344
2026-08-27 05:50:00-04:00,gold,4634.39978402853,4635.507736325264,-0.00023734834,1.6903334e-06,0.00043475523,0.00028743295,0.00016903334,UP,0.0003389831358766532,1.5418560883480041,1.091521015036595,0.023485504161488646,0.00015316128215361053,0.00011025029380107298,48.904258728027344
2026-08-27 05:51:00-04:00,gold,4636.999795668176,4634.4092942235875,0.00056088564,2.0056327e-06,0.0003240522,0.00027452005,0.00020056327,UP,0.0003597109531650553,1.5418560883480041,1.091521015036595,0.023485504161488646,0.00015316128215361053,0.00011025029380107298,48.904258728027344
2026-08-27 05:52:00-04:00,gold,4638.300123214722,4637.010502696037,0.00028027227,2.22997e-06,0.00027386192,0.0002711224,0.00022299701,UP,0.00036468465265326546,1.5418560883480041,1.091521015036595,0.023485504161488646,0.00015316128215361053,0.00011025029380107298,48.904258728027344
2026-08-27 05:53:00-04:00,gold,4635.800015280605,4638.311416184413,-0.0005391359,2.5392105e-06,0.00023005821,0.0002704956,0.00025392105,UP,0.0003736480182003932,1.5418560883480041,1.091521015036595,0.023485504161488646,0.00015316128215361053,0.00011025029380107298,48.904258728027344
2026-08-27 05:54:00-04:00,gold,4635.19992438698,4635.815278338734,-0.00012935161,3.2317496e-06,0.00025438302,0.0002732658,0.00032317496,UP,0.00037268947280588336,1.5418560883480041,1.091521015036595,0.023485504161488646,0.00015316128215361053,0.00011025029380107298,48.904258728027344
2026-08-27 05:55:00-04:00,gold,4634.100050498382,4635.216772080166,-0.0002373637,3.5363e-06,0.0002434357,0.00027558795,0.00035363,UP,0.000373442135547683,1.5418560883480041,1.091521015036595,0.023485504161488646,0.00015316128215361053,0.00011025029380107298,48.904258728027344
2026-08-27 05:56:00-04:00,gold,4634.800023653952,4634.119432628562,0.00015097953,4.1602952e-06,0.00024764426,0.00028323536,0.00041602954,UP,0.0003748029593319559,1.5418560883480041,1.091521015036595,0.023485504161488646,0.00015316128215361053,0.00011025029380107298,48.904258728027344
2026-08-27 05:57:00-04:00,gold,4632.700538413774,4634.820247601601,-0.00045311233,4.417757e-06,0.0008761349,0.0002941872,0.0004417757,UP,0.0003741456368599332,1.5418560883480041,1.091521015036595,0.023485504161488646,0.00015316128215361053,0.00011025029380107298,48.904258728027344
2026-08-27 05:58:00-04:00,gold,4632.7001953125,4632.72173348756,0.0,4.6401497e-06,0.0008504515,0.00030666223,0.00046401497,UP,0.0003531370102815488,1.5418560883480041,1.091521015036595,0.023485504161488646,0.00015316128215361053,0.00011025029380107298,48.904258728027344
2026-08-27 05:59:00-04:00,gold,4633.20054368698,4632.722285748459,0.0001079226,4.7008243e-06,0.0010058875,0.00031632523,0.00047008242,UP,0.0003531462641895295,1.5418560883480041,1.091521015036595,0.023485504161488646,0.00015316128215361053,0.00011025029380107298,48.904258728027344
2026-08-27 06:00:00-04:00,gold,4633.39958301431,4633.220631171134,4.3102547e-05,4.407886e-06,0.0009860924,0.00031680707,0.0004407886,UP,0.00035448033716331886,1.5418560883480041,1.091521015036595,0.023485504161488646,0.00015316128215361053,0.00011025029380107298,48.904258728027344
2026-08-27 06:01:00-04:00,gold,4631.899735196261,4633.41978673893,-0.00032378876,4.239491e-06,0.0010961405,0.00031717648,0.0004239491,UP,0.00035365470768094896,1.5418560883480041,1.091521015036595,0.023485504161488646,0.00015316128215361053,0.00011025029380107298,48.904258728027344
2026-08-27 06:02:00-04:00,gold,4622.799662793812,4631.918123805139,-0.00196659,3.910275e-06,0.00049435295,0.00031096165,0.0003910275,UP,0.00048553120514828165,1.5418560883480041,1.091521015036595,0.023485504161488646,0.00015316128215361053,0.00011025029380107298,48.904258728027344
2026-08-27 06:03:00-04:00,gold,4621.499805362313,4622.881364628207,-0.00028121212,1.760661e-05,0.0004200826,0.00039041345,0.0017606609,UP,0.0004808351633682887,1.5418560883480041,1.091521015036595,0.023485504161488646,0.00015316128215361053,0.00011025029380107298,48.904258728027344
2026-08-27 06:04:00-04:00,gold,4625.0997487306595,4621.648749947548,0.0007786858,3.2248998e-05,0.0003216267,0.0004313059,0.0032248998,UP,0.0005090071326846506,1.5418560883480041,1.091521015036595,0.023485504161488646,0.00015316128215361053,0.00011025029380107298,48.904258728027344
2026-08-27 06:05:00-04:00,gold,4624.000144637248,4625.290315095626,-0.0002378821,4.099927e-05,0.00035071943,0.00045779924,0.0040999274,UP,0.0005082907612639463,1.5418560883480041,1.091521015036595,0.023485504161488646,0.00015316128215361053,0.00011025029380107298,48.904258728027344
2026-08-27 06:06:00-04:00,gold,4627.000310897827,4624.208913803101,0.00064857857,4.5190012e-05,0.0003809397,0.00047025867,0.004519001,UP,0.000522751648951299,1.5418560883480041,1.091521015036595,0.023485504161488646,0.00015316128215361053,0.00011025029380107298,48.904258728027344
2026-08-27 06:07:00-04:00,gold,4627.299508690834,4627.228906273842,6.479252e-05,4.944602e-05,0.00038714975,0.00048327495,0.004944602,UP,0.0004717665207054615,1.5418560883480041,1.091521015036595,0.023485504161488646,0.00015316128215361053,0.00011025029380107298,48.904258728027344
2026-08-27 06:08:00-04:00,gold,4628.200595448143,4627.539206518559,0.00019456336,5.170256e-05,0.00043003962,0.00048958755,0.005170256,UP,0.00047411674537424156,1.5418560883480041,1.091521015036595,0.023485504161488646,0.00015316128215361053,0.00011025029380107298,48.904258728027344
2026-08-27 06:09:00-04:00,gold,4629.399644282414,4628.429712686688,0.00025918317,4.9609513e-05,0.0004390252,0.00048027444,0.0049609514,UP,0.00047305787948179434,1.5418560883480041,1.091521015036595,0.023485504161488646,0.00015316128215361053,0.00011025029380107298,48.904258728027344
2026-08-27 06:10:00-04:00,gold,4633.600165683834,4629.598574634176,0.0009068759,4.2908363e-05,0.0002777666,0.00045494115,0.0042908364,UP,0.0005018759558831416,1.5418560883480041,1.091521015036595,0.023485504161488646,0.00015316128215361053,0.00011025029380107298,48.904258728027344
2026-08-27 06:11:00-04:00,gold,4633.199906912952,4633.781826786057,-8.630861e-05,3.917949e-05,0.00032532515,0.00043997183,0.003917949,UP,0.0005003619122150132,1.5418560883480041,1.091521015036595,0.023485504161488646,0.00015316128215361053,0.00011025029380107298,48.904258728027344
2026-08-27 06:12:00-04:00,gold,4633.300165323657,4633.362577540567,2.1498812e-05,3.4922363e-05,0.000317943,0.0004244531,0.0034922364,UP,0.0004985460158475432,1.5418560883480041,1.091521015036595,0.023485504161488646,0.00015316128215361053,0.00011025029380107298,48.904258728027344
2026-08-27 06:13:00-04:00,gold,4632.600275730772,4633.440649443888,-0.0001510284,3.038205e-05,0.00044151887,0.00040906665,0.003038205,UP,0.0004991197504493665,1.5418560883480041,1.091521015036595,0.023485504161488646,0.00015316128215361053,0.00011025029380107298,48.904258728027344
2026-08-27 06:14:00-04:00,gold,4634.399877037795,4632.710547449533,0.0003884331,2.3893617e-05,0.0003996707,0.0003892971,0.0023893616,UP,0.0005045853773357745,1.5418560883480041,1.091521015036595,0.023485504161488646,0.00015316128215361053,0.00011025029380107298,48.904258728027344
2026-08-27 06:15:00-04:00,gold,4632.700248324923,4634.484429262287,-0.00036682608,1.8302237e-05,0.00035631144,0.0003735547,0.0018302237,UP,0.0005084155782019022,1.5418560883480041,1.091521015036595,0.023485504161488646,0.00015316128215361053,0.00011025029380107298,48.904258728027344
2026-08-27 06:16:00-04:00,gold,4630.799865559093,4632.776959577459,-0.00041029646,1.650811e-05,0.00026505004,0.0003690784,0.0016508109,UP,0.0005125776434263405,1.5418560883480041,1.091521015036595,0.023485504161488646,0.00015316128215361053,0.00011025029380107298,48.904258728027344
2026-08-27 06:17:00-04:00,gold,4630.299937579257,4630.866048810072,-0.000107978536,1.4362712e-05,0.00023123191,0.000364578,0.0014362712,UP,0.0005125782419761045,1.5418560883480041,1.091521015036595,0.023485504161488646,0.00015316128215361053,0.00011025029380107298,48.904258728027344
2026-08-27 06:18:00-04:00,gold,4632.899605760584,4630.34285871801,0.0005613822,9.265992e-06,9.2796654e-05,0.00035329236,0.0009265992,UP,0.0005236900479434783,1.5418560883480041,1.091521015036595,0.023485504161488646,0.00015316128215361053,0.00011025029380107298,48.904258728027344
2026-08-27 06:19:00-04:00,gold,4633.500235819083,4632.925307440222,0.0001295212,5.4308784e-06,9.2789305e-05,0.00034528875,0.00054308784,UP,0.000523165407417243,1.5418560883480041,1.091521015036595,0.023485504161488646,0.00015316128215361053,0.00011025029380107298,48.904258728027344
2026-08-27 06:20:00-04:00,gold,4633.999882400036,4633.511047124863,0.00010790397,2.3766627e-06,0.00015025596,0.0003375484,0.00023766627,UP,0.0005218848745539447,1.5418560883480041,1.091521015036595,0.023485504161488646,0.00015316128215361053,0.00011025029380107298,48.904258728027344
2026-08-27 06:21:00-04:00,gold,4633.700038194656,4634.001104831696,-6.469883e-05,2.439508e-07,0.00015025596,0.00033106748,2.4395082e-05,UP,0.000510965299941261,1.5418560883480041,1.091521015036595,0.023485504161488646,0.00015316128215361053,0.00011025029380107298,48.904258728027344
2026-08-27 06:22:00-04:00,gold,4634.400060909684,4633.7001953125,0.00015099255,5.496463e-08,0.00017487205,0.00032743797,5.496463e-06,UP,0.0005088542520083554,1.5418560883480041,1.091521015036595,0.023485504161488646,0.00015316128215361053,0.00011025029380107298,48.904258728027344
2026-08-27 06:23:00-04:00,gold,4634.39990234375,4634.39990234375,0.0,2.7342821e-08,0.00026026682,0.00032129436,2.7342821e-06,UP,0.0004996185426575659,1.5418560883480041,1.091521015036595,0.023485504161488646,0.00015316128215361053,0.00011025029380107298,48.904258728027344
2026-08-27 06:24:00-04:00,gold,4634.99987772631,4634.39962611199,0.00012947929,-1.1650445e-07,0.00024959058,0.00031330614,-1.1650445e-05,DOWN,0.0004997204466247662,1.5418560883480041,1.091521015036595,0.023485504161488646,0.00015316128215361053,0.00011025029380107298,48.904258728027344
2026-08-27 06:25:00-04:00,gold,4634.000187814236,4635.0,-0.000215773,2.732304e-08,0.00023813512,0.00030820884,2.732304e-06,UP,0.0004993843252155222,1.5418560883480041,1.091521015036595,0.023485504161488646,0.00015316128215361053,0.00011025029380107298,48.904258728027344
2026-08-27 06:26:00-04:00,gold,4633.700038194656,4634.003314495087,-6.469883e-05,7.206802e-07,0.00024027946,0.00030113032,7.206802e-05,UP,0.000498678756297635,1.5418560883480041,1.091521015036595,0.023485504161488646,0.00015316128215361053,0.00011025029380107298,48.904258728027344
2026-08-27 06:27:00-04:00,gold,4634.799984108075,4633.707376253908,0.0002372788,1.4624238e-06,0.00020279035,0.00029870687,0.00014624238,UP,0.0004933244204617623,1.5418560883480041,1.091521015036595,0.023485504161488646,0.00015316128215361053,0.00011025029380107298,48.904258728027344
2026-08-27 06:28:00-04:00,gold,4632.899994954059,4634.809197377763,-0.00041000513,1.9004208e-06,0.000118817385,0.00029562126,0.00019004208,UP,0.0004994001213877269,1.5418560883480041,1.091521015036595,0.023485504161488646,0.00015316128215361053,0.00011025029380107298,48.904258728027344
2026-08-27 06:29:00-04:00,gold,4633.20034522377,4632.911500322574,6.48154e-05,2.3929226e-06,0.0001072697,0.00029560237,0.00023929226,UP,0.0004991454442492847,1.5418560883480041,1.091521015036595,0.023485504161488646,0.00015316128215361053,0.00011025029380107298,48.904258728027344
2026-08-27 06:30:00-04:00,gold,4633.2001953125,4633.21234636358,0.0,2.6489813e-06,0.00011959931,0.00029416112,0.00026489812,UP,0.0004990794839584913,1.5418560883480041,1.091521015036595,0.023485504161488646,0.00015316128215361053,0.00011025029380107298,48.904258728027344
2026-08-27 06:31:00-04:00,gold,4632.700345256715,4633.213451004587,-0.000107922584,2.727444e-06,0.00012988437,0.00029367645,0.00027274442,UP,0.0004958164972718012,1.5418560883480041,1.091521015036595,0.023485504161488646,0.00015316128215361053,0.00011025029380107298,48.904258728027344
2026-08-27 06:32:00-04:00,gold,4633.100584464264,4632.713449574076,8.631793e-05,2.7556016e-06,0.00029703652,0.00029450582,0.00027556016,UP,0.00032760522888249886,1.5418560883480041,1.091521015036595,0.023485504161488646,0.00015316128215361053,0.00011025029380107298,48.904258728027344
2026-08-27 06:33:00-04:00,gold,4632.200110839709,4633.112248444813,-0.00019425218,2.6744133e-06,0.00030632433,0.0002859587,0.00026744133,UP,0.00032472468973383095,1.5418560883480041,1.091521015036595,0.023485504161488646,0.00015316128215361053,0.00011025029380107298,48.904258728027344
2026-08-27 06:34:00-04:00,gold,4631.799849374103,4632.2140003448585,-8.644011e-05,2.913434e-06,0.00031943558,0.0002782932,0.0002913434,UP,0.00029752660242941646,1.5418560883480041,1.091521015036595,0.023485504161488646,0.00015316128215361053,0.00011025029380107298,48.904258728027344
2026-08-27 06:35:00-04:00,gold,4630.7995785062085,4631.813056373037,-0.00021592212,2.803241e-06,0.0003194362,0.0002683693,0.00028032408,UP,0.0002968246602616884,1.5418560883480041,1.091521015036595,0.023485504161488646,0.00015316128215361053,0.00011025029380107298,48.904258728027344
2026-08-27 06:36:00-04:00,gold,4629.799518436659,4630.806429099757,-0.00021596873,1.4075883e-06,0.00047204495,0.00025705266,0.00014075883,UP,0.0002779611855602702,1.5418560883480041,1.091521015036595,0.023485504161488646,0.00015316128215361053,0.00011025029380107298,48.904258728027344
2026-08-27 06:37:00-04:00,gold,4632.000290372525,4629.799528729927,0.00047511182,-9.879341e-08,0.000495645,0.0002469577,-9.879341e-06,DOWN,0.0002900685232430312,1.5418560883480041,1.091521015036595,0.023485504161488646,0.00015316128215361053,0.00011025029380107298,48.904258728027344
2026-08-27 06:38:00-04:00,gold,4630.7998423576355,4631.998067378998,-0.0002591431,-4.1775343e-07,0.00042476004,0.00024068428,-4.1775344e-05,DOWN,0.0002932111974141146,1.5418560883480041,1.091521015036595,0.023485504161488646,0.00015316128215361053,0.00011025029380107298,48.904258728027344
2026-08-27 06:39:00-04:00,gold,4629.59995801741,4630.801460790564,-0.0002591048,2.5825761e-07,0.0003132132,0.00023613099,2.582576e-05,UP,0.00029382304418104854,1.5418560883480041,1.091521015036595,0.023485504161488646,0.00015316128215361053,0.00011025029380107298,48.904258728027344
2026-08-27 06:40:00-04:00,gold,4630.000218876696,4629.604512786958,8.637573e-05,9.2756e-07,0.00027359277,0.0002323285,9.2756e-05,UP,0.00023981968007965942,1.5418560883480041,1.091521015036595,0.023485504161488646,0.00015316128215361053,0.00011025029380107298,48.904258728027344
2026-08-27 06:41:00-04:00,gold,4633.8001000881195,4630.007175207138,0.0008203556,1.531492e-06,0.00029675226,0.00022869039,0.0001531492,UP,0.00028487767841367653,1.5418560883480041,1.091521015036595,0.023485504161488646,0.00015316128215361053,0.00011025029380107298,48.904258728027344
2026-08-27 06:42:00-04:00,gold,4636.599879647489,4633.806433391292,0.00060413644,1.4056809e-06,0.00021284376,0.00023162324,0.0001405681,UP,0.0003052328780119114,1.5418560883480041,1.091521015036595,0.023485504161488646,0.00015316128215361053,0.00011025029380107298,48.904258728027344
2026-08-27 06:43:00-04:00,gold,4637.900108746253,4636.603414011071,0.00028029646,6.0382445e-07,0.00020976043,0.00023893038,6.0382445e-05,UP,0.0003068702267626834,1.5418560883480041,1.091521015036595,0.023485504161488646,0.00015316128215361053,0.00011025029380107298,48.904258728027344
2026-08-27 06:44:00-04:00,gold,4638.600402256998,4637.901008105255,0.00015096109,2.207255e-07,0.00021370797,0.00024483498,2.2072549e-05,UP,0.00030051747584764583,1.5418560883480041,1.091521015036595,0.023485504161488646,0.00015316128215361053,0.00011025029380107298,48.904258728027344
2026-08-27 06:45:00-04:00,gold,4639.999650102516,4638.6056272984715,0.00030174863,1.1542893e-06,0.00017338365,0.0002511253,0.00011542893,UP,0.0002947965832315064,1.5418560883480041,1.091521015036595,0.023485504161488646,0.00015316128215361053,0.00011025029380107298,48.904258728027344
2026-08-27 06:46:00-04:00,gold,4638.999938964844,4640.010509490967,-0.00021554048,2.2766342e-06,0.00013058163,0.00025820866,0.00022766342,UP,0.0002862783020811853,1.5418560883480041,1.091521015036595,0.023485504161488646,0.00015316128215361053,0.00011025029380107298,48.904258728027344
2026-08-27 06:47:00-04:00,gold,4640.10049366951,4639.013272285461,0.00023711301,2.7739716e-06,0.00017414297,0.0002625286,0.00027739716,UP,0.00028627068142093247,1.5418560883480041,1.091521015036595,0.023485504161488646,0.00015316128215361053,0.00011025029380107298,48.904258728027344
2026-08-27 06:48:00-04:00,gold,4639.9997021952,4640.113373089116,-2.1572538e-05,2.8461018e-06,0.00022112668,0.00026426913,0.00028461017,UP,0.0002711801835541252,1.5418560883480041,1.091521015036595,0.023485504161488646,0.00015316128215361053,0.00011025029380107298,48.904258728027344
2026-08-27 06:49:00-04:00,gold,4639.800043106079,4640.009956359863,-4.3146472e-05,2.1867527e-06,0.00021255267,0.00026151532,0.00021867527,UP,0.0002712902188495258,1.5418560883480041,1.091521015036595,0.023485504161488646,0.00015316128215361053,0.00011025029380107298,48.904258728027344
2026-08-27 06:50:00-04:00,gold,4640.3999260411365,4639.805335759884,0.0001293286,1.1427708e-06,0.00021709119,0.00025654203,0.00011427708,UP,0.0002714888001235786,1.5418560883480041,1.091521015036595,0.023485504161488646,0.00015316128215361053,0.00011025029380107298,48.904258728027344
2026-08-27 06:51:00-04:00,gold,4641.400049570017,4640.39990234375,0.00021547545,1.2776582e-08,0.00020891358,0.00025131195,1.2776582e-06,UP,0.0002723660758717318,1.5418560883480041,1.091521015036595,0.023485504161488646,0.00015316128215361053,0.00011025029380107298,48.904258728027344
2026-08-27 06:52:00-04:00,gold,4640.29994594981,4641.396029257856,-0.00023704661,-7.896417e-07,0.00018000753,0.00024740936,-7.896417e-05,DOWN,0.00027684489597819045,1.5418560883480041,1.091521015036595,0.023485504161488646,0.00015316128215361053,0.00011025029380107298,48.904258728027344
2026-08-27 06:53:00-04:00,gold,4641.799993165769,4640.292060351698,0.00032320275,-1.6224869e-06,0.00013660078,0.0002430367,-0.00016224869,DOWN,0.00028138930894732665,1.5418560883480041,1.091521015036595,0.023485504161488646,0.00015316128215361053,0.00011025029380107298,48.904258728027344
2026-08-27 06:54:00-04:00,gold,4642.000115815317,4641.791781175474,4.3127882e-05,-1.7166337e-06,0.0001445309,0.00023943197,-0.00017166337,DOWN,0.0002810236904181039,1.5418560883480041,1.091521015036595,0.023485504161488646,0.00015316128215361053,0.00011025029380107298,48.904258728027344
2026-08-27 06:55:00-04:00,gold,4641.89956343174,4641.99197614193,-2.1563708e-05,-1.7339655e-06,0.00026822014,0.00023644582,-0.00017339655,DOWN,0.00027688933165435377,1.5418560883480041,1.091521015036595,0.023485504161488646,0.00015316128215361053,0.00011025029380107298,48.904258728027344
2026-08-27 06:56:00-04:00,gold,4641.39966708282,4641.893262052676,-0.00010772032,-1.5062099e-06,0.00032969125,0.00023284978,-0.00015062098,DOWN,0.0002776506495255176,1.5418560883480041,1.091521015036595,0.023485504161488646,0.00015316128215361053,0.00011025029380107298,48.904258728027344
2026-08-27 06:57:00-04:00,gold,4642.49985873769,4641.3951993108785,0.00023699041,-1.0313736e-06,0.00032444118,0.00022990469,-0.00010313736,DOWN,0.0002776441366753716,1.5418560883480041,1.091521015036595,0.023485504161488646,0.00015316128215361053,0.00011025029380107298,48.904258728027344
2026-08-27 06:58:00-04:00,gold,4643.2000878453255,4642.49667942524,0.00015081152,-6.669409e-07,0.0003294068,0.00022927868,-6.669409e-05,DOWN,0.0002637680112811908,1.5418560883480041,1.091521015036595,0.023485504161488646,0.00015316128215361053,0.00011025029380107298,48.904258728027344
2026-08-27 06:59:00-04:00,gold,4643.000100508856,4643.19853477471,-4.3116732e-05,-3.4136633e-07,0.00034549597,0.00022855042,-3.4136632e-05,DOWN,0.000264633162333688,1.5418560883480041,1.091521015036595,0.023485504161488646,0.00015316128215361053,0.00011025029380107298,48.904258728027344
2026-08-27 07:00:00-04:00,gold,4640.899787008762,4643.001106977463,-0.0004524171,2.0846574e-07,0.00026313643,0.00022533281,2.0846574e-05,UP,0.00028115558182641203,1.5418560883480041,1.091521015036595,0.023485504161488646,0.00015316128215361053,0.00011025029380107298,48.904258728027344
2026-08-27 07:01:00-04:00,gold,4642.799722941476,4640.902668535651,0.00040929852,5.6175895e-07,0.00018532068,0.00022387713,5.6175893e-05,UP,0.00028660485859791773,1.5418560883480041,1.091521015036595,0.023485504161488646,0.00015316128215361053,0.00011025029380107298,48.904258728027344
2026-08-27 07:02:00-04:00,gold,4643.700292024878,4642.803678941564,0.00019391387,7.927508e-07,0.00015859936,0.00022322472,7.927508e-05,UP,0.0002874542482833894,1.5418560883480041,1.091521015036595,0.023485504161488646,0.00015316128215361053,0.00011025029380107298,48.904258728027344
2026-08-27 07:03:00-04:00,gold,4642.99992647802,4643.704623890109,-0.00015079528,9.638804e-07,0.00014689671,0.00022319515,9.6388045e-05,UP,0.00028615111308024916,1.5418560883480041,1.091521015036595,0.023485504161488646,0.00015316128215361053,0.00011025029380107298,48.904258728027344
2026-08-27 07:04:00-04:00,gold,4641.899941146374,4643.005534887314,-0.0002369649,1.1012871e-06,2.8089038e-05,0.00022322497,0.00011012871,UP,0.0002904148120551372,1.5418560883480041,1.091521015036595,0.023485504161488646,0.00015316128215361053,0.00011025029380107298,48.904258728027344
2026-08-27 07:05:00-04:00,gold,4642.500295328384,4641.905435919645,0.00012927009,1.204412e-06,8.613866e-05,0.00022225991,0.0001204412,UP,0.0002853827624225197,1.5418560883480041,1.091521015036595,0.023485504161488646,0.00015316128215361053,0.00011025029380107298,48.904258728027344
2026-08-27 07:06:00-04:00,gold,4642.799958586693,4642.506087720394,6.4576205e-05,1.3930419e-06,8.931787e-05,0.00022199724,0.00013930419,UP,0.00027975082333143563,1.5418560883480041,1.091521015036595,0.023485504161488646,0.00015316128215361053,0.00011025029380107298,48.904258728027344
2026-08-27 07:07:00-04:00,gold,4643.10033610987,4642.806999730761,6.4677195e-05,1.501407e-06,9.3858194e-05,0.00022207135,0.00015014071,UP,0.0002703165463917345,1.5418560883480041,1.091521015036595,0.023485504161488646,0.00015316128215361053,0.00011025029380107298,48.904258728027344
2026-08-27 07:08:00-04:00,gold,4643.499725135625,4643.107293164881,8.612459e-05,1.4158336e-06,0.00013309378,0.00021961625,0.00014158335,UP,0.00026262939217151467,1.5418560883480041,1.091521015036595,0.023485504161488646,0.00015316128215361053,0.00011025029380107298,48.904258728027344
2026-08-27 07:09:00-04:00,gold,4644.00040769577,4643.506089031696,0.00010767161,1.2720634e-06,0.00018205804,0.00021559783,0.00012720634,UP,0.0002541553941680142,1.5418560883480041,1.091521015036595,0.023485504161488646,0.00015316128215361053,0.00011025029380107298,48.904258728027344
2026-08-27 07:10:00-04:00,gold,4643.499815225601,4644.006089687347,-0.0001076716,1.3297072e-06,0.00020503407,0.00021095772,0.00013297072,UP,0.00025706019147218385,1.5418560883480041,1.091521015036595,0.023485504161488646,0.00015316128215361053,0.00011025029380107298,48.904258728027344
2026-08-27 07:11:00-04:00,gold,4643.399807751179,4643.506089031696,-2.1556742e-05,1.3957617e-06,0.00020138038,0.00020603786,0.00013957618,UP,0.000218391047316705,1.5418560883480041,1.091521015036595,0.023485504161488646,0.00015316128215361053,0.00011025029380107298,48.904258728027344
2026-08-27 07:12:00-04:00,gold,4643.0998856130755,4643.407651853398,-6.456785e-05,1.5773978e-06,0.00019530987,0.00020034485,0.00015773978,UP,0.00019471654377042942,1.5418560883480041,1.091521015036595,0.023485504161488646,0.00015316128215361053,0.00011025029380107298,48.904258728027344
2026-08-27 07:13:00-04:00,gold,4644.100273356016,4643.108953666873,0.00021535014,1.8883093e-06,0.0001792071,0.00019370773,0.00018883092,UP,0.00019237606252454944,1.5418560883480041,1.091521015036595,0.023485504161488646,0.00015316128215361053,0.00011025029380107298,48.904258728027344
2026-08-27 07:14:00-04:00,gold,4645.500202315685,4644.110062813968,0.0003013913,2.1651867e-06,0.00012120279,0.00018765774,0.00021651867,UP,0.00019714846945920032,1.5418560883480041,1.091521015036595,0.023485504161488646,0.00015316128215361053,0.00011025029380107298,48.904258728027344
2026-08-27 07:15:00-04:00,gold,4644.599819630384,4645.509968161583,-0.0001937336,2.0958305e-06,0.00017391724,0.00018673194,0.00020958306,UP,0.0001960419267763774,1.5418560883480041,1.091521015036595,0.023485504161488646,0.00015316128215361053,0.00011025029380107298,48.904258728027344
2026-08-27 07:16:00-04:00,gold,4644.900191933266,4644.610063886852,6.4547006e-05,2.0996054e-06,0.00017257566,0.00018542107,0.00020996053,UP,0.00019038372698310994,1.5418560883480041,1.091521015036595,0.023485504161488646,0.00015316128215361053,0.00011025029380107298,48.904258728027344
2026-08-27 07:17:00-04:00,gold,4644.799679889402,4644.909869217663,-2.1550244e-05,2.1721721e-06,0.00019332646,0.00018321419,0.00021721721,UP,0.0001870883954880418,1.5418560883480041,1.091521015036595,0.023485504161488646,0.00015316128215361053,0.00011025029380107298,48.904258728027344
2026-08-27 07:18:00-04:00,gold,4644.7998046875,4644.809771346627,0.0,2.205416e-06,0.00020383565,0.00018162014,0.0002205416,UP,0.00018690975528311995,1.5418560883480041,1.091521015036595,0.023485504161488646,0.00015316128215361053,0.00011025029380107298,48.904258728027344
2026-08-27 07:19:00-04:00,gold,4645.4000190482475,4644.809771346627,0.0001291894,2.0957623e-06,0.00029479328,0.00018080842,0.00020957623,UP,0.00018709003416873425,1.5418560883480041,1.091521015036595,0.023485504161488646,0.00015316128215361053,0.00011025029380107298,48.904258728027344
2026-08-27 07:20:00-04:00,gold,4647.299903758161,4645.408208966081,0.00040890215,1.8254592e-06,0.00033001901,0.000185841,0.00018254592,UP,0.00019831306384068375,1.5418560883480041,1.091521015036595,0.023485504161488646,0.00015316128215361053,0.00011025029380107298,48.904258728027344
2026-08-27 07:21:00-04:00,gold,4647.7003476332175,4647.307006704505,8.615183e-05,1.4596867e-06,0.00033798022,0.00019122488,0.00014596868,UP,0.00019597297040885244,1.5418560883480041,1.091521015036595,0.023485504161488646,0.00015316128215361053,0.00011025029380107298,48.904258728027344
2026-08-27 07:22:00-04:00,gold,4647.200443079928,4647.705181753845,-0.00010758587,1.0373194e-06,0.00043072057,0.00020074533,0.00010373194,UP,0.0001909037878794846,1.5418560883480041,1.091521015036595,0.023485504161488646,0.00015316128215361053,0.00011025029380107298,48.904258728027344
2026-08-27 07:23:00-04:00,gold,4646.899656044727,4647.203519249102,-6.462012e-05,7.080755e-07,0.00044379957,0.00020787159,7.080755e-05,UP,0.0001847634991046218,1.5418560883480041,1.091521015036595,0.023485504161488646,0.00015316128215361053,0.00011025029380107298,48.904258728027344
2026-08-27 07:24:00-04:00,gold,4649.5001607110025,4646.902118158294,0.00055937737,4.910228e-07,0.00033031154,0.00020970804,4.9102277e-05,UP,0.00020798663663997702,1.5418560883480041,1.091521015036595,0.023485504161488646,0.00015316128215361053,0.00011025029380107298,48.904258728027344
2026-08-27 07:25:00-04:00,gold,4648.00016272068,4649.503325581551,-0.00032266736,6.556063e-07,0.00030466367,0.00021662256,6.556063e-05,UP,0.00021873489184343482,1.5418560883480041,1.091521015036595,0.023485504161488646,0.00015316128215361053,0.00011025029380107298,48.904258728027344
2026-08-27 07:26:00-04:00,gold,4648.900387763977,4648.004432678223,0.00019359191,9.51404e-07,0.00035982506,0.00022370573,9.51404e-05,UP,0.00021845568480500697,1.5418560883480041,1.091521015036595,0.023485504161488646,0.00015316128215361053,0.00011025029380107298,48.904258728027344
2026-08-27 07:27:00-04:00,gold,4646.39994198567,4648.901010727859,-0.00053790625,1.7282673e-07,0.00022121907,0.00023196387,1.7282673e-05,UP,0.00024071722626481002,1.5418560883480041,1.091521015036595,0.023485504161488646,0.00015316128215361053,0.00011025029380107298,48.904258728027344
2026-08-27 07:28:00-04:00,gold,4647.399681070296,4646.398517608672,0.00021519723,-2.521749e-07,0.0002735698,0.00023578132,-2.521749e-05,DOWN,0.00024213306060265718,1.5418560883480041,1.091521015036595,0.023485504161488646,0.00015316128215361053,0.00011025029380107298,48.904258728027344
2026-08-27 07:29:00-04:00,gold,4647.39990234375,4647.398240304028,0.0,-3.2149387e-07,0.00039657764,0.00023586498,-3.2149386e-05,DOWN,0.00024181084548545342,1.5418560883480041,1.091521015036595,0.023485504161488646,0.00015316128215361053,0.00011025029380107298,48.904258728027344
2026-08-27 07:30:00-04:00,gold,4647.500178740302,4647.398240304028,2.1538188e-05,-3.347975e-07,0.0004023686,0.00023545796,-3.347975e-05,DOWN,0.0002239260515485503,1.5418560883480041,1.091521015036595,0.023485504161488646,0.00015316128215361053,0.00011025029380107298,48.904258728027344
2026-08-27 07:31:00-04:00,gold,4649.500030875206,4647.499445974827,0.00043024635,-1.471567e-07,0.00034085117,0.00023356013,-1.471567e-05,DOWN,0.00022512371360718472,1.5418560883480041,1.091521015036595,0.023485504161488646,0.00015316128215361053,0.00011025029380107298,48.904258728027344
2026-08-27 07:32:00-04:00,gold,4651.700426459312,4649.516073644161,0.00047309927,3.5181072e-06,0.00019629639,0.00026308149,0.0003518107,UP,0.00023683217178235662,1.5418560883480041,1.091521015036595,0.023485504161488646,0.00015316128215361053,0.00011025029380107298,48.904258728027344
2026-08-27 07:33:00-04:00,gold,4651.099921052286,4651.720712769893,-0.00012901441,4.3788277e-06,0.00023014907,0.00027292772,0.0004378828,UP,0.0002362045809527688,1.5418560883480041,1.091521015036595,0.023485504161488646,0.00015316128215361053,0.00011025029380107298,48.904258728027344
2026-08-27 07:34:00-04:00,gold,4648.899745614821,4651.117840195075,-0.00047316027,3.8389317e-06,0.00013549392,0.00027516278,0.00038389317,UP,0.00024991126776433925,1.5418560883480041,1.091521015036595,0.023485504161488646,0.00015316128215361053,0.00011025029380107298,48.904258728027344
2026-08-27 07:35:00-04:00,gold,4648.500052776391,4648.914311337168,-8.602455e-05,3.1486595e-06,0.00014150814,0.00027072965,0.00031486596,UP,0.00025065412312907606,1.5418560883480041,1.091521015036595,0.023485504161488646,0.00015316128215361053,0.00011025029380107298,48.904258728027344
2026-08-27 07:36:00-04:00,gold,4648.600300133228,4648.513853609562,2.1533091e-05,2.9162393e-06,0.00012595515,0.000267646,0.00029162393,UP,0.00025065004002288805,1.5418560883480041,1.091521015036595,0.023485504161488646,0.00015316128215361053,0.00011025029380107298,48.904258728027344
2026-08-27 07:37:00-04:00,gold,4648.499795363226,4648.609518313606,-2.1533093e-05,1.9644797e-06,0.00012594866,0.00026037084,0.00019644797,UP,0.00025087100796623895,1.5418560883480041,1.091521015036595,0.023485504161488646,0.00015316128215361053,0.00011025029380107298,48.904258728027344
2026-08-27 07:38:00-04:00,gold,4649.100138366222,4648.503324866295,0.00012908656,6.1825676e-07,0.00013027638,0.00025321735,6.1825674e-05,UP,0.00025127299453953935,1.5418560883480041,1.091521015036595,0.023485504161488646,0.00015316128215361053,0.00011025029380107298,48.904258728027344
2026-08-27 07:39:00-04:00,gold,4650.299975122383,4649.098435008491,0.00025801815,-3.5077505e-07,0.0002500986,0.0002474136,-3.5077504e-05,DOWN,0.0002541487150516255,1.5418560883480041,1.091521015036595,0.023485504161488646,0.00015316128215361053,0.00011025029380107298,48.904258728027344
2026-08-27 07:40:00-04:00,gold,4651.700115359621,4650.296201354417,0.00030109452,-7.1483123e-07,0.00020787418,0.00023994151,-7.1483126e-05,DOWN,0.00025661629861158466,1.5418560883480041,1.091521015036595,0.023485504161488646,0.00015316128215361053,0.00011025029380107298,48.904258728027344
2026-08-27 07:41:00-04:00,gold,4652.400006967364,4651.698808997811,0.00015040832,-2.8656495e-07,0.00018431988,0.00023581888,-2.8656495e-05,DOWN,0.00025667911581760995,1.5418560883480041,1.091521015036595,0.023485504161488646,0.00015316128215361053,0.00011025029380107298,48.904258728027344
2026-08-27 07:42:00-04:00,gold,4652.300072672078,4652.400456953037,-2.1515503e-05,1.01035766e-07,0.0001811619,0.0002313923,1.0103577e-05,UP,0.0002560517822876877,1.5418560883480041,1.091521015036595,0.023485504161488646,0.00015316128215361053,0.00011025029380107298,48.904258728027344
2026-08-27 07:43:00-04:00,gold,4652.700223977445,4652.302023076918,8.605924e-05,4.1239468e-07,0.00014547679,0.0002279544,4.123947e-05,UP,0.00025453469228105876,1.5418560883480041,1.091521015036595,0.023485504161488646,0.00015316128215361053,0.00011025029380107298,48.904258728027344
2026-08-27 07:44:00-04:00,gold,4650.999930805119,4652.703523183009,-0.00036548797,6.235998e-07,8.914708e-05,0.00022577548,6.2359984e-05,UP,0.00026188903166869096,1.5418560883480041,1.091521015036595,0.023485504161488646,0.00015316128215361053,0.00011025029380107298,48.904258728027344
2026-08-27 07:45:00-04:00,gold,4650.199939608574,4651.003326654434,-0.00017197881,7.2935904e-07,8.5452906e-05,0.00022393775,7.29359e-05,UP,0.0002612505241303965,1.5418560883480041,1.091521015036595,0.023485504161488646,0.00015316128215361053,0.00011025029380107298,48.904258728027344
2026-08-27 07:46:00-04:00,gold,4650.399760254659,4650.204630088992,4.2944976e-05,9.611576e-07,7.1961724e-05,0.000223468,9.6115764e-05,UP,0.00026121086566612223,1.5418560883480041,1.091521015036595,0.023485504161488646,0.00015316128215361053,0.00011025029380107298,48.904258728027344
2026-08-27 07:47:00-04:00,gold,4649.7997958786145,4650.406554794172,-0.00012905049,1.4067728e-06,9.6647695e-05,0.00022506157,0.00014067728,UP,0.00026280924809244077,1.5418560883480041,1.091521015036595,0.023485504161488646,0.00015316128215361053,0.00011025029380107298,48.904258728027344
2026-08-27 07:48:00-04:00,gold,4648.999950752477,4649.807564878138,-0.00017202321,1.609108e-06,9.30233e-05,0.00022250337,0.0001609108,UP,0.0002654821387096717,1.5418560883480041,1.091521015036595,0.023485504161488646,0.00015316128215361053,0.00011025029380107298,48.904258728027344
2026-08-27 07:49:00-04:00,gold,4648.600141823292,4649.00775885582,-8.6022694e-05,1.6608016e-06,0.00031996853,0.00022898543,0.00016608015,UP,0.0002656215144384017,1.5418560883480041,1.091521015036595,0.023485504161488646,0.00015316128215361053,0.00011025029380107298,48.904258728027344
2026-08-27 07:50:00-04:00,gold,4648.499795363226,4648.635563660413,-2.1533093e-05,7.5393646e-06,0.00045212219,0.00029084578,0.0007539365,UP,0.0002554846599137512,1.5418560883480041,1.091521015036595,0.023485504161488646,0.00015316128215361053,0.00011025029380107298,48.904258728027344
2026-08-27 07:51:00-04:00,gold,4648.5,4648.529923796654,0.0,6.420107e-06,0.00045638645,0.00030669876,0.0006420107,UP,0.0002550671533255993,1.5418560883480041,1.091521015036595,0.023485504161488646,0.00015316128215361053,0.00011025029380107298,48.904258728027344
2026-08-27 07:52:00-04:00,gold,4648.900092244148,4648.522165775299,8.602456e-05,4.7918948e-06,0.00045971753,0.00029480932,0.00047918948,UP,0.0002545491684425216,1.5418560883480041,1.091521015036595,0.023485504161488646,0.00015316128215361053,0.00011025029380107298,48.904258728027344
2026-08-27 07:53:00-04:00,gold,4649.600401100703,4648.9165281053865,0.00015060393,3.5547696e-06,0.00047514582,0.00027604247,0.00035547695,UP,0.0002553407287764837,1.5418560883480041,1.091521015036595,0.023485504161488646,0.00015316128215361053,0.00011025029380107298,48.904258728027344
2026-08-27 07:54:00-04:00,gold,4653.099793316913,4649.607303238066,0.00075246976,1.511155e-06,0.00031246553,0.00026034153,0.0001511155,UP,0.0002713686309043082,1.5418560883480041,1.091521015036595,0.023485504161488646,0.00015316128215361053,0.00011025029380107298,48.904258728027344
2026-08-27 07:55:00-04:00,gold,4650.699942097359,4653.097601538844,-0.0005158972,-5.996319e-07,0.00015986036,0.00024977012,-5.996319e-05,DOWN,0.00028200366214577014,1.5418560883480041,1.091521015036595,0.023485504161488646,0.00015316128215361053,0.00011025029380107298,48.904258728027344
2026-08-27 07:56:00-04:00,gold,4652.100626551313,4650.694651245838,0.00030096364,-1.1884956e-06,0.000117143856,0.0002458066,-0.00011884956,DOWN,0.00028495772120279,1.5418560883480041,1.091521015036595,0.023485504161488646,0.00015316128215361053,0.00011025029380107298,48.904258728027344
2026-08-27 07:57:00-04:00,gold,4652.2004754683585,4652.094551920774,2.151643e-05,-1.1119803e-06,0.00012064602,0.00024274415,-0.00011119803,DOWN,0.0002645734057283718,1.5418560883480041,1.091521015036595,0.023485504161488646,0.00015316128215361053,0.00011025029380107298,48.904258728027344
2026-08-27 07:58:00-04:00,gold,4651.599856530258,4652.196590506879,-0.00012900055,-7.5809135e-07,5.3983105e-05,0.00023980926,-7.5809134e-05,DOWN,0.00026424881377496085,1.5418560883480041,1.091521015036595,0.023485504161488646,0.00015316128215361053,0.00011025029380107298,48.904258728027344
2026-08-27 07:59:00-04:00,gold,4652.29989425221,4651.59815685745,0.00015041155,-3.8756002e-07,0.00026432358,0.0002378421,-3.8756003e-05,DOWN,0.0002650828777801802,1.5418560883480041,1.091521015036595,0.023485504161488646,0.00015316128215361053,0.00011025029380107298,48.904258728027344
2026-08-27 08:00:00-04:00,gold,4652.899879025063,4652.299527388823,0.00012898113,-1.07751475e-07,0.00034237717,0.00023644335,-1.07751475e-05,DOWN,0.0002656178545191547,1.5418560883480041,1.091521015036595,0.023485504161488646,0.00015316128215361053,0.00011025029380107298,48.904258728027344
2026-08-27 08:01:00-04:00,gold,4653.5000540845795,4652.89990234375,0.00012896452,3.1911895e-09,0.00032067054,0.00023638133,3.1911895e-07,UP,0.00025581503867689963,1.5418560883480041,1.091521015036595,0.023485504161488646,0.00015316128215361053,0.00011025029380107298,48.904258728027344
2026-08-27 08:02:00-04:00,gold,4654.200082421303,4653.500554740429,0.00015045506,9.4039024e-08,0.00029453757,0.0002353493,9.403902e-06,UP,0.00024293899094522797,1.5418560883480041,1.091521015036595,0.023485504161488646,0.00015316128215361053,0.00011025029380107298,48.904258728027344
2026-08-27 08:03:00-04:00,gold,4654.299508790369,4654.201304960297,2.140181e-05,1.4465218e-07,0.00031783295,0.00023398235,1.4465218e-05,UP,0.0002413486855299964,1.5418560883480041,1.091521015036595,0.023485504161488646,0.00015316128215361053,0.00011025029380107298,48.904258728027344
2026-08-27 08:04:00-04:00,gold,4652.099880847265,4654.307572388323,-0.00047272997,1.6293424e-06,0.00031791508,0.00025420307,0.00016293423,UP,0.00024131821556556659,1.5418560883480041,1.091521015036595,0.023485504161488646,0.00015316128215361053,0.00011025029380107298,48.904258728027344
2026-08-27 08:05:00-04:00,gold,4649.499979578512,4652.108970833011,-0.0005590646,1.8749147e-06,0.00022408817,0.00025698525,0.00018749147,UP,0.00026314057452846623,1.5418560883480041,1.091521015036595,0.023485504161488646,0.00015316128215361053,0.00011025029380107298,48.904258728027344
2026-08-27 08:06:00-04:00,gold,4647.499939829111,4649.50942248106,-0.00043024632,1.9477493e-06,0.00012134563,0.0002583047,0.00019477493,UP,0.0002749496022621995,1.5418560883480041,1.091521015036595,0.023485504161488646,0.00015316128215361053,0.00011025029380107298,48.904258728027344
2026-08-27 08:07:00-04:00,gold,4647.8002816438675,4647.5132966041565,6.450673e-05,2.8042161e-06,0.00014484813,0.0002627034,0.0002804216,UP,0.000275250575870384,1.5418560883480041,1.091521015036595,0.023485504161488646,0.00015316128215361053,0.00011025029380107298,48.904258728027344
2026-08-27 08:08:00-04:00,gold,4648.30012169166,4647.810331844841,0.000107572,2.2190643e-06,0.00013697347,0.00025986254,0.00022190643,UP,0.0002749169809713645,1.5418560883480041,1.091521015036595,0.023485504161488646,0.00015316128215361053,0.00011025029380107298,48.904258728027344
2026-08-27 08:09:00-04:00,gold,4648.600138007896,4648.305345892673,6.4600674e-05,1.0967253e-06,0.0001930663,0.0002536248,0.00010967253,UP,0.00027075440819140066,1.5418560883480041,1.091521015036595,0.023485504161488646,0.00015316128215361053,0.00011025029380107298,48.904258728027344
2026-08-27 08:10:00-04:00,gold,4647.999946367054,4648.60009765625,-0.00012910046,-9.108589e-09,0.00021871373,0.00024744525,-9.1085894e-07,DOWN,0.00026491933006427074,1.5418560883480041,1.091521015036595,0.023485504161488646,0.00015316128215361053,0.00011025029380107298,48.904258728027344
2026-08-27 08:11:00-04:00,gold,4647.29963684082,4647.999445915222,-0.00015065577,-1.7215257e-07,0.00027087686,0.00024202689,-1.7215258e-05,DOWN,0.00026368610560212287,1.5418560883480041,1.091521015036595,0.023485504161488646,0.00015316128215361053,0.00011025029380107298,48.904258728027344
2026-08-27 08:12:00-04:00,gold,4648.099782576319,4647.301466691424,0.00017219118,3.7014684e-07,0.0002708567,0.00023749373,3.7014684e-05,UP,0.0002664241883948746,1.5418560883480041,1.091521015036595,0.023485504161488646,0.00015316128215361053,0.00011025029380107298,48.904258728027344
2026-08-27 08:13:00-04:00,gold,4647.799500190857,4648.105638623354,-6.4607615e-05,1.175131e-06,0.00027323343,0.00023151656,0.000117513104,UP,0.00026557828429878475,1.5418560883480041,1.091521015036595,0.023485504161488646,0.00015316128215361053,0.00011025029380107298,48.904258728027344
2026-08-27 08:14:00-04:00,gold,4646.1004998682765,4647.809223723016,-0.0003657683,2.0213938e-06,0.00017932507,0.00022601915,0.00020213937,UP,0.0002655903077878063,1.5418560883480041,1.091521015036595,0.023485504161488646,0.00015316128215361053,0.00011025029380107298,48.904258728027344
2026-08-27 08:15:00-04:00,gold,4646.699926186295,4646.110620963795,0.00012915324,2.2497197e-06,0.000220075,0.00022180847,0.00022497197,UP,0.000265929488235056,1.5418560883480041,1.091521015036595,0.023485504161488646,0.00015316128215361053,0.00011025029380107298,48.904258728027344
2026-08-27 08:16:00-04:00,gold,4648.299944658764,4646.712381768739,0.00034418708,2.574784e-06,0.00018599899,0.00022112438,0.00025747842,UP,0.00027414913282644164,1.5418560883480041,1.091521015036595,0.023485504161488646,0.00015316128215361053,0.00011025029380107298,48.904258728027344
2026-08-27 08:17:00-04:00,gold,4647.6002275343635,4648.314211820951,-0.000150541,3.1061807e-06,0.00013903869,0.00022505537,0.00031061805,UP,0.00027448516604016327,1.5418560883480041,1.091521015036595,0.023485504161488646,0.00015316128215361053,0.00011025029380107298,48.904258728027344
2026-08-27 08:18:00-04:00,gold,4648.000112446607,4647.614502621,8.604121e-05,3.1356726e-06,0.00015327461,0.00022539299,0.00031356726,UP,0.00027346057210945123,1.5418560883480041,1.091521015036595,0.023485504161488646,0.00015316128215361053,0.00011025029380107298,48.904258728027344
2026-08-27 08:19:00-04:00,gold,4648.100289344788,4648.0116357803345,2.1535408e-05,2.5297504e-06,0.00029155758,0.00023286375,0.00025297503,UP,0.00027309550461235586,1.5418560883480041,1.091521015036595,0.023485504161488646,0.00015316128215361053,0.00011025029380107298,48.904258728027344
2026-08-27 08:20:00-04:00,gold,4649.7995122670545,4648.109517300327,0.00036561096,1.9059406e-06,0.00025280812,0.00023534236,0.00019059406,UP,0.00028124483793549946,1.5418560883480041,1.091521015036595,0.023485504161488646,0.00015316128215361053,0.00011025029380107298,48.904258728027344
2026-08-27 08:21:00-04:00,gold,4650.100234925048,4649.8214223614195,6.457983e-05,4.5481556e-06,0.00025105447,0.00026472416,0.00045481557,UP,0.00028141785369819526,1.5418560883480041,1.091521015036595,0.023485504161488646,0.00015316128215361053,0.00011025029380107298,48.904258728027344
2026-08-27 08:22:00-04:00,gold,4650.400547296158,4650.12726007757,6.447066e-05,5.799784e-06,0.0002465988,0.0002765998,0.0005799784,UP,0.0002812485003484352,1.5418560883480041,1.091521015036595,0.023485504161488646,0.00015316128215361053,0.00011025029380107298,48.904258728027344
2026-08-27 08:23:00-04:00,gold,4651.699902030348,4650.421522807621,0.00027956977,4.544147e-06,0.0002542678,0.00027584773,0.0004544147,UP,0.0002844279322997177,1.5418560883480041,1.091521015036595,0.023485504161488646,0.00015316128215361053,0.00011025029380107298,48.904258728027344
2026-08-27 08:24:00-04:00,gold,4649.899649794796,4651.716276562889,-0.00038709314,3.4337768e-06,0.0005250902,0.00027161802,0.00034337767,UP,0.0002573286964495852,1.5418560883480041,1.091521015036595,0.023485504161488646,0.00015316128215361053,0.00011025029380107298,48.904258728027344
2026-08-27 08:25:00-04:00,gold,4649.200361528783,4649.9120971915545,-0.00015048918,2.6790008e-06,0.0005928848,0.00026634487,0.0002679001,UP,0.0002413494732296468,1.5418560883480041,1.091521015036595,0.023485504161488646,0.00015316128215361053,0.00011025029380107298,48.904258728027344
2026-08-27 08:26:00-04:00,gold,4649.400271567167,4649.20518336317,4.2954212e-05,1.0479885e-06,0.0005894432,0.00025827784,0.00010479885,UP,0.0002343532164857496,1.5418560883480041,1.091521015036595,0.023485504161488646,0.00015316128215361053,0.00011025029380107298,48.904258728027344
2026-08-27 08:27:00-04:00,gold,4648.900244472985,4649.396576833795,-0.00010754653,-6.7266615e-07,0.0006511109,0.0002490589,-6.7266614e-05,DOWN,0.00023476179422351673,1.5418560883480041,1.091521015036595,0.023485504161488646,0.00015316128215361053,0.00011025029380107298,48.904258728027344
2026-08-27 08:28:00-04:00,gold,4646.100124084158,4648.893529135123,-0.0006024324,-1.4041941e-06,0.0005832934,0.00024178949,-0.0001404194,DOWN,0.00025693933262149705,1.5418560883480041,1.091521015036595,0.023485504161488646,0.00015316128215361053,0.00011025029380107298,48.904258728027344
2026-08-27 08:29:00-04:00,gold,4650.0003677472705,4646.095666789915,0.00083904056,-9.96208e-07,0.00041266464,0.00023989048,-9.96208e-05,DOWN,0.00030143009282477406,1.5418560883480041,1.091521015036595,0.023485504161488646,0.00015316128215361053,0.00011025029380107298,48.904258728027344
2026-08-27 08:30:00-04:00,gold,4647.200113534927,4649.996396899223,-0.00060228986,-7.496549e-07,0.00035008334,0.00024412386,-7.496549e-05,DOWN,0.0003183463223482557,1.5418560883480041,1.091521015036595,0.023485504161488646,0.00015316128215361053,0.00011025029380107298,48.904258728027344
2026-08-27 08:31:00-04:00,gold,4646.999928132223,4647.2062891962705,-4.307962e-05,1.2781989e-06,0.00040916147,0.000253992,0.00012781989,UP,0.00031672788263378896,1.5418560883480041,1.091521015036595,0.023485504161488646,0.00015316128215361053,0.00011025029380107298,48.904258728027344
2026-08-27 08:32:00-04:00,gold,4649.399778842926,4647.021604657173,0.0005163079,4.570069e-06,0.0004164416,0.00027138885,0.0004570069,UP,0.0003312907818219682,1.5418560883480041,1.091521015036595,0.023485504161488646,0.00015316128215361053,0.00011025029380107298,48.904258728027344
2026-08-27 08:33:00-04:00,gold,4648.199947501591,4649.422072410118,-0.0002580681,4.825598e-06,0.0004287616,0.00028190308,0.0004825598,UP,0.00033358973083472647,1.5418560883480041,1.091521015036595,0.023485504161488646,0.00015316128215361053,0.00011025029380107298,48.904258728027344
2026-08-27 08:34:00-04:00,gold,4646.9999959918205,4648.221805549576,-0.00025823977,4.5807096e-06,0.00046806963,0.00029034418,0.00045807095,UP,0.0003262996830839294,1.5418560883480041,1.091521015036595,0.023485504161488646,0.00015316128215361053,0.00011025029380107298,48.904258728027344
2026-08-27 08:35:00-04:00,gold,4648.500138759613,4647.020496726036,0.0003227368,4.355038e-06,0.00038194458,0.00029428623,0.0004355038,UP,0.0003172053542876548,1.5418560883480041,1.091521015036595,0.023485504161488646,0.00015316128215361053,0.00011025029380107298,48.904258728027344
2026-08-27 08:36:00-04:00,gold,4646.6003930568695,4648.519949197769,-0.00040879654,4.2308434e-06,0.0004395648,0.00029758035,0.00042308433,UP,0.0003162420479181912,1.5418560883480041,1.091521015036595,0.023485504161488646,0.00015316128215361053,0.00011025029380107298,48.904258728027344
2026-08-27 08:37:00-04:00,gold,4642.6999617472175,4646.619484782626,-0.0008396547,4.153946e-06,0.00022870368,0.00029819398,0.0004153946,UP,0.0003504538450321062,1.5418560883480041,1.091521015036595,0.023485504161488646,0.00015316128215361053,0.00011025029380107298,48.904258728027344
2026-08-27 08:38:00-04:00,gold,4642.399670337909,4642.721779979183,-6.4682754e-05,4.6039804e-06,0.00024151964,0.00031066613,0.00046039803,UP,0.0003494209033848498,1.5418560883480041,1.091521015036595,0.023485504161488646,0.00015316128215361053,0.00011025029380107298,48.904258728027344
2026-08-27 08:39:00-04:00,gold,4643.200143606518,4642.424252700293,0.00017237291,5.244227e-06,0.00022725959,0.0003337401,0.0005244227,UP,0.0003511078132273505,1.5418560883480041,1.091521015036595,0.023485504161488646,0.00015316128215361053,0.00011025029380107298,48.904258728027344
2026-08-27 08:40:00-04:00,gold,4641.600267152244,4643.230638505309,-0.00034467032,6.553468e-06,0.00020129283,0.00035901167,0.00065534684,UP,0.00035520242447842294,1.5418560883480041,1.091521015036595,0.023485504161488646,0.00015316128215361053,0.00011025029380107298,48.904258728027344
2026-08-27 08:41:00-04:00,gold,4642.700101494091,4641.635510254651,0.0002369802,7.5354983e-06,0.00012244977,0.0003646135,0.00075354986,UP,0.0003582969721417302,1.5418560883480041,1.091521015036595,0.023485504161488646,0.00015316128215361053,0.00011025029380107298,48.904258728027344
2026-08-27 08:42:00-04:00,gold,4642.80037030403,4642.730635227053,2.1454822e-05,6.5026697e-06,0.0001959956,0.0003599213,0.000650267,UP,0.0003563725183710715,1.5418560883480041,1.091521015036595,0.023485504161488646,0.00015316128215361053,0.00011025029380107298,48.904258728027344
2026-08-27 08:43:00-04:00,gold,4642.000047955778,4642.8236036767485,-0.0001722826,5.1601246e-06,0.00019836021,0.00035328648,0.0005160125,UP,0.00035719114161719153,1.5418560883480041,1.091521015036595,0.023485504161488646,0.00015316128215361053,0.00011025029380107298,48.904258728027344
2026-08-27 08:44:00-04:00,gold,4640.999784588814,4642.018261194229,-0.0002154476,3.9444944e-06,0.00020843238,0.0003413878,0.00039444945,UP,0.00035352353759525576,1.5418560883480041,1.091521015036595,0.023485504161488646,0.00015316128215361053,0.00011025029380107298,48.904258728027344
2026-08-27 08:45:00-04:00,gold,4639.900138378143,4641.012171506882,-0.00023706701,2.6531898e-06,0.0002168526,0.00032449598,0.000265319,UP,0.0003539264279194014,1.5418560883480041,1.091521015036595,0.023485504161488646,0.00015316128215361053,0.00011025029380107298,48.904258728027344
2026-08-27 08:46:00-04:00,gold,4638.499957722088,4639.912070965511,-0.00030175512,2.5928202e-06,0.00026786127,0.00030917532,0.000259282,UP,0.0003488048240871109,1.5418560883480041,1.091521015036595,0.023485504161488646,0.00015316128215361053,0.00011025029380107298,48.904258728027344
2026-08-27 08:47:00-04:00,gold,4639.400206327438,4638.514376759529,0.00019398837,3.0603803e-06,0.0002060746,0.00030101748,0.00030603804,UP,0.00035173147012991935,1.5418560883480041,1.091521015036595,0.023485504161488646,0.00015316128215361053,0.00011025029380107298,48.904258728027344
2026-08-27 08:48:00-04:00,gold,4638.399694118096,4639.417047190305,-0.00021556835,3.6528309e-06,0.0003914064,0.0002992295,0.00036528308,UP,0.00035175867281120413,1.5418560883480041,1.091521015036595,0.023485504161488646,0.00015316128215361053,0.00011025029380107298,48.904258728027344
2026-08-27 08:49:00-04:00,gold,4637.000133829977,4638.418149375531,-0.0003018527,3.921543e-06,0.00038087543,0.00029258736,0.0003921543,UP,0.00035384104104236816,1.5418560883480041,1.091521015036595,0.023485504161488646,0.00015316128215361053,0.00011025029380107298,48.904258728027344
2026-08-27 08:50:00-04:00,gold,4637.0,4637.019899845123,0.0,4.248429e-06,0.0003895675,0.0002848615,0.0004248429,UP,0.0003441372099580761,1.5418560883480041,1.091521015036595,0.023485504161488646,0.00015316128215361053,0.00011025029380107298,48.904258728027344
2026-08-27 08:51:00-04:00,gold,4634.700185954571,4637.021005392075,-0.00049609126,4.4839257e-06,0.00025946557,0.00027850215,0.0004483926,UP,0.0003505108662274572,1.5418560883480041,1.091521015036595,0.023485504161488646,0.00015316128215361053,0.00011025029380107298,48.904258728027344
2026-08-27 08:52:00-04:00,gold,4634.599916686362,4634.723400283838,-2.1597672e-05,4.9943264e-06,0.00024161984,0.0002793568,0.0004994327,UP,0.00034937964197148685,1.5418560883480041,1.091521015036595,0.023485504161488646,0.00015316128215361053,0.00011025029380107298,48.904258728027344
2026-08-27 08:53:00-04:00,gold,4637.100103073346,4634.62440710119,0.00053927547,5.320395e-06,0.00043583807,0.00028037102,0.0005320395,UP,0.0003624331310060598,1.5418560883480041,1.091521015036595,0.023485504161488646,0.00015316128215361053,0.00011025029380107298,48.904258728027344
2026-08-27 08:54:00-04:00,gold,4638.200140618603,4637.124420214212,0.00023721013,5.2754867e-06,0.0005019866,0.00028033578,0.00052754866,UP,0.0003635849097744976,1.5418560883480041,1.091521015036595,0.023485504161488646,0.00015316128215361053,0.00011025029380107298,48.904258728027344
2026-08-27 08:55:00-04:00,gold,4637.600004397391,4638.224523640703,-0.00012938995,5.1762054e-06,0.00051648426,0.0002819418,0.00051762053,UP,0.00036347210277224703,1.5418560883480041,1.091521015036595,0.023485504161488646,0.00015316128215361053,0.00011025029380107298,48.904258728027344
2026-08-27 08:56:00-04:00,gold,4638.600194284518,4637.623869991803,0.00021560551,5.06648e-06,0.0005059343,0.000284194,0.000506648,UP,0.00036688994582309743,1.5418560883480041,1.091521015036595,0.023485504161488646,0.00015316128215361053,0.00011025029380107298,48.904258728027344
2026-08-27 08:57:00-04:00,gold,4640.100289590948,4638.622216225136,0.00032332115,4.8394368e-06,0.0005700249,0.00028323886,0.00048394367,UP,0.00037403683617621904,1.5418560883480041,1.091521015036595,0.023485504161488646,0.00015316128215361053,0.00011025029380107298,48.904258728027344
2026-08-27 08:58:00-04:00,gold,4636.700203984947,4640.121670234657,-0.00073299033,4.680365e-06,0.0003799738,0.00028584662,0.00046803648,UP,0.00038121171503799437,1.5418560883480041,1.091521015036595,0.023485504161488646,0.00015316128215361053,0.00011025029380107298,48.904258728027344
2026-08-27 08:59:00-04:00,gold,4639.299720885581,4636.72175208421,0.00056050223,4.6258856e-06,0.00032153315,0.0002915962,0.00046258856,UP,0.00036122039587352037,1.5418560883480041,1.091521015036595,0.023485504161488646,0.00015316128215361053,0.00011025029380107298,48.904258728027344
2026-08-27 09:00:00-04:00,gold,4638.099967846123,4639.321926592849,-0.00025863,4.6985347e-06,0.00025048025,0.00030503146,0.00046985346,UP,0.0003492376918258799,1.5418560883480041,1.091521015036595,0.023485504161488646,0.00015316128215361053,0.00011025029380107298,48.904258728027344
2026-08-27 09:01:00-04:00,gold,4638.29969622317,4638.123872554803,4.305701e-05,5.0651856e-06,0.00042490772,0.0003303717,0.0005065186,UP,0.0003497801368571065,1.5418560883480041,1.091521015036595,0.023485504161488646,0.00015316128215361053,0.00011025029380107298,48.904258728027344
2026-08-27 09:02:00-04:00,gold,4641.200467202114,4638.324133538175,0.0006251179,5.18398e-06,0.00032302566,0.00034208782,0.000518398,UP,0.00035649329133570804,1.5418560883480041,1.091521015036595,0.023485504161488646,0.00015316128215361053,0.00011025029380107298,48.904258728027344
2026-08-27 09:03:00-04:00,gold,4641.300337938708,4641.222326279618,2.1461756e-05,4.7840913e-06,0.00034115542,0.0003431717,0.0004784091,UP,0.00035475423339303584,1.5418560883480041,1.091521015036595,0.023485504161488646,0.00015316128215361053,0.00011025029380107298,48.904258728027344
2026-08-27 09:04:00-04:00,gold,4641.799975278787,4641.319722985383,0.00010772264,4.297819e-06,0.00033051634,0.00034240753,0.0004297819,UP,0.0003536184977340904,1.5418560883480041,1.091521015036595,0.023485504161488646,0.00015316128215361053,0.00011025029380107298,48.904258728027344
2026-08-27 09:05:00-04:00,gold,4643.100166981341,4641.820278476807,0.00028008767,4.4015856e-06,0.00032449348,0.00034549317,0.00044015856,UP,0.00035220358923000695,1.5418560883480041,1.091521015036595,0.023485504161488646,0.00015316128215361053,0.00011025029380107298,48.904258728027344
2026-08-27 09:06:00-04:00,gold,4640.599935157166,4643.117809677497,-0.0005385783,3.8456346e-06,0.000234906,0.00034256448,0.00038456346,UP,0.0003576571720514374,1.5418560883480041,1.091521015036595,0.023485504161488646,0.00015316128215361053,0.00011025029380107298,48.904258728027344
2026-08-27 09:07:00-04:00,gold,4639.399924527184,4640.6155873301905,-0.00025866277,3.3059441e-06,0.00016524155,0.00033955308,0.00033059443,UP,0.00032751986505460447,1.5418560883480041,1.091521015036595,0.023485504161488646,0.00015316128215361053,0.00011025029380107298,48.904258728027344
2026-08-27 09:08:00-04:00,gold,4640.200179536187,4639.414281892474,0.00017248436,3.1039397e-06,0.000221004,0.00033705897,0.00031039395,UP,0.0003293528230696437,1.5418560883480041,1.091521015036595,0.023485504161488646,0.00015316128215361053,0.00011025029380107298,48.904258728027344
2026-08-27 09:09:00-04:00,gold,4639.599745594023,4640.2107052569045,-0.00012933418,2.221217e-06,0.00046873387,0.00032631357,0.00022212171,UP,0.00032801372776590206,1.5418560883480041,1.091521015036595,0.023485504161488646,0.00015316128215361053,0.00011025029380107298,48.904258728027344
2026-08-27 09:10:00-04:00,gold,4640.799735619046,4639.60784082429,0.0002585464,1.6775433e-06,0.00045898638,0.0003127085,0.00016775433,UP,0.00032628017536242643,1.5418560883480041,1.091521015036595,0.023485504161488646,0.00015316128215361053,0.00011025029380107298,48.904258728027344
2026-08-27 09:11:00-04:00,gold,4641.899618865456,4640.807549857767,0.00023702104,1.6781079e-06,0.0004283763,0.0002997093,0.0001678108,UP,0.00032628122380240157,1.5418560883480041,1.091521015036595,0.023485504161488646,0.00015316128215361053,0.00011025029380107298,48.904258728027344
2026-08-27 09:12:00-04:00,gold,4643.100134955428,4641.908756065182,0.00025852348,1.854324e-06,0.00040258412,0.00028913116,0.0001854324,UP,0.0003298140369047165,1.5418560883480041,1.091521015036595,0.023485504161488646,0.00015316128215361053,0.00011025029380107298,48.904258728027344
2026-08-27 09:13:00-04:00,gold,4642.299458945839,4643.109507167537,-0.00017237663,1.9850818e-06,0.0004076258,0.0002815919,0.00019850818,UP,0.0003298157524710898,1.5418560883480041,1.091521015036595,0.023485504161488646,0.00015316128215361053,0.00011025029380107298,48.904258728027344
2026-08-27 09:14:00-04:00,gold,4638.499847458734,4642.308659171686,-0.00081885286,1.8843376e-06,0.00014412377,0.0002732848,0.00018843377,UP,0.00036049171898241516,1.5418560883480041,1.091521015036595,0.023485504161488646,0.00015316128215361053,0.00011025029380107298,48.904258728027344
2026-08-27 09:15:00-04:00,gold,4639.400206327438,4638.511611998081,0.00019398837,2.501402e-06,0.00016530836,0.00027487296,0.0002501402,UP,0.000360046050798954,1.5418560883480041,1.091521015036595,0.023485504161488646,0.00015316128215361053,0.00011025029380107298,48.904258728027344
2026-08-27 09:16:00-04:00,gold,4639.000040277315,4639.41483495204,-8.620071e-05,3.1965783e-06,0.00016016005,0.00028041838,0.00031965782,UP,0.0003560189834210293,1.5418560883480041,1.091521015036595,0.023485504161488646,0.00015316128215361053,0.00011025029380107298,48.904258728027344
2026-08-27 09:17:00-04:00,gold,4639.6005709171295,4639.016037344933,0.0001293509,3.5204337e-06,0.00016584336,0.0002827733,0.00035204337,UP,0.0003550213287692895,1.5418560883480041,1.091521015036595,0.023485504161488646,0.00015316128215361053,0.00011025029380107298,48.904258728027344
2026-08-27 09:18:00-04:00,gold,4639.60009765625,4639.617243242625,0.0,3.6334861e-06,0.00018877261,0.00028035662,0.0003633486,UP,0.00035265053028339644,1.5418560883480041,1.091521015036595,0.023485504161488646,0.00015316128215361053,0.00011025029380107298,48.904258728027344
2026-08-27 09:19:00-04:00,gold,4638.899894032045,4639.617796326056,-0.00015092856,3.845364e-06,0.00016414133,0.0002803213,0.0003845364,UP,0.0003491278941662464,1.5418560883480041,1.091521015036595,0.023485504161488646,0.00015316128215361053,0.00011025029380107298,48.904258728027344
2026-08-27 09:20:00-04:00,gold,4640.099912260543,4638.919257342408,0.00025869065,4.072464e-06,0.00022266853,0.00027958577,0.0004072464,UP,0.00035196145171421223,1.5418560883480041,1.091521015036595,0.023485504161488646,0.00015316128215361053,0.00011025029380107298,48.904258728027344
2026-08-27 09:21:00-04:00,gold,4640.8999424864305,4640.119457662513,0.00017235312,4.0870386e-06,0.00036433904,0.00027848172,0.00040870387,UP,0.00033893381006335865,1.5418560883480041,1.091521015036595,0.023485504161488646,0.00015316128215361053,0.00011025029380107298,48.904258728027344
2026-08-27 09:22:00-04:00,gold,4640.700183288485,4640.917052733537,-4.3032887e-05,3.6017332e-06,0.00038099108,0.00027242504,0.00036017332,UP,0.00033910075414294753,1.5418560883480041,1.091521015036595,0.023485504161488646,0.00015316128215361053,0.00011025029380107298,48.904258728027344
2026-08-27 09:23:00-04:00,gold,4640.000102269987,4640.7140256768325,-0.00015089278,2.9182124e-06,0.00034840917,0.000265181,0.00029182126,UP,0.0003275408407950158,1.5418560883480041,1.091521015036595,0.023485504161488646,0.00015316128215361053,0.00011025029380107298,48.904258728027344
2026-08-27 09:24:00-04:00,gold,4640.400466918945,4640.01106262207,8.618214e-05,2.31706e-06,0.00047313204,0.00026173014,0.00023170601,UP,0.00032525342091245686,1.5418560883480041,1.091521015036595,0.023485504161488646,0.00015316128215361053,0.00011025029380107298,48.904258728027344
2026-08-27 09:25:00-04:00,gold,4642.3996436175075,4640.407093667833,0.00043090447,1.5326382e-06,0.00043924717,0.00025727288,0.00015326381,UP,0.0003326323734290364,1.5418560883480041,1.091521015036595,0.023485504161488646,0.00015316128215361053,0.00011025029380107298,48.904258728027344
2026-08-27 09:26:00-04:00,gold,4645.79954416753,4642.4048830984975,0.00073209073,1.021989e-06,0.00036921623,0.00025431073,0.000102198894,UP,0.00035496220661314354,1.5418560883480041,1.091521015036595,0.023485504161488646,0.00015316128215361053,0.00011025029380107298,48.904258728027344
2026-08-27 09:27:00-04:00,gold,4645.200014926377,4645.8219575872645,-0.00012907316,4.7937706e-06,0.00040338543,0.0002800851,0.00047937705,UP,0.00035262792206963744,1.5418560883480041,1.091521015036595,0.023485504161488646,0.00015316128215361053,0.00011025029380107298,48.904258728027344
2026-08-27 09:28:00-04:00,gold,4645.300424246234,4645.223452855134,2.1443275e-05,4.931203e-06,0.0004516783,0.00030528146,0.0004931203,UP,0.00032138405361287187,1.5418560883480041,1.091521015036595,0.023485504161488646,0.00015316128215361053,0.00011025029380107298,48.904258728027344
2026-08-27 09:29:00-04:00,gold,4643.099981609092,4645.319186388631,-0.00047364607,4.1086105e-06,0.0008101787,0.0003138393,0.00041086104,UP,0.0003214970015278192,1.5418560883480041,1.091521015036595,0.023485504161488646,0.00015316128215361053,0.00011025029380107298,48.904258728027344
2026-08-27 09:30:00-04:00,gold,4643.299911395938,4643.117809677497,4.3010645e-05,3.835359e-06,0.0009276224,0.00032819546,0.00038353592,UP,0.00031693034214120744,1.5418560883480041,1.091521015036595,0.023485504161488646,0.00015316128215361053,0.00011025029380107298,48.904258728027344
2026-08-27 09:31:00-04:00,gold,4639.500135957089,4643.320285092923,-0.00081867643,4.3677737e-06,0.00097481225,0.00034253002,0.00043677737,UP,0.0003533301896817542,1.5418560883480041,1.091521015036595,0.023485504161488646,0.00015316128215361053,0.00011025029380107298,48.904258728027344
2026-08-27 09:32:00-04:00,gold,4636.200098901987,4639.52433514595,-0.0007114945,5.2646897e-06,0.0009491245,0.00035443573,0.00052646897,UP,0.0003571409864566812,1.5418560883480041,1.091521015036595,0.023485504161488646,0.00015316128215361053,0.00011025029380107298,48.904258728027344
2026-08-27 09:33:00-04:00,gold,4637.100507988711,4636.26651668828,0.00019408458,1.4318007e-05,0.00094506005,0.00038194115,0.0014318007,UP,0.0003594798555062026,1.5418560883480041,1.091521015036595,0.023485504161488646,0.00015316128215361053,0.00011025029380107298,48.904258728027344
2026-08-27 09:34:00-04:00,gold,4628.600192826794,4637.181909896666,-0.0018347241,1.760611e-05,0.00046903102,0.00038992285,0.001760611,UP,0.00048613709985523425,1.5418560883480041,1.091521015036595,0.023485504161488646,0.00015316128215361053,0.00011025029380107298,48.904258728027344
2026-08-27 09:35:00-04:00,gold,4630.999754646386,4628.7325229672715,0.0005183598,2.8617564e-05,0.00046619214,0.0004208553,0.0028617564,UP,0.0004943549302653101,1.5418560883480041,1.091521015036595,0.023485504161488646,0.00015316128215361053,0.00011025029380107298,48.904258728027344
2026-08-27 09:36:00-04:00,gold,4632.400019645691,4631.170033931732,0.00030224377,3.667198e-05,0.0005516678,0.00044501186,0.003667198,UP,0.0004916956701683146,1.5418560883480041,1.091521015036595,0.023485504161488646,0.00015316128215361053,0.00011025029380107298,48.904258728027344
2026-08-27 09:37:00-04:00,gold,4631.9001386270975,4632.592628904094,-0.00010794123,4.1635605e-05,0.00093190727,0.00046016797,0.0041635605,UP,0.0004903521089330664,1.5418560883480041,1.091521015036595,0.023485504161488646,0.00015316128215361053,0.00011025029380107298,48.904258728027344
2026-08-27 09:38:00-04:00,gold,4628.5996091704,4632.1014427500195,-0.0007126623,4.3526543e-05,0.0008266842,0.00046521839,0.0043526543,UP,0.0005027284434539977,1.5418560883480041,1.091521015036595,0.023485504161488646,0.00015316128215361053,0.00011025029380107298,48.904258728027344
2026-08-27 09:39:00-04:00,gold,4628.49995101479,4628.80756397685,-2.1626136e-05,4.4847427e-05,0.00090932014,0.00046811046,0.004484743,UP,0.0005027730473478589,1.5418560883480041,1.091521015036595,0.023485504161488646,0.00015316128215361053,0.00011025029380107298,48.904258728027344
2026-08-27 09:40:00-04:00,gold,4624.900040596724,4628.70139247179,-0.0007781135,4.352718e-05,0.00076662336,0.00046185649,0.004352718,UP,0.0005142025591180587,1.5418560883480041,1.091521015036595,0.023485504161488646,0.00015316128215361053,0.00011025029380107298,48.904258728027344
2026-08-27 09:41:00-04:00,gold,4627.499979488784,4625.110510797822,0.00056203746,4.5561806e-05,0.0010275833,0.0004665675,0.0045561804,UP,0.0005251724595209353,1.5418560883480041,1.091521015036595,0.023485504161488646,0.00015316128215361053,0.00011025029380107298,48.904258728027344
2026-08-27 09:42:00-04:00,gold,4634.200231432915,4627.705210447311,0.001446861,4.4348442e-05,0.0005921214,0.0004604808,0.004434844,UP,0.0005938429639770245,1.5418560883480041,1.091521015036595,0.023485504161488646,0.00015316128215361053,0.00011025029380107298,48.904258728027344
2026-08-27 09:43:00-04:00,gold,4634.099927504605,4634.409569963696,-2.1600003e-05,4.5093355e-05,0.00055452675,0.00046085374,0.0045093354,UP,0.0005935302535865959,1.5418560883480041,1.091521015036595,0.023485504161488646,0.00015316128215361053,0.00011025029380107298,48.904258728027344
2026-08-27 09:44:00-04:00,gold,4631.299565023772,4634.30560079054,-0.0006044624,4.4373224e-05,0.0010073006,0.00045667446,0.0044373223,UP,0.0005853055613299304,1.5418560883480041,1.091521015036595,0.023485504161488646,0.00015316128215361053,0.00011025029380107298,48.904258728027344
2026-08-27 09:45:00-04:00,gold,4631.700072808075,4631.509048298118,8.644945e-05,4.5231704e-05,0.0011120015,0.00045782348,0.00452317,UP,0.0005840772936507229,1.5418560883480041,1.091521015036595,0.023485504161488646,0.00015316128215361053,0.00011025029380107298,48.904258728027344
2026-08-27 09:46:00-04:00,gold,4625.499920208065,4631.89951846248,-0.0013395402,4.30116e-05,0.0007877266,0.00044902557,0.00430116,UP,0.0006293735152967863,1.5418560883480041,1.091521015036595,0.023485504161488646,0.00015316128215361053,0.00011025029380107298,48.904258728027344
2026-08-27 09:47:00-04:00,gold,4625.099957436323,4625.699056327343,-8.645976e-05,4.3095402e-05,0.00080130715,0.00044779308,0.00430954,UP,0.0006279293234105429,1.5418560883480041,1.091521015036595,0.023485504161488646,0.00015316128215361053,0.00011025029380107298,48.904258728027344
2026-08-27 09:48:00-04:00,gold,4622.800120704487,4625.295277289697,-0.0004974736,4.214563e-05,0.0011734418,0.0004435074,0.004214563,UP,0.0006316394315724347,1.5418560883480041,1.091521015036595,0.023485504161488646,0.00015316128215361053,0.00011025029380107298,48.904258728027344
2026-08-27 09:49:00-04:00,gold,4629.399546916597,4623.06818097888,0.0014267091,5.8023164e-05,0.00092645845,0.00049762666,0.0058023166,UP,0.0006919186890068804,1.5418560883480041,1.091521015036595,0.023485504161488646,0.00015316128215361053,0.00011025029380107298,48.904258728027344
2026-08-27 09:50:00-04:00,gold,4633.7993898417335,4629.692943972128,0.0009499747,6.331203e-05,0.0007296019,0.0005189438,0.006331203,UP,0.0007143462171505474,1.5418560883480041,1.091521015036595,0.023485504161488646,0.00015316128215361053,0.00011025029380107298,48.904258728027344
2026-08-27 09:51:00-04:00,gold,4634.299719431787,4634.115220509586,0.00010789698,6.793715e-05,0.00081194076,0.00053718494,0.006793715,UP,0.0007137663919033288,1.5418560883480041,1.091521015036595,0.023485504161488646,0.00015316128215361053,0.00011025029380107298,48.904258728027344
2026-08-27 09:52:00-04:00,gold,4633.500131014909,4634.606415318442,-0.00017259862,6.6179935e-05,0.0008105308,0.0005296698,0.0066179936,UP,0.0007141321672239746,1.5418560883480041,1.091521015036595,0.023485504161488646,0.00015316128215361053,0.00011025029380107298,48.904258728027344
2026-08-27 09:53:00-04:00,gold,4626.000106930733,4633.793301165104,-0.0016199582,6.318654e-05,0.00032864962,0.00051592843,0.006318654,UP,0.0007693210086957562,1.5418560883480041,1.091521015036595,0.023485504161488646,0.00015316128215361053,0.00011025029380107298,48.904258728027344
2026-08-27 09:54:00-04:00,gold,4625.099738001823,4626.291172027588,-0.00019455035,6.2919855e-05,0.0003219029,0.00051209633,0.0062919855,UP,0.0007686797763706606,1.5418560883480041,1.091521015036595,0.023485504161488646,0.00015316128215361053,0.00011025029380107298,48.904258728027344
2026-08-27 09:55:00-04:00,gold,4625.799767020217,4625.383494073176,0.00015127329,6.128157e-05,0.00031928482,0.00050350185,0.006128157,UP,0.0007635734703343645,1.5418560883480041,1.091521015036595,0.023485504161488646,0.00015316128215361053,0.00011025029380107298,48.904258728027344
2026-08-27 09:56:00-04:00,gold,4628.200215643621,4626.0722152118105,0.00051877904,5.8882946e-05,0.00013464043,0.00049192784,0.0058882944,UP,0.0007563260231829788,1.5418560883480041,1.091521015036595,0.023485504161488646,0.00015316128215361053,0.00011025029380107298,48.904258728027344
2026-08-27 09:57:00-04:00,gold,4626.699780651194,4628.453988562804,-0.00032415258,5.487553e-05,0.000120401084,0.0004746458,0.005487553,UP,0.0007571889613698987,1.5418560883480041,1.091521015036595,0.023485504161488646,0.00015316128215361053,0.00011025029380107298,48.904258728027344
2026-08-27 09:58:00-04:00,gold,4626.600089778251,4626.9351537565235,-2.1635016e-05,5.074024e-05,0.00019664997,0.00045728352,0.005074024,UP,0.0007569272996496507,1.5418560883480041,1.091521015036595,0.023485504161488646,0.00015316128215361053,0.00011025029380107298,48.904258728027344
2026-08-27 09:59:00-04:00,gold,4625.899925610545,4626.812438134861,-0.00015135268,4.582226e-05,0.00049349567,0.00043822042,0.004582226,UP,0.0007542270517071909,1.5418560883480041,1.091521015036595,0.023485504161488646,0.00015316128215361053,0.00011025029380107298,48.904258728027344
2026-08-27 10:00:00-04:00,gold,4625.3997369752615,4626.102284582157,-0.000108092914,4.364741e-05,0.00047974504,0.00042866118,0.004364741,UP,0.0007535814918039336,1.5418560883480041,1.091521015036595,0.023485504161488646,0.00015316128215361053,0.00011025029380107298,48.904258728027344
2026-08-27 10:01:00-04:00,gold,4623.899844117841,4625.598402972799,-0.00032434886,4.2809173e-05,0.0006305886,0.0004243471,0.0042809173,UP,0.0007433139125770759,1.5418560883480041,1.091521015036595,0.023485504161488646,0.00015316128215361053,0.00011025029380107298,48.904258728027344
2026-08-27 10:02:00-04:00,gold,4623.700363664073,4624.09062163427,-4.3191103e-05,4.1288917e-05,0.0006549597,0.0004185534,0.0041288915,UP,0.00073469946786397,1.5418560883480041,1.091521015036595,0.023485504161488646,0.00015316128215361053,0.00011025029380107298,48.904258728027344
2026-08-27 10:03:00-04:00,gold,4624.700601560413,4623.880433793529,0.0002162536,3.8992344e-05,0.00067859417,0.00041074917,0.0038992343,UP,0.0007350059432670232,1.5418560883480041,1.091521015036595,0.023485504161488646,0.00015316128215361053,0.00011025029380107298,48.904258728027344
2026-08-27 10:04:00-04:00,gold,4629.10017827258,4624.878267546068,0.0009509396,3.8396567e-05,0.00056052266,0.0004080524,0.0038396567,UP,0.0006809986968543344,1.5418560883480041,1.091521015036595,0.023485504161488646,0.00015316128215361053,0.00011025029380107298,48.904258728027344
2026-08-27 10:05:00-04:00,gold,4630.799739396665,4629.275028315897,0.00036711132,3.780746e-05,0.00052304415,0.00040580065,0.003780746,UP,0.0006776072449161058,1.5418560883480041,1.091521015036595,0.023485504161488646,0.00015316128215361053,0.00011025029380107298,48.904258728027344
2026-08-27 10:06:00-04:00,gold,4627.200264677231,4630.96651906264,-0.00077762135,3.5976842e-05,0.00037748023,0.00040031289,0.0035976842,UP,0.000689496513889235,1.5418560883480041,1.091521015036595,0.023485504161488646,0.00015316128215361053,0.00011025029380107298,48.904258728027344
2026-08-27 10:07:00-04:00,gold,4630.200376255787,4627.364573676372,0.00064813014,3.5493293e-05,0.00032936156,0.00039891482,0.0035493292,UP,0.0007005579987101727,1.5418560883480041,1.091521015036595,0.023485504161488646,0.00015316128215361053,0.00011025029380107298,48.904258728027344
2026-08-27 10:08:00-04:00,gold,4629.700392928498,4630.353089029086,-0.00010799252,3.297921e-05,0.0003423455,0.00039233774,0.0032979208,UP,0.0006883043603436866,1.5418560883480041,1.091521015036595,0.023485504161488646,0.00015316128215361053,0.00011025029380107298,48.904258728027344
2026-08-27 10:09:00-04:00,gold,4628.299740762042,4629.838171130279,-0.0003025255,2.9776531e-05,0.00033446532,0.0003840188,0.0029776532,UP,0.000690629376482153,1.5418560883480041,1.091521015036595,0.023485504161488646,0.00015316128215361053,0.00011025029380107298,48.904258728027344
2026-08-27 10:10:00-04:00,gold,4628.7003652642015,4628.427807516418,8.650548e-05,2.7568274e-05,0.00047631818,0.00037870058,0.0027568275,UP,0.0006749657820389357,1.5418560883480041,1.091521015036595,0.023485504161488646,0.00015316128215361053,0.00011025029380107298,48.904258728027344
2026-08-27 10:11:00-04:00,gold,4630.400242006988,4628.81496639736,0.00036714305,2.4872315e-05,0.00045921362,0.00037246261,0.0024872315,UP,0.0006705648886844378,1.5418560883480041,1.091521015036595,0.023485504161488646,0.00015316128215361053,0.00011025029380107298,48.904258728027344
2026-08-27 10:12:00-04:00,gold,4628.200235413213,4630.50036392,-0.00047517053,2.1610393e-05,0.00034796388,0.0003652042,0.0021610393,UP,0.0006194322009971992,1.5418560883480041,1.091521015036595,0.023485504161488646,0.00015316128215361053,0.00011025029380107298,48.904258728027344
2026-08-27 10:13:00-04:00,gold,4628.799919797457,4628.290126399021,0.00012954723,1.9303223e-05,0.00035535175,0.00036084224,0.0019303223,UP,0.0006202265118975237,1.5418560883480041,1.091521015036595,0.023485504161488646,0.00015316128215361053,0.00011025029380107298,48.904258728027344
2026-08-27 10:14:00-04:00,gold,4627.600200322224,4628.878159710439,-0.00025921676,1.687535e-05,0.0004571274,0.00035676296,0.0016875351,UP,0.0006125131677616693,1.5418560883480041,1.091521015036595,0.023485504161488646,0.00015316128215361053,0.00011025029380107298,48.904258728027344
2026-08-27 10:15:00-04:00,gold,4630.900085423491,4627.660779477446,0.00071281625,1.3086924e-05,0.0005341107,0.00034985004,0.0013086924,UP,0.0006270088566442378,1.5418560883480041,1.091521015036595,0.023485504161488646,0.00015316128215361053,0.00011025029380107298,48.904258728027344
2026-08-27 10:16:00-04:00,gold,4631.900210216409,4630.947378324461,0.00021591742,1.0239907e-05,0.0006335703,0.000345507,0.0010239907,UP,0.000575130790332082,1.5418560883480041,1.091521015036595,0.023485504161488646,0.00015316128215361053,0.00011025029380107298,48.904258728027344
2026-08-27 10:17:00-04:00,gold,4633.200252088311,4631.933584439044,0.00028068622,7.153657e-06,0.0006295794,0.00034100952,0.0007153657,UP,0.0005761154568844788,1.5418560883480041,1.091521015036595,0.023485504161488646,0.00015316128215361053,0.00011025029380107298,48.904258728027344
2026-08-27 10:18:00-04:00,gold,4635.200147856143,4633.230020619696,0.00043157395,6.3384086e-06,0.00059996534,0.00034162766,0.00063384086,UP,0.0005701451030771078,1.5418560883480041,1.091521015036595,0.023485504161488646,0.00015316128215361053,0.00011025029380107298,48.904258728027344
2026-08-27 10:19:00-04:00,gold,4632.799603074964,4635.223402787233,-0.0005179954,5.000491e-06,0.0006454007,0.00034105408,0.0005000491,UP,0.0005212248538022365,1.5418560883480041,1.091521015036595,0.023485504161488646,0.00015316128215361053,0.00011025029380107298,48.904258728027344
2026-08-27 10:20:00-04:00,gold,4637.299723244738,4632.817477416247,0.0009708634,3.7246534e-06,0.0003239138,0.00034018743,0.00037246535,UP,0.0005225178895472116,1.5418560883480041,1.091521015036595,0.023485504161488646,0.00015316128215361053,0.00011025029380107298,48.904258728027344
2026-08-27 10:21:00-04:00,gold,4635.0999004158075,4637.331867621979,-0.00047446336,6.9289117e-06,0.00039621262,0.00034998584,0.0006928912,UP,0.0005301024831772188,1.5418560883480041,1.091521015036595,0.023485504161488646,0.00015316128215361053,0.00011025029380107298,48.904258728027344
2026-08-27 10:22:00-04:00,gold,4635.2001086613745,4635.138775945525,2.1595342e-05,8.2972765e-06,0.00038981816,0.00035569264,0.0008297276,UP,0.0005290325240198423,1.5418560883480041,1.091521015036595,0.023485504161488646,0.00015316128215361053,0.00011025029380107298,48.904258728027344
2026-08-27 10:23:00-04:00,gold,4634.8998795382795,4635.237216760288,-6.478742e-05,7.9632055e-06,0.00053331465,0.00035673662,0.00079632056,UP,0.00043078352269531066,1.5418560883480041,1.091521015036595,0.023485504161488646,0.00015316128215361053,0.00011025029380107298,48.904258728027344
2026-08-27 10:24:00-04:00,gold,4631.600234244252,4634.931948684971,-0.0007122009,6.9255248e-06,0.00046261604,0.00035525655,0.0006925525,UP,0.00045136406034003516,1.5418560883480041,1.091521015036595,0.023485504161488646,0.00015316128215361053,0.00011025029380107298,48.904258728027344
2026-08-27 10:25:00-04:00,gold,4628.8999070790305,4631.660831929534,-0.00058316404,1.3090932e-05,0.00023789905,0.0003728235,0.0013090932,UP,0.00046520564445463983,1.5418560883480041,1.091521015036595,0.023485504161488646,0.00015316128215361053,0.00011025029380107298,48.904258728027344
2026-08-27 10:26:00-04:00,gold,4629.799900977698,4628.973292790295,0.00019439065,1.5766353e-05,0.00023518124,0.00038094496,0.0015766353,UP,0.00045696327336895265,1.5418560883480041,1.091521015036595,0.023485504161488646,0.00015316128215361053,0.00011025029380107298,48.904258728027344
2026-08-27 10:27:00-04:00,gold,4629.700459961314,4629.872105571558,-2.1515065e-05,1.5569356e-05,0.00030236514,0.00038089373,0.0015569356,UP,0.000452616369031675,1.5418560883480041,1.091521015036595,0.023485504161488646,0.00015316128215361053,0.00011025029380107298,48.904258728027344
2026-08-27 10:28:00-04:00,gold,4632.299659719458,4629.756489446154,0.00056134944,1.2105968e-05,0.00027006154,0.00037187347,0.0012105969,UP,0.00046309146606741107,1.5418560883480041,1.091521015036595,0.023485504161488646,0.00015316128215361053,0.00011025029380107298,48.904258728027344
2026-08-27 10:29:00-04:00,gold,4634.600324748317,4632.348399446346,0.00049645366,1.043563e-05,0.00023377828,0.00036764969,0.001043563,UP,0.0004688773382083946,1.5418560883480041,1.091521015036595,0.023485504161488646,0.00015316128215361053,0.00011025029380107298,48.904258728027344
2026-08-27 10:30:00-04:00,gold,4636.399549069174,4634.6426391848945,0.0003882655,9.119898e-06,0.00025957622,0.00036414017,0.00091198983,UP,0.0004713937847872604,1.5418560883480041,1.091521015036595,0.023485504161488646,0.00015316128215361053,0.00011025029380107298,48.904258728027344
2026-08-27 10:31:00-04:00,gold,4637.399740150373,4636.465673874423,0.00021566132,1.40754455e-05,0.00027685342,0.0003776981,0.0014075446,UP,0.00046572725645547956,1.5418560883480041,1.091521015036595,0.023485504161488646,0.00015316128215361053,0.00011025029380107298,48.904258728027344
2026-08-27 10:32:00-04:00,gold,4636.500185925834,4637.473980377545,-0.00019407205,1.5945898e-05,0.0001774119,0.00038289482,0.0015945898,UP,0.00046810481568931135,1.5418560883480041,1.091521015036595,0.023485504161488646,0.00015316128215361053,0.00011025029380107298,48.904258728027344
2026-08-27 10:33:00-04:00,gold,4638.200147867203,4636.561903953552,0.0003666308,1.32971645e-05,0.00019828927,0.00037577917,0.0013297164,UP,0.00047027957178910265,1.5418560883480041,1.091521015036595,0.023485504161488646,0.00015316128215361053,0.00011025029380107298,48.904258728027344
2026-08-27 10:34:00-04:00,gold,4639.100343456026,4638.244428636506,0.0001940009,9.5495325e-06,0.00032917975,0.00036584525,0.00095495326,UP,0.0004423465837256729,1.5418560883480041,1.091521015036595,0.023485504161488646,0.00015316128215361053,0.00011025029380107298,48.904258728027344
2026-08-27 10:35:00-04:00,gold,4641.400123751897,4639.126089776109,0.0004956209,5.503998e-06,0.00028058852,0.00035357228,0.0005503998,UP,0.000445913037161157,1.5418560883480041,1.091521015036595,0.023485504161488646,0.00015316128215361053,0.00011025029380107298,48.904258728027344
2026-08-27 10:36:00-04:00,gold,4643.399521261104,4641.4253540510545,0.0004308117,5.36463e-06,0.00020493027,0.00035375866,0.000536463,UP,0.0004199631030987087,1.5418560883480041,1.091521015036595,0.023485504161488646,0.00015316128215361053,0.00011025029380107298,48.904258728027344
2026-08-27 10:37:00-04:00,gold,4643.700472610828,4643.426472091116,6.4668835e-05,5.6890294e-06,0.0003394168,0.00035524587,0.00056890293,UP,0.0004078234814559858,1.5418560883480041,1.091521015036595,0.023485504161488646,0.00015316128215361053,0.00011025029380107298,48.904258728027344
2026-08-27 10:38:00-04:00,gold,4644.099874441745,4643.717356050736,8.611347e-05,3.6471401e-06,0.00069733686,0.00034810675,0.000364714,UP,0.00040599268101530116,1.5418560883480041,1.091521015036595,0.023485504161488646,0.00015316128215361053,0.00011025029380107298,48.904258728027344
2026-08-27 10:39:00-04:00,gold,4642.6000646096945,4644.115599012701,-0.00032304262,3.3053027e-06,0.00064692,0.00034626303,0.00033053028,UP,0.0004067167254025297,1.5418560883480041,1.091521015036595,0.023485504161488646,0.00015316128215361053,0.00011025029380107298,48.904258728027344
2026-08-27 10:40:00-04:00,gold,4642.000167547958,4642.612273359555,-0.00012926731,2.6038483e-06,0.0006153701,0.00034102416,0.00026038484,UP,0.0004089187356672279,1.5418560883480041,1.091521015036595,0.023485504161488646,0.00015316128215361053,0.00011025029380107298,48.904258728027344
2026-08-27 10:41:00-04:00,gold,4640.400208711624,4642.007193803787,-0.00034475946,1.495263e-06,0.00062178244,0.00033249005,0.0001495263,UP,0.00041325447965788584,1.5418560883480041,1.091521015036595,0.023485504161488646,0.00015316128215361053,0.00011025029380107298,48.904258728027344
2026-08-27 10:42:00-04:00,gold,4642.599894334271,4640.405434131506,0.0004740268,1.1721829e-06,0.0007405626,0.00032747013,0.00011721829,UP,0.0004062027051592403,1.5418560883480041,1.091521015036595,0.023485504161488646,0.00015316128215361053,0.00011025029380107298,48.904258728027344
2026-08-27 10:43:00-04:00,gold,4648.600505621289,4642.605078625784,0.0012915449,1.0531203e-06,0.00045539474,0.0003239493,0.00010531203,UP,0.00046059880652837615,1.5418560883480041,1.091521015036595,0.023485504161488646,0.00015316128215361053,0.00011025029380107298,48.904258728027344
2026-08-27 10:44:00-04:00,gold,4648.800148085982,4648.621709752537,4.295976e-05,4.551266e-06,0.00048683127,0.0003543766,0.0004551266,UP,0.0004547816812453167,1.5418560883480041,1.091521015036595,0.023485504161488646,0.00015316128215361053,0.00011025029380107298,48.904258728027344
2026-08-27 10:45:00-04:00,gold,4651.4997702417895,4648.90897817153,0.00058066845,2.3457738e-05,0.00032143903,0.0004077918,0.0023457739,UP,0.00044977415858893133,1.5418560883480041,1.091521015036595,0.023485504161488646,0.00015316128215361053,0.00011025029380107298,48.904258728027344
2026-08-27 10:46:00-04:00,gold,4649.799896836281,4651.635852992535,-0.0003655823,2.9184948e-05,0.00031637863,0.00042472704,0.0029184949,UP,0.0004591780200453378,1.5418560883480041,1.091521015036595,0.023485504161488646,0.00015316128215361053,0.00011025029380107298,48.904258728027344
2026-08-27 10:47:00-04:00,gold,4647.3996885831,4649.947248309618,-0.0005162635,3.1763197e-05,0.00025300708,0.00043217608,0.0031763196,UP,0.0004729213108151256,1.5418560883480041,1.091521015036595,0.023485504161488646,0.00015316128215361053,0.00011025029380107298,48.904258728027344
2026-08-27 10:48:00-04:00,gold,4648.799893802789,4647.548931905476,0.00030117735,3.20927e-05,0.00018293834,0.0004326464,0.0032092698,UP,0.0004703797010831777,1.5418560883480041,1.091521015036595,0.023485504161488646,0.00015316128215361053,0.00011025029380107298,48.904258728027344
2026-08-27 10:49:00-04:00,gold,4647.000104741368,4648.937241357751,-0.00038722964,2.9599516e-05,0.00015020311,0.00042429793,0.0029599515,UP,0.0004650560215416628,1.5418560883480041,1.091521015036595,0.023485504161488646,0.00015316128215361053,0.00011025029380107298,48.904258728027344
2026-08-27 10:50:00-04:00,gold,4646.299510538578,4647.120764493942,-0.0001506882,2.5997011e-05,0.00022612438,0.00041274496,0.002599701,UP,0.00043701396841823193,1.5418560883480041,1.091521015036595,0.023485504161488646,0.00015316128215361053,0.00011025029380107298,48.904258728027344
2026-08-27 10:51:00-04:00,gold,4646.000154472073,4646.392302997992,-6.452755e-05,1.9884254e-05,0.00030350545,0.0003943969,0.0019884254,UP,0.00042584438738780286,1.5418560883480041,1.091521015036595,0.023485504161488646,0.00015316128215361053,0.00011025029380107298,48.904258728027344
2026-08-27 10:52:00-04:00,gold,4646.19993853569,4646.06701540947,4.308889e-05,1.4448599e-05,0.00030012403,0.00037891752,0.0014448599,UP,0.0004257636191239061,1.5418560883480041,1.091521015036595,0.023485504161488646,0.00015316128215361053,0.00011025029380107298,48.904258728027344
2026-08-27 10:53:00-04:00,gold,4646.5003929741215,4646.2417355793295,6.452477e-05,8.932123e-06,0.00030903734,0.00036425376,0.0008932123,UP,0.0004249104023650171,1.5418560883480041,1.091521015036595,0.023485504161488646,0.00015316128215361053,0.00011025029380107298,48.904258728027344
2026-08-27 10:54:00-04:00,gold,4645.100002676249,4646.521048426628,-0.00030132642,4.514695e-06,0.0002795231,0.00035168388,0.00045146947,UP,0.00040452983122704584,1.5418560883480041,1.091521015036595,0.023485504161488646,0.00015316128215361053,0.00011025029380107298,48.904258728027344
2026-08-27 10:55:00-04:00,gold,4643.000319055282,4645.103420090745,-0.00045221252,6.432581e-07,0.00021629865,0.00033434413,6.432581e-05,UP,0.00039758841501335,1.5418560883480041,1.091521015036595,0.023485504161488646,0.00015316128215361053,0.00011025029380107298,48.904258728027344
2026-08-27 10:56:00-04:00,gold,4644.400326490402,4642.999446511269,0.00030146271,-1.8114497e-07,0.00021913297,0.0003194395,-1.8114497e-05,DOWN,0.00039893030922979404,1.5418560883480041,1.091521015036595,0.023485504161488646,0.00015316128215361053,0.00011025029380107298,48.904258728027344
2026-08-27 10:57:00-04:00,gold,4644.39990234375,4644.397687721299,0.0,-5.2796054e-07,0.0003572776,0.00030297218,-5.2796055e-05,DOWN,0.00039871424680786477,1.5418560883480041,1.091521015036595,0.023485504161488646,0.00015316128215361053,0.00011025029380107298,48.904258728027344
2026-08-27 10:58:00-04:00,gold,4645.000065027969,4644.401563310588,0.00012920052,3.9926545e-07,0.0003617879,0.0002914172,3.9926545e-05,UP,0.0003893772997735782,1.5418560883480041,1.091521015036595,0.023485504161488646,0.00015316128215361053,0.00011025029380107298,48.904258728027344
2026-08-27 10:59:00-04:00,gold,4645.100224614143,4645.00609099865,2.1549316e-05,1.2391301e-06,0.00036560756,0.00027852977,0.00012391302,UP,0.0003819170728576527,1.5418560883480041,1.091521015036595,0.023485504161488646,0.00015316128215361053,0.00011025029380107298,48.904258728027344
2026-08-27 11:00:00-04:00,gold,4647.500002839952,4645.108403742488,0.000516519,1.7761806e-06,0.0002956235,0.00026830303,0.00017761806,UP,0.00038623533941447213,1.5418560883480041,1.091521015036595,0.023485504161488646,0.00015316128215361053,0.00011025029380107298,48.904258728027344
2026-08-27 11:01:00-04:00,gold,4649.000300168991,4647.509972453117,0.0003227021,2.0890677e-06,0.0002492602,0.00026516634,0.00020890677,UP,0.0003880249642825584,1.5418560883480041,1.091521015036595,0.023485504161488646,0.00015316128215361053,0.00011025029380107298,48.904258728027344
2026-08-27 11:02:00-04:00,gold,4646.999877810478,4649.009975671768,-0.0004302926,2.154749e-06,0.00018235916,0.00026347642,0.0002154749,UP,0.0003961565968824282,1.5418560883480041,1.091521015036595,0.023485504161488646,0.00015316128215361053,0.00011025029380107298,48.904258728027344
2026-08-27 11:03:00-04:00,gold,4646.899732232094,4647.011633276939,-2.1540505e-05,2.4369183e-06,0.00018236334,0.00026341464,0.00024369183,UP,0.0003926410639559496,1.5418560883480041,1.091521015036595,0.023485504161488646,0.00015316128215361053,0.00011025029380107298,48.904258728027344
2026-08-27 11:04:00-04:00,gold,4648.00005426479,4646.918182813737,0.00023670995,3.888105e-06,0.00010718216,0.0002702638,0.0003888105,UP,0.0003932113729858388,1.5418560883480041,1.091521015036595,0.023485504161488646,0.00015316128215361053,0.00011025029380107298,48.904258728027344
2026-08-27 11:05:00-04:00,gold,4647.700517177582,4648.017730712891,-6.450395e-05,3.8290186e-06,0.00019287896,0.00027165088,0.00038290187,UP,0.0003852203828083113,1.5418560883480041,1.091521015036595,0.023485504161488646,0.00015316128215361053,0.00011025029380107298,48.904258728027344
2026-08-27 11:06:00-04:00,gold,4646.59985392238,4647.717370832688,-0.00023672523,3.5868334e-06,0.00015715515,0.00027118291,0.00035868335,UP,0.0003814404747309372,1.5418560883480041,1.091521015036595,0.023485504161488646,0.00015316128215361053,0.00011025029380107298,48.904258728027344
2026-08-27 11:07:00-04:00,gold,4645.799963254802,4646.616161275248,-0.00017224677,3.4721927e-06,0.00010826125,0.00027099598,0.00034721926,UP,0.000382997859245454,1.5418560883480041,1.091521015036595,0.023485504161488646,0.00015316128215361053,0.00011025029380107298,48.904258728027344
2026-08-27 11:08:00-04:00,gold,4645.700393549807,4645.816419362323,-2.1440967e-05,3.5737523e-06,9.579248e-05,0.00027187873,0.00035737525,UP,0.000382813900510106,1.5418560883480041,1.091521015036595,0.023485504161488646,0.00015316128215361053,0.00011025029380107298,48.904258728027344
2026-08-27 11:09:00-04:00,gold,4645.800435034675,4645.715702009853,2.1440967e-05,3.2929745e-06,0.00032475538,0.00026814395,0.00032929744,UP,0.0003775634918971134,1.5418560883480041,1.091521015036595,0.023485504161488646,0.00015316128215361053,0.00011025029380107298,48.904258728027344
2026-08-27 11:10:00-04:00,gold,4646.999938032241,4645.814757894841,0.0002583065,3.16194e-06,0.00045917043,0.00026693888,0.000316194,UP,0.0003788020536827015,1.5418560883480041,1.091521015036595,0.023485504161488646,0.00015316128215361053,0.00011025029380107298,48.904258728027344
2026-08-27 11:11:00-04:00,gold,4647.399963140488,4647.013295173645,8.605232e-05,2.8317609e-06,0.0004627846,0.00026536087,0.00028317608,UP,0.0003719782130556122,1.5418560883480041,1.091521015036595,0.023485504161488646,0.00015316128215361053,0.00011025029380107298,48.904258728027344
2026-08-27 11:12:00-04:00,gold,4647.999898683338,4647.410982608562,0.0001291171,2.3463867e-06,0.0004690364,0.0002631796,0.00023463868,UP,0.00036366340483550005,1.5418560883480041,1.091521015036595,0.023485504161488646,0.00015316128215361053,0.00011025029380107298,48.904258728027344
2026-08-27 11:13:00-04:00,gold,4649.000123023987,4648.00775718689,0.00021512315,1.5877617e-06,0.00047950944,0.00025954205,0.00015877618,UP,0.00027893051479086135,1.5418560883480041,1.091521015036595,0.023485504161488646,0.00015316128215361053,0.00011025029380107298,48.904258728027344
2026-08-27 11:14:00-04:00,gold,4646.500262916088,4649.001108407974,-0.00053789467,1.4210309e-07,0.00034986006,0.0002522388,1.4210309e-05,UP,0.00029570065042001156,1.5418560883480041,1.091521015036595,0.023485504161488646,0.00015316128215361053,0.00011025029380107298,48.904258728027344
2026-08-27 11:15:00-04:00,gold,4649.999577879906,4646.495568752289,0.00075297157,-9.552743e-07,0.00033266767,0.00024587836,-9.552744e-05,DOWN,0.0003090826951671937,1.5418560883480041,1.091521015036595,0.023485504161488646,0.00015316128215361053,0.00011025029380107298,48.904258728027344
2026-08-27 11:16:00-04:00,gold,4650.0,4649.997228384018,0.0,-6.3706125e-07,0.0003422887,0.00024616695,-6.3706124e-05,DOWN,0.0003017307423236683,1.5418560883480041,1.091521015036595,0.023485504161488646,0.00015316128215361053,0.00011025029380107298,48.904258728027344
2026-08-27 11:17:00-04:00,gold,4649.70038831234,4650.0,-6.44762e-05,6.779737e-08,0.00035816678,0.00024901118,6.7797373e-06,UP,0.0002858642295046455,1.5418560883480041,1.091521015036595,0.023485504161488646,0.00015316128215361053,0.00011025029380107298,48.904258728027344
2026-08-27 11:18:00-04:00,gold,4651.200097170891,4649.701858174871,0.00032254943,3.4679056e-07,0.00032721605,0.00025019448,3.4679055e-05,UP,0.0002866240328224138,1.5418560883480041,1.091521015036595,0.023485504161488646,0.00015316128215361053,0.00011025029380107298,48.904258728027344
2026-08-27 11:19:00-04:00,gold,4651.000032988726,4651.203522110125,-4.304257e-05,6.8784675e-07,0.00031571978,0.00025180113,6.878468e-05,UP,0.0002765921709055402,1.5418560883480041,1.091521015036595,0.023485504161488646,0.00015316128215361053,0.00011025029380107298,48.904258728027344
2026-08-27 11:20:00-04:00,gold,4648.200343072414,4651.005544424057,-0.00060216035,1.1424686e-06,0.00029647304,0.0002541054,0.00011424686,UP,0.00029812056451779457,1.5418560883480041,1.091521015036595,0.023485504161488646,0.00015316128215361053,0.00011025029380107298,48.904258728027344
2026-08-27 11:21:00-04:00,gold,4646.799685717386,4648.2112774853595,-0.00030132127,2.3666696e-06,0.0002992723,0.0002601673,0.00023666697,UP,0.0003033496994188667,1.5418560883480041,1.091521015036595,0.023485504161488646,0.00015316128215361053,0.00011025029380107298,48.904258728027344
2026-08-27 11:22:00-04:00,gold,4644.899784644833,4646.813653230085,-0.00040894613,2.9498196e-06,0.0002530592,0.0002635365,0.00029498196,UP,0.00031251703154704704,1.5418560883480041,1.091521015036595,0.023485504161488646,0.00015316128215361053,0.00011025029380107298,48.904258728027344
2026-08-27 11:23:00-04:00,gold,4646.00013448071,4644.913745224185,0.00023681186,2.8809939e-06,0.0003842505,0.000262854,0.0002880994,UP,0.00031548969829181257,1.5418560883480041,1.091521015036595,0.023485504161488646,0.00015316128215361053,0.00011025029380107298,48.904258728027344
2026-08-27 11:24:00-04:00,gold,4644.200553178787,4646.018276929855,-0.00038746302,3.880487e-06,0.0004220981,0.00026840594,0.0003880487,UP,0.0003186675564089273,1.5418560883480041,1.091521015036595,0.023485504161488646,0.00015316128215361053,0.00011025029380107298,48.904258728027344
2026-08-27 11:25:00-04:00,gold,4644.599917476298,4644.218465162092,8.61042e-05,4.001123e-06,0.00047297913,0.00026983497,0.00040011233,UP,0.0003076706338349671,1.5418560883480041,1.091521015036595,0.023485504161488646,0.00015316128215361053,0.00011025029380107298,48.904258728027344
2026-08-27 11:26:00-04:00,gold,4644.999854239286,4644.61836907902,8.6096785e-05,3.862633e-06,0.0004754343,0.00026789703,0.0003862633,UP,0.0003031502805649831,1.5418560883480041,1.091521015036595,0.023485504161488646,0.00015316128215361053,0.00011025029380107298,48.904258728027344
2026-08-27 11:27:00-04:00,gold,4646.000031232834,4645.014396905899,0.00021526207,3.1241113e-06,0.000547077,0.00026374293,0.00031241114,UP,0.000305582092414295,1.5418560883480041,1.091521015036595,0.023485504161488646,0.00015316128215361053,0.00011025029380107298,48.904258728027344
2026-08-27 11:28:00-04:00,gold,4649.200124263763,4646.009969234467,0.00068856945,2.159824e-06,0.0004714176,0.00025864015,0.00021598239,UP,0.0003291814294522885,1.5418560883480041,1.091521015036595,0.023485504161488646,0.00015316128215361053,0.00011025029380107298,48.904258728027344
2026-08-27 11:29:00-04:00,gold,4646.899595497758,4649.2096171859885,-0.00049489416,1.9534373e-06,0.00035748893,0.0002578435,0.00019534373,UP,0.0003428614962337273,1.5418560883480041,1.091521015036595,0.023485504161488646,0.00015316128215361053,0.00011025029380107298,48.904258728027344
2026-08-27 11:30:00-04:00,gold,4649.700137973588,4646.911535370105,0.0006024338,2.4724345e-06,0.00029841103,0.00026039343,0.00024724344,UP,0.0003475433705568027,1.5418560883480041,1.091521015036595,0.023485504161488646,0.00015316128215361053,0.00011025029380107298,48.904258728027344
2026-08-27 11:31:00-04:00,gold,4651.799836199265,4649.71626964875,0.0004514561,3.4746533e-06,0.0002983766,0.00026569236,0.00034746533,UP,0.0003522297214369932,1.5418560883480041,1.091521015036595,0.023485504161488646,0.00015316128215361053,0.00011025029380107298,48.904258728027344
2026-08-27 11:32:00-04:00,gold,4650.4001514068805,4651.819213508745,-0.00030098305,4.0480927e-06,0.00030341515,0.0002706561,0.00040480928,UP,0.0003472869365561416,1.5418560883480041,1.091521015036595,0.023485504161488646,0.00015316128215361053,0.00011025029380107298,48.904258728027344
2026-08-27 11:33:00-04:00,gold,4651.00028599432,4650.4198596950155,0.00012903383,4.3104924e-06,0.00030922395,0.00027716806,0.00043104924,UP,0.0003476874650587326,1.5418560883480041,1.091521015036595,0.023485504161488646,0.00015316128215361053,0.00011025029380107298,48.904258728027344
2026-08-27 11:34:00-04:00,gold,4651.100354075432,4651.019959926605,2.1521517e-05,4.2371444e-06,0.00030735202,0.0002815226,0.00042371443,UP,0.00034547639313470713,1.5418560883480041,1.091521015036595,0.023485504161488646,0.00015316128215361053,0.00011025029380107298,48.904258728027344
2026-08-27 11:35:00-04:00,gold,4652.800054657389,4651.1195035580895,0.0003653752,4.0591976e-06,0.00027964526,0.00028691918,0.00040591977,UP,0.0003506313972109711,1.5418560883480041,1.091521015036595,0.023485504161488646,0.00015316128215361053,0.00011025029380107298,48.904258728027344
2026-08-27 11:36:00-04:00,gold,4651.200451345823,4652.818108367152,-0.0003438541,3.869778e-06,0.00032477462,0.00029445498,0.0003869778,UP,0.0003540387030717357,1.5418560883480041,1.091521015036595,0.023485504161488646,0.00015316128215361053,0.00011025029380107298,48.904258728027344
2026-08-27 11:37:00-04:00,gold,4653.100351222674,4651.218492699438,0.0004083923,3.8822172e-06,0.0003197379,0.000309129,0.00038822173,UP,0.00035827787903278477,1.5418560883480041,1.091521015036595,0.023485504161488646,0.00015316128215361053,0.00011025029380107298,48.904258728027344
2026-08-27 11:38:00-04:00,gold,4653.000252960017,4653.117847824469,-2.1512267e-05,3.7822574e-06,0.0004996496,0.000322916,0.00037822576,UP,0.0003582783859854464,1.5418560883480041,1.091521015036595,0.023485504161488646,0.00015316128215361053,0.00011025029380107298,48.904258728027344
2026-08-27 11:39:00-04:00,gold,4653.600164651871,4653.014421701431,0.00012896172,3.0701767e-06,0.0005477455,0.00032151997,0.00030701768,UP,0.0003584958020039364,1.5418560883480041,1.091521015036595,0.023485504161488646,0.00015316128215361053,0.00011025029380107298,48.904258728027344
2026-08-27 11:40:00-04:00,gold,4654.499905986595,4653.612302208203,0.00019335897,2.5509257e-06,0.0005477413,0.00031918252,0.00025509257,UP,0.00035742596697269747,1.5418560883480041,1.091521015036595,0.023485504161488646,0.00015316128215361053,0.00011025029380107298,48.904258728027344
2026-08-27 11:41:00-04:00,gold,4658.300233662128,4654.52163952589,0.0008160392,4.5625966e-06,0.00036322698,0.00035050526,0.00045625964,UP,0.0003836088776167415,1.5418560883480041,1.091521015036595,0.023485504161488646,0.00015316128215361053,0.00011025029380107298,48.904258728027344
2026-08-27 11:42:00-04:00,gold,4659.700303090503,4658.328125630622,0.00030057752,6.149987e-06,0.00038874324,0.0003614398,0.0006149987,UP,0.00038566684387440477,1.5418560883480041,1.091521015036595,0.023485504161488646,0.00015316128215361053,0.00011025029380107298,48.904258728027344
2026-08-27 11:43:00-04:00,gold,4656.9997314811335,4659.731857646839,-0.00057964626,6.679479e-06,0.00027874796,0.00036206612,0.0006679479,UP,0.00040322800254875753,1.5418560883480041,1.091521015036595,0.023485504161488646,0.00015316128215361053,0.00011025029380107298,48.904258728027344
2026-08-27 11:44:00-04:00,gold,4655.499963998795,4657.026092410088,-0.00032214765,5.659692e-06,0.00020761782,0.00035859508,0.0005659692,UP,0.0003940706648051575,1.5418560883480041,1.091521015036595,0.023485504161488646,0.00015316128215361053,0.00011025029380107298,48.904258728027344
2026-08-27 11:45:00-04:00,gold,4656.400175690651,4655.520534217358,0.00019328007,4.422883e-06,0.00021756686,0.00035465654,0.00044228832,UP,0.0003730259157748039,1.5418560883480041,1.091521015036595,0.023485504161488646,0.00015316128215361053,0.00011025029380107298,48.904258728027344
2026-08-27 11:46:00-04:00,gold,4655.699938741105,4656.415444755228,-0.00015027911,3.3519698e-06,0.0001965159,0.00034893825,0.00033519696,UP,0.00037466896967563735,1.5418560883480041,1.091521015036595,0.023485504161488646,0.00015316128215361053,0.00011025029380107298,48.904258728027344
2026-08-27 11:47:00-04:00,gold,4657.499514106894,4655.710185361328,0.0003865062,2.0953944e-06,0.00019339008,0.0003383101,0.00020953944,UP,0.0003793157811565962,1.5418560883480041,1.091521015036595,0.023485504161488646,0.00015316128215361053,0.00011025029380107298,48.904258728027344
2026-08-27 11:48:00-04:00,gold,4657.5,4657.507217824459,0.0,1.4660732e-06,0.00034777992,0.00032972897,0.00014660732,UP,0.0003760541769360815,1.5418560883480041,1.091521015036595,0.023485504161488646,0.00015316128215361053,0.00011025029380107298,48.904258728027344
2026-08-27 11:49:00-04:00,gold,4658.499946296215,4657.503886520863,0.00021468442,8.8268916e-07,0.00036176396,0.0003200622,8.826892e-05,UP,0.0003769123173246856,1.5418560883480041,1.091521015036595,0.023485504161488646,0.00015316128215361053,0.00011025029380107298,48.904258728027344
2026-08-27 11:50:00-04:00,gold,4659.800042688847,4658.504442691803,0.00027897896,9.4588995e-07,0.00038155887,0.00030926405,9.458899e-05,UP,0.0003578993564433299,1.5418560883480041,1.091521015036595,0.023485504161488646,0.00015316128215361053,0.00011025029380107298,48.904258728027344
2026-08-27 11:51:00-04:00,gold,4659.400128607813,4659.805359601742,-8.582332e-05,1.195639e-06,0.00035855113,0.00030432772,0.000119563905,UP,0.00035203294683947673,1.5418560883480041,1.091521015036595,0.023485504161488646,0.00015316128215361053,0.00011025029380107298,48.904258728027344
2026-08-27 11:52:00-04:00,gold,4658.600063340738,4659.405456781271,-0.00017166874,1.2266421e-06,0.00030341285,0.00029328017,0.0001226642,UP,0.0003429816962917832,1.5418560883480041,1.091521015036595,0.023485504161488646,0.00015316128215361053,0.00011025029380107298,48.904258728027344
2026-08-27 11:53:00-04:00,gold,4661.899977896246,4658.606206488737,0.0007080746,1.3902136e-06,0.00021444193,0.0002833899,0.00013902136,UP,0.0003599351829898934,1.5418560883480041,1.091521015036595,0.023485504161488646,0.00015316128215361053,0.00011025029380107298,48.904258728027344
2026-08-27 11:54:00-04:00,gold,4663.799983473553,4661.90823847038,0.0004074552,1.7722404e-06,0.00012919158,0.00028276953,0.00017722404,UP,0.00035090213645458835,1.5418560883480041,1.091521015036595,0.023485504161488646,0.00015316128215361053,0.00011025029380107298,48.904258728027344
2026-08-27 11:55:00-04:00,gold,4663.499859810516,4663.809812116204,-6.4285414e-05,2.2069385e-06,0.00012918469,0.00028968838,0.00022069385,UP,0.0003527744749917315,1.5418560883480041,1.091521015036595,0.023485504161488646,0.00015316128215361053,0.00011025029380107298,48.904258728027344
2026-08-27 11:56:00-04:00,gold,4664.099851191044,4663.511674582958,0.0001286714,2.4378335e-06,0.00013163203,0.00029459174,0.00024378335,UP,0.00035265477911869495,1.5418560883480041,1.091521015036595,0.023485504161488646,0.00015316128215361053,0.00011025029380107298,48.904258728027344
2026-08-27 11:57:00-04:00,gold,4664.600501309382,4664.11177374149,0.00010719607,2.415532e-06,0.00018154396,0.00029317304,0.00024155319,UP,0.00035237787360169263,1.5418560883480041,1.091521015036595,0.023485504161488646,0.00015316128215361053,0.00011025029380107298,48.904258728027344
2026-08-27 11:58:00-04:00,gold,4663.900013503677,4664.613443184178,-0.0001501196,2.7761412e-06,0.00017653125,0.0003065061,0.0002776141,UP,0.0003398339623382076,1.5418560883480041,1.091521015036595,0.023485504161488646,0.00015316128215361053,0.00011025029380107298,48.904258728027344
2026-08-27 11:59:00-04:00,gold,4664.499804972962,4663.911577927822,0.00012866035,2.3962812e-06,0.00019683514,0.00030637634,0.00023962812,UP,0.0003203794204808988,1.5418560883480041,1.091521015036595,0.023485504161488646,0.00015316128215361053,0.00011025029380107298,48.904258728027344
2026-08-27 12:00:00-04:00,gold,4665.300158441067,4664.509452879429,0.00017145161,1.9490353e-06,0.00038327827,0.0003005763,0.00019490354,UP,0.000307684022837611,1.5418560883480041,1.091521015036595,0.023485504161488646,0.00015316128215361053,0.00011025029380107298,48.904258728027344
2026-08-27 12:01:00-04:00,gold,4665.200254361029,4665.307034599478,-2.1351349e-05,1.5409464e-06,0.0003787461,0.00029134826,0.00015409464,UP,0.00030172812431095657,1.5418560883480041,1.091521015036595,0.023485504161488646,0.00015316128215361053,0.00011025029380107298,48.904258728027344
2026-08-27 12:02:00-04:00,gold,4663.999777481367,4665.206868934911,-0.00025729864,1.411426e-06,0.00038670088,0.0002846122,0.00014114259,UP,0.000299846808182319,1.5418560883480041,1.091521015036595,0.023485504161488646,0.00015316128215361053,0.00011025029380107298,48.904258728027344
2026-08-27 12:03:00-04:00,gold,4664.599915504456,4664.006671905518,0.00012865759,1.4098321e-06,0.00037889852,0.00027729283,0.0001409832,UP,0.0002998454463318245,1.5418560883480041,1.091521015036595,0.023485504161488646,0.00015316128215361053,0.00011025029380107298,48.904258728027344
2026-08-27 12:04:00-04:00,gold,4665.700547646673,4664.605658292887,0.00023581182,1.2017604e-06,0.00037319865,0.00026991783,0.00012017604,UP,0.0003005281780235692,1.5418560883480041,1.091521015036595,0.023485504161488646,0.00015316128215361053,0.00011025029380107298,48.904258728027344
2026-08-27 12:05:00-04:00,gold,4662.29989836883,4665.705757260555,-0.0007290718,1.1599004e-06,0.00021260313,0.00026482897,0.00011599004,UP,0.0003324744894182801,1.5418560883480041,1.091521015036595,0.023485504161488646,0.00015316128215361053,0.00011025029380107298,48.904258728027344
2026-08-27 12:06:00-04:00,gold,4661.700107873767,4662.307585739763,-0.00012861633,1.6031292e-06,0.00021508195,0.0002649406,0.00016031292,UP,0.0003255316977846577,1.5418560883480041,1.091521015036595,0.023485504161488646,0.00015316128215361053,0.00011025029380107298,48.904258728027344
2026-08-27 12:07:00-04:00,gold,4660.100005422544,4661.7096425179625,-0.00034330226,1.9850563e-06,0.00013516082,0.0002649583,0.00019850563,UP,0.0003279176619824509,1.5418560883480041,1.091521015036595,0.023485504161488646,0.00015316128215361053,0.00011025029380107298,48.904258728027344
2026-08-27 12:08:00-04:00,gold,4660.5000772560015,4660.110097146244,8.581043e-05,2.2055729e-06,0.0001310111,0.0002635767,0.00022055728,UP,0.00032769413226297223,1.5418560883480041,1.091521015036595,0.023485504161488646,0.00015316128215361053,0.00011025029380107298,48.904258728027344
2026-08-27 12:09:00-04:00,gold,4661.500034809113,4660.510000348091,0.00021454622,2.0564567e-06,0.0001784853,0.0002610994,0.00020564566,UP,0.00032874276321782556,1.5418560883480041,1.091521015036595,0.023485504161488646,0.00015316128215361053,0.00011025029380107298,48.904258728027344
2026-08-27 12:10:00-04:00,gold,4661.400252908468,4661.509446799755,-2.1473501e-05,2.0280795e-06,0.00018482876,0.0002596344,0.00020280795,UP,0.0003279995568292755,1.5418560883480041,1.091521015036595,0.023485504161488646,0.00015316128215361053,0.00011025029380107298,48.904258728027344
2026-08-27 12:11:00-04:00,gold,4660.700298490876,4661.407126211969,-0.00015011789,1.4753764e-06,0.00018644775,0.00025589208,0.00014753763,UP,0.0002959733718143152,1.5418560883480041,1.091521015036595,0.023485504161488646,0.00015316128215361053,0.00011025029380107298,48.904258728027344
2026-08-27 12:12:00-04:00,gold,4660.7001953125,4660.703528905055,0.0,6.671305e-07,0.00021756269,0.00025080703,6.671305e-05,UP,0.0002910960584578743,1.5418560883480041,1.091521015036595,0.023485504161488646,0.00015316128215361053,0.00011025029380107298,48.904258728027344
2026-08-27 12:13:00-04:00,gold,4660.7996474903775,4660.701306510018,2.1371963e-05,1.2910505e-07,0.00021641338,0.0002460151,1.2910505e-05,UP,0.00026918480941430484,1.5418560883480041,1.091521015036595,0.023485504161488646,0.00015316128215361053,0.00011025029380107298,48.904258728027344
2026-08-27 12:14:00-04:00,gold,4658.8998941264,4660.804249572568,-0.00040771748,9.4981306e-07,0.00015371815,0.00023855563,9.4981304e-05,UP,0.00027343199973258077,1.5418560883480041,1.091521015036595,0.023485504161488646,0.00015316128215361053,0.00011025029380107298,48.904258728027344
2026-08-27 12:15:00-04:00,gold,4659.000426874438,4658.909343874257,2.1485024e-05,1.9501413e-06,0.00027597902,0.00023106635,0.00019501413,UP,0.0002715647111736049,1.5418560883480041,1.091521015036595,0.023485504161488646,0.00015316128215361053,0.00011025029380107298,48.904258728027344
2026-08-27 12:16:00-04:00,gold,4658.200229644775,4659.01332950592,-0.00017168348,2.8590973e-06,0.00025803832,0.00022571911,0.00028590974,UP,0.0002720513921613659,1.5418560883480041,1.091521015036595,0.023485504161488646,0.00015316128215361053,0.00011025029380107298,48.904258728027344
2026-08-27 12:17:00-04:00,gold,4658.899874239694,4658.214633131633,0.00015019845,3.07609e-06,0.00026000856,0.00021980064,0.000307609,UP,0.0002643194955725054,1.5418560883480041,1.091521015036595,0.023485504161488646,0.00015316128215361053,0.00011025029380107298,48.904258728027344
2026-08-27 12:18:00-04:00,gold,4657.899655494199,4658.913786947436,-0.00021466598,2.9983287e-06,0.00024691861,0.00021305252,0.00029983287,UP,0.00026748701744315625,1.5418560883480041,1.091521015036595,0.023485504161488646,0.00015316128215361053,0.00011025029380107298,48.904258728027344
2026-08-27 12:19:00-04:00,gold,4657.199990889203,4657.915449762018,-0.00015023071,3.2764465e-06,0.00021252997,0.00021036083,0.00032764464,UP,0.00026581503819231934,1.5418560883480041,1.091521015036595,0.023485504161488646,0.00015316128215361053,0.00011025029380107298,48.904258728027344
2026-08-27 12:20:00-04:00,gold,4659.199959171237,4657.216295576771,0.0004293504,3.4289812e-06,0.0001719942,0.0002069226,0.00034289813,UP,0.0002727683924905337,1.5418560883480041,1.091521015036595,0.023485504161488646,0.00015316128215361053,0.00011025029380107298,48.904258728027344
2026-08-27 12:21:00-04:00,gold,4659.700073263142,4659.215747070964,0.0001073088,3.3147912e-06,0.00020337584,0.0002089066,0.00033147912,UP,0.0002730559077202798,1.5418560883480041,1.091521015036595,0.023485504161488646,0.00015316128215361053,0.00011025029380107298,48.904258728027344
2026-08-27 12:22:00-04:00,gold,4659.299694557092,4659.714082301245,-8.592995e-05,2.9863654e-06,0.00018559693,0.00021143383,0.00029863653,UP,0.00027161871584317646,1.5418560883480041,1.091521015036595,0.023485504161488646,0.00015316128215361053,0.00011025029380107298,48.904258728027344
2026-08-27 12:23:00-04:00,gold,4660.700603736332,4659.3131350511685,0.00030051303,2.7403312e-06,0.00014972116,0.00021295338,0.0002740331,UP,0.00024401136095739267,1.5418560883480041,1.091521015036595,0.023485504161488646,0.00015316128215361053,0.00011025029380107298,48.904258728027344
2026-08-27 12:24:00-04:00,gold,4660.7001953125,4660.713529682718,0.0,2.812453e-06,0.00015216263,0.00021812072,0.0002812453,UP,0.00023104798193013994,1.5418560883480041,1.091521015036595,0.023485504161488646,0.00015316128215361053,0.00011025029380107298,48.904258728027344
2026-08-27 12:25:00-04:00,gold,4660.10014865268,4660.7124184852,-0.00012876527,2.56172e-06,0.0001803801,0.00021940818,0.000256172,UP,0.00023175232990858106,1.5418560883480041,1.091521015036595,0.023485504161488646,0.00015316128215361053,0.00011025029380107298,48.904258728027344
2026-08-27 12:26:00-04:00,gold,4661.4000313554425,4660.110097146244,0.00027888318,2.1427772e-06,0.000142796,0.00021753469,0.00021427772,UP,0.0002367414392829175,1.5418560883480041,1.091521015036595,0.023485504161488646,0.00015316128215361053,0.00011025029380107298,48.904258728027344
2026-08-27 12:27:00-04:00,gold,4661.599947925191,4661.40823757631,4.294654e-05,1.7785014e-06,0.0001442328,0.00021559103,0.00017785015,UP,0.00023584669627023115,1.5418560883480041,1.091521015036595,0.023485504161488646,0.00015316128215361053,0.00011025029380107298,48.904258728027344
2026-08-27 12:28:00-04:00,gold,4662.10023308848,4661.607321834716,0.00010725355,1.4407353e-06,0.00014785779,0.00021286811,0.00014407354,UP,0.000235684980607542,1.5418560883480041,1.091521015036595,0.023485504161488646,0.00015316128215361053,0.00011025029380107298,48.904258728027344
2026-08-27 12:29:00-04:00,gold,4662.000337723788,4662.105655312655,-2.1470738e-05,1.2317171e-06,0.000145976,0.00021273782,0.0001231717,UP,0.0002341656954217937,1.5418560883480041,1.091521015036595,0.023485504161488646,0.00015316128215361053,0.00011025029380107298,48.904258728027344
2026-08-27 12:30:00-04:00,gold,4660.999643325806,4662.005001783371,-0.00021452321,1.0244696e-06,9.276515e-05,0.0002105035,0.00010244696,UP,0.00023400880823537946,1.5418560883480041,1.091521015036595,0.023485504161488646,0.00015316128215361053,0.00011025029380107298,48.904258728027344
2026-08-27 12:31:00-04:00,gold,4661.70065510273,4661.005556344986,0.00015021297,1.131717e-06,8.791057e-05,0.00021532063,0.0001131717,UP,0.00023633053949924796,1.5418560883480041,1.091521015036595,0.023485504161488646,0.00015316128215361053,0.00011025029380107298,48.904258728027344
2026-08-27 12:32:00-04:00,gold,4662.000283015426,4661.705752492184,6.431024e-05,1.1296729e-06,0.00035143862,0.00021747018,0.00011296729,UP,0.00023269689039146594,1.5418560883480041,1.091521015036595,0.023485504161488646,0.00015316128215361053,0.00011025029380107298,48.904258728027344
2026-08-27 12:33:00-04:00,gold,4662.600214004517,4662.005001783371,0.0001287128,1.0187132e-06,0.0005735711,0.00021924167,0.00010187132,UP,0.00023269805977181083,1.5418560883480041,1.091521015036595,0.023485504161488646,0.00015316128215361053,0.00011025029380107298,48.904258728027344
2026-08-27 12:34:00-04:00,gold,4662.800194744486,4662.605100083456,4.283077e-05,9.958815e-07,0.00063418323,0.00022296369,9.958815e-05,UP,0.00022816869929448858,1.5418560883480041,1.091521015036595,0.023485504161488646,0.00015316128215361053,0.00011025029380107298,48.904258728027344
2026-08-27 12:35:00-04:00,gold,4662.400149219087,4662.803695630864,-8.576809e-05,8.160216e-07,0.0006453105,0.00022422605,8.1602164e-05,UP,0.00018558449910227628,1.5418560883480041,1.091521015036595,0.023485504161488646,0.00015316128215361053,0.00011025029380107298,48.904258728027344
2026-08-27 12:36:00-04:00,gold,4663.000167834107,4662.40212554927,0.00012870175,4.5012916e-07,0.00065587566,0.00022108917,4.5012916e-05,UP,0.0001853467272432464,1.5418560883480041,1.091521015036595,0.023485504161488646,0.00015316128215361053,0.00011025029380107298,48.904258728027344
2026-08-27 12:37:00-04:00,gold,4666.79994726181,4663.0,0.00081455224,6.9203e-08,0.0005096227,0.00021662629,6.9202997e-06,UP,0.00022561769933200765,1.5418560883480041,1.091521015036595,0.023485504161488646,0.00015316128215361053,0.00011025029380107298,48.904258728027344
2026-08-27 12:38:00-04:00,gold,4663.099959361425,4666.800917339278,-0.0007930861,1.9473487e-07,0.0003249667,0.00021879138,1.9473486e-05,UP,0.0002726487180426255,1.5418560883480041,1.091521015036595,0.023485504161488646,0.00015316128215361053,0.00011025029380107298,48.904258728027344
2026-08-27 12:39:00-04:00,gold,4666.000148917374,4663.101765310799,0.0006216896,3.322184e-07,0.00014742721,0.0002310073,3.322184e-05,UP,0.00029218416952302216,1.5418560883480041,1.091521015036595,0.023485504161488646,0.00015316128215361053,0.00011025029380107298,48.904258728027344
2026-08-27 12:40:00-04:00,gold,4665.100018978119,4666.00111246109,-0.00019288236,1.6847025e-07,0.0001993144,0.00024794388,1.6847025e-05,UP,0.00029493257127089634,1.5418560883480041,1.091521015036595,0.023485504161488646,0.00015316128215361053,0.00011025029380107298,48.904258728027344
2026-08-27 12:41:00-04:00,gold,4664.399938461429,4665.111776244885,-0.0001501035,2.4706442e-06,0.00018592396,0.0002607801,0.00024706442,UP,0.0002949322741137309,1.5418560883480041,1.091521015036595,0.023485504161488646,0.00015316128215361053,0.00011025029380107298,48.904258728027344
2026-08-27 12:42:00-04:00,gold,4664.700163834961,4664.416027497908,6.4377695e-05,3.5035578e-06,0.0003019099,0.00026791287,0.00035035578,UP,0.00029496708262889216,1.5418560883480041,1.091521015036595,0.023485504161488646,0.00015316128215361053,0.00011025029380107298,48.904258728027344
2026-08-27 12:43:00-04:00,gold,4665.300200880854,4664.716321504791,0.00012853363,3.4995835e-06,0.0002960021,0.00027088434,0.00034995834,UP,0.000295524485461989,1.5418560883480041,1.091521015036595,0.023485504161488646,0.00015316128215361053,0.00011025029380107298,48.904258728027344
2026-08-27 12:44:00-04:00,gold,4665.700230581686,4665.3181575409835,8.581945e-05,3.909842e-06,0.00029130187,0.000279553,0.00039098418,UP,0.00028369489461775826,1.5418560883480041,1.091521015036595,0.023485504161488646,0.00015316128215361053,0.00011025029380107298,48.904258728027344
2026-08-27 12:45:00-04:00,gold,4667.600156768225,4665.717437351472,0.00040712339,3.6321633e-06,0.00023721214,0.00028086215,0.00036321633,UP,0.0002910657761947927,1.5418560883480041,1.091521015036595,0.023485504161488646,0.00015316128215361053,0.00011025029380107298,48.904258728027344
2026-08-27 12:46:00-04:00,gold,4667.100431336439,4667.616233873705,-0.00010712716,3.4349998e-06,0.00024408055,0.00028172057,0.0003435,UP,0.00028951706603343343,1.5418560883480041,1.091521015036595,0.023485504161488646,0.00015316128215361053,0.00011025029380107298,48.904258728027344
2026-08-27 12:47:00-04:00,gold,4665.200122495473,4667.11623214517,-0.00040716698,3.481784e-06,0.00025668152,0.00028798336,0.0003481784,UP,0.0003014075832189627,1.5418560883480041,1.091521015036595,0.023485504161488646,0.00015316128215361053,0.00011025029380107298,48.904258728027344
2026-08-27 12:48:00-04:00,gold,4665.100369043939,4665.215210962924,-2.1456472e-05,3.194149e-06,0.00023353653,0.00028343312,0.0003194149,UP,0.0002977080237826898,1.5418560883480041,1.091521015036595,0.023485504161488646,0.00015316128215361053,0.00011025029380107298,48.904258728027344
2026-08-27 12:49:00-04:00,gold,4664.899615218019,4665.114000737958,-4.291432e-05,2.8953064e-06,0.00022744584,0.00027587378,0.00028953064,UP,0.00029583922810618417,1.5418560883480041,1.091521015036595,0.023485504161488646,0.00015316128215361053,0.00011025029380107298,48.904258728027344
2026-08-27 12:50:00-04:00,gold,4666.099964855821,4664.9104682324105,0.00025724902,2.269572e-06,0.0003550064,0.0002658921,0.0002269572,UP,0.00028993843891609314,1.5418560883480041,1.091521015036595,0.023485504161488646,0.00015316128215361053,0.00011025029380107298,48.904258728027344
2026-08-27 12:51:00-04:00,gold,4666.500035997655,4666.107328808459,8.570009e-05,1.4887539e-06,0.0003865738,0.00026024497,0.00014887539,UP,0.00028981632868015593,1.5418560883480041,1.091521015036595,0.023485504161488646,0.00015316128215361053,0.00011025029380107298,48.904258728027344
2026-08-27 12:52:00-04:00,gold,4669.199676096439,4666.503337740898,0.0005784666,6.040325e-07,0.00026166826,0.00025477682,6.040325e-05,UP,0.0003042154335365239,1.5418560883480041,1.091521015036595,0.023485504161488646,0.00015316128215361053,0.00011025029380107298,48.904258728027344
2026-08-27 12:53:00-04:00,gold,4670.399694254505,4669.214667225489,0.0002569076,3.0686e-06,0.00022798548,0.0002664841,0.00030686002,UP,0.00030318197785582254,1.5418560883480041,1.091521015036595,0.023485504161488646,0.00015316128215361053,0.00011025029380107298,48.904258728027344
2026-08-27 12:54:00-04:00,gold,4670.299964811507,4670.417161750433,-2.1432581e-05,3.6241886e-06,0.00025022504,0.0002751436,0.00036241885,UP,0.0003033762097387325,1.5418560883480041,1.091521015036595,0.023485504161488646,0.00015316128215361053,0.00011025029380107298,48.904258728027344
2026-08-27 12:55:00-04:00,gold,4668.499854175025,4670.315393494908,-0.00038544668,3.2841074e-06,0.00016131155,0.00027609168,0.00032841074,UP,0.00031261077989173377,1.5418560883480041,1.091521015036595,0.023485504161488646,0.00015316128215361053,0.00011025029380107298,48.904258728027344
2026-08-27 12:56:00-04:00,gold,4667.400021284819,4668.513913214207,-0.0002356704,2.8930997e-06,0.00016128724,0.0002747076,0.00028930997,UP,0.00031430121682330943,1.5418560883480041,1.091521015036595,0.023485504161488646,0.00015316128215361053,0.00011025029380107298,48.904258728027344
2026-08-27 12:57:00-04:00,gold,4668.000255166844,4667.413255881984,0.00012856389,2.8066138e-06,0.00020633754,0.00027436094,0.0002806614,UP,0.0003146899491885365,1.5418560883480041,1.091521015036595,0.023485504161488646,0.00015316128215361053,0.00011025029380107298,48.904258728027344
2026-08-27 12:58:00-04:00,gold,4668.600430011749,4668.011685848236,0.00012854736,2.4661792e-06,0.00029893313,0.00026955464,0.0002466179,UP,0.00031485739008295025,1.5418560883480041,1.091521015036595,0.023485504161488646,0.00015316128215361053,0.00011025029380107298,48.904258728027344
2026-08-27 12:59:00-04:00,gold,4669.299669065804,4668.611228466267,0.00014986389,2.2846914e-06,0.00030978004,0.0002652807,0.00022846914,UP,0.00031513604537761945,1.5418560883480041,1.091521015036595,0.023485504161488646,0.00015316128215361053,0.00011025029380107298,48.904258728027344
2026-08-27 13:00:00-04:00,gold,4669.600381600205,4669.305927550537,6.431014e-05,1.2791882e-06,0.00035145655,0.00025919205,0.00012791881,UP,0.0003110846625840387,1.5418560883480041,1.091521015036595,0.023485504161488646,0.00015316128215361053,0.00011025029380107298,48.904258728027344
2026-08-27 13:01:00-04:00,gold,4668.499859739182,4669.608447551902,-0.00023561489,1.8344916e-06,0.00034916724,0.00026104314,0.00018344916,UP,0.0003152372014322671,1.5418560883480041,1.091521015036595,0.023485504161488646,0.00015316128215361053,0.00011025029380107298,48.904258728027344
2026-08-27 13:02:00-04:00,gold,4667.199949264526,4668.5072348713875,-0.00027845893,1.5551734e-06,0.00033890267,0.00025947968,0.00015551734,UP,0.00032081063762596184,1.5418560883480041,1.091521015036595,0.023485504161488646,0.00015316128215361053,0.00011025029380107298,48.904258728027344
2026-08-27 13:03:00-04:00,gold,4669.299949352397,4667.204646301456,0.0004497637,9.653402e-07,0.00016843366,0.0002562975,9.6534015e-05,UP,0.0003292172397298253,1.5418560883480041,1.091521015036595,0.023485504161488646,0.00015316128215361053,0.00011025029380107298,48.904258728027344
2026-08-27 13:04:00-04:00,gold,4668.199915836565,4669.301474559237,-0.00023552543,2.850354e-07,0.0001928567,0.0002528339,2.8503542e-05,UP,0.00033326239723660626,1.5418560883480041,1.091521015036595,0.023485504161488646,0.00015316128215361053,0.00011025029380107298,48.904258728027344
2026-08-27 13:05:00-04:00,gold,4665.999822667567,4668.2001953125,-0.0004714266,-3.8874305e-08,0.000102148486,0.0002509166,-3.8874305e-06,DOWN,0.0003454368960648539,1.5418560883480041,1.091521015036595,0.023485504161488646,0.00015316128215361053,0.00011025029380107298,48.904258728027344
2026-08-27 13:06:00-04:00,gold,4665.600070238113,4665.9997218847275,-8.5709275e-05,-5.4509883e-08,0.00024281685,0.0002501773,-5.4509883e-06,DOWN,0.0003454521090154936,1.5418560883480041,1.091521015036595,0.023485504161488646,0.00015316128215361053,0.00011025029380107298,48.904258728027344
2026-08-27 13:07:00-04:00,gold,4665.399871821981,4665.604547119234,-4.290972e-05,9.2263895e-07,0.00024224764,0.00025369306,9.2263894e-05,UP,0.0003110623169202153,1.5418560883480041,1.091521015036595,0.023485504161488646,0.00015316128215361053,0.00011025029380107298,48.904258728027344
2026-08-27 13:08:00-04:00,gold,4664.600423769996,4665.403795456805,-0.00017144794,8.459583e-07,0.00022382269,0.00025212046,8.459583e-05,UP,0.00027583328415479297,1.5418560883480041,1.091521015036595,0.023485504161488646,0.00015316128215361053,0.00011025029380107298,48.904258728027344
2026-08-27 13:09:00-04:00,gold,4664.700745179376,4664.603434038232,2.145877e-05,6.342343e-07,0.00025707815,0.0002498373,6.342343e-05,UP,0.0002505896074901182,1.5418560883480041,1.091521015036595,0.023485504161488646,0.00015316128215361053,0.00011025029380107298,48.904258728027344
2026-08-27 13:10:00-04:00,gold,4663.59972170752,4664.701863539289,-0.0002358624,3.4986692e-07,0.00024815396,0.00024516816,3.4986693e-05,UP,0.00025179519852617756,1.5418560883480041,1.091521015036595,0.023485504161488646,0.00015316128215361053,0.00011025029380107298,48.904258728027344
2026-08-27 13:11:00-04:00,gold,4665.399689855112,4663.604545211885,0.00038585157,9.33519e-07,0.00012353415,0.00024029688,9.3351904e-05,UP,0.00026043178830346004,1.5418560883480041,1.091521015036595,0.023485504161488646,0.00015316128215361053,0.00011025029380107298,48.904258728027344
2026-08-27 13:12:00-04:00,gold,4665.300071801845,4665.407132410852,-2.1455553e-05,1.4655059e-06,0.00011743233,0.00023502545,0.00014655059,UP,0.0002602531310326608,1.5418560883480041,1.091521015036595,0.023485504161488646,0.00015316128215361053,0.00011025029380107298,48.904258728027344
2026-08-27 13:13:00-04:00,gold,4665.600124108139,4665.309815334855,6.4365275e-05,2.1717674e-06,0.0001097439,0.00022801723,0.00021717674,UP,0.0002594593876715601,1.5418560883480041,1.091521015036595,0.023485504161488646,0.00015316128215361053,0.00011025029380107298,48.904258728027344
2026-08-27 13:14:00-04:00,gold,4664.5002460249525,4665.611777496582,-0.0002358169,2.4865021e-06,0.00010127104,0.00022091906,0.0002486502,UP,0.00026251043276675974,1.5418560883480041,1.091521015036595,0.023485504161488646,0.00015316128215361053,0.00011025029380107298,48.904258728027344
2026-08-27 13:15:00-04:00,gold,4663.600030273199,4664.511121034622,-0.0001929444,2.3714538e-06,0.00010871036,0.00021592066,0.00023714537,UP,0.00025240806725874195,1.5418560883480041,1.091521015036595,0.023485504161488646,0.00015316128215361053,0.00011025029380107298,48.904258728027344
2026-08-27 13:16:00-04:00,gold,4663.299887650879,4663.612328434247,-6.439287e-05,2.5542702e-06,0.00011079276,0.00021088327,0.000255427,UP,0.00025206971487002483,1.5418560883480041,1.091521015036595,0.023485504161488646,0.00015316128215361053,0.00011025029380107298,48.904258728027344
2026-08-27 13:17:00-04:00,gold,4662.799486896489,4663.31314649526,-0.000107225955,2.7169635e-06,0.00011078062,0.00020761818,0.00027169636,UP,0.00024223688670593597,1.5418560883480041,1.091521015036595,0.023485504161488646,0.00015316128215361053,0.00011025029380107298,48.904258728027344
2026-08-27 13:18:00-04:00,gold,4662.999910346232,4662.813700913801,4.293365e-05,3.0278777e-06,0.00012916251,0.00020328004,0.00030278778,UP,0.0002424823495984253,1.5418560883480041,1.091521015036595,0.023485504161488646,0.00015316128215361053,0.00011025029380107298,48.904258728027344
2026-08-27 13:19:00-04:00,gold,4663.200114250183,4663.015564441681,4.2931806e-05,3.3122622e-06,0.0001273688,0.00019919279,0.0003312262,UP,0.0002426478265125939,1.5418560883480041,1.091521015036595,0.023485504161488646,0.00015316128215361053,0.00011025029380107298,48.904258728027344
2026-08-27 13:20:00-04:00,gold,4664.000130782253,4663.216316319187,0.00017149941,3.4336315e-06,0.0002025439,0.00019437652,0.00034336315,UP,0.00023985340448160852,1.5418560883480041,1.091521015036595,0.023485504161488646,0.00015316128215361053,0.00011025029380107298,48.904258728027344
2026-08-27 13:21:00-04:00,gold,4664.700550079346,4664.0161237716675,0.00015011636,3.3727001e-06,0.0002182387,0.0001917969,0.00033727,UP,0.00024107122410760168,1.5418560883480041,1.091521015036595,0.023485504161488646,0.00015316128215361053,0.00011025029380107298,48.904258728027344
2026-08-27 13:22:00-04:00,gold,4664.200005313673,4664.715209353599,-0.00010719376,3.1710606e-06,0.00027735843,0.00019096212,0.00031710605,UP,0.0002140528014955917,1.5418560883480041,1.091521015036595,0.023485504161488646,0.00015316128215361053,0.00011025029380107298,48.904258728027344
2026-08-27 13:23:00-04:00,gold,4665.199912065407,4664.21409571229,0.00021437604,2.9385521e-06,0.00025562622,0.00018982147,0.0002938552,UP,0.00021218005401415626,1.5418560883480041,1.091521015036595,0.023485504161488646,0.00015316128215361053,0.00011025029380107298,48.904258728027344
2026-08-27 13:24:00-04:00,gold,4665.899813395226,4665.21243028692,0.0001499731,2.6761184e-06,0.00023542855,0.00018845637,0.00026761185,UP,0.00021490733340308942,1.5418560883480041,1.091521015036595,0.023485504161488646,0.00015316128215361053,0.00011025029380107298,48.904258728027344
2026-08-27 13:25:00-04:00,gold,4664.6998606873385,4665.9110267159995,-0.00025715536,2.3043954e-06,0.00021246776,0.00018889958,0.00023043953,UP,0.00020881226937989028,1.5418560883480041,1.091521015036595,0.023485504161488646,0.00015316128215361053,0.00011025029380107298,48.904258728027344
2026-08-27 13:26:00-04:00,gold,4665.799556766287,4664.7102046732325,0.00023570211,2.1589715e-06,0.00015936745,0.00018977677,0.00021589715,UP,0.00021030984693376362,1.5418560883480041,1.091521015036595,0.023485504161488646,0.00015316128215361053,0.00011025029380107298,48.904258728027344
2026-08-27 13:27:00-04:00,gold,4664.200154276099,4665.809260201058,-0.0003428959,2.0001157e-06,0.00013303821,0.00019300997,0.00020001158,UP,0.00021699515267062166,1.5418560883480041,1.091521015036595,0.023485504161488646,0.00015316128215361053,0.00011025029380107298,48.904258728027344
2026-08-27 13:28:00-04:00,gold,4664.4998879319755,4664.209647584357,6.4275766e-05,1.9635986e-06,0.00014745872,0.00019528567,0.00019635986,UP,0.00021571858465774206,1.5418560883480041,1.091521015036595,0.023485504161488646,0.00015316128215361053,0.00011025029380107298,48.904258728027344
2026-08-27 13:29:00-04:00,gold,4664.299543350935,4664.508896827698,-4.2919844e-05,1.8826812e-06,0.00016842755,0.00019890028,0.00018826812,UP,0.00021305311656088176,1.5418560883480041,1.091521015036595,0.023485504161488646,0.00015316128215361053,0.00011025029380107298,48.904258728027344
2026-08-27 13:30:00-04:00,gold,4663.9000206518685,4664.313149356283,-8.574052e-05,2.8505324e-06,0.00016650547,0.00022085967,0.00028505325,UP,0.00021238472172502464,1.5418560883480041,1.091521015036595,0.023485504161488646,0.00015316128215361053,0.00011025029380107298,48.904258728027344
2026-08-27 13:31:00-04:00,gold,4664.000534758845,4663.910465967434,2.146199e-05,2.219318e-06,0.00019119735,0.00023118695,0.00022193181,UP,0.00020941524156554801,1.5418560883480041,1.091521015036595,0.023485504161488646,0.00015316128215361053,0.00011025029380107298,48.904258728027344
2026-08-27 13:32:00-04:00,gold,4665.200387001038,4664.006115913391,0.00025729864,1.3048511e-06,0.00015567319,0.00023333349,0.00013048512,UP,0.0002105282947042605,1.5418560883480041,1.091521015036595,0.023485504161488646,0.00015316128215361053,0.00011025029380107298,48.904258728027344
2026-08-27 13:33:00-04:00,gold,4664.699951699295,4665.204088258906,-0.00010718228,8.312579e-07,0.00020195967,0.00023192517,8.312579e-05,UP,0.0001919244542422433,1.5418560883480041,1.091521015036595,0.023485504161488646,0.00015316128215361053,0.00011025029380107298,48.904258728027344
2026-08-27 13:34:00-04:00,gold,4663.899724491697,4664.70464391727,-0.00017157836,9.577504e-07,0.00020622718,0.00022654008,9.5775045e-05,UP,0.00018994118247607212,1.5418560883480041,1.091521015036595,0.023485504161488646,0.00015316128215361053,0.00011025029380107298,48.904258728027344
2026-08-27 13:35:00-04:00,gold,4663.599951029144,4663.903238224913,-6.428403e-05,6.746118e-07,0.0002622961,0.00021871542,6.746118e-05,UP,0.00017097258683235647,1.5418560883480041,1.091521015036595,0.023485504161488646,0.00015316128215361053,0.00011025029380107298,48.904258728027344
2026-08-27 13:36:00-04:00,gold,4662.499883581011,4663.603989267431,-0.00023591804,7.5628486e-07,0.00019109927,0.00020923957,7.5628486e-05,UP,0.00017519617443369944,1.5418560883480041,1.091521015036595,0.023485504161488646,0.00015316128215361053,0.00011025029380107298,48.904258728027344
2026-08-27 13:37:00-04:00,gold,4663.299815356731,4662.506113946438,0.00017152517,1.2517405e-06,0.00022429084,0.0002014476,0.00012517405,UP,0.0001786602712293299,1.5418560883480041,1.091521015036595,0.023485504161488646,0.00015316128215361053,0.00011025029380107298,48.904258728027344
2026-08-27 13:38:00-04:00,gold,4664.299884360866,4663.30814331735,0.00021441744,1.7937064e-06,0.00024874843,0.00019411884,0.00017937063,UP,0.00018088554599599805,1.5418560883480041,1.091521015036595,0.023485504161488646,0.00015316128215361053,0.00011025029380107298,48.904258728027344
2026-08-27 13:39:00-04:00,gold,4665.400183834252,4664.310369216953,0.00023582701,2.2718984e-06,0.00029889066,0.00018839115,0.00022718984,UP,0.00018601224112980123,1.5418560883480041,1.091521015036595,0.023485504161488646,0.00015316128215361053,0.00011025029380107298,48.904258728027344
2026-08-27 13:40:00-04:00,gold,4667.700732159137,4665.411581682914,0.0004929323,2.514899e-06,0.00012440038,0.00018490526,0.0002514899,UP,0.00020050609158063366,1.5418560883480041,1.091521015036595,0.023485504161488646,0.00015316128215361053,0.00011025029380107298,48.904258728027344
2026-08-27 13:41:00-04:00,gold,4667.499879351817,4667.7118804102065,-4.2890417e-05,2.473917e-06,0.00012441035,0.00018739559,0.0002473917,UP,0.00018917139761350546,1.5418560883480041,1.091521015036595,0.023485504161488646,0.00015316128215361053,0.00011025029380107298,48.904258728027344
2026-08-27 13:42:00-04:00,gold,4667.299692630768,4667.510571777821,-4.2892254e-05,2.2552565e-06,0.0001984974,0.00018940213,0.00022552565,UP,0.00018935431286925476,1.5418560883480041,1.091521015036595,0.023485504161488646,0.00015316128215361053,0.00011025029380107298,48.904258728027344
2026-08-27 13:43:00-04:00,gold,4666.900041710178,4667.309263240895,-8.56854e-05,2.004806e-06,0.000198519,0.00019094498,0.0002004806,UP,0.00018996705853507263,1.5418560883480041,1.091521015036595,0.023485504161488646,0.00015316128215361053,0.00011025029380107298,48.904258728027344
2026-08-27 13:44:00-04:00,gold,4665.399459238455,4666.908247411076,-0.00032146415,1.8136528e-06,0.00042317994,0.00019162176,0.00018136528,UP,0.00019436857835349242,1.5418560883480041,1.091521015036595,0.023485504161488646,0.00015316128215361053,0.00011025029380107298,48.904258728027344
2026-08-27 13:45:00-04:00,gold,4665.300071801845,4665.40768856986,-2.1455553e-05,1.676249e-06,0.00042285476,0.00019819156,0.0001676249,UP,0.0001907917823413594,1.5418560883480041,1.091521015036595,0.023485504161488646,0.00015316128215361053,0.00011025029380107298,48.904258728027344
2026-08-27 13:46:00-04:00,gold,4665.10042596102,4665.307590746554,-4.2807816e-05,1.5910405e-06,0.0004530994,0.00020232404,0.00015910405,UP,0.00019053366489441652,1.5418560883480041,1.091521015036595,0.023485504161488646,0.00015316128215361053,0.00011025029380107298,48.904258728027344
2026-08-27 13:47:00-04:00,gold,4662.900074006757,4665.107883382007,-0.00047173997,1.5950891e-06,0.00044201556,0.0002034672,0.00015950891,UP,0.0002091600714462903,1.5418560883480041,1.091521015036595,0.023485504161488646,0.00015316128215361053,0.00011025029380107298,48.904258728027344
2026-08-27 13:48:00-04:00,gold,4661.299578569073,4662.908240258519,-0.00034321393,1.729579e-06,0.0004073314,0.00020297378,0.00017295791,UP,0.00021815860856928262,1.5418560883480041,1.091521015036595,0.023485504161488646,0.00015316128215361053,0.00011025029380107298,48.904258728027344
2026-08-27 13:49:00-04:00,gold,4664.200403330382,4661.309251081548,0.00062203436,1.9122585e-06,0.0002611629,0.00020603885,0.00019122586,UP,0.0002469397165285997,1.5418560883480041,1.091521015036595,0.023485504161488646,0.00015316128215361053,0.00011025029380107298,48.904258728027344
2026-08-27 13:50:00-04:00,gold,4663.899946677033,4664.209647584357,-6.4384585e-05,1.9010566e-06,0.00026457576,0.00021021343,0.00019010567,UP,0.0002452765226214285,1.5418560883480041,1.091521015036595,0.023485504161488646,0.00015316128215361053,0.00011025029380107298,48.904258728027344
2026-08-27 13:51:00-04:00,gold,4661.899763596215,4663.909354007046,-0.0004289176,1.9751174e-06,0.00018940972,0.00021415253,0.00019751173,UP,0.0002555617311264273,1.5418560883480041,1.091521015036595,0.023485504161488646,0.00015316128215361053,0.00011025029380107298,48.904258728027344
2026-08-27 13:52:00-04:00,gold,4663.299815875769,4661.909905695706,0.00030024073,2.1898404e-06,0.00010684659,0.00021886146,0.00021898405,UP,0.0002615257939031753,1.5418560883480041,1.091521015036595,0.023485504161488646,0.00015316128215361053,0.00011025029380107298,48.904258728027344
2026-08-27 13:53:00-04:00,gold,4662.699979246943,4663.310922860634,-0.00012858876,2.3556215e-06,0.00014832937,0.00022278515,0.00023556215,UP,0.00025902533482824095,1.5418560883480041,1.091521015036595,0.023485504161488646,0.00015316128215361053,0.00011025029380107298,48.904258728027344
2026-08-27 13:54:00-04:00,gold,4662.000118387223,4662.710200381698,-0.00015018077,2.1645255e-06,0.00015048643,0.00022678048,0.00021645255,UP,0.0002581148921267413,1.5418560883480041,1.091521015036595,0.023485504161488646,0.00015316128215361053,0.00011025029380107298,48.904258728027344
2026-08-27 13:55:00-04:00,gold,4662.0,4662.009447813034,0.0,2.0327982e-06,0.00014582695,0.000229499,0.00020327982,UP,0.00025448234298906314,1.5418560883480041,1.091521015036595,0.023485504161488646,0.00015316128215361053,0.00011025029380107298,48.904258728027344
2026-08-27 13:56:00-04:00,gold,4661.400063872337,4662.010003566742,-0.00012872937,2.1660765e-06,0.0002301618,0.00022928503,0.00021660764,UP,0.0002505582871060906,1.5418560883480041,1.091521015036595,0.023485504161488646,0.00015316128215361053,0.00011025029380107298,48.904258728027344
2026-08-27 13:57:00-04:00,gold,4659.999861114746,4661.412127351505,-0.0003003631,2.687517e-06,0.00021464919,0.00022506544,0.0002687517,UP,0.0002488504093486921,1.5418560883480041,1.091521015036595,0.023485504161488646,0.00015316128215361053,0.00011025029380107298,48.904258728027344
2026-08-27 13:58:00-04:00,gold,4660.399971008301,4660.011665821075,8.581227e-05,2.433722e-06,0.00020568212,0.00023261915,0.00024337221,UP,0.0002491626556534157,1.5418560883480041,1.091521015036595,0.023485504161488646,0.00015316128215361053,0.00011025029380107298,48.904258728027344
2026-08-27 13:59:00-04:00,gold,4660.39990234375,4660.409902477055,0.0,2.1770647e-06,0.0001952283,0.00023561117,0.00021770647,UP,0.0002492048699499495,1.5418560883480041,1.091521015036595,0.023485504161488646,0.00015316128215361053,0.00011025029380107298,48.904258728027344
2026-08-27 14:00:00-04:00,gold,4660.100176126085,4660.411013602978,-6.4332315e-05,2.3107136e-06,0.00022080827,0.00023159251,0.00023107136,UP,0.00024906401855033625,1.5418560883480041,1.091521015036595,0.023485504161488646,0.00015316128215361053,0.00011025029380107298,48.904258728027344
2026-08-27 14:01:00-04:00,gold,4657.900209857617,4660.112319255131,-0.00047224623,2.605479e-06,0.00022515905,0.00022708584,0.0002605479,UP,0.00026172453784228006,1.5418560883480041,1.091521015036595,0.023485504161488646,0.00015316128215361053,0.00011025029380107298,48.904258728027344
2026-08-27 14:02:00-04:00,gold,4657.499833955808,4657.913228702266,-8.585833e-05,2.7354927e-06,0.0002550525,0.00022551577,0.00027354926,UP,0.0002555452410741487,1.5418560883480041,1.091521015036595,0.023485504161488646,0.00015316128215361053,0.00011025029380107298,48.904258728027344
2026-08-27 14:03:00-04:00,gold,4657.700433433056,4657.513325214386,4.29825e-05,2.7362853e-06,0.00026437172,0.00022527437,0.00027362854,UP,0.00025595890201653013,1.5418560883480041,1.091521015036595,0.023485504161488646,0.00015316128215361053,0.00011025029380107298,48.904258728027344
2026-08-27 14:04:00-04:00,gold,4656.999758625461,4657.712410617387,-0.00015034199,2.6423781e-06,0.0004232556,0.0002225331,0.0002642378,UP,0.00025564040069968086,1.5418560883480041,1.091521015036595,0.023485504161488646,0.00015316128215361053,0.00011025029380107298,48.904258728027344
2026-08-27 14:05:00-04:00,gold,4657.400268673897,4657.014434099197,8.586755e-05,3.1010572e-06,0.00043664355,0.00022508197,0.00031010574,UP,0.00025680457384861556,1.5418560883480041,1.091521015036595,0.023485504161488646,0.00015316128215361053,0.00011025029380107298,48.904258728027344
2026-08-27 14:06:00-04:00,gold,4659.399751955061,4657.414337682421,0.00042933197,3.104219e-06,0.00040561144,0.00022467278,0.00031042192,UP,0.00026816613355791144,1.5418560883480041,1.091521015036595,0.023485504161488646,0.00015316128215361053,0.00011025029380107298,48.904258728027344
2026-08-27 14:07:00-04:00,gold,4661.399499851279,4659.413788437552,0.0004291477,2.9473222e-06,0.00032438335,0.00022381627,0.00029473222,UP,0.00027851175792708373,1.5418560883480041,1.091521015036595,0.023485504161488646,0.00015316128215361053,0.00011025029380107298,48.904258728027344
2026-08-27 14:08:00-04:00,gold,4661.300157394115,4661.413238715846,-2.1473963e-05,2.7978895e-06,0.00033657765,0.00022518844,0.00027978895,UP,0.0002751629717451915,1.5418560883480041,1.091521015036595,0.023485504161488646,0.00015316128215361053,0.00011025029380107298,48.904258728027344
2026-08-27 14:09:00-04:00,gold,4658.500338027952,4661.3114737625,-0.0006008293,2.4710432e-06,0.00019530187,0.00022688581,0.00024710433,UP,0.00029016843414619907,1.5418560883480041,1.091521015036595,0.023485504161488646,0.00015316128215361053,0.00011025029380107298,48.904258728027344
2026-08-27 14:10:00-04:00,gold,4659.899447917938,4658.509440720081,0.00030045983,1.9113463e-06,0.00014429183,0.0002311638,0.00019113463,UP,0.0002796991401087691,1.5418560883480041,1.091521015036595,0.023485504161488646,0.00015316128215361053,0.00011025029380107298,48.904258728027344
2026-08-27 14:11:00-04:00,gold,4659.200523617619,4659.905457377317,-0.00015016623,1.2242615e-06,0.00013440989,0.00023666532,0.00012242615,UP,0.0002802147170133207,1.5418560883480041,1.091521015036595,0.023485504161488646,0.00015316128215361053,0.00011025029380107298,48.904258728027344
2026-08-27 14:12:00-04:00,gold,4658.399835171527,4659.203527832171,-0.00017178092,6.310013e-07,0.00011597182,0.00024008272,6.310013e-05,UP,0.00028094161363089733,1.5418560883480041,1.091521015036595,0.023485504161488646,0.00015316128215361053,0.00011025029380107298,48.904258728027344
2026-08-27 14:13:00-04:00,gold,4658.80029133911,4658.401568317378,8.584175e-05,3.8293706e-07,0.0001171557,0.00024212107,3.8293707e-05,UP,0.0002822188664232297,1.5418560883480041,1.091521015036595,0.023485504161488646,0.00015316128215361053,0.00011025029380107298,48.904258728027344
2026-08-27 14:14:00-04:00,gold,4659.200228054426,4658.801470804145,8.593918e-05,2.583688e-07,0.00012928808,0.00024311346,2.583688e-05,UP,0.00027888134528294354,1.5418560883480041,1.091521015036595,0.023485504161488646,0.00015316128215361053,0.00011025029380107298,48.904258728027344
2026-08-27 14:15:00-04:00,gold,4659.799493433326,4659.20130615239,0.00012868534,1.4858097e-07,0.00015429094,0.00024158366,1.4858097e-05,UP,0.00028064695691182783,1.5418560883480041,1.091521015036595,0.023485504161488646,0.00015316128215361053,0.00011025029380107298,48.904258728027344
2026-08-27 14:16:00-04:00,gold,4660.600267829723,4659.7998046875,0.00017172932,-1.3750196e-08,0.00026627906,0.00024012575,-1.3750196e-06,DOWN,0.00028327540538730623,1.5418560883480041,1.091521015036595,0.023485504161488646,0.00015316128215361053,0.00011025029380107298,48.904258728027344
2026-08-27 14:17:00-04:00,gold,4660.000063883606,4660.599819862837,-0.00012876804,-5.9613285e-08,0.0002951601,0.00023717005,-5.9613285e-06,DOWN,0.0002716084359240896,1.5418560883480041,1.091521015036595,0.023485504161488646,0.00015316128215361053,0.00011025029380107298,48.904258728027344
2026-08-27 14:18:00-04:00,gold,4660.499963760376,4660.001111030579,0.000107290376,1.4133343e-07,0.00029044802,0.00023347548,1.4133343e-05,UP,0.0002655512256590359,1.5418560883480041,1.091521015036595,0.023485504161488646,0.00015316128215361053,0.00011025029380107298,48.904258728027344
2026-08-27 14:19:00-04:00,gold,4661.400031328201,4660.502222299576,0.00019307273,4.82652e-07,0.0002712962,0.00022854387,4.8265203e-05,UP,0.0002409824924669121,1.5418560883480041,1.091521015036595,0.023485504161488646,0.00015316128215361053,0.00011025029380107298,48.904258728027344
2026-08-27 14:20:00-04:00,gold,4660.899788390147,4661.403792118945,-0.00010726966,7.39298e-07,0.00027001233,0.00022422905,7.39298e-05,UP,0.00024138172657978642,1.5418560883480041,1.091521015036595,0.023485504161488646,0.00015316128215361053,0.00011025029380107298,48.904258728027344
2026-08-27 14:21:00-04:00,gold,4658.60018054297,4660.903236079146,-0.00049354683,5.921463e-07,0.0002248213,0.00022057151,5.921463e-05,UP,0.00024539618183505785,1.5418560883480041,1.091521015036595,0.023485504161488646,0.00015316128215361053,0.00011025029380107298,48.904258728027344
2026-08-27 14:22:00-04:00,gold,4659.600280138955,4658.603985095106,0.0002146337,7.8768426e-07,0.00015962498,0.00021798494,7.8768426e-05,UP,0.0002419734783783684,1.5418560883480041,1.091521015036595,0.023485504161488646,0.00015316128215361053,0.00011025029380107298,48.904258728027344
2026-08-27 14:23:00-04:00,gold,4658.89965299092,4659.605096864805,-0.0001502807,1.0383203e-06,0.00016305622,0.0002148374,0.00010383203,UP,0.00024232136468620253,1.5418560883480041,1.091521015036595,0.023485504161488646,0.00015316128215361053,0.00011025029380107298,48.904258728027344
2026-08-27 14:24:00-04:00,gold,4657.200426852563,4658.906011569372,-0.00036489667,1.2497105e-06,0.00010004912,0.00021243452,0.00012497105,UP,0.000249152190784615,1.5418560883480041,1.091521015036595,0.023485504161488646,0.00015316128215361053,0.00011025029380107298,48.904258728027344
2026-08-27 14:25:00-04:00,gold,4656.600321673031,4657.2074126723455,-0.00012886204,1.5431931e-06,0.00021714564,0.00021142376,0.0001543193,UP,0.0002496505567003512,1.5418560883480041,1.091521015036595,0.023485504161488646,0.00015316128215361053,0.00011025029380107298,48.904258728027344
2026-08-27 14:26:00-04:00,gold,4657.000331958581,4656.609534526069,8.5874926e-05,1.8968968e-06,0.0002305359,0.00021500055,0.00018968969,UP,0.0002500534419652095,1.5418560883480041,1.091521015036595,0.023485504161488646,0.00015316128215361053,0.00011025029380107298,48.904258728027344
2026-08-27 14:27:00-04:00,gold,4656.299668610096,4657.009992837906,-0.0001503646,2.0734094e-06,0.00023644647,0.00021603954,0.00020734094,UP,0.0002459585463093751,1.5418560883480041,1.091521015036595,0.023485504161488646,0.00015316128215361053,0.00011025029380107298,48.904258728027344
2026-08-27 14:28:00-04:00,gold,4656.000064624008,4656.309240948758,-6.438896e-05,2.0376565e-06,0.00027352048,0.00021488268,0.00020376565,UP,0.00024512182146003346,1.5418560883480041,1.091521015036595,0.023485504161488646,0.00015316128215361053,0.00011025029380107298,48.904258728027344
2026-08-27 14:29:00-04:00,gold,4655.299818992615,4656.0094356536865,-0.00015039691,2.0048374e-06,0.00026345934,0.00021263133,0.00020048374,UP,0.0002459925414132575,1.5418560883480041,1.091521015036595,0.023485504161488646,0.00015316128215361053,0.00011025029380107298,48.904258728027344
2026-08-27 14:30:00-04:00,gold,4656.999631798477,4655.3097938771825,0.00036515048,2.1702022e-06,0.00019994075,0.00021172037,0.00021702022,UP,0.000256587831198463,1.5418560883480041,1.091521015036595,0.023485504161488646,0.00015316128215361053,0.00011025029380107298,48.904258728027344
2026-08-27 14:31:00-04:00,gold,4656.099811851978,4657.010547995567,-0.00019325517,2.237417e-06,0.0001977424,0.00021241102,0.00022374169,UP,0.00024448916886552445,1.5418560883480041,1.091521015036595,0.023485504161488646,0.00015316128215361053,0.00011025029380107298,48.904258728027344
2026-08-27 14:32:00-04:00,gold,4656.89992526063,4656.11064361356,0.00017176091,2.2492436e-06,0.00018720517,0.00021109979,0.00022492436,UP,0.00024635410107320374,1.5418560883480041,1.091521015036595,0.023485504161488646,0.00015316128215361053,0.00011025029380107298,48.904258728027344
2026-08-27 14:33:00-04:00,gold,4655.600028619607,4656.9104501125985,-0.00027915268,2.240673e-06,0.00011604417,0.00020914082,0.0002240673,UP,0.0002511951183638797,1.5418560883480041,1.091521015036595,0.023485504161488646,0.00015316128215361053,0.00011025029380107298,48.904258728027344
2026-08-27 14:34:00-04:00,gold,4655.799894337077,4655.6111974718515,4.2895168e-05,2.3352786e-06,0.0001503318,0.00020715618,0.00023352786,UP,0.0002500803010973944,1.5418560883480041,1.091521015036595,0.023485504161488646,0.00015316128215361053,0.00011025029380107298,48.904258728027344
2026-08-27 14:35:00-04:00,gold,4656.400330470642,4655.811459993827,0.00012888419,2.4397095e-06,0.00016729943,0.00020715401,0.00024397095,UP,0.00025076289904035396,1.5418560883480041,1.091521015036595,0.023485504161488646,0.00015316128215361053,0.00011025029380107298,48.904258728027344
2026-08-27 14:36:00-04:00,gold,4657.399612453475,4656.411559152359,0.00021473512,2.3888397e-06,0.00014674045,0.00020668634,0.00023888396,UP,0.0002407387204785838,1.5418560883480041,1.091521015036595,0.023485504161488646,0.00015316128215361053,0.00011025029380107298,48.904258728027344
2026-08-27 14:37:00-04:00,gold,4657.39990234375,4657.41100645042,0.0,2.3060263e-06,0.00015076021,0.0002056068,0.00023060263,UP,0.00022575916405925332,1.5418560883480041,1.091521015036595,0.023485504161488646,0.00015316128215361053,0.00011025029380107298,48.904258728027344
2026-08-27 14:38:00-04:00,gold,4658.700193234836,4657.410451245087,0.00027914965,2.222691e-06,5.956291e-05,0.00020316997,0.0002222691,UP,0.00023265433419882925,1.5418560883480041,1.091521015036595,0.023485504161488646,0.00015316128215361053,0.00011025029380107298,48.904258728027344
2026-08-27 14:39:00-04:00,gold,4658.29950282682,4658.709636438289,-8.594839e-05,1.9891618e-06,5.468271e-05,0.00020255687,0.00019891618,UP,0.00020566165490722906,1.5418560883480041,1.091521015036595,0.023485504161488646,0.00015316128215361053,0.00011025029380107298,48.904258728027344
2026-08-27 14:40:00-04:00,gold,4657.999935877975,4658.3081343766535,-6.436132e-05,1.7466145e-06,5.1688832e-05,0.00020146952,0.00017466146,UP,0.00019783097168475972,1.5418560883480041,1.091521015036595,0.023485504161488646,0.00015316128215361053,0.00011025029380107298,48.904258728027344
2026-08-27 14:41:00-04:00,gold,4658.299849510193,4658.00777387619,6.4361324e-05,1.6201276e-06,0.00012475275,0.00019864475,0.00016201276,UP,0.00019659706186115505,1.5418560883480041,1.091521015036595,0.023485504161488646,0.00015316128215361053,0.00011025029380107298,48.904258728027344
2026-08-27 14:42:00-04:00,gold,4658.099892147817,4658.307023751433,-4.2872147e-05,1.5303344e-06,0.0001125333,0.00019508146,0.00015303344,UP,0.00019425349609392028,1.5418560883480041,1.091521015036595,0.023485504161488646,0.00015316128215361053,0.00011025029380107298,48.904258728027344
2026-08-27 14:43:00-04:00,gold,4658.10009765625,4658.107316410693,0.0,1.4984221e-06,0.00012197134,0.00019191293,0.0001498422,UP,0.00019354389272527593,1.5418560883480041,1.091521015036595,0.023485504161488646,0.00015316128215361053,0.00011025029380107298,48.904258728027344
2026-08-27 14:44:00-04:00,gold,4658.300001625437,4658.107316410693,4.2872143e-05,1.4663783e-06,0.00013349534,0.0001890432,0.00014663783,UP,0.00019300511756853311,1.5418560883480041,1.091521015036595,0.023485504161488646,0.00015316128215361053,0.00011025029380107298,48.904258728027344
2026-08-27 14:45:00-04:00,gold,4658.700185079477,4658.307023751433,8.5948406e-05,1.5460755e-06,0.0001348625,0.00018641913,0.00015460755,UP,0.00019212908189270372,1.5418560883480041,1.091521015036595,0.023485504161488646,0.00015316128215361053,0.00011025029380107298,48.904258728027344
2026-08-27 14:46:00-04:00,gold,4660.000293869642,4658.707970357267,0.00027896694,1.5629114e-06,0.00018788016,0.00018377506,0.00015629113,UP,0.0001965339733105389,1.5418560883480041,1.091521015036595,0.023485504161488646,0.00015316128215361053,0.00011025029380107298,48.904258728027344
2026-08-27 14:47:00-04:00,gold,4660.1005482673645,4660.007221698761,2.1479953e-05,1.4586603e-06,0.00027984855,0.00018438017,0.00014586604,UP,0.0001951618718990667,1.5418560883480041,1.091521015036595,0.023485504161488646,0.00015316128215361053,0.00011025029380107298,48.904258728027344
2026-08-27 14:48:00-04:00,gold,4659.899830092763,4660.105652928469,-4.2960364e-05,1.1524533e-06,0.00033064088,0.00018587644,0.000115245326,UP,0.0001942587790525319,1.5418560883480041,1.091521015036595,0.023485504161488646,0.00015316128215361053,0.00011025029380107298,48.904258728027344
2026-08-27 14:49:00-04:00,gold,4659.699921135325,4659.903790867247,-4.2857424e-05,8.4635735e-07,0.00033411526,0.00018733573,8.4635736e-05,UP,0.00019073699872191327,1.5418560883480041,1.091521015036595,0.023485504161488646,0.00015316128215361053,0.00011025029380107298,48.904258728027344
2026-08-27 14:50:00-04:00,gold,4660.200126907323,4659.703528189799,0.00010729729,6.367918e-07,0.00033301397,0.00018893002,6.367918e-05,UP,0.00019106963110683816,1.5418560883480041,1.091521015036595,0.023485504161488646,0.00015316128215361053,0.00011025029380107298,48.904258728027344
2026-08-27 14:51:00-04:00,gold,4662.100139220711,4660.202417469118,0.00040760377,5.282384e-07,0.0003194511,0.00019013163,5.2823838e-05,UP,0.0001822636787575269,1.5418560883480041,1.091521015036595,0.023485504161488646,0.00015316128215361053,0.00011025029380107298,48.904258728027344
2026-08-27 14:52:00-04:00,gold,4664.799451371946,4662.101764953171,0.00057890767,3.403527e-07,0.00014413928,0.00019525716,3.403527e-05,UP,0.00020594172609982053,1.5418560883480041,1.091521015036595,0.023485504161488646,0.00015316128215361053,0.00011025029380107298,48.904258728027344
2026-08-27 14:53:00-04:00,gold,4663.700419758097,4664.800360774971,-0.00023575268,1.0492454e-07,0.00014413928,0.00020280814,1.0492454e-05,UP,0.00020918950444035093,1.5418560883480041,1.091521015036595,0.023485504161488646,0.00015316128215361053,0.00011025029380107298,48.904258728027344
2026-08-27 14:54:00-04:00,gold,4663.399978863541,4663.6999173343065,-6.439149e-05,-5.78284e-08,0.00015339321,0.00020887991,-5.78284e-06,DOWN,0.0001962092200122723,1.5418560883480041,1.091521015036595,0.023485504161488646,0.00015316128215361053,0.00011025029380107298,48.904258728027344
2026-08-27 14:55:00-04:00,gold,4664.1003622862045,4663.402126026107,0.00015013567,4.687156e-07,0.0002260683,0.00021904167,4.687156e-05,UP,0.00019431886155540213,1.5418560883480041,1.091521015036595,0.023485504161488646,0.00015316128215361053,0.00011025029380107298,48.904258728027344
2026-08-27 14:56:00-04:00,gold,4663.599972005148,4664.102321672486,-0.00010720756,4.878866e-07,0.00020202363,0.00022242806,4.878866e-05,UP,0.00019640142200472174,1.5418560883480041,1.091521015036595,0.023485504161488646,0.00015316128215361053,0.00011025029380107298,48.904258728027344
2026-08-27 14:57:00-04:00,gold,4663.700723602495,4663.601765489613,2.1463371e-05,3.3712536e-07,0.00030288985,0.00022232182,3.3712535e-05,UP,0.00019291534085172406,1.5418560883480041,1.091521015036595,0.023485504161488646,0.00015316128215361053,0.00011025029380107298,48.904258728027344
2026-08-27 14:58:00-04:00,gold,4664.799877045909,4663.701307225274,0.00023575265,1.3786644e-07,0.00037309597,0.0002200429,1.3786644e-05,UP,0.0001943979425497907,1.5418560883480041,1.091521015036595,0.023485504161488646,0.00015316128215361053,0.00011025029380107298,48.904258728027344
2026-08-27 14:59:00-04:00,gold,4664.299604007683,4664.7998046875,-0.00010719147,-1.9486606e-08,0.00037694135,0.00021716386,-1.9486606e-06,DOWN,0.00019291745766260852,1.5418560883480041,1.091521015036595,0.023485504161488646,0.00015316128215361053,0.00011025029380107298,48.904258728027344
2026-08-27 15:00:00-04:00,gold,4666.199751905515,4664.2998046875,0.00040735022,3.3202014e-08,0.00034893784,0.00021341449,3.3202014e-06,UP,0.00019532630457661087,1.5418560883480041,1.091521015036595,0.023485504161488646,0.00015316128215361053,0.00011025029380107298,48.904258728027344
2026-08-27 15:01:00-04:00,gold,4666.400446900167,4666.20130782132,4.2797725e-05,2.2320319e-07,0.00035311672,0.00021137377,2.2320319e-05,UP,0.00018918947046092985,1.5418560883480041,1.091521015036595,0.023485504161488646,0.00015316128215361053,0.00011025029380107298,48.904258728027344
2026-08-27 15:02:00-04:00,gold,4669.50004084775,4666.401571178401,0.00066412403,3.8103803e-07,0.00019712857,0.00020802012,3.8103804e-05,UP,0.00021728464108137333,1.5418560883480041,1.091521015036595,0.023485504161488646,0.00015316128215361053,0.00011025029380107298,48.904258728027344
2026-08-27 15:03:00-04:00,gold,4668.399785667658,4669.50222659111,-0.00023561993,4.3646946e-07,0.00016353774,0.00020917832,4.3646945e-05,UP,0.00021486642175914684,1.5418560883480041,1.091521015036595,0.023485504161488646,0.00015316128215361053,0.00011025029380107298,48.904258728027344
2026-08-27 15:04:00-04:00,gold,4667.79969915215,4668.402128410293,-0.00012855287,4.883484e-07,0.00012542079,0.0002126157,4.883484e-05,UP,0.00021845483024147746,1.5418560883480041,1.091521015036595,0.023485504161488646,0.00015316128215361053,0.00011025029380107298,48.904258728027344
2026-08-27 15:05:00-04:00,gold,4668.000124922954,4667.802030467894,4.288766e-05,5.4227166e-07,0.00023680799,0.00021383479,5.4227166e-05,UP,0.00021843455582706007,1.5418560883480041,1.091521015036595,0.023485504161488646,0.00015316128215361053,0.00011025029380107298,48.904258728027344
2026-08-27 15:06:00-04:00,gold,4668.999974727631,4668.005564689636,0.00021420154,1.1306252e-06,0.0002247823,0.00021984549,0.00011306252,UP,0.00021842347382020142,1.5418560883480041,1.091521015036595,0.023485504161488646,0.00015316128215361053,0.00011025029380107298,48.904258728027344
2026-08-27 15:07:00-04:00,gold,4669.9000030756,4669.006122469902,0.00019272126,1.2629112e-06,0.00021751622,0.00022062409,0.00012629111,UP,0.00021873397284510158,1.5418560883480041,1.091521015036595,0.023485504161488646,0.00015316128215361053,0.00011025029380107298,48.904258728027344
2026-08-27 15:08:00-04:00,gold,4671.20034291409,4669.905469298246,0.00027840256,1.230665e-06,0.00018164596,0.00022027448,0.00012306651,UP,0.00021871165161259452,1.5418560883480041,1.091521015036595,0.023485504161488646,0.00015316128215361053,0.00011025029380107298,48.904258728027344
2026-08-27 15:09:00-04:00,gold,4671.100240655534,4671.205763817066,-2.142891e-05,1.1924972e-06,0.0002106224,0.00022545211,0.000119249715,UP,0.00021724087214211528,1.5418560883480041,1.091521015036595,0.023485504161488646,0.00015316128215361053,0.00011025029380107298,48.904258728027344
2026-08-27 15:10:00-04:00,gold,4669.699927187496,4671.1045523644425,-0.00029973927,9.079529e-07,0.00041022422,0.0002271649,9.0795285e-05,UP,0.0002270885723219279,1.5418560883480041,1.091521015036595,0.023485504161488646,0.00015316128215361053,0.00011025029380107298,48.904258728027344
2026-08-27 15:11:00-04:00,gold,4669.600272752636,4669.705205357284,-2.1435791e-05,1.0292051e-06,0.00043118602,0.00022454894,0.000102920516,UP,0.0002278787708841388,1.5418560883480041,1.091521015036595,0.023485504161488646,0.00015316128215361053,0.00011025029380107298,48.904258728027344
2026-08-27 15:12:00-04:00,gold,4670.299818911881,4669.605107593641,0.0001498318,1.0074427e-06,0.0004102913,0.00022033497,0.00010074428,UP,0.00022698707731795233,1.5418560883480041,1.091521015036595,0.023485504161488646,0.00015316128215361053,0.00011025029380107298,48.904258728027344
2026-08-27 15:13:00-04:00,gold,4669.19995865057,4670.305372118717,-0.000235475,1.1112888e-06,0.00042024048,0.00022006137,0.00011112889,UP,0.00023406658266765843,1.5418560883480041,1.091521015036595,0.023485504161488646,0.00015316128215361053,0.00011025029380107298,48.904258728027344
2026-08-27 15:14:00-04:00,gold,4669.899856644333,4669.2052048208425,0.00014984462,1.0587885e-06,0.00042464223,0.0002178644,0.00010587885,UP,0.00023430624481964426,1.5418560883480041,1.091521015036595,0.023485504161488646,0.00015316128215361053,0.00011025029380107298,48.904258728027344
2026-08-27 15:15:00-04:00,gold,4665.999972371355,4669.904355907347,-0.00083546364,9.731466e-07,0.000360797,0.00021391411,9.731466e-05,UP,0.0002880737258745338,1.5418560883480041,1.091521015036595,0.023485504161488646,0.00015316128215361053,0.00011025029380107298,48.904258728027344
2026-08-27 15:16:00-04:00,gold,4666.70029425621,4666.007787227631,0.00015005203,1.7013758e-06,0.00032074514,0.000219115,0.00017013759,UP,0.0002855241907721556,1.5418560883480041,1.091521015036595,0.023485504161488646,0.00015316128215361053,0.00011025029380107298,48.904258728027344
2026-08-27 15:17:00-04:00,gold,4665.000377840188,4666.710765278782,-0.0003643913,2.278091e-06,0.0003157065,0.00022169172,0.0002278091,UP,0.0002952785529608959,1.5418560883480041,1.091521015036595,0.023485504161488646,0.00015316128215361053,0.00011025029380107298,48.904258728027344
2026-08-27 15:18:00-04:00,gold,4664.900178015232,4665.011678338051,-2.1457392e-05,2.5056243e-06,0.00033881527,0.00022424635,0.0002505624,UP,0.00029510865783550475,1.5418560883480041,1.091521015036595,0.023485504161488646,0.00015316128215361053,0.00011025029380107298,48.904258728027344
2026-08-27 15:19:00-04:00,gold,4665.700129384932,4664.91213653062,0.00017154157,2.5828697e-06,0.00030223888,0.00022563021,0.00025828698,UP,0.00029573400156212925,1.5418560883480041,1.091521015036595,0.023485504161488646,0.00015316128215361053,0.00011025029380107298,48.904258728027344
2026-08-27 15:20:00-04:00,gold,4662.600243563822,4665.712431598222,-0.0006646651,2.6185828e-06,0.00013614415,0.00022639195,0.00026185828,UP,0.0003223133619405757,1.5418560883480041,1.091521015036595,0.023485504161488646,0.00015316128215361053,0.00011025029380107298,48.904258728027344
2026-08-27 15:21:00-04:00,gold,4661.499841583573,4662.610658335907,-0.00023596865,2.224587e-06,7.935351e-05,0.00023384586,0.0002224587,UP,0.0003167996342226154,1.5418560883480041,1.091521015036595,0.023485504161488646,0.00015316128215361053,0.00011025029380107298,48.904258728027344
2026-08-27 15:22:00-04:00,gold,4661.2002030313015,4661.508891105652,-6.431713e-05,1.8672708e-06,0.00031547176,0.00023990465,0.00018672709,UP,0.0002971153899471957,1.5418560883480041,1.091521015036595,0.023485504161488646,0.00015316128215361053,0.00011025029380107298,48.904258728027344
2026-08-27 15:23:00-04:00,gold,4661.799750686972,4661.208530187956,0.00012863013,1.8077139e-06,0.0003234165,0.0002419761,0.0001807714,UP,0.00029567721257720437,1.5418560883480041,1.091521015036595,0.023485504161488646,0.00015316128215361053,0.00011025029380107298,48.904258728027344
2026-08-27 15:24:00-04:00,gold,4661.599741944112,4661.807584905298,-4.2839958e-05,1.6616398e-06,0.00032660342,0.0002450793,0.00016616398,UP,0.00029557558326011747,1.5418560883480041,1.091521015036595,0.023485504161488646,0.00015316128215361053,0.00011025029380107298,48.904258728027344
2026-08-27 15:25:00-04:00,gold,4661.800151829142,4661.608433246787,4.2839958e-05,1.7481626e-06,0.0003214942,0.00024252015,0.00017481626,UP,0.00029418138109771276,1.5418560883480041,1.091521015036595,0.023485504161488646,0.00015316128215361053,0.00011025029380107298,48.904258728027344
2026-08-27 15:26:00-04:00,gold,4662.099898802582,4661.809252094827,6.4413594e-05,1.9151184e-06,0.00034949105,0.00023958755,0.00019151185,UP,0.00029402339400041007,1.5418560883480041,1.091521015036595,0.023485504161488646,0.00015316128215361053,0.00011025029380107298,48.904258728027344
2026-08-27 15:27:00-04:00,gold,4659.100074729067,4662.110657203419,-0.00064369396,2.2554132e-06,0.00013856798,0.00023530172,0.00022554131,UP,0.0003157756709906725,1.5418560883480041,1.091521015036595,0.023485504161488646,0.00015316128215361053,0.00011025029380107298,48.904258728027344
2026-08-27 15:28:00-04:00,gold,4659.899885194376,4659.110095000477,0.00017165032,2.1927171e-06,0.00012383198,0.00023807495,0.00021927172,UP,0.00031410746572118145,1.5418560883480041,1.091521015036595,0.023485504161488646,0.00015316128215361053,0.00011025029380107298,48.904258728027344
2026-08-27 15:29:00-04:00,gold,4660.000448451319,4659.909901404171,2.1480415e-05,2.1504836e-06,0.00012821445,0.00023860979,0.00021504836,UP,0.0003139659918862414,1.5418560883480041,1.091521015036595,0.023485504161488646,0.00015316128215361053,0.00011025029380107298,48.904258728027344
2026-08-27 15:30:00-04:00,gold,4659.799736738205,4660.0099992752075,-4.296129e-05,2.110069e-06,0.00012637953,0.00023737486,0.0002110069,UP,0.0003028654765075986,1.5418560883480041,1.091521015036595,0.023485504161488646,0.00015316128215361053,0.00011025029380107298,48.904258728027344
2026-08-27 15:31:00-04:00,gold,4660.899677707348,4659.809803533135,0.00023605472,2.1331546e-06,0.00010219729,0.000236421,0.00021331546,UP,0.0003068429058907382,1.5418560883480041,1.091521015036595,0.023485504161488646,0.00015316128215361053,0.00011025029380107298,48.904258728027344
2026-08-27 15:32:00-04:00,gold,4660.5001319074945,4660.908792304806,-8.580306e-05,1.8784787e-06,7.5831864e-05,0.00023808425,0.00018784787,UP,0.00027660294507381454,1.5418560883480041,1.091521015036595,0.023485504161488646,0.00015316128215361053,0.00011025029380107298,48.904258728027344
2026-08-27 15:33:00-04:00,gold,4660.600559055805,4660.508333623409,2.1477648e-05,1.7339555e-06,8.922857e-05,0.00023752818,0.00017339556,UP,0.0002750902599250925,1.5418560883480041,1.091521015036595,0.023485504161488646,0.00015316128215361053,0.00011025029380107298,48.904258728027344
2026-08-27 15:34:00-04:00,gold,4661.10012580012,4660.608431458648,0.000107276566,1.8368323e-06,8.76493e-05,0.0002349463,0.00018368324,UP,0.0002763036980479198,1.5418560883480041,1.091521015036595,0.023485504161488646,0.00015316128215361053,0.00011025029380107298,48.904258728027344
2026-08-27 15:35:00-04:00,gold,4661.90022851713,4661.110099292011,0.00017157667,2.119643e-06,3.2556272e-05,0.00022964917,0.00021196432,UP,0.00027874933267241876,1.5418560883480041,1.091521015036595,0.023485504161488646,0.00015316128215361053,0.00011025029380107298,48.904258728027344
2026-08-27 15:36:00-04:00,gold,4661.800146695081,4661.910461437481,-2.1471658e-05,2.2313156e-06,0.00018977225,0.00022445133,0.00022313156,UP,0.00027452295316110183,1.5418560883480041,1.091521015036595,0.023485504161488646,0.00015316128215361053,0.00011025029380107298,48.904258728027344
2026-08-27 15:37:00-04:00,gold,4661.999867430888,4661.807584905298,4.294286e-05,1.6231384e-06,0.00019242184,0.00021961585,0.00016231384,UP,0.00027127218631883967,1.5418560883480041,1.091521015036595,0.023485504161488646,0.00015316128215361053,0.00011025029380107298,48.904258728027344
2026-08-27 15:38:00-04:00,gold,4661.799650788307,4662.005557537079,-4.294286e-05,1.1774205e-06,0.0002341498,0.00021525599,0.00011774205,UP,0.00026383702459705795,1.5418560883480041,1.091521015036595,0.023485504161488646,0.00015316128215361053,0.00011025029380107298,48.904258728027344
2026-08-27 15:39:00-04:00,gold,4661.700329045649,4661.805361985927,-2.1367377e-05,1.1250199e-06,0.00025258807,0.00021162308,0.00011250199,UP,0.00026383739221678824,1.5418560883480041,1.091521015036595,0.023485504161488646,0.00015316128215361053,0.00011025029380107298,48.904258728027344
2026-08-27 15:40:00-04:00,gold,4661.600443937175,4661.705752492184,-2.147258e-05,1.1751711e-06,0.00025057417,0.00020693583,0.000117517106,UP,0.0002602453774518025,1.5418560883480041,1.091521015036595,0.023485504161488646,0.00015316128215361053,0.00011025029380107298,48.904258728027344
2026-08-27 15:41:00-04:00,gold,4663.500056592689,4661.606210422644,0.0004074814,1.3194488e-06,0.00023712573,0.00020276038,0.00013194488,UP,0.00027375044844816,1.5418560883480041,1.091521015036595,0.023485504161488646,0.00015316128215361053,0.00011025029380107298,48.904258728027344
2026-08-27 15:42:00-04:00,gold,4663.5,4663.505003392696,0.0,9.967025e-07,0.00023556914,0.00020508726,9.967025e-05,UP,0.00027145784096456205,1.5418560883480041,1.091521015036595,0.023485504161488646,0.00015316128215361053,0.00011025029380107298,48.904258728027344
2026-08-27 15:43:00-04:00,gold,4662.399809539318,4663.503335595131,-0.0002359231,5.820589e-07,0.00021469156,0.00020849121,5.8205886e-05,UP,0.000271468490372832,1.5418560883480041,1.091521015036595,0.023485504161488646,0.00015316128215361053,0.00011025029380107298,48.904258728027344
2026-08-27 15:44:00-04:00,gold,4663.599877523084,4662.40156974789,0.00025738694,3.2937032e-07,0.0002072627,0.00021167475,3.293703e-05,UP,0.00027486832641694415,1.5418560883480041,1.091521015036595,0.023485504161488646,0.00015316128215361053,0.00011025029380107298,48.904258728027344
2026-08-27 15:45:00-04:00,gold,4663.60009765625,4663.601765489613,0.0,2.5657278e-07,0.00030420904,0.0002144411,2.5657278e-05,UP,0.00023084965918508622,1.5418560883480041,1.091521015036595,0.023485504161488646,0.00015316128215361053,0.00011025029380107298,48.904258728027344
2026-08-27 15:46:00-04:00,gold,4665.299619853322,4663.601209545159,0.00036439605,2.3175949e-07,0.00018161479,0.00021588692,2.3175948e-05,UP,0.0002393654966788391,1.5418560883480041,1.091521015036595,0.023485504161488646,0.00015316128215361053,0.00011025029380107298,48.904258728027344
2026-08-27 15:47:00-04:00,gold,4665.400467308122,4665.3009169816505,2.1455551e-05,1.8460764e-07,0.00016120683,0.00021750669,1.8460763e-05,UP,0.00022984579833239187,1.5418560883480041,1.091521015036595,0.023485504161488646,0.00015316128215361053,0.00011025029380107298,48.904258728027344
2026-08-27 15:48:00-04:00,gold,4664.600423769996,4665.4015708207735,-0.00017144794,3.8826852e-07,0.00017516047,0.0002218637,3.8826853e-05,UP,0.0002320142353914067,1.5418560883480041,1.091521015036595,0.023485504161488646,0.00015316128215361053,0.00011025029380107298,48.904258728027344
2026-08-27 15:49:00-04:00,gold,4664.09991839077,4664.602321910905,-0.000107196065,4.443159e-07,0.00024027741,0.00022326328,4.443159e-05,UP,0.00023039515808090865,1.5418560883480041,1.091521015036595,0.023485504161488646,0.00015316128215361053,0.00011025029380107298,48.904258728027344
2026-08-27 15:50:00-04:00,gold,4661.900267596677,4664.102321672486,-0.00047184114,4.4017884e-07,0.00020880083,0.00022204679,4.4017885e-05,UP,0.00021363664007785596,1.5418560883480041,1.091521015036595,0.023485504161488646,0.00015316128215361053,0.00011025029380107298,48.904258728027344
2026-08-27 15:51:00-04:00,gold,4661.200223448628,4661.903236794402,-0.0001501018,6.8383247e-07,0.00024867515,0.00022093425,6.838325e-05,UP,0.00021099493341016423,1.5418560883480041,1.091521015036595,0.023485504161488646,0.00015316128215361053,0.00011025029380107298,48.904258728027344
2026-08-27 15:52:00-04:00,gold,4660.900139796082,4661.205196237774,-6.442603e-05,9.910202e-07,0.00027252015,0.00021921512,9.910202e-05,UP,0.00021099604112479072,1.5418560883480041,1.091521015036595,0.023485504161488646,0.00015316128215361053,0.00011025029380107298,48.904258728027344
2026-08-27 15:53:00-04:00,gold,4660.699878219981,4660.906014191976,-4.2848227e-05,1.2457076e-06,0.0002745397,0.00021699183,0.00012457077,UP,0.00020964988854734436,1.5418560883480041,1.091521015036595,0.023485504161488646,0.00015316128215361053,0.00011025029380107298,48.904258728027344
2026-08-27 15:54:00-04:00,gold,4661.599709703471,4660.707418096368,0.00019306444,1.4518462e-06,0.00027992646,0.00021164426,0.00014518462,UP,0.00021269454211671017,1.5418560883480041,1.091521015036595,0.023485504161488646,0.00015316128215361053,0.00011025029380107298,48.904258728027344
2026-08-27 15:55:00-04:00,gold,4659.799610100221,4661.607877540751,-0.00038627093,1.6859627e-06,0.00028824492,0.00020646922,0.00016859628,UP,0.00022384765163191092,1.5418560883480041,1.091521015036595,0.023485504161488646,0.00015316128215361053,0.00011025029380107298,48.904258728027344
2026-08-27 15:56:00-04:00,gold,4660.899677707348,4659.809248041711,0.00023605472,2.0412203e-06,0.00027111877,0.00020776912,0.00020412203,UP,0.0002280828080833198,1.5418560883480041,1.091521015036595,0.023485504161488646,0.00015316128215361053,0.00011025029380107298,48.904258728027344
2026-08-27 15:57:00-04:00,gold,4662.100602708932,4660.9104591725045,0.00025746977,2.2427885e-06,0.00022632997,0.00020765285,0.00022427885,UP,0.00019906887429903435,1.5418560883480041,1.091521015036595,0.023485504161488646,0.00015316128215361053,0.00011025029380107298,48.904258728027344
2026-08-27 15:58:00-04:00,gold,4663.100475809071,4662.110657203419,0.00021447259,2.2484082e-06,0.00013451131,0.00020744481,0.00022484083,UP,0.00020033272026881953,1.5418560883480041,1.091521015036595,0.023485504161488646,0.00015316128215361053,0.00011025029380107298,48.904258728027344
2026-08-27 15:59:00-04:00,gold,4662.700416449283,4663.110103583545,-8.576258e-05,2.190807e-06,0.0001666273,0.00020707441,0.0002190807,UP,0.00020131335344063367,1.5418560883480041,1.091521015036595,0.023485504161488646,0.00015316128215361053,0.00011025029380107298,48.904258728027344
2026-08-27 16:00:00-04:00,gold,4660.799788002041,4662.710200381698,-0.00040765604,2.1335109e-06,9.282445e-05,0.00020766474,0.00021335109,UP,0.00021569604746532532,1.5418560883480041,1.091521015036595,0.023485504161488646,0.00015316128215361053,0.00011025029380107298,48.904258728027344
2026-08-27 16:01:00-04:00,gold,4660.29975511739,4660.810361289536,-0.00010728347,2.2286754e-06,9.307229e-05,0.00020739595,0.00022286754,UP,0.0002122124594161356,1.5418560883480041,1.091521015036595,0.023485504161488646,0.00015316128215361053,0.00011025029380107298,48.904258728027344
2026-08-27 16:02:00-04:00,gold,4659.299535060127,4660.311471259105,-0.0002146015,2.4087208e-06,7.37514e-05,0.00020498678,0.00024087208,UP,0.00021519994429028112,1.5418560883480041,1.091521015036595,0.023485504161488646,0.00015316128215361053,0.00011025029380107298,48.904258728027344
2026-08-27 16:03:00-04:00,gold,4658.799638334021,4659.3120241875295,-0.00010731801,2.6350965e-06,7.055774e-05,0.00020108793,0.00026350966,UP,0.00021586358787405388,1.5418560883480041,1.091521015036595,0.023485504161488646,0.00015316128215361053,0.00011025029380107298,48.904258728027344
2026-08-27 16:04:00-04:00,gold,4659.00029405707,4658.813688992872,4.297051e-05,2.8810566e-06,5.5977976e-05,0.00019699552,0.00028810566,UP,0.00021494676246490497,1.5418560883480041,1.091521015036595,0.023485504161488646,0.00015316128215361053,0.00011025029380107298,48.904258728027344
2026-08-27 16:05:00-04:00,gold,4658.4001722335815,4659.013884902,-0.00012881226,3.0220044e-06,0.00016235131,0.00019389941,0.00030220044,UP,0.00021294232326457026,1.5418560883480041,1.091521015036595,0.023485504161488646,0.00015316128215361053,0.00011025029380107298,48.904258728027344
2026-08-27 16:06:00-04:00,gold,4658.000346335204,4658.414340781863,-8.584911e-05,3.0956828e-06,0.0001766072,0.00019150741,0.00030956828,UP,0.00021322955905877998,1.5418560883480041,1.091521015036595,0.023485504161488646,0.00015316128215361053,0.00011025029380107298,48.904258728027344
2026-08-27 16:07:00-04:00,gold,4658.0,4658.014437198639,0.0,3.139017e-06,0.00017608416,0.00018828052,0.0003139017,UP,0.00021288658791737778,1.5418560883480041,1.091521015036595,0.023485504161488646,0.00015316128215361053,0.00011025029380107298,48.904258728027344
2026-08-27 16:08:00-04:00,gold,4658.0,4658.01499247551,0.0,3.1915374e-06,0.00019872338,0.0001841635,0.00031915374,UP,0.00021293112228599334,1.5418560883480041,1.091521015036595,0.023485504161488646,0.00015316128215361053,0.00011025029380107298,48.904258728027344
2026-08-27 16:09:00-04:00,gold,4657.799822688103,4658.01554775238,-4.2979736e-05,3.3362087e-06,0.00021109938,0.00017975963,0.00033362088,UP,0.00021294741070741627,1.5418560883480041,1.091521015036595,0.023485504161488646,0.00015316128215361053,0.00011025029380107298,48.904258728027344
2026-08-27 16:10:00-04:00,gold,4659.300098308595,4657.815907024662,0.00032198863,3.4352622e-06,0.00014353698,0.00017595894,0.00034352622,UP,0.000222332509246428,1.5418560883480041,1.091521015036595,0.023485504161488646,0.00015316128215361053,0.00011025029380107298,48.904258728027344
2026-08-27 16:11:00-04:00,gold,4658.600238310813,4659.315912210266,-0.00015018557,3.4179218e-06,0.00012391858,0.00017456248,0.00034179218,UP,0.00020854747178398336,1.5418560883480041,1.091521015036595,0.023485504161488646,0.00015316128215361053,0.00011025029380107298,48.904258728027344
2026-08-27 16:12:00-04:00,gold,4658.700615718088,4658.616758108488,2.1486407e-05,3.5332664e-06,0.00012428428,0.00017333093,0.00035332664,UP,0.0002087087225811035,1.5418560883480041,1.091521015036595,0.023485504161488646,0.00015316128215361053,0.00011025029380107298,48.904258728027344
2026-08-27 16:13:00-04:00,gold,4657.89992106182,4658.717966843396,-0.00017179936,3.8090607e-06,7.9474456e-05,0.00017107664,0.00038090607,UP,0.00020689372684734933,1.5418560883480041,1.091521015036595,0.023485504161488646,0.00015316128215361053,0.00011025029380107298,48.904258728027344
2026-08-27 16:14:00-04:00,gold,4658.700039119634,4657.9193366165855,0.00017179934,4.102894e-06,2.7937644e-05,0.0001690379,0.0004102894,UP,0.00020332145659082533,1.5418560883480041,1.091521015036595,0.023485504161488646,0.00015316128215361053,0.00011025029380107298,48.904258728027344
2026-08-27 16:15:00-04:00,gold,4658.900125035085,4658.719632924418,4.286662e-05,4.146784e-06,4.4526994e-05,0.00016873496,0.0004146784,UP,0.00020372629142296857,1.5418560883480041,1.091521015036595,0.023485504161488646,0.00015316128215361053,0.00011025029380107298,48.904258728027344
2026-08-27 16:16:00-04:00,gold,4658.79993319721,4658.919340788911,-2.1485486e-05,4.060301e-06,7.022471e-05,0.0001685074,0.0004060301,UP,0.00018940581453719712,1.5418560883480041,1.091521015036595,0.023485504161488646,0.00015316128215361053,0.00011025029380107298,48.904258728027344
