date,asset,actual_price,predicted_price,actual_return,predicted_return,actual_volatility,predicted_volatility,predicted_return_percent,trend,volatility_30,rmse,mae,mape,volatility_rmse,volatility_mae,volatility_mape
2026-06-03 12:00:00-04:00,gold,4469.399907022307,4470.528199235559,-8.9471614e-05,0.00016288535,0.0017873332,0.0018061275,0.016288536,UP,0.0018807953260165354,13.616855118959567,9.368292548336717,0.221022383085499,0.0017326549225956738,0.0011485430877655745,51.72445297241211
2026-06-03 13:00:00-04:00,gold,4467.19999597111,4470.128231724084,-0.00049229176,0.00016285107,0.0018427004,0.0017809297,0.016285107,UP,0.0018605108807601522,13.616855118959567,9.368292548336717,0.221022383085499,0.0017326549225956738,0.0011485430877655745,51.72445297241211
2026-06-03 14:00:00-04:00,gold,4470.100363285979,4467.922308381181,0.00064894365,0.00016163028,0.0021576486,0.0017548535,0.016163027,UP,0.0018733891210451342,13.616855118959567,9.368292548336717,0.221022383085499,0.0017326549225956738,0.0011485430877655745,51.72445297241211
2026-06-03 15:00:00-04:00,gold,4471.999805789965,4470.815219203359,0.00042493426,0.00016002386,0.0026816337,0.0017329614,0.016002387,UP,0.0018323030993013414,13.616855118959567,9.368292548336717,0.221022383085499,0.0017326549225956738,0.0011485430877655745,51.72445297241211
2026-06-03 16:00:00-04:00,gold,4462.700001716614,4472.712226867676,-0.002081728,0.00015922071,0.0021037008,0.0017149596,0.015922071,UP,0.0018136616130134658,13.616855118959567,9.368292548336717,0.221022383085499,0.0017326549225956738,0.0011485430877655745,51.72445297241211
2026-06-03 18:00:00-04:00,gold,4475.2999724657275,4463.406153101823,0.0028193372,0.00015814681,0.0027030874,0.0016999901,0.01581468,UP,0.0019079464707655674,13.616855118959567,9.368292548336717,0.221022383085499,0.0017326549225956738,0.0011485430877655745,51.72445297241211
2026-06-03 19:00:00-04:00,gold,4483.499658345943,4476.0018871477805,0.0018306465,0.00015688258,0.0030555231,0.0016881285,0.01568826,UP,0.001952139980499631,13.616855118959567,9.368292548336717,0.221022383085499,0.0017326549225956738,0.0011485430877655745,51.72445297241211
2026-06-03 20:00:00-04:00,gold,4475.600194483995,4484.19695520401,-0.0017635486,0.00015541253,0.0032905298,0.0016825472,0.015541254,UP,0.0019362300012914797,13.616855118959567,9.368292548336717,0.221022383085499,0.0017326549225956738,0.0011485430877655745,51.72445297241211
2026-06-03 21:00:00-04:00,gold,4492.499758850725,4476.28888889862,0.003768897,0.00015395263,0.0028843398,0.0016926704,0.015395263,UP,0.002059747469372694,13.616855118959567,9.368292548336717,0.221022383085499,0.0017326549225956738,0.0011485430877655745,51.72445297241211
2026-06-03 22:00:00-04:00,gold,4502.000081241131,4493.1833589077,0.0021124028,0.00015201792,0.0026909602,0.0017266095,0.015201792,UP,0.0020966596719904666,13.616855118959567,9.368292548336717,0.221022383085499,0.0017326549225956738,0.0011485430877655745,51.72445297241211
2026-06-03 23:00:00-04:00,gold,4490.600107073784,4502.671386957169,-0.0025353974,0.00014908786,0.0024739874,0.0017789486,0.014908787,UP,0.0021418175776635223,13.616855118959567,9.368292548336717,0.221022383085499,0.0017326549225956738,0.0011485430877655745,51.72445297241211
2026-06-04 00:00:00-04:00,gold,4508.0997492304305,4491.252118935459,0.0038894555,0.00014519074,0.0016998693,0.0018401409,0.014519075,UP,0.0022674691120995122,13.616855118959567,9.368292548336717,0.221022383085499,0.0017326549225956738,0.0011485430877655745,51.72445297241211
2026-06-04 01:00:00-04:00,gold,4496.000101119425,4508.768095066713,-0.0026876878,0.00014811158,0.0011792091,0.0018498721,0.014811157,UP,0.002309344737942502,13.616855118959567,9.368292548336717,0.221022383085499,0.0017326549225956738,0.0011485430877655745,51.72445297241211
2026-06-04 02:00:00-04:00,gold,4494.700284957886,4496.67960357666,-0.00028914423,0.00015108852,0.0037270745,0.0018463699,0.015108852,UP,0.0022675040491136125,13.616855118959567,9.368292548336717,0.221022383085499,0.0017326549225956738,0.0011485430877655745,51.72445297241211
2026-06-04 03:00:00-04:00,gold,4488.5000697004725,4495.395140904584,-0.001380398,0.00015463331,0.0037951719,0.0018264713,0.015463331,UP,0.002224564968532907,13.616855118959567,9.368292548336717,0.221022383085499,0.0017326549225956738,0.0011485430877655745,51.72445297241211
2026-06-04 04:00:00-04:00,gold,4490.199920237064,4489.206293582916,0.00037871746,0.00015739663,0.004114906,0.0018115648,0.015739663,UP,0.002190296171234574,13.616855118959567,9.368292548336717,0.221022383085499,0.0017326549225956738,0.0011485430877655745,51.72445297241211
2026-06-04 05:00:00-04:00,gold,4498.200394167798,4490.922279365477,0.0017800725,0.00016082989,0.005509586,0.0017675455,0.016082989,UP,0.00220290775762332,13.616855118959567,9.368292548336717,0.221022383085499,0.0017326549225956738,0.0011485430877655745,51.72445297241211
2026-06-04 06:00:00-04:00,gold,4501.599876074586,4498.927855690126,0.00075555063,0.00016179381,0.0056542037,0.001768505,0.016179381,UP,0.0022058456990543605,13.616855118959567,9.368292548336717,0.221022383085499,0.0017326549225956738,0.0011485430877655745,51.72445297241211
2026-06-04 07:00:00-04:00,gold,4539.200330500898,4502.333137718844,0.008317917,0.00016281073,0.0036274735,0.0017556421,0.016281072,UP,0.0026117176632621214,13.616855118959567,9.368292548336717,0.221022383085499,0.0017326549225956738,0.0011485430877655745,51.72445297241211
2026-06-04 08:00:00-04:00,gold,4531.600237519364,4539.94909823779,-0.0016757284,0.00016496048,0.0036200536,0.0017707833,0.016496047,UP,0.0025813744100364644,13.616855118959567,9.368292548336717,0.221022383085499,0.0017326549225956738,0.0011485430877655745,51.72445297241211
2026-06-04 09:00:00-04:00,gold,4523.700353857508,4532.3585508510005,-0.0017448132,0.00016744129,0.0036292349,0.0018162457,0.01674413,UP,0.0026019209720897795,13.616855118959567,9.368292548336717,0.221022383085499,0.0017326549225956738,0.0011485430877655745,51.72445297241211
2026-06-04 10:00:00-04:00,gold,4493.10002376046,4524.470268711913,-0.0067873783,0.00017019702,0.0013878361,0.0018716243,0.017019702,UP,0.002867882475012056,13.616855118959567,9.368292548336717,0.221022383085499,0.0017326549225956738,0.0011485430877655745,51.72445297241211
2026-06-04 11:00:00-04:00,gold,4504.899790185853,4493.888529222459,0.0026227632,0.00017534728,0.0011521135,0.0019742867,0.017534727,UP,0.002873966235047828,13.616855118959567,9.368292548336717,0.221022383085499,0.0017326549225956738,0.0011485430877655745,51.72445297241211
2026-06-04 12:00:00-04:00,gold,4510.799669066328,4505.698996908031,0.0013088065,0.00017746337,0.0009010021,0.002086428,0.017746337,UP,0.002878954055437809,13.616855118959567,9.368292548336717,0.221022383085499,0.0017326549225956738,0.0011485430877655745,51.72445297241211
2026-06-04 13:00:00-04:00,gold,4506.000033491058,4511.580049814773,-0.001064636,0.00017296756,0.0010647892,0.0022200868,0.017296756,UP,0.0028168704747683557,13.616855118959567,9.368292548336717,0.221022383085499,0.0017326549225956738,0.0011485430877655745,51.72445297241211
2026-06-04 14:00:00-04:00,gold,4505.900088787079,4506.804661273956,-2.2214546e-05,0.00017853122,0.0009919619,0.0023239776,0.017853122,UP,0.0028153675076228106,13.616855118959567,9.368292548336717,0.221022383085499,0.0017326549225956738,0.0011485430877655745,51.72445297241211
2026-06-04 15:00:00-04:00,gold,4508.899857873272,4506.730328708771,0.0006655722,0.00018420289,0.0008231476,0.0023666746,0.018420288,UP,0.0028150201629132047,13.616855118959567,9.368292548336717,0.221022383085499,0.0017326549225956738,0.0011485430877655745,51.72445297241211
2026-06-04 16:00:00-04:00,gold,4502.400150290836,4509.753994219878,-0.0014426333,0.0001893993,0.0008259364,0.0023782738,0.018939931,UP,0.002769390610882359,13.616855118959567,9.368292548336717,0.221022383085499,0.0017326549225956738,0.0011485430877655745,51.72445297241211
2026-06-04 18:00:00-04:00,gold,4496.900051617704,4503.2624240688165,-0.0012223173,0.00019145131,0.0011859239,0.0023708357,0.019145131,UP,0.0027533244118972218,13.616855118959567,9.368292548336717,0.221022383085499,0.0017326549225956738,0.0011485430877655745,51.72445297241211
2026-06-04 19:00:00-04:00,gold,4488.399672829924,4497.738319331082,-0.0018919797,0.00018641353,0.0013648814,0.0023434202,0.018641353,UP,0.002698090294673361,13.616855118959567,9.368292548336717,0.221022383085499,0.0017326549225956738,0.0011485430877655745,51.72445297241211
2026-06-04 20:00:00-04:00,gold,4485.800050839724,4489.198210317409,-0.00057946064,0.00017787285,0.0013676971,0.0023275432,0.017787285,UP,0.002701019484873795,13.616855118959567,9.368292548336717,0.221022383085499,0.0017326549225956738,0.0011485430877655745,51.72445297241211
2026-06-04 21:00:00-04:00,gold,4473.299779256049,4486.561287274584,-0.0027904608,0.00016970103,0.0017860534,0.0023154295,0.016970104,UP,0.0027511338779668787,13.616855118959567,9.368292548336717,0.221022383085499,0.0017326549225956738,0.0011485430877655745,51.72445297241211
2026-06-04 22:00:00-04:00,gold,4467.100136813009,4474.010638790089,-0.0013868972,0.00015885461,0.0015964926,0.0023305737,0.015885461,UP,0.0027609016370863278,13.616855118959567,9.368292548336717,0.221022383085499,0.0017326549225956738,0.0011485430877655745,51.72445297241211
2026-06-04 23:00:00-04:00,gold,4468.399978558824,4467.753499486425,0.0002909305,0.00014622108,0.0015809521,0.0023943486,0.014622108,UP,0.0027602671347498656,13.616855118959567,9.368292548336717,0.221022383085499,0.0017326549225956738,0.0011485430877655745,51.72445297241211
2026-06-05 00:00:00-04:00,gold,4470.999887934129,4469.023131833761,0.00058171636,0.00013950576,0.001588501,0.0024869638,0.013950576,UP,0.002734545133531324,13.616855118959567,9.368292548336717,0.221022383085499,0.0017326549225956738,0.0011485430877655745,51.72445297241211
2026-06-05 01:00:00-04:00,gold,4465.899869084358,4471.612399458885,-0.0011413572,0.0001370259,0.001183106,0.002582642,0.01370259,UP,0.0026921364972079176,13.616855118959567,9.368292548336717,0.221022383085499,0.0017326549225956738,0.0011485430877655745,51.72445297241211
2026-06-05 02:00:00-04:00,gold,4479.70017257554,4466.504149960179,0.0030853834,0.0001352737,0.00058076007,0.0026460984,0.01352737,UP,0.0027322262297984753,13.616855118959567,9.368292548336717,0.221022383085499,0.0017326549225956738,0.0011485430877655745,51.72445297241211
2026-06-05 03:00:00-04:00,gold,4487.699843040202,4480.294027640484,0.0017842411,0.00013256248,0.006733797,0.0026947625,0.013256248,UP,0.002731216201847473,13.616855118959567,9.368292548336717,0.221022383085499,0.0017326549225956738,0.0011485430877655745,51.72445297241211
2026-06-05 04:00:00-04:00,gold,4489.7999743541,4488.290273346356,0.00046774923,0.0001314781,0.0070911157,0.0027142765,0.01314781,UP,0.0026427642402000484,13.616855118959567,9.368292548336717,0.221022383085499,0.0017326549225956738,0.0011485430877655745,51.72445297241211
2026-06-05 05:00:00-04:00,gold,4491.9000309030525,4490.384271310177,0.00046763924,0.00013014526,0.0071748127,0.0026788325,0.013014526,UP,0.0026139128906909944,13.616855118959567,9.368292548336717,0.221022383085499,0.0017326549225956738,0.0011485430877655745,51.72445297241211
2026-06-05 06:00:00-04:00,gold,4493.70017331501,4492.481964968902,0.00040070625,0.00012958633,0.006733328,0.0026090688,0.012958634,UP,0.0025732402130643106,13.616855118959567,9.368292548336717,0.221022383085499,0.0017326549225956738,0.0011485430877655745,51.72445297241211
2026-06-05 07:00:00-04:00,gold,4497.000050688162,4494.282491220511,0.00073404843,0.00012960711,0.007064625,0.002514376,0.0129607115,UP,0.002471981505071883,13.616855118959567,9.368292548336717,0.221022383085499,0.0017326549225956738,0.0011485430877655745,51.72445297241211
2026-06-05 08:00:00-04:00,gold,4432.099773466587,4497.5585997104645,-0.014536973,0.00012417928,0.005252969,0.0023857441,0.012417927,UP,0.0035807030305814204,13.616855118959567,9.368292548336717,0.221022383085499,0.0017326549225956738,0.0011485430877655745,51.72445297241211
2026-06-05 09:00:00-04:00,gold,4390.5001285923645,4432.717735888262,-0.009430418,0.00013922219,0.004069878,0.0024105618,0.013922219,UP,0.003932675842622855,13.616855118959567,9.368292548336717,0.221022383085499,0.0017326549225956738,0.0011485430877655745,51.72445297241211
2026-06-05 10:00:00-04:00,gold,4394.600224614143,4391.228556632996,0.00093342084,0.00016581663,0.0038298778,0.0025118103,0.016581662,UP,0.003943061508507832,13.616855118959567,9.368292548336717,0.221022383085499,0.0017326549225956738,0.0011485430877655745,51.72445297241211
2026-06-05 11:00:00-04:00,gold,4360.399825313652,4395.509024521045,-0.007812763,0.00020678059,0.0035285936,0.0027012452,0.020678058,UP,0.004142752976211754,13.616855118959567,9.368292548336717,0.221022383085499,0.0017326549225956738,0.0011485430877655745,51.72445297241211
2026-06-05 12:00:00-04:00,gold,4369.100317664794,4361.47848770587,0.0019932867,0.00024736847,0.0041271304,0.0028415348,0.024736848,UP,0.0041478242667208984,13.616855118959567,9.368292548336717,0.221022383085499,0.0017326549225956738,0.0011485430877655745,51.72445297241211
2026-06-05 13:00:00-04:00,gold,4366.200335884845,4370.344378010428,-0.0006639502,0.00028479155,0.005310015,0.0029830034,0.028479155,UP,0.004135632320553511,13.616855118959567,9.368292548336717,0.221022383085499,0.0017326549225956738,0.0011485430877655745,51.72445297241211
2026-06-05 14:00:00-04:00,gold,4346.699976644828,4367.540461242548,-0.004476129,0.00030693682,0.0047181407,0.0030999063,0.030693682,UP,0.003782128876569454,13.616855118959567,9.368292548336717,0.221022383085499,0.0017326549225956738,0.0011485430877655745,51.72445297241211
2026-06-05 15:00:00-04:00,gold,4343.499995660037,4348.076965143555,-0.0007365067,0.000316677,0.0051525556,0.003159999,0.031667702,UP,0.003783971975398302,13.616855118959567,9.368292548336717,0.221022383085499,0.0017326549225956738,0.0011485430877655745,51.72445297241211
2026-06-05 16:00:00-04:00,gold,4365.299807190895,4344.862811565399,0.0050063957,0.0003137464,0.00457144,0.003118401,0.03137464,UP,0.003960433228089842,13.616855118959567,9.368292548336717,0.221022383085499,0.0017326549225956738,0.0011485430877655745,51.72445297241211
2026-06-07 18:00:00-04:00,gold,4341.399855282332,4366.616897321423,-0.0054900167,0.00030163646,0.0040294235,0.0030336624,0.030163646,UP,0.003904335622223228,13.616855118959567,9.368292548336717,0.221022383085499,0.0017326549225956738,0.0011485430877655745,51.72445297241211
2026-06-07 19:00:00-04:00,gold,4367.899774622871,4342.639916678192,0.0060854675,0.00028552845,0.0021417574,0.0029574377,0.028552845,UP,0.004068115782795531,13.616855118959567,9.368292548336717,0.221022383085499,0.0017326549225956738,0.0011485430877655745,51.72445297241211
2026-06-07 20:00:00-04:00,gold,4365.99988904671,4369.057926342823,-0.00043506388,0.00026512062,0.0024432137,0.0028833635,0.026512062,UP,0.004046061614799843,13.616855118959567,9.368292548336717,0.221022383085499,0.0017326549225956738,0.0011485430877655745,51.72445297241211
2026-06-07 21:00:00-04:00,gold,4349.600060939789,4367.062795162201,-0.0037633488,0.00024347287,0.0028129907,0.002846281,0.024347287,UP,0.0040754675456481934,13.616855118959567,9.368292548336717,0.221022383085499,0.0017326549225956738,0.0011485430877655745,51.72445297241211
2026-06-07 22:00:00-04:00,gold,4334.5002289719705,4350.571790526272,-0.0034776458,0.00022329905,0.0025059376,0.0028707378,0.022329906,UP,0.004090634687027763,13.616855118959567,9.368292548336717,0.221022383085499,0.0017326549225956738,0.0011485430877655745,51.72445297241211
2026-06-07 23:00:00-04:00,gold,4339.799921810627,4335.381511807442,0.0012219559,0.0002033312,0.0022785496,0.0029479845,0.02033312,UP,0.004101037381114382,13.616855118959567,9.368292548336717,0.221022383085499,0.0017326549225956738,0.0011485430877655745,51.72445297241211
2026-06-08 00:00:00-04:00,gold,4337.200407490891,4340.606862031855,-0.0005991954,0.00018589519,0.0025570532,0.0030455738,0.018589519,UP,0.004102672481289139,13.616855118959567,9.368292548336717,0.221022383085499,0.0017326549225956738,0.0011485430877655745,51.72445297241211
2026-06-08 01:00:00-04:00,gold,4317.500144738937,4337.946793208364,-0.0045524924,0.00017216915,0.0016798209,0.003133568,0.017216915,UP,0.004146794570237844,13.616855118959567,9.368292548336717,0.221022383085499,0.0017326549225956738,0.0011485430877655745,51.72445297241211
2026-06-08 02:00:00-04:00,gold,4325.299553275108,4318.198429048061,0.0018049259,0.00016181232,0.003395272,0.0032401094,0.016181232,UP,0.004184871798453764,13.616855118959567,9.368292548336717,0.221022383085499,0.0017326549225956738,0.0011485430877655745,51.72445297241211
2026-06-08 03:00:00-04:00,gold,4319.899759190739,4325.947933894931,-0.0012492257,0.00014976703,0.003141752,0.0032880767,0.014976703,UP,0.004183096846271323,13.616855118959567,9.368292548336717,0.221022383085499,0.0017326549225956738,0.0011485430877655745,51.72445297241211
2026-06-08 04:00:00-04:00,gold,4313.1002094375435,4320.5122042875155,-0.0015753055,0.00014178688,0.003102049,0.0032977236,0.014178688,UP,0.004173554038504905,13.616855118959567,9.368292548336717,0.221022383085499,0.0017326549225956738,0.0011485430877655745,51.72445297241211
2026-06-08 05:00:00-04:00,gold,4318.800093136146,4313.694982625602,0.001320615,0.00013790771,0.0031222785,0.0032568015,0.013790771,UP,0.004198735317662589,13.616855118959567,9.368292548336717,0.221022383085499,0.0017326549225956738,0.0011485430877655745,51.72445297241211
2026-06-08 06:00:00-04:00,gold,4326.399888362503,4319.390327379224,0.0017582241,0.00013667543,0.003136438,0.0031604404,0.0136675425,UP,0.004224196079194344,13.616855118959567,9.368292548336717,0.221022383085499,0.0017326549225956738,0.0011485430877655745,51.72445297241211
2026-06-08 07:00:00-04:00,gold,4356.299306576082,4327.005905137688,0.006887263,0.00014007074,0.0014026281,0.0030052213,0.014007074,UP,0.0044608225206180675,13.616855118959567,9.368292548336717,0.221022383085499,0.0017326549225956738,0.0011485430877655745,51.72445297241211
2026-06-08 08:00:00-04:00,gold,4358.000030226773,4356.958810860175,0.00039020815,0.00015119684,0.0014440465,0.002865288,0.015119685,UP,0.0044662105373154595,13.616855118959567,9.368292548336717,0.221022383085499,0.0017326549225956738,0.0011485430877655745,51.72445297241211
2026-06-08 09:00:00-04:00,gold,4351.799599409103,4358.713812351227,-0.0014237288,0.0001637614,0.0013431981,0.002733097,0.01637614,UP,0.004406078966501086,13.616855118959567,9.368292548336717,0.221022383085499,0.0017326549225956738,0.0011485430877655745,51.72445297241211
2026-06-08 10:00:00-04:00,gold,4355.799559652107,4352.5961242556805,0.0009187377,0.000183036,0.0016109194,0.002646188,0.0183036,UP,0.00439029703305521,13.616855118959567,9.368292548336717,0.221022383085499,0.0017326549225956738,0.0011485430877655745,51.72445297241211
2026-06-08 11:00:00-04:00,gold,4366.099683395121,4356.670070704538,0.0023619388,0.00019971043,0.0010217264,0.00259538,0.019971043,UP,0.004425454640220495,13.616855118959567,9.368292548336717,0.221022383085499,0.0017326549225956738,0.0011485430877655745,51.72445297241211
2026-06-08 12:00:00-04:00,gold,4364.999803590006,4367.043727335578,-0.0002519952,0.00021608171,0.0010079944,0.0025416377,0.02160817,UP,0.004419611709937963,13.616855118959567,9.368292548336717,0.221022383085499,0.0017326549225956738,0.0011485430877655745,51.72445297241211
2026-06-08 13:00:00-04:00,gold,4363.40018838644,4365.9975081682205,-0.00036664167,0.00022843614,0.0012700079,0.0024937445,0.022843614,UP,0.004413769126907693,13.616855118959567,9.368292548336717,0.221022383085499,0.0017326549225956738,0.0011485430877655745,51.72445297241211
2026-06-08 14:00:00-04:00,gold,4358.799626739463,4364.4412582641235,-0.0010548022,0.00023859134,0.0014954378,0.0024691827,0.023859134,UP,0.004402005552302048,13.616855118959567,9.368292548336717,0.221022383085499,0.0017326549225956738,0.0011485430877655745,51.72445297241211
2026-06-08 15:00:00-04:00,gold,4350.300033664098,4359.85253338865,-0.001951982,0.00024140079,0.0022900107,0.0024413667,0.024140079,UP,0.0036103749721195324,13.616855118959567,9.368292548336717,0.221022383085499,0.0017326549225956738,0.0011485430877655745,51.72445297241211
2026-06-08 16:00:00-04:00,gold,4353.799810097436,4351.333885408705,0.00080421875,0.00023761787,0.0022935579,0.0024083501,0.023761787,UP,0.0032142988496114975,13.616855118959567,9.368292548336717,0.221022383085499,0.0017326549225956738,0.0011485430877655745,51.72445297241211
2026-06-08 18:00:00-04:00,gold,4351.499796887103,4354.793715313193,-0.00052836887,0.00022826993,0.0022646256,0.0023715876,0.022826992,UP,0.003206415984930724,13.616855118959567,9.368292548336717,0.221022383085499,0.0017326549225956738,0.0011485430877655745,51.72445297241211
2026-06-08 19:00:00-04:00,gold,4340.899563968182,4352.441511690617,-0.0024389357,0.00021622435,0.001822872,0.0023421266,0.021622434,UP,0.0029126819008370784,13.616855118959567,9.368292548336717,0.221022383085499,0.0017326549225956738,0.0011485430877655745,51.72445297241211
2026-06-08 20:00:00-04:00,gold,4344.099971413147,4341.775471047731,0.0007369477,0.0002017502,0.0020112963,0.0023247204,0.02017502,UP,0.002889766703981857,13.616855118959567,9.368292548336717,0.221022383085499,0.0017326549225956738,0.0011485430877655745,51.72445297241211
2026-06-08 21:00:00-04:00,gold,4360.799952977803,4344.904329711397,0.0038368567,0.00018503625,0.0020359883,0.002324798,0.018503625,UP,0.002979932894336545,13.616855118959567,9.368292548336717,0.221022383085499,0.0017326549225956738,0.0011485430877655745,51.72445297241211
2026-06-08 22:00:00-04:00,gold,4360.399781769549,4361.538508477504,-9.17081e-05,0.000169302,0.002051718,0.0023554827,0.0169302,UP,0.0028603573293912647,13.616855118959567,9.368292548336717,0.221022383085499,0.0017326549225956738,0.0011485430877655745,51.72445297241211
2026-06-08 23:00:00-04:00,gold,4359.799533142184,4361.082399972889,-0.0001376339,0.00015652087,0.0020607375,0.0024091953,0.015652087,UP,0.002856343901001773,13.616855118959567,9.368292548336717,0.221022383085499,0.0017326549225956738,0.0011485430877655745,51.72445297241211
2026-06-09 00:00:00-04:00,gold,4356.50004756928,4360.435952539556,-0.0007571573,0.00014581851,0.0021792913,0.0024866413,0.014581852,UP,0.0027060672619829106,13.616855118959567,9.368292548336717,0.221022383085499,0.0017326549225956738,0.0011485430877655745,51.72445297241211
2026-06-09 01:00:00-04:00,gold,4367.899928510189,4357.112815618515,0.0026133393,0.00014065969,0.00192041,0.0025706063,0.014065969,UP,0.002546681572159725,13.616855118959567,9.368292548336717,0.221022383085499,0.0017326549225956738,0.0011485430877655745,51.72445297241211
2026-06-09 02:00:00-04:00,gold,4354.399862674705,4368.504949055496,-0.0030955162,0.00013840923,0.0010503342,0.0026440313,0.013840923,UP,0.0023587377957779965,13.616855118959567,9.368292548336717,0.221022383085499,0.0017326549225956738,0.0011485430877655745,51.72445297241211
2026-06-09 03:00:00-04:00,gold,4350.199986265914,4354.994254575751,-0.00096493977,0.00013653423,0.0007320409,0.0027143543,0.013653424,UP,0.0023633036530577157,13.616855118959567,9.368292548336717,0.221022383085499,0.0017326549225956738,0.0011485430877655745,51.72445297241211
2026-06-09 04:00:00-04:00,gold,4350.399850258254,4350.788269879995,4.5906498e-05,0.00013515863,0.0017552511,0.0027616348,0.013515863,UP,0.0022612166717478266,13.616855118959567,9.368292548336717,0.221022383085499,0.0017326549225956738,0.0011485430877655745,51.72445297241211
2026-06-09 05:00:00-04:00,gold,4355.999832409085,4350.97607592243,0.0012864326,0.00013236777,0.003270633,0.0027544014,0.013236777,UP,0.002173890465813838,13.616855118959567,9.368292548336717,0.221022383085499,0.0017326549225956738,0.0011485430877655745,51.72445297241211
2026-06-09 06:00:00-04:00,gold,4363.299977302551,4356.566010475159,0.0016744019,0.00012992593,0.0033899238,0.0026834859,0.012992593,UP,0.002183031169403746,13.616855118959567,9.368292548336717,0.221022383085499,0.0017326549225956738,0.0011485430877655745,51.72445297241211
2026-06-09 07:00:00-04:00,gold,4364.299525049282,4363.870404706686,0.00022915809,0.00013066414,0.0028721166,0.002550204,0.013066414,UP,0.0021780405443205413,13.616855118959567,9.368292548336717,0.221022383085499,0.0017326549225956738,0.0011485430877655745,51.72445297241211
2026-06-09 08:00:00-04:00,gold,4365.400165329804,4364.880420515779,0.00025203562,0.00013306903,0.0038073834,0.0023440998,0.013306903,UP,0.0019846418776893093,13.616855118959567,9.368292548336717,0.221022383085499,0.0017326549225956738,0.0011485430877655745,51.72445297241211
2026-06-09 09:00:00-04:00,gold,4353.200253735704,4366.023857412685,-0.002798549,0.00014292661,0.004509079,0.0021420533,0.014292661,UP,0.0020465991361628337,13.616855118959567,9.368292548336717,0.221022383085499,0.0017326549225956738,0.0011485430877655745,51.72445297241211
2026-06-09 10:00:00-04:00,gold,4325.00037338573,4353.906994183781,-0.0064991117,0.00016228101,0.0040062647,0.0019922473,0.0162281,UP,0.002372444302825275,13.616855118959567,9.368292548336717,0.221022383085499,0.0017326549225956738,0.0011485430877655745,51.72445297241211
2026-06-09 11:00:00-04:00,gold,4296.7000618577,4325.772339105606,-0.0065648085,0.00017857828,0.0031275116,0.0019620853,0.017857827,UP,0.0026467824740823904,13.616855118959567,9.368292548336717,0.221022383085499,0.0017326549225956738,0.0011485430877655745,51.72445297241211
2026-06-09 12:00:00-04:00,gold,4275.999878681498,4297.5146037710365,-0.0048293383,0.00018953609,0.0034381228,0.0020230466,0.018953608,UP,0.0027658528796240104,13.616855118959567,9.368292548336717,0.221022383085499,0.0017326549225956738,0.0011485430877655745,51.72445297241211
2026-06-09 13:00:00-04:00,gold,4287.199983596802,4276.847186088562,0.0026158916,0.00019812299,0.003023953,0.0021499472,0.019812299,UP,0.002792551518938212,13.616855118959567,9.368292548336717,0.221022383085499,0.0017326549225956738,0.0011485430877655745,51.72445297241211
2026-06-09 14:00:00-04:00,gold,4294.399696010514,4288.092530672671,0.001677941,0.00020807915,0.002414016,0.0022666575,0.020807914,UP,0.002471651885715006,13.616855118959567,9.368292548336717,0.221022383085499,0.0017326549225956738,0.0011485430877655745,51.72445297241211
2026-06-09 15:00:00-04:00,gold,4282.700200156192,4295.359263589024,-0.0027281279,0.0002233081,0.003152483,0.0023235355,0.02233081,UP,0.0024993585974726713,13.616855118959567,9.368292548336717,0.221022383085499,0.0017326549225956738,0.0011485430877655745,51.72445297241211
2026-06-09 16:00:00-04:00,gold,4284.800036657252,4283.6840013595065,0.0004901335,0.00022964564,0.0023549749,0.0023656425,0.022964563,UP,0.002501460602641454,13.616855118959567,9.368292548336717,0.221022383085499,0.0017326549225956738,0.0011485430877655745,51.72445297241211
2026-06-09 18:00:00-04:00,gold,4260.400230947707,4285.777452805778,-0.005710801,0.00022817019,0.0035162792,0.002369013,0.02281702,UP,0.0026573734850552713,13.616855118959567,9.368292548336717,0.221022383085499,0.0017326549225956738,0.0011485430877655745,51.72445297241211
2026-06-09 19:00:00-04:00,gold,4245.100294010859,4261.340494706528,-0.0035976297,0.00022081585,0.0034605905,0.00237792,0.022081586,UP,0.0026402748496122887,13.616855118959567,9.368292548336717,0.221022383085499,0.0017326549225956738,0.0011485430877655745,51.72445297241211
2026-06-09 20:00:00-04:00,gold,4241.599965712376,4245.9963217107,-0.0008248201,0.00021112114,0.005553277,0.0024042712,0.021112114,UP,0.0026372498330379914,13.616855118959567,9.368292548336717,0.221022383085499,0.0017326549225956738,0.0011485430877655745,51.72445297241211
2026-06-09 21:00:00-04:00,gold,4212.200273981318,4242.440973873425,-0.006955457,0.00019820721,0.0043151574,0.002440665,0.019820722,UP,0.002850706593495195,13.616855118959567,9.368292548336717,0.221022383085499,0.0017326549225956738,0.0011485430877655745,51.72445297241211
2026-06-09 22:00:00-04:00,gold,4197.800013875822,4212.952893268201,-0.0034245907,0.00017866193,0.0044905213,0.0025370924,0.017866192,UP,0.0028799066398019057,13.616855118959567,9.368292548336717,0.221022383085499,0.0017326549225956738,0.0011485430877655745,51.72445297241211
2026-06-09 23:00:00-04:00,gold,4208.20046605356,4198.473365609301,0.0024745173,0.00016039441,0.004780511,0.0026603402,0.01603944,UP,0.0029552463912019557,13.616855118959567,9.368292548336717,0.221022383085499,0.0017326549225956738,0.0011485430877655745,51.72445297241211
2026-06-10 00:00:00-04:00,gold,4198.000012568082,4208.832282572519,-0.0024268278,0.0001501934,0.004694291,0.0027905859,0.01501934,UP,0.002942172855894496,13.616855118959567,9.368292548336717,0.221022383085499,0.0017326549225956738,0.0011485430877655745,51.72445297241211
2026-06-10 01:00:00-04:00,gold,4228.700028896332,4198.596525192261,0.007286442,0.00014204929,0.0025753053,0.0029182488,0.01420493,UP,0.0033278315337385883,13.616855118959567,9.368292548336717,0.221022383085499,0.0017326549225956738,0.0011485430877655745,51.72445297241211
2026-06-10 02:00:00-04:00,gold,4227.0999287641025,4229.2844476135215,-0.00037846153,0.00013809049,0.003286269,0.0030264715,0.013809049,UP,0.0033173021168359973,13.616855118959567,9.368292548336717,0.221022383085499,0.0017326549225956738,0.0011485430877655745,51.72445297241211
2026-06-10 03:00:00-04:00,gold,4209.700099185458,4227.657925582898,-0.0041247695,0.00013189271,0.0033397416,0.0031051077,0.013189271,UP,0.0033538711605499176,13.616855118959567,9.368292548336717,0.221022383085499,0.0017326549225956738,0.0011485430877655745,51.72445297241211
2026-06-10 04:00:00-04:00,gold,4191.699862443726,4210.241675676196,-0.004285007,0.00012866588,0.0051667667,0.0031495711,0.012866588,UP,0.003272647950735525,13.616855118959567,9.368292548336717,0.221022383085499,0.0017326549225956738,0.0011485430877655745,51.72445297241211
2026-06-10 05:00:00-04:00,gold,4191.60000754724,4192.239360393374,-2.3880246e-05,0.00012861825,0.0081350915,0.0031693624,0.0128618255,UP,0.003273543504691291,13.616855118959567,9.368292548336717,0.221022383085499,0.0017326549225956738,0.0011485430877655745,51.72445297241211
2026-06-10 06:00:00-04:00,gold,4197.500291580334,4192.151242125954,0.001406564,0.00013139739,0.008108629,0.0031346811,0.01313974,UP,0.0033046338810818103,13.616855118959567,9.368292548336717,0.221022383085499,0.0017326549225956738,0.0011485430877655745,51.72445297241211
2026-06-10 07:00:00-04:00,gold,4170.20021378994,4198.068432807922,-0.006525067,0.00013538846,0.007742718,0.003047654,0.013538846,UP,0.0034384168157518043,13.616855118959567,9.368292548336717,0.221022383085499,0.0017326549225956738,0.0011485430877655745,51.72445297241211
2026-06-10 08:00:00-04:00,gold,4169.600163503201,4170.8056955144275,-0.00014391175,0.00014512491,0.0077279382,0.0029822425,0.014512491,UP,0.0033619147549667524,13.616855118959567,9.368292548336717,0.221022383085499,0.0017326549225956738,0.0011485430877655745,51.72445297241211
2026-06-10 09:00:00-04:00,gold,4202.999712772609,4170.251736846927,0.007978424,0.0001562782,0.00558483,0.002912909,0.01562782,UP,0.003771554422364754,13.616855118959567,9.368292548336717,0.221022383085499,0.0017326549225956738,0.0011485430877655745,51.72445297241211
2026-06-10 10:00:00-04:00,gold,4147.09984266758,4203.730010390282,-0.013389237,0.00017363402,0.0020549225,0.0028631845,0.017363401,UP,0.004372667053913591,13.616855118959567,9.368292548336717,0.221022383085499,0.0017326549225956738,0.0011485430877655745,51.72445297241211
2026-06-10 11:00:00-04:00,gold,4151.8999637184315,4147.939542766311,0.0011567189,0.00020236251,0.001072563,0.0028847246,0.020236252,UP,0.004391614258594237,13.616855118959567,9.368292548336717,0.221022383085499,0.0017326549225956738,0.0011485430877655745,51.72445297241211
2026-06-10 12:00:00-04:00,gold,4144.599957983533,4152.872964287759,-0.0017597314,0.00023434527,0.001637902,0.002918953,0.023434527,UP,0.0043589363200806155,13.616855118959567,9.368292548336717,0.221022383085499,0.0017326549225956738,0.0011485430877655745,51.72445297241211
2026-06-10 13:00:00-04:00,gold,4134.899926457729,4145.678663016937,-0.0023431848,0.0002601522,0.0023630885,0.002951307,0.026015222,UP,0.004314794470940605,13.616855118959567,9.368292548336717,0.221022383085499,0.0017326549225956738,0.0011485430877655745,51.72445297241211
2026-06-10 14:00:00-04:00,gold,4125.0001275970135,4136.060725363495,-0.002397101,0.00028068668,0.00511152,0.0030104362,0.02806867,UP,0.0042991937528060655,13.616855118959567,9.368292548336717,0.221022383085499,0.0017326549225956738,0.0011485430877655745,51.72445297241211
2026-06-10 15:00:00-04:00,gold,4106.200352311134,4126.19885802269,-0.004567946,0.00029050597,0.0056168786,0.0030450642,0.029050596,UP,0.004307039302092757,13.616855118959567,9.368292548336717,0.221022383085499,0.0017326549225956738,0.0011485430877655745,51.72445297241211
2026-06-10 16:00:00-04:00,gold,4094.100313827046,4107.419043360511,-0.0029511373,0.0002967216,0.006806322,0.0030669076,0.02967216,UP,0.004308061011518237,13.616855118959567,9.368292548336717,0.221022383085499,0.0017326549225956738,0.0011485430877655745,51.72445297241211
2026-06-10 18:00:00-04:00,gold,4069.1002244529373,4095.282654349401,-0.006125068,0.00028875694,0.005958058,0.0030737594,0.028875694,UP,0.0042953565140403036,13.616855118959567,9.368292548336717,0.221022383085499,0.0017326549225956738,0.0011485430877655745,51.72445297241211
2026-06-10 19:00:00-04:00,gold,4069.6996497774962,4070.1934556508204,0.0001474059,0.00026863435,0.005926852,0.0030242687,0.026863435,UP,0.00422563865849034,13.616855118959567,9.368292548336717,0.221022383085499,0.0017326549225956738,0.0011485430877655745,51.72445297241211
2026-06-10 20:00:00-04:00,gold,4097.499789548165,4070.6978965758753,0.0068077566,0.00024525853,0.0052998154,0.0029743493,0.024525853,UP,0.004466987508177547,13.616855118959567,9.368292548336717,0.221022383085499,0.0017326549225956738,0.0011485430877655745,51.72445297241211
2026-06-10 21:00:00-04:00,gold,4122.399740219116,4098.429539501667,0.0060584624,0.00022682833,0.0044430625,0.0029686973,0.022682833,UP,0.0046166462374838705,13.616855118959567,9.368292548336717,0.221022383085499,0.0017326549225956738,0.0011485430877655745,51.72445297241211
2026-06-10 22:00:00-04:00,gold,4089.30023634166,4123.2810333996895,-0.008061675,0.00021369147,0.0010858417,0.0030374143,0.021369146,UP,0.004739570365268196,13.616855118959567,9.368292548336717,0.221022383085499,0.0017326549225956738,0.0011485430877655745,51.72445297241211
2026-06-10 23:00:00-04:00,gold,4095.4998519445653,4090.1424186807126,0.0015149919,0.00020600407,0.003205007,0.0031452007,0.020600406,UP,0.004768613687585441,13.616855118959567,9.368292548336717,0.221022383085499,0.0017326549225956738,0.0011485430877655745,51.72445297241211
2026-06-11 00:00:00-04:00,gold,4103.799767971039,4096.309959709644,0.0020245162,0.00019773879,0.0031648471,0.0032596353,0.019773878,UP,0.004798631394705019,13.616855118959567,9.368292548336717,0.221022383085499,0.0017326549225956738,0.0011485430877655745,51.72445297241211
2026-06-11 01:00:00-04:00,gold,4115.500265589799,4104.586456070654,0.0028470072,0.00019173358,0.0028625731,0.0033851748,0.019173358,UP,0.004790170926639335,13.616855118959567,9.368292548336717,0.221022383085499,0.0017326549225956738,0.0011485430877655745,51.72445297241211
2026-06-11 02:00:00-04:00,gold,4115.700167179108,4116.260439038277,4.8643044e-05,0.00018479707,0.0029956496,0.0034586424,0.018479707,UP,0.004772050317588707,13.616855118959567,9.368292548336717,0.221022383085499,0.0017326549225956738,0.0011485430877655745,51.72445297241211
2026-06-11 03:00:00-04:00,gold,4125.799807610572,4116.440555524197,0.0024509165,0.00017988149,0.0025657776,0.0034921023,0.01798815,UP,0.004814042809936918,13.616855118959567,9.368292548336717,0.221022383085499,0.0017326549225956738,0.0011485430877655745,51.72445297241211
2026-06-11 04:00:00-04:00,gold,4105.600196125684,4126.524767507566,-0.0049079736,0.00017572567,0.0014859057,0.0034770002,0.017572567,UP,0.00474004529986278,13.616855118959567,9.368292548336717,0.221022383085499,0.0017326549225956738,0.0011485430877655745,51.72445297241211
2026-06-11 05:00:00-04:00,gold,4112.40017792664,4106.322979372053,0.0016548568,0.00017609495,0.001422753,0.0034219208,0.017609496,UP,0.004735515464048359,13.616855118959567,9.368292548336717,0.221022383085499,0.0017326549225956738,0.0011485430877655745,51.72445297241211
2026-06-11 06:00:00-04:00,gold,4110.299730160041,4113.12103989796,-0.00051080494,0.00017532098,0.002556618,0.0032994633,0.017532097,UP,0.0046982184773918315,13.616855118959567,9.368292548336717,0.221022383085499,0.0017326549225956738,0.0011485430877655745,51.72445297241211
2026-06-11 07:00:00-04:00,gold,4100.700245544489,4111.031843651319,-0.0023382325,0.00017797918,0.0025134613,0.0031325833,0.017797917,UP,0.004697175558728316,13.616855118959567,9.368292548336717,0.221022383085499,0.0017326549225956738,0.0011485430877655745,51.72445297241211
2026-06-11 08:00:00-04:00,gold,4102.500109925168,4101.4544778348645,0.0004388055,0.00018389362,0.008209325,0.0029806476,0.018389361,UP,0.004450421494285855,13.616855118959567,9.368292548336717,0.221022383085499,0.0017326549225956738,0.0011485430877655745,51.72445297241211
2026-06-11 09:00:00-04:00,gold,4104.299726486206,4103.289825618267,0.00043861306,0.00019241431,0.008078545,0.0028563587,0.019241432,UP,0.004456851571844897,13.616855118959567,9.368292548336717,0.221022383085499,0.0017326549225956738,0.0011485430877655745,51.72445297241211
2026-06-11 10:00:00-04:00,gold,4094.39965744043,4105.139882417279,-0.0024149944,0.00020461541,0.0077350945,0.0027623167,0.02046154,UP,0.0044261560066175005,13.616855118959567,9.368292548336717,0.221022383085499,0.0017326549225956738,0.0011485430877655745,51.72445297241211
2026-06-11 11:00:00-04:00,gold,4110.000251016463,4095.298965051188,0.0038028657,0.0002195207,0.008086685,0.002725012,0.02195207,UP,0.004460553615343736,13.616855118959567,9.368292548336717,0.221022383085499,0.0017326549225956738,0.0011485430877655745,51.72445297241211
2026-06-11 12:00:00-04:00,gold,4101.200004816055,4110.963242053986,-0.002143367,0.00023432265,0.006717659,0.0027143455,0.023432266,UP,0.0044671108775560875,13.616855118959567,9.368292548336717,0.221022383085499,0.0017326549225956738,0.0011485430877655745,51.72445297241211
2026-06-11 13:00:00-04:00,gold,4173.20018047851,4102.207331705373,0.017403513,0.0002455387,0.0063422713,0.0027059866,0.024553869,UP,0.005568948683768089,13.616855118959567,9.368292548336717,0.221022383085499,0.0017326549225956738,0.0011485430877655745,51.72445297241211
2026-06-11 14:00:00-04:00,gold,4183.099634013954,4174.322022252134,0.0023694474,0.00026876907,0.006897585,0.002808293,0.026876908,UP,0.005455948867405778,13.616855118959567,9.368292548336717,0.221022383085499,0.0017326549225956738,0.0011485430877655745,51.72445297241211
2026-06-11 15:00:00-04:00,gold,4229.900249393599,4184.300382844813,0.011125708,0.0002868933,0.0052288403,0.0029233128,0.02868933,UP,0.005817517448718397,13.616855118959567,9.368292548336717,0.221022383085499,0.0017326549225956738,0.0011485430877655745,51.72445297241211
2026-06-11 16:00:00-04:00,gold,4233.7997205072315,4231.188748377608,0.00092155975,0.0003046051,0.0052623325,0.0030469494,0.03046051,UP,0.005643090051154963,13.616855118959567,9.368292548336717,0.221022383085499,0.0017326549225956738,0.0011485430877655745,51.72445297241211
2026-06-11 18:00:00-04:00,gold,4264.200402430957,4235.135262761498,0.007154747,0.00031533203,0.0034074718,0.003137021,0.031533204,UP,0.005164791754985303,13.616855118959567,9.368292548336717,0.221022383085499,0.0017326549225956738,0.0011485430877655745,51.72445297241211
2026-06-11 19:00:00-04:00,gold,4240.599852744606,4265.5498175047105,-0.0055498444,0.00031653757,0.0028199782,0.0031749231,0.03165376,UP,0.005297934642415125,13.616855118959567,9.368292548336717,0.221022383085499,0.0017326549225956738,0.0011485430877655745,51.72445297241211
2026-06-11 20:00:00-04:00,gold,4228.999702126865,4241.949833185761,-0.0027392332,0.00031828147,0.0030417652,0.0032374947,0.031828146,UP,0.005316659575492607,13.616855118959567,9.368292548336717,0.221022383085499,0.0017326549225956738,0.0011485430877655745,51.72445297241211
2026-06-11 21:00:00-04:00,gold,4208.200101315975,4230.346547484398,-0.0049305093,0.00031834954,0.002844494,0.003329646,0.031834953,UP,0.00538761769350412,13.616855118959567,9.368292548336717,0.221022383085499,0.0017326549225956738,0.0011485430877655745,51.72445297241211
2026-06-11 22:00:00-04:00,gold,4213.500196822104,4209.521057023318,0.001258607,0.0003138521,0.0030105957,0.00343842,0.03138521,UP,0.005358820285389025,13.616855118959567,9.368292548336717,0.221022383085499,0.0017326549225956738,0.0011485430877655745,51.72445297241211
2026-06-11 23:00:00-04:00,gold,4220.899711847305,4214.787867307663,0.0017546961,0.00030568396,0.0040748315,0.00354745,0.030568397,UP,0.005267543636508223,13.616855118959567,9.368292548336717,0.221022383085499,0.0017326549225956738,0.0011485430877655745,51.72445297241211
2026-06-12 00:00:00-04:00,gold,4211.899943577853,4222.136695380206,-0.0021345231,0.00029292403,0.0037340194,0.0036221517,0.029292403,UP,0.005248926910598631,13.616855118959567,9.368292548336717,0.221022383085499,0.0017326549225956738,0.0011485430877655745,51.72445297241211
2026-06-12 01:00:00-04:00,gold,4194.700298177631,4213.089371546346,-0.004091959,0.00028233876,0.0032138983,0.003685438,0.028233876,UP,0.0051673943563224425,13.616855118959567,9.368292548336717,0.221022383085499,0.0017326549225956738,0.0011485430877655745,51.72445297241211
2026-06-12 02:00:00-04:00,gold,4205.3997058962705,4195.84330328065,0.0025475204,0.00027241907,0.0033805678,0.0037222595,0.027241908,UP,0.00517192059073377,13.616855118959567,9.368292548336717,0.221022383085499,0.0017326549225956738,0.0011485430877655745,51.72445297241211
2026-06-12 03:00:00-04:00,gold,4215.200260483136,4206.509830878233,0.0023276957,0.00026395696,0.0038514533,0.0037637632,0.026395695,UP,0.005064310295609098,13.616855118959567,9.368292548336717,0.221022383085499,0.0017326549225956738,0.0011485430877655745,51.72445297241211
2026-06-12 04:00:00-04:00,gold,4241.200085700257,4216.299143174547,0.0061492077,0.00026070015,0.0015846004,0.003791827,0.026070016,UP,0.005067519676282615,13.616855118959567,9.368292548336717,0.221022383085499,0.0017326549225956738,0.0011485430877655745,51.72445297241211
2026-06-12 05:00:00-04:00,gold,4243.099698678707,4242.304404881783,0.00044786307,0.0002602777,0.0030873483,0.0038513064,0.02602777,UP,0.004777012589520579,13.616855118959567,9.368292548336717,0.221022383085499,0.0017326549225956738,0.0011485430877655745,51.72445297241211
2026-06-12 06:00:00-04:00,gold,4231.899792973709,4244.199743701494,-0.0026431154,0.00025919263,0.003081367,0.003914805,0.025919262,UP,0.0048287756565962596,13.616855118959567,9.368292548336717,0.221022383085499,0.0017326549225956738,0.0011485430877655745,51.72445297241211
2026-06-12 07:00:00-04:00,gold,4227.79972667023,4233.014807079337,-0.0009693248,0.00026349077,0.0030469173,0.00399873,0.026349077,UP,0.004839994763888246,13.616855118959567,9.368292548336717,0.221022383085499,0.0017326549225956738,0.0011485430877655745,51.72445297241211
2026-06-12 08:00:00-04:00,gold,4212.2997516282485,4228.931772990385,-0.0036729465,0.0002677039,0.0020193784,0.004076672,0.02677039,UP,0.004900122077500558,13.616855118959567,9.368292548336717,0.221022383085499,0.0017326549225956738,0.0011485430877655745,51.72445297241211
2026-06-12 09:00:00-04:00,gold,4206.700382814161,4213.462270980817,-0.0013302315,0.00027598318,0.002016256,0.0041959714,0.027598318,UP,0.00491371959854514,13.616855118959567,9.368292548336717,0.221022383085499,0.0017326549225956738,0.0011485430877655745,51.72445297241211
2026-06-12 10:00:00-04:00,gold,4224.899825511966,4207.9102611030685,0.00431703,0.00028757553,0.0014030918,0.004294257,0.028757554,UP,0.004948001910777407,13.616855118959567,9.368292548336717,0.221022383085499,0.0017326549225956738,0.0011485430877655745,51.72445297241211
2026-06-12 11:00:00-04:00,gold,4232.400218170369,4226.166575342941,0.0017736162,0.00029975057,0.001366976,0.0043422836,0.029975057,UP,0.004831573752972513,13.616855118959567,9.368292548336717,0.221022383085499,0.0017326549225956738,0.0011485430877655745,51.72445297241211
2026-06-12 12:00:00-04:00,gold,4236.500310183328,4233.710700863157,0.0009682717,0.0003096284,0.007076172,0.0042630807,0.03096284,UP,0.004830109893311969,13.616855118959567,9.368292548336717,0.221022383085499,0.0017326549225956738,0.0011485430877655745,51.72445297241211
2026-06-12 13:00:00-04:00,gold,4241.799786448479,4237.843885242939,0.0012502047,0.00031706927,0.007032524,0.004112346,0.031706925,UP,0.004821777819113392,13.616855118959567,9.368292548336717,0.221022383085499,0.0017326549225956738,0.0011485430877655745,51.72445297241211
2026-06-12 14:00:00-04:00,gold,4236.200357182359,4243.162563618855,-0.0013209742,0.0003211947,0.006871516,0.003942269,0.03211947,UP,0.004800628029575835,13.616855118959567,9.368292548336717,0.221022383085499,0.0017326549225956738,0.0011485430877655745,51.72445297241211
2026-06-12 15:00:00-04:00,gold,4231.899662868585,4237.564690223662,-0.0010156453,0.00032209218,0.0063815443,0.0037674657,0.032209218,UP,0.004814802655236105,13.616855118959567,9.368292548336717,0.221022383085499,0.0017326549225956738,0.0011485430877655745,51.72445297241211
2026-06-12 16:00:00-04:00,gold,4238.799699659867,4233.242832844262,0.0016291225,0.00031737296,0.006228606,0.0035804422,0.031737298,UP,0.004814528612955659,13.616855118959567,9.368292548336717,0.221022383085499,0.0017326549225956738,0.0011485430877655745,51.72445297241211
2026-06-14 18:00:00-04:00,gold,4305.799619496218,4240.102479207097,0.015682742,0.0003072667,0.0027078257,0.0034030585,0.03072667,UP,0.005463293242126286,13.616855118959567,9.368292548336717,0.221022383085499,0.0017326549225956738,0.0011485430877655745,51.72445297241211
2026-06-14 19:00:00-04:00,gold,4314.299909206107,4307.103051388753,0.0019721356,0.00030262306,0.002739267,0.0033095225,0.030262306,UP,0.005449033988760817,13.616855118959567,9.368292548336717,0.221022383085499,0.0017326549225956738,0.0011485430877655745,51.72445297241211
2026-06-14 20:00:00-04:00,gold,4313.099932021578,4315.576308741001,-0.00027811553,0.00029575365,0.003773179,0.0032535244,0.029575365,UP,0.005415053910206364,13.616855118959567,9.368292548336717,0.221022383085499,0.0017326549225956738,0.0011485430877655745,51.72445297241211
2026-06-14 21:00:00-04:00,gold,4337.500150470063,4314.33305716922,0.005641219,0.00028584816,0.0026570593,0.003262949,0.028584816,UP,0.00458546551112525,13.616855118959567,9.368292548336717,0.221022383085499,0.0017326549225956738,0.0011485430877655745,51.72445297241211
2026-06-14 22:00:00-04:00,gold,4350.7002875208855,4338.672198355198,0.0030386513,0.00027010308,0.002811088,0.0033036321,0.027010307,UP,0.004592516857514779,13.616855118959567,9.368292548336717,0.221022383085499,0.0017326549225956738,0.0011485430877655745,51.72445297241211
2026-06-14 23:00:00-04:00,gold,4345.699949671864,4351.804388131597,-0.0011499011,0.00025375385,0.0030098907,0.0033537867,0.025375385,UP,0.004215351652797907,13.616855118959567,9.368292548336717,0.221022383085499,0.0017326549225956738,0.0011485430877655745,51.72445297241211
2026-06-15 00:00:00-04:00,gold,4349.500076166703,4346.737327073934,0.0008740005,0.00023857714,0.0030015537,0.0033764583,0.023857713,UP,0.004215355648653262,13.616855118959567,9.368292548336717,0.221022383085499,0.0017326549225956738,0.0011485430877655745,51.72445297241211
2026-06-15 01:00:00-04:00,gold,4331.400173902512,4350.475818514824,-0.0041701035,0.00022433791,0.0016831909,0.0034084958,0.022433791,UP,0.004141329354265217,13.616855118959567,9.368292548336717,0.221022383085499,0.0017326549225956738,0.0011485430877655745,51.72445297241211
2026-06-15 02:00:00-04:00,gold,4329.099851981999,4332.297306660446,-0.00053110206,0.00020715679,0.0016946807,0.0034647067,0.020715678,UP,0.0039865509182519625,13.616855118959567,9.368292548336717,0.221022383085499,0.0017326549225956738,0.0011485430877655745,51.72445297241211
2026-06-15 03:00:00-04:00,gold,4344.299876353296,4329.935613281501,0.0035049052,0.00019290484,0.0015921113,0.0035280252,0.019290484,UP,0.003964189608614655,13.616855118959567,9.368292548336717,0.221022383085499,0.0017326549225956738,0.0011485430877655745,51.72445297241211
2026-06-15 04:00:00-04:00,gold,4355.400063754758,4345.0797333128285,0.0025518362,0.00017945521,0.0014255046,0.0036174792,0.01794552,UP,0.00381776533482222,13.616855118959567,9.368292548336717,0.221022383085499,0.0017326549225956738,0.0011485430877655745,51.72445297241211
2026-06-15 05:00:00-04:00,gold,4357.699976631091,4356.1449602675275,0.0005280079,0.00017096345,0.0014378934,0.0036638544,0.017096344,UP,0.0038194013076223894,13.616855118959567,9.368292548336717,0.221022383085499,0.0017326549225956738,0.0011485430877655745,51.72445297241211
2026-06-15 06:00:00-04:00,gold,4359.100189450546,4358.415516992682,0.00032119636,0.00016403379,0.0015130293,0.0036544604,0.016403379,UP,0.0038202650151257303,13.616855118959567,9.368292548336717,0.221022383085499,0.0017326549225956738,0.0011485430877655745,51.72445297241211
2026-06-15 07:00:00-04:00,gold,4356.6000844753,4359.813570551167,-0.0005736774,0.00016363867,0.0026165901,0.0035382179,0.016363867,UP,0.003785490579049915,13.616855118959567,9.368292548336717,0.221022383085499,0.0017326549225956738,0.0011485430877655745,51.72445297241211
2026-06-15 08:00:00-04:00,gold,4370.499906183919,4357.338090031,0.0031854599,0.00016937178,0.002363002,0.0033522453,0.016937178,UP,0.0036710346349001625,13.616855118959567,9.368292548336717,0.221022383085499,0.0017326549225956738,0.0011485430877655745,51.72445297241211
2026-06-15 09:00:00-04:00,gold,4376.799982786179,4371.286716341972,0.0014404001,0.00017999733,0.0020930097,0.0031409578,0.017999733,UP,0.0036643736288529244,13.616855118959567,9.368292548336717,0.221022383085499,0.0017326549225956738,0.0011485430877655745,51.72445297241211
2026-06-15 10:00:00-04:00,gold,4378.500204868731,4377.693571336917,0.00038838084,0.0002041583,0.0018763414,0.0029444557,0.020415831,UP,0.003663407784426817,13.616855118959567,9.368292548336717,0.221022383085499,0.0017326549225956738,0.0011485430877655745,51.72445297241211
2026-06-15 11:00:00-04:00,gold,4377.599883645773,4379.525647222996,-0.00020554865,0.00023416837,0.0017140284,0.0027930983,0.023416838,UP,0.003552954511999933,13.616855118959567,9.368292548336717,0.221022383085499,0.0017326549225956738,0.0011485430877655745,51.72445297241211
2026-06-15 12:00:00-04:00,gold,4360.600031664217,4378.804006984865,-0.0038909663,0.0002749029,0.0017138822,0.002696495,0.027490292,UP,0.0036649960590362193,13.616855118959567,9.368292548336717,0.221022383085499,0.0017326549225956738,0.0011485430877655745,51.72445297241211
2026-06-15 13:00:00-04:00,gold,4346.000319678453,4361.923049837176,-0.0033538032,0.00030329393,0.001469838,0.0026811557,0.030329393,UP,0.0036909008302689664,13.616855118959567,9.368292548336717,0.221022383085499,0.0017326549225956738,0.0011485430877655745,51.72445297241211
2026-06-15 14:00:00-04:00,gold,4347.299871683121,4347.388463973999,0.00029903598,0.00031949,0.0015259503,0.0027020606,0.031949002,UP,0.0036760662207784562,13.616855118959567,9.368292548336717,0.221022383085499,0.0017326549225956738,0.0011485430877655745,51.72445297241211
2026-06-15 15:00:00-04:00,gold,4342.399600350473,4348.704231079901,-0.0011277496,0.00032308028,0.0015749327,0.0027155702,0.032308027,UP,0.0035947829645036574,13.616855118959567,9.368292548336717,0.221022383085499,0.0017326549225956738,0.0011485430877655745,51.72445297241211
2026-06-15 16:00:00-04:00,gold,4331.00037581331,4343.765992324625,-0.002628706,0.00031450152,0.0010820674,0.0026997593,0.031450152,UP,0.0036315934869747555,13.616855118959567,9.368292548336717,0.221022383085499,0.0017326549225956738,0.0011485430877655745,51.72445297241211
2026-06-15 18:00:00-04:00,gold,4333.100289821625,4332.287640810013,0.00048478149,0.00029730098,0.0014958658,0.0026785322,0.029730098,UP,0.0035767512031055567,13.616855118959567,9.368292548336717,0.221022383085499,0.0017326549225956738,0.0011485430877655745,51.72445297241211
2026-06-15 19:00:00-04:00,gold,4337.300131427532,4334.278855135781,0.0009687459,0.00027195958,0.0019204254,0.0026553723,0.027195958,UP,0.0035725822615775052,13.616855118959567,9.368292548336717,0.221022383085499,0.0017326549225956738,0.0011485430877655745,51.72445297241211
2026-06-15 20:00:00-04:00,gold,4340.300225110841,4338.3509600762045,0.0006914355,0.00024226858,0.002028097,0.0026614366,0.024226857,UP,0.0035725494499143397,13.616855118959567,9.368292548336717,0.221022383085499,0.0017326549225956738,0.0011485430877655745,51.72445297241211
2026-06-15 21:00:00-04:00,gold,4333.999892899767,4341.207331401994,-0.001452522,0.0002091589,0.0020241118,0.0027033777,0.02091589,UP,0.0035951329596338394,13.616855118959567,9.368292548336717,0.221022383085499,0.0017326549225956738,0.0011485430877655745,51.72445297241211
2026-06-15 22:00:00-04:00,gold,4339.700233221054,4334.773946285248,0.0013143632,0.00017846902,0.0022379132,0.0028025075,0.017846903,UP,0.003575627068310755,13.616855118959567,9.368292548336717,0.221022383085499,0.0017326549225956738,0.0011485430877655745,51.72445297241211
2026-06-15 23:00:00-04:00,gold,4351.39967154467,4340.372210330213,0.0026923437,0.0001548286,0.002235685,0.00291869,0.01548286,UP,0.0035744632315972903,13.616855118959567,9.368292548336717,0.221022383085499,0.0017326549225956738,0.0011485430877655745,51.72445297241211
2026-06-16 00:00:00-04:00,gold,4343.199861329049,4352.0005885466235,-0.0018861613,0.00013802669,0.0018770045,0.0030140628,0.013802669,UP,0.003608317994158854,13.616855118959567,9.368292548336717,0.221022383085499,0.0017326549225956738,0.0011485430877655745,51.72445297241211
2026-06-16 01:00:00-04:00,gold,4337.19999276835,4343.736584115308,-0.0013824248,0.00012348284,0.0013411564,0.0031397447,0.012348284,UP,0.0022583579325382583,13.616855118959567,9.368292548336717,0.221022383085499,0.0017326549225956738,0.0011485430877655745,51.72445297241211
2026-06-16 02:00:00-04:00,gold,4345.000178592978,4337.667077514692,0.0017967351,0.00010759187,0.0020125944,0.0032685755,0.010759187,UP,0.0022539411764102954,13.616855118959567,9.368292548336717,0.221022383085499,0.0017326549225956738,0.0011485430877655745,51.72445297241211
2026-06-16 03:00:00-04:00,gold,4356.599811911583,4345.392099022865,0.0026662003,9.020641e-05,0.0021817908,0.0033624428,0.009020641,UP,0.002294519527538465,13.616855118959567,9.368292548336717,0.221022383085499,0.0017326549225956738,0.0011485430877655745,51.72445297241211
2026-06-16 04:00:00-04:00,gold,4368.299951434135,4356.922092921799,0.0026819136,7.3980904e-05,0.0032192376,0.0033421773,0.0073980903,UP,0.0021139717391118313,13.616855118959567,9.368292548336717,0.221022383085499,0.0017326549225956738,0.0011485430877655745,51.72445297241211
2026-06-16 05:00:00-04:00,gold,4366.200173281133,4368.573194193537,-0.00048076236,6.260516e-05,0.0032563354,0.0031697403,0.006260516,UP,0.002049648479268359,13.616855118959567,9.368292548336717,0.221022383085499,0.0017326549225956738,0.0011485430877655745,51.72445297241211
2026-06-16 06:00:00-04:00,gold,4369.899849771056,4366.45419522468,0.0008469929,5.8068756e-05,0.0035825276,0.0028927415,0.0058068754,UP,0.002039384405924258,13.616855118959567,9.368292548336717,0.221022383085499,0.0017326549225956738,0.0011485430877655745,51.72445297241211
2026-06-16 07:00:00-04:00,gold,4361.399583619059,4370.190582769574,-0.0019470188,6.646114e-05,0.0035924374,0.002467556,0.0066461144,UP,0.0020713381387004954,13.616855118959567,9.368292548336717,0.221022383085499,0.0017326549225956738,0.0011485430877655745,51.72445297241211
2026-06-16 08:00:00-04:00,gold,4375.8999340386945,4361.797120752977,0.0033191063,9.101263e-05,0.0030999773,0.0020783355,0.009101263,UP,0.001990458214489561,13.616855118959567,9.368292548336717,0.221022383085499,0.0017326549225956738,0.0011485430877655745,51.72445297241211
2026-06-16 09:00:00-04:00,gold,4352.700132816215,4376.424680149765,-0.0053158035,0.00011994307,0.0017256415,0.0017936606,0.011994307,UP,0.002237863516935109,13.616855118959567,9.368292548336717,0.221022383085499,0.0017326549225956738,0.0011485430877655745,51.72445297241211
2026-06-16 10:00:00-04:00,gold,4344.399894633971,4353.350354831782,-0.00190875,0.00014936876,0.0014597208,0.0016065002,0.014936876,UP,0.00217789444572173,13.616855118959567,9.368292548336717,0.221022383085499,0.0017326549225956738,0.0011485430877655745,51.72445297241211
2026-06-16 11:00:00-04:00,gold,4355.699805911689,4345.111487086513,0.00259774,0.00016371816,0.00091929646,0.0015204201,0.016371816,UP,0.0021797694507330735,13.616855118959567,9.368292548336717,0.221022383085499,0.0017326549225956738,0.0011485430877655745,51.72445297241211
2026-06-16 12:00:00-04:00,gold,4361.800225960556,4356.392342133564,0.0013993944,0.0001587793,0.0005529939,0.0015182004,0.015877929,UP,0.0021927716794692257,13.616855118959567,9.368292548336717,0.221022383085499,0.0017326549225956738,0.0011485430877655745,51.72445297241211
2026-06-16 13:00:00-04:00,gold,4361.500043679785,4362.474201958976,-6.873653e-05,0.00015454963,0.0005978395,0.0015787095,0.015454964,UP,0.0021921639270749936,13.616855118959567,9.368292548336717,0.221022383085499,0.0017326549225956738,0.0011485430877655745,51.72445297241211
2026-06-16 14:00:00-04:00,gold,4360.000258117914,4362.181110024452,-0.00034397753,0.00015612617,0.0010464101,0.0016640642,0.015612617,UP,0.002190418096108452,13.616855118959567,9.368292548336717,0.221022383085499,0.0017326549225956738,0.0011485430877655745,51.72445297241211
2026-06-16 15:00:00-04:00,gold,4355.600035190582,4360.703225135803,-0.0010096614,0.00016125705,0.0010049134,0.0017374725,0.016125705,UP,0.0021142280912497063,13.616855118959567,9.368292548336717,0.221022383085499,0.0017326549225956738,0.0011485430877655745,51.72445297241211
2026-06-16 16:00:00-04:00,gold,4353.000063480256,4356.32493993477,-0.00059713336,0.00016635851,0.0015013895,0.0017708787,0.016635852,UP,0.0020952633449544044,13.616855118959567,9.368292548336717,0.221022383085499,0.0017326549225956738,0.0011485430877655745,51.72445297241211
2026-06-16 18:00:00-04:00,gold,4354.999910116196,4353.735825777054,0.00045934774,0.00016893554,0.0014737282,0.0017793245,0.016893554,UP,0.002095967070634617,13.616855118959567,9.368292548336717,0.221022383085499,0.0017326549225956738,0.0011485430877655745,51.72445297241211
2026-06-16 19:00:00-04:00,gold,4350.799764692783,4355.722146630287,-0.00096491905,0.00016578118,0.0015042165,0.0017580171,0.016578117,UP,0.0021008943802831043,13.616855118959567,9.368292548336717,0.221022383085499,0.0017326549225956738,0.0011485430877655745,51.72445297241211
2026-06-16 20:00:00-04:00,gold,4356.899715006701,4351.50310188951,0.0014010816,0.00016155618,0.001233828,0.0017326864,0.016155617,UP,0.0020008081033731293,13.616855118959567,9.368292548336717,0.221022383085499,0.0017326549225956738,0.0011485430877655745,51.72445297241211
2026-06-16 21:00:00-04:00,gold,4360.999911287916,4357.571983870701,0.00094061595,0.00015428898,0.001303816,0.0017383634,0.015428898,UP,0.0019062681086196127,13.616855118959567,9.368292548336717,0.221022383085499,0.0017326549225956738,0.0011485430877655745,51.72445297241211
2026-06-16 22:00:00-04:00,gold,4351.200158298016,4361.632683873177,-0.0022496746,0.00014499002,0.0010652277,0.0017837835,0.014499001,UP,0.0019539513025358182,13.616855118959567,9.368292548336717,0.221022383085499,0.0017326549225956738,0.0011485430877655745,51.72445297241211
2026-06-16 23:00:00-04:00,gold,4351.2001953125,4351.769213034422,7.275958e-12,0.00013066609,0.0010583727,0.0018621215,0.013066608,UP,0.0019416981896104215,13.616855118959567,9.368292548336717,0.221022383085499,0.0017326549225956738,0.0011485430877655745,51.72445297241211
2026-06-17 00:00:00-04:00,gold,4346.100043306302,4351.706968616345,-0.0011728003,0.0001164077,0.0011058565,0.0019656674,0.011640769,UP,0.0018895869959585294,13.616855118959567,9.368292548336717,0.221022383085499,0.0017326549225956738,0.0011485430877655745,51.72445297241211
2026-06-17 01:00:00-04:00,gold,4346.10009765625,4346.552913127583,7.275958e-12,0.00010412117,0.0011075716,0.0020731688,0.0104121175,UP,0.0018884116571939542,13.616855118959567,9.368292548336717,0.221022383085499,0.0017326549225956738,0.0011485430877655745,51.72445297241211
2026-06-17 02:00:00-04:00,gold,4351.200229807058,4346.552913127583,0.0011728003,0.000104101724,0.001307354,0.002151667,0.010410173,UP,0.0018920128158970882,13.616855118959567,9.368292548336717,0.221022383085499,0.0017326549225956738,0.0011485430877655745,51.72445297241211
2026-06-17 03:00:00-04:00,gold,4344.700321954791,4351.671178075951,-0.0014949576,0.00010830969,0.0016323677,0.002199228,0.010830969,UP,0.0019107625068108057,13.616855118959567,9.368292548336717,0.221022383085499,0.0017326549225956738,0.0011485430877655745,51.72445297241211
2026-06-17 04:00:00-04:00,gold,4344.20013522642,4345.191191647667,-0.000115089344,0.00011298012,0.0016646055,0.0022252463,0.011298012,UP,0.0018903688937515644,13.616855118959567,9.368292548336717,0.221022383085499,0.0017326549225956738,0.0011485430877655745,51.72445297241211
2026-06-17 05:00:00-04:00,gold,4349.300169411115,4344.700456784805,0.0011732007,0.00011508761,0.0016538408,0.0022014952,0.011508761,UP,0.0018873582014452142,13.616855118959567,9.368292548336717,0.221022383085499,0.0017326549225956738,0.0011485430877655745,51.72445297241211
2026-06-17 06:00:00-04:00,gold,4351.099956622347,4349.826577258296,0.00041384145,0.00012106204,0.0023387342,0.0021168333,0.012106204,UP,0.0018229856793396438,13.616855118959567,9.368292548336717,0.221022383085499,0.0017326549225956738,0.0011485430877655745,51.72445297241211
2026-06-17 07:00:00-04:00,gold,4342.600299203361,4351.663915372628,-0.0019554396,0.00012961353,0.0019577665,0.0019887858,0.012961353,UP,0.0018254913891330798,13.616855118959567,9.368292548336717,0.221022383085499,0.0017326549225956738,0.0011485430877655745,51.72445297241211
2026-06-17 08:00:00-04:00,gold,4353.299989869411,4343.18662713893,0.0024608637,0.00013497935,0.0024245125,0.0018760641,0.013497935,UP,0.0018600388927371215,13.616855118959567,9.368292548336717,0.221022383085499,0.0017326549225956738,0.0011485430877655745,51.72445297241211
2026-06-17 09:00:00-04:00,gold,4359.799700743402,4353.937079925556,0.0014920067,0.00014639951,0.011166172,0.0017487216,0.014639951,UP,0.0018513858281855918,13.616855118959567,9.368292548336717,0.221022383085499,0.0017326549225956738,0.0011485430877655745,51.72445297241211
2026-06-17 10:00:00-04:00,gold,4364.100039432524,4360.4926029610215,0.0009858649,0.00015882304,0.011630948,0.0016510214,0.015882304,UP,0.001795965711810967,13.616855118959567,9.368292548336717,0.221022383085499,0.0017326549225956738,0.0011485430877655745,51.72445297241211
2026-06-17 11:00:00-04:00,gold,4383.59978101973,4364.847684364358,0.0044583217,0.00017127878,0.011777902,0.0015709419,0.017127877,UP,0.0019116417893256842,13.616855118959567,9.368292548336717,0.221022383085499,0.0017326549225956738,0.0011485430877655745,51.72445297241211
2026-06-17 12:00:00-04:00,gold,4379.799737488007,4384.341096036253,-0.0008673102,0.00016899499,0.012121655,0.0015140347,0.016899498,UP,0.0019171085251120969,13.616855118959567,9.368292548336717,0.221022383085499,0.0017326549225956738,0.0011485430877655745,51.72445297241211
2026-06-17 13:00:00-04:00,gold,4401.100441531162,4380.515099255135,0.004851515,0.0001631915,0.011739303,0.0014937621,0.01631915,UP,0.0021019943957320208,13.616855118959567,9.368292548336717,0.221022383085499,0.0017326549225956738,0.0011485430877655745,51.72445297241211
2026-06-17 14:00:00-04:00,gold,4305.200004976941,4401.805754617613,-0.022030892,0.00016028387,0.0075077605,0.0015102112,0.016028387,UP,0.004531589642476568,13.616855118959567,9.368292548336717,0.221022383085499,0.0017326549225956738,0.0011485430877655745,51.72445297241211
2026-06-17 15:00:00-04:00,gold,4254.299819759035,4305.942824445083,-0.011893448,0.00017243854,0.002192141,0.0016927116,0.017243853,UP,0.004926408694137578,13.616855118959567,9.368292548336717,0.221022383085499,0.0017326549225956738,0.0011485430877655745,51.72445297241211
2026-06-17 16:00:00-04:00,gold,4276.3000609311275,4255.0630685336655,0.0051579135,0.00017927604,0.0030853818,0.0020180836,0.017927604,UP,0.004976538818902824,13.616855118959567,9.368292548336717,0.221022383085499,0.0017326549225956738,0.0011485430877655745,51.72445297241211
2026-06-17 18:00:00-04:00,gold,4285.7994555068435,4277.120541892713,0.0022190828,0.00019187498,0.0030933267,0.0023530612,0.019187497,UP,0.004995568881780063,13.616855118959567,9.368292548336717,0.221022383085499,0.0017326549225956738,0.0011485430877655745,51.72445297241211
2026-06-17 19:00:00-04:00,gold,4297.200186829781,4286.798628165503,0.0026565064,0.00023300509,0.0034231842,0.002622911,0.02330051,UP,0.004996817325697362,13.616855118959567,9.368292548336717,0.221022383085499,0.0017326549225956738,0.0011485430877655745,51.72445297241211
2026-06-17 20:00:00-04:00,gold,4328.0001995257335,4298.320521453279,0.007141848,0.000260712,0.001964436,0.0028421567,0.0260712,UP,0.005177658566664171,13.616855118959567,9.368292548336717,0.221022383085499,0.0017326549225956738,0.0011485430877655745,51.72445297241211
2026-06-17 21:00:00-04:00,gold,4337.70014667511,4329.192848205566,0.0022387572,0.00027560766,0.0015178622,0.00303593,0.027560765,UP,0.005197527211859578,13.616855118959567,9.368292548336717,0.221022383085499,0.0017326549225956738,0.0011485430877655745,51.72445297241211
2026-06-17 22:00:00-04:00,gold,4330.9996892057825,4338.912264020182,-0.0015458365,0.0002794299,0.0022602314,0.0032180664,0.027942989,UP,0.005203538777998233,13.616855118959567,9.368292548336717,0.221022383085499,0.0017326549225956738,0.0011485430877655745,51.72445297241211
2026-06-17 23:00:00-04:00,gold,4339.600449323654,4332.15495288372,0.001983738,0.00026658707,0.002143668,0.003308156,0.026658706,UP,0.005216375020464538,13.616855118959567,9.368292548336717,0.221022383085499,0.0017326549225956738,0.0011485430877655745,51.72445297241211
2026-06-18 00:00:00-04:00,gold,4336.000063290645,4340.652327847318,-0.0008299363,0.00024249448,0.002438323,0.0033273161,0.024249448,UP,0.00521729765651056,13.616855118959567,9.368292548336717,0.221022383085499,0.0017326549225956738,0.0011485430877655745,51.72445297241211
2026-06-18 01:00:00-04:00,gold,4328.000070571899,4336.964002609253,-0.0018467224,0.00022228152,0.002460417,0.003348649,0.022228152,UP,0.005225473814862795,13.616855118959567,9.368292548336717,0.221022383085499,0.0017326549225956738,0.0011485430877655745,51.72445297241211
2026-06-18 02:00:00-04:00,gold,4326.6000027656555,4328.893088340759,-0.0003235048,0.00020632896,0.002133621,0.0033677255,0.020632897,UP,0.005223524808408048,13.616855118959567,9.368292548336717,0.221022383085499,0.0017326549225956738,0.0011485430877655745,51.72445297241211
2026-06-18 03:00:00-04:00,gold,4308.399831182236,4327.431520385435,-0.0042154538,0.00019218965,0.0026649428,0.0034030746,0.019218965,UP,0.005265424298945444,13.616855118959567,9.368292548336717,0.221022383085499,0.0017326549225956738,0.0011485430877655745,51.72445297241211
2026-06-18 04:00:00-04:00,gold,4285.900056967512,4309.176467496436,-0.005236041,0.00018019066,0.0025567582,0.0034608282,0.018019065,UP,0.00533273943196615,13.616855118959567,9.368292548336717,0.221022383085499,0.0017326549225956738,0.0011485430877655745,51.72445297241211
2026-06-18 05:00:00-04:00,gold,4287.699870271201,4286.646866042283,0.00041996196,0.00017420333,0.002507355,0.0035419045,0.017420333,UP,0.005325957029721,13.616855118959567,9.368292548336717,0.221022383085499,0.0017326549225956738,0.0011485430877655745,51.72445297241211
2026-06-18 06:00:00-04:00,gold,4273.899841138918,4288.421404954861,-0.0032237675,0.0001681316,0.0034099475,0.003572669,0.01681316,UP,0.005348406181319262,13.616855118959567,9.368292548336717,0.221022383085499,0.0017326549225956738,0.0011485430877655745,51.72445297241211
2026-06-18 07:00:00-04:00,gold,4260.599957942875,4274.601977594546,-0.003116718,0.00016419025,0.0032766275,0.0035197514,0.016419025,UP,0.0053674602364843175,13.616855118959567,9.368292548336717,0.221022383085499,0.0017326549225956738,0.0011485430877655745,51.72445297241211
2026-06-18 08:00:00-04:00,gold,4265.100119217066,4261.307606689457,0.0010556319,0.00016608412,0.0035683345,0.0034580764,0.016608411,UP,0.005375315522078311,13.616855118959567,9.368292548336717,0.221022383085499,0.0017326549225956738,0.0011485430877655745,51.72445297241211
2026-06-18 09:00:00-04:00,gold,4275.4997202631785,4265.832250611857,0.0024354043,0.00017158866,0.0031482559,0.003415967,0.017158866,UP,0.005394735787609024,13.616855118959567,9.368292548336717,0.221022383085499,0.0017326549225956738,0.0011485430877655745,51.72445297241211
2026-06-18 10:00:00-04:00,gold,4271.70008584857,4276.29102230072,-0.0008891345,0.00018497868,0.0031946953,0.0033620985,0.018497868,UP,0.005392295789005164,13.616855118959567,9.368292548336717,0.221022383085499,0.0017326549225956738,0.0011485430877655745,51.72445297241211
2026-06-18 11:00:00-04:00,gold,4245.499990612385,4272.582175342832,-0.006152322,0.00020650751,0.0020794861,0.0033459805,0.020650752,UP,0.005486664314663645,13.616855118959567,9.368292548336717,0.221022383085499,0.0017326549225956738,0.0011485430877655745,51.72445297241211
2026-06-18 12:00:00-04:00,gold,4238.700252622366,4246.483358204365,-0.001602934,0.00023153992,0.0020355328,0.0033699777,0.023153992,UP,0.005476476700087529,13.616855118959567,9.368292548336717,0.221022383085499,0.0017326549225956738,0.0011485430877655745,51.72445297241211
2026-06-18 13:00:00-04:00,gold,4249.499810609152,4239.773941745167,0.0025446643,0.0002532156,0.001735679,0.0034164854,0.02532156,UP,0.00550714690790665,13.616855118959567,9.368292548336717,0.221022383085499,0.0017326549225956738,0.0011485430877655745,51.72445297241211
2026-06-18 14:00:00-04:00,gold,4237.700234949589,4250.647403419018,-0.0027806137,0.00026997045,0.0019845797,0.0034521425,0.026997045,UP,0.005515279609303674,13.616855118959567,9.368292548336717,0.221022383085499,0.0017326549225956738,0.0011485430877655745,51.72445297241211
2026-06-18 15:00:00-04:00,gold,4236.200588580396,4238.8858368824,-0.00035402822,0.00027974922,0.001903795,0.0034562238,0.027974922,UP,0.005481670465014484,13.616855118959567,9.368292548336717,0.221022383085499,0.0017326549225956738,0.0011485430877655745,51.72445297241211
2026-06-18 16:00:00-04:00,gold,4227.899854599207,4237.406121977139,-0.001961294,0.00028470403,0.0019098087,0.0034270682,0.028470403,UP,0.005466048644377039,13.616855118959567,9.368292548336717,0.221022383085499,0.0017326549225956738,0.0011485430877655745,51.72445297241211
2026-06-18 18:00:00-04:00,gold,4225.899758724874,4229.0908660255955,-0.00047316003,0.00028165578,0.002671606,0.0033724196,0.028165579,UP,0.00545415987481582,13.616855118959567,9.368292548336717,0.221022383085499,0.0017326549225956738,0.0011485430877655745,51.72445297241211
2026-06-18 19:00:00-04:00,gold,4206.799594545679,4227.048490020912,-0.0045300154,0.0002717906,0.0029666424,0.0033002028,0.02717906,UP,0.005386594582958791,13.616855118959567,9.368292548336717,0.221022383085499,0.0017326549225956738,0.0011485430877655745,51.72445297241211
2026-06-18 20:00:00-04:00,gold,4209.000341122504,4207.883523747674,0.00052287255,0.00025750237,0.0028099879,0.003220845,0.025750237,UP,0.005396924527680044,13.616855118959567,9.368292548336717,0.221022383085499,0.0017326549225956738,0.0011485430877655745,51.72445297241211
2026-06-18 21:00:00-04:00,gold,4202.600154519081,4210.015545845032,-0.001521685,0.0002412746,0.008221434,0.003157877,0.02412746,UP,0.005269437843393353,13.616855118959567,9.368292548336717,0.221022383085499,0.0017326549225956738,0.0011485430877655745,51.72445297241211
2026-06-18 22:00:00-04:00,gold,4193.899923170102,4203.528931210167,-0.0020723392,0.00022095811,0.008248217,0.0031241493,0.02209581,UP,0.003628690618399436,13.616855118959567,9.368292548336717,0.221022383085499,0.0017326549225956738,0.0011485430877655745,51.72445297241211
2026-06-18 23:00:00-04:00,gold,4167.499946076481,4194.730822281563,-0.00631473,0.0001980575,0.0073860683,0.0030813387,0.01980575,UP,0.0031636717028138348,13.616855118959567,9.368292548336717,0.221022383085499,0.0017326549225956738,0.0011485430877655745,51.72445297241211
2026-06-21 18:00:00-04:00,gold,4172.799912691116,4168.242723047733,0.0012708909,0.00017826335,0.00782199,0.0030775825,0.017826336,UP,0.0029902425755526933,13.616855118959567,9.368292548336717,0.221022383085499,0.0017326549225956738,0.0011485430877655745,51.72445297241211
2026-06-21 19:00:00-04:00,gold,4157.000226569595,4173.472338835709,-0.003793566,0.00016116486,0.0073897606,0.0031098775,0.016116487,UP,0.002981239345544283,13.616855118959567,9.368292548336717,0.221022383085499,0.0017326549225956738,0.0011485430877655745,51.72445297241211
2026-06-21 20:00:00-04:00,gold,4218.100200295448,4157.615972399712,0.014591153,0.00014806699,0.0028989387,0.0031645014,0.014806699,UP,0.00409476852190112,13.616855118959567,9.368292548336717,0.221022383085499,0.0017326549225956738,0.0011485430877655745,51.72445297241211
2026-06-21 21:00:00-04:00,gold,4208.100183887233,4218.701993205177,-0.0023735503,0.00014266378,0.0026855394,0.0032538006,0.014266377,UP,0.003831838180974199,13.616855118959567,9.368292548336717,0.221022383085499,0.0017326549225956738,0.0011485430877655745,51.72445297241211
2026-06-21 22:00:00-04:00,gold,4205.700229779817,4208.697556402243,-0.00057046814,0.00014196069,0.002815975,0.0033645327,0.014196068,UP,0.003785732156134158,13.616855118959567,9.368292548336717,0.221022383085499,0.0017326549225956738,0.0011485430877655745,51.72445297241211
2026-06-21 23:00:00-04:00,gold,4189.600319442514,4206.302828268381,-0.0038355072,0.00014325931,0.0017538933,0.0034489618,0.014325932,UP,0.00381939552509716,13.616855118959567,9.368292548336717,0.221022383085499,0.0017326549225956738,0.0011485430877655745,51.72445297241211
2026-06-22 00:00:00-04:00,gold,4199.399595202936,4190.21141129965,0.0023363472,0.00014589442,0.0017786144,0.0034937512,0.014589442,UP,0.0038297670451883695,13.616855118959567,9.368292548336717,0.221022383085499,0.0017326549225956738,0.0011485430877655745,51.72445297241211
2026-06-22 01:00:00-04:00,gold,4211.299342117156,4200.027664122288,0.0028297075,0.00014940737,0.0017295578,0.0034550554,0.014940737,UP,0.0038960855204620047,13.616855118959567,9.368292548336717,0.221022383085499,0.0017326549225956738,0.0011485430877655745,51.72445297241211
2026-06-22 02:00:00-04:00,gold,4215.39985150157,4211.955952745047,0.0009731206,0.00015574816,0.001714532,0.0033559687,0.015574816,UP,0.003908096946162498,13.616855118959567,9.368292548336717,0.221022383085499,0.0017326549225956738,0.0011485430877655745,51.72445297241211
2026-06-22 03:00:00-04:00,gold,4208.499871246924,4216.09588537988,-0.0016381732,0.00016501074,0.002287915,0.0032246672,0.016501075,UP,0.003909108341744989,13.616855118959567,9.368292548336717,0.221022383085499,0.0017326549225956738,0.0011485430877655745,51.72445297241211
2026-06-22 04:00:00-04:00,gold,4215.700287818909,4209.2174199819565,0.0017094079,0.00017042822,0.0022836607,0.0030121189,0.017042821,UP,0.0038865070295787322,13.616855118959567,9.368292548336717,0.221022383085499,0.0017326549225956738,0.0011485430877655745,51.72445297241211
2026-06-22 05:00:00-04:00,gold,4226.2004880763125,4216.4500008453615,0.0024875929,0.00017787958,0.001866126,0.0028020197,0.01778796,UP,0.0038329732219518345,13.616855118959567,9.368292548336717,0.221022383085499,0.0017326549225956738,0.0011485430877655745,51.72445297241211
2026-06-22 06:00:00-04:00,gold,4222.700280576129,4226.990661156946,-0.0008285102,0.00018702791,0.0023907206,0.0026311271,0.01870279,UP,0.003829859841300439,13.616855118959567,9.368292548336717,0.221022383085499,0.0017326549225956738,0.0011485430877655745,51.72445297241211
2026-06-22 07:00:00-04:00,gold,4225.29967591865,4223.518196084187,0.0006154378,0.00019365986,0.0026362685,0.0024982814,0.019365985,UP,0.0037999375935118236,13.616855118959567,9.368292548336717,0.221022383085499,0.0017326549225956738,0.0011485430877655745,51.72445297241211
2026-06-22 08:00:00-04:00,gold,4211.400089650124,4226.115286872839,-0.003295107,0.00019301931,0.0023365025,0.002394515,0.01930193,UP,0.003804491110529356,13.616855118959567,9.368292548336717,0.221022383085499,0.0017326549225956738,0.0011485430877655745,51.72445297241211
2026-06-22 09:00:00-04:00,gold,4218.4997236036,4212.214710002125,0.0016845039,0.00019343005,0.002371045,0.0023379223,0.019343005,UP,0.003814413505427694,13.616855118959567,9.368292548336717,0.221022383085499,0.0017326549225956738,0.0011485430877655745,51.72445297241211
2026-06-22 10:00:00-04:00,gold,4216.7001767754555,4219.324730396271,-0.0004267367,0.00019542538,0.002382495,0.0023184535,0.019542538,UP,0.0037776460481319237,13.616855118959567,9.368292548336717,0.221022383085499,0.0017326549225956738,0.0011485430877655745,51.72445297241211
2026-06-22 11:00:00-04:00,gold,4200.999805700732,4217.541161945672,-0.0037302857,0.00019932815,0.0043653944,0.002339092,0.019932814,UP,0.0038240429520667698,13.616855118959567,9.368292548336717,0.221022383085499,0.0017326549225956738,0.0011485430877655745,51.72445297241211
2026-06-22 12:00:00-04:00,gold,4208.499954223633,4201.859369754791,0.0017836975,0.00020453008,0.0061525423,0.0023891113,0.020453008,UP,0.003696459147688401,13.616855118959567,9.368292548336717,0.221022383085499,0.0017326549225956738,0.0011485430877655745,51.72445297241211
2026-06-22 13:00:00-04:00,gold,4201.399799793959,4209.354381978512,-0.0016885097,0.00020305102,0.006096683,0.0024432766,0.020305103,UP,0.0036975411283555006,13.616855118959567,9.368292548336717,0.221022383085499,0.0017326549225956738,0.0011485430877655745,51.72445297241211
2026-06-22 14:00:00-04:00,gold,4209.099907171563,4202.2237938451,0.0018310915,0.00019612169,0.006062461,0.0024980896,0.019612169,UP,0.003680895439894998,13.616855118959567,9.368292548336717,0.221022383085499,0.0017326549225956738,0.0011485430877655745,51.72445297241211
2026-06-22 15:00:00-04:00,gold,4209.400152427959,4209.888368636777,7.122521e-05,0.00018717351,0.0069420137,0.00255374,0.018717352,UP,0.0036517420147672086,13.616855118959567,9.368292548336717,0.221022383085499,0.0017326549225956738,0.0011485430877655745,51.72445297241211
2026-06-22 16:00:00-04:00,gold,4172.9000050906325,4210.156616098015,-0.008708882,0.00017964738,0.005882131,0.0026094492,0.017964737,UP,0.003964799971140107,13.616855118959567,9.368292548336717,0.221022383085499,0.0017326549225956738,0.0011485430877655745,51.72445297241211
2026-06-22 18:00:00-04:00,gold,4207.799889486865,4173.648562235001,0.008328686,0.00017940678,0.0034074527,0.002705201,0.017940678,UP,0.004269490739396467,13.616855118959567,9.368292548336717,0.221022383085499,0.0017326549225956738,0.0011485430877655745,51.72445297241211
2026-06-22 19:00:00-04:00,gold,4205.499677419139,4208.560745275463,-0.00054670696,0.00018090341,0.003701696,0.0028067308,0.018090341,UP,0.004269703589044648,13.616855118959567,9.368292548336717,0.221022383085499,0.0017326549225956738,0.0011485430877655745,51.72445297241211
2026-06-22 20:00:00-04:00,gold,4210.700344502926,4206.2750633955,0.0012357587,0.00018425201,0.0035687243,0.002909347,0.018425202,UP,0.004195369399031438,13.616855118959567,9.368292548336717,0.221022383085499,0.0017326549225956738,0.0011485430877655745,51.72445297241211
2026-06-22 21:00:00-04:00,gold,4179.299924681429,4211.479228818789,-0.0074852295,0.00018487463,0.0027871723,0.003023503,0.018487463,UP,0.0044110976449080195,13.616855118959567,9.368292548336717,0.221022383085499,0.0017326549225956738,0.0011485430877655745,51.72445297241211
2026-06-22 22:00:00-04:00,gold,4164.900001733913,4180.091960750753,-0.0034514791,0.00018954845,0.0028525444,0.0031855654,0.018954845,UP,0.004444443545595679,13.616855118959567,9.368292548336717,0.221022383085499,0.0017326549225956738,0.0011485430877655745,51.72445297241211
2026-06-22 23:00:00-04:00,gold,4162.1999638475245,4165.712664263265,-0.0006484148,0.00019508315,0.0033284444,0.0033481736,0.019508315,UP,0.004432378474828505,13.616855118959567,9.368292548336717,0.221022383085499,0.0017326549225956738,0.0011485430877655745,51.72445297241211
2026-06-23 00:00:00-04:00,gold,4135.600364628946,4163.075444357935,-0.0064113834,0.00021022439,0.0031301987,0.0034360199,0.021022439,UP,0.004436932263633623,13.616855118959567,9.368292548336717,0.221022383085499,0.0017326549225956738,0.0011485430877655745,51.72445297241211
2026-06-23 01:00:00-04:00,gold,4138.899759704305,4136.5220113018295,0.0007975841,0.00022290286,0.0031269942,0.0034984522,0.022290286,UP,0.004432182198707494,13.616855118959567,9.368292548336717,0.221022383085499,0.0017326549225956738,0.0011485430877655745,51.72445297241211
2026-06-23 02:00:00-04:00,gold,4132.39991243917,4139.814163865929,-0.0015717,0.00022091702,0.0030186467,0.003545842,0.022091702,UP,0.004389689593840444,13.616855118959567,9.368292548336717,0.221022383085499,0.0017326549225956738,0.0011485430877655745,51.72445297241211
2026-06-23 03:00:00-04:00,gold,4115.999828416243,4133.292037990468,-0.0039765104,0.00021586171,0.002491865,0.0035636039,0.021586172,UP,0.0034234146141386423,13.616855118959567,9.368292548336717,0.221022383085499,0.0017326549225956738,0.0011485430877655745,51.72445297241211
2026-06-23 04:00:00-04:00,gold,4122.599940776825,4116.864061832428,0.001602238,0.00020998128,0.003332583,0.0035227016,0.020998128,UP,0.003437832248542378,13.616855118959567,9.368292548336717,0.221022383085499,0.0017326549225956738,0.0011485430877655745,51.72445297241211
2026-06-23 05:00:00-04:00,gold,4140.0997286173515,4123.44490403746,0.0042359093,0.0002048614,0.0031606907,0.0034354108,0.020486139,UP,0.0035535082674801152,13.616855118959567,9.368292548336717,0.221022383085499,0.0017326549225956738,0.0011485430877655745,51.72445297241211
2026-06-23 06:00:00-04:00,gold,4137.700267228502,4140.9396064598695,-0.0005798406,0.00020273306,0.0032005198,0.0033303252,0.020273305,UP,0.003498219578426858,13.616855118959567,9.368292548336717,0.221022383085499,0.0017326549225956738,0.0011485430877655745,51.72445297241211
2026-06-23 07:00:00-04:00,gold,4141.100183420931,4138.534778205212,0.0008213515,0.0002016341,0.0033344792,0.0032322593,0.02016341,UP,0.0034679471453521247,13.616855118959567,9.368292548336717,0.221022383085499,0.0017326549225956738,0.0011485430877655745,51.72445297241211
2026-06-23 08:00:00-04:00,gold,4130.999616319168,4141.921050246048,-0.002441968,0.00019818149,0.0031371724,0.003113862,0.01981815,UP,0.003428648940851866,13.616855118959567,9.368292548336717,0.221022383085499,0.0017326549225956738,0.0011485430877655745,51.72445297241211
2026-06-23 09:00:00-04:00,gold,4154.100012302399,4131.816980481148,0.005576313,0.00019778888,0.0018074577,0.0030446604,0.019778887,UP,0.003602665237336581,13.616855118959567,9.368292548336717,0.221022383085499,0.0017326549225956738,0.0011485430877655745,51.72445297241211
2026-06-23 10:00:00-04:00,gold,4147.5002220807655,4154.931550748821,-0.0015900788,0.00020011031,0.0017951408,0.0030072096,0.020011032,UP,0.003602145064205506,13.616855118959567,9.368292548336717,0.221022383085499,0.0017326549225956738,0.0011485430877655745,51.72445297241211
2026-06-23 11:00:00-04:00,gold,4156.700177192688,4148.344964683056,0.002215794,0.00020371561,0.00083690166,0.0030039905,0.02037156,UP,0.0036139594476389627,13.616855118959567,9.368292548336717,0.221022383085499,0.0017326549225956738,0.0011485430877655745,51.72445297241211
2026-06-23 12:00:00-04:00,gold,4151.900119448663,4157.551493994659,-0.0011555,0.00020474644,0.00086123036,0.0029790788,0.020474644,UP,0.0035722541209712235,13.616855118959567,9.368292548336717,0.221022383085499,0.0017326549225956738,0.0011485430877655745,51.72445297241211
2026-06-23 13:00:00-04:00,gold,4145.900178597425,4152.747743193235,-0.0014461667,0.00020415778,0.00087732176,0.002923246,0.02041578,UP,0.0035754773299912315,13.616855118959567,9.368292548336717,0.221022383085499,0.0017326549225956738,0.0011485430877655745,51.72445297241211
2026-06-23 14:00:00-04:00,gold,4135.600153688807,4146.7425641219015,-0.0024874262,0.00020316234,0.0007125332,0.002869591,0.020316234,UP,0.0035837559551132733,13.616855118959567,9.368292548336717,0.221022383085499,0.0017326549225956738,0.0011485430877655745,51.72445297241211
2026-06-23 15:00:00-04:00,gold,4129.600263930741,4136.428340931423,-0.0014518705,0.00020025147,0.00082810374,0.00281577,0.020025147,UP,0.0035536905510712724,13.616855118959567,9.368292548336717,0.221022383085499,0.0017326549225956738,0.0011485430877655745,51.72445297241211
2026-06-23 16:00:00-04:00,gold,4129.000246319891,4130.416801281215,-0.00014532672,0.00019781102,0.0025480196,0.002767519,0.019781101,UP,0.003527861193292713,13.616855118959567,9.368292548336717,0.221022383085499,0.0017326549225956738,0.0011485430877655745,51.72445297241211
2026-06-23 18:00:00-04:00,gold,4121.200358629227,4129.79443526268,-0.0018908163,0.00019236913,0.0028630618,0.0027005973,0.019236913,UP,0.0035339298488603764,13.616855118959567,9.368292548336717,0.221022383085499,0.0017326549225956738,0.0011485430877655745,51.72445297241211
2026-06-23 19:00:00-04:00,gold,4116.6002906049835,4121.962670171633,-0.0011168268,0.00018498991,0.003017841,0.0026294054,0.01849899,UP,0.003490261965143593,13.616855118959567,9.368292548336717,0.221022383085499,0.0017326549225956738,0.0011485430877655745,51.72445297241211
2026-06-23 20:00:00-04:00,gold,4114.700209465256,4117.332767956948,-0.0004616287,0.00017790576,0.0037236053,0.002562061,0.017790576,UP,0.003459723766241186,13.616855118959567,9.368292548336717,0.221022383085499,0.0017326549225956738,0.0011485430877655745,51.72445297241211
2026-06-23 21:00:00-04:00,gold,4106.499840990873,4115.402606329881,-0.0019948906,0.00017070596,0.003996412,0.002527363,0.017070595,UP,0.003463043401906517,13.616855118959567,9.368292548336717,0.221022383085499,0.0017326549225956738,0.0011485430877655745,51.72445297241211
2026-06-23 22:00:00-04:00,gold,4078.2999650239944,4107.174086868763,-0.006890837,0.00016405819,0.002426443,0.0025208455,0.016405819,UP,0.0036003743063948634,13.616855118959567,9.368292548336717,0.221022383085499,0.0017326549225956738,0.0011485430877655745,51.72445297241211
2026-06-23 23:00:00-04:00,gold,4079.899552245217,4078.961241730023,0.0003922075,0.00016204253,0.0024252897,0.0025693907,0.016204253,UP,0.0036042831029112292,13.616855118959567,9.368292548336717,0.221022383085499,0.0017326549225956738,0.0011485430877655745,51.72445297241211
2026-06-24 00:00:00-04:00,gold,4080.6002635788172,4080.547736486187,0.00017160599,0.00015876832,0.0028959946,0.0026402164,0.015876831,UP,0.00330762225783241,13.616855118959567,9.368292548336717,0.221022383085499,0.0017326549225956738,0.0011485430877655745,51.72445297241211
2026-06-24 01:00:00-04:00,gold,4093.100286091503,4081.23831407167,0.0030585928,0.00015643079,0.0024722316,0.0027243195,0.015643079,UP,0.0029238964300263995,13.616855118959567,9.368292548336717,0.221022383085499,0.0017326549225956738,0.0011485430877655745,51.72445297241211
2026-06-24 02:00:00-04:00,gold,4103.899575288466,4093.720263746276,0.0026350643,0.00015150422,0.0013993154,0.002804038,0.015150422,UP,0.0029947676668228757,13.616855118959567,9.368292548336717,0.221022383085499,0.0017326549225956738,0.0011485430877655745,51.72445297241211
2026-06-24 03:00:00-04:00,gold,4091.500056394958,4104.502625069581,-0.0030260663,0.0001468876,0.0059264367,0.0028719087,0.01468876,UP,0.002995307337432273,13.616855118959567,9.368292548336717,0.221022383085499,0.0017326549225956738,0.0011485430877655745,51.72445297241211
2026-06-24 04:00:00-04:00,gold,4093.299778342247,4092.0882202386856,0.00043985163,0.00014375377,0.009689763,0.002909566,0.014375377,UP,0.0027400669134363237,13.616855118959567,9.368292548336717,0.221022383085499,0.0017326549225956738,0.0011485430877655745,51.72445297241211
2026-06-24 05:00:00-04:00,gold,4081.7998219071887,4093.875840909197,-0.0028134228,0.00014059836,0.010011503,0.002901728,0.014059836,UP,0.0027203938481091972,13.616855118959567,9.368292548336717,0.221022383085499,0.0017326549225956738,0.0011485430877655745,51.72445297241211
2026-06-24 06:00:00-04:00,gold,4072.300138562525,4082.3610853500722,-0.002330117,0.00013745308,0.010032099,0.002842871,0.013745308,UP,0.0027371957574233055,13.616855118959567,9.368292548336717,0.221022383085499,0.0017326549225956738,0.0011485430877655745,51.72445297241211
2026-06-24 07:00:00-04:00,gold,4063.200176189508,4072.8607505031105,-0.0022371337,0.00013763722,0.010163557,0.0027487073,0.013763722,UP,0.0025384457554608894,13.616855118959567,9.368292548336717,0.221022383085499,0.0017326549225956738,0.0011485430877655745,51.72445297241211
2026-06-24 08:00:00-04:00,gold,4004.0003478011786,4063.775868504279,-0.014676967,0.0001416734,0.008440392,0.0026524465,0.0141673405,UP,0.0035846599344177324,13.616855118959567,9.368292548336717,0.221022383085499,0.0017326549225956738,0.0011485430877655745,51.72445297241211
2026-06-24 09:00:00-04:00,gold,4054.9002871513367,4004.643419265747,0.01263214,0.00016069238,0.0048071067,0.002683865,0.016069237,UP,0.004379951168939071,13.616855118959567,9.368292548336717,0.221022383085499,0.0017326549225956738,0.0011485430877655745,51.72445297241211
2026-06-24 10:00:00-04:00,gold,4024.9998416472226,4055.6887813378125,-0.0074010915,0.0001944334,0.0043396987,0.0028449106,0.01944334,UP,0.004511815949332901,13.616855118959567,9.368292548336717,0.221022383085499,0.0017326549225956738,0.0011485430877655745,51.72445297241211
2026-06-24 11:00:00-04:00,gold,4019.50009316206,4025.9289264678955,-0.001367394,0.00023067591,0.004652352,0.0030502446,0.023067592,UP,0.004491269036064527,13.616855118959567,9.368292548336717,0.221022383085499,0.0017326549225956738,0.0011485430877655745,51.72445297241211
2026-06-24 12:00:00-04:00,gold,4023.3998973965645,4020.5632598996162,0.0009697752,0.0002644303,0.0046191816,0.003210735,0.02644303,UP,0.00440248932078234,13.616855118959567,9.368292548336717,0.221022383085499,0.0017326549225956738,0.0011485430877655745,51.72445297241211
2026-06-24 13:00:00-04:00,gold,3989.799657802738,4024.564915461873,-0.008386175,0.0002895366,0.0018003869,0.0033302908,0.02895366,UP,0.004604369600280954,13.616855118959567,9.368292548336717,0.221022383085499,0.0017326549225956738,0.0011485430877655745,51.72445297241211
2026-06-24 14:00:00-04:00,gold,3998.100114900124,3991.038090887916,0.002078156,0.000310283,0.00344725,0.003446136,0.0310283,UP,0.004629115556822066,13.616855118959567,9.368292548336717,0.221022383085499,0.0017326549225956738,0.0011485430877655745,51.72445297241211
2026-06-24 15:00:00-04:00,gold,4004.899902116449,3999.384563417814,0.0016993145,0.00032119636,0.0038058527,0.0035342497,0.032119635,UP,0.004651334245825086,13.616855118959567,9.368292548336717,0.221022383085499,0.0017326549225956738,0.0011485430877655745,51.72445297241211
2026-06-24 16:00:00-04:00,gold,4016.3995485243504,4006.177004246565,0.0028673676,0.00031875432,0.0035524336,0.0035311067,0.03187543,UP,0.004543200378920044,13.616855118959567,9.368292548336717,0.221022383085499,0.0017326549225956738,0.0011485430877655745,51.72445297241211
2026-06-24 18:00:00-04:00,gold,4012.0000416156545,4017.616034478182,-0.0010960846,0.00030271368,0.0040272567,0.0034358792,0.030271368,UP,0.0045423116319334425,13.616855118959567,9.368292548336717,0.221022383085499,0.0017326549225956738,0.0011485430877655745,51.72445297241211
2026-06-24 19:00:00-04:00,gold,4026.600077152252,4013.1181898117065,0.0036325015,0.00027870256,0.0034997337,0.0033092166,0.027870256,UP,0.004585271139445896,13.616855118959567,9.368292548336717,0.221022383085499,0.0017326549225956738,0.0011485430877655745,51.72445297241211
2026-06-24 20:00:00-04:00,gold,4007.3001704899652,4027.6205949553987,-0.0048046615,0.00025349436,0.0029451312,0.0032063045,0.025349436,UP,0.004635995071011947,13.616855118959567,9.368292548336717,0.221022383085499,0.0017326549225956738,0.0011485430877655745,51.72445297241211
2026-06-24 21:00:00-04:00,gold,3992.199957025834,4008.229667412641,-0.0037752648,0.00023186288,0.0025398086,0.003151321,0.023186289,UP,0.0046600780136728135,13.616855118959567,9.368292548336717,0.221022383085499,0.0017326549225956738,0.0011485430877655745,51.72445297241211
2026-06-24 22:00:00-04:00,gold,3998.699893347395,3993.037548054941,0.0016268509,0.00020971449,0.002746277,0.0031351252,0.02097145,UP,0.004682885668431853,13.616855118959567,9.368292548336717,0.221022383085499,0.0017326549225956738,0.0011485430877655745,51.72445297241211
2026-06-24 23:00:00-04:00,gold,4012.399797033868,3999.4612126138236,0.0034202454,0.00019039512,0.0021319045,0.0031467818,0.019039512,UP,0.004754775346067799,13.616855118959567,9.368292548336717,0.221022383085499,0.0017326549225956738,0.0011485430877655745,51.72445297241211
2026-06-25 00:00:00-04:00,gold,4011.800094905193,4013.100156004075,-0.00014951112,0.00017444012,0.002128347,0.0031549777,0.017444013,UP,0.004754751043597187,13.616855118959567,9.368292548336717,0.221022383085499,0.0017326549225956738,0.0011485430877655745,51.72445297241211
2026-06-25 01:00:00-04:00,gold,4001.6003034661553,4012.4609818062163,-0.002545725,0.00016470042,0.0018311325,0.0031771157,0.016470043,UP,0.004760701615775296,13.616855118959567,9.368292548336717,0.221022383085499,0.0017326549225956738,0.0011485430877655745,51.72445297241211
2026-06-25 02:00:00-04:00,gold,3992.6999495241616,4002.2345447695116,-0.002226624,0.00015844093,0.0015434218,0.0032000314,0.015844094,UP,0.004766167492035734,13.616855118959567,9.368292548336717,0.221022383085499,0.0017326549225956738,0.0011485430877655745,51.72445297241211
2026-06-25 03:00:00-04:00,gold,4003.500116657262,3993.3163283391914,0.002701297,0.0001543377,0.00393718,0.0032031063,0.01543377,UP,0.00481349385854031,13.616855118959567,9.368292548336717,0.221022383085499,0.0017326549225956738,0.0011485430877655745,51.72445297241211
2026-06-25 04:00:00-04:00,gold,4004.8997871279716,4004.107544839382,0.0003496085,0.00015178495,0.004317129,0.0031765387,0.015178494,UP,0.004814180871274781,13.616855118959567,9.368292548336717,0.221022383085499,0.0017326549225956738,0.0011485430877655745,51.72445297241211
2026-06-25 05:00:00-04:00,gold,4003.3998447068734,4005.504795095476,-0.00037461135,0.000151011,0.0043423437,0.0030844214,0.0151011,UP,0.004677107508765446,13.616855118959567,9.368292548336717,0.221022383085499,0.0017326549225956738,0.0011485430877655745,51.72445297241211
2026-06-25 06:00:00-04:00,gold,3999.5001155970094,4004.0126816600095,-0.0009746224,0.00015307177,0.00487302,0.0029578863,0.015307177,UP,0.004673691728778351,13.616855118959567,9.368292548336717,0.221022383085499,0.0017326549225956738,0.0011485430877655745,51.72445297241211
2026-06-25 07:00:00-04:00,gold,3995.3000665307045,4000.1331605911255,-0.0010506707,0.00015830081,0.0054103914,0.0028158156,0.015830081,UP,0.0046715841681571795,13.616855118959567,9.368292548336717,0.221022383085499,0.0017326549225956738,0.0011485430877655745,51.72445297241211
2026-06-25 08:00:00-04:00,gold,4028.19982689296,3995.9682652912743,0.008200931,0.00016714615,0.004347569,0.002696522,0.016714616,UP,0.004904582555640609,13.616855118959567,9.368292548336717,0.221022383085499,0.0017326549225956738,0.0011485430877655745,51.72445297241211
2026-06-25 09:00:00-04:00,gold,4017.5001602992998,4028.9365762144444,-0.002659795,0.0001827612,0.0039103404,0.002636441,0.01827612,UP,0.004882181742512552,13.616855118959567,9.368292548336717,0.221022383085499,0.0017326549225956738,0.0011485430877655745,51.72445297241211
2026-06-25 10:00:00-04:00,gold,4027.600492835045,4018.3208745718002,0.0025108706,0.00020439521,0.0041977447,0.002648257,0.02043952,UP,0.004895904708999899,13.616855118959567,9.368292548336717,0.221022383085499,0.0017326549225956738,0.0011485430877655745,51.72445297241211
2026-06-25 11:00:00-04:00,gold,4057.500028143113,4028.5152203781763,0.007396331,0.00022720374,0.0019431582,0.0026704597,0.022720374,UP,0.00510437347297331,13.616855118959567,9.368292548336717,0.221022383085499,0.0017326549225956738,0.0011485430877655745,51.72445297241211
2026-06-25 12:00:00-04:00,gold,4043.9999230206013,4058.51575255394,-0.0033327192,0.00025034384,0.0013228183,0.0026846365,0.025034385,UP,0.005114085216790821,13.616855118959567,9.368292548336717,0.221022383085499,0.0017326549225956738,0.0011485430877655745,51.72445297241211
2026-06-25 13:00:00-04:00,gold,4050.2000613212585,4045.0928807258606,0.0015319494,0.00027020267,0.0013725625,0.0027199697,0.027020266,UP,0.005109812998324086,13.616855118959567,9.368292548336717,0.221022383085499,0.0017326549225956738,0.0011485430877655745,51.72445297241211
2026-06-25 14:00:00-04:00,gold,4050.400322077243,4051.3543772796693,4.936701e-05,0.00028495735,0.0016617979,0.0027602827,0.028495735,UP,0.005094964576111887,13.616855118959567,9.368292548336717,0.221022383085499,0.0017326549225956738,0.0011485430877655745,51.72445297241211
2026-06-25 15:00:00-04:00,gold,4041.6002882694884,4051.5867360782577,-0.0021749402,0.00029302077,0.0014850353,0.0027973207,0.029302077,UP,0.004324811617246846,13.616855118959567,9.368292548336717,0.221022383085499,0.0017326549225956738,0.0011485430877655745,51.72445297241211
2026-06-25 16:00:00-04:00,gold,4041.60009765625,4042.783389310818,7.275958e-12,0.00029267755,0.003494971,0.002816237,0.029267754,UP,0.0036368772116729814,13.616855118959567,9.368292548336717,0.221022383085499,0.0017326549225956738,0.0011485430877655745,51.72445297241211
2026-06-25 18:00:00-04:00,gold,4041.3999113034515,4042.7443638124387,-4.9534894e-05,0.00028310338,0.0041222763,0.0028033897,0.028310338,UP,0.003367858376351759,13.616855118959567,9.368292548336717,0.221022383085499,0.0017326549225956738,0.0011485430877655745,51.72445297241211
2026-06-25 19:00:00-04:00,gold,4030.2001391017693,4042.4848538136575,-0.0027751517,0.0002684246,0.0042037317,0.0027842182,0.02684246,UP,0.0033991632560652937,13.616855118959567,9.368292548336717,0.221022383085499,0.0017326549225956738,0.0011485430877655745,51.72445297241211
2026-06-25 20:00:00-04:00,gold,4035.0999309184554,4031.202623760473,0.0012151184,0.00024876065,0.004135418,0.0027646227,0.024876066,UP,0.003401640886617594,13.616855118959567,9.368292548336717,0.221022383085499,0.0017326549225956738,0.0011485430877655745,51.72445297241211
2026-06-25 21:00:00-04:00,gold,4035.900036270905,4036.013557325059,0.00019819223,0.00022632926,0.005097145,0.002757871,0.022632925,UP,0.003003875901906256,13.616855118959567,9.368292548336717,0.221022383085499,0.0017326549225956738,0.0011485430877655745,51.72445297241211
2026-06-25 22:00:00-04:00,gold,4006.000179614901,4036.725979820767,-0.007436064,0.00020468206,0.0027428756,0.0027600327,0.020468205,UP,0.0033040351868158023,13.616855118959567,9.368292548336717,0.221022383085499,0.0017326549225956738,0.0011485430877655745,51.72445297241211
2026-06-25 23:00:00-04:00,gold,4018.6002204418182,4006.767904281616,0.0031403704,0.00019161287,0.002787135,0.0028202017,0.019161288,UP,0.003338946173065364,13.616855118959567,9.368292548336717,0.221022383085499,0.0017326549225956738,0.0011485430877655745,51.72445297241211
2026-06-26 00:00:00-04:00,gold,4026.800072893093,4019.3287394939107,0.0020384204,0.00018129783,0.0030553907,0.0029174946,0.018129783,UP,0.0033187120491448494,13.616855118959567,9.368292548336717,0.221022383085499,0.0017326549225956738,0.0011485430877655745,51.72445297241211
2026-06-26 01:00:00-04:00,gold,4023.199809030746,4027.4960951889516,-0.0008944342,0.0001727959,0.002684377,0.0030128618,0.01727959,UP,0.0033164304873125965,13.616855118959567,9.368292548336717,0.221022383085499,0.0017326549225956738,0.0011485430877655745,51.72445297241211
2026-06-26 02:00:00-04:00,gold,4047.2002348848036,4023.8723543085507,0.005947678,0.00016708192,0.0023633523,0.003105798,0.016708191,UP,0.003427415188160982,13.616855118959567,9.368292548336717,0.221022383085499,0.0017326549225956738,0.0011485430877655745,51.72445297241211
2026-06-26 03:00:00-04:00,gold,4046.3997849084117,4047.861409083969,-0.00019769912,0.00016350308,0.0025294786,0.0032050586,0.016350308,UP,0.0032979274036056584,13.616855118959567,9.368292548336717,0.221022383085499,0.0017326549225956738,0.0011485430877655745,51.72445297241211
2026-06-26 04:00:00-04:00,gold,4046.1003515315824,4047.0467584453872,-7.4094445e-05,0.00015977611,0.002542774,0.003260111,0.015977612,UP,0.003207398152691603,13.616855118959567,9.368292548336717,0.221022383085499,0.0017326549225956738,0.0011485430877655745,51.72445297241211
2026-06-26 05:00:00-04:00,gold,4062.8003856875002,4046.7406355058774,0.0041189245,0.00015825298,0.0022777678,0.0032558092,0.015825298,UP,0.0032708287163766576,13.616855118959567,9.368292548336717,0.221022383085499,0.0017326549225956738,0.0011485430877655745,51.72445297241211
2026-06-26 06:00:00-04:00,gold,4069.799976480688,4063.4374185638735,0.0017214671,0.00015689989,0.0023203567,0.0031636534,0.015689988,UP,0.0032334925726275597,13.616855118959567,9.368292548336717,0.221022383085499,0.0017326549225956738,0.0011485430877655745,51.72445297241211
2026-06-26 07:00:00-04:00,gold,4061.0002535241074,4070.446279247408,-0.0021646214,0.00015876343,0.0020645957,0.0029876,0.015876343,UP,0.0032676765815421904,13.616855118959567,9.368292548336717,0.221022383085499,0.0017326549225956738,0.0011485430877655745,51.72445297241211
2026-06-26 08:00:00-04:00,gold,4073.9997769594193,4061.677752494812,0.003196069,0.00016688288,0.002665422,0.00281395,0.016688287,UP,0.0032568745167884565,13.616855118959567,9.368292548336717,0.221022383085499,0.0017326549225956738,0.0011485430877655745,51.72445297241211
2026-06-26 09:00:00-04:00,gold,4088.6999158859253,4074.725574016571,0.0036017413,0.00017796994,0.0022989493,0.002663041,0.017796993,UP,0.003256370475061295,13.616855118959567,9.368292548336717,0.221022383085499,0.0017326549225956738,0.0011485430877655745,51.72445297241211
2026-06-26 10:00:00-04:00,gold,4095.6996607779,4089.491994073469,0.0017105718,0.00019359103,0.0021564763,0.0025442438,0.019359102,UP,0.0032413252378204293,13.616855118959567,9.368292548336717,0.221022383085499,0.0017326549225956738,0.0011485430877655745,51.72445297241211
2026-06-26 11:00:00-04:00,gold,4106.299760572903,4096.547057082091,0.0025847012,0.00020685574,0.002115692,0.0024721257,0.020685574,UP,0.0032571752926156055,13.616855118959567,9.368292548336717,0.221022383085499,0.0017326549225956738,0.0011485430877655745,51.72445297241211
2026-06-26 12:00:00-04:00,gold,4099.89971818967,4107.202948944527,-0.0015597728,0.00021997112,0.002582233,0.002414251,0.02199711,UP,0.0032794828881953235,13.616855118959567,9.368292548336717,0.221022383085499,0.0017326549225956738,0.0011485430877655745,51.72445297241211
2026-06-26 13:00:00-04:00,gold,4089.599821508891,4100.847581137496,-0.0025153696,0.00023103258,0.002435142,0.0023570075,0.023103258,UP,0.0033199389609817626,13.616855118959567,9.368292548336717,0.221022383085499,0.0017326549225956738,0.0011485430877655745,51.72445297241211
2026-06-26 14:00:00-04:00,gold,4082.200057043752,4090.5843971487484,-0.0018111428,0.00024062296,0.0025256062,0.002333949,0.024062296,UP,0.0033369742063189384,13.616855118959567,9.368292548336717,0.221022383085499,0.0017326549225956738,0.0011485430877655745,51.72445297241211
2026-06-26 15:00:00-04:00,gold,4086.200100374059,4083.199501836265,0.000979384,0.00024483056,0.002609259,0.0023268308,0.024483057,UP,0.003021825389474167,13.616855118959567,9.368292548336717,0.221022383085499,0.0017326549225956738,0.0011485430877655745,51.72445297241211
2026-06-26 16:00:00-04:00,gold,4096.299751971674,4087.1922003389045,0.0024686486,0.00024278538,0.0022949004,0.0023168297,0.024278538,UP,0.0029830257116504172,13.616855118959567,9.368292548336717,0.221022383085499,0.0017326549225956738,0.0011485430877655745,51.72445297241211
2026-06-28 18:00:00-04:00,gold,4080.799890965165,4097.2647190587595,-0.00379102,0.00023543928,0.001568863,0.0023071482,0.023543928,UP,0.0030678651379282508,13.616855118959567,9.368292548336717,0.221022383085499,0.0017326549225956738,0.0011485430877655745,51.72445297241211
2026-06-28 19:00:00-04:00,gold,4076.6998425469938,4081.717043410783,-0.0010052338,0.00022466245,0.002544183,0.0023241106,0.022466244,UP,0.0027787570700570016,13.616855118959567,9.368292548336717,0.221022383085499,0.0017326549225956738,0.0011485430877655745,51.72445297241211
2026-06-28 20:00:00-04:00,gold,4083.8997523518337,4077.5475011724047,0.0017645647,0.00020787693,0.0023571253,0.002351086,0.020787694,UP,0.0027131004194794386,13.616855118959567,9.368292548336717,0.221022383085499,0.0017326549225956738,0.0011485430877655745,51.72445297241211
2026-06-28 21:00:00-04:00,gold,4075.7998782902723,4084.666186624323,-0.0019853318,0.00018751045,0.002489738,0.002401558,0.018751046,UP,0.0027352404132342726,13.616855118959567,9.368292548336717,0.221022383085499,0.0017326549225956738,0.0011485430877655745,51.72445297241211
2026-06-28 22:00:00-04:00,gold,4080.7996843460132,4076.478327854653,0.0012260012,0.00016639553,0.0024028854,0.0024851903,0.016639553,UP,0.0027412418857231226,13.616855118959567,9.368292548336717,0.221022383085499,0.0017326549225956738,0.0011485430877655745,51.72445297241211
2026-06-28 23:00:00-04:00,gold,4083.1998017598235,4081.4042436672025,0.00058792316,0.0001480038,0.0027983156,0.0025785933,0.014800381,UP,0.002703083224318527,13.616855118959567,9.368292548336717,0.221022383085499,0.0017326549225956738,0.0011485430877655745,51.72445297241211
2026-06-29 00:00:00-04:00,gold,4065.699878901898,4083.7675079277833,-0.004295065,0.00013897946,0.002642708,0.0026631327,0.013897946,UP,0.0028321190825159387,13.616855118959567,9.368292548336717,0.221022383085499,0.0017326549225956738,0.0011485430877655745,51.72445297241211
2026-06-29 01:00:00-04:00,gold,4069.000063773099,4066.2544127397705,0.0008113511,0.00013634344,0.0027348986,0.0027559043,0.013634345,UP,0.00283384500363889,13.616855118959567,9.368292548336717,0.221022383085499,0.0017326549225956738,0.0011485430877655745,51.72445297241211
2026-06-29 02:00:00-04:00,gold,4076.9996523857117,4069.5287182331085,0.0019641547,0.00012985074,0.0024210075,0.0028796617,0.012985074,UP,0.0027924795269660017,13.616855118959567,9.368292548336717,0.221022383085499,0.0017326549225956738,0.0011485430877655745,51.72445297241211
2026-06-29 03:00:00-04:00,gold,4076.2998935580254,4077.497194647789,-0.00017169764,0.0001218488,0.0026127798,0.0029927585,0.012184881,UP,0.002789796450442729,13.616855118959567,9.368292548336717,0.221022383085499,0.0017326549225956738,0.0011485430877655745,51.72445297241211
2026-06-29 04:00:00-04:00,gold,4060.899865490501,4076.7646006162977,-0.0037851261,0.00011399116,0.0023703214,0.0030417435,0.011399116,UP,0.002889552954595279,13.616855118959567,9.368292548336717,0.221022383085499,0.0017326549225956738,0.0011485430877655745,51.72445297241211
2026-06-29 05:00:00-04:00,gold,4045.800191008573,4061.3491443526,-0.0037252817,0.00011058869,0.0018426848,0.0030201427,0.011058869,UP,0.002620038324014882,13.616855118959567,9.368292548336717,0.221022383085499,0.0017326549225956738,0.0011485430877655745,51.72445297241211
2026-06-29 06:00:00-04:00,gold,4051.100010006019,4046.248102694197,0.0013091553,0.000110718276,0.0016935894,0.0029314216,0.011071827,UP,0.002573112250330391,13.616855118959567,9.368292548336717,0.221022383085499,0.0017326549225956738,0.0011485430877655745,51.72445297241211
2026-06-29 07:00:00-04:00,gold,4053.3003211074974,4051.556465338741,0.0005429029,0.000112662965,0.0015953246,0.0027757913,0.011266297,UP,0.0025520554258509297,13.616855118959567,9.368292548336717,0.221022383085499,0.0017326549225956738,0.0011485430877655745,51.72445297241211
2026-06-29 08:00:00-04:00,gold,4057.8000067895337,4053.804983443144,0.0011095906,0.0001245632,0.0012316601,0.0025457267,0.01245632,UP,0.0025480678036516767,13.616855118959567,9.368292548336717,0.221022383085499,0.0017326549225956738,0.0011485430877655745,51.72445297241211
2026-06-29 09:00:00-04:00,gold,4046.4000437556824,4058.3229582134227,-0.002813394,0.00012884836,0.00094229146,0.0023080737,0.012884837,UP,0.0023714716002102994,13.616855118959567,9.368292548336717,0.221022383085499,0.0017326549225956738,0.0011485430877655745,51.72445297241211
2026-06-29 10:00:00-04:00,gold,4039.4996215578285,4047.0047923895763,-0.0017066507,0.00014949283,0.0010348193,0.0021226057,0.014949283,UP,0.0023916062930131048,13.616855118959567,9.368292548336717,0.221022383085499,0.0017326549225956738,0.0011485430877655745,51.72445297241211
2026-06-29 11:00:00-04:00,gold,4041.499860227108,4040.169348835945,0.0004949882,0.00016569751,0.0009448096,0.002045103,0.01656975,UP,0.0023936993188821993,13.616855118959567,9.368292548336717,0.221022383085499,0.0017326549225956738,0.0011485430877655745,51.72445297241211
2026-06-29 12:00:00-04:00,gold,4038.400199532509,4042.2014780044556,-0.0007673605,0.000173542,0.00093671086,0.0020151613,0.0173542,UP,0.0022634601507541766,13.616855118959567,9.368292548336717,0.221022383085499,0.0017326549225956738,0.0011485430877655745,51.72445297241211
2026-06-29 13:00:00-04:00,gold,4035.2998318468162,4039.110951978655,-0.00076788926,0.00017609198,0.00097247795,0.0020017887,0.017609198,UP,0.00223607146733759,13.616855118959567,9.368292548336717,0.221022383085499,0.0017326549225956738,0.0011485430877655745,51.72445297241211
2026-06-29 14:00:00-04:00,gold,4027.80007230505,4036.0047801222245,-0.0018603271,0.00017465063,0.003201932,0.0020107797,0.017465062,UP,0.002227935252530009,13.616855118959567,9.368292548336717,0.221022383085499,0.0017326549225956738,0.0011485430877655745,51.72445297241211
2026-06-29 15:00:00-04:00,gold,4030.399587328953,4028.503950461338,0.00064526906,0.00017478317,0.003266056,0.0020009126,0.017478317,UP,0.0021376134467991125,13.616855118959567,9.368292548336717,0.221022383085499,0.0017326549225956738,0.0011485430877655745,51.72445297241211
2026-06-29 16:00:00-04:00,gold,4030.4998382544145,4031.091285879549,2.483536e-05,0.00017147465,0.0030281995,0.0019700904,0.017147465,UP,0.0020044042043175095,13.616855118959567,9.368292548336717,0.221022383085499,0.0017326549225956738,0.0011485430877655745,51.72445297241211
2026-06-29 18:00:00-04:00,gold,4028.399852335453,4031.163533270359,-0.0005211872,0.00016458903,0.003640166,0.0019320068,0.016458903,UP,0.001961355254772989,13.616855118959567,9.368292548336717,0.221022383085499,0.0017326549225956738,0.0011485430877655745,51.72445297241211
2026-06-29 19:00:00-04:00,gold,4029.399725985131,4029.043880971556,0.00024820672,0.00015981916,0.0045082383,0.0018913923,0.015981916,UP,0.0018769623772365235,13.616855118959567,9.368292548336717,0.221022383085499,0.0017326549225956738,0.0011485430877655745,51.72445297241211
2026-06-29 20:00:00-04:00,gold,4001.2999012127984,4030.0128186077345,-0.006998137,0.00015207857,0.0034077093,0.0018588407,0.015207857,UP,0.002201789502500229,13.616855118959567,9.368292548336717,0.221022383085499,0.0017326549225956738,0.0011485430877655745,51.72445297241211
2026-06-29 21:00:00-04:00,gold,3982.7002174730296,4001.866715485812,-0.0046593514,0.00014165175,0.0061293156,0.0018914501,0.014165175,UP,0.002291500472340377,13.616855118959567,9.368292548336717,0.221022383085499,0.0017326549225956738,0.0011485430877655745,51.72445297241211
2026-06-29 22:00:00-04:00,gold,3975.8002859305852,3983.2003638444585,-0.001733971,0.0001256047,0.00574164,0.0020059282,0.01256047,UP,0.0022904658596066664,13.616855118959567,9.368292548336717,0.221022383085499,0.0017326549225956738,0.0011485430877655745,51.72445297241211
2026-06-29 23:00:00-04:00,gold,3983.800363638904,3976.200064568664,0.002010152,0.0001005461,0.006754926,0.002169397,0.01005461,UP,0.002326796526995744,13.616855118959567,9.368292548336717,0.221022383085499,0.0017326549225956738,0.0011485430877655745,51.72445297241211
2026-06-30 00:00:00-04:00,gold,3999.199824831885,3984.156228308275,0.0038581789,8.938339e-05,0.00669742,0.0023335998,0.00893834,UP,0.002407779675256237,13.616855118959567,9.368292548336717,0.221022383085499,0.0017326549225956738,0.0011485430877655745,51.72445297241211
2026-06-30 01:00:00-04:00,gold,3991.09986987467,3999.550356383814,-0.0020274222,8.7513254e-05,0.0063549527,0.0024874192,0.008751325,UP,0.002353336754190508,13.616855118959567,9.368292548336717,0.221022383085499,0.0017326549225956738,0.0011485430877655745,51.72445297241211
2026-06-30 02:00:00-04:00,gold,4043.500186008867,3991.4502689447254,0.013043747,8.769824e-05,0.0025760692,0.002587506,0.008769824,UP,0.003455001774937601,13.616855118959567,9.368292548336717,0.221022383085499,0.0017326549225956738,0.0011485430877655745,51.72445297241211
2026-06-30 03:00:00-04:00,gold,4046.3000702261925,4043.877905845642,0.00069224177,9.3470495e-05,0.0036842467,0.0026525198,0.0093470495,UP,0.0034387404253120447,13.616855118959567,9.368292548336717,0.221022383085499,0.0017326549225956738,0.0011485430877655745,51.72445297241211
2026-06-30 04:00:00-04:00,gold,4028.999848657695,4046.6984753418365,-0.004284689,9.835637e-05,0.003998629,0.002646039,0.009835637,UP,0.003502251878124512,13.616855118959567,9.368292548336717,0.221022383085499,0.0017326549225956738,0.0011485430877655745,51.72445297241211
2026-06-30 05:00:00-04:00,gold,4037.9997532367706,4029.4317845106125,0.0022313138,0.000107120984,0.003978408,0.0025932954,0.010712098,UP,0.0035229383184850996,13.616855118959567,9.368292548336717,0.221022383085499,0.0017326549225956738,0.0011485430877655745,51.72445297241211
2026-06-30 06:00:00-04:00,gold,4043.8996353149414,4038.4775161743164,0.0014600288,0.00011818489,0.0041014208,0.0024693946,0.011818489,UP,0.003534501679546361,13.616855118959567,9.368292548336717,0.221022383085499,0.0017326549225956738,0.0011485430877655745,51.72445297241211
2026-06-30 07:00:00-04:00,gold,4047.5000043476466,4044.4152356380946,0.0008898578,0.00012739375,0.004086339,0.0023388676,0.012739375,UP,0.003459588433999132,13.616855118959567,9.368292548336717,0.221022383085499,0.0017326549225956738,0.0011485430877655745,51.72445297241211
2026-06-30 08:00:00-04:00,gold,4023.89973834157,4048.0833420157433,-0.0058478494,0.00014409787,0.0026996045,0.0022709873,0.014409787,UP,0.0036058011732219442,13.616855118959567,9.368292548336717,0.221022383085499,0.0017326549225956738,0.0011485430877655745,51.72445297241211
2026-06-30 09:00:00-04:00,gold,4043.899940792122,4024.5369256818667,0.004957991,0.00015829188,0.0016218456,0.0022929336,0.015829187,UP,0.003712904100113132,13.616855118959567,9.368292548336717,0.221022383085499,0.0017326549225956738,0.0011485430877655745,51.72445297241211
2026-06-30 10:00:00-04:00,gold,4052.0001318525174,4044.59552998055,0.0020010376,0.00017200975,0.001711482,0.002319517,0.017200975,UP,0.003735947991830108,13.616855118959567,9.368292548336717,0.221022383085499,0.0017326549225956738,0.0011485430877655745,51.72445297241211
2026-06-30 11:00:00-04:00,gold,4044.200175523758,4052.7535362243652,-0.0019268424,0.00018586859,0.0017326038,0.0023425021,0.01858686,UP,0.003689657405496929,13.616855118959567,9.368292548336717,0.221022383085499,0.0017326549225956738,0.0011485430877655745,51.72445297241211
2026-06-30 12:00:00-04:00,gold,4040.2997119897627,4045.0007295750256,-0.00096478505,0.00019791382,0.0020110833,0.0023387542,0.019791381,UP,0.0036311152500502412,13.616855118959567,9.368292548336717,0.221022383085499,0.0017326549225956738,0.0011485430877655745,51.72445297241211
2026-06-30 13:00:00-04:00,gold,4045.4998482855735,4041.1270269374654,0.0012861935,0.00020458529,0.0017081538,0.0023024369,0.020458529,UP,0.0036308231259161816,13.616855118959567,9.368292548336717,0.221022383085499,0.0017326549225956738,0.0011485430877655745,51.72445297241211
2026-06-30 14:00:00-04:00,gold,4043.599890947342,4046.3372054100037,-0.00046974377,0.00020692474,0.0016652088,0.0023012757,0.020692475,UP,0.0036299252676601163,13.616855118959567,9.368292548336717,0.221022383085499,0.0017326549225956738,0.0011485430877655745,51.72445297241211
2026-06-30 15:00:00-04:00,gold,4030.2000151735847,4044.4296793661197,-0.0033194178,0.00020508494,0.0021239978,0.0023092197,0.020508494,UP,0.003669825468962497,13.616855118959567,9.368292548336717,0.221022383085499,0.0017326549225956738,0.0011485430877655745,51.72445297241211
2026-06-30 16:00:00-04:00,gold,4021.8002261106594,4031.014292349486,-0.0020864147,0.00020201135,0.0023417068,0.002323159,0.020201135,UP,0.0036545438665884266,13.616855118959567,9.368292548336717,0.221022383085499,0.0017326549225956738,0.0011485430877655745,51.72445297241211
2026-06-30 18:00:00-04:00,gold,4026.400236543239,4022.6007068254403,0.0011430765,0.00019898504,0.0021134564,0.0023429052,0.019898504,UP,0.0036510098397144197,13.616855118959567,9.368292548336717,0.221022383085499,0.0017326549225956738,0.0011485430877655745,51.72445297241211
2026-06-30 19:00:00-04:00,gold,4018.8996681125136,4027.161157398834,-0.0018644432,0.00018903073,0.0021334856,0.0023731883,0.018903073,UP,0.00366307423647162,13.616855118959567,9.368292548336717,0.221022383085499,0.0017326549225956738,0.0011485430877655745,51.72445297241211
2026-06-30 20:00:00-04:00,gold,4010.200103363197,4019.5988949486637,-0.002167106,0.0001738965,0.0021196746,0.0024233751,0.01738965,UP,0.0036796436658096555,13.616855118959567,9.368292548336717,0.221022383085499,0.0017326549225956738,0.0011485430877655745,51.72445297241211
2026-06-30 21:00:00-04:00,gold,3990.800078842818,4010.848191158031,-0.004849379,0.00016166555,0.00053880265,0.0024853067,0.016166555,UP,0.003774080773594396,13.616855118959567,9.368292548336717,0.221022383085499,0.0017326549225956738,0.0011485430877655745,51.72445297241211
2026-06-30 22:00:00-04:00,gold,3991.899960722076,3991.404714925535,0.0002755593,0.00015140757,0.0007484987,0.0025880574,0.015140757,UP,0.003765014828606451,13.616855118959567,9.368292548336717,0.221022383085499,0.0017326549225956738,0.0011485430877655745,51.72445297241211
2026-06-30 23:00:00-04:00,gold,3992.8997084730654,3992.4814173794584,0.00025047592,0.00014563456,0.00071241014,0.0027098616,0.014563456,UP,0.003762314779736614,13.616855118959567,9.368292548336717,0.221022383085499,0.0017326549225956738,0.0011485430877655745,51.72445297241211
2026-07-01 00:00:00-04:00,gold,3989.199788166181,3993.4572875244194,-0.0009270622,0.0001396398,0.0013310754,0.0028196028,0.01396398,UP,0.0037634510353405284,13.616855118959567,9.368292548336717,0.221022383085499,0.0017326549225956738,0.0011485430877655745,51.72445297241211
2026-07-01 01:00:00-04:00,gold,3986.600121005409,3989.7477844171226,-0.0006519355,0.00013734006,0.0017195361,0.002932456,0.013734006,UP,0.0037637476745197703,13.616855118959567,9.368292548336717,0.221022383085499,0.0017326549225956738,0.0011485430877655745,51.72445297241211
2026-07-01 02:00:00-04:00,gold,3984.9997277463845,3987.14757386595,-0.00040144956,0.00013724144,0.0031615198,0.0030243162,0.013724145,UP,0.0037621103007992223,13.616855118959567,9.368292548336717,0.221022383085499,0.0017326549225956738,0.0011485430877655745,51.72445297241211
2026-07-01 03:00:00-04:00,gold,3988.6996817588806,3985.5401307344437,0.0009280388,0.00013545119,0.0037668927,0.003089264,0.013545119,UP,0.003554147652386746,13.616855118959567,9.368292548336717,0.221022383085499,0.0017326549225956738,0.0011485430877655745,51.72445297241211
2026-07-01 04:00:00-04:00,gold,3987.699757773007,3989.230598109425,-0.00025073966,0.00013311999,0.006960134,0.003116393,0.013311999,UP,0.0034491759593959755,13.616855118959567,9.368292548336717,0.221022383085499,0.0017326549225956738,0.0011485430877655745,51.72445297241211
2026-07-01 05:00:00-04:00,gold,3997.899984103715,3988.2209576542955,0.0025545876,0.00013065069,0.0071860873,0.003069108,0.013065069,UP,0.0034617477037159356,13.616855118959567,9.368292548336717,0.221022383085499,0.0017326549225956738,0.0011485430877655745,51.72445297241211
2026-07-01 06:00:00-04:00,gold,4011.9001163877547,3998.4136629217537,0.0034957216,0.00012849145,0.008172494,0.0029631464,0.012849145,UP,0.0034992587048327407,13.616855118959567,9.368292548336717,0.221022383085499,0.0017326549225956738,0.0011485430877655745,51.72445297241211
2026-07-01 07:00:00-04:00,gold,4043.9999491626513,4012.421201097197,0.007969381,0.00012993632,0.008271333,0.0028076225,0.012993632,UP,0.0037214151189813695,13.616855118959567,9.368292548336717,0.221022383085499,0.0017326549225956738,0.0011485430877655745,51.72445297241211
2026-07-01 08:00:00-04:00,gold,4036.800099849701,4044.553912639618,-0.0017819902,0.00013697695,0.008159205,0.0026513233,0.013697695,UP,0.003716224793039027,13.616855118959567,9.368292548336717,0.221022383085499,0.0017326549225956738,0.0011485430877655745,51.72445297241211
2026-07-01 09:00:00-04:00,gold,4104.200291495188,4037.3967666698154,0.016558576,0.00014783975,0.001574953,0.002529826,0.014783975,UP,0.004167670694752242,13.616855118959567,9.368292548336717,0.221022383085499,0.0017326549225956738,0.0011485430877655745,51.72445297241211
2026-07-01 10:00:00-04:00,gold,4107.899481019587,4104.89445353474,0.000901038,0.00016916427,0.0019674338,0.0025109863,0.016916428,UP,0.004168169178598063,13.616855118959567,9.368292548336717,0.221022383085499,0.0017326549225956738,0.0011485430877655745,51.72445297241211
2026-07-01 11:00:00-04:00,gold,4095.100128215854,4108.712804059731,-0.0031207644,0.00019786629,0.0019816642,0.002524531,0.01978663,UP,0.004127417156672365,13.616855118959567,9.368292548336717,0.221022383085499,0.0017326549225956738,0.0011485430877655745,51.72445297241211
2026-07-01 12:00:00-04:00,gold,4085.000022236054,4096.0271400315105,-0.0024694325,0.0002263157,0.003191877,0.0025464576,0.022631569,UP,0.004150470533030325,13.616855118959567,9.368292548336717,0.221022383085499,0.0017326549225956738,0.0011485430877655745,51.72445297241211
2026-07-01 13:00:00-04:00,gold,4082.200166285038,4086.03627204895,-0.00068568153,0.00025365566,0.003193646,0.002588044,0.025365565,UP,0.004149944221803121,13.616855118959567,9.368292548336717,0.221022383085499,0.0017326549225956738,0.0011485430877655745,51.72445297241211
2026-07-01 14:00:00-04:00,gold,4075.999963226568,4083.322620783729,-0.0015199314,0.00027500518,0.0040933127,0.002648796,0.027500518,UP,0.004161870304764378,13.616855118959567,9.368292548336717,0.221022383085499,0.0017326549225956738,0.0011485430877655745,51.72445297241211
2026-07-01 15:00:00-04:00,gold,4052.3001277446747,4077.1637234687805,-0.0058314824,0.00028551562,0.0029041092,0.0026983407,0.028551562,UP,0.0041610525303151635,13.616855118959567,9.368292548336717,0.221022383085499,0.0017326549225956738,0.0011485430877655745,51.72445297241211
2026-07-01 16:00:00-04:00,gold,4044.6001257147436,4053.486956264969,-0.0019019509,0.00029286786,0.0025884747,0.0027621482,0.029286785,UP,0.0040801690383625,13.616855118959567,9.368292548336717,0.221022383085499,0.0017326549225956738,0.0011485430877655745,51.72445297241211
2026-07-01 18:00:00-04:00,gold,4057.2002256336273,4045.7408737934893,0.0031103862,0.0002820416,0.0026078373,0.0027667817,0.028204162,UP,0.0041038511202110845,13.616855118959567,9.368292548336717,0.221022383085499,0.0017326549225956738,0.0011485430877655745,51.72445297241211
2026-07-01 19:00:00-04:00,gold,4047.4001148449606,4058.276085602207,-0.0024183928,0.00026518857,0.002542991,0.0027586445,0.026518857,UP,0.004112961016978568,13.616855118959567,9.368292548336717,0.221022383085499,0.0017326549225956738,0.0011485430877655745,51.72445297241211
2026-07-01 20:00:00-04:00,gold,4063.500033300079,4048.3986518142046,0.003969996,0.00024668642,0.0020663205,0.0027566773,0.024668643,UP,0.004170155010360908,13.616855118959567,9.368292548336717,0.221022383085499,0.0017326549225956738,0.0011485430877655745,51.72445297241211
2026-07-01 21:00:00-04:00,gold,4062.3996696174145,4064.434421002865,-0.00027076327,0.00022989759,0.0020389445,0.0027696488,0.02298976,UP,0.004165839201914286,13.616855118959567,9.368292548336717,0.221022383085499,0.0017326549225956738,0.0011485430877655745,51.72445297241211
2026-07-01 22:00:00-04:00,gold,4069.1996189390193,4063.2701459675445,0.0016724999,0.00021417093,0.0025262975,0.0028258513,0.021417093,UP,0.004173268776971125,13.616855118959567,9.368292548336717,0.221022383085499,0.0017326549225956738,0.0011485430877655745,51.72445297241211
2026-07-01 23:00:00-04:00,gold,4082.3001954414067,4070.0173218152195,0.0032141593,0.00020093715,0.002483821,0.0029165016,0.020093715,UP,0.004152979469331169,13.616855118959567,9.368292548336717,0.221022383085499,0.0017326549225956738,0.0011485430877655745,51.72445297241211
2026-07-02 00:00:00-04:00,gold,4073.1997295721667,4083.0674928637745,-0.0022316477,0.0001879176,0.0026433743,0.0030028091,0.01879176,UP,0.004156095798582491,13.616855118959567,9.368292548336717,0.221022383085499,0.0017326549225956738,0.0011485430877655745,51.72445297241211
2026-07-02 01:00:00-04:00,gold,4078.199796187546,4073.9287816437136,0.0012267834,0.0001789388,0.0025853463,0.0031275593,0.01789388,UP,0.004156619028518972,13.616855118959567,9.368292548336717,0.221022383085499,0.0017326549225956738,0.0011485430877655745,51.72445297241211
2026-07-02 02:00:00-04:00,gold,4086.199702763144,4078.9194669637363,0.001959728,0.00017639008,0.0023484933,0.0032528248,0.017639007,UP,0.00414235704305394,13.616855118959567,9.368292548336717,0.221022383085499,0.0017326549225956738,0.0011485430877655745,51.72445297241211
2026-07-02 03:00:00-04:00,gold,4076.5999283030396,4086.8921387351293,-0.0023520992,0.00016941491,0.006117872,0.0033412469,0.016941492,UP,0.00414668144950636,13.616855118959567,9.368292548336717,0.221022383085499,0.0017326549225956738,0.0011485430877655745,51.72445297241211
2026-07-02 04:00:00-04:00,gold,4089.1001820220845,4077.2649027029984,0.003061589,0.0001630958,0.006187733,0.0033806195,0.01630958,UP,0.004041955286333572,13.616855118959567,9.368292548336717,0.221022383085499,0.0017326549225956738,0.0011485430877655745,51.72445297241211
2026-07-02 05:00:00-04:00,gold,4077.5999715919606,4089.757192007499,-0.0028163167,0.00016064658,0.0059857573,0.0033439756,0.016064659,UP,0.004095245440189451,13.616855118959567,9.368292548336717,0.221022383085499,0.0017326549225956738,0.0011485430877655745,51.72445297241211
2026-07-02 06:00:00-04:00,gold,4078.5999802828883,4078.26069099101,0.00024521223,0.00016190324,0.0060318927,0.0032673706,0.016190324,UP,0.004095266204837193,13.616855118959567,9.368292548336717,0.221022383085499,0.0017326549225956738,0.0011485430877655745,51.72445297241211
2026-07-02 07:00:00-04:00,gold,4077.4998111699824,4079.2822461053147,-0.0002697607,0.00016721516,0.0064031463,0.0031225183,0.016721515,UP,0.004087929031821809,13.616855118959567,9.368292548336717,0.221022383085499,0.0017326549225956738,0.0011485430877655745,51.72445297241211
2026-07-02 08:00:00-04:00,gold,4130.499769449234,4078.2135593891144,0.01291441,0.00017492173,0.0030853923,0.002952109,0.017492173,UP,0.0046490315635110465,13.616855118959567,9.368292548336717,0.221022383085499,0.0017326549225956738,0.0011485430877655745,51.72445297241211
2026-07-02 09:00:00-04:00,gold,4149.7998740673065,4131.321805536747,0.004661628,0.00019887721,0.0027975182,0.0028924795,0.019887721,UP,0.004681207789296418,13.616855118959567,9.368292548336717,0.221022383085499,0.0017326549225956738,0.0011485430877655745,51.72445297241211
2026-07-02 10:00:00-04:00,gold,4141.900025238865,4150.7491237908835,-0.0019054969,0.00022872395,0.0027114153,0.0028613014,0.022872394,UP,0.004718664226600995,13.616855118959567,9.368292548336717,0.221022383085499,0.0017326549225956738,0.0011485430877655745,51.72445297241211
2026-07-02 11:00:00-04:00,gold,4141.399730610719,4142.983690057474,-0.000120724835,0.00026157874,0.0027316026,0.0028522466,0.026157875,UP,0.004717281225799259,13.616855118959567,9.368292548336717,0.221022383085499,0.0017326549225956738,0.0011485430877655745,51.72445297241211
2026-07-02 12:00:00-04:00,gold,4131.2001979372,4142.620805973827,-0.0024659024,0.00029472896,0.0024451346,0.0028212548,0.029472897,UP,0.004758970933623466,13.616855118959567,9.368292548336717,0.221022383085499,0.0017326549225956738,0.0011485430877655745,51.72445297241211
2026-07-02 13:00:00-04:00,gold,4119.499916286441,4132.503290619468,-0.0028361722,0.00031531602,0.001730872,0.0028349883,0.031531602,UP,0.00478936474112733,13.616855118959567,9.368292548336717,0.221022383085499,0.0017326549225956738,0.0011485430877655745,51.72445297241211
2026-07-02 14:00:00-04:00,gold,4135.899705708027,4120.848513007164,0.0039731385,0.0003273877,0.00218652,0.0028742594,0.03273877,UP,0.004637471078872322,13.616855118959567,9.368292548336717,0.221022383085499,0.0017326549225956738,0.0011485430877655745,51.72445297241211
2026-07-02 15:00:00-04:00,gold,4133.999981609144,4137.260193327733,-0.00045947407,0.00032884744,0.0036293112,0.0028865205,0.032884743,UP,0.004618754947791785,13.616855118959567,9.368292548336717,0.221022383085499,0.0017326549225956738,0.0011485430877655745,51.72445297241211
2026-07-02 16:00:00-04:00,gold,4135.500117301941,4135.313834667206,0.0003627789,0.0003177515,0.0036136124,0.0028699453,0.03177515,UP,0.0035104547516024423,13.616855118959567,9.368292548336717,0.221022383085499,0.0017326549225956738,0.0011485430877655745,51.72445297241211
2026-07-02 18:00:00-04:00,gold,4137.099752604961,4136.7295171022415,0.00038684276,0.0002972297,0.004147589,0.002808798,0.02972297,UP,0.0035084651591917753,13.616855118959567,9.368292548336717,0.221022383085499,0.0017326549225956738,0.0011485430877655745,51.72445297241211
2026-07-02 19:00:00-04:00,gold,4139.200061346986,4138.217152085446,0.0005074967,0.00026998328,0.004000885,0.0027655945,0.026998328,UP,0.003450774377532369,13.616855118959567,9.368292548336717,0.221022383085499,0.0017326549225956738,0.0011485430877655745,51.72445297241211
2026-07-02 20:00:00-04:00,gold,4159.999797085882,4140.200873612892,0.0050124945,0.00024175193,0.0041452404,0.002741431,0.024175193,UP,0.0035095368382499995,13.616855118959567,9.368292548336717,0.221022383085499,0.0017326549225956738,0.0011485430877655745,51.72445297241211
2026-07-02 21:00:00-04:00,gold,4194.899711608887,4160.884704589844,0.008354405,0.00021262182,0.0018539588,0.0027469294,0.021262182,UP,0.0037748621254583416,13.616855118959567,9.368292548336717,0.221022383085499,0.0017326549225956738,0.0011485430877655745,51.72445297241211
2026-07-02 22:00:00-04:00,gold,4196.799672213674,4195.70551678451,0.00045280514,0.00019194421,0.0020030786,0.002804081,0.019194422,UP,0.003748095593037308,13.616855118959567,9.368292548336717,0.221022383085499,0.0017326549225956738,0.0011485430877655745,51.72445297241211
2026-07-02 23:00:00-04:00,gold,4188.49986877921,4197.53974472417,-0.001979609,0.00017617221,0.0022957767,0.0028819463,0.01761722,UP,0.003569429674158867,13.616855118959567,9.368292548336717,0.221022383085499,0.0017326549225956738,0.0011485430877655745,51.72445297241211
2026-07-05 18:00:00-04:00,gold,4200.100425302982,4189.19004380703,0.0027656832,0.00016469657,0.0017018708,0.0029946286,0.016469657,UP,0.003535351372153361,13.616855118959567,9.368292548336717,0.221022383085499,0.0017326549225956738,0.0011485430877655745,51.72445297241211
2026-07-05 19:00:00-04:00,gold,4195.199835341482,4200.757004180923,-0.0011672965,0.00015636455,0.0017046151,0.00312203,0.015636455,UP,0.0035444715831671907,13.616855118959567,9.368292548336717,0.221022383085499,0.0017326549225956738,0.0011485430877655745,51.72445297241211
2026-07-05 20:00:00-04:00,gold,4191.599926208728,4195.841332274722,-0.0008585152,0.000152761,0.0018477457,0.0032421341,0.0152761005,UP,0.0035020327584973482,13.616855118959567,9.368292548336717,0.221022383085499,0.0017326549225956738,0.0011485430877655745,51.72445297241211
2026-07-05 21:00:00-04:00,gold,4198.100404461671,4192.225194421073,0.0015495192,0.00014919252,0.001432411,0.0033159216,0.014919252,UP,0.003462828034749901,13.616855118959567,9.368292548336717,0.221022383085499,0.0017326549225956738,0.0011485430877655745,51.72445297241211
2026-07-05 22:00:00-04:00,gold,4185.49995407954,4198.712651553098,-0.003005894,0.00014590033,0.0024511172,0.0033091437,0.014590032,UP,0.0035350348075716053,13.616855118959567,9.368292548336717,0.221022383085499,0.0017326549225956738,0.0011485430877655745,51.72445297241211
2026-07-05 23:00:00-04:00,gold,4177.000129073858,4186.116702795029,-0.0020328856,0.00014738453,0.0027137836,0.00319387,0.014738454,UP,0.0035752194470642477,13.616855118959567,9.368292548336717,0.221022383085499,0.0017326549225956738,0.0011485430877655745,51.72445297241211
2026-07-06 00:00:00-04:00,gold,4171.5002835989,4177.637359619141,-0.0013176021,0.00015254616,0.002725885,0.0030300035,0.015254616,UP,0.003568703232621797,13.616855118959567,9.368292548336717,0.221022383085499,0.0017326549225956738,0.0011485430877655745,51.72445297241211
2026-07-06 01:00:00-04:00,gold,4159.7002547085285,4172.192215919495,-0.00283268,0.00016586231,0.002834803,0.0028444629,0.016586231,UP,0.003587456366180468,13.616855118959567,9.368292548336717,0.221022383085499,0.0017326549225956738,0.0011485430877655745,51.72445297241211
2026-07-06 02:00:00-04:00,gold,4161.899896391202,4160.466322040767,0.00052867405,0.00018419395,0.002837256,0.0026825662,0.018419396,UP,0.003586227682168495,13.616855118959567,9.368292548336717,0.221022383085499,0.0017326549225956738,0.0011485430877655745,51.72445297241211
2026-07-06 03:00:00-04:00,gold,4175.700452766847,4162.744823877059,0.0033103784,0.00020308103,0.0027191308,0.002572334,0.020308103,UP,0.0036113044185731857,13.616855118959567,9.368292548336717,0.221022383085499,0.0017326549225956738,0.0011485430877655745,51.72445297241211
2026-07-06 04:00:00-04:00,gold,4161.799625879037,4176.62905699783,-0.0033344296,0.00022235163,0.002475962,0.0025110235,0.022235163,UP,0.003644371298775622,13.616855118959567,9.368292548336717,0.221022383085499,0.0017326549225956738,0.0011485430877655745,51.72445297241211
2026-07-06 05:00:00-04:00,gold,4155.500254986284,4162.808427214972,-0.001514868,0.00024225222,0.0024110088,0.0024937836,0.024225222,UP,0.0036375826068926137,13.616855118959567,9.368292548336717,0.221022383085499,0.0017326549225956738,0.0011485430877655745,51.72445297241211
2026-07-06 06:00:00-04:00,gold,4167.3998790979385,4156.5709990262985,0.0028595587,0.0002577065,0.002247286,0.0025029578,0.02577065,UP,0.00360448163353098,13.616855118959567,9.368292548336717,0.221022383085499,0.0017326549225956738,0.0011485430877655745,51.72445297241211
2026-07-06 07:00:00-04:00,gold,4167.39990234375,4168.500795147847,7.275958e-12,0.0002640953,0.0024327997,0.0025194092,0.02640953,UP,0.003605902952185897,13.616855118959567,9.368292548336717,0.221022383085499,0.0017326549225956738,0.0011485430877655745,51.72445297241211
2026-07-06 08:00:00-04:00,gold,4151.3996972257155,4168.486884949962,-0.0038467136,0.00026077166,0.001184633,0.00253291,0.026077166,UP,0.003697569401943111,13.616855118959567,9.368292548336717,0.221022383085499,0.0017326549225956738,0.0011485430877655745,51.72445297241211
2026-07-06 09:00:00-04:00,gold,4152.999866948638,4152.433718013286,0.00038536143,0.0002490121,0.0011499154,0.00257029,0.024901211,UP,0.002862695173345172,13.616855118959567,9.368292548336717,0.221022383085499,0.0017326549225956738,0.0011485430877655745,51.72445297241211
2026-07-06 10:00:00-04:00,gold,4150.200344204903,4153.954011797905,-0.00067439175,0.00022964217,0.0009283432,0.002622801,0.022964217,UP,0.002737377099388376,13.616855118959567,9.368292548336717,0.221022383085499,0.0017326549225956738,0.0011485430877655745,51.72445297241211
2026-07-06 11:00:00-04:00,gold,4159.900115135824,4151.065994541859,0.0023344392,0.00020851233,0.0010872536,0.0026733454,0.020851232,UP,0.002744804983097567,13.616855118959567,9.368292548336717,0.221022383085499,0.0017326549225956738,0.0011485430877655745,51.72445297241211
2026-07-06 12:00:00-04:00,gold,4166.900008561788,4160.682926409936,0.0016813186,0.00018829977,0.0020629407,0.0027262801,0.018829977,UP,0.0027584276227916246,13.616855118959567,9.368292548336717,0.221022383085499,0.0017326549225956738,0.0011485430877655745,51.72445297241211
2026-07-06 13:00:00-04:00,gold,4172.899445655406,4167.6037732555415,0.0014388837,0.00016889817,0.0021597692,0.0028072223,0.016889818,UP,0.002719867845018863,13.616855118959567,9.368292548336717,0.221022383085499,0.0017326549225956738,0.0011485430877655745,51.72445297241211
2026-07-06 14:00:00-04:00,gold,4175.799529258104,4173.527682265849,0.00069469557,0.00015050356,0.0023464963,0.0028836494,0.015050356,UP,0.002653512822031602,13.616855118959567,9.368292548336717,0.221022383085499,0.0017326549225956738,0.0011485430877655745,51.72445297241211
2026-07-06 15:00:00-04:00,gold,4175.50013262243,4176.360818669782,-7.179833e-05,0.0001342925,0.0023051833,0.0029238537,0.01342925,UP,0.002569701873708824,13.616855118959567,9.368292548336717,0.221022383085499,0.0017326549225956738,0.0011485430877655745,51.72445297241211
2026-07-06 16:00:00-04:00,gold,4187.299860358238,4176.002238214016,0.0028219766,0.00012029271,0.00084939296,0.0028911806,0.012029271,UP,0.002605065124178913,13.616855118959567,9.368292548336717,0.221022383085499,0.0017326549225956738,0.0011485430877655745,51.72445297241211
2026-07-06 18:00:00-04:00,gold,4175.899873621529,4187.757039859425,-0.0027262077,0.0001091901,0.0007156829,0.0028154613,0.01091901,UP,0.0026679667500230193,13.616855118959567,9.368292548336717,0.221022383085499,0.0017326549225956738,0.0011485430877655745,51.72445297241211
2026-07-06 19:00:00-04:00,gold,4168.700382192415,4176.353403664951,-0.0017255971,0.00010850271,0.00076345407,0.002728987,0.010850271,UP,0.0026940582608145063,13.616855118959567,9.368292548336717,0.221022383085499,0.0017326549225956738,0.0011485430877655745,51.72445297241211
2026-07-06 20:00:00-04:00,gold,4157.200326535734,4169.16185980814,-0.0027624657,0.00011073319,0.0003940316,0.0026190681,0.011073319,UP,0.002749027526306502,13.616855118959567,9.368292548336717,0.221022383085499,0.0017326549225956738,0.0011485430877655745,51.72445297241211
2026-07-06 21:00:00-04:00,gold,4153.899901068129,4157.668019888923,-0.0007941892,0.0001124983,0.0012607444,0.0025318994,0.01124983,UP,0.002593981404584513,13.616855118959567,9.368292548336717,0.221022383085499,0.0017326549225956738,0.0011485430877655745,51.72445297241211
2026-07-06 22:00:00-04:00,gold,4147.89976440469,4154.376268828637,-0.0014454699,0.000114585266,0.0012574007,0.0024728035,0.011458526,UP,0.002057083221880721,13.616855118959567,9.368292548336717,0.221022383085499,0.0017326549225956738,0.0011485430877655745,51.72445297241211
2026-07-06 23:00:00-04:00,gold,4141.799895388453,4148.374097348016,-0.0014717297,0.00011436864,0.0011943826,0.0024058651,0.011436864,UP,0.0020604129638806964,13.616855118959567,9.368292548336717,0.221022383085499,0.0017326549225956738,0.0011485430877655745,51.72445297241211
2026-07-07 00:00:00-04:00,gold,4137.600043637911,4142.265896202996,-0.0010144955,0.00011255914,0.0012554824,0.002330566,0.011255913,UP,0.002043013412727836,13.616855118959567,9.368292548336717,0.221022383085499,0.0017326549225956738,0.0011485430877655745,51.72445297241211
2026-07-07 01:00:00-04:00,gold,4135.2002366453235,4138.073115169245,-0.0005801911,0.00011430972,0.0012115738,0.0022174364,0.011430971,UP,0.001953063710212092,13.616855118959567,9.368292548336717,0.221022383085499,0.0017326549225956738,0.0011485430877655745,51.72445297241211
2026-07-07 02:00:00-04:00,gold,4141.69979746046,4135.708924126811,0.0015706366,0.00012309164,0.0024193353,0.0021460387,0.012309164,UP,0.0019853886639935267,13.616855118959567,9.368292548336717,0.221022383085499,0.0017326549225956738,0.0011485430877655745,51.72445297241211
2026-07-07 03:00:00-04:00,gold,4135.7996383864665,4142.22009209462,-0.0014256457,0.00012548346,0.0020355699,0.0021179582,0.012548346,UP,0.0019923239596183404,13.616855118959567,9.368292548336717,0.221022383085499,0.0017326549225956738,0.0011485430877655745,51.72445297241211
2026-07-07 04:00:00-04:00,gold,4137.099913607235,4136.329807375674,0.00031434998,0.00012809457,0.003251327,0.0020968495,0.012809457,UP,0.001962184271876961,13.616855118959567,9.368292548336717,0.221022383085499,0.0017326549225956738,0.0011485430877655745,51.72445297241211
2026-07-07 05:00:00-04:00,gold,4142.400311320962,4137.637171507638,0.0012802236,0.00012968968,0.0034897155,0.0020888401,0.012968968,UP,0.001928356012312468,13.616855118959567,9.368292548336717,0.221022383085499,0.0017326549225956738,0.0011485430877655745,51.72445297241211
2026-07-07 06:00:00-04:00,gold,4147.1000101888785,4142.946552835929,0.0011340119,0.00013187027,0.004064678,0.0020731736,0.013187027,UP,0.0019194104331415798,13.616855118959567,9.368292548336717,0.221022383085499,0.0017326549225956738,0.0011485430877655745,51.72445297241211
2026-07-07 07:00:00-04:00,gold,4168.599878805515,4147.638964069658,0.0051709525,0.0001299566,0.003171727,0.0020672968,0.01299566,UP,0.0021468890387423604,13.616855118959567,9.368292548336717,0.221022383085499,0.0017326549225956738,0.0011485430877655745,51.72445297241211
2026-07-07 08:00:00-04:00,gold,4184.1000239427085,4169.137285316654,0.003711379,0.00012884983,0.0021799575,0.0020645515,0.012884983,UP,0.002184069553489588,13.616855118959567,9.368292548336717,0.221022383085499,0.0017326549225956738,0.0011485430877655745,51.72445297241211
2026-07-07 09:00:00-04:00,gold,4170.00023345821,4184.644769347506,-0.0033756145,0.0001301308,0.0024250536,0.0020615167,0.01301308,UP,0.002277649851537446,13.616855118959567,9.368292548336717,0.221022383085499,0.0017326549225956738,0.0011485430877655745,51.72445297241211
2026-07-07 10:00:00-04:00,gold,4165.000140666962,4170.563714504242,-0.0011997601,0.00013517865,0.0025084638,0.002060479,0.013517865,UP,0.0022035561743933268,13.616855118959567,9.368292548336717,0.221022383085499,0.0017326549225956738,0.0011485430877655745,51.72445297241211
2026-07-07 11:00:00-04:00,gold,4150.09983420372,4165.591339468956,-0.0035838215,0.0001418289,0.002343856,0.0020496694,0.01418289,UP,0.0022166078239299228,13.616855118959567,9.368292548336717,0.221022383085499,0.0017326549225956738,0.0011485430877655745,51.72445297241211
2026-07-07 12:00:00-04:00,gold,4156.599866757751,4150.705647768918,0.001565002,0.00014587179,0.0015547394,0.002053375,0.014587179,UP,0.0022197860978457034,13.616855118959567,9.368292548336717,0.221022383085499,0.0017326549225956738,0.0011485430877655745,51.72445297241211
2026-07-07 13:00:00-04:00,gold,4155.899700851674,4157.221956863708,-0.00016846805,0.0001496419,0.0015540841,0.0020440395,0.01496419,UP,0.002153468951165318,13.616855118959567,9.368292548336717,0.221022383085499,0.0017326549225956738,0.0011485430877655745,51.72445297241211
2026-07-07 14:00:00-04:00,gold,4138.000062296196,4156.538996562245,-0.0043164087,0.00015366118,0.0025137898,0.002023971,0.015366118,UP,0.002286724010613027,13.616855118959567,9.368292548336717,0.221022383085499,0.0017326549225956738,0.0011485430877655745,51.72445297241211
2026-07-07 15:00:00-04:00,gold,4125.100271105766,4138.64324760437,-0.0031222936,0.00015540811,0.0021362738,0.0020179248,0.015540811,UP,0.002250989680459733,13.616855118959567,9.368292548336717,0.221022383085499,0.0017326549225956738,0.0011485430877655745,51.72445297241211
2026-07-07 16:00:00-04:00,gold,4116.6001945509925,4125.750191489351,-0.0020626818,0.00015752386,0.0018499992,0.0020297398,0.015752386,UP,0.0022728937540226917,13.616855118959567,9.368292548336717,0.221022383085499,0.0017326549225956738,0.0011485430877655745,51.72445297241211
2026-07-07 18:00:00-04:00,gold,4109.499869762309,4117.285166470567,-0.001726237,0.00016637435,0.0015070797,0.0019264393,0.016637435,UP,0.002287051705332599,13.616855118959567,9.368292548336717,0.221022383085499,0.0017326549225956738,0.0011485430877655745,51.72445297241211
2026-07-07 19:00:00-04:00,gold,4108.799701422453,4110.179968118668,-0.00017039906,0.00016542652,0.0013775706,0.0018511771,0.016542653,UP,0.002231514893241366,13.616855118959567,9.368292548336717,0.221022383085499,0.0017326549225956738,0.0011485430877655745,51.72445297241211
2026-07-07 20:00:00-04:00,gold,4122.4997094317805,4109.46790157957,0.0033288081,0.00016258605,0.00079800154,0.0018059732,0.016258605,UP,0.0023041059117055044,13.616855118959567,9.368292548336717,0.221022383085499,0.0017326549225956738,0.0011485430877655745,51.72445297241211
2026-07-07 21:00:00-04:00,gold,4122.2997380793095,4123.159512877464,-4.8562804e-05,0.0001600403,0.0011316899,0.0017888765,0.01600403,UP,0.0022800344240031106,13.616855118959567,9.368292548336717,0.221022383085499,0.0017326549225956738,0.0011485430877655745,51.72445297241211
2026-07-07 22:00:00-04:00,gold,4124.9996465595905,4122.9494572093245,0.0006548071,0.00015758234,0.0012206467,0.0017898455,0.015758235,UP,0.002279382536239811,13.616855118959567,9.368292548336717,0.221022383085499,0.0017326549225956738,0.0011485430877655745,51.72445297241211
2026-07-07 23:00:00-04:00,gold,4133.699834346771,4125.6323754787445,0.0021069173,0.00015330693,0.007103204,0.0018204284,0.015330693,UP,0.0023247174986627617,13.616855118959567,9.368292548336717,0.221022383085499,0.0017326549225956738,0.0011485430877655745,51.72445297241211
2026-07-08 00:00:00-04:00,gold,4135.89994498156,4134.289554766845,0.0005319984,0.00014256038,0.006789297,0.0018812168,0.014256039,UP,0.00225388877198646,13.616855118959567,9.368292548336717,0.221022383085499,0.0017326549225956738,0.0011485430877655745,51.72445297241211
2026-07-08 01:00:00-04:00,gold,4138.499690077908,4136.4343551986385,0.00062846794,0.0001292094,0.007134913,0.0019539765,0.012920939,UP,0.0022180426544658113,13.616855118959567,9.368292548336717,0.221022383085499,0.0017326549225956738,0.0011485430877655745,51.72445297241211
2026-07-08 02:00:00-04:00,gold,4133.999929457903,4138.969666957855,-0.001087942,0.000113418864,0.0075917696,0.002037126,0.011341887,UP,0.002206938649265437,13.616855118959567,9.368292548336717,0.221022383085499,0.0017326549225956738,0.0011485430877655745,51.72445297241211
2026-07-08 03:00:00-04:00,gold,4132.000172138214,4134.406076431274,-0.00048391,9.81702e-05,0.007964118,0.0021207654,0.00981702,UP,0.002157224805457119,13.616855118959567,9.368292548336717,0.221022383085499,0.0017326549225956738,0.0011485430877655745,51.72445297241211
2026-07-08 04:00:00-04:00,gold,4066.800357103348,4132.405387401581,-0.01590509,9.811374e-05,0.0025874209,0.002195816,0.009811374,UP,0.0035710443899269087,13.616855118959567,9.368292548336717,0.221022383085499,0.0017326549225956738,0.0011485430877655745,51.72445297241211
2026-07-08 05:00:00-04:00,gold,4053.0998334908654,4067.206311516871,-0.0033744166,9.985136e-05,0.00423404,0.0023955235,0.009985136,UP,0.0036020262982551267,13.616855118959567,9.368292548336717,0.221022383085499,0.0017326549225956738,0.0011485430877655745,51.72445297241211
2026-07-08 06:00:00-04:00,gold,4062.900177631469,4053.5049917557044,0.002414936,9.987077e-05,0.004037736,0.0026252083,0.009987077,UP,0.00364542477705681,13.616855118959567,9.368292548336717,0.221022383085499,0.0017326549225956738,0.0011485430877655745,51.72445297241211
2026-07-08 07:00:00-04:00,gold,4072.30036833341,4063.3479125988088,0.0023109822,0.00011015071,0.0054324092,0.002800134,0.011015071,UP,0.003683901042998306,13.616855118959567,9.368292548336717,0.221022383085499,0.0017326549225956738,0.0011485430877655745,51.72445297241211
2026-07-08 08:00:00-04:00,gold,4082.8999804933264,4072.79035938374,0.0025995339,0.000120328696,0.0052722436,0.0029055732,0.012032869,UP,0.0037277913308639025,13.616855118959567,9.368292548336717,0.221022383085499,0.0017326549225956738,0.0011485430877655745,51.72445297241211
2026-07-08 09:00:00-04:00,gold,4081.600117660855,4083.449408768385,-0.000318404,0.00013450757,0.0056677787,0.0029252917,0.013450758,UP,0.0037089352899337164,13.616855118959567,9.368292548336717,0.221022383085499,0.0017326549225956738,0.0011485430877655745,51.72445297241211
2026-07-08 10:00:00-04:00,gold,4051.7999592326814,4082.241876426793,-0.0073278532,0.00015726121,0.00386591,0.0028902115,0.015726121,UP,0.003910235487378779,13.616855118959567,9.368292548336717,0.221022383085499,0.0017326549225956738,0.0011485430877655745,51.72445297241211
2026-07-08 11:00:00-04:00,gold,4044.099868252466,4052.572385344276,-0.0019021858,0.00019054225,0.003635739,0.0029146846,0.019054225,UP,0.003911792988221962,13.616855118959567,9.368292548336717,0.221022383085499,0.0017326549225956738,0.0011485430877655745,51.72445297241211
2026-07-08 12:00:00-04:00,gold,4073.900274686399,4044.9982393362443,0.0073416946,0.00022210559,0.0021913385,0.002892467,0.022210559,UP,0.004170158123209945,13.616855118959567,9.368292548336717,0.221022383085499,0.0017326549225956738,0.0011485430877655745,51.72445297241211
2026-07-08 13:00:00-04:00,gold,4076.4000116225798,4074.9178178543225,0.00061347435,0.00024976677,0.0022073016,0.002864187,0.024976678,UP,0.004163992783905612,13.616855118959567,9.368292548336717,0.221022383085499,0.0017326549225956738,0.0011485430877655745,51.72445297241211
2026-07-08 14:00:00-04:00,gold,4094.099953418132,4077.49813744775,0.0043327147,0.00026933776,0.00041078287,0.0028540017,0.026933776,UP,0.004126566961640678,13.616855118959567,9.368292548336717,0.221022383085499,0.0017326549225956738,0.0011485430877655745,51.72445297241211
2026-07-08 15:00:00-04:00,gold,4090.199808009813,4095.232872763474,-0.0009530801,0.00027658898,0.00035678985,0.0028254339,0.027658898,UP,0.004045628804103743,13.616855118959567,9.368292548336717,0.221022383085499,0.0017326549225956738,0.0011485430877655745,51.72445297241211
2026-07-08 16:00:00-04:00,gold,4086.6000754547713,4091.3292092188494,-0.0008805043,0.00027605958,0.0007841682,0.0027717242,0.027605958,UP,0.004015420161373297,13.616855118959567,9.368292548336717,0.221022383085499,0.0017326549225956738,0.0011485430877655745,51.72445297241211
2026-07-08 18:00:00-04:00,gold,4085.699824693147,4087.689388968749,-0.00022029207,0.00026653687,0.00076326187,0.0027249495,0.026653687,UP,0.004014910739528813,13.616855118959567,9.368292548336717,0.221022383085499,0.0017326549225956738,0.0011485430877655745,51.72445297241211
2026-07-08 19:00:00-04:00,gold,4085.600105227233,4086.7159445402795,-2.444005e-05,0.00024866054,0.0008668369,0.0026685554,0.024866054,UP,0.003977279876635459,13.616855118959567,9.368292548336717,0.221022383085499,0.0017326549225956738,0.0011485430877655745,51.72445297241211
2026-07-08 20:00:00-04:00,gold,4082.8000961588114,4086.5264505607774,-0.0006855808,0.00022662527,0.0023531138,0.0026095763,0.022662528,UP,0.003957862329151943,13.616855118959567,9.368292548336717,0.221022383085499,0.0017326549225956738,0.0011485430877655745,51.72445297241211
2026-07-08 21:00:00-04:00,gold,4081.7998645186017,4083.6337791065744,-0.00024495993,0.00020407591,0.0034891095,0.0025610118,0.020407591,UP,0.00395760650273193,13.616855118959567,9.368292548336717,0.221022383085499,0.0017326549225956738,0.0011485430877655745,51.72445297241211
2026-07-08 22:00:00-04:00,gold,4073.8000475641747,4082.5411230891186,-0.0019618426,0.00018147685,0.0030413477,0.0025444475,0.018147685,UP,0.0039044710882134366,13.616855118959567,9.368292548336717,0.221022383085499,0.0017326549225956738,0.0011485430877655745,51.72445297241211
2026-07-08 23:00:00-04:00,gold,4072.1003269945504,4074.44982820336,-0.0004173759,0.00015950456,0.002957727,0.0025482466,0.015950456,UP,0.003873377995899188,13.616855118959567,9.368292548336717,0.221022383085499,0.0017326549225956738,0.0011485430877655745,51.72445297241211
2026-07-09 00:00:00-04:00,gold,4073.7000820543617,4072.6913540266687,0.00039280453,0.00014518417,0.003126486,0.002577605,0.0145184165,UP,0.0038635134022844877,13.616855118959567,9.368292548336717,0.221022383085499,0.0017326549225956738,0.0011485430877655745,51.72445297241211
2026-07-09 01:00:00-04:00,gold,4091.399448170705,4074.2555037431885,0.0043355203,0.00013637412,0.0032238674,0.002617898,0.013637411,UP,0.0039466319844532124,13.616855118959567,9.368292548336717,0.221022383085499,0.0017326549225956738,0.0011485430877655745,51.72445297241211
2026-07-09 02:00:00-04:00,gold,4117.700409929035,4091.9388471713173,0.006407616,0.00013179863,0.0016240341,0.0026397682,0.013179863,UP,0.004124711969394575,13.616855118959567,9.368292548336717,0.221022383085499,0.0017326549225956738,0.0011485430877655745,51.72445297241211
2026-07-09 03:00:00-04:00,gold,4117.899978635251,4118.242604579427,4.8498478e-05,0.00013172318,0.001629255,0.0026406192,0.013172318,UP,0.004078696011120654,13.616855118959567,9.368292548336717,0.221022383085499,0.0017326549225956738,0.0011485430877655745,51.72445297241211
2026-07-09 04:00:00-04:00,gold,4117.89990234375,4118.454119323462,7.275958e-12,0.00013447343,0.0022304794,0.002618591,0.013447343,UP,0.004078697671919058,13.616855118959567,9.368292548336717,0.221022383085499,0.0017326549225956738,0.0011485430877655745,51.72445297241211
2026-07-09 05:00:00-04:00,gold,4115.700215642166,4118.477682135708,-0.0005343245,0.00014030893,0.0021335375,0.0025744592,0.014030892,UP,0.004077614148368898,13.616855118959567,9.368292548336717,0.221022383085499,0.0017326549225956738,0.0011485430877655745,51.72445297241211
2026-07-09 06:00:00-04:00,gold,4107.999762229272,4116.3080855062,-0.0018726843,0.00014766198,0.0016382099,0.0025253966,0.014766198,UP,0.004069103477076929,13.616855118959567,9.368292548336717,0.221022383085499,0.0017326549225956738,0.0011485430877655745,51.72445297241211
2026-07-09 07:00:00-04:00,gold,4118.70020198822,4108.647888660431,0.002601335,0.00015770723,0.0015267027,0.002489592,0.015770722,UP,0.004099440729423057,13.616855118959567,9.368292548336717,0.221022383085499,0.0017326549225956738,0.0011485430877655745,51.72445297241211
2026-07-09 08:00:00-04:00,gold,4117.7000541331945,4119.376775845187,-0.00024282452,0.00016430768,0.0014287439,0.0024591188,0.01643077,UP,0.004096960857460583,13.616855118959567,9.368292548336717,0.221022383085499,0.0017326549225956738,0.0011485430877655745,51.72445297241211
2026-07-09 09:00:00-04:00,gold,4131.700244816602,4118.428643594962,0.0033941893,0.00017682223,0.0018608709,0.0024420698,0.017682223,UP,0.004143577383411573,13.616855118959567,9.368292548336717,0.221022383085499,0.0017326549225956738,0.0011485430877655745,51.72445297241211
2026-07-09 10:00:00-04:00,gold,4137.299848976196,4132.492194880731,0.0013543622,0.0001915945,0.0017382557,0.002429014,0.019159451,UP,0.004149928623641086,13.616855118959567,9.368292548336717,0.221022383085499,0.0017326549225956738,0.0011485430877655745,51.72445297241211
2026-07-09 11:00:00-04:00,gold,4136.39995294885,4138.161433071946,-0.00021753323,0.00020823709,0.0017430638,0.002418491,0.02082371,UP,0.0028817786756736453,13.616855118959567,9.368292548336717,0.221022383085499,0.0017326549225956738,0.0011485430877655745,51.72445297241211
2026-07-09 12:00:00-04:00,gold,4137.700199907122,4137.309173753252,0.0003143044,0.00021968462,0.0017220117,0.0023846817,0.021968462,UP,0.0027850323230278716,13.616855118959567,9.368292548336717,0.221022383085499,0.0017326549225956738,0.0011485430877655745,51.72445297241211
2026-07-09 13:00:00-04:00,gold,4146.100281992694,4138.639347692952,0.0020280317,0.00022700502,0.0012654933,0.0023557902,0.022700502,UP,0.0027776391607874634,13.616855118959567,9.368292548336717,0.221022383085499,0.0017326549225956738,0.0011485430877655745,51.72445297241211
2026-07-09 14:00:00-04:00,gold,4134.499717433209,4147.067352043523,-0.0028017545,0.00023321231,0.00056183786,0.0023399065,0.023321232,UP,0.0028302261099651285,13.616855118959567,9.368292548336717,0.221022383085499,0.0017326549225956738,0.0011485430877655745,51.72445297241211
2026-07-09 15:00:00-04:00,gold,4132.399877488613,4135.475391328335,-0.00050807383,0.00023579667,0.0011323619,0.002337988,0.023579668,UP,0.0028077727874707597,13.616855118959567,9.368292548336717,0.221022383085499,0.0017326549225956738,0.0011485430877655745,51.72445297241211
2026-07-09 16:00:00-04:00,gold,4132.600398869545,4133.370857263508,4.844412e-05,0.00023487,0.0017043999,0.0023376169,0.023487002,UP,0.0028053092052177995,13.616855118959567,9.368292548336717,0.221022383085499,0.0017326549225956738,0.0011485430877655745,51.72445297241211
2026-07-09 18:00:00-04:00,gold,4130.700214829849,4133.55582764023,-0.00045984102,0.00023126864,0.0019700257,0.0023497131,0.023126865,UP,0.0024058255248929237,13.616855118959567,9.368292548336717,0.221022383085499,0.0017326549225956738,0.0011485430877655745,51.72445297241211
2026-07-09 19:00:00-04:00,gold,4132.599943322362,4131.606736547896,0.00045984105,0.00021948537,0.0020175918,0.0023626143,0.021948537,UP,0.002357800420321954,13.616855118959567,9.368292548336717,0.221022383085499,0.0017326549225956738,0.0011485430877655745,51.72445297241211
2026-07-09 20:00:00-04:00,gold,4135.799822525296,4133.447445889469,0.0007739604,0.00020498343,0.0019671654,0.0023756372,0.020498343,UP,0.001996766718634888,13.616855118959567,9.368292548336717,0.221022383085499,0.0017326549225956738,0.0011485430877655745,51.72445297241211
2026-07-09 21:00:00-04:00,gold,4127.099872189341,4136.570403944817,-0.002105728,0.00018621076,0.0018168548,0.0023975691,0.018621076,UP,0.002052501634221462,13.616855118959567,9.368292548336717,0.221022383085499,0.0017326549225956738,0.0011485430877655745,51.72445297241211
2026-07-09 22:00:00-04:00,gold,4137.600119863055,4127.786913840333,0.0025409285,0.00016631222,0.0008829632,0.0024385976,0.016631223,UP,0.0019579227207520357,13.616855118959567,9.368292548336717,0.221022383085499,0.0017326549225956738,0.0011485430877655745,51.72445297241211
2026-07-09 23:00:00-04:00,gold,4129.499857711344,4138.2107292319415,-0.0019595989,0.00014754415,0.0011489398,0.002480482,0.0147544155,UP,0.0019894005937513984,13.616855118959567,9.368292548336717,0.221022383085499,0.0017326549225956738,0.0011485430877655745,51.72445297241211
2026-07-10 00:00:00-04:00,gold,4123.899882316589,4130.068085074425,-0.0013570404,0.00013750052,0.0016970646,0.002525457,0.013750052,UP,0.0020011716204315073,13.616855118959567,9.368292548336717,0.221022383085499,0.0017326549225956738,0.0011485430877655745,51.72445297241211
2026-07-10 01:00:00-04:00,gold,4125.500083706633,4124.440178631863,0.0003879307,0.00013096146,0.0016508632,0.0025889105,0.013096146,UP,0.0019987477952035917,13.616855118959567,9.368292548336717,0.221022383085499,0.0017326549225956738,0.0011485430877655745,51.72445297241211
2026-07-10 02:00:00-04:00,gold,4120.59997138381,4126.014420628548,-0.001188417,0.00012468065,0.0016176858,0.0026599052,0.012468065,UP,0.0020169637936045637,13.616855118959567,9.368292548336717,0.221022383085499,0.0017326549225956738,0.0011485430877655745,51.72445297241211
2026-07-10 03:00:00-04:00,gold,4117.899895341776,4121.0854169006925,-0.00065550656,0.00011780654,0.0016142336,0.0027252054,0.011780654,UP,0.002016471929512409,13.616855118959567,9.368292548336717,0.221022383085499,0.0017326549225956738,0.0011485430877655745,51.72445297241211
2026-07-10 04:00:00-04:00,gold,4106.499673797836,4118.3569227229455,-0.0027722167,0.00011095446,0.00094550144,0.0027658923,0.011095447,UP,0.0020907058269737373,13.616855118959567,9.368292548336717,0.221022383085499,0.0017326549225956738,0.0011485430877655745,51.72445297241211
2026-07-10 05:00:00-04:00,gold,4113.70054012537,4106.9371529221535,0.0017518302,0.00010636762,0.00066427904,0.0027865812,0.010636762,UP,0.002068020588507357,13.616855118959567,9.368292548336717,0.221022383085499,0.0017326549225956738,0.0011485430877655745,51.72445297241211
2026-07-10 06:00:00-04:00,gold,4113.499870475556,4114.118989463663,-4.866669e-05,0.000101757105,0.0026081908,0.0027242012,0.010175711,UP,0.002064537942401226,13.616855118959567,9.368292548336717,0.221022383085499,0.0017326549225956738,0.0011485430877655745,51.72445297241211
2026-07-10 07:00:00-04:00,gold,4110.999861747026,4113.93936920166,-0.0006079397,0.00010674157,0.0028237528,0.002558923,0.010674157,UP,0.0020717129611728595,13.616855118959567,9.368292548336717,0.221022383085499,0.0017326549225956738,0.0011485430877655745,51.72445297241211
2026-07-10 08:00:00-04:00,gold,4109.299704253674,4111.452334046364,-0.00041365772,0.000110061475,0.0028613177,0.0023313821,0.011006148,UP,0.0019290634582300177,13.616855118959567,9.368292548336717,0.221022383085499,0.0017326549225956738,0.0011485430877655745,51.72445297241211
2026-07-10 09:00:00-04:00,gold,4108.699962900777,4109.791140997899,-0.00014592585,0.00011962306,0.0028599412,0.0021189551,0.011962306,UP,0.0015212670812012761,13.616855118959567,9.368292548336717,0.221022383085499,0.0017326549225956738,0.0011485430877655745,51.72445297241211
2026-07-10 10:00:00-04:00,gold,4101.700286764943,4109.294316928019,-0.0017051548,0.00014457587,0.002738879,0.0019298604,0.014457587,UP,0.0015498564010237022,13.616855118959567,9.368292548336717,0.221022383085499,0.0017326549225956738,0.0011485430877655745,51.72445297241211
2026-07-10 11:00:00-04:00,gold,4122.100127440528,4102.347090406227,0.0049611963,0.00015765443,0.001386215,0.0018240701,0.015765443,UP,0.001808660368701472,13.616855118959567,9.368292548336717,0.221022383085499,0.0017326549225956738,0.0011485430877655745,51.72445297241211
2026-07-10 12:00:00-04:00,gold,4113.600233740901,4122.773305551265,-0.0020641845,0.00016318346,0.0033720816,0.0017407341,0.016318345,UP,0.0018463748032962256,13.616855118959567,9.368292548336717,0.221022383085499,0.0017326549225956738,0.0011485430877655745,51.72445297241211
2026-07-10 13:00:00-04:00,gold,4109.600073337962,4114.263090530876,-0.0009728574,0.0001610493,0.0037371332,0.0017059227,0.016104931,UP,0.0018223681502610293,13.616855118959567,9.368292548336717,0.221022383085499,0.0017326549225956738,0.0011485430877655745,51.72445297241211
2026-07-10 14:00:00-04:00,gold,4109.700037767878,4110.241380039195,2.4356737e-05,0.00015598981,0.0037775594,0.0016927255,0.015598981,UP,0.001755573295931052,13.616855118959567,9.368292548336717,0.221022383085499,0.0017326549225956738,0.0011485430877655745,51.72445297241211
2026-07-10 15:00:00-04:00,gold,4116.600150293205,4110.330715197488,0.0016775229,0.00015345836,0.00345642,0.0016852538,0.015345836,UP,0.0017839357490359708,13.616855118959567,9.368292548336717,0.221022383085499,0.0017326549225956738,0.0011485430877655745,51.72445297241211
2026-07-10 16:00:00-04:00,gold,4113.700332882756,4117.228240981698,-0.00070468936,0.00015258984,0.0034468952,0.001672077,0.015258984,UP,0.0016671768292566588,13.616855118959567,9.368292548336717,0.221022383085499,0.0017326549225956738,0.0011485430877655745,51.72445297241211
2026-07-12 18:00:00-04:00,gold,4084.300257431343,4114.328386539244,-0.0071725473,0.00015266919,0.001884618,0.0016514254,0.0152669195,UP,0.0020760105929503764,13.616855118959567,9.368292548336717,0.221022383085499,0.0017326549225956738,0.0011485430877655745,51.72445297241211
2026-07-12 19:00:00-04:00,gold,4092.8999252036156,4084.926671762805,0.0021033743,0.00015342022,0.0010945277,0.0016498261,0.015342021,UP,0.002126821631407542,13.616855118959567,9.368292548336717,0.221022383085499,0.0017326549225956738,0.0011485430877655745,51.72445297241211
2026-07-12 20:00:00-04:00,gold,4082.100221051165,4093.4995458102203,-0.0026421554,0.0001465772,0.00080140145,0.0016066029,0.014657719,UP,0.0021630342515055953,13.616855118959567,9.368292548336717,0.221022383085499,0.0017326549225956738,0.0011485430877655745,51.72445297241211
2026-07-12 21:00:00-04:00,gold,4080.2000732622982,4082.710324468906,-0.00046559094,0.00014940673,0.0009799383,0.0016171428,0.014940673,UP,0.0021118030741205766,13.616855118959567,9.368292548336717,0.221022383085499,0.0017326549225956738,0.0011485430877655745,51.72445297241211
2026-07-12 22:00:00-04:00,gold,4076.79978778855,4080.8239994689648,-0.0008336159,0.000152844,0.0017554486,0.0016672851,0.0152844,UP,0.0020691399890427806,13.616855118959567,9.368292548336717,0.221022383085499,0.0017326549225956738,0.0011485430877655745,51.72445297241211
2026-07-12 23:00:00-04:00,gold,4067.399983102747,4077.4075393749517,-0.002308428,0.0001490041,0.001627993,0.0017481971,0.014900411,UP,0.0020962452455553695,13.616855118959567,9.368292548336717,0.221022383085499,0.0017326549225956738,0.0011485430877655745,51.72445297241211
2026-07-13 00:00:00-04:00,gold,4066.2999705459515,4067.963323436561,-0.0002704436,0.00013844762,0.0019409017,0.0018582762,0.013844762,UP,0.0020940382947265876,13.616855118959567,9.368292548336717,0.221022383085499,0.0017326549225956738,0.0011485430877655745,51.72445297241211
2026-07-13 01:00:00-04:00,gold,4061.8004429098073,4066.791091197665,-0.0011072699,0.00012066163,0.0021380582,0.0019909595,0.012066163,UP,0.002096546327350835,13.616855118959567,9.368292548336717,0.221022383085499,0.0017326549225956738,0.0011485430877655745,51.72445297241211
2026-07-13 02:00:00-04:00,gold,4063.00039128316,4062.2125908901216,0.00029537987,0.00010147756,0.0022295658,0.0021275498,0.010147756,UP,0.0020940043199415277,13.616855118959567,9.368292548336717,0.221022383085499,0.0017326549225956738,0.0011485430877655745,51.72445297241211
2026-07-13 03:00:00-04:00,gold,4072.799799799919,4063.383118748665,0.0024091185,9.432605e-05,0.0023236177,0.002254231,0.0094326055,UP,0.002150675693456568,13.616855118959567,9.368292548336717,0.221022383085499,0.0017326549225956738,0.0011485430877655745,51.72445297241211
2026-07-13 04:00:00-04:00,gold,4083.100262288557,4073.190888886369,0.002525792,9.5898264e-05,0.0031031747,0.0023289185,0.009589827,UP,0.002198048351407928,13.616855118959567,9.368292548336717,0.221022383085499,0.0017326549225956738,0.0011485430877655745,51.72445297241211
2026-07-13 05:00:00-04:00,gold,4076.3000481230847,4083.502634499164,-0.0016668014,9.8485805e-05,0.003958837,0.0023148984,0.009848581,UP,0.002140201830906645,13.616855118959567,9.368292548336717,0.221022383085499,0.0017326549225956738,0.0011485430877655745,51.72445297241211
2026-07-13 06:00:00-04:00,gold,4068.399995798609,4076.7179510643473,-0.0019399482,0.00010246533,0.0041701426,0.0021944,0.010246533,UP,0.0021397426474145916,13.616855118959567,9.368292548336717,0.221022383085499,0.0017326549225956738,0.0011485430877655745,51.72445297241211
2026-07-13 07:00:00-04:00,gold,4064.0000634295866,4068.881013477221,-0.0010820674,0.0001183289,0.0043644286,0.0020281686,0.01183289,UP,0.0021365144832223124,13.616855118959567,9.368292548336717,0.221022383085499,0.0017326549225956738,0.0011485430877655745,51.72445297241211
2026-07-13 08:00:00-04:00,gold,4075.1998977661133,4064.5314598083496,0.0027521031,0.00013065804,0.003545196,0.0018671298,0.013065804,UP,0.002212288116681947,13.616855118959567,9.368292548336717,0.221022383085499,0.0017326549225956738,0.0011485430877655745,51.72445297241211
2026-07-13 09:00:00-04:00,gold,4050.8999076893815,4075.7897144246963,-0.005980759,0.00014475816,0.0040162774,0.001718337,0.014475816,UP,0.0024313754548430408,13.616855118959567,9.368292548336717,0.221022383085499,0.0017326549225956738,0.0011485430877655745,51.72445297241211
2026-07-13 10:00:00-04:00,gold,4022.399820990977,4051.5349222864606,-0.0070603397,0.0001566392,0.0029465007,0.0016357221,0.01566392,UP,0.002703317780394494,13.616855118959567,9.368292548336717,0.221022383085499,0.0017326549225956738,0.0011485430877655745,51.72445297241211
2026-07-13 11:00:00-04:00,gold,4023.2999377985834,4023.0697742299526,0.0002237584,0.00016653523,0.002923381,0.0016351679,0.016653523,UP,0.0026824799600916652,13.616855118959567,9.368292548336717,0.221022383085499,0.0017326549225956738,0.0011485430877655745,51.72445297241211
2026-07-13 12:00:00-04:00,gold,4000.2998841414956,4023.975825997448,-0.005733103,0.00016791004,0.00092680263,0.0016533416,0.016791005,UP,0.0027933643410306065,13.616855118959567,9.368292548336717,0.221022383085499,0.0017326549225956738,0.0011485430877655745,51.72445297241211
2026-07-13 13:00:00-04:00,gold,4000.600478772016,4000.968147798587,7.500377e-05,0.00016702269,0.0009233096,0.00172228,0.016702268,UP,0.002794797033659771,13.616855118959567,9.368292548336717,0.221022383085499,0.0017326549225956738,0.0011485430877655745,51.72445297241211
2026-07-13 14:00:00-04:00,gold,4008.49961328716,4001.263477651577,0.0019727321,0.0001657868,0.00047828755,0.0018089399,0.01657868,UP,0.0028441895616381214,13.616855118959567,9.368292548336717,0.221022383085499,0.0017326549225956738,0.0011485430877655745,51.72445297241211
2026-07-13 15:00:00-04:00,gold,4009.299921631813,4009.163256406784,0.00019956817,0.00016543,0.00071901764,0.0018849189,0.016543,UP,0.0028495381189903583,13.616855118959567,9.368292548336717,0.221022383085499,0.0017326549225956738,0.0011485430877655745,51.72445297241211
2026-07-13 16:00:00-04:00,gold,4008.699987863147,4009.957224317448,-0.0001496876,0.00016393603,0.0006544099,0.0019238874,0.016393602,UP,0.002849507660398879,13.616855118959567,9.368292548336717,0.221022383085499,0.0017326549225956738,0.0011485430877655745,51.72445297241211
2026-07-13 18:00:00-04:00,gold,4007.3998942116305,4009.343169943604,-0.00032435943,0.00016046682,0.0004541184,0.0019185429,0.016046682,UP,0.0028458339669066475,13.616855118959567,9.368292548336717,0.221022383085499,0.0017326549225956738,0.0011485430877655745,51.72445297241211
2026-07-13 19:00:00-04:00,gold,4007.9000744459336,4008.0290586556657,0.0001247614,0.00015699092,0.00028875668,0.0019035997,0.015699092,UP,0.0026384608710307857,13.616855118959567,9.368292548336717,0.221022383085499,0.0017326549225956738,0.0011485430877655745,51.72445297241211
2026-07-13 20:00:00-04:00,gold,4011.5998221449554,4008.518626019184,0.0009227995,0.00015434428,0.0008608978,0.0018851869,0.015434428,UP,0.0026506651917756804,13.616855118959567,9.368292548336717,0.221022383085499,0.0017326549225956738,0.0011485430877655745,51.72445297241211
2026-07-13 21:00:00-04:00,gold,4016.9996796491905,4012.207915273204,0.0013451668,0.00015141565,0.0016414587,0.0018754998,0.015141564,UP,0.0026801015915312257,13.616855118959567,9.368292548336717,0.221022383085499,0.0017326549225956738,0.0011485430877655745,51.72445297241211
2026-07-13 22:00:00-04:00,gold,4019.1998999118805,4017.584692597389,0.0005475103,0.00014553979,0.0017661538,0.0018770806,0.014553979,UP,0.0026870490260381516,13.616855118959567,9.368292548336717,0.221022383085499,0.0017326549225956738,0.0011485430877655745,51.72445297241211
2026-07-13 23:00:00-04:00,gold,4022.600308186229,4019.7538207940524,0.00084561825,0.00013776732,0.0018665708,0.0018931301,0.013776732,UP,0.002665425264492671,13.616855118959567,9.368292548336717,0.221022383085499,0.0017326549225956738,0.0011485430877655745,51.72445297241211
2026-07-14 00:00:00-04:00,gold,4026.699610738142,4023.117511928722,0.0010186859,0.00012860684,0.0019458473,0.0019360617,0.012860685,UP,0.0026853060902400435,13.616855118959567,9.368292548336717,0.221022383085499,0.0017326549225956738,0.0011485430877655745,51.72445297241211
2026-07-14 01:00:00-04:00,gold,4037.7999345863936,4027.173730951763,0.0027528314,0.000117533295,0.0012746253,0.001992062,0.011753329,UP,0.0024663642064129405,13.616855118959567,9.368292548336717,0.221022383085499,0.0017326549225956738,0.0011485430877655745,51.72445297241211
2026-07-14 02:00:00-04:00,gold,4030.3996366440406,4038.239515238354,-0.0018343988,0.0001087846,0.0015462694,0.0020307186,0.0108784605,UP,0.002434177701930264,13.616855118959567,9.368292548336717,0.221022383085499,0.0017326549225956738,0.0011485430877655745,51.72445297241211
2026-07-14 03:00:00-04:00,gold,4027.300207499269,4030.815020741895,-0.000769414,0.00010296639,0.0049482444,0.0020596567,0.010296639,UP,0.00240151230619657,13.616855118959567,9.368292548336717,0.221022383085499,0.0017326549225956738,0.0011485430877655745,51.72445297241211
2026-07-14 04:00:00-04:00,gold,4022.6001923289296,4027.7196488669724,-0.0011677042,0.0001042081,0.004733859,0.0020363852,0.0104208095,UP,0.002405105192042165,13.616855118959567,9.368292548336717,0.221022383085499,0.0017326549225956738,0.0011485430877655745,51.72445297241211
2026-07-14 05:00:00-04:00,gold,4028.7002153208596,4023.0594886414474,0.001515247,0.00011420292,0.0046887184,0.0019667349,0.011420292,UP,0.0024310199543414314,13.616855118959567,9.368292548336717,0.221022383085499,0.0017326549225956738,0.0011485430877655745,51.72445297241211
2026-07-14 06:00:00-04:00,gold,4028.1997619868343,4029.197018676932,-0.00012411721,0.00012341813,0.0058576064,0.0018698634,0.012341812,UP,0.002404302624773698,13.616855118959567,9.368292548336717,0.221022383085499,0.0017326549225956738,0.0011485430877655745,51.72445297241211
2026-07-14 07:00:00-04:00,gold,4038.1002109519613,4028.742575877288,0.0024546946,0.00013469634,0.0060432274,0.0017553975,0.013469634,UP,0.0024572507787835656,13.616855118959567,9.368292548336717,0.221022383085499,0.0017326549225956738,0.0011485430877655745,51.72445297241211
2026-07-14 08:00:00-04:00,gold,4083.8994626392378,4038.7003773238393,0.011278082,0.00014870966,0.0026407817,0.0016357113,0.014870966,UP,0.0032326737465702637,13.616855118959567,9.368292548336717,0.221022383085499,0.0017326549225956738,0.0011485430877655745,51.72445297241211
2026-07-14 09:00:00-04:00,gold,4084.0001911377767,4084.5829371885047,2.4510016e-05,0.00016723353,0.0026918817,0.0015656815,0.016723353,UP,0.0032327357302674273,13.616855118959567,9.368292548336717,0.221022383085499,0.0017326549225956738,0.0011485430877655745,51.72445297241211
2026-07-14 10:00:00-04:00,gold,4092.9999227523804,4084.7132363319397,0.002201297,0.0001746669,0.0021977122,0.0015022911,0.01746669,UP,0.0032279897419436035,13.616855118959567,9.368292548336717,0.221022383085499,0.0017326549225956738,0.0011485430877655745,51.72445297241211
2026-07-14 11:00:00-04:00,gold,4073.100279033184,4093.7113926410675,-0.004873793,0.00017379655,0.0011485975,0.0014592288,0.017379655,UP,0.003322398894710961,13.616855118959567,9.368292548336717,0.221022383085499,0.0017326549225956738,0.0011485430877655745,51.72445297241211
2026-07-14 12:00:00-04:00,gold,4068.2999368231976,4073.7934650110546,-0.0011791704,0.00017014038,0.0011232547,0.0014848788,0.017014038,UP,0.0033155506552025402,13.616855118959567,9.368292548336717,0.221022383085499,0.0017326549225956738,0.0011485430877655745,51.72445297241211
2026-07-14 13:00:00-04:00,gold,4070.100291464478,4068.980474587501,0.00044235942,0.0001671676,0.0012499266,0.0015684216,0.01671676,UP,0.0032974947119682983,13.616855118959567,9.368292548336717,0.221022383085499,0.0017326549225956738,0.0011485430877655745,51.72445297241211
2026-07-14 14:00:00-04:00,gold,4060.7001967141696,4070.7619019190315,-0.0023122325,0.00016254486,0.001074682,0.0016797911,0.016254487,UP,0.00331918127656122,13.616855118959567,9.368292548336717,0.221022383085499,0.0017326549225956738,0.0011485430877655745,51.72445297241211
2026-07-14 15:00:00-04:00,gold,4062.0998907397734,4061.3931439316366,0.0003447448,0.00017070645,0.002749275,0.0018005425,0.017070645,UP,0.003278546757174146,13.616855118959567,9.368292548336717,0.221022383085499,0.0017326549225956738,0.0011485430877655745,51.72445297241211
2026-07-14 16:00:00-04:00,gold,4058.3000237326196,4062.822099595738,-0.0009359266,0.00017768111,0.0027647635,0.0018764328,0.017768111,UP,0.0030918159328399463,13.616855118959567,9.368292548336717,0.221022383085499,0.0017326549225956738,0.0011485430877655745,51.72445297241211
2026-07-14 18:00:00-04:00,gold,4055.1000392826827,4059.0387916773034,-0.0007888065,0.00018204309,0.0027651726,0.0019115835,0.018204309,UP,0.002793006773751776,13.616855118959567,9.368292548336717,0.221022383085499,0.0017326549225956738,0.0011485430877655745,51.72445297241211
2026-07-14 19:00:00-04:00,gold,4058.8000841316534,4055.8411584436544,0.0009120031,0.00018271388,0.0026795682,0.0019152284,0.018271388,UP,0.0027954112925548287,13.616855118959567,9.368292548336717,0.221022383085499,0.0017326549225956738,0.0011485430877655745,51.72445297241211
2026-07-14 20:00:00-04:00,gold,4065.1002163214434,4059.5263026801695,0.0015509916,0.00017882138,0.0024596266,0.0019039076,0.017882138,UP,0.0025614541034104607,13.616855118959567,9.368292548336717,0.221022383085499,0.0017326549225956738,0.0011485430877655745,51.72445297241211
2026-07-14 21:00:00-04:00,gold,4042.899950370338,4065.8105178765254,-0.005476135,0.00017480829,0.0006204509,0.0018946348,0.017480828,UP,0.002785645017925046,13.616855118959567,9.368292548336717,0.221022383085499,0.0017326549225956738,0.0011485430877655745,51.72445297241211
2026-07-14 22:00:00-04:00,gold,4041.6998437932925,4043.5852369858185,-0.00029684862,0.00016944265,0.0009400206,0.0019219398,0.016944265,UP,0.00277091718407524,13.616855118959567,9.368292548336717,0.221022383085499,0.0017326549225956738,0.0011485430877655745,51.72445297241211
2026-07-14 23:00:00-04:00,gold,4037.8999300581345,4042.337865201873,-0.00094065274,0.00015785478,0.0013365555,0.0019889507,0.015785478,UP,0.002779838812585207,13.616855118959567,9.368292548336717,0.221022383085499,0.0017326549225956738,0.0011485430877655745,51.72445297241211
2026-07-15 00:00:00-04:00,gold,4039.100402159267,4038.466457389004,0.00029718838,0.00014028794,0.0013305787,0.0021337725,0.014028794,UP,0.002778872062307165,13.616855118959567,9.368292548336717,0.221022383085499,0.0017326549225956738,0.0011485430877655745,51.72445297241211
2026-07-15 01:00:00-04:00,gold,4041.000571261102,4039.587373888353,0.00047026703,0.00012052737,0.0012895482,0.0023262915,0.012052737,UP,0.002776940653403089,13.616855118959567,9.368292548336717,0.221022383085499,0.0017326549225956738,0.0011485430877655745,51.72445297241211
2026-07-15 02:00:00-04:00,gold,4037.9998183250427,4041.482688188553,-0.00074266625,0.00011947806,0.0017684526,0.0025745009,0.011947806,UP,0.002783140724276693,13.616855118959567,9.368292548336717,0.221022383085499,0.0017326549225956738,0.0011485430877655745,51.72445297241211
2026-07-15 03:00:00-04:00,gold,4030.70006775856,4038.4712584018707,-0.0018094737,0.000116669005,0.003211752,0.0027949952,0.0116669005,UP,0.0028050473870841054,13.616855118959567,9.368292548336717,0.221022383085499,0.0017326549225956738,0.0011485430877655745,51.72445297241211
2026-07-15 04:00:00-04:00,gold,4037.6998296843376,4031.1482547586493,0.0017351648,0.000111119385,0.0036198983,0.002983066,0.011111938,UP,0.0028116310691967,13.616855118959567,9.368292548336717,0.221022383085499,0.0017326549225956738,0.0011485430877655745,51.72445297241211
2026-07-15 05:00:00-04:00,gold,4036.2999989619275,4038.1143774578522,-0.00034676798,0.00010263068,0.0036164136,0.0030562417,0.010263068,UP,0.0028122865893147058,13.616855118959567,9.368292548336717,0.221022383085499,0.0017326549225956738,0.0011485430877655745,51.72445297241211
2026-07-15 06:00:00-04:00,gold,4034.3000887450034,4036.6801687525003,-0.0004956261,9.419103e-05,0.004219621,0.0029956927,0.009419103,UP,0.002811426938652395,13.616855118959567,9.368292548336717,0.221022383085499,0.0017326549225956738,0.0011485430877655745,51.72445297241211
2026-07-15 07:00:00-04:00,gold,4044.500009266805,4034.6607433601166,0.0025251168,8.9334106e-05,0.0044485764,0.0028316188,0.008933411,UP,0.0028417664947816557,13.616855118959567,9.368292548336717,0.221022383085499,0.0017326549225956738,0.0011485430877655745,51.72445297241211
2026-07-15 08:00:00-04:00,gold,4074.6001232862473,4044.8611243367195,0.0074146725,8.922753e-05,0.0042732265,0.0025715588,0.008922753,UP,0.003106362094049498,13.616855118959567,9.368292548336717,0.221022383085499,0.0017326549225956738,0.0011485430877655745,51.72445297241211
2026-07-15 09:00:00-04:00,gold,4068.499812289898,4075.029968868068,-0.001498225,0.00010545696,0.0042280825,0.0022261322,0.010545696,UP,0.0030989856296760477,13.616855118959567,9.368292548336717,0.221022383085499,0.0017326549225956738,0.0011485430877655745,51.72445297241211
2026-07-15 10:00:00-04:00,gold,4067.1999494731426,4069.0499933958054,-0.00031959114,0.00013523162,0.0042325906,0.001968037,0.013523161,UP,0.00309462977583311,13.616855118959567,9.368292548336717,0.221022383085499,0.0017326549225956738,0.0011485430877655745,51.72445297241211
2026-07-15 11:00:00-04:00,gold,4053.2002071153984,4067.8380111617735,-0.0034481096,0.00015679334,0.0038119992,0.0018038553,0.015679333,UP,0.0031598553116703766,13.616855118959567,9.368292548336717,0.221022383085499,0.0017326549225956738,0.0011485430877655745,51.72445297241211
2026-07-15 12:00:00-04:00,gold,4040.3000359181897,4053.8619065204985,-0.0031877216,0.00016323988,0.0032615054,0.001730566,0.016323987,UP,0.0032113438552177926,13.616855118959567,9.368292548336717,0.221022383085499,0.0017326549225956738,0.0011485430877655745,51.72445297241211
2026-07-15 13:00:00-04:00,gold,4068.7000279878557,4040.938705189794,0.007004567,0.0001579705,0.0005492572,0.001750684,0.01579705,UP,0.003450711374481544,13.616855118959567,9.368292548336717,0.221022383085499,0.0017326549225956738,0.0011485430877655745,51.72445297241211
2026-07-15 14:00:00-04:00,gold,4066.3002809276077,4069.3479470175225,-0.00059001904,0.00015922892,0.0014739172,0.0017953418,0.015922893,UP,0.0034309979180191146,13.616855118959567,9.368292548336717,0.221022383085499,0.0017326549225956738,0.0011485430877655745,51.72445297241211
2026-07-15 15:00:00-04:00,gold,4063.9997116468294,4066.968506308476,-0.0005657968,0.00016439983,0.0015012979,0.0018530732,0.016439982,UP,0.002716458718983646,13.616855118959567,9.368292548336717,0.221022383085499,0.0017326549225956738,0.0011485430877655745,51.72445297241211
2026-07-15 16:00:00-04:00,gold,4066.900016784668,4064.6743774414062,0.00071330415,0.00016583703,0.0011808701,0.0018709906,0.016583703,UP,0.002720975289485247,13.616855118959567,9.368292548336717,0.221022383085499,0.0017326549225956738,0.0011485430877655745,51.72445297241211
2026-07-15 18:00:00-04:00,gold,4065.6001207067748,4067.573306556267,-0.00031965686,0.00016557192,0.0015633546,0.0018633596,0.016557192,UP,0.0026849083397447824,13.616855118959567,9.368292548336717,0.221022383085499,0.0017326549225956738,0.0011485430877655745,51.72445297241211
2026-07-15 19:00:00-04:00,gold,4063.6001593109395,4066.272801987594,-0.00049205334,0.00016546217,0.001551958,0.0018567678,0.016546218,UP,0.002538982161619209,13.616855118959567,9.368292548336717,0.221022383085499,0.0017326549225956738,0.0011485430877655745,51.72445297241211
2026-07-15 20:00:00-04:00,gold,4050.399925367703,4064.275861994771,-0.0032536865,0.00016625933,0.0011267179,0.00184595,0.016625933,UP,0.0025974630197289792,13.616855118959567,9.368292548336717,0.221022383085499,0.0017326549225956738,0.0011485430877655745,51.72445297241211
2026-07-15 21:00:00-04:00,gold,4044.2001687590964,4051.0811970546492,-0.0015318736,0.00016819744,0.0012960975,0.0018591466,0.016819743,UP,0.00260707220451073,13.616855118959567,9.368292548336717,0.221022383085499,0.0017326549225956738,0.0011485430877655745,51.72445297241211
2026-07-15 22:00:00-04:00,gold,4036.899899046344,4044.845491377666,-0.0018066972,0.0001595756,0.0010389413,0.0018935736,0.01595756,UP,0.0025946564559204853,13.616855118959567,9.368292548336717,0.221022383085499,0.0017326549225956738,0.0011485430877655745,51.72445297241211
2026-07-15 23:00:00-04:00,gold,4040.7002227936755,4037.4947100018617,0.0009408856,0.00014734201,0.0010630076,0.0019620403,0.014734201,UP,0.002601194966021021,13.616855118959567,9.368292548336717,0.221022383085499,0.0017326549225956738,0.0011485430877655745,51.72445297241211
2026-07-16 00:00:00-04:00,gold,4038.299935876523,4041.2245104607136,-0.00059410883,0.00012969346,0.0010810422,0.0020722565,0.012969347,UP,0.0025984876695771173,13.616855118959567,9.368292548336717,0.221022383085499,0.0017326549225956738,0.0011485430877655745,51.72445297241211
2026-07-16 01:00:00-04:00,gold,4032.199952236566,4038.7203135422023,-0.0015117027,0.000104045524,0.00080940884,0.002225519,0.010404552,UP,0.0026078237923305406,13.616855118959567,9.368292548336717,0.221022383085499,0.0017326549225956738,0.0011485430877655745,51.72445297241211
2026-07-16 02:00:00-04:00,gold,4035.800212101254,4032.597950644442,0.00089243875,9.87376e-05,0.0012295383,0.0024127478,0.00987376,UP,0.0026075419491618495,13.616855118959567,9.368292548336717,0.221022383085499,0.0017326549225956738,0.0011485430877655745,51.72445297241211
2026-07-16 03:00:00-04:00,gold,4036.100258258637,4036.191668181389,7.434404e-05,9.700192e-05,0.005659599,0.0025326842,0.009700192,UP,0.0025874514952421517,13.616855118959567,9.368292548336717,0.221022383085499,0.0017326549225956738,0.0011485430877655745,51.72445297241211
2026-07-16 04:00:00-04:00,gold,4040.2999741735985,4036.492708406411,0.0010400553,9.726922e-05,0.0054858327,0.002593717,0.009726922,UP,0.0024001619562587315,13.616855118959567,9.368292548336717,0.221022383085499,0.0017326549225956738,0.0011485430877655745,51.72445297241211
2026-07-16 05:00:00-04:00,gold,4037.399845749853,4040.6892149972264,-0.0007180625,9.632195e-05,0.005807814,0.0025799845,0.009632195,UP,0.0024030732599996376,13.616855118959567,9.368292548336717,0.221022383085499,0.0017326549225956738,0.0011485430877655745,51.72445297241211
2026-07-16 06:00:00-04:00,gold,4035.099790795648,4037.7902330542565,-0.0005697875,9.661982e-05,0.006111143,0.0024907188,0.009661982,UP,0.0023991967481945395,13.616855118959567,9.368292548336717,0.221022383085499,0.0017326549225956738,0.0011485430877655745,51.72445297241211
2026-07-16 07:00:00-04:00,gold,4044.1000083478866,4035.5003074742854,0.0022279443,9.912525e-05,0.0058686472,0.0022793787,0.009912525,UP,0.0024337338763680745,13.616855118959567,9.368292548336717,0.221022383085499,0.0017326549225956738,0.0011485430877655745,51.72445297241211
2026-07-16 08:00:00-04:00,gold,3996.4000003323017,4044.564354466682,-0.011865121,0.00011473897,0.0026233601,0.002049211,0.011473897,UP,0.0032522498232672756,13.616855118959567,9.368292548336717,0.221022383085499,0.0017326549225956738,0.0011485430877655745,51.72445297241211
2026-07-16 09:00:00-04:00,gold,3993.999997078412,3996.9568232877064,-0.0006006964,0.00013932915,0.0026517394,0.001970193,0.0139329145,UP,0.0032517848752674707,13.616855118959567,9.368292548336717,0.221022383085499,0.0017326549225956738,0.0011485430877655745,51.72445297241211
2026-07-16 10:00:00-04:00,gold,4002.000276327133,3994.6261003017426,0.002001001,0.00015664392,0.002313723,0.0019591975,0.015664391,UP,0.003267671781945385,13.616855118959567,9.368292548336717,0.221022383085499,0.0017326549225956738,0.0011485430877655745,51.72445297241211
2026-07-16 11:00:00-04:00,gold,4011.8000864982605,4002.6803097724915,0.0024457944,0.00017006186,0.0014031025,0.0019705906,0.017006187,UP,0.0032850138189146776,13.616855118959567,9.368292548336717,0.221022383085499,0.0017326549225956738,0.0011485430877655745,51.72445297241211
2026-07-16 12:00:00-04:00,gold,3996.4001191410644,4012.5140668717504,-0.003846099,0.00017792289,0.0009440233,0.002017386,0.017792288,UP,0.0033512516350965157,13.616855118959567,9.368292548336717,0.221022383085499,0.0017326549225956738,0.0011485430877655745,51.72445297241211
2026-07-16 13:00:00-04:00,gold,3989.499847175408,3997.132141429174,-0.0017280215,0.0001831532,0.0012570405,0.0021005974,0.018315319,UP,0.003360925664513605,13.616855118959567,9.368292548336717,0.221022383085499,0.0017326549225956738,0.0011485430877655745,51.72445297241211
2026-07-16 14:00:00-04:00,gold,3984.69991594553,3990.266168177128,-0.0012038948,0.00019205411,0.001236206,0.002203656,0.019205412,UP,0.0033188768485198816,13.616855118959567,9.368292548336717,0.221022383085499,0.0017326549225956738,0.0011485430877655745,51.72445297241211
2026-07-16 15:00:00-04:00,gold,3984.599960882697,3985.5274242538144,-2.505954e-05,0.00020767693,0.0018158422,0.0022386548,0.020767692,UP,0.0029644708731078983,13.616855118959567,9.368292548336717,0.221022383085499,0.0017326549225956738,0.0011485430877655745,51.72445297241211
2026-07-16 16:00:00-04:00,gold,3979.8999593298067,3985.4318250144715,-0.0011802864,0.0002086935,0.0017985756,0.0022096469,0.02086935,UP,0.002962240546370902,13.616855118959567,9.368292548336717,0.221022383085499,0.0017326549225956738,0.0011485430877655745,51.72445297241211
2026-07-16 18:00:00-04:00,gold,3982.0998854454956,3980.705977670441,0.00055267406,0.00020250137,0.002336119,0.0021683204,0.020250136,UP,0.0029706724890212737,13.616855118959567,9.368292548336717,0.221022383085499,0.0017326549225956738,0.0011485430877655745,51.72445297241211
2026-07-16 19:00:00-04:00,gold,3989.2002352667623,3982.847280687536,0.0017813544,0.00018760844,0.0026433743,0.002114023,0.018760845,UP,0.002957519642939896,13.616855118959567,9.368292548336717,0.221022383085499,0.0017326549225956738,0.0011485430877655745,51.72445297241211
2026-07-16 20:00:00-04:00,gold,3995.899495233549,3989.8776094830537,0.0016781137,0.00016976372,0.0025249908,0.0020658837,0.016976371,UP,0.0029400959123837287,13.616855118959567,9.368292548336717,0.221022383085499,0.0017326549225956738,0.0011485430877655745,51.72445297241211
2026-07-16 21:00:00-04:00,gold,3986.4998814197897,3996.5120100229396,-0.002355158,0.00015313501,0.0027540273,0.0020333638,0.0153135015,UP,0.0026066256165830125,13.616855118959567,9.368292548336717,0.221022383085499,0.0017326549225956738,0.0011485430877655745,51.72445297241211
2026-07-16 22:00:00-04:00,gold,3982.199900954962,3987.056016564369,-0.0010792348,0.000139398,0.002837286,0.00203707,0.013939801,UP,0.002607590902590274,13.616855118959567,9.368292548336717,0.221022383085499,0.0017326549225956738,0.0011485430877655745,51.72445297241211
2026-07-16 23:00:00-04:00,gold,3995.6999027981074,3982.6927055775304,0.0033843524,0.00012368306,0.002425418,0.0020783038,0.012368306,UP,0.002712174798742017,13.616855118959567,9.368292548336717,0.221022383085499,0.0017326549225956738,0.0011485430877655745,51.72445297241211
2026-07-17 00:00:00-04:00,gold,3984.9997964259237,3996.131501216383,-0.0026814584,0.00010794579,0.0018448889,0.0021647946,0.010794579,UP,0.00272784191537646,13.616855118959567,9.368292548336717,0.221022383085499,0.0017326549225956738,0.0011485430877655745,51.72445297241211
2026-07-17 01:00:00-04:00,gold,3988.59992146492,3985.3847897052765,0.0009030044,9.660373e-05,0.0021989984,0.00224123,0.009660373,UP,0.0027424252095683134,13.616855118959567,9.368292548336717,0.221022383085499,0.0017326549225956738,0.0011485430877655745,51.72445297241211
2026-07-17 02:00:00-04:00,gold,4003.1002803537995,3988.965264901519,0.0036287687,9.151207e-05,0.0013253154,0.0023279805,0.009151207,UP,0.0028511425762338463,13.616855118959567,9.368292548336717,0.221022383085499,0.0017326549225956738,0.0011485430877655745,51.72445297241211
2026-07-17 03:00:00-04:00,gold,3996.999964171846,4003.4665924161673,-0.0015250056,9.1438545e-05,0.0034032597,0.002413216,0.0091438545,UP,0.002810833793691097,13.616855118959567,9.368292548336717,0.221022383085499,0.0017326549225956738,0.0011485430877655745,51.72445297241211
2026-07-17 04:00:00-04:00,gold,3998.3998968601227,3997.365936279297,0.00035017697,9.1551825e-05,0.005470204,0.0024400656,0.009155182,UP,0.0028066049167876864,13.616855118959567,9.368292548336717,0.221022383085499,0.0017326549225956738,0.0011485430877655745,51.72445297241211
2026-07-17 05:00:00-04:00,gold,4001.8002978448058,3998.785509290814,0.00085001544,9.634221e-05,0.0054763267,0.0024008616,0.009634221,UP,0.0028018424894977897,13.616855118959567,9.368292548336717,0.221022383085499,0.0017326549225956738,0.0011485430877655745,51.72445297241211
2026-07-17 06:00:00-04:00,gold,3994.399783699817,4002.1998181868694,-0.0018509163,9.980048e-05,0.0056390073,0.002240623,0.009980048,UP,0.0028059672168137,13.616855118959567,9.368292548336717,0.221022383085499,0.0017326549225956738,0.0011485430877655745,51.72445297241211
2026-07-17 07:00:00-04:00,gold,3997.89974871662,3994.846073235094,0.00087584305,0.000111644156,0.0057618017,0.002048067,0.011164416,UP,0.0028149303664682887,13.616855118959567,9.368292548336717,0.221022383085499,0.0017326549225956738,0.0011485430877655745,51.72445297241211
2026-07-17 08:00:00-04:00,gold,3969.50009451143,3998.414616095368,-0.0071290564,0.0001287694,0.003984521,0.0018712727,0.01287694,UP,0.003069447562248713,13.616855118959567,9.368292548336717,0.221022383085499,0.0017326549225956738,0.0011485430877655745,51.72445297241211
2026-07-17 09:00:00-04:00,gold,4001.3999175429344,3970.082983970642,0.008004134,0.00014679108,0.002377371,0.0017634751,0.014679108,UP,0.0034376371446934962,13.616855118959567,9.368292548336717,0.221022383085499,0.0017326549225956738,0.0011485430877655745,51.72445297241211
2026-07-17 10:00:00-04:00,gold,4005.499752063828,4002.041949781007,0.0010241412,0.00016049252,0.0023752307,0.0017351955,0.016049253,UP,0.0034453807460078202,13.616855118959567,9.368292548336717,0.221022383085499,0.0017326549225956738,0.0011485430877655745,51.72445297241211
2026-07-17 11:00:00-04:00,gold,4024.0997774004936,4006.1723098754883,0.0046328907,0.00016779364,0.00092280516,0.0017546478,0.016779363,UP,0.003552963785001237,13.616855118959567,9.368292548336717,0.221022383085499,0.0017326549225956738,0.0011485430877655745,51.72445297241211
2026-07-17 12:00:00-04:00,gold,4019.600176934473,4024.792319350352,-0.0011188881,0.00017192104,0.002440731,0.001799116,0.017192105,UP,0.003556007860900042,13.616855118959567,9.368292548336717,0.221022383085499,0.0017326549225956738,0.0011485430877655745,51.72445297241211
2026-07-17 13:00:00-04:00,gold,4014.800214984629,4020.3198165114736,-0.0011948743,0.00017907689,0.0025167353,0.0018687741,0.017907688,UP,0.0035604281523455225,13.616855118959567,9.368292548336717,0.221022383085499,0.0017326549225956738,0.0011485430877655745,51.72445297241211
2026-07-17 14:00:00-04:00,gold,4016.099930397584,4015.5409238905413,0.0003237617,0.00018451028,0.0032128382,0.0019492581,0.018451028,UP,0.003533163481597854,13.616855118959567,9.368292548336717,0.221022383085499,0.0017326549225956738,0.0011485430877655745,51.72445297241211
2026-07-17 15:00:00-04:00,gold,4019.899987515819,4016.8651504464215,0.0009456956,0.00019047243,0.0032090256,0.0020310187,0.019047244,UP,0.0027799932063352632,13.616855118959567,9.368292548336717,0.221022383085499,0.0017326549225956738,0.0011485430877655745,51.72445297241211
2026-07-17 16:00:00-04:00,gold,4018.7996375351213,4020.6767007996677,-0.00027363966,0.00019317577,0.004103913,0.0020455196,0.019317577,UP,0.002777389907201354,13.616855118959567,9.368292548336717,0.221022383085499,0.0017326549225956738,0.0011485430877655745,51.72445297241211
2026-07-19 18:00:00-04:00,gold,3997.899778970459,4019.5747184370703,-0.005214164,0.00019271116,0.0027367224,0.0020316958,0.019271117,UP,0.0029245341743375517,13.616855118959567,9.368292548336717,0.221022383085499,0.0017326549225956738,0.0011485430877655745,51.72445297241211
2026-07-19 19:00:00-04:00,gold,3999.200031153392,3998.664824169071,0.0003251301,0.00019131914,0.0029822697,0.0020290257,0.019131914,UP,0.0028879380455818734,13.616855118959567,9.368292548336717,0.221022383085499,0.0017326549225956738,0.0011485430877655745,51.72445297241211
2026-07-19 20:00:00-04:00,gold,4013.700052561151,3999.9284126192797,0.003619168,0.00018215376,0.003008635,0.0020347952,0.018215375,UP,0.0028763210615397918,13.616855118959567,9.368292548336717,0.221022383085499,0.0017326549225956738,0.0011485430877655745,51.72445297241211
2026-07-19 21:00:00-04:00,gold,4006.999931285827,4014.3812929070555,-0.0016706652,0.00016974061,0.002935478,0.00206145,0.016974062,UP,0.002875053016494233,13.616855118959567,9.368292548336717,0.221022383085499,0.0017326549225956738,0.0011485430877655745,51.72445297241211
2026-07-19 22:00:00-04:00,gold,4027.0999442338943,4007.629571199417,0.0050037066,0.00015708689,0.00228807,0.0021277354,0.015708689,UP,0.00299581949364378,13.616855118959567,9.368292548336717,0.221022383085499,0.0017326549225956738,0.0011485430877655745,51.72445297241211
2026-07-19 23:00:00-04:00,gold,4027.8000364234904,4027.675698878418,0.00017379512,0.00014294175,0.0022960056,0.0022177834,0.0142941745,UP,0.002995164401566239,13.616855118959567,9.368292548336717,0.221022383085499,0.0017326549225956738,0.0011485430877655745,51.72445297241211
2026-07-20 00:00:00-04:00,gold,4022.799994491521,4028.337338001089,-0.0012421436,0.0001333195,0.0022340184,0.0023038457,0.01333195,UP,0.0029962832576096153,13.616855118959567,9.368292548336717,0.221022383085499,0.0017326549225956738,0.0011485430877655745,51.72445297241211
2026-07-20 01:00:00-04:00,gold,4012.2997095740866,4023.3016635001986,-0.0026135345,0.0001246382,0.0016281662,0.0024123637,0.01246382,UP,0.0030445878959765404,13.616855118959567,9.368292548336717,0.221022383085499,0.0017326549225956738,0.0011485430877655745,51.72445297241211
2026-07-20 02:00:00-04:00,gold,4008.200031755143,4012.791266459244,-0.0010224045,0.00012238098,0.0013220124,0.002526653,0.012238098,UP,0.0030391532767448572,13.616855118959567,9.368292548336717,0.221022383085499,0.0017326549225956738,0.0011485430877655745,51.72445297241211
2026-07-20 03:00:00-04:00,gold,4022.000194429129,4008.689233392477,0.0034370408,0.0001220283,0.0023054217,0.0026457855,0.01220283,UP,0.0030861885079616408,13.616855118959567,9.368292548336717,0.221022383085499,0.0017326549225956738,0.0011485430877655745,51.72445297241211
2026-07-20 04:00:00-04:00,gold,4023.3002948760986,4022.490966796875,0.0003231822,0.00012211611,0.0022595506,0.0027332169,0.012211611,UP,0.003047657664382415,13.616855118959567,9.368292548336717,0.221022383085499,0.0017326549225956738,0.0011485430877655745,51.72445297241211
2026-07-20 05:00:00-04:00,gold,4025.3000422958867,4023.795490855031,0.00049698085,0.000123109,0.0022296254,0.002753586,0.0123109,UP,0.003036442885288013,13.616855118959567,9.368292548336717,0.221022383085499,0.0017326549225956738,0.0011485430877655745,51.72445297241211
2026-07-20 06:00:00-04:00,gold,4028.999716684397,4025.796216994582,0.00091875176,0.00012322675,0.002331659,0.0026906256,0.012322675,UP,0.0029845804134363157,13.616855118959567,9.368292548336717,0.221022383085499,0.0017326549225956738,0.0011485430877655745,51.72445297241211
2026-07-20 07:00:00-04:00,gold,4030.499958872795,4029.505749821663,0.00037223153,0.00012547155,0.0022668575,0.0025721856,0.012547155,UP,0.002931795264330576,13.616855118959567,9.368292548336717,0.221022383085499,0.0017326549225956738,0.0011485430877655745,51.72445297241211
2026-07-20 08:00:00-04:00,gold,4012.0001062452793,4031.028520345688,-0.0046005677,0.00013103617,0.0010088561,0.0024334623,0.013103617,UP,0.003066602933975971,13.616855118959567,9.368292548336717,0.221022383085499,0.0017326549225956738,0.0011485430877655745,51.72445297241211
2026-07-20 09:00:00-04:00,gold,4009.5000948905945,4012.550486087799,-0.0006233248,0.00013722171,0.0010270047,0.002292658,0.013722171,UP,0.002999914075300223,13.616855118959567,9.368292548336717,0.221022383085499,0.0017326549225956738,0.0011485430877655745,51.72445297241211
2026-07-20 10:00:00-04:00,gold,4010.4999125003815,4010.130919933319,0.00024937655,0.00015728702,0.001044288,0.002184615,0.015728703,UP,0.00298511288866421,13.616855118959567,9.368292548336717,0.221022383085499,0.0017326549225956738,0.0011485430877655745,51.72445297241211
2026-07-20 11:00:00-04:00,gold,4016.2002534270287,4011.198965907097,0.001420248,0.00017424164,0.00073831767,0.0021305496,0.017424164,UP,0.0029943921677389597,13.616855118959567,9.368292548336717,0.221022383085499,0.0017326549225956738,0.0011485430877655745,51.72445297241211
2026-07-20 12:00:00-04:00,gold,4013.8999480527127,4016.9458722500713,-0.00057285686,0.00018569452,0.001079413,0.0021098538,0.01856945,UP,0.0029942257792583537,13.616855118959567,9.368292548336717,0.221022383085499,0.0017326549225956738,0.0011485430877655745,51.72445297241211
2026-07-20 13:00:00-04:00,gold,4009.2001327465987,4014.6693209460936,-0.0011716048,0.00019175079,0.0016507868,0.0021323648,0.019175079,UP,0.0029814947058269593,13.616855118959567,9.368292548336717,0.221022383085499,0.0017326549225956738,0.0011485430877655745,51.72445297241211
2026-07-20 14:00:00-04:00,gold,4012.1005318765237,4009.9785054588865,0.0007231113,0.00019411952,0.0023025982,0.0021652207,0.019411951,UP,0.002980301583736947,13.616855118959567,9.368292548336717,0.221022383085499,0.0017326549225956738,0.0011485430877655745,51.72445297241211
2026-07-20 15:00:00-04:00,gold,4010.6999341206683,4012.897389753198,-0.00034904183,0.00019873845,0.0023229693,0.0021775006,0.019873844,UP,0.002652697382065036,13.616855118959567,9.368292548336717,0.221022383085499,0.0017326549225956738,0.0011485430877655745,51.72445297241211
2026-07-20 16:00:00-04:00,gold,4011.800088475662,4011.4826216483198,0.00027425308,0.00019516249,0.002611263,0.0021545757,0.019516248,UP,0.0022202027248944736,13.616855118959567,9.368292548336717,0.221022383085499,0.0017326549225956738,0.0011485430877655745,51.72445297241211
2026-07-20 18:00:00-04:00,gold,4003.99965277953,4012.543717989436,-0.0019461692,0.00018532858,0.0017496516,0.002109726,0.018532857,UP,0.0022431051318502087,13.616855118959567,9.368292548336717,0.221022383085499,0.0017326549225956738,0.0011485430877655745,51.72445297241211
2026-07-20 19:00:00-04:00,gold,4014.3997173309326,4004.6978330612183,0.002594011,0.00017419,0.001856011,0.002080499,0.017419001,UP,0.0021247017407005197,13.616855118959567,9.368292548336717,0.221022383085499,0.0017326549225956738,0.0011485430877655745,51.72445297241211
2026-07-20 20:00:00-04:00,gold,4029.599726879387,4015.0469070277177,0.0037792672,0.0001611852,0.0016725771,0.0020717774,0.01611852,UP,0.0022281015368089746,13.616855118959567,9.368292548336717,0.221022383085499,0.0017326549225956738,0.0011485430877655745,51.72445297241211
2026-07-20 21:00:00-04:00,gold,4027.6000947944412,4030.200554862269,-0.0004964504,0.00014897238,0.0013415095,0.0020825109,0.014897238,UP,0.002217903616546149,13.616855118959567,9.368292548336717,0.221022383085499,0.0017326549225956738,0.0011485430877655745,51.72445297241211
2026-07-20 22:00:00-04:00,gold,4042.7001026953803,4028.140240920766,0.0037420841,0.00013401608,0.002264156,0.002132672,0.013401608,UP,0.002315393483014483,13.616855118959567,9.368292548336717,0.221022383085499,0.0017326549225956738,0.0011485430877655745,51.72445297241211
2026-07-20 23:00:00-04:00,gold,4050.8999456964957,4043.1842881978664,0.002026281,0.00011967616,0.0027599495,0.002192717,0.011967616,UP,0.0023353974150992843,13.616855118959567,9.368292548336717,0.221022383085499,0.0017326549225956738,0.0011485430877655745,51.72445297241211
2026-07-21 00:00:00-04:00,gold,4054.3000357404235,4051.3644568569725,0.0008390037,0.00011463502,0.002760418,0.002231244,0.0114635015,UP,0.0023354892802800236,13.616855118959567,9.368292548336717,0.221022383085499,0.0017326549225956738,0.0011485430877655745,51.72445297241211
2026-07-21 01:00:00-04:00,gold,4066.000022838358,4054.7562936837785,0.002881657,0.0001125008,0.0025361008,0.0022522078,0.01125008,UP,0.002137500742206934,13.616855118959567,9.368292548336717,0.221022383085499,0.0017326549225956738,0.0011485430877655745,51.72445297241211
2026-07-21 02:00:00-04:00,gold,4083.0000574588776,4066.4464132785797,0.0041722967,0.00010973678,0.0011185763,0.0022597823,0.010973678,UP,0.0022362058487875014,13.616855118959567,9.368292548336717,0.221022383085499,0.0017326549225956738,0.0011485430877655745,51.72445297241211
2026-07-21 03:00:00-04:00,gold,4075.7002438902855,4083.459961295128,-0.0017895133,0.00011267944,0.0010579545,0.0022469892,0.011267943,UP,0.00220973452954145,13.616855118959567,9.368292548336717,0.221022383085499,0.0017326549225956738,0.0011485430877655745,51.72445297241211
2026-07-21 04:00:00-04:00,gold,4067.399982659117,4076.1794962706335,-0.0020385485,0.00011761492,0.00084967574,0.0022113007,0.011761492,UP,0.002223217742812938,13.616855118959567,9.368292548336717,0.221022383085499,0.0017326549225956738,0.0011485430877655745,51.72445297241211
2026-07-21 05:00:00-04:00,gold,4070.2000372929615,4067.9099875327665,0.0006881756,0.00012532846,0.002150792,0.0021350428,0.012532846,UP,0.002054124720211511,13.616855118959567,9.368292548336717,0.221022383085499,0.0017326549225956738,0.0011485430877655745,51.72445297241211
2026-07-21 06:00:00-04:00,gold,4067.2998770346458,4070.7744346549734,-0.0007127257,0.0001411329,0.0021505868,0.00202877,0.01411329,UP,0.0020632028175613646,13.616855118959567,9.368292548336717,0.221022383085499,0.0017326549225956738,0.0011485430877655745,51.72445297241211
2026-07-21 07:00:00-04:00,gold,4060.6000116199575,4067.926003022556,-0.0016486307,0.00015386524,0.001932064,0.0019217116,0.015386525,UP,0.002075141640784061,13.616855118959567,9.368292548336717,0.221022383085499,0.0017326549225956738,0.0011485430877655745,51.72445297241211
2026-07-21 08:00:00-04:00,gold,4057.9997206062544,4061.2632615725743,-0.0006405286,0.00016331309,0.0019451125,0.0018405368,0.01633131,UP,0.0020095594216483956,13.616855118959567,9.368292548336717,0.221022383085499,0.0017326549225956738,0.0011485430877655745,51.72445297241211
2026-07-21 09:00:00-04:00,gold,4057.1996334791183,4058.689829349518,-0.00019717289,0.000170064,0.0021726082,0.0017852838,0.0170064,UP,0.001995317440154739,13.616855118959567,9.368292548336717,0.221022383085499,0.0017326549225956738,0.0011485430877655745,51.72445297241211
2026-07-21 10:00:00-04:00,gold,4072.8999061125505,4057.9089907560847,0.003862184,0.00017474484,0.0017225133,0.001738695,0.017474484,UP,0.002019083965377828,13.616855118959567,9.368292548336717,0.221022383085499,0.0017326549225956738,0.0011485430877655745,51.72445297241211
2026-07-21 11:00:00-04:00,gold,4078.6004807655117,4073.625280434382,0.0013985637,0.0001780155,0.0019475135,0.0017276184,0.01780155,UP,0.0020268297208167825,13.616855118959567,9.368292548336717,0.221022383085499,0.0017326549225956738,0.0011485430877655745,51.72445297241211
2026-07-21 12:00:00-04:00,gold,4075.8997038671514,4079.325518530095,-0.000662259,0.0001778887,0.0018923855,0.0017209684,0.01778887,UP,0.002037064193498847,13.616855118959567,9.368292548336717,0.221022383085499,0.0017326549225956738,0.0011485430877655745,51.72445297241211
2026-07-21 13:00:00-04:00,gold,4073.0001398781314,4076.619012338575,-0.0007117286,0.0001763395,0.0017999843,0.0017380709,0.01763395,UP,0.0020449838059548413,13.616855118959567,9.368292548336717,0.221022383085499,0.0017326549225956738,0.0011485430877655745,51.72445297241211
2026-07-21 14:00:00-04:00,gold,4087.000044107437,4073.707430958748,0.003431376,0.00017364288,0.0020299768,0.0017499812,0.017364288,UP,0.0021205702818708726,13.616855118959567,9.368292548336717,0.221022383085499,0.0017326549225956738,0.0011485430877655745,51.72445297241211
2026-07-21 15:00:00-04:00,gold,4088.599992275238,4087.7103497982025,0.0003914325,0.00017384843,0.0030606329,0.0017716144,0.017384842,UP,0.0018939095407200545,13.616855118959567,9.368292548336717,0.221022383085499,0.0017326549225956738,0.0011485430877655745,51.72445297241211
2026-07-21 16:00:00-04:00,gold,4082.200059904775,4089.308775966405,-0.0015665902,0.00017331123,0.0024174498,0.0017735821,0.017331123,UP,0.0019230367402541862,13.616855118959567,9.368292548336717,0.221022383085499,0.0017326549225956738,0.0011485430877655745,51.72445297241211
2026-07-21 18:00:00-04:00,gold,4084.6000406931853,4082.908980051143,0.00058778137,0.00017362964,0.0025026419,0.0017859002,0.017362963,UP,0.0019218956750917072,13.616855118959567,9.368292548336717,0.221022383085499,0.0017326549225956738,0.0011485430877655745,51.72445297241211
2026-07-21 19:00:00-04:00,gold,4085.1999858999625,4085.3032134224195,0.00014684656,0.00017213517,0.0027738595,0.0018059362,0.017213518,UP,0.001917476111493422,13.616855118959567,9.368292548336717,0.221022383085499,0.0017326549225956738,0.0011485430877655745,51.72445297241211
2026-07-21 20:00:00-04:00,gold,4101.600440830662,4085.8705416122393,0.00400649,0.00016414636,0.0026318487,0.0018232587,0.016414637,UP,0.0020041731717598183,13.616855118959567,9.368292548336717,0.221022383085499,0.0017326549225956738,0.0011485430877655745,51.72445297241211
2026-07-21 21:00:00-04:00,gold,4126.0001113025355,4102.22350741917,0.0059312494,0.00015192157,0.0021283627,0.0018659577,0.015192158,UP,0.0021855524576292916,13.616855118959567,9.368292548336717,0.221022383085499,0.0017326549225956738,0.0011485430877655745,51.72445297241211
2026-07-21 22:00:00-04:00,gold,4134.699975967407,4126.577932596207,0.002106407,0.00014004216,0.0017060781,0.00194228,0.014004216,UP,0.0021949940790343767,13.616855118959567,9.368292548336717,0.221022383085499,0.0017326549225956738,0.0011485430877655745,51.72445297241211
2026-07-21 23:00:00-04:00,gold,4135.500163366436,4135.2261139283655,0.00019341847,0.00012711606,0.0021098598,0.002025193,0.012711606,UP,0.002185660741418313,13.616855118959567,9.368292548336717,0.221022383085499,0.0017326549225956738,0.0011485430877655745,51.72445297241211
2026-07-22 00:00:00-04:00,gold,4131.800109922886,4135.985595166683,-0.00089514005,0.00011737547,0.0021085734,0.0021172725,0.011737547,UP,0.0022097806344699373,13.616855118959567,9.368292548336717,0.221022383085499,0.0017326549225956738,0.0011485430877655745,51.72445297241211
2026-07-22 01:00:00-04:00,gold,4135.499832169153,4132.277084590285,0.00089514,0.00011543078,0.002056029,0.0021909026,0.011543078,UP,0.002139672434704731,13.616855118959567,9.368292548336717,0.221022383085499,0.0017326549225956738,0.0011485430877655745,51.72445297241211
2026-07-22 02:00:00-04:00,gold,4121.000177621841,4135.977707326412,-0.0035123879,0.000115421295,0.0014790023,0.0022372785,0.011542129,UP,0.002276235503369998,13.616855118959567,9.368292548336717,0.221022383085499,0.0017326549225956738,0.0011485430877655745,51.72445297241211
2026-07-22 03:00:00-04:00,gold,4114.599845409393,4121.495191574097,-0.0015542045,0.00012008971,0.0018105863,0.0022856677,0.012008971,UP,0.0022494483919181006,13.616855118959567,9.368292548336717,0.221022383085499,0.0017326549225956738,0.0011485430877655745,51.72445297241211
2026-07-22 04:00:00-04:00,gold,4122.299453465093,4115.110706651409,0.0018695648,0.00012404264,0.0050266422,0.0023168079,0.012404264,UP,0.0022476159020668393,13.616855118959567,9.368292548336717,0.221022383085499,0.0017326549225956738,0.0011485430877655745,51.72445297241211
2026-07-22 05:00:00-04:00,gold,4118.799691157474,4122.830043016584,-0.0008494013,0.00012866399,0.0051343967,0.0023050127,0.012866399,UP,0.0021941248171523336,13.616855118959567,9.368292548336717,0.221022383085499,0.0017326549225956738,0.0011485430877655745,51.72445297241211
2026-07-22 06:00:00-04:00,gold,4121.200299769058,4119.349232790642,0.0005826191,0.00013333258,0.005105793,0.0022819848,0.013333258,UP,0.0021780381303042108,13.616855118959567,9.368292548336717,0.221022383085499,0.0017326549225956738,0.0011485430877655745,51.72445297241211
2026-07-22 07:00:00-04:00,gold,4127.400216396432,4121.773525312892,0.0015032147,0.00013909745,0.005552515,0.0022413274,0.013909745,UP,0.0021841863083300168,13.616855118959567,9.368292548336717,0.221022383085499,0.0017326549225956738,0.0011485430877655745,51.72445297241211
2026-07-22 08:00:00-04:00,gold,4116.9999823885155,4127.998696050781,-0.0025229023,0.00014501344,0.0053488226,0.0022130043,0.014501344,UP,0.002211747430835024,13.616855118959567,9.368292548336717,0.221022383085499,0.0017326549225956738,0.0011485430877655745,51.72445297241211
2026-07-22 09:00:00-04:00,gold,4160.000096678734,4117.641946315765,0.010390331,0.00015579037,0.0020169993,0.0021953157,0.015579037,UP,0.0027973282444091465,13.616855118959567,9.368292548336717,0.221022383085499,0.0017326549225956738,0.0011485430877655745,51.72445297241211
2026-07-22 10:00:00-04:00,gold,4153.400173187256,4160.691795349121,-0.0015878219,0.00016626166,0.001995911,0.0022354058,0.016626166,UP,0.0027915705770379636,13.616855118959567,9.368292548336717,0.221022383085499,0.0017326549225956738,0.0011485430877655745,51.72445297241211
2026-07-22 11:00:00-04:00,gold,4164.100023900217,4154.143578368821,0.002572937,0.00017907516,0.0008598734,0.0022889518,0.017907515,UP,0.002766361574804729,13.616855118959567,9.368292548336717,0.221022383085499,0.0017326549225956738,0.0011485430877655745,51.72445297241211
2026-07-22 12:00:00-04:00,gold,4152.7995649906225,4164.914192695636,-0.0027174307,0.00019551156,0.00077619066,0.0023353375,0.019551156,UP,0.0028393233187695597,13.616855118959567,9.368292548336717,0.221022383085499,0.0017326549225956738,0.0011485430877655745,51.72445297241211
2026-07-22 13:00:00-04:00,gold,4148.100273067248,4153.686443382525,-0.0011323368,0.00021345323,0.001987789,0.0024030928,0.021345323,UP,0.0028474014447828536,13.616855118959567,9.368292548336717,0.221022383085499,0.0017326549225956738,0.0011485430877655745,51.72445297241211
2026-07-22 14:00:00-04:00,gold,4141.800021494128,4149.051500390517,-0.0015199927,0.00022922317,0.0019222331,0.0024862562,0.022922317,UP,0.002843907467091416,13.616855118959567,9.368292548336717,0.221022383085499,0.0017326549225956738,0.0011485430877655745,51.72445297241211
2026-07-22 15:00:00-04:00,gold,4136.400252978317,4142.759143474163,-0.001304608,0.00023159155,0.0024217372,0.0025660577,0.023159156,UP,0.0028569501127714415,13.616855118959567,9.368292548336717,0.221022383085499,0.0017326549225956738,0.0011485430877655745,51.72445297241211
2026-07-22 16:00:00-04:00,gold,4134.99999912706,4137.340238882753,-0.00033849225,0.00022731142,0.0028432938,0.002628891,0.022731142,UP,0.002858497071902717,13.616855118959567,9.368292548336717,0.221022383085499,0.0017326549225956738,0.0011485430877655745,51.72445297241211
2026-07-22 18:00:00-04:00,gold,4124.700465500355,4135.882838368416,-0.002493991,0.0002134706,0.0025896684,0.0026541112,0.02134706,UP,0.0028463392888362763,13.616855118959567,9.368292548336717,0.221022383085499,0.0017326549225956738,0.0011485430877655745,51.72445297241211
2026-07-22 19:00:00-04:00,gold,4135.7998893510085,4125.525763944141,0.0026873956,0.0002000783,0.0021715236,0.002624505,0.02000783,UP,0.002871240105981878,13.616855118959567,9.368292548336717,0.221022383085499,0.0017326549225956738,0.0011485430877655745,51.72445297241211
2026-07-22 20:00:00-04:00,gold,4135.299876570469,4136.565473687253,-0.00012090291,0.00018508131,0.0022513275,0.0025991374,0.01850813,UP,0.0028655882513596493,13.616855118959567,9.368292548336717,0.221022383085499,0.0017326549225956738,0.0011485430877655745,51.72445297241211
2026-07-22 21:00:00-04:00,gold,4120.499974878272,4135.986506536952,-0.0035853148,0.0001661035,0.0015718918,0.0025891215,0.01661035,UP,0.0029533945047793587,13.616855118959567,9.368292548336717,0.221022383085499,0.0017326549225956738,0.0011485430877655745,51.72445297241211
2026-07-22 22:00:00-04:00,gold,4130.799520969391,4121.131194412708,0.0024965303,0.00015312637,0.0024149062,0.002619565,0.015312637,UP,0.0029248668353991725,13.616855118959567,9.368292548336717,0.221022383085499,0.0017326549225956738,0.0011485430877655745,51.72445297241211
2026-07-22 23:00:00-04:00,gold,4127.5999964319635,4131.405985660502,-0.00077489763,0.00014674188,0.0024345114,0.0026612373,0.014674188,UP,0.002932166374642938,13.616855118959567,9.368292548336717,0.221022383085499,0.0017326549225956738,0.0011485430877655745,51.72445297241211
2026-07-23 00:00:00-04:00,gold,4123.800008826947,4128.193507876131,-0.00092112686,0.00014378886,0.0024517716,0.0026984373,0.014378886,UP,0.002920205797949191,13.616855118959567,9.368292548336717,0.221022383085499,0.0017326549225956738,0.0011485430877655745,51.72445297241211
2026-07-23 01:00:00-04:00,gold,4126.899804302258,4124.3789038860705,0.0007514751,0.00014047151,0.0024756952,0.0027631295,0.014047151,UP,0.002920834349098599,13.616855118959567,9.368292548336717,0.221022383085499,0.0017326549225956738,0.0011485430877655745,51.72445297241211
2026-07-23 02:00:00-04:00,gold,4121.600457459921,4127.48238867335,-0.0012850348,0.00014114674,0.002479731,0.0028183113,0.014114674,UP,0.0029358729017454174,13.616855118959567,9.368292548336717,0.221022383085499,0.0017326549225956738,0.0011485430877655745,51.72445297241211
2026-07-23 03:00:00-04:00,gold,4098.299611874681,4122.17593995505,-0.0056692557,0.00013968952,0.0025999653,0.0028628327,0.013968952,UP,0.003042721964654782,13.616855118959567,9.368292548336717,0.221022383085499,0.0017326549225956738,0.0011485430877655745,51.72445297241211
2026-07-23 04:00:00-04:00,gold,4096.000174381654,4098.871414514957,-0.0005613182,0.00013940163,0.00280351,0.0029470457,0.013940163,UP,0.0028266491770771547,13.616855118959567,9.368292548336717,0.221022383085499,0.0017326549225956738,0.0011485430877655745,51.72445297241211
2026-07-23 05:00:00-04:00,gold,4093.199951171875,4096.5732421875,-0.00068383943,0.00014000277,0.0039760126,0.0029988412,0.014000277,UP,0.0027924330701508235,13.616855118959567,9.368292548336717,0.221022383085499,0.0017326549225956738,0.0011485430877655745,51.72445297241211
2026-07-23 06:00:00-04:00,gold,4096.700486236776,4093.756211274187,0.0008547709,0.00013575249,0.0037386764,0.003030353,0.013575248,UP,0.002799334852847121,13.616855118959567,9.368292548336717,0.221022383085499,0.0017326549225956738,0.0011485430877655745,51.72445297241211
2026-07-23 07:00:00-04:00,gold,4088.900034008082,4097.244721975061,-0.0019058578,0.0001329055,0.0039802236,0.003010745,0.01329055,UP,0.0028126334829472596,13.616855118959567,9.368292548336717,0.221022383085499,0.0017326549225956738,0.0011485430877655745,51.72445297241211
2026-07-23 08:00:00-04:00,gold,4064.6003000817727,4089.4307188980165,-0.0059606005,0.00012979936,0.0033040214,0.002991657,0.012979936,UP,0.0029807889385400845,13.616855118959567,9.368292548336717,0.221022383085499,0.0017326549225956738,0.0011485430877655745,51.72445297241211
2026-07-23 09:00:00-04:00,gold,4045.800019766204,4065.1248524076655,-0.004636043,0.00012915117,0.0026806637,0.00299173,0.012915118,UP,0.0030254435102241286,13.616855118959567,9.368292548336717,0.221022383085499,0.0017326549225956738,0.0011485430877655745,51.72445297241211
2026-07-23 10:00:00-04:00,gold,4061.0999549566477,4046.360477883427,0.003774579,0.0001384523,0.0018898166,0.003038644,0.01384523,UP,0.0031232582694823256,13.616855118959567,9.368292548336717,0.221022383085499,0.0017326549225956738,0.0011485430877655745,51.72445297241211
2026-07-23 11:00:00-04:00,gold,4051.1998261216795,4061.7091216949048,-0.0024407755,0.00014989033,0.0015248264,0.0030645232,0.014989033,UP,0.0031127725066878065,13.616855118959567,9.368292548336717,0.221022383085499,0.0017326549225956738,0.0011485430877655745,51.72445297241211
2026-07-23 12:00:00-04:00,gold,4054.2999473198142,4051.8862098611135,0.00076493685,0.00016941698,0.0014723346,0.0030311076,0.016941698,UP,0.0031218130662917223,13.616855118959567,9.368292548336717,0.221022383085499,0.0017326549225956738,0.0011485430877655745,51.72445297241211
2026-07-23 13:00:00-04:00,gold,4043.899696022185,4055.0627123686136,-0.0025685097,0.0001880661,0.0007383779,0.003011339,0.01880661,UP,0.0031362954148262544,13.616855118959567,9.368292548336717,0.221022383085499,0.0017326549225956738,0.0011485430877655745,51.72445297241211
2026-07-23 14:00:00-04:00,gold,4048.8001483091502,4044.726171068265,0.0012110043,0.00020439713,0.0006070876,0.003016448,0.020439714,UP,0.003129889538381934,13.616855118959567,9.368292548336717,0.221022383085499,0.0017326549225956738,0.0011485430877655745,51.72445297241211
2026-07-23 15:00:00-04:00,gold,4052.1004408280714,4049.66013928497,0.00081473636,0.00021232842,0.000867834,0.002998558,0.021232842,UP,0.0031198826202058637,13.616855118959567,9.368292548336717,0.221022383085499,0.0017326549225956738,0.0011485430877655745,51.72445297241211
2026-07-23 16:00:00-04:00,gold,4052.3000795174157,4052.9893889760715,4.9343857e-05,0.00021940173,0.002138618,0.002883003,0.021940174,UP,0.0023391587869280193,13.616855118959567,9.368292548336717,0.221022383085499,0.0017326549225956738,0.0011485430877655745,51.72445297241211
2026-07-23 18:00:00-04:00,gold,4052.0000612341973,4053.1734426603653,-7.404682e-05,0.00021545429,0.0023540566,0.0027049596,0.021545429,UP,0.0023395111932145714,13.616855118959567,9.368292548336717,0.221022383085499,0.0017326549225956738,0.0011485430877655745,51.72445297241211
2026-07-23 19:00:00-04:00,gold,4049.3998169898987,4052.8245425224304,-0.00064188853,0.00020353304,0.0023716297,0.0025292905,0.020353304,UP,0.0022504588348120883,13.616855118959567,9.368292548336717,0.221022383085499,0.0017326549225956738,0.0011485430877655745,51.72445297241211
2026-07-23 20:00:00-04:00,gold,4052.4000449649175,4050.1297841849737,0.0007405762,0.00018024465,0.00217217,0.0023736476,0.018024465,UP,0.002244317778133764,13.616855118959567,9.368292548336717,0.221022383085499,0.0017326549225956738,0.0011485430877655745,51.72445297241211
2026-07-23 21:00:00-04:00,gold,4046.0000093095005,4053.0370897616376,-0.0015805353,0.00015713666,0.0029966757,0.0022437118,0.015713666,UP,0.0022479940956505054,13.616855118959567,9.368292548336717,0.221022383085499,0.0017326549225956738,0.0011485430877655745,51.72445297241211
2026-07-23 22:00:00-04:00,gold,4026.6999337673187,4046.5590097904205,-0.0047815694,0.00013821205,0.0020201209,0.0021600523,0.013821205,UP,0.0023581279294213925,13.616855118959567,9.368292548336717,0.221022383085499,0.0017326549225956738,0.0011485430877655745,51.72445297241211
2026-07-23 23:00:00-04:00,gold,4031.1002948823443,4027.201572114107,0.0010921459,0.00012444261,0.002063958,0.002138874,0.0124442605,UP,0.0023856817463531817,13.616855118959567,9.368292548336717,0.221022383085499,0.0017326549225956738,0.0011485430877655745,51.72445297241211
2026-07-24 00:00:00-04:00,gold,4029.7999842984427,4031.554692827747,-0.0003225567,0.00011273732,0.0018979631,0.00214693,0.0112737315,UP,0.002385802786864056,13.616855118959567,9.368292548336717,0.221022383085499,0.0017326549225956738,0.0011485430877655745,51.72445297241211
2026-07-24 01:00:00-04:00,gold,4025.000236131207,4030.2160662224633,-0.0011918481,0.00010317699,0.0015177218,0.0021806124,0.010317699,UP,0.002366814246759311,13.616855118959567,9.368292548336717,0.221022383085499,0.0017326549225956738,0.0011485430877655745,51.72445297241211
2026-07-24 02:00:00-04:00,gold,4038.399860262871,4025.3737777471542,0.0033236388,9.286519e-05,0.0015443653,0.002254431,0.009286519,UP,0.002401995068821411,13.616855118959567,9.368292548336717,0.221022383085499,0.0017326549225956738,0.0011485430877655745,51.72445297241211
2026-07-24 03:00:00-04:00,gold,4051.1001057414687,4038.764333334693,0.0031399233,9.0242946e-05,0.0011166013,0.0023136782,0.009024294,UP,0.0025052098152757996,13.616855118959567,9.368292548336717,0.221022383085499,0.0017326549225956738,0.0011485430877655745,51.72445297241211
2026-07-24 04:00:00-04:00,gold,4059.9999918579706,4051.46277715842,0.0021945003,8.958716e-05,0.0013814383,0.0023612864,0.008958716,UP,0.0024968629299218807,13.616855118959567,9.368292548336717,0.221022383085499,0.0017326549225956738,0.0011485430877655745,51.72445297241211
2026-07-24 05:00:00-04:00,gold,4062.599992752075,4060.3697681427,0.00064021314,9.096392e-05,0.001512417,0.0023701622,0.009096392,UP,0.002442584506561975,13.616855118959567,9.368292548336717,0.221022383085499,0.0017326549225956738,0.0011485430877655745,51.72445297241211
2026-07-24 06:00:00-04:00,gold,4062.1998239778623,4062.9918960903888,-9.8500015e-05,9.639301e-05,0.0020512044,0.0023197096,0.0096393,UP,0.0024435776493747564,13.616855118959567,9.368292548336717,0.221022383085499,0.0017326549225956738,0.0011485430877655745,51.72445297241211
2026-07-24 07:00:00-04:00,gold,4060.1999905349803,4062.6038173150155,-0.00049246533,9.933752e-05,0.002541419,0.0021856173,0.009933752,UP,0.0024424632591129565,13.616855118959567,9.368292548336717,0.221022383085499,0.0017326549225956738,0.0011485430877655745,51.72445297241211
2026-07-24 08:00:00-04:00,gold,4058.500337585385,4060.6476637071173,-0.00041877423,0.00011014487,0.0025926945,0.0020045561,0.011014488,UP,0.00243085018231916,13.616855118959567,9.368292548336717,0.221022383085499,0.0017326549225956738,0.0011485430877655745,51.72445297241211
2026-07-24 09:00:00-04:00,gold,4069.999701321125,4059.0128395557404,0.0028295522,0.00012628947,0.0023667412,0.0018276224,0.012628946,UP,0.0025033757066513567,13.616855118959567,9.368292548336717,0.221022383085499,0.0017326549225956738,0.0011485430877655745,51.72445297241211
2026-07-24 10:00:00-04:00,gold,4066.20005607605,4070.5953180789948,-0.00093410903,0.00014623569,0.002369648,0.0016632567,0.014623569,UP,0.0023032563878394147,13.616855118959567,9.368292548336717,0.221022383085499,0.0017326549225956738,0.0011485430877655745,51.72445297241211
2026-07-24 11:00:00-04:00,gold,4079.8998414540256,4066.8683921972115,0.0033635641,0.0001644219,0.0024735737,0.0015115028,0.01644219,UP,0.0023954447661539854,13.616855118959567,9.368292548336717,0.221022383085499,0.0017326549225956738,0.0011485430877655745,51.72445297241211
2026-07-24 12:00:00-04:00,gold,4069.4997811839858,4080.5370365228737,-0.0025523126,0.00015613798,0.0031725152,0.0014145063,0.015613798,UP,0.0024342490809592136,13.616855118959567,9.368292548336717,0.221022383085499,0.0017326549225956738,0.0011485430877655745,51.72445297241211
2026-07-24 13:00:00-04:00,gold,4065.799972951412,4070.074869811535,-0.0009096042,0.00014130169,0.0029717435,0.0013939483,0.014130169,UP,0.002429419253255994,13.616855118959567,9.368292548336717,0.221022383085499,0.0017326549225956738,0.0011485430877655745,51.72445297241211
2026-07-24 14:00:00-04:00,gold,4056.6996758321766,4066.3259278599,-0.0022407144,0.00012931893,0.002152489,0.0014115963,0.012931893,UP,0.00243801773181541,13.616855118959567,9.368292548336717,0.221022383085499,0.0017326549225956738,0.0011485430877655745,51.72445297241211
2026-07-24 15:00:00-04:00,gold,4056.1000499380316,4057.2144976553973,-0.00014787831,0.0001267787,0.0017026559,0.0014538907,0.01267787,UP,0.0021891535839888804,13.616855118959567,9.368292548336717,0.221022383085499,0.0017326549225956738,0.0011485430877655745,51.72445297241211
2026-07-24 16:00:00-04:00,gold,4070.800218959921,4056.609732807032,0.0036176075,0.00012566854,0.003328576,0.001481393,0.012566853,UP,0.0021137072400732406,13.616855118959567,9.368292548336717,0.221022383085499,0.0017326549225956738,0.0011485430877655745,51.72445297241211
2026-07-26 18:00:00-04:00,gold,4092.1998019877938,4071.2955168306653,0.005243158,0.00012163278,0.002493698,0.0014832872,0.012163278,UP,0.0022144830438535,13.616855118959567,9.368292548336717,0.221022383085499,0.0017326549225956738,0.0011485430877655745,51.72445297241211
2026-07-26 19:00:00-04:00,gold,4096.900176349824,4092.7097316919535,0.0011478555,0.00012445744,0.0024121176,0.0014920039,0.012445744,UP,0.0021601439899902406,13.616855118959567,9.368292548336717,0.221022383085499,0.0017326549225956738,0.0011485430877655745,51.72445297241211
2026-07-26 20:00:00-04:00,gold,4102.599884839088,4097.450316213362,0.0013903766,0.00013429859,0.0023346203,0.001508383,0.01342986,UP,0.0021670454705084692,13.616855118959567,9.368292548336717,0.221022383085499,0.0017326549225956738,0.0011485430877655745,51.72445297241211
2026-07-26 21:00:00-04:00,gold,4111.999985441798,4103.19138092018,0.0022885853,0.00014406646,0.0019733221,0.0015341882,0.014406647,UP,0.002118982990509654,13.616855118959567,9.368292548336717,0.221022383085499,0.0017326549225956738,0.0011485430877655745,51.72445297241211
2026-07-26 22:00:00-04:00,gold,4095.699758529663,4112.6294021606445,-0.0039718975,0.00015308995,0.0011437966,0.0015736542,0.015308995,UP,0.002269370013829374,13.616855118959567,9.368292548336717,0.221022383085499,0.0017326549225956738,0.0011485430877655745,51.72445297241211
2026-07-26 23:00:00-04:00,gold,4092.4999902868294,4096.3463881892385,-0.0007816007,0.00015789035,0.0013712684,0.0016379654,0.015789034,UP,0.002277674135230875,13.616855118959567,9.368292548336717,0.221022383085499,0.0017326549225956738,0.0011485430877655745,51.72445297241211
2026-07-27 00:00:00-04:00,gold,4091.699903011322,4093.125441670418,-0.00019551057,0.0001527684,0.0013484526,0.0017345125,0.015276841,UP,0.002279164647597648,13.616855118959567,9.368292548336717,0.221022383085499,0.0017326549225956738,0.0011485430877655745,51.72445297241211
2026-07-27 01:00:00-04:00,gold,4095.3001715349674,4092.2760059407155,0.0008794669,0.00014069668,0.001339459,0.0018600759,0.014069668,UP,0.0022800580334844766,13.616855118959567,9.368292548336717,0.221022383085499,0.0017326549225956738,0.0011485430877655745,51.72445297241211
2026-07-27 02:00:00-04:00,gold,4098.400104917295,4095.8072863520065,0.0007566432,0.00012389489,0.0015303697,0.0019961917,0.0123894885,UP,0.0022732246603212394,13.616855118959567,9.368292548336717,0.221022383085499,0.0017326549225956738,0.0011485430877655745,51.72445297241211
2026-07-27 03:00:00-04:00,gold,4090.6998367713823,4098.834238709591,-0.0018805371,0.000105885134,0.001759717,0.0021339648,0.010588514,UP,0.0023098380996827996,13.616855118959567,9.368292548336717,0.221022383085499,0.0017326549225956738,0.0011485430877655745,51.72445297241211
2026-07-27 04:00:00-04:00,gold,4097.700158810505,4091.1105519960984,0.0017097958,0.00010033388,0.0015320153,0.0022550095,0.010033388,UP,0.0022948043504435736,13.616855118959567,9.368292548336717,0.221022383085499,0.0017326549225956738,0.0011485430877655745,51.72445297241211
2026-07-27 05:00:00-04:00,gold,4098.899911842309,4098.121756943292,0.00029273285,0.00010288705,0.0016143735,0.0023213804,0.010288704,UP,0.0020751588853668854,13.616855118959567,9.368292548336717,0.221022383085499,0.0017326549225956738,0.0011485430877655745,51.72445297241211
2026-07-27 06:00:00-04:00,gold,4102.099920208508,4099.354325402877,0.0007804402,0.00011079533,0.0015501142,0.002285268,0.011079533,UP,0.0020733575124823244,13.616855118959567,9.368292548336717,0.221022383085499,0.0017326549225956738,0.0011485430877655745,51.72445297241211
2026-07-27 07:00:00-04:00,gold,4095.8999596669455,4102.585194027051,-0.001512612,0.000118289725,0.0017260348,0.0021087683,0.011828972,UP,0.002102446934268027,13.616855118959567,9.368292548336717,0.221022383085499,0.0017326549225956738,0.0011485430877655745,51.72445297241211
2026-07-27 08:00:00-04:00,gold,4085.199724386941,4096.453599749715,-0.0026157745,0.00013516868,0.0014353606,0.0018982176,0.013516868,UP,0.002158179977190604,13.616855118959567,9.368292548336717,0.221022383085499,0.0017326549225956738,0.0011485430877655745,51.72445297241211
2026-07-27 09:00:00-04:00,gold,4075.799997155962,4085.8369390411535,-0.0023036164,0.0001557981,0.0009332814,0.001733826,0.01557981,UP,0.0021481981484344757,13.616855118959567,9.368292548336717,0.221022383085499,0.0017326549225956738,0.0011485430877655745,51.72445297241211
2026-07-27 10:00:00-04:00,gold,4078.3999564720725,4076.512338980625,0.00063767226,0.00017468937,0.0010740098,0.0016106208,0.017468937,UP,0.002081836715213699,13.616855118959567,9.368292548336717,0.221022383085499,0.0017326549225956738,0.0011485430877655745,51.72445297241211
2026-07-27 11:00:00-04:00,gold,4080.5998811195022,4079.1442487538443,0.00053932966,0.00018249635,0.0013907966,0.0015586177,0.018249635,UP,0.002049469818034454,13.616855118959567,9.368292548336717,0.221022383085499,0.0017326549225956738,0.0011485430877655745,51.72445297241211
2026-07-27 12:00:00-04:00,gold,4084.1000725868507,4081.3219826871064,0.00085734937,0.00017687838,0.0013051764,0.0015451123,0.017687839,UP,0.0020515699014301736,13.616855118959567,9.368292548336717,0.221022383085499,0.0017326549225956738,0.0011485430877655745,51.72445297241211
2026-07-27 13:00:00-04:00,gold,4078.2000523765746,4084.7739155930467,-0.001445707,0.00016492541,0.0011782361,0.0015771603,0.016492542,UP,0.002072441360956018,13.616855118959567,9.368292548336717,0.221022383085499,0.0017326549225956738,0.0011485430877655745,51.72445297241211
2026-07-27 14:00:00-04:00,gold,4079.8003876494477,4078.839736835449,0.00039227694,0.00015679585,0.0019609383,0.0016346531,0.015679585,UP,0.0020695268080089925,13.616855118959567,9.368292548336717,0.221022383085499,0.0017326549225956738,0.0011485430877655745,51.72445297241211
2026-07-27 15:00:00-04:00,gold,4085.500071593793,4080.418686111225,0.0013961403,0.00015167336,0.0015591196,0.001675156,0.015167336,UP,0.0020784734042843065,13.616855118959567,9.368292548336717,0.221022383085499,0.0017326549225956738,0.0011485430877655745,51.72445297241211
2026-07-27 16:00:00-04:00,gold,4078.600008815527,4086.106838822365,-0.0016903036,0.0001485396,0.0016397823,0.0016863883,0.014853961,UP,0.002046369463288389,13.616855118959567,9.368292548336717,0.221022383085499,0.0017326549225956738,0.0011485430877655745,51.72445297241211
2026-07-27 18:00:00-04:00,gold,4075.100136422756,4079.200077118934,-0.000858506,0.00014707909,0.0023118153,0.001680945,0.014707909,UP,0.002045135024706916,13.616855118959567,9.368292548336717,0.221022383085499,0.0017326549225956738,0.0011485430877655745,51.72445297241211
2026-07-27 19:00:00-04:00,gold,4074.400074572477,4075.679159082938,-0.0001718376,0.00014212255,0.002235845,0.0016440296,0.014212254,UP,0.0019483421819423362,13.616855118959567,9.368292548336717,0.221022383085499,0.0017326549225956738,0.0011485430877655745,51.72445297241211
2026-07-27 20:00:00-04:00,gold,4058.4998203273863,4074.979349980771,-0.0039100256,0.00014217541,0.001988082,0.001617178,0.014217542,UP,0.002022615646967585,13.616855118959567,9.368292548336717,0.221022383085499,0.0017326549225956738,0.0011485430877655745,51.72445297241211
2026-07-27 21:00:00-04:00,gold,4045.6998149752617,4059.0892816781998,-0.0031588704,0.00014521484,0.0014683671,0.0016094676,0.014521484,UP,0.002094282125253048,13.616855118959567,9.368292548336717,0.221022383085499,0.0017326549225956738,0.0011485430877655745,51.72445297241211
2026-07-27 22:00:00-04:00,gold,4042.300082945134,4046.3134177133907,-0.00084072765,0.00015165251,0.0014001296,0.0016330327,0.015165251,UP,0.0020618197484837462,13.616855118959567,9.368292548336717,0.221022383085499,0.0017326549225956738,0.0011485430877655745,51.72445297241211
2026-07-27 23:00:00-04:00,gold,4049.600044660532,4042.914927346981,0.001804286,0.00015207806,0.0011025311,0.0016903564,0.015207807,UP,0.0020914378728114974,13.616855118959567,9.368292548336717,0.221022383085499,0.0017326549225956738,0.0011485430877655745,51.72445297241211
2026-07-28 00:00:00-04:00,gold,4042.1000944236293,4050.1682943481137,-0.0018537518,0.00014021428,0.0026500353,0.0017888567,0.014021428,UP,0.0019964001166498796,13.616855118959567,9.368292548336717,0.221022383085499,0.0017326549225956738,0.0011485430877655745,51.72445297241211
2026-07-28 01:00:00-04:00,gold,4045.199876538303,4042.5993003488984,0.0007665979,0.00012343623,0.0026200349,0.0019277736,0.012343623,UP,0.0017196962865055636,13.616855118959567,9.368292548336717,0.221022383085499,0.0017326549225956738,0.0011485430877655745,51.72445297241211
2026-07-28 02:00:00-04:00,gold,4048.699943214131,4045.6093605468923,0.0008648489,0.00010124081,0.0025675755,0.0020830045,0.010124081,UP,0.0017117528798306339,13.616855118959567,9.368292548336717,0.221022383085499,0.0017326549225956738,0.0011485430877655745,51.72445297241211
2026-07-28 03:00:00-04:00,gold,4047.3000461806805,4049.0484191614087,-0.00034582568,8.609001e-05,0.00263797,0.0022387842,0.0086090015,UP,0.001678367622664108,13.616855118959567,9.368292548336717,0.221022383085499,0.0017326549225956738,0.0011485430877655745,51.72445297241211
2026-07-28 04:00:00-04:00,gold,4045.6999179587438,4047.6537035627116,-0.00039542755,8.7418135e-05,0.0026598608,0.0023785026,0.008741814,UP,0.0015966989155727174,13.616855118959567,9.368292548336717,0.221022383085499,0.0017326549225956738,0.0011485430877655745,51.72445297241211
2026-07-28 05:00:00-04:00,gold,4023.299741276249,4046.067934639781,-0.005552103,9.091342e-05,0.001127545,0.0024203255,0.009091342,UP,0.0017329802550630857,13.616855118959567,9.368292548336717,0.221022383085499,0.0017326549225956738,0.0011485430877655745,51.72445297241211
2026-07-28 06:00:00-04:00,gold,4025.5998015086807,4023.6933329153107,0.0005715188,9.764852e-05,0.0027859418,0.002390951,0.009764852,UP,0.0017454677090359793,13.616855118959567,9.368292548336717,0.221022383085499,0.0017326549225956738,0.0011485430877655745,51.72445297241211
2026-07-28 07:00:00-04:00,gold,4027.800388389558,4026.02000046795,0.00054634095,0.00010427265,0.0031534631,0.0022489454,0.010427265,UP,0.0017558574897631456,13.616855118959567,9.368292548336717,0.221022383085499,0.0017326549225956738,0.0011485430877655745,51.72445297241211
2026-07-28 08:00:00-04:00,gold,4029.39991256746,4028.2965251505957,0.00039712395,0.00012325366,0.0034074704,0.0020208366,0.012325366,UP,0.0017447359101527562,13.616855118959567,9.368292548336717,0.221022383085499,0.0017326549225956738,0.0011485430877655745,51.72445297241211
2026-07-28 09:00:00-04:00,gold,4021.3995678337233,4029.9623827082687,-0.0019873807,0.00013960942,0.0033152576,0.001815315,0.013960942,UP,0.0017463287639036932,13.616855118959567,9.368292548336717,0.221022383085499,0.0017326549225956738,0.0011485430877655745,51.72445297241211
2026-07-28 10:00:00-04:00,gold,4023.799719799892,4022.045638283307,0.0005966655,0.00016052912,0.0033193734,0.0016398409,0.016052911,UP,0.0017438005916172474,13.616855118959567,9.368292548336717,0.221022383085499,0.0017326549225956738,0.0011485430877655745,51.72445297241211
2026-07-28 11:00:00-04:00,gold,4046.4996778620116,4024.494617279852,0.005625568,0.00017260591,0.0015129074,0.0015082207,0.01726059,UP,0.0020415879611709853,13.616855118959567,9.368292548336717,0.221022383085499,0.0017326549225956738,0.0011485430877655745,51.72445297241211
2026-07-28 12:00:00-04:00,gold,4037.6000818014145,4047.157484471798,-0.0022018296,0.00016239785,0.0016360163,0.0014270464,0.016239785,UP,0.002062309063744271,13.616855118959567,9.368292548336717,0.221022383085499,0.0017326549225956738,0.0011485430877655745,51.72445297241211
2026-07-28 13:00:00-04:00,gold,4028.000181442767,4038.1598721639602,-0.0023805052,0.00013856406,0.0017455966,0.0013995356,0.013856406,UP,0.002075245819902,13.616855118959567,9.368292548336717,0.221022383085499,0.0017326549225956738,0.0011485430877655745,51.72445297241211
2026-07-28 14:00:00-04:00,gold,4023.100294113159,4028.5214700698853,-0.0012172008,0.00012935887,0.0016875901,0.001443696,0.012935887,UP,0.0020714997638151995,13.616855118959567,9.368292548336717,0.221022383085499,0.0017326549225956738,0.0011485430877655745,51.72445297241211
2026-07-28 15:00:00-04:00,gold,4025.8999493563315,4023.600310969574,0.00069569005,0.00012432,0.00171637,0.0014941497,0.012432,UP,0.002048361217209334,13.616855118959567,9.368292548336717,0.221022383085499,0.0017326549225956738,0.0011485430877655745,51.72445297241211
2026-07-28 16:00:00-04:00,gold,4028.8000871074037,4026.3807868602453,0.0007201128,0.000119427044,0.0017279842,0.0015234128,0.011942704,UP,0.002030204739814811,13.616855118959567,9.368292548336717,0.221022383085499,0.0017326549225956738,0.0011485430877655745,51.72445297241211
2026-07-28 18:00:00-04:00,gold,4017.899832021212,4029.2697532710736,-0.002709223,0.00011660242,0.0013510071,0.0015354644,0.011660242,UP,0.002063636863380963,13.616855118959567,9.368292548336717,0.221022383085499,0.0017326549225956738,0.0011485430877655745,51.72445297241211
2026-07-28 19:00:00-04:00,gold,4024.299912750139,4018.3573196419165,0.001591641,0.00011382269,0.0012096054,0.0015284823,0.011382269,UP,0.0020906495207223814,13.616855118959567,9.368292548336717,0.221022383085499,0.0017326549225956738,0.0011485430877655745,51.72445297241211
2026-07-28 20:00:00-04:00,gold,4021.300032573301,4024.7548366124975,-0.0007457493,0.000112960144,0.0012472838,0.001506604,0.011296014,UP,0.0020762222113606186,13.616855118959567,9.368292548336717,0.221022383085499,0.0017326549225956738,0.0011485430877655745,51.72445297241211
2026-07-28 21:00:00-04:00,gold,4024.9998752804822,4021.7645644840377,0.00091966527,0.00011547424,0.0014450796,0.0014860908,0.011547424,UP,0.002084556158759382,13.616855118959567,9.368292548336717,0.221022383085499,0.0017326549225956738,0.0011485430877655745,51.72445297241211
2026-07-28 22:00:00-04:00,gold,4028.3001840114594,4025.484135746956,0.000819552,0.000120295445,0.0067365267,0.0014760179,0.012029544,UP,0.002091859574140669,13.616855118959567,9.368292548336717,0.221022383085499,0.0017326549225956738,0.0011485430877655745,51.72445297241211
2026-07-28 23:00:00-04:00,gold,4021.50002397997,4028.817716056423,-0.0016894955,0.00012837276,0.006697046,0.001484585,0.012837276,UP,0.002075153055876947,13.616855118959567,9.368292548336717,0.221022383085499,0.0017326549225956738,0.0011485430877655745,51.72445297241211
2026-07-29 00:00:00-04:00,gold,4025.399920284748,4022.057062983513,0.0009692931,0.00013842338,0.006969885,0.0015232806,0.013842338,UP,0.0020804573223517924,13.616855118959567,9.368292548336717,0.221022383085499,0.0017326549225956738,0.0011485430877655745,51.72445297241211
2026-07-29 01:00:00-04:00,gold,4031.300323152449,4025.9685424428317,0.0014646561,0.00014127788,0.0072700945,0.0015974157,0.014127788,UP,0.002107266952599727,13.616855118959567,9.368292548336717,0.221022383085499,0.0017326549225956738,0.0011485430877655745,51.72445297241211
2026-07-29 02:00:00-04:00,gold,4039.8003429488745,4031.8469356841524,0.0021062812,0.0001356691,0.0072945934,0.0017055632,0.01356691,UP,0.0021548044797070473,13.616855118959567,9.368292548336717,0.221022383085499,0.0017326549225956738,0.0011485430877655745,51.72445297241211
2026-07-29 03:00:00-04:00,gold,4102.600228019641,4040.313896495354,0.0154257445,0.00012719017,0.0014436691,0.0018355595,0.012719017,UP,0.003520590235468974,13.616855118959567,9.368292548336717,0.221022383085499,0.0017326549225956738,0.0011485430877655745,51.72445297241211
2026-07-29 04:00:00-04:00,gold,4096.500196490524,4103.072537385742,-0.0014879922,0.00011515846,0.001956032,0.0019950191,0.011515846,UP,0.0034759874623563275,13.616855118959567,9.368292548336717,0.221022383085499,0.0017326549225956738,0.0011485430877655745,51.72445297241211
2026-07-29 05:00:00-04:00,gold,4091.899829149246,4096.952691972256,-0.0011235646,0.000110504814,0.0020222643,0.002135897,0.011050481,UP,0.0034799061227487266,13.616855118959567,9.368292548336717,0.221022383085499,0.0017326549225956738,0.0011485430877655745,51.72445297241211
2026-07-29 06:00:00-04:00,gold,4086.1002936495643,4092.374524427054,-0.001418392,0.000115938354,0.0023572892,0.0022053944,0.011593835,UP,0.00348515404887662,13.616855118959567,9.368292548336717,0.221022383085499,0.0017326549225956738,0.0011485430877655745,51.72445297241211
2026-07-29 07:00:00-04:00,gold,4091.500100336387,4086.590121352463,0.0013206572,0.000119833334,0.0032593738,0.00219637,0.011983333,UP,0.003465533046856424,13.616855118959567,9.368292548336717,0.221022383085499,0.0017326549225956738,0.0011485430877655745,51.72445297241211
2026-07-29 08:00:00-04:00,gold,4080.899842083454,4092.041884481907,-0.0025941224,0.00013234743,0.0034339074,0.0021078866,0.013234743,UP,0.0035075983707300107,13.616855118959567,9.368292548336717,0.221022383085499,0.0017326549225956738,0.0011485430877655745,51.72445297241211
2026-07-29 09:00:00-04:00,gold,4064.8002942361636,4081.5289225070155,-0.0039529754,0.00015405237,0.0061909286,0.0019932895,0.015405237,UP,0.0035898017475799265,13.616855118959567,9.368292548336717,0.221022383085499,0.0017326549225956738,0.0011485430877655745,51.72445297241211
2026-07-29 10:00:00-04:00,gold,4063.2000253485166,4065.5123548593256,-0.0003937248,0.0001751782,0.010963779,0.0019341415,0.01751782,UP,0.0035900351110646892,13.616855118959567,9.368292548336717,0.221022383085499,0.0017326549225956738,0.0011485430877655745,51.72445297241211
2026-07-29 11:00:00-04:00,gold,4068.4999406177667,4063.9710700896103,0.0013035526,0.00018976176,0.011035946,0.001832053,0.018976176,UP,0.0035947552926380976,13.616855118959567,9.368292548336717,0.221022383085499,0.0017326549225956738,0.0011485430877655745,51.72445297241211
2026-07-29 12:00:00-04:00,gold,4086.0997886657715,4069.295889914036,0.0043166126,0.0001955427,0.011059314,0.0018026772,0.01955427,UP,0.003502432477334523,13.616855118959567,9.368292548336717,0.221022383085499,0.0017326549225956738,0.0011485430877655745,51.72445297241211
2026-07-29 13:00:00-04:00,gold,4102.89972713805,4086.888714320434,0.0041030226,0.00019297199,0.011160903,0.0018484164,0.0192972,UP,0.003563250286266324,13.616855118959567,9.368292548336717,0.221022383085499,0.0017326549225956738,0.0011485430877655745,51.72445297241211
2026-07-29 14:00:00-04:00,gold,4166.80033331411,4103.705456273456,0.015454291,0.00019625528,0.008219905,0.0019275742,0.019625528,UP,0.004486356090380039,13.616855118959567,9.368292548336717,0.221022383085499,0.0017326549225956738,0.0011485430877655745,51.72445297241211
2026-07-29 15:00:00-04:00,gold,4104.700459792337,4167.697379976162,-0.015015602,0.00021534535,0.003657422,0.0020806508,0.021534536,UP,0.0053587445017780734,13.616855118959567,9.368292548336717,0.221022383085499,0.0017326549225956738,0.0011485430877655745,51.72445297241211
2026-07-29 16:00:00-04:00,gold,4125.999735689373,4105.75222985982,0.0051757083,0.00025624962,0.004153869,0.0022382697,0.025624963,UP,0.005397893291553434,13.616855118959567,9.368292548336717,0.221022383085499,0.0017326549225956738,0.0011485430877655745,51.72445297241211
2026-07-29 18:00:00-04:00,gold,4146.29994392395,4127.205050945282,0.0049079084,0.0002920549,0.003006924,0.0023920422,0.02920549,UP,0.005447814809520018,13.616855118959567,9.368292548336717,0.221022383085499,0.0017326549225956738,0.0011485430877655745,51.72445297241211
2026-07-29 19:00:00-04:00,gold,4142.000085115316,4147.602720056195,-0.0010375602,0.00031415763,0.0030354077,0.002534118,0.031415764,UP,0.005388349512185174,13.616855118959567,9.368292548336717,0.221022383085499,0.0017326549225956738,0.0011485430877655745,51.72445297241211
2026-07-29 20:00:00-04:00,gold,4129.700316905975,4143.365753650665,-0.0029739502,0.0003296241,0.0030336655,0.0026764052,0.03296241,UP,0.00540490073642403,13.616855118959567,9.368292548336717,0.221022383085499,0.0017326549225956738,0.0011485430877655745,51.72445297241211
2026-07-29 21:00:00-04:00,gold,4142.400022976217,4131.046139756916,0.0030704942,0.0003258244,0.0021509172,0.0028350693,0.03258244,UP,0.00538718894284094,13.616855118959567,9.368292548336717,0.221022383085499,0.0017326549225956738,0.0011485430877655745,51.72445297241211
2026-07-29 22:00:00-04:00,gold,4121.400276774511,4143.695666473359,-0.0050824187,0.00031272782,0.0018209207,0.0030241157,0.03127278,UP,0.0054856009343364695,13.616855118959567,9.368292548336717,0.221022383085499,0.0017326549225956738,0.0011485430877655745,51.72445297241211
2026-07-29 23:00:00-04:00,gold,4114.099785274389,4122.614418573212,-0.0017727659,0.00029459657,0.0035007985,0.0032298944,0.029459657,UP,0.005505972520468617,13.616855118959567,9.368292548336717,0.221022383085499,0.0017326549225956738,0.0011485430877655745,51.72445297241211
2026-07-30 00:00:00-04:00,gold,4102.499990396522,4115.209960999608,-0.0028235777,0.00026971367,0.0030577055,0.0034320296,0.026971366,UP,0.00554414736202252,13.616855118959567,9.368292548336717,0.221022383085499,0.0017326549225956738,0.0011485430877655745,51.72445297241211
2026-07-30 01:00:00-04:00,gold,4090.3997737169266,4103.505988419056,-0.002953803,0.0002452686,0.0022887443,0.0036450971,0.02452686,UP,0.005549367155280105,13.616855118959567,9.368292548336717,0.221022383085499,0.0017326549225956738,0.0011485430877655745,51.72445297241211
2026-07-30 02:00:00-04:00,gold,4093.800032439118,4091.309789445135,0.0008309051,0.00022234433,0.002462193,0.0038583665,0.022234432,UP,0.005546462171727038,13.616855118959567,9.368292548336717,0.221022383085499,0.0017326549225956738,0.0011485430877655745,51.72445297241211
2026-07-30 03:00:00-04:00,gold,4096.100082353369,4094.633097253245,0.0005616793,0.00020342245,0.0030705144,0.0040509463,0.020342244,UP,0.005540775166591121,13.616855118959567,9.368292548336717,0.221022383085499,0.0017326549225956738,0.0011485430877655745,51.72445297241211
2026-07-30 04:00:00-04:00,gold,4119.200271537295,4096.881855041545,0.0056236917,0.00019077817,0.0050186953,0.004197432,0.019077817,UP,0.0056158050017253765,13.616855118959567,9.368292548336717,0.221022383085499,0.0017326549225956738,0.0011485430877655745,51.72445297241211
2026-07-30 05:00:00-04:00,gold,4121.500259127002,4119.975558413076,0.0005581576,0.00018823039,0.005611968,0.004281107,0.018823039,UP,0.00561595466025861,13.616855118959567,9.368292548336717,0.221022383085499,0.0017326549225956738,0.0011485430877655745,51.72445297241211
2026-07-30 06:00:00-04:00,gold,4136.39980328083,4122.286113739014,0.0036086459,0.0001907133,0.005526873,0.0042832145,0.01907133,UP,0.005619120149395719,13.616855118959567,9.368292548336717,0.221022383085499,0.0017326549225956738,0.0011485430877655745,51.72445297241211
2026-07-30 07:00:00-04:00,gold,4136.000246987242,4137.2199231431005,-9.6683514e-05,0.00019818713,0.0054827887,0.00412139,0.019818714,UP,0.005622393885467763,13.616855118959567,9.368292548336717,0.221022383085499,0.0017326549225956738,0.0011485430877655745,51.72445297241211
2026-07-30 08:00:00-04:00,gold,4127.399981975555,4136.876642227173,-0.002081492,0.00021185144,0.0054678493,0.0038778922,0.021185145,UP,0.00564770707497735,13.616855118959567,9.368292548336717,0.221022383085499,0.0017326549225956738,0.0011485430877655745,51.72445297241211
2026-07-30 09:00:00-04:00,gold,4171.999947017175,4128.357381845708,0.010747893,0.00023182677,0.0020015568,0.0036832998,0.023182677,UP,0.005933155786181677,13.616855118959567,9.368292548336717,0.221022383085499,0.0017326549225956738,0.0011485430877655745,51.72445297241211
2026-07-30 10:00:00-04:00,gold,4159.09996509552,4173.091663837433,-0.003096809,0.00026158348,0.001976079,0.0035660923,0.026158348,UP,0.005310546328899556,13.616855118959567,9.368292548336717,0.221022383085499,0.0017326549225956738,0.0011485430877655745,51.72445297241211
2026-07-30 11:00:00-04:00,gold,4167.000228518969,4160.336135452206,0.0018976242,0.00029702528,0.002095654,0.003519454,0.029702527,UP,0.005303509532513375,13.616855118959567,9.368292548336717,0.221022383085499,0.0017326549225956738,0.0011485430877655745,51.72445297241211
2026-07-30 12:00:00-04:00,gold,4169.7996554374695,4168.351146697998,0.00067167374,0.00032415596,0.002149,0.0034629959,0.032415595,UP,0.005293721766209076,13.616855118959567,9.368292548336717,0.221022383085499,0.0017326549225956738,0.0011485430877655745,51.72445297241211
2026-07-30 13:00:00-04:00,gold,4161.500078756944,4171.2164794735145,-0.00199244,0.0003397135,0.0019358994,0.0033895392,0.03397135,UP,0.005302437375350902,13.616855118959567,9.368292548336717,0.221022383085499,0.0017326549225956738,0.0011485430877655745,51.72445297241211
2026-07-30 14:00:00-04:00,gold,4158.800033122301,4162.944612503052,-0.0006490621,0.0003470156,0.0023027232,0.0033214903,0.03470156,UP,0.005305691959398641,13.616855118959567,9.368292548336717,0.221022383085499,0.0017326549225956738,0.0011485430877655745,51.72445297241211
2026-07-30 15:00:00-04:00,gold,4171.200438918429,4160.233564500231,0.0029772867,0.00034471735,0.0015944917,0.0032430864,0.034471735,UP,0.005289189072038915,13.616855118959567,9.368292548336717,0.221022383085499,0.0017326549225956738,0.0011485430877655745,51.72445297241211
2026-07-30 16:00:00-04:00,gold,4162.799973189889,4172.597456043819,-0.0020159332,0.0003348968,0.001595883,0.0031547234,0.033489678,UP,0.005241696573621812,13.616855118959567,9.368292548336717,0.221022383085499,0.0017326549225956738,0.0011485430877655745,51.72445297241211
2026-07-30 18:00:00-04:00,gold,4167.39999034279,4164.1193185664015,0.0011044389,0.00031691024,0.0011110613,0.0030574547,0.031691026,UP,0.005236991885148028,13.616855118959567,9.368292548336717,0.221022383085499,0.0017326549225956738,0.0011485430877655745,51.72445297241211
2026-07-30 19:00:00-04:00,gold,4164.399770735472,4168.642381090613,-0.00072013255,0.000298032,0.0016528254,0.002937503,0.029803202,UP,0.0052440733033312145,13.616855118959567,9.368292548336717,0.221022383085499,0.0017326549225956738,0.0011485430877655745,51.72445297241211
2026-07-30 20:00:00-04:00,gold,4153.500172107713,4165.543688938022,-0.0026208318,0.00027465835,0.0014855877,0.002884634,0.027465835,UP,0.005235856973611111,13.616855118959567,9.368292548336717,0.221022383085499,0.0017326549225956738,0.0011485430877655745,51.72445297241211
2026-07-30 21:00:00-04:00,gold,4142.49981585145,4154.551173269749,-0.002651882,0.00025301543,0.0013398436,0.002853679,0.025301542,UP,0.005223132304616197,13.616855118959567,9.368292548336717,0.221022383085499,0.0017326549225956738,0.0011485430877655745,51.72445297241211
2026-07-30 22:00:00-04:00,gold,4134.100292474031,4143.464933037758,-0.002029796,0.00023287849,0.001493154,0.002872099,0.02328785,UP,0.00437119757594551,13.616855118959567,9.368292548336717,0.221022383085499,0.0017326549225956738,0.0011485430877655745,51.72445297241211
2026-07-30 23:00:00-04:00,gold,4133.099913102604,4134.967466374859,-0.00024191986,0.00020974927,0.0016045013,0.0029502588,0.020974927,UP,0.0033851761702718515,13.616855118959567,9.368292548336717,0.221022383085499,0.0017326549225956738,0.0011485430877655745,51.72445297241211
2026-07-31 00:00:00-04:00,gold,4137.599962615001,4133.86378874199,0.001088179,0.00018480705,0.0012398856,0.0030212994,0.018480705,UP,0.003258682852883053,13.616855118959567,9.368292548336717,0.221022383085499,0.0017326549225956738,0.0011485430877655745,51.72445297241211
2026-07-31 01:00:00-04:00,gold,4132.100220931898,4138.277809922001,-0.0013301572,0.00016380788,0.0013402621,0.003139718,0.016380789,UP,0.003137339952218403,13.616855118959567,9.368292548336717,0.221022383085499,0.0017326549225956738,0.0011485430877655745,51.72445297241211
2026-07-31 02:00:00-04:00,gold,4135.399430090678,4132.693662240228,0.00079825934,0.0001435854,0.0010411824,0.00327684,0.014358541,UP,0.0031365285300014277,13.616855118959567,9.368292548336717,0.221022383085499,0.0017326549225956738,0.0011485430877655745,51.72445297241211
2026-07-31 03:00:00-04:00,gold,4125.100111227075,4135.920487200841,-0.0024937498,0.00012574211,0.0012824937,0.0034155487,0.012574211,UP,0.003122335716550657,13.616855118959567,9.368292548336717,0.221022383085499,0.0017326549225956738,0.0011485430877655745,51.72445297241211
2026-07-31 04:00:00-04:00,gold,4117.599922813242,4125.55496663932,-0.0018197924,0.000110287525,0.0016760277,0.0035365277,0.011028753,UP,0.0030819460826996617,13.616855118959567,9.368292548336717,0.221022383085499,0.0017326549225956738,0.0011485430877655745,51.72445297241211
2026-07-31 05:00:00-04:00,gold,4111.299958556483,4118.011925993196,-0.0015312603,0.00010007277,0.0038300243,0.0035766796,0.010007277,UP,0.0029540225622180015,13.616855118959567,9.368292548336717,0.221022383085499,0.0017326549225956738,0.0011485430877655745,51.72445297241211
2026-07-31 06:00:00-04:00,gold,4110.799652403512,4111.663952798233,-0.000121623445,8.851805e-05,0.003838727,0.0034825904,0.008851805,UP,0.002936712567943391,13.616855118959567,9.368292548336717,0.221022383085499,0.0017326549225956738,0.0011485430877655745,51.72445297241211
2026-07-31 07:00:00-04:00,gold,4109.99980536924,4111.14381664549,-0.00019458073,8.357367e-05,0.0038366262,0.003282218,0.0083573675,UP,0.0028892238378479076,13.616855118959567,9.368292548336717,0.221022383085499,0.0017326549225956738,0.0011485430877655745,51.72445297241211
2026-07-31 08:00:00-04:00,gold,4096.800007224083,4110.341005325317,-0.0032168948,8.288345e-05,0.003688701,0.0030106588,0.008288345,UP,0.0028990398625639274,13.616855118959567,9.368292548336717,0.221022383085499,0.0017326549225956738,0.0011485430877655745,51.72445297241211
2026-07-31 09:00:00-04:00,gold,4081.4996985577163,4097.162180120358,-0.0037415656,8.8415385e-05,0.0029800718,0.0027378434,0.008841539,UP,0.0029757790044637553,13.616855118959567,9.368292548336717,0.221022383085499,0.0017326549225956738,0.0011485430877655745,51.72445297241211
2026-07-31 10:00:00-04:00,gold,4105.599929094315,4081.9539536833763,0.0058873505,0.00011115455,0.0014490886,0.0024705112,0.011115455,UP,0.003170049503613332,13.616855118959567,9.368292548336717,0.221022383085499,0.0017326549225956738,0.0011485430877655745,51.72445297241211
2026-07-31 11:00:00-04:00,gold,4101.799462609488,4106.128677380737,-0.0009260651,0.00012876683,0.0013511243,0.0022847732,0.012876683,UP,0.0029949409209309155,13.616855118959567,9.368292548336717,0.221022383085499,0.0017326549225956738,0.0011485430877655745,51.72445297241211
2026-07-31 12:00:00-04:00,gold,4099.299687576131,4102.430579393869,-0.0006096744,0.00015370408,0.0017364323,0.0021824506,0.015370408,UP,0.00299318370951395,13.616855118959567,9.368292548336717,0.221022383085499,0.0017326549225956738,0.0011485430877655745,51.72445297241211
2026-07-31 13:00:00-04:00,gold,4109.799956190982,4099.979062405648,0.0025581382,0.00016565554,0.0017335782,0.0021477994,0.016565554,UP,0.0029530780308887825,13.616855118959567,9.368292548336717,0.221022383085499,0.0017326549225956738,0.0011485430877655745,51.72445297241211
2026-07-31 14:00:00-04:00,gold,4106.600095924805,4110.512157549383,-0.0007788587,0.0001732571,0.00292378,0.0021447896,0.01732571,UP,0.0029547927912029325,13.616855118959567,9.368292548336717,0.221022383085499,0.0017326549225956738,0.0011485430877655745,51.72445297241211
2026-07-31 15:00:00-04:00,gold,4107.700105001859,4107.347632688179,0.0002678494,0.00018191349,0.0029275408,0.002149653,0.018191349,UP,0.002935244452391019,13.616855118959567,9.368292548336717,0.221022383085499,0.0017326549225956738,0.0011485430877655745,51.72445297241211
2026-07-31 16:00:00-04:00,gold,4106.999958601082,4108.468986666994,-0.00017047374,0.00018705108,0.0029455554,0.0021308088,0.018705107,UP,0.0020818679044738104,13.616855118959567,9.368292548336717,0.221022383085499,0.0017326549225956738,0.0011485430877655745,51.72445297241211
2026-08-02 18:00:00-04:00,gold,4119.899784564972,4107.752993345261,0.0031360327,0.00018324697,0.0025756084,0.0020799404,0.018324697,UP,0.0021269877801671313,13.616855118959567,9.368292548336717,0.221022383085499,0.0017326549225956738,0.0011485430877655745,51.72445297241211
2026-08-02 19:00:00-04:00,gold,4130.399777890707,4120.614496989001,0.0025453633,0.00017349984,0.0021575158,0.0019730472,0.017349984,UP,0.0021534150838121717,13.616855118959567,9.368292548336717,0.221022383085499,0.0017326549225956738,0.0011485430877655745,51.72445297241211
2026-08-02 20:00:00-04:00,gold,4112.799706398335,4131.082343848306,-0.0042702165,0.0001652514,0.00067051296,0.001908596,0.01652514,UP,0.002262851309642788,13.616855118959567,9.368292548336717,0.221022383085499,0.0017326549225956738,0.0011485430877655745,51.72445297241211
2026-08-02 21:00:00-04:00,gold,4112.700031905144,4113.463158862083,-2.4219647e-05,0.00016128631,0.0010642153,0.0018702646,0.016128631,UP,0.002245288297550211,13.616855118959567,9.368292548336717,0.221022383085499,0.0017326549225956738,0.0011485430877655745,51.72445297241211
2026-08-02 22:00:00-04:00,gold,4117.80000536819,4113.328233832144,0.0012391981,0.00015267485,0.0009531066,0.0018591803,0.015267486,UP,0.002264201943629684,13.616855118959567,9.368292548336717,0.221022383085499,0.0017326549225956738,0.0011485430877655745,51.72445297241211
2026-08-02 23:00:00-04:00,gold,4120.000419679214,4118.389842434553,0.0005341706,0.0001432351,0.00091097405,0.0018780951,0.01432351,UP,0.002183501835749018,13.616855118959567,9.368292548336717,0.221022383085499,0.0017326549225956738,0.0011485430877655745,51.72445297241211
2026-08-03 00:00:00-04:00,gold,4119.199929237366,4120.554990768433,-0.00019414618,0.00013464285,0.00094575796,0.0019031125,0.013464285,UP,0.002162564675127328,13.616855118959567,9.368292548336717,0.221022383085499,0.0017326549225956738,0.0011485430877655745,51.72445297241211
2026-08-03 01:00:00-04:00,gold,4124.200526188477,4119.71186621231,0.0012130918,0.00012412127,0.00047188357,0.0019477336,0.012412127,UP,0.002165175737913689,13.616855118959567,9.368292548336717,0.221022383085499,0.0017326549225956738,0.0011485430877655745,51.72445297241211
2026-08-03 02:00:00-04:00,gold,4118.899792396347,4124.660864780308,-0.0012859951,0.00011169757,0.001883466,0.0020148049,0.011169757,UP,0.0021710025588894356,13.616855118959567,9.368292548336717,0.221022383085499,0.0017326549225956738,0.0011485430877655745,51.72445297241211
2026-08-03 03:00:00-04:00,gold,4117.100346548308,4119.307932593685,-0.00043705796,9.912315e-05,0.0025490902,0.0020961678,0.009912315,UP,0.0021290497054956025,13.616855118959567,9.368292548336717,0.221022383085499,0.0017326549225956738,0.0011485430877655745,51.72445297241211
2026-08-03 04:00:00-04:00,gold,4114.999733702192,4117.522673509608,-0.00051022164,0.00010269057,0.0029330405,0.0021482673,0.010269057,UP,0.00208270290384108,13.616855118959567,9.368292548336717,0.221022383085499,0.0017326549225956738,0.0011485430877655745,51.72445297241211
2026-08-03 05:00:00-04:00,gold,4111.599778831005,4115.442472696304,-0.0008265632,0.00010748596,0.0031352926,0.0021546958,0.010748596,UP,0.002058147156180583,13.616855118959567,9.368292548336717,0.221022383085499,0.0017326549225956738,0.0011485430877655745,51.72445297241211
2026-08-03 06:00:00-04:00,gold,4105.399814935285,4112.072103368526,-0.0015091144,0.00011480614,0.0031436756,0.0020541232,0.011480615,UP,0.002072394564512147,13.616855118959567,9.368292548336717,0.221022383085499,0.0017326549225956738,0.0011485430877655745,51.72445297241211
2026-08-03 07:00:00-04:00,gold,4118.90005115344,4105.9240516776335,0.0032829572,0.00012767219,0.0023836084,0.0018745136,0.012767219,UP,0.0021575302933384776,13.616855118959567,9.368292548336717,0.221022383085499,0.0017326549225956738,0.0011485430877655745,51.72445297241211
2026-08-03 08:00:00-04:00,gold,4103.399662957527,4119.494025812368,-0.0037702392,0.00014413093,0.0019716476,0.0017081164,0.014413093,UP,0.0022473430858940503,13.616855118959567,9.368292548336717,0.221022383085499,0.0017326549225956738,0.0011485430877655745,51.72445297241211
2026-08-03 09:00:00-04:00,gold,4087.1997892897343,4104.067121203756,-0.003955748,0.00016259309,0.0017258603,0.0015903413,0.016259309,UP,0.0023377070684628535,13.616855118959567,9.368292548336717,0.221022383085499,0.0017326549225956738,0.0011485430877655745,51.72445297241211
2026-08-03 10:00:00-04:00,gold,4091.600145192031,4087.8923081315297,0.0010759884,0.00016939845,0.0018509963,0.0015148169,0.016939845,UP,0.002317710020460706,13.616855118959567,9.368292548336717,0.221022383085499,0.0017326549225956738,0.0011485430877655745,51.72445297241211
2026-08-03 11:00:00-04:00,gold,4091.60009765625,4092.2912489579176,7.275958e-12,0.00016886106,0.0018018075,0.001464887,0.016886106,UP,0.002299509604967816,13.616855118959567,9.368292548336717,0.221022383085499,0.0017326549225956738,0.0011485430877655745,51.72445297241211
2026-08-03 12:00:00-04:00,gold,4092.4000187111087,4092.2688121478423,0.00019545571,0.00016349331,0.0019084178,0.0014518601,0.01634933,UP,0.0022868603089152718,13.616855118959567,9.368292548336717,0.221022383085499,0.0017326549225956738,0.0011485430877655745,51.72445297241211
2026-08-03 13:00:00-04:00,gold,4086.399809551367,4093.0438670958392,-0.0014672081,0.00015730203,0.0015264744,0.0014878414,0.015730202,UP,0.0022994038978750853,13.616855118959567,9.368292548336717,0.221022383085499,0.0017326549225956738,0.0011485430877655745,51.72445297241211
2026-08-03 14:00:00-04:00,gold,4099.599849004007,4087.021001800953,0.003225069,0.00015188224,0.0012226063,0.0015477322,0.015188224,UP,0.0023829708663824106,13.616855118959567,9.368292548336717,0.221022383085499,0.0017326549225956738,0.0011485430877655745,51.72445297241211
2026-08-03 15:00:00-04:00,gold,4108.199934830482,4100.215872779256,0.0020955922,0.00015008845,0.0013424329,0.0016036698,0.015008845,UP,0.002339255901737026,13.616855118959567,9.368292548336717,0.221022383085499,0.0017326549225956738,0.0011485430877655745,51.72445297241211
2026-08-03 16:00:00-04:00,gold,4110.899618086405,4108.813834052649,0.0006569349,0.00014929028,0.0013353572,0.0016322768,0.014929028,UP,0.0022259941470100654,13.616855118959567,9.368292548336717,0.221022383085499,0.0017326549225956738,0.0011485430877655745,51.72445297241211
2026-08-03 18:00:00-04:00,gold,4108.600062699115,4111.514434394543,-0.0005595973,0.0001495422,0.0015331862,0.0016356644,0.0149542205,UP,0.00195532235442916,13.616855118959567,9.368292548336717,0.221022383085499,0.0017326549225956738,0.0011485430877655745,51.72445297241211
2026-08-03 19:00:00-04:00,gold,4109.299997990078,4109.2088982965215,0.00017028853,0.00014809874,0.0019668606,0.0016162824,0.014809874,UP,0.001947146660746645,13.616855118959567,9.368292548336717,0.221022383085499,0.0017326549225956738,0.0011485430877655745,51.72445297241211
2026-08-03 20:00:00-04:00,gold,4104.899576962518,4109.908709008363,-0.0010712917,0.00014807368,0.0018657682,0.0015999662,0.014807369,UP,0.0019544446070952617,13.616855118959567,9.368292548336717,0.221022383085499,0.0017326549225956738,0.0011485430877655745,51.72445297241211
2026-08-03 21:00:00-04:00,gold,4114.799784412899,4105.516962859256,0.0024088246,0.00015026386,0.0015762557,0.0016017808,0.015026386,UP,0.0019479855462370937,13.616855118959567,9.368292548336717,0.221022383085499,0.0017326549225956738,0.0011485430877655745,51.72445297241211
2026-08-03 22:00:00-04:00,gold,4114.599916825246,4115.418843907537,-4.8535017e-05,0.00015040768,0.0015757319,0.0016163363,0.015040768,UP,0.0019419273360980268,13.616855118959567,9.368292548336717,0.221022383085499,0.0017326549225956738,0.0011485430877655745,51.72445297241211
2026-08-03 23:00:00-04:00,gold,4108.200317767361,4115.208806362294,-0.0015566238,0.00014790642,0.0019481468,0.0016585262,0.014790642,UP,0.0019638221638351243,13.616855118959567,9.368292548336717,0.221022383085499,0.0017326549225956738,0.0011485430877655745,51.72445297241211
2026-08-04 00:00:00-04:00,gold,4119.299563554116,4108.789837006945,0.0026981747,0.00014350863,0.0013712554,0.0017251371,0.014350863,UP,0.002024020185815518,13.616855118959567,9.368292548336717,0.221022383085499,0.0017326549225956738,0.0011485430877655745,51.72445297241211
2026-08-04 01:00:00-04:00,gold,4117.299967711617,4119.864031252335,-0.0004856373,0.00013703696,0.001605817,0.0017943388,0.0137036955,UP,0.001942911024758985,13.616855118959567,9.368292548336717,0.221022383085499,0.0017326549225956738,0.0011485430877655745,51.72445297241211
2026-08-04 02:00:00-04:00,gold,4119.299897754681,4117.841179571697,0.00048563734,0.00013141181,0.0030863518,0.0018589357,0.013141181,UP,0.0018845252680499737,13.616855118959567,9.368292548336717,0.221022383085499,0.0017326549225956738,0.0011485430877655745,51.72445297241211
2026-08-04 03:00:00-04:00,gold,4121.799785054405,4119.83063925372,0.00060671516,0.00012883177,0.0031749168,0.0018921347,0.012883177,UP,0.001714738669571375,13.616855118959567,9.368292548336717,0.221022383085499,0.0017326549225956738,0.0011485430877655745,51.72445297241211
2026-08-04 04:00:00-04:00,gold,4110.7997994151665,4122.337349055568,-0.0026723044,0.00013039412,0.0028650654,0.0018895669,0.013039412,UP,0.0017864518507518207,13.616855118959567,9.368292548336717,0.221022383085499,0.0017326549225956738,0.0011485430877655745,51.72445297241211
2026-08-04 05:00:00-04:00,gold,4105.100330218265,4111.355516311945,-0.0013874823,0.00013514454,0.0025863487,0.001854211,0.013514454,UP,0.0017872445316266935,13.616855118959567,9.368292548336717,0.221022383085499,0.0017326549225956738,0.0011485430877655745,51.72445297241211
2026-08-04 06:00:00-04:00,gold,4109.799969355809,4105.683422007132,0.001144191,0.00014205289,0.0026007516,0.0018013358,0.014205288,UP,0.0017981756604406693,13.616855118959567,9.368292548336717,0.221022383085499,0.0017326549225956738,0.0011485430877655745,51.72445297241211
2026-08-04 07:00:00-04:00,gold,4132.100270689698,4110.420541328494,0.0054114577,0.00015100944,0.0015809144,0.0017248469,0.015100945,UP,0.0020597377063164167,13.616855118959567,9.368292548336717,0.221022383085499,0.0017326549225956738,0.0011485430877655745,51.72445297241211
2026-08-04 08:00:00-04:00,gold,4127.799586784531,4132.783805243438,-0.0010412458,0.0001654606,0.0018151808,0.0016356255,0.01654606,UP,0.0020590635895324856,13.616855118959567,9.368292548336717,0.221022383085499,0.0017326549225956738,0.0011485430877655745,51.72445297241211
2026-08-04 09:00:00-04:00,gold,4140.700458464562,4128.514785422827,0.003120373,0.00017318287,0.0014421197,0.001565813,0.017318286,UP,0.002118433646407348,13.616855118959567,9.368292548336717,0.221022383085499,0.0017326549225956738,0.0011485430877655745,51.72445297241211
2026-08-04 10:00:00-04:00,gold,4140.399833670992,4141.418397758505,-7.252489e-05,0.00017338229,0.0014421245,0.0014956418,0.01733823,UP,0.0021158280641568055,13.616855118959567,9.368292548336717,0.221022383085499,0.0017326549225956738,0.0011485430877655745,51.72445297241211
2026-08-04 11:00:00-04:00,gold,4144.199929576891,4141.106206924946,0.0009174355,0.00017055121,0.0012927132,0.0014327615,0.01705512,UP,0.002115590501687651,13.616855118959567,9.368292548336717,0.221022383085499,0.0017326549225956738,0.0011485430877655745,51.72445297241211
2026-08-04 12:00:00-04:00,gold,4150.400236183545,4144.838972431724,0.0014948781,0.00015409115,0.00071591296,0.0013830868,0.015409115,UP,0.002117795832420531,13.616855118959567,9.368292548336717,0.221022383085499,0.0017326549225956738,0.0011485430877655745,51.72445297241211
2026-08-04 13:00:00-04:00,gold,4143.100121479132,4150.965914903674,-0.001760368,0.00013637071,0.00052659865,0.0013748766,0.0136370715,UP,0.0021257230253902606,13.616855118959567,9.368292548336717,0.221022383085499,0.0017326549225956738,0.0011485430877655745,51.72445297241211
2026-08-04 14:00:00-04:00,gold,4136.799960035598,4143.632023668906,-0.0015218286,0.00012835422,0.0012725042,0.0014063249,0.0128354225,UP,0.0020738325304584045,13.616855118959567,9.368292548336717,0.221022383085499,0.0017326549225956738,0.0011485430877655745,51.72445297241211
2026-08-04 15:00:00-04:00,gold,4135.300150846713,4137.299360537785,-0.00036266487,0.000120799,0.002333069,0.0014376959,0.0120799,UP,0.0019414727976284271,13.616855118959567,9.368292548336717,0.221022383085499,0.0017326549225956738,0.0011485430877655745,51.72445297241211
2026-08-04 16:00:00-04:00,gold,4134.1999972028425,4135.786855245475,-0.00026594335,0.00011783405,0.0033301415,0.0014659135,0.011783405,UP,0.0017755839275955026,13.616855118959567,9.368292548336717,0.221022383085499,0.0017326549225956738,0.0011485430877655745,51.72445297241211
2026-08-04 18:00:00-04:00,gold,4132.500160744938,4134.681695174077,-0.0004113359,0.00011637315,0.0032254343,0.0014755043,0.011637315,UP,0.001776313781702211,13.616855118959567,9.368292548336717,0.221022383085499,0.0017326549225956738,0.0011485430877655745,51.72445297241211
2026-08-04 19:00:00-04:00,gold,4128.700326383114,4132.976868152618,-0.0009199159,0.00011532702,0.0026869585,0.0014722025,0.0115327025,UP,0.0017901389623276823,13.616855118959567,9.368292548336717,0.221022383085499,0.0017326549225956738,0.0011485430877655745,51.72445297241211
2026-08-04 20:00:00-04:00,gold,4138.200242420426,4129.178593705874,0.0022983232,0.000115863426,0.0030836158,0.0014665867,0.011586343,UP,0.0018266992263707667,13.616855118959567,9.368292548336717,0.221022383085499,0.0017326549225956738,0.0011485430877655745,51.72445297241211
2026-08-04 21:00:00-04:00,gold,4157.200103345211,4138.703373455908,0.0045808596,0.00012158548,0.003071708,0.0014656207,0.0121585475,UP,0.0019472466180219749,13.616855118959567,9.368292548336717,0.221022383085499,0.0017326549225956738,0.0011485430877655745,51.72445297241211
2026-08-04 22:00:00-04:00,gold,4186.199867705,4157.750781228184,0.00695163,0.00013231934,0.0032872285,0.0014849106,0.013231934,UP,0.0022238303893708927,13.616855118959567,9.368292548336717,0.221022383085499,0.0017326549225956738,0.0011485430877655745,51.72445297241211
2026-08-04 23:00:00-04:00,gold,4186.600420541363,4186.8234887175495,9.5524156e-05,0.00014885073,0.0038147285,0.0015339796,0.014885073,UP,0.0022104210251319267,13.616855118959567,9.368292548336717,0.221022383085499,0.0017326549225956738,0.0011485430877655745,51.72445297241211
2026-08-05 00:00:00-04:00,gold,4193.40008477337,4187.249901929754,0.0016228654,0.00015517273,0.003942493,0.0016102596,0.015517273,UP,0.002217828759537578,13.616855118959567,9.368292548336717,0.221022383085499,0.0017326549225956738,0.0011485430877655745,51.72445297241211
2026-08-05 01:00:00-04:00,gold,4222.200192996708,4194.055760940537,0.006844528,0.00015636567,0.002357088,0.0017020615,0.015636567,UP,0.002475984436114302,13.616855118959567,9.368292548336717,0.221022383085499,0.0017326549225956738,0.0011485430877655745,51.72445297241211
2026-08-05 02:00:00-04:00,gold,4237.100139663438,4222.8374053773005,0.0035227307,0.0001509277,0.0036209135,0.0018335186,0.015092771,UP,0.0025168628181033506,13.616855118959567,9.368292548336717,0.221022383085499,0.0017326549225956738,0.0011485430877655745,51.72445297241211
2026-08-05 03:00:00-04:00,gold,4229.899873031129,4237.70066356851,-0.0017007669,0.00014176313,0.0035292516,0.0019702804,0.014176313,UP,0.002537439608439251,13.616855118959567,9.368292548336717,0.221022383085499,0.0017326549225956738,0.0011485430877655745,51.72445297241211
2026-08-05 04:00:00-04:00,gold,4219.700067612575,4230.4550742855645,-0.0024142473,0.00013122344,0.0034870072,0.0021142126,0.013122343,UP,0.0025972267809923648,13.616855118959567,9.368292548336717,0.221022383085499,0.0017326549225956738,0.0011485430877655745,51.72445297241211
2026-08-05 05:00:00-04:00,gold,4216.900092943048,4220.236925614881,-0.000663844,0.00012714387,0.004134249,0.0022423011,0.012714387,UP,0.002606914983714869,13.616855118959567,9.368292548336717,0.221022383085499,0.0017326549225956738,0.0011485430877655745,51.72445297241211
2026-08-05 06:00:00-04:00,gold,4220.39965547563,4217.443314170174,0.00082964933,0.00012880954,0.005014376,0.0023271923,0.012880954,UP,0.0025679816353054784,13.616855118959567,9.368292548336717,0.221022383085499,0.0017326549225956738,0.0011485430877655745,51.72445297241211
2026-08-05 07:00:00-04:00,gold,4248.500153988076,4220.980995403195,0.006636092,0.00013766543,0.0046813507,0.0023412982,0.013766542,UP,0.0027581581507456986,13.616855118959567,9.368292548336717,0.221022383085499,0.0017326549225956738,0.0011485430877655745,51.72445297241211
2026-08-05 08:00:00-04:00,gold,4244.100122958422,4249.15586656332,-0.0010361732,0.0001544249,0.004287974,0.0023189909,0.01544249,UP,0.00277040772317474,13.616855118959567,9.368292548336717,0.221022383085499,0.0017326549225956738,0.0011485430877655745,51.72445297241211
2026-08-05 09:00:00-04:00,gold,4265.7996994481655,4244.845341616136,0.0050998842,0.00017557794,0.0041456497,0.0022850486,0.017557794,UP,0.0028670305067774065,13.616855118959567,9.368292548336717,0.221022383085499,0.0017326549225956738,0.0011485430877655745,51.72445297241211
2026-08-05 10:00:00-04:00,gold,4304.300078298198,4266.652597698267,0.008984786,0.00019985589,0.002790095,0.0022719654,0.019985588,UP,0.0032024234519389396,13.616855118959567,9.368292548336717,0.221022383085499,0.0017326549225956738,0.0011485430877655745,51.72445297241211
2026-08-05 11:00:00-04:00,gold,4293.000297290215,4305.274718478788,-0.0026286882,0.00022654995,0.0023410167,0.0023004902,0.022654995,UP,0.0032005034348355343,13.616855118959567,9.368292548336717,0.221022383085499,0.0017326549225956738,0.0011485430877655745,51.72445297241211
2026-08-05 12:00:00-04:00,gold,4302.799797177315,4294.061401605606,0.002280139,0.00024725785,0.0021675203,0.0023837825,0.024725785,UP,0.0031581346877813214,13.616855118959567,9.368292548336717,0.221022383085499,0.0017326549225956738,0.0011485430877655745,51.72445297241211
2026-08-05 13:00:00-04:00,gold,4311.000075874035,4303.983655685093,0.0019039676,0.00027516778,0.003521346,0.0024581575,0.027516779,UP,0.003157625636667425,13.616855118959567,9.368292548336717,0.221022383085499,0.0017326549225956738,0.0011485430877655745,51.72445297241211
2026-08-05 14:00:00-04:00,gold,4321.200110435486,4312.303792834282,0.0023632909,0.00030228493,0.0037254293,0.00252211,0.030228492,UP,0.003078167716435315,13.616855118959567,9.368292548336717,0.221022383085499,0.0017326549225956738,0.0011485430877655745,51.72445297241211
2026-08-05 15:00:00-04:00,gold,4307.600321965641,4322.572494187392,-0.0031522594,0.0003174487,0.0033250556,0.0025512693,0.031744868,UP,0.0031609748132065867,13.616855118959567,9.368292548336717,0.221022383085499,0.0017326549225956738,0.0011485430877655745,51.72445297241211
2026-08-05 16:00:00-04:00,gold,4308.000118789205,4308.98245566641,9.283215e-05,0.00032091516,0.0037282584,0.002554124,0.032091517,UP,0.003153272865692927,13.616855118959567,9.368292548336717,0.221022383085499,0.0017326549225956738,0.0011485430877655745,51.72445297241211
2026-08-05 18:00:00-04:00,gold,4309.500090122223,4309.344996929169,0.00034812881,0.00031219661,0.004222195,0.0025330817,0.031219661,UP,0.00314776958266588,13.616855118959567,9.368292548336717,0.221022383085499,0.0017326549225956738,0.0011485430877655745,51.72445297241211
2026-08-05 19:00:00-04:00,gold,4337.299603164196,4310.759158194065,0.0064301016,0.00029214105,0.0027597207,0.0024879458,0.029214105,UP,0.0032814376161207524,13.616855118959567,9.368292548336717,0.221022383085499,0.0017326549225956738,0.0011485430877655745,51.72445297241211
2026-08-05 20:00:00-04:00,gold,4354.699968138593,4338.4703978011385,0.0040037767,0.00026987377,0.0015426166,0.0024704605,0.026987378,UP,0.0033126844406013768,13.616855118959567,9.368292548336717,0.221022383085499,0.0017326549225956738,0.0011485430877655745,51.72445297241211
2026-08-05 21:00:00-04:00,gold,4346.8998874265235,4355.787753213546,-0.0017928416,0.00024964343,0.0016457465,0.0024781933,0.024964344,UP,0.003313825674841131,13.616855118959567,9.368292548336717,0.221022383085499,0.0017326549225956738,0.0011485430877655745,51.72445297241211
2026-08-05 22:00:00-04:00,gold,4337.799693747162,4347.891201438091,-0.0020956628,0.00022794603,0.0020833116,0.002554282,0.022794602,UP,0.00333405729226122,13.616855118959567,9.368292548336717,0.221022383085499,0.0017326549225956738,0.0011485430877655745,51.72445297241211
2026-08-05 23:00:00-04:00,gold,4324.899819037004,4338.695432336535,-0.002978266,0.00020646947,0.0023622832,0.0026715181,0.020646947,UP,0.0034197244775135013,13.616855118959567,9.368292548336717,0.221022383085499,0.0017326549225956738,0.0011485430877655745,51.72445297241211
2026-08-06 00:00:00-04:00,gold,4321.399709530233,4325.725327103573,-0.00080959493,0.00019080253,0.0023974343,0.0028537922,0.019080253,UP,0.0034308265022016684,13.616855118959567,9.368292548336717,0.221022383085499,0.0017326549225956738,0.0011485430877655745,51.72445297241211
2026-08-06 01:00:00-04:00,gold,4326.000200882903,4322.209719734965,0.0010639263,0.00018745344,0.002418076,0.0031054826,0.018745344,UP,0.003413265525067386,13.616855118959567,9.368292548336717,0.221022383085499,0.0017326549225956738,0.0011485430877655745,51.72445297241211
2026-08-06 02:00:00-04:00,gold,4314.699995040894,4326.778190374374,-0.0026154849,0.00017980009,0.002178006,0.0033697642,0.01798001,UP,0.0034687249045963877,13.616855118959567,9.368292548336717,0.221022383085499,0.0017326549225956738,0.0011485430877655745,51.72445297241211
2026-08-06 03:00:00-04:00,gold,4321.700530726695,4315.428003880545,0.0016210461,0.00016863242,0.002534604,0.0036214797,0.016863242,UP,0.0034653687836958403,13.616855118959567,9.368292548336717,0.221022383085499,0.0017326549225956738,0.0011485430877655745,51.72445297241211
2026-08-06 04:00:00-04:00,gold,4337.100159435067,4322.368392604985,0.003557056,0.00015454293,0.0027206352,0.0038045775,0.015454292,UP,0.003438243413819074,13.616855118959567,9.368292548336717,0.221022383085499,0.0017326549225956738,0.0011485430877655745,51.72445297241211
2026-08-06 05:00:00-04:00,gold,4332.600191271311,4337.732933344785,-0.0010380982,0.00014585479,0.0028276911,0.0038917928,0.014585479,UP,0.003300140959447208,13.616855118959567,9.368292548336717,0.221022383085499,0.0017326549225956738,0.0011485430877655745,51.72445297241211
2026-08-06 06:00:00-04:00,gold,4330.000106228399,4333.221430530248,-0.0006003043,0.00014332101,0.0051178657,0.0038445396,0.014332102,UP,0.003310246720909698,13.616855118959567,9.368292548336717,0.221022383085499,0.0017326549225956738,0.0011485430877655745,51.72445297241211
2026-08-06 07:00:00-04:00,gold,4322.60009765625,4330.64883351326,-0.0017104462,0.00014977771,0.0053709378,0.0036306127,0.014977771,UP,0.0033487504740048303,13.616855118959567,9.368292548336717,0.221022383085499,0.0017326549225956738,0.0011485430877655745,51.72445297241211
2026-08-06 08:00:00-04:00,gold,4308.599814968911,4323.306050554966,-0.0032440475,0.00016325434,0.0053100022,0.0033880926,0.016325435,UP,0.0032467010596232086,13.616855118959567,9.368292548336717,0.221022383085499,0.0017326549225956738,0.0011485430877655745,51.72445297241211
2026-08-06 09:00:00-04:00,gold,4325.900533806009,4309.392107647727,0.00400714,0.00018374565,0.0047821365,0.0032000132,0.018374566,UP,0.0032625858004423722,13.616855118959567,9.368292548336717,0.221022383085499,0.0017326549225956738,0.0011485430877655745,51.72445297241211
2026-08-06 10:00:00-04:00,gold,4332.200055969588,4326.848767259158,0.0014553525,0.00021932789,0.0047619464,0.0030959928,0.02193279,UP,0.0032334114924238515,13.616855118959567,9.368292548336717,0.221022383085499,0.0017326549225956738,0.0011485430877655745,51.72445297241211
2026-08-06 11:00:00-04:00,gold,4291.500192976906,4333.322416189243,-0.009439219,0.00025905593,0.0017245081,0.0030300973,0.025905592,UP,0.003691632510441542,13.616855118959567,9.368292548336717,0.221022383085499,0.0017326549225956738,0.0011485430877655745,51.72445297241211
2026-08-06 12:00:00-04:00,gold,4299.399921298027,4292.778455078602,0.0018391331,0.00029786958,0.0015058988,0.0030701633,0.02978696,UP,0.0036911110411935733,13.616855118959567,9.368292548336717,0.221022383085499,0.0017326549225956738,0.0011485430877655745,51.72445297241211
2026-08-06 13:00:00-04:00,gold,4305.799844572612,4300.771940891573,0.0014874504,0.00031904256,0.0019547816,0.0031164242,0.031904258,UP,0.00369415931627016,13.616855118959567,9.368292548336717,0.221022383085499,0.0017326549225956738,0.0011485430877655745,51.72445297241211
2026-08-06 14:00:00-04:00,gold,4302.2000925504835,4307.191850789823,-0.00083634054,0.00032327152,0.0029477696,0.003114986,0.032327153,UP,0.0035251028273744446,13.616855118959567,9.368292548336717,0.221022383085499,0.0017326549225956738,0.0011485430877655745,51.72445297241211
2026-08-06 15:00:00-04:00,gold,4307.800137988641,4303.545432938612,0.0013007225,0.00031265375,0.003990322,0.0030497678,0.031265374,UP,0.0035175325076336767,13.616855118959567,9.368292548336717,0.221022383085499,0.0017326549225956738,0.0011485430877655745,51.72445297241211
2026-08-06 16:00:00-04:00,gold,4298.700570972054,4309.068736710236,-0.0021145907,0.00029451132,0.0038810591,0.0029696047,0.029451132,UP,0.003437431496884685,13.616855118959567,9.368292548336717,0.221022383085499,0.0017326549225956738,0.0011485430877655745,51.72445297241211
2026-08-06 18:00:00-04:00,gold,4298.299975770409,4299.857808559085,-9.3146584e-05,0.0002692156,0.00403188,0.0028904045,0.026921561,UP,0.0030127255892270824,13.616855118959567,9.368292548336717,0.221022383085499,0.0017326549225956738,0.0011485430877655745,51.72445297241211
2026-08-06 19:00:00-04:00,gold,4311.000083322404,4299.342533123796,0.0029503454,0.00024261157,0.0039060821,0.0028176042,0.024261156,UP,0.003019987249862099,13.616855118959567,9.368292548336717,0.221022383085499,0.0017326549225956738,0.0011485430877655745,51.72445297241211
2026-08-06 20:00:00-04:00,gold,4291.20002746582,4311.920415043831,-0.004603436,0.00021350125,0.002660278,0.0027348439,0.021350125,UP,0.003111578551995805,13.616855118959567,9.368292548336717,0.221022383085499,0.0017326549225956738,0.0011485430877655745,51.72445297241211
2026-08-06 21:00:00-04:00,gold,4314.7003333297325,4291.991053045029,0.0054613827,0.00018427175,0.002324219,0.0027201176,0.018427175,UP,0.0032553295866660625,13.616855118959567,9.368292548336717,0.221022383085499,0.0017326549225956738,0.0011485430877655745,51.72445297241211
2026-08-06 22:00:00-04:00,gold,4309.100184157316,4315.39611403516,-0.0012987541,0.00016135885,0.0024657564,0.002756082,0.016135886,UP,0.003233466198104368,13.616855118959567,9.368292548336717,0.221022383085499,0.0017326549225956738,0.0011485430877655745,51.72445297241211
2026-08-06 23:00:00-04:00,gold,4322.799556553888,4309.72730674973,0.003174207,0.00014553676,0.002562055,0.0028066798,0.014553676,UP,0.003233394840011859,13.616855118959567,9.368292548336717,0.221022383085499,0.0017326549225956738,0.0011485430877655745,51.72445297241211
2026-08-07 00:00:00-04:00,gold,4324.09995173302,4323.370776913594,0.00030075357,0.00013201998,0.0023880524,0.0028851016,0.013201999,UP,0.0032335520239470034,13.616855118959567,9.368292548336717,0.221022383085499,0.0017326549225956738,0.0011485430877655745,51.72445297241211
2026-08-07 01:00:00-04:00,gold,4337.7003346653655,4324.63515852706,0.00314025,0.00012363495,0.002511984,0.002988399,0.012363495,UP,0.003280066089172902,13.616855118959567,9.368292548336717,0.221022383085499,0.0017326549225956738,0.0011485430877655745,51.72445297241211
2026-08-07 02:00:00-04:00,gold,4356.300072196173,4338.203327928786,0.0042787297,0.00011602997,0.0020874878,0.0030795764,0.011602997,UP,0.003160021483336622,13.616855118959567,9.368292548336717,0.221022383085499,0.0017326549225956738,0.0011485430877655745,51.72445297241211
2026-08-07 03:00:00-04:00,gold,4348.899617169285,4356.77497462288,-0.0017001112,0.00010909101,0.0036266367,0.0031202603,0.010909101,UP,0.0030906400851706435,13.616855118959567,9.368292548336717,0.221022383085499,0.0017326549225956738,0.0011485430877655745,51.72445297241211
2026-08-07 04:00:00-04:00,gold,4365.399950646388,4349.351972665172,0.0037868835,0.00010393068,0.0045840107,0.0030899479,0.010393068,UP,0.0031491695771257815,13.616855118959567,9.368292548336717,0.221022383085499,0.0017326549225956738,0.0011485430877655745,51.72445297241211
2026-08-07 05:00:00-04:00,gold,4375.600188670855,4365.85889181064,0.0023338748,0.00010510838,0.004832157,0.0029714417,0.010510839,UP,0.0031443810285141927,13.616855118959567,9.368292548336717,0.221022383085499,0.0017326549225956738,0.0011485430877655745,51.72445297241211
2026-08-07 06:00:00-04:00,gold,4376.400250738836,4376.077894412214,0.00018277072,0.000109178254,0.0048550083,0.0027931302,0.010917826,UP,0.0030834823922391754,13.616855118959567,9.368292548336717,0.221022383085499,0.0017326549225956738,0.0011485430877655745,51.72445297241211
2026-08-07 07:00:00-04:00,gold,4380.7999835939845,4376.921088159375,0.0010048652,0.00011901143,0.005114202,0.0025867017,0.011901143,UP,0.003076748766203385,13.616855118959567,9.368292548336717,0.221022383085499,0.0017326549225956738,0.0011485430877655745,51.72445297241211
2026-08-07 08:00:00-04:00,gold,4421.899465635885,4381.375304387184,0.009338134,0.00013136775,0.0021785952,0.0023438316,0.013136775,UP,0.003481268450913023,13.616855118959567,9.368292548336717,0.221022383085499,0.0017326549225956738,0.0011485430877655745,51.72445297241211
2026-08-07 09:00:00-04:00,gold,4408.299908461515,4422.595188852691,-0.0030803625,0.00015716266,0.0018549132,0.0022070997,0.015716266,UP,0.0034976363711184135,13.616855118959567,9.368292548336717,0.221022383085499,0.0017326549225956738,0.0011485430877655745,51.72445297241211
2026-08-07 10:00:00-04:00,gold,4401.300007653423,4409.142723189201,-0.0015891758,0.00019125297,0.0019858812,0.002177217,0.019125298,UP,0.0035181742049516305,13.616855118959567,9.368292548336717,0.221022383085499,0.0017326549225956738,0.0011485430877655745,51.72445297241211
2026-08-07 11:00:00-04:00,gold,4400.399985651369,4402.25156663009,-0.00020448375,0.000216182,0.0020222613,0.0022730187,0.0216182,UP,0.003476277893621833,13.616855118959567,9.368292548336717,0.221022383085499,0.0017326549225956738,0.0011485430877655745,51.72445297241211
2026-08-07 12:00:00-04:00,gold,4389.500154808658,4401.444318319031,-0.0024800983,0.00023733228,0.0015033031,0.0024000388,0.023733228,UP,0.0035078651165204424,13.616855118959567,9.368292548336717,0.221022383085499,0.0017326549225956738,0.0011485430877655745,51.72445297241211
2026-08-07 13:00:00-04:00,gold,4399.999919295311,4390.676832377911,0.0023892156,0.00026799826,0.0013540686,0.0024168447,0.026799826,UP,0.0035197617801411892,13.616855118959567,9.368292548336717,0.221022383085499,0.0017326549225956738,0.0011485430877655745,51.72445297241211
2026-08-07 14:00:00-04:00,gold,4395.600056648254,4401.253080368042,-0.001000478,0.00028484172,0.0013066392,0.002482992,0.028484171,UP,0.0035064906417929718,13.616855118959567,9.368292548336717,0.221022383085499,0.0017326549225956738,0.0011485430877655745,51.72445297241211
2026-08-07 15:00:00-04:00,gold,4403.100057625503,4396.862404899031,0.0017047977,0.00028710894,0.0009363022,0.0024857544,0.028710894,UP,0.00343708952675533,13.616855118959567,9.368292548336717,0.221022383085499,0.0017326549225956738,0.0011485430877655745,51.72445297241211
2026-08-07 16:00:00-04:00,gold,4399.700382312236,4404.301571860735,-0.0007724593,0.00027278872,0.00094045774,0.0023127128,0.027278872,UP,0.0033900772464356766,13.616855118959567,9.368292548336717,0.221022383085499,0.0017326549225956738,0.0011485430877655745,51.72445297241211
2026-08-09 18:00:00-04:00,gold,4400.200554130832,4400.8362301138695,0.00011363765,0.00025820074,0.0015104163,0.0022205939,0.025820075,UP,0.003386827501041474,13.616855118959567,9.368292548336717,0.221022383085499,0.0017326549225956738,0.0011485430877655745,51.72445297241211
2026-08-09 19:00:00-04:00,gold,4391.999725132773,4401.261873864569,-0.0018653346,0.00024130844,0.00185392,0.0021654263,0.024130844,UP,0.002865142007948906,13.616855118959567,9.368292548336717,0.221022383085499,0.0017326549225956738,0.0011485430877655745,51.72445297241211
2026-08-09 20:00:00-04:00,gold,4391.299728870392,4392.975929260254,-0.00015943786,0.00022224165,0.0019143291,0.0021323394,0.022224165,UP,0.00286277777453789,13.616855118959567,9.368292548336717,0.221022383085499,0.0017326549225956738,0.0011485430877655745,51.72445297241211
2026-08-09 21:00:00-04:00,gold,4382.999708407733,4392.185015674797,-0.0018918449,0.00020158626,0.0013331635,0.0021214338,0.020158626,UP,0.002897309090669067,13.616855118959567,9.368292548336717,0.221022383085499,0.0017326549225956738,0.0011485430877655745,51.72445297241211
2026-08-09 22:00:00-04:00,gold,4380.000098884106,4383.785831451416,-0.00068469706,0.00017921015,0.0013404614,0.0021613599,0.017921016,UP,0.0028948565956357104,13.616855118959567,9.368292548336717,0.221022383085499,0.0017326549225956738,0.0011485430877655745,51.72445297241211
2026-08-09 23:00:00-04:00,gold,4387.800199985504,4380.651104450226,0.0017791936,0.0001487035,0.0020889984,0.002242777,0.01487035,UP,0.0029001692632490968,13.616855118959567,9.368292548336717,0.221022383085499,0.0017326549225956738,0.0011485430877655745,51.72445297241211
2026-08-10 00:00:00-04:00,gold,4399.499756101519,4388.363670371706,0.00266298,0.00012841905,0.0019493029,0.0023800163,0.0128419055,UP,0.002876196444772898,13.616855118959567,9.368292548336717,0.221022383085499,0.0017326549225956738,0.0011485430877655745,51.72445297241211
2026-08-10 01:00:00-04:00,gold,4407.000320613384,4400.004007279873,0.0017032878,0.000114546405,0.0017396446,0.002564103,0.011454641,UP,0.0028761735763915544,13.616855118959567,9.368292548336717,0.221022383085499,0.0017326549225956738,0.0011485430877655745,51.72445297241211
2026-08-10 02:00:00-04:00,gold,4417.799729704857,4407.490681886673,0.0024476044,0.00011134968,0.0006623171,0.0027940145,0.011134967,UP,0.0028648238887892244,13.616855118959567,9.368292548336717,0.221022383085499,0.0017326549225956738,0.0011485430877655745,51.72445297241211
2026-08-10 03:00:00-04:00,gold,4414.6999853074085,4418.267463472672,-0.0007018646,0.00010583865,0.00069222564,0.002994674,0.0105838645,UP,0.0026943150975402377,13.616855118959567,9.368292548336717,0.221022383085499,0.0017326549225956738,0.0011485430877655745,51.72445297241211
2026-08-10 04:00:00-04:00,gold,4405.599877860863,4415.130160577246,-0.0020634446,9.744204e-05,0.0012687258,0.0031013715,0.009744204,UP,0.002607701803912496,13.616855118959567,9.368292548336717,0.221022383085499,0.0017326549225956738,0.0011485430877655745,51.72445297241211
2026-08-10 05:00:00-04:00,gold,4400.100061533129,4405.999766072549,-0.0012491909,9.063891e-05,0.003769608,0.0031431362,0.009063891,UP,0.0026064103885049396,13.616855118959567,9.368292548336717,0.221022383085499,0.0017326549225956738,0.0011485430877655745,51.72445297241211
2026-08-10 06:00:00-04:00,gold,4395.200436709856,4400.476712211384,-0.0011142093,8.56321e-05,0.0038355747,0.0030920228,0.00856321,UP,0.002583349096980936,13.616855118959567,9.368292548336717,0.221022383085499,0.0017326549225956738,0.0011485430877655745,51.72445297241211
2026-08-10 07:00:00-04:00,gold,4393.899754657177,4395.568007294787,-0.0002958876,8.362222e-05,0.0038414225,0.0029539987,0.0083622215,UP,0.0025876827386382205,13.616855118959567,9.368292548336717,0.221022383085499,0.0017326549225956738,0.0011485430877655745,51.72445297241211
2026-08-10 08:00:00-04:00,gold,4391.6001861666155,4394.275986210094,-0.00052354555,8.550497e-05,0.0037584635,0.0027338073,0.008550498,UP,0.002546540640573363,13.616855118959567,9.368292548336717,0.221022383085499,0.0017326549225956738,0.0011485430877655745,51.72445297241211
2026-08-10 09:00:00-04:00,gold,4376.299715941655,4392.0712652311195,-0.0034900734,0.00010718458,0.0027749643,0.0024151653,0.010718458,UP,0.0025342369008079573,13.616855118959567,9.368292548336717,0.221022383085499,0.0017326549225956738,0.0011485430877655745,51.72445297241211
2026-08-10 10:00:00-04:00,gold,4405.200175318751,4376.856453882647,0.0065821316,0.00012711299,0.0017908872,0.00212424,0.012711299,UP,0.00276735245425066,13.616855118959567,9.368292548336717,0.221022383085499,0.0017326549225956738,0.0011485430877655745,51.72445297241211
2026-08-10 11:00:00-04:00,gold,4417.899674930959,4405.923839315074,0.0028787423,0.00016416263,0.0017876527,0.0019507403,0.016416263,UP,0.0027339856973400125,13.616855118959567,9.368292548336717,0.221022383085499,0.0017326549225956738,0.0011485430877655745,51.72445297241211
2026-08-10 12:00:00-04:00,gold,4416.3001886661805,4418.713583868637,-0.00036225072,0.00018409936,0.0015147136,0.0019230059,0.018409936,UP,0.0027124558855394763,13.616855118959567,9.368292548336717,0.221022383085499,0.0017326549225956738,0.0011485430877655745,51.72445297241211
2026-08-10 13:00:00-04:00,gold,4419.20009465504,4417.134250067524,0.0006565312,0.00018892388,0.0015067392,0.001992153,0.018892387,UP,0.002713056287931784,13.616855118959567,9.368292548336717,0.221022383085499,0.0017326549225956738,0.0011485430877655745,51.72445297241211
2026-08-10 14:00:00-04:00,gold,4437.700172097539,4420.071538582211,0.0041775396,0.00019703925,0.00083396846,0.0020258422,0.019703925,UP,0.0028011679019362156,13.616855118959567,9.368292548336717,0.221022383085499,0.0017326549225956738,0.0011485430877655745,51.72445297241211
2026-08-10 15:00:00-04:00,gold,4446.799783832976,4438.591056719888,0.0020484242,0.00020064387,0.0016957953,0.0020124926,0.020064387,UP,0.002261426287170385,13.616855118959567,9.368292548336717,0.221022383085499,0.0017326549225956738,0.0011485430877655745,51.72445297241211
2026-08-10 16:00:00-04:00,gold,4448.600023762789,4447.661216936423,0.00040476944,0.0001936752,0.0032118575,0.0019632531,0.01936752,UP,0.002175790411893363,13.616855118959567,9.368292548336717,0.221022383085499,0.0017326549225956738,0.0011485430877655745,51.72445297241211
2026-08-10 18:00:00-04:00,gold,4459.000094475166,4449.405645316641,0.0023350639,0.0001810253,0.0031401431,0.0019029018,0.01810253,UP,0.002176028936142329,13.616855118959567,9.368292548336717,0.221022383085499,0.0017326549225956738,0.0011485430877655745,51.72445297241211
2026-08-10 19:00:00-04:00,gold,4462.100024223328,4459.785105586052,0.00069500343,0.00017602832,0.003361967,0.0018393515,0.017602831,UP,0.0021730879718743043,13.616855118959567,9.368292548336717,0.221022383085499,0.0017326549225956738,0.0011485430877655745,51.72445297241211
2026-08-10 20:00:00-04:00,gold,4468.499672684062,4462.878834073897,0.0014332527,0.00017449036,0.0047177025,0.0017840991,0.017449036,UP,0.0021067146771365556,13.616855118959567,9.368292548336717,0.221022383085499,0.0017326549225956738,0.0011485430877655745,51.72445297241211
2026-08-10 21:00:00-04:00,gold,4489.200205564499,4469.267068862915,0.0046217735,0.0001716825,0.003268909,0.0017592531,0.01716825,UP,0.0022097357266790663,13.616855118959567,9.368292548336717,0.221022383085499,0.0017326549225956738,0.0011485430877655745,51.72445297241211
2026-08-10 22:00:00-04:00,gold,4470.799982748576,4489.930145867635,-0.004107236,0.00016264146,0.003205435,0.0017787172,0.016264146,UP,0.0023580199158628515,13.616855118959567,9.368292548336717,0.221022383085499,0.0017326549225956738,0.0011485430877655745,51.72445297241211
2026-08-10 23:00:00-04:00,gold,4476.999738470069,4471.470269459998,0.0013858594,0.00014992927,0.0035906667,0.0018501667,0.014992927,UP,0.0023534209216374627,13.616855118959567,9.368292548336717,0.221022383085499,0.0017326549225956738,0.0011485430877655745,51.72445297241211
2026-08-11 00:00:00-04:00,gold,4468.700431466103,4477.61108648777,-0.0018555969,0.00013649373,0.0038325835,0.0019672548,0.013649373,UP,0.002382603217473343,13.616855118959567,9.368292548336717,0.221022383085499,0.0017326549225956738,0.0011485430877655745,51.72445297241211
2026-08-11 01:00:00-04:00,gold,4435.2001580616925,4469.228111492819,-0.007524828,0.00011809387,0.0022747621,0.002137571,0.011809387,UP,0.00279668051216468,13.616855118959567,9.368292548336717,0.221022383085499,0.0017326549225956738,0.0011485430877655745,51.72445297241211
2026-08-11 02:00:00-04:00,gold,4425.299703924975,4435.696131918812,-0.002234726,0.000111781716,0.0017949711,0.0023495036,0.011178171,UP,0.002807158885529085,13.616855118959567,9.368292548336717,0.221022383085499,0.0017326549225956738,0.0011485430877655745,51.72445297241211
2026-08-11 03:00:00-04:00,gold,4416.59993079555,4425.852135765017,-0.001967837,0.0001247577,0.0008177149,0.0025983395,0.01247577,UP,0.002835600076972421,13.616855118959567,9.368292548336717,0.221022383085499,0.0017326549225956738,0.0011485430877655745,51.72445297241211
2026-08-11 04:00:00-04:00,gold,4428.100431911123,4417.200833882263,0.0026004286,0.00013592611,0.0009827262,0.0027758535,0.013592611,UP,0.0028403274402071525,13.616855118959567,9.368292548336717,0.221022383085499,0.0017326549225956738,0.0011485430877655745,51.72445297241211
2026-08-11 05:00:00-04:00,gold,4431.3998171938,4428.730903102958,0.00074491894,0.00014239462,0.0009858718,0.0028451262,0.014239462,UP,0.002834443346819122,13.616855118959567,9.368292548336717,0.221022383085499,0.0017326549225956738,0.0011485430877655745,51.72445297241211
2026-08-11 06:00:00-04:00,gold,4441.200256703887,4432.057062802138,0.0022091148,0.00014830746,0.0015351949,0.002838524,0.014830746,UP,0.002842795896214913,13.616855118959567,9.368292548336717,0.221022383085499,0.0017326549225956738,0.0011485430877655745,51.72445297241211
2026-08-11 07:00:00-04:00,gold,4446.100091434433,4441.925517590949,0.0011026752,0.00016323707,0.0014284019,0.0027460582,0.016323706,UP,0.002814137434625188,13.616855118959567,9.368292548336717,0.221022383085499,0.0017326549225956738,0.0011485430877655745,51.72445297241211
2026-08-11 08:00:00-04:00,gold,4450.599937180174,4446.891942208516,0.0010116111,0.00017800296,0.0018245319,0.0026807222,0.017800296,UP,0.002805511112783955,13.616855118959567,9.368292548336717,0.221022383085499,0.0017326549225956738,0.0011485430877655745,51.72445297241211
2026-08-11 09:00:00-04:00,gold,4448.200141722948,4451.451104468899,-0.00053937663,0.00019111094,0.0019416828,0.0025997148,0.019111095,UP,0.0027806510714460083,13.616855118959567,9.368292548336717,0.221022383085499,0.0017326549225956738,0.0011485430877655745,51.72445297241211
2026-08-11 10:00:00-04:00,gold,4453.599901984795,4449.12604111922,0.0012132159,0.00020815391,0.0016627072,0.002542123,0.020815391,UP,0.002780458265240215,13.616855118959567,9.368292548336717,0.221022383085499,0.0017326549225956738,0.0011485430877655745,51.72445297241211
2026-08-11 11:00:00-04:00,gold,4443.200357256777,4454.597147581982,-0.0023378981,0.00022386687,0.0015129803,0.0024832287,0.022386687,UP,0.0027889017092682447,13.616855118959567,9.368292548336717,0.221022383085499,0.0017326549225956738,0.0011485430877655745,51.72445297241211
2026-08-11 12:00:00-04:00,gold,4443.100087542902,4444.25212139939,-2.2528533e-05,0.00023667686,0.001518117,0.002450027,0.023667686,UP,0.002774571968944826,13.616855118959567,9.368292548336717,0.221022383085499,0.0017326549225956738,0.0011485430877655745,51.72445297241211
2026-08-11 13:00:00-04:00,gold,4428.2995768095425,4444.159944927145,-0.0033366338,0.00023853607,0.0004207207,0.0024043901,0.023853607,UP,0.002842993332548529,13.616855118959567,9.368292548336717,0.221022383085499,0.0017326549225956738,0.0011485430877655745,51.72445297241211
2026-08-11 14:00:00-04:00,gold,4430.399768903619,4429.34556363977,0.00047413225,0.00023611495,0.0010528645,0.0023834733,0.023611495,UP,0.002841333409199798,13.616855118959567,9.368292548336717,0.221022383085499,0.0017326549225956738,0.0011485430877655745,51.72445297241211
2026-08-11 15:00:00-04:00,gold,4429.700374523323,4431.408658959088,-0.00015794561,0.00022764356,0.0016739678,0.0023547134,0.022764355,UP,0.0028385534189419616,13.616855118959567,9.368292548336717,0.221022383085499,0.0017326549225956738,0.0011485430877655745,51.72445297241211
2026-08-11 16:00:00-04:00,gold,4427.799966317078,4430.658626777469,-0.00042910312,0.00021626838,0.0015935644,0.00230155,0.021626838,UP,0.002751899477082893,13.616855118959567,9.368292548336717,0.221022383085499,0.0017326549225956738,0.0011485430877655745,51.72445297241211
2026-08-11 18:00:00-04:00,gold,4427.900093312608,4428.70398581808,2.2606382e-05,0.00020411532,0.0023056879,0.0022030484,0.020411532,UP,0.002489590952286992,13.616855118959567,9.368292548336717,0.221022383085499,0.0017326549225956738,0.0011485430877655745,51.72445297241211
2026-08-11 19:00:00-04:00,gold,4430.39978479594,4428.727566128597,0.0005644424,0.00018686065,0.0024050244,0.0021378086,0.018686065,UP,0.0024380654659040477,13.616855118959567,9.368292548336717,0.221022383085499,0.0017326549225956738,0.0011485430877655745,51.72445297241211
2026-08-11 20:00:00-04:00,gold,4440.2001577124465,4431.160959036264,0.002209613,0.00017174319,0.002810052,0.0020831276,0.017174318,UP,0.00246647967000674,13.616855118959567,9.368292548336717,0.221022383085499,0.0017326549225956738,0.0011485430877655745,51.72445297241211
2026-08-11 21:00:00-04:00,gold,4456.2002720241435,4440.919531830004,0.0035969643,0.00016199553,0.0025897662,0.0020477935,0.016199553,UP,0.002543473414843212,13.616855118959567,9.368292548336717,0.221022383085499,0.0017326549225956738,0.0011485430877655745,51.72445297241211
2026-08-11 22:00:00-04:00,gold,4470.79972719762,4456.87590773683,0.003270891,0.00015158055,0.0020461373,0.0020485553,0.015158055,UP,0.002500353919652617,13.616855118959567,9.368292548336717,0.221022383085499,0.0017326549225956738,0.0011485430877655745,51.72445297241211
2026-08-11 23:00:00-04:00,gold,4461.799960982578,4471.419105216628,-0.0020150915,0.0001383895,0.0018922313,0.0020828287,0.01383895,UP,0.0025095447294134912,13.616855118959567,9.368292548336717,0.221022383085499,0.0017326549225956738,0.0011485430877655745,51.72445297241211
2026-08-12 00:00:00-04:00,gold,4461.000111102301,4462.340734768077,-0.00017927212,0.000121290206,0.00240828,0.002187874,0.012129021,UP,0.0025094867224052103,13.616855118959567,9.368292548336717,0.221022383085499,0.0017326549225956738,0.0011485430877655745,51.72445297241211
2026-08-12 01:00:00-04:00,gold,4451.00017118454,4461.500416874886,-0.0022441659,0.00011224275,0.002024025,0.0022890805,0.0112242745,UP,0.0025076889172759814,13.616855118959567,9.368292548336717,0.221022383085499,0.0017326549225956738,0.0011485430877655745,51.72445297241211
2026-08-12 02:00:00-04:00,gold,4463.200098395348,4451.492927908897,0.0027372513,0.00011072756,0.0017667224,0.002399463,0.011072756,UP,0.002556191095497164,13.616855118959567,9.368292548336717,0.221022383085499,0.0017326549225956738,0.0011485430877655745,51.72445297241211
2026-08-12 03:00:00-04:00,gold,4465.899841998937,4463.702455161139,0.00060469855,0.000112510024,0.0029861487,0.0024851619,0.011251003,UP,0.002544730468464475,13.616855118959567,9.368292548336717,0.221022383085499,0.0017326549225956738,0.0011485430877655745,51.72445297241211
2026-08-12 04:00:00-04:00,gold,4460.599825563695,4466.408322144358,-0.0011874319,0.00011389657,0.003288155,0.0025502527,0.011389657,UP,0.0023955733644284213,13.616855118959567,9.368292548336717,0.221022383085499,0.0017326549225956738,0.0011485430877655745,51.72445297241211
2026-08-12 05:00:00-04:00,gold,4475.399623622652,4461.116953765741,0.0033124036,0.00011575542,0.0031970057,0.002566098,0.011575542,UP,0.002362914260698357,13.616855118959567,9.368292548336717,0.221022383085499,0.0017326549225956738,0.0011485430877655745,51.72445297241211
2026-08-12 06:00:00-04:00,gold,4472.000381448539,4475.921674383222,-0.0007599755,0.00011657395,0.0031626853,0.0025422273,0.011657395,UP,0.0023531093777190526,13.616855118959567,9.368292548336717,0.221022383085499,0.0017326549225956738,0.0011485430877655745,51.72445297241211
2026-08-12 07:00:00-04:00,gold,4472.399827957153,4472.533637046814,8.9419606e-05,0.000119221906,0.0037766283,0.0024809234,0.011922191,UP,0.0023279130576204948,13.616855118959567,9.368292548336717,0.221022383085499,0.0017326549225956738,0.0011485430877655745,51.72445297241211
2026-08-12 08:00:00-04:00,gold,4498.200175294187,4472.958112084598,0.0057522045,0.00012483817,0.0016184896,0.0023798947,0.0124838175,UP,0.0020973634483846307,13.616855118959567,9.368292548336717,0.221022383085499,0.0017326549225956738,0.0011485430877655745,51.72445297241211
2026-08-12 09:00:00-04:00,gold,4487.400042279507,4498.807740786229,-0.0024039124,0.00013503525,0.0025892598,0.0022899583,0.013503525,UP,0.0021050813851912543,13.616855118959567,9.368292548336717,0.221022383085499,0.0017326549225956738,0.0011485430877655745,51.72445297241211
2026-08-12 10:00:00-04:00,gold,4481.400018059649,4488.096393903834,-0.0013379719,0.00015523663,0.0025738687,0.0021904565,0.015523663,UP,0.002083038741230631,13.616855118959567,9.368292548336717,0.221022383085499,0.0017326549225956738,0.0011485430877655745,51.72445297241211
2026-08-12 11:00:00-04:00,gold,4480.400101194711,4482.209252459055,-0.00022316945,0.00018057943,0.002593899,0.0021138848,0.018057942,UP,0.0020476526955804835,13.616855118959567,9.368292548336717,0.221022383085499,0.0017326549225956738,0.0011485430877655745,51.72445297241211
2026-08-12 12:00:00-04:00,gold,4461.699807956116,4481.308415440784,-0.0041824034,0.0002026996,0.0019262097,0.0020372507,0.02026996,UP,0.002209090217795408,13.616855118959567,9.368292548336717,0.221022383085499,0.0017326549225956738,0.0011485430877655745,51.72445297241211
2026-08-12 13:00:00-04:00,gold,4459.600082490302,4462.64693478914,-0.00047080524,0.0002122453,0.0023215886,0.0020971484,0.02122453,UP,0.0021801958723862004,13.616855118959567,9.368292548336717,0.221022383085499,0.0017326549225956738,0.0011485430877655745,51.72445297241211
2026-08-12 14:00:00-04:00,gold,4473.20014783123,4460.56499840942,0.003044982,0.00021638584,0.0023309097,0.0021629361,0.021638585,UP,0.0022380380496387587,13.616855118959567,9.368292548336717,0.221022383085499,0.0017326549225956738,0.0011485430877655745,51.72445297241211
2026-08-12 15:00:00-04:00,gold,4473.8998153992,4474.201099963975,0.00015640979,0.00022374603,0.0032733635,0.0021742664,0.022374602,UP,0.002232843527909608,13.616855118959567,9.368292548336717,0.221022383085499,0.0017326549225956738,0.0011485430877655745,51.72445297241211
2026-08-12 16:00:00-04:00,gold,4469.000195693632,4474.903630210902,-0.0010958196,0.00022436614,0.0032446438,0.0021325918,0.022436615,UP,0.0022412802940246636,13.616855118959567,9.368292548336717,0.221022383085499,0.0017326549225956738,0.0011485430877655745,51.72445297241211
2026-08-12 18:00:00-04:00,gold,4459.899893820286,4469.969598293304,-0.0020383475,0.00021697997,0.0031933566,0.0020765592,0.021697996,UP,0.0022668835116735333,13.616855118959567,9.368292548336717,0.221022383085499,0.0017326549225956738,0.0011485430877655745,51.72445297241211
2026-08-12 19:00:00-04:00,gold,4473.099994036602,4460.812765137234,0.0029553801,0.0002046182,0.002709598,0.0020101708,0.02046182,UP,0.0022808904979582712,13.616855118959567,9.368292548336717,0.221022383085499,0.0017326549225956738,0.0011485430877655745,51.72445297241211
2026-08-12 20:00:00-04:00,gold,4486.899688414007,4473.957539672498,0.003080316,0.00019174351,0.0017893907,0.0019543183,0.019174352,UP,0.002339034242914397,13.616855118959567,9.368292548336717,0.221022383085499,0.0017326549225956738,0.0011485430877655745,51.72445297241211
2026-08-12 21:00:00-04:00,gold,4466.999953816325,4487.712920171209,-0.0044449763,0.00018109556,0.0012711814,0.0019212085,0.018109556,UP,0.002406334016641831,13.616855118959567,9.368292548336717,0.221022383085499,0.0017326549225956738,0.0011485430877655745,51.72445297241211
2026-08-12 22:00:00-04:00,gold,4465.700414478779,4467.768941402435,-0.00029102166,0.00017218804,0.0012159349,0.0019358587,0.017218804,UP,0.002408400122123409,13.616855118959567,9.368292548336717,0.221022383085499,0.0017326549225956738,0.0011485430877655745,51.72445297241211
2026-08-12 23:00:00-04:00,gold,4458.2999569874955,4466.415677674115,-0.001658537,0.00016021555,0.0018598436,0.001983589,0.016021555,UP,0.0024329588924517577,13.616855118959567,9.368292548336717,0.221022383085499,0.0017326549225956738,0.0011485430877655745,51.72445297241211
2026-08-13 00:00:00-04:00,gold,4455.500282499648,4458.945010180818,-0.0006281956,0.00014472089,0.0023886058,0.002093839,0.01447209,UP,0.0024350523034470713,13.616855118959567,9.368292548336717,0.221022383085499,0.0017326549225956738,0.0011485430877655745,51.72445297241211
2026-08-13 01:00:00-04:00,gold,4440.399775385857,4456.029543578625,-0.0033948475,0.00011881196,0.0019748148,0.002265145,0.011881196,UP,0.0025222493461433044,13.616855118959567,9.368292548336717,0.221022383085499,0.0017326549225956738,0.0011485430877655745,51.72445297241211
2026-08-13 02:00:00-04:00,gold,4437.700284063583,4440.910712469311,-0.00060817227,0.00011502972,0.0020747036,0.0024787958,0.011502972,UP,0.002523839037540866,13.616855118959567,9.368292548336717,0.221022383085499,0.0017326549225956738,0.0011485430877655745,51.72445297241211
2026-08-13 03:00:00-04:00,gold,4426.399639520387,4438.2149269926595,-0.0025496776,0.00011602252,0.0016641904,0.0026978531,0.011602252,UP,0.002533302850013353,13.616855118959567,9.368292548336717,0.221022383085499,0.0017326549225956738,0.0011485430877655745,51.72445297241211
2026-08-13 04:00:00-04:00,gold,4432.400015031046,4426.90224226797,0.0013545855,0.00011345875,0.0040249624,0.0028962335,0.011345875,UP,0.002451900706455067,13.616855118959567,9.368292548336717,0.221022383085499,0.0017326549225956738,0.0011485430877655745,51.72445297241211
2026-08-13 05:00:00-04:00,gold,4441.799840243184,4432.873862113047,0.0021184797,0.00010692497,0.0041077645,0.003011095,0.010692497,UP,0.002404421796353799,13.616855118959567,9.368292548336717,0.221022383085499,0.0017326549225956738,0.0011485430877655745,51.72445297241211
2026-08-13 06:00:00-04:00,gold,4449.89962430147,4442.249882916687,0.0018219464,0.0001013804,0.0042989696,0.0030312694,0.01013804,UP,0.0024074699934168173,13.616855118959567,9.368292548336717,0.221022383085499,0.0017326549225956738,0.0011485430877655745,51.72445297241211
2026-08-13 07:00:00-04:00,gold,4444.399995543063,4450.342313828296,-0.0012367473,9.932162e-05,0.004361655,0.002930281,0.009932162,UP,0.0024165915340045303,13.616855118959567,9.368292548336717,0.221022383085499,0.0017326549225956738,0.0011485430877655745,51.72445297241211
2026-08-13 08:00:00-04:00,gold,4458.899845186155,4444.843886270304,0.003257222,9.992351e-05,0.003701009,0.0027731147,0.009992351,UP,0.0024586487016004716,13.616855118959567,9.368292548336717,0.221022383085499,0.0017326549225956738,0.0011485430877655745,51.72445297241211
2026-08-13 09:00:00-04:00,gold,4429.100046965468,4459.388389707834,-0.0067056515,0.000109554516,0.0027120176,0.0025550786,0.010955452,UP,0.002695236223233712,13.616855118959567,9.368292548336717,0.221022383085499,0.0017326549225956738,0.0011485430877655745,51.72445297241211
2026-08-13 10:00:00-04:00,gold,4440.900143394771,4429.653959036164,0.0026606114,0.00012504337,0.0019562913,0.0023770684,0.012504337,UP,0.002743603558640969,13.616855118959567,9.368292548336717,0.221022383085499,0.0017326549225956738,0.0011485430877655745,51.72445297241211
2026-08-13 11:00:00-04:00,gold,4422.400140871119,4441.564294979267,-0.004174524,0.00014964472,0.0013989311,0.0022677248,0.0149644725,UP,0.0028336052731850474,13.616855118959567,9.368292548336717,0.221022383085499,0.0017326549225956738,0.0011485430877655745,51.72445297241211
2026-08-13 12:00:00-04:00,gold,4424.200260122598,4423.174346143787,0.00040700223,0.00017503301,0.0014671995,0.0022542288,0.0175033,UP,0.002754801009971433,13.616855118959567,9.368292548336717,0.221022383085499,0.0017326549225956738,0.0011485430877655745,51.72445297241211
2026-08-13 13:00:00-04:00,gold,4412.40001879097,4425.04351712612,-0.0026707782,0.00019057118,0.0009447358,0.0022897476,0.019057117,UP,0.002785712355852351,13.616855118959567,9.368292548336717,0.221022383085499,0.0017326549225956738,0.0011485430877655745,51.72445297241211
2026-08-13 14:00:00-04:00,gold,4413.60023219313,4413.311458710523,0.00027196814,0.00020653501,0.0017802784,0.0023222407,0.020653501,UP,0.0027871156261166903,13.616855118959567,9.368292548336717,0.221022383085499,0.0017326549225956738,0.0011485430877655745,51.72445297241211
2026-08-13 15:00:00-04:00,gold,4406.200171640696,4414.539787504007,-0.0016780208,0.00021286908,0.0026808016,0.002299425,0.021286909,UP,0.002535575397967998,13.616855118959567,9.368292548336717,0.221022383085499,0.0017326549225956738,0.0011485430877655745,51.72445297241211
2026-08-13 16:00:00-04:00,gold,4407.099965683767,4407.125178163522,0.00020421462,0.00020991138,0.002568107,0.0021899375,0.020991137,UP,0.0025193551397749074,13.616855118959567,9.368292548336717,0.221022383085499,0.0017326549225956738,0.0011485430877655745,51.72445297241211
2026-08-13 18:00:00-04:00,gold,4410.300109707692,4407.9785117344,0.0007257711,0.00019923228,0.0029150527,0.0020948707,0.019923229,UP,0.0025266505114206706,13.616855118959567,9.368292548336717,0.221022383085499,0.0017326549225956738,0.0011485430877655745,51.72445297241211
2026-08-13 19:00:00-04:00,gold,4411.8002914956305,4411.12575590529,0.0003400551,0.00018716804,0.0029473084,0.0020262508,0.018716805,UP,0.002531097126401021,13.616855118959567,9.368292548336717,0.221022383085499,0.0017326549225956738,0.0011485430877655745,51.72445297241211
2026-08-13 20:00:00-04:00,gold,4396.399858000164,4412.569762577303,-0.003496723,0.0001744873,0.0029213552,0.0019645568,0.01744873,UP,0.0024998942362821452,13.616855118959567,9.368292548336717,0.221022383085499,0.0017326549225956738,0.0011485430877655745,51.72445297241211
2026-08-13 21:00:00-04:00,gold,4373.700442246161,4397.122100718669,-0.0051766247,0.00016430748,0.001086944,0.0019462788,0.016430749,UP,0.0026415468615299457,13.616855118959567,9.368292548336717,0.221022383085499,0.0017326549225956738,0.0011485430877655745,51.72445297241211
2026-08-13 22:00:00-04:00,gold,4370.6998813421815,4374.375389784924,-0.0006861535,0.00015439297,0.0007523489,0.0019847404,0.015439297,UP,0.002547775122097072,13.616855118959567,9.368292548336717,0.221022383085499,0.0017326549225956738,0.0011485430877655745,51.72445297241211
2026-08-13 23:00:00-04:00,gold,4379.600396720925,4371.319697681931,0.0020341943,0.0001417892,0.00064038235,0.002066002,0.014178921,UP,0.002594023991950355,13.616855118959567,9.368292548336717,0.221022383085499,0.0017326549225956738,0.0011485430877655745,51.72445297241211
2026-08-14 00:00:00-04:00,gold,4382.000140863529,4380.134716808796,0.00054782286,0.00012195415,0.0006364323,0.0021985746,0.012195415,UP,0.002602868169193599,13.616855118959567,9.368292548336717,0.221022383085499,0.0017326549225956738,0.0011485430877655745,51.72445297241211
2026-08-14 01:00:00-04:00,gold,4389.499739408493,4382.474316596985,0.0017100843,0.00010819632,0.0015611452,0.0023496035,0.010819632,UP,0.002623983264486509,13.616855118959567,9.368292548336717,0.221022383085499,0.0017326549225956738,0.0011485430877655745,51.72445297241211
2026-08-14 02:00:00-04:00,gold,4391.600402474403,4389.9803611040115,0.00047832224,0.00010937685,0.0023058034,0.0025162145,0.010937685,UP,0.0025483065538902485,13.616855118959567,9.368292548336717,0.221022383085499,0.0017326549225956738,0.0011485430877655745,51.72445297241211
2026-08-14 03:00:00-04:00,gold,4399.799984017562,4392.083829699783,0.0018653935,0.00011010497,0.002303601,0.0026683249,0.011010497,UP,0.002496593063995408,13.616855118959567,9.368292548336717,0.221022383085499,0.0017326549225956738,0.0011485430877655745,51.72445297241211
2026-08-14 04:00:00-04:00,gold,4404.700180241489,4400.267656019423,0.001113156,0.00010625874,0.0023424586,0.0027325966,0.010625874,UP,0.0024105805816018035,13.616855118959567,9.368292548336717,0.221022383085499,0.0017326549225956738,0.0011485430877655745,51.72445297241211
2026-08-14 05:00:00-04:00,gold,4413.599796248716,4405.149139722227,0.002018508,0.00010186903,0.0025642316,0.002685218,0.010186903,UP,0.0024529132618091596,13.616855118959567,9.368292548336717,0.221022383085499,0.0017326549225956738,0.0011485430877655745,51.72445297241211
2026-08-14 06:00:00-04:00,gold,4405.500402605132,4414.041530905,-0.0018369447,9.998632e-05,0.0019669863,0.0025293196,0.009998632,UP,0.002456303507563458,13.616855118959567,9.368292548336717,0.221022383085499,0.0017326549225956738,0.0011485430877655745,51.72445297241211
2026-08-14 07:00:00-04:00,gold,4425.800173401833,4405.959004282951,0.0045972485,0.00010405193,0.0017855358,0.0022582451,0.010405193,UP,0.0026196897347924683,13.616855118959567,9.368292548336717,0.221022383085499,0.0017326549225956738,0.0011485430877655745,51.72445297241211
2026-08-14 08:00:00-04:00,gold,4430.899551977171,4426.347449803026,0.0011516927,0.00012369038,0.0020461509,0.0020314292,0.012369038,UP,0.0025607752001491134,13.616855118959567,9.368292548336717,0.221022383085499,0.0017326549225956738,0.0011485430877655745,51.72445297241211
2026-08-14 09:00:00-04:00,gold,4442.000118428201,4431.533219454635,0.0025020237,0.00014291852,0.0016345526,0.0018842261,0.014291852,UP,0.002600910652139529,13.616855118959567,9.368292548336717,0.221022383085499,0.0017326549225956738,0.0011485430877655745,51.72445297241211
2026-08-14 10:00:00-04:00,gold,4438.599902868271,4442.707978487015,-0.0007656921,0.00015934999,0.0016622879,0.0017684762,0.015935,UP,0.002559946727776922,13.616855118959567,9.368292548336717,0.221022383085499,0.0017326549225956738,0.0011485430877655745,51.72445297241211
2026-08-14 11:00:00-04:00,gold,4449.0005268477835,4439.341927210917,0.0023403184,0.00016711361,0.0008957925,0.0017112705,0.016711362,UP,0.0025829616262813045,13.616855118959567,9.368292548336717,0.221022383085499,0.0017326549225956738,0.0011485430877655745,51.72445297241211
2026-08-14 12:00:00-04:00,gold,4442.700093448162,4449.744628429413,-0.0014170081,0.00016743901,0.0011377173,0.0016710567,0.0167439,UP,0.00256954287577757,13.616855118959567,9.368292548336717,0.221022383085499,0.0017326549225956738,0.0011485430877655745,51.72445297241211
2026-08-14 13:00:00-04:00,gold,4435.4998671406065,4443.427351399441,-0.0016219947,0.00016358221,0.00092238025,0.001651375,0.016358221,UP,0.0025626504573352674,13.616855118959567,9.368292548336717,0.221022383085499,0.0017326549225956738,0.0011485430877655745,51.72445297241211
2026-08-14 14:00:00-04:00,gold,4430.2997161746025,4436.21751755476,-0.0011730911,0.00016172446,0.0019594019,0.0016489672,0.016172446,UP,0.0025617088761711766,13.616855118959567,9.368292548336717,0.221022383085499,0.0017326549225956738,0.0011485430877655745,51.72445297241211
2026-08-14 15:00:00-04:00,gold,4431.49972261861,4431.0175372880185,0.0002708694,0.00016186648,0.0038743713,0.0016550336,0.016186649,UP,0.002483215730435568,13.616855118959567,9.368292548336717,0.221022383085499,0.0017326549225956738,0.0011485430877655745,51.72445297241211
2026-08-14 16:00:00-04:00,gold,4432.100121498108,4432.212644279003,0.0001354072,0.00016072448,0.004005181,0.001643473,0.016072448,UP,0.00216068773488748,13.616855118959567,9.368292548336717,0.221022383085499,0.0017326549225956738,0.0011485430877655745,51.72445297241211
2026-08-14 17:00:00-04:00,gold,4437.299565441732,4432.808611658926,0.001172505,0.00015986728,0.0040455763,0.0016277727,0.015986728,UP,0.002114540587545859,13.616855118959567,9.368292548336717,0.221022383085499,0.0017326549225956738,0.0011485430877655745,51.72445297241211
2026-08-16 18:00:00-04:00,gold,4441.599780334509,4438.011265782989,0.00096865447,0.00016028801,0.0040434645,0.0016135118,0.016028801,UP,0.0019707235981021964,13.616855118959567,9.368292548336717,0.221022383085499,0.0017326549225956738,0.0011485430877655745,51.72445297241211
2026-08-16 19:00:00-04:00,gold,4425.500199536153,4442.322308365488,-0.0036314272,0.0001625608,0.0035759448,0.0016093962,0.01625608,UP,0.002086412280201497,13.616855118959567,9.368292548336717,0.221022383085499,0.0017326549225956738,0.0011485430877655745,51.72445297241211
2026-08-16 20:00:00-04:00,gold,4457.29977697134,4426.230671584606,0.007159891,0.00016501534,0.0011352234,0.0016223723,0.016501535,UP,0.0024017852652739578,13.616855118959567,9.368292548336717,0.221022383085499,0.0017326549225956738,0.0011485430877655745,51.72445297241211
2026-08-16 21:00:00-04:00,gold,4452.0001043973025,4458.0298817076255,-0.0011897243,0.00016377665,0.0013028608,0.0016796999,0.016377665,UP,0.0024179762375294922,13.616855118959567,9.368292548336717,0.221022383085499,0.0017326549225956738,0.0011485430877655745,51.72445297241211
2026-08-16 22:00:00-04:00,gold,4449.7999012470245,4452.689935684204,-0.000494326,0.00015494305,0.0012192697,0.0017854157,0.015494305,UP,0.0023943081118825245,13.616855118959567,9.368292548336717,0.221022383085499,0.0017326549225956738,0.0011485430877655745,51.72445297241211
2026-08-16 23:00:00-04:00,gold,4453.700258489116,4450.424153133645,0.0008761477,0.00014028815,0.0017274355,0.0019470714,0.014028815,UP,0.0023962258332158024,13.616855118959567,9.368292548336717,0.221022383085499,0.0017326549225956738,0.0011485430877655745,51.72445297241211
2026-08-17 00:00:00-04:00,gold,4447.100033047434,4454.265096784569,-0.0014830348,0.00012674855,0.0015497168,0.0021218387,0.012674855,UP,0.0024181950419964945,13.616855118959567,9.368292548336717,0.221022383085499,0.0017326549225956738,0.0011485430877655745,51.72445297241211
2026-08-17 01:00:00-04:00,gold,4451.300362357346,4447.6084977380815,0.0009439241,0.000114343566,0.0015311484,0.0023070471,0.011434357,UP,0.002421228939544218,13.616855118959567,9.368292548336717,0.221022383085499,0.0017326549225956738,0.0011485430877655745,51.72445297241211
2026-08-17 02:00:00-04:00,gold,4459.299677354749,4451.827257157071,0.0017956148,0.00011842551,0.0012547229,0.0024727257,0.011842551,UP,0.0023263788880006292,13.616855118959567,9.368292548336717,0.221022383085499,0.0017326549225956738,0.0011485430877655745,51.72445297241211
2026-08-17 03:00:00-04:00,gold,4461.500055538607,4459.860100507038,0.0004932731,0.00012564973,0.0015497656,0.0025996629,0.012564974,UP,0.0020684733060808,13.616855118959567,9.368292548336717,0.221022383085499,0.0017326549225956738,0.0011485430877655745,51.72445297241211
2026-08-17 04:00:00-04:00,gold,4451.099895268679,4462.071209311485,-0.0023337537,0.00012797143,0.0029585208,0.0026185072,0.012797143,UP,0.0021265096213842222,13.616855118959567,9.368292548336717,0.221022383085499,0.0017326549225956738,0.0011485430877655745,51.72445297241211
2026-08-17 05:00:00-04:00,gold,4452.4000982331345,4451.6726285225595,0.00029197612,0.00012852962,0.0030119882,0.0025647709,0.012852961,UP,0.0021099486013179654,13.616855118959567,9.368292548336717,0.221022383085499,0.0017326549225956738,0.0011485430877655745,51.72445297241211
2026-08-17 06:00:00-04:00,gold,4455.799467727484,4452.9895849575405,0.0007633198,0.00013233088,0.0030609802,0.0024611214,0.013233088,UP,0.002110302295996769,13.616855118959567,9.368292548336717,0.221022383085499,0.0017326549225956738,0.0011485430877655745,51.72445297241211
2026-08-17 07:00:00-04:00,gold,4453.399966297438,4456.396311662276,-0.00053874706,0.0001338133,0.0030916869,0.0022983805,0.01338133,UP,0.0021079124903799736,13.616855118959567,9.368292548336717,0.221022383085499,0.0017326549225956738,0.0011485430877655745,51.72445297241211
2026-08-17 08:00:00-04:00,gold,4441.400006211683,4454.050238475844,-0.0026982073,0.00014601849,0.0029809573,0.0021364756,0.014601849,UP,0.0021863471344364927,13.616855118959567,9.368292548336717,0.221022383085499,0.0017326549225956738,0.0011485430877655745,51.72445297241211
2026-08-17 09:00:00-04:00,gold,4465.299551915145,4442.120492132555,0.0053667375,0.00016225234,0.0021590535,0.0020357415,0.016225234,UP,0.002356386116322165,13.616855118959567,9.368292548336717,0.221022383085499,0.0017326549225956738,0.0011485430877655745,51.72445297241211
2026-08-17 10:00:00-04:00,gold,4474.5001680641435,4466.089213324827,0.0020582562,0.00017673327,0.0023659908,0.001937143,0.017673327,UP,0.0023712432741280222,13.616855118959567,9.368292548336717,0.221022383085499,0.0017326549225956738,0.0011485430877655745,51.72445297241211
2026-08-17 11:00:00-04:00,gold,4484.799991965294,4475.329973459244,0.0022992443,0.00018540764,0.002005775,0.0019135624,0.018540764,UP,0.0023779011102351448,13.616855118959567,9.368292548336717,0.221022383085499,0.0017326549225956738,0.0011485430877655745,51.72445297241211
2026-08-17 12:00:00-04:00,gold,4481.500069571193,4485.6429158797255,-0.00073604606,0.00018796993,0.0020261433,0.0019156376,0.018796993,UP,0.002348378512223918,13.616855118959567,9.368292548336717,0.221022383085499,0.0017326549225956738,0.0011485430877655745,51.72445297241211
2026-08-17 13:00:00-04:00,gold,4471.000117182732,4482.340353906155,-0.0023457145,0.0001874826,0.0023176863,0.0019217575,0.01874826,UP,0.0022784107991626733,13.616855118959567,9.368292548336717,0.221022383085499,0.0017326549225956738,0.0011485430877655745,51.72445297241211
2026-08-17 14:00:00-04:00,gold,4463.099833786488,4471.835720062256,-0.0017684834,0.00018696385,0.0019933134,0.0019283582,0.018696385,UP,0.0023047628517170486,13.616855118959567,9.368292548336717,0.221022383085499,0.0017326549225956738,0.0011485430877655745,51.72445297241211
2026-08-17 15:00:00-04:00,gold,4475.699939788901,4463.923700207612,0.002819194,0.00018451363,0.0035312213,0.0019132488,0.018451363,UP,0.00231622446236143,13.616855118959567,9.368292548336717,0.221022383085499,0.0017326549225956738,0.0011485430877655745,51.72445297241211
2026-08-17 16:00:00-04:00,gold,4473.100230330019,4476.511717319139,-0.00058110536,0.00018131608,0.0035883663,0.0018954806,0.018131608,UP,0.00231366690815166,13.616855118959567,9.368292548336717,0.221022383085499,0.0017326549225956738,0.0011485430877655745,51.72445297241211
2026-08-17 18:00:00-04:00,gold,4467.899989109952,4473.900483518431,-0.0011632247,0.00017887505,0.0036171742,0.0018809271,0.017887505,UP,0.0022933065329155157,13.616855118959567,9.368292548336717,0.221022383085499,0.0017326549225956738,0.0011485430877655745,51.72445297241211
2026-08-17 19:00:00-04:00,gold,4481.999823822349,4468.694031566905,0.0031508978,0.0001776336,0.002974731,0.0018693792,0.01776336,UP,0.0023375550460378175,13.616855118959567,9.368292548336717,0.221022383085499,0.0017326549225956738,0.0011485430877655745,51.72445297241211
2026-08-17 20:00:00-04:00,gold,4491.200043439865,4482.77740073204,0.002050595,0.0001734086,0.002522133,0.0018772883,0.01734086,UP,0.0023298769132428423,13.616855118959567,9.368292548336717,0.221022383085499,0.0017326549225956738,0.0011485430877655745,51.72445297241211
2026-08-17 21:00:00-04:00,gold,4464.600007903122,4491.93207724893,-0.0059403237,0.00016296172,0.001288088,0.0019135752,0.016296173,UP,0.0025887765015389797,13.616855118959567,9.368292548336717,0.221022383085499,0.0017326549225956738,0.0011485430877655745,51.72445297241211
2026-08-17 22:00:00-04:00,gold,4456.099983196298,4465.282938233053,-0.0019056806,0.0001529301,0.0010363357,0.002002502,0.01529301,UP,0.0026187468130377933,13.616855118959567,9.368292548336717,0.221022383085499,0.0017326549225956738,0.0011485430877655745,51.72445297241211
2026-08-17 23:00:00-04:00,gold,4448.100362846773,4456.714174713241,-0.0017969052,0.00013780335,0.0006264829,0.0021446187,0.013780335,UP,0.0026436852914161887,13.616855118959567,9.368292548336717,0.221022383085499,0.0017326549225956738,0.0011485430877655745,51.72445297241211
2026-08-18 00:00:00-04:00,gold,4448.900252228661,4448.647320664022,0.000179792,0.00012302084,0.00062648737,0.002329796,0.012302084,UP,0.0026362951273856197,13.616855118959567,9.368292548336717,0.221022383085499,0.0017326549225956738,0.0011485430877655745,51.72445297241211
2026-08-18 01:00:00-04:00,gold,4450.199790675717,4449.470559155336,0.00029223022,0.00012831806,0.0007790083,0.002538265,0.012831806,UP,0.0026314072333645756,13.616855118959567,9.368292548336717,0.221022383085499,0.0017326549225956738,0.0011485430877655745,51.72445297241211
2026-08-18 02:00:00-04:00,gold,4454.100469569676,4450.791178109357,0.00087595935,0.00013272213,0.0007119972,0.002722017,0.013272213,UP,0.0025403459614337046,13.616855118959567,9.368292548336717,0.221022383085499,0.0017326549225956738,0.0011485430877655745,51.72445297241211
2026-08-18 03:00:00-04:00,gold,4451.200469895208,4454.699562908441,-0.0006512756,0.0001345065,0.0006638693,0.0028561717,0.01345065,UP,0.00217593569731742,13.616855118959567,9.368292548336717,0.221022383085499,0.0017326549225956738,0.0011485430877655745,51.72445297241211
2026-08-18 04:00:00-04:00,gold,4448.899938482442,4451.7992702747,-0.000516914,0.00013449742,0.0006037809,0.002897847,0.0134497415,UP,0.0021671745300709706,13.616855118959567,9.368292548336717,0.221022383085499,0.0017326549225956738,0.0011485430877655745,51.72445297241211
2026-08-18 05:00:00-04:00,gold,4449.700200790481,4449.483287560055,0.00017986941,0.00013113221,0.0029869108,0.0028391483,0.013113221,UP,0.0021655925000158825,13.616855118959567,9.368292548336717,0.221022383085499,0.0017326549225956738,0.0011485430877655745,51.72445297241211
2026-08-18 06:00:00-04:00,gold,4454.399943319615,4450.285807253793,0.0010556277,0.00013162824,0.0027634986,0.0026865215,0.013162824,UP,0.002168342225636531,13.616855118959567,9.368292548336717,0.221022383085499,0.0017326549225956738,0.0011485430877655745,51.72445297241211
2026-08-18 07:00:00-04:00,gold,4452.299774215964,4454.992504869821,-0.00047157708,0.00013308806,0.0027842277,0.002517068,0.013308806,UP,0.0021521958934985477,13.616855118959567,9.368292548336717,0.221022383085499,0.0017326549225956738,0.0011485430877655745,51.72445297241211
2026-08-18 08:00:00-04:00,gold,4450.700107620796,4452.8756744012935,-0.00035934162,0.00012931581,0.0027182996,0.0023399284,0.012931582,UP,0.002146484394546361,13.616855118959567,9.368292548336717,0.221022383085499,0.0017326549225956738,0.0011485430877655745,51.72445297241211
2026-08-18 09:00:00-04:00,gold,4450.999964429182,4451.340587036102,6.7358975e-05,0.00014395142,0.0025970151,0.0021589093,0.014395142,UP,0.0021195428418783807,13.616855118959567,9.368292548336717,0.221022383085499,0.0017326549225956738,0.0011485430877655745,51.72445297241211
2026-08-18 10:00:00-04:00,gold,4422.29981637001,4451.716841340065,-0.0064689117,0.00016100344,0.0007431705,0.002034809,0.016100343,UP,0.0024153034788155997,13.616855118959567,9.368292548336717,0.221022383085499,0.0017326549225956738,0.0011485430877655745,51.72445297241211
2026-08-18 11:00:00-04:00,gold,4420.200577041833,4423.066323270323,-0.00047489043,0.00017332236,0.0008786477,0.0019779701,0.017332235,UP,0.0023848325189010995,13.616855118959567,9.368292548336717,0.221022383085499,0.0017326549225956738,0.0011485430877655745,51.72445297241211
2026-08-18 12:00:00-04:00,gold,4418.9998512214515,4420.992169486708,-0.00027156196,0.00017914923,0.00077636057,0.0020066274,0.017914923,UP,0.0023828021314693205,13.616855118959567,9.368292548336717,0.221022383085499,0.0017326549225956738,0.0011485430877655745,51.72445297241211
2026-08-18 13:00:00-04:00,gold,4413.200087785721,4419.8033484220505,-0.0013133319,0.00018180601,0.00097109517,0.0020497113,0.018180601,UP,0.0023825501095484907,13.616855118959567,9.368292548336717,0.221022383085499,0.0017326549225956738,0.0011485430877655745,51.72445297241211
2026-08-18 14:00:00-04:00,gold,4409.399688933976,4414.006172025111,-0.00086149055,0.00018256388,0.0015183523,0.0020802647,0.018256387,UP,0.0023843095367842427,13.616855118959567,9.368292548336717,0.221022383085499,0.0017326549225956738,0.0011485430877655745,51.72445297241211
2026-08-18 15:00:00-04:00,gold,4400.000119477074,4410.203082448337,-0.0021340626,0.00018215616,0.0024634637,0.0020651906,0.018215615,UP,0.002367201552341467,13.616855118959567,9.368292548336717,0.221022383085499,0.0017326549225956738,0.0011485430877655745,51.72445297241211
2026-08-18 16:00:00-04:00,gold,4389.500141143799,4400.7946491241455,-0.0023892154,0.00018055041,0.0020035123,0.0020657352,0.018055042,UP,0.0021369137133996543,13.616855118959567,9.368292548336717,0.221022383085499,0.0017326549225956738,0.0011485430877655745,51.72445297241211
2026-08-18 18:00:00-04:00,gold,4386.799669414759,4390.271298766136,-0.000615338,0.00017570762,0.0018924334,0.002062136,0.017570762,UP,0.002078453535185358,13.616855118959567,9.368292548336717,0.221022383085499,0.0017326549225956738,0.0011485430877655745,51.72445297241211
2026-08-18 19:00:00-04:00,gold,4386.000218283967,4387.521994892391,-0.00018233736,0.00016460853,0.0022064399,0.0020413415,0.016460853,UP,0.002004659616267351,13.616855118959567,9.368292548336717,0.221022383085499,0.0017326549225956738,0.0011485430877655745,51.72445297241211
2026-08-18 20:00:00-04:00,gold,4391.799996614456,4386.670819044113,0.0013214714,0.00015287692,0.0026791887,0.0020250394,0.015287692,UP,0.0020397304580832484,13.616855118959567,9.368292548336717,0.221022383085499,0.0017326549225956738,0.0011485430877655745,51.72445297241211
2026-08-18 21:00:00-04:00,gold,4410.200258724159,4392.431197948987,0.0041809627,0.00014374562,0.0022695747,0.002027429,0.014374563,UP,0.0021977449247244005,13.616855118959567,9.368292548336717,0.221022383085499,0.0017326549225956738,0.0011485430877655745,51.72445297241211
2026-08-18 22:00:00-04:00,gold,4408.500225266034,4410.789020564407,-0.00038558862,0.00013346426,0.0023757857,0.002059537,0.013346426,UP,0.002183714058247858,13.616855118959567,9.368292548336717,0.221022383085499,0.0017326549225956738,0.0011485430877655745,51.72445297241211
2026-08-18 23:00:00-04:00,gold,4408.999782979488,4409.032366096973,0.00011341083,0.00012070976,0.0023801695,0.0021261065,0.012070976,UP,0.0020998910554805936,13.616855118959567,9.368292548336717,0.221022383085499,0.0017326549225956738,0.0011485430877655745,51.72445297241211
2026-08-19 00:00:00-04:00,gold,4401.799891114235,4409.475662350655,-0.0016344025,0.000107874424,0.002242007,0.002199616,0.010787442,UP,0.0021100811662607406,13.616855118959567,9.368292548336717,0.221022383085499,0.0017326549225956738,0.0011485430877655745,51.72445297241211
2026-08-19 01:00:00-04:00,gold,4388.99993340543,4402.245305065415,-0.0029120932,0.000101200865,0.0010227014,0.0022599935,0.010120086,UP,0.0021516780685525137,13.616855118959567,9.368292548336717,0.221022383085499,0.0017326549225956738,0.0011485430877655745,51.72445297241211
2026-08-19 02:00:00-04:00,gold,4402.800175666809,4389.442635297775,0.003139247,0.000100811034,0.00092836533,0.002306141,0.010081103,UP,0.002150977134141702,13.616855118959567,9.368292548336717,0.221022383085499,0.0017326549225956738,0.0011485430877655745,51.72445297241211
2026-08-19 03:00:00-04:00,gold,4408.299756426015,4403.241207437008,0.0012484256,0.00010021122,0.007523651,0.0023333915,0.010021122,UP,0.0021217158265559987,13.616855118959567,9.368292548336717,0.221022383085499,0.0017326549225956738,0.0011485430877655745,51.72445297241211
2026-08-19 04:00:00-04:00,gold,4409.700289604603,4408.745437411591,0.00031762093,0.00010098494,0.007244082,0.002349823,0.010098494,UP,0.0018753783210143792,13.616855118959567,9.368292548336717,0.221022383085499,0.0017326549225956738,0.0011485430877655745,51.72445297241211
2026-08-19 05:00:00-04:00,gold,4416.399951575906,4410.1464952785755,0.0015181582,0.000101206664,0.007008953,0.0023251039,0.010120667,UP,0.0018855044767285322,13.616855118959567,9.368292548336717,0.221022383085499,0.0017326549225956738,0.0011485430877655745,51.72445297241211
2026-08-19 06:00:00-04:00,gold,4422.200087275996,4416.853198089113,0.0013124915,0.00010261523,0.0070293187,0.0022348247,0.010261524,UP,0.001885718154319982,13.616855118959567,9.368292548336717,0.221022383085499,0.0017326549225956738,0.0011485430877655745,51.72445297241211
2026-08-19 07:00:00-04:00,gold,4419.100187748845,4422.705221627606,-0.00070127647,0.000114130366,0.006930246,0.0020918692,0.011413037,UP,0.0018865718603505617,13.616855118959567,9.368292548336717,0.221022383085499,0.0017326549225956738,0.0011485430877655745,51.72445297241211
2026-08-19 08:00:00-04:00,gold,4496.300205577747,4419.649020946235,0.017318716,0.00012408929,0.0033054869,0.0019465823,0.012408929,UP,0.0037421933380350327,13.616855118959567,9.368292548336717,0.221022383085499,0.0017326549225956738,0.0011485430877655745,51.72445297241211
2026-08-19 09:00:00-04:00,gold,4517.799864979461,4496.968197567039,0.0047703134,0.00014864949,0.0029680107,0.0018796897,0.014864949,UP,0.003828066098550715,13.616855118959567,9.368292548336717,0.221022383085499,0.0017326549225956738,0.0011485430877655745,51.72445297241211
2026-08-19 10:00:00-04:00,gold,4546.799305949593,4518.602264608024,0.0063985395,0.000177546,0.0017754784,0.0018535964,0.0177546,UP,0.003970966668560198,13.616855118959567,9.368292548336717,0.221022383085499,0.0017326549225956738,0.0011485430877655745,51.72445297241211
2026-08-19 11:00:00-04:00,gold,4552.200499684084,4547.712567671668,0.0011870296,0.00020074565,0.001965072,0.0018676312,0.020074565,UP,0.003964907058267051,13.616855118959567,9.368292548336717,0.221022383085499,0.0017326549225956738,0.0011485430877655745,51.72445297241211
2026-08-19 12:00:00-04:00,gold,4550.999821325298,4553.185131472885,-0.00026368647,0.0002162705,0.0021396198,0.0018915313,0.02162705,UP,0.003968020544152511,13.616855118959567,9.368292548336717,0.221022383085499,0.0017326549225956738,0.0011485430877655745,51.72445297241211
2026-08-19 13:00:00-04:00,gold,4544.999983727932,4552.034588456154,-0.0013192614,0.00022730831,0.0021813135,0.0019989358,0.022730831,UP,0.003985516063593977,13.616855118959567,9.368292548336717,0.221022383085499,0.0017326549225956738,0.0011485430877655745,51.72445297241211
2026-08-19 14:00:00-04:00,gold,4553.299929499626,4546.0781943798065,0.0018244742,0.00023717256,0.0024032416,0.0021572679,0.023717256,UP,0.003984721154739703,13.616855118959567,9.368292548336717,0.221022383085499,0.0017326549225956738,0.0011485430877655745,51.72445297241211
2026-08-19 15:00:00-04:00,gold,4567.999796069926,4554.498840244836,0.0032232704,0.00026320826,0.002215347,0.0022421943,0.026320826,UP,0.004003899189706185,13.616855118959567,9.368292548336717,0.221022383085499,0.0017326549225956738,0.0011485430877655745,51.72445297241211
2026-08-19 16:00:00-04:00,gold,4580.699949264526,4569.258995056152,0.0027763953,0.0002756167,0.0012072452,0.002246864,0.02756167,UP,0.004015643206956817,13.616855118959567,9.368292548336717,0.221022383085499,0.0017326549225956738,0.0011485430877655745,51.72445297241211
2026-08-19 18:00:00-04:00,gold,4575.900037161482,4581.972519809613,-0.0010484882,0.00027764958,0.0018578226,0.002221402,0.027764957,UP,0.0037863470222615136,13.616855118959567,9.368292548336717,0.221022383085499,0.0017326549225956738,0.0011485430877655745,51.72445297241211
2026-08-19 19:00:00-04:00,gold,4569.200196909835,4577.137073156657,-0.0014652017,0.00027039,0.0019291171,0.0021700033,0.027039,UP,0.003805208765435683,13.616855118959567,9.368292548336717,0.221022383085499,0.0017326549225956738,0.0011485430877655745,51.72445297241211
2026-08-19 20:00:00-04:00,gold,4562.000195886882,4570.400694516953,-0.0015770537,0.00026268273,0.0019366001,0.0021290637,0.026268274,UP,0.0038289460164784984,13.616855118959567,9.368292548336717,0.221022383085499,0.0017326549225956738,0.0011485430877655745,51.72445297241211
2026-08-19 21:00:00-04:00,gold,4547.3997213840485,4563.162170648575,-0.0032055043,0.0002546966,0.0020781027,0.0021008307,0.02546966,UP,0.0038845495345313746,13.616855118959567,9.368292548336717,0.221022383085499,0.0017326549225956738,0.0011485430877655745,51.72445297241211
2026-08-19 22:00:00-04:00,gold,4548.099743518105,4548.517154598085,0.00015396521,0.00024564908,0.00211272,0.0021017094,0.024564907,UP,0.003872123950781115,13.616855118959567,9.368292548336717,0.221022383085499,0.0017326549225956738,0.0011485430877655745,51.72445297241211
2026-08-19 23:00:00-04:00,gold,4555.70031776058,4549.16384653945,0.0016696543,0.00023384695,0.0018899644,0.002132861,0.023384694,UP,0.00382668589482644,13.616855118959567,9.368292548336717,0.221022383085499,0.0017326549225956738,0.0011485430877655745,51.72445297241211
2026-08-20 00:00:00-04:00,gold,4546.099867081328,4556.69077648595,-0.002109495,0.00021739377,0.0017845067,0.0022233797,0.021739377,UP,0.0038180793651586722,13.616855118959567,9.368292548336717,0.221022383085499,0.0017326549225956738,0.0011485430877655745,51.72445297241211
2026-08-20 01:00:00-04:00,gold,4538.499697110703,4546.963403875299,-0.001673183,0.00018986396,0.0017721279,0.0023724234,0.018986396,UP,0.0038399844734028194,13.616855118959567,9.368292548336717,0.221022383085499,0.0017326549225956738,0.0011485430877655745,51.72445297241211
2026-08-20 02:00:00-04:00,gold,4550.799265921116,4539.287200629711,0.0027064376,0.00017342027,0.0024893011,0.0026210444,0.017342027,UP,0.003841925545732435,13.616855118959567,9.368292548336717,0.221022383085499,0.0017326549225956738,0.0011485430877655745,51.72445297241211
2026-08-20 03:00:00-04:00,gold,4547.600153774256,4551.54356891301,-0.000703356,0.00016344004,0.0027731836,0.0028927831,0.016344003,UP,0.00385814303149971,13.616855118959567,9.368292548336717,0.221022383085499,0.0017326549225956738,0.0011485430877655745,51.72445297241211
2026-08-20 04:00:00-04:00,gold,4546.100062195037,4548.3048486860935,-0.0003298987,0.00015489907,0.0029813638,0.0032122117,0.015489907,UP,0.003824247586034925,13.616855118959567,9.368292548336717,0.221022383085499,0.0017326549225956738,0.0011485430877655745,51.72445297241211
2026-08-20 05:00:00-04:00,gold,4538.899917853181,4546.756383802684,-0.0015850735,0.00014429129,0.0045146123,0.0035596113,0.014429129,UP,0.0038456235198482632,13.616855118959567,9.368292548336717,0.221022383085499,0.0017326549225956738,0.0011485430877655745,51.72445297241211
2026-08-20 06:00:00-04:00,gold,4546.399798816012,4539.505369781342,0.0016510191,0.00013339077,0.0045136632,0.0038597358,0.013339077,UP,0.0038439397984431425,13.616855118959567,9.368292548336717,0.221022383085499,0.0017326549225956738,0.0011485430877655745,51.72445297241211
2026-08-20 07:00:00-04:00,gold,4523.099936699669,4546.9597605585,-0.0051380685,0.0001231145,0.0035790326,0.0040095514,0.01231145,UP,0.003977906188031075,13.616855118959567,9.368292548336717,0.221022383085499,0.0017326549225956738,0.0011485430877655745,51.72445297241211
2026-08-20 08:00:00-04:00,gold,4529.700390374113,4523.646302747598,0.0014581342,0.000120777426,0.0035697622,0.0040781633,0.012077742,UP,0.003912588429075938,13.616855118959567,9.368292548336717,0.221022383085499,0.0017326549225956738,0.0011485430877655745,51.72445297241211
2026-08-20 09:00:00-04:00,gold,4537.000216596178,4530.262856913032,0.0016102453,0.00012419935,0.0036324982,0.004015249,0.012419934,UP,0.0038943960827703085,13.616855118959567,9.368292548336717,0.221022383085499,0.0017326549225956738,0.0011485430877655745,51.72445297241211
2026-08-20 10:00:00-04:00,gold,4571.700017690659,4537.621439576149,0.0076191686,0.00013698504,0.0017028605,0.003773138,0.013698503,UP,0.004078900277974489,13.616855118959567,9.368292548336717,0.221022383085499,0.0017326549225956738,0.0011485430877655745,51.72445297241211
2026-08-20 11:00:00-04:00,gold,4577.299958647112,4572.4686299890745,0.0012240923,0.0001679507,0.0020183579,0.003429929,0.016795069,UP,0.004075326515402997,13.616855118959567,9.368292548336717,0.221022383085499,0.0017326549225956738,0.0011485430877655745,51.72445297241211
2026-08-20 12:00:00-04:00,gold,4566.700424110168,4578.296173744602,-0.0023183757,0.00021763772,0.0016174873,0.0031414041,0.021763772,UP,0.004126484148160668,13.616855118959567,9.368292548336717,0.221022383085499,0.0017326549225956738,0.0011485430877655745,51.72445297241211
2026-08-20 13:00:00-04:00,gold,4576.000062398496,4567.928346114233,0.002034368,0.00026883595,0.0014047219,0.00293334,0.026883595,UP,0.004129736801147325,13.616855118959567,9.368292548336717,0.221022383085499,0.0017326549225956738,0.0011485430877655745,51.72445297241211
2026-08-20 14:00:00-04:00,gold,4578.500034332275,4577.384483337402,0.0005461795,0.0003024838,0.002091132,0.0028077522,0.03024838,UP,0.004116732912710488,13.616855118959567,9.368292548336717,0.221022383085499,0.0017326549225956738,0.0011485430877655745,51.72445297241211
2026-08-20 15:00:00-04:00,gold,4584.899501860142,4579.976388275623,0.0013968403,0.00032236666,0.0029762557,0.0026879006,0.032236665,UP,0.00274104727124386,13.616855118959567,9.368292548336717,0.221022383085499,0.0017326549225956738,0.0011485430877655745,51.72445297241211
2026-08-20 16:00:00-04:00,gold,4575.100033849594,4586.370155899203,-0.002139696,0.0003205248,0.002702273,0.0025573836,0.03205248,UP,0.002672006883645432,13.616855118959567,9.368292548336717,0.221022383085499,0.0017326549225956738,0.0011485430877655745,51.72445297241211
2026-08-20 18:00:00-04:00,gold,4580.200626386795,4576.500125163875,0.0011141303,0.00030602794,0.0026940557,0.0024479378,0.030602794,UP,0.002425751914081718,13.616855118959567,9.368292548336717,0.221022383085499,0.0017326549225956738,0.0011485430877655745,51.72445297241211
2026-08-20 19:00:00-04:00,gold,4582.200202145032,4581.52752717433,0.00043656686,0.00028965014,0.0027182542,0.0023299616,0.028965013,UP,0.0024195742275452785,13.616855118959567,9.368292548336717,0.221022383085499,0.0017326549225956738,0.0011485430877655745,51.72445297241211
2026-08-20 20:00:00-04:00,gold,4567.200149004057,4583.441254477948,-0.0032789065,0.00027084295,0.0017098439,0.0022290682,0.027084295,UP,0.0025014175340477497,13.616855118959567,9.368292548336717,0.221022383085499,0.0017326549225956738,0.0011485430877655745,51.72445297241211
2026-08-20 21:00:00-04:00,gold,4586.999761855928,4568.346812678734,0.0043258467,0.00025096588,0.0010374759,0.0021497493,0.025096588,UP,0.002600215994975481,13.616855118959567,9.368292548336717,0.221022383085499,0.0017326549225956738,0.0011485430877655745,51.72445297241211
2026-08-20 22:00:00-04:00,gold,4589.9998161792755,4588.060817241669,0.0006538084,0.00023117373,0.0010346308,0.0020997892,0.023117373,UP,0.002585411865389882,13.616855118959567,9.368292548336717,0.221022383085499,0.0017326549225956738,0.0011485430877655745,51.72445297241211
2026-08-20 23:00:00-04:00,gold,4590.900095701218,4590.969039201736,0.00019603793,0.00021109809,0.0014487412,0.0020760505,0.021109808,UP,0.0025243495631585232,13.616855118959567,9.368292548336717,0.221022383085499,0.0017326549225956738,0.0011485430877655745,51.72445297241211
2026-08-21 00:00:00-04:00,gold,4596.799558275612,4591.758581393573,0.0012843048,0.0001870303,0.0018115519,0.0020960737,0.018703029,UP,0.002485494432417972,13.616855118959567,9.368292548336717,0.221022383085499,0.0017326549225956738,0.0011485430877655745,51.72445297241211
2026-08-21 01:00:00-04:00,gold,4610.099857337424,4597.516016166774,0.0028892031,0.00015577214,0.0017221273,0.0021850152,0.015577214,UP,0.0025254773076898215,13.616855118959567,9.368292548336717,0.221022383085499,0.0017326549225956738,0.0011485430877655745,51.72445297241211
2026-08-21 02:00:00-04:00,gold,4617.900098644022,4610.693629754242,0.0016904653,0.00012874985,0.0017269956,0.002351604,0.012874984,UP,0.002517274997491716,13.616855118959567,9.368292548336717,0.221022383085499,0.0017326549225956738,0.0011485430877655745,51.72445297241211
2026-08-21 03:00:00-04:00,gold,4621.0002990067005,4618.447646427492,0.0006710967,0.00011862417,0.003166769,0.0025717611,0.011862417,UP,0.0024910904524552743,13.616855118959567,9.368292548336717,0.221022383085499,0.0017326549225956738,0.0011485430877655745,51.72445297241211
2026-08-21 04:00:00-04:00,gold,4640.999745607376,4621.522771954536,0.004318728,0.00011309353,0.0024367007,0.0027441748,0.011309353,UP,0.0024918148026135734,13.616855118959567,9.368292548336717,0.221022383085499,0.0017326549225956738,0.0011485430877655745,51.72445297241211
2026-08-21 05:00:00-04:00,gold,4639.700415015221,4641.501798033714,-0.00028010918,0.00010805941,0.0026239257,0.002868539,0.010805941,UP,0.002496244772381631,13.616855118959567,9.368292548336717,0.221022383085499,0.0017326549225956738,0.0011485430877655745,51.72445297241211
2026-08-21 06:00:00-04:00,gold,4645.799730986822,4640.186366137466,0.0013137925,0.00010480106,0.0034075824,0.0028944167,0.010480106,UP,0.0024921508077996313,13.616855118959567,9.368292548336717,0.221022383085499,0.0017326549225956738,0.0011485430877655745,51.72445297241211
2026-08-21 07:00:00-04:00,gold,4654.400114198565,4646.271107629989,0.0018494442,0.00010142053,0.0035206527,0.0027267262,0.0101420535,UP,0.0024451493285327142,13.616855118959567,9.368292548336717,0.221022383085499,0.0017326549225956738,0.0011485430877655745,51.72445297241211
2026-08-21 08:00:00-04:00,gold,4634.700034554873,4654.9908151502605,-0.004241474,0.00012689811,0.0025537524,0.0022276393,0.012689811,UP,0.0025752131941373536,13.616855118959567,9.368292548336717,0.221022383085499,0.0017326549225956738,0.0011485430877655745,51.72445297241211
2026-08-21 09:00:00-04:00,gold,4638.29972836643,4635.482534346171,0.00077636354,0.00016876744,0.0025666647,0.0018267257,0.016876744,UP,0.002547282695488176,13.616855118959567,9.368292548336717,0.221022383085499,0.0017326549225956738,0.0011485430877655745,51.72445297241211
2026-08-21 10:00:00-04:00,gold,4648.09990808228,4639.228171512135,0.0021106773,0.00020012693,0.0029628454,0.0015697184,0.020012693,UP,0.0025480373933614788,13.616855118959567,9.368292548336717,0.221022383085499,0.0017326549225956738,0.0011485430877655745,51.72445297241211
2026-08-21 11:00:00-04:00,gold,4671.999951066042,4649.012694938283,0.00512869,0.00019621072,0.0020147932,0.0014842862,0.019621072,UP,0.0026626626656597483,13.616855118959567,9.368292548336717,0.221022383085499,0.0017326549225956738,0.0011485430877655745,51.72445297241211
2026-08-21 12:00:00-04:00,gold,4686.59977722168,4672.793647766113,0.003120148,0.00016988025,0.0020097299,0.0015290021,0.016988026,UP,0.002649071661132619,13.616855118959567,9.368292548336717,0.221022383085499,0.0017326549225956738,0.0011485430877655745,51.72445297241211
2026-08-21 13:00:00-04:00,gold,4678.700553169154,4687.327507177251,-0.0016870584,0.00015513245,0.0029139526,0.0016368722,0.015513245,UP,0.0026935556771131314,13.616855118959567,9.368292548336717,0.221022383085499,0.0017326549225956738,0.0011485430877655745,51.72445297241211
2026-08-21 14:00:00-04:00,gold,4681.800139389699,4679.456496890169,0.0006622743,0.00016160106,0.0029102599,0.0017515523,0.016160106,UP,0.0024378256850018905,13.616855118959567,9.368292548336717,0.221022383085499,0.0017326549225956738,0.0011485430877655745,51.72445297241211
2026-08-21 15:00:00-04:00,gold,4674.700036130496,4682.597349634278,-0.0015175783,0.00017034475,0.0029271499,0.001819781,0.017034475,UP,0.0024850167619529344,13.616855118959567,9.368292548336717,0.221022383085499,0.0017326549225956738,0.0011485430877655745,51.72445297241211
2026-08-21 16:00:00-04:00,gold,4680.59998833749,4675.527180563193,0.0012612963,0.00017683528,0.0030495513,0.0018399444,0.017683528,UP,0.002483130728254297,13.616855118959567,9.368292548336717,0.221022383085499,0.0017326549225956738,0.0011485430877655745,51.72445297241211
2026-08-23 18:00:00-04:00,gold,4663.099894826068,4681.439286058769,-0.0037458437,0.00017926516,0.0019813874,0.0018280084,0.017926516,UP,0.002302232904180193,13.616855118959567,9.368292548336717,0.221022383085499,0.0017326549225956738,0.0011485430877655745,51.72445297241211
2026-08-23 19:00:00-04:00,gold,4681.59994545579,4663.927254312672,0.0039594686,0.0001773833,0.0015810049,0.0018064402,0.017738331,UP,0.0023785117515165125,13.616855118959567,9.368292548336717,0.221022383085499,0.0017326549225956738,0.0011485430877655745,51.72445297241211
2026-08-23 20:00:00-04:00,gold,4678.80015901447,4682.411002748238,-0.00059832766,0.00017316686,0.0014498793,0.0017805985,0.017316686,UP,0.002322075975644842,13.616855118959567,9.368292548336717,0.221022383085499,0.0017326549225956738,0.0011485430877655745,51.72445297241211
2026-08-23 21:00:00-04:00,gold,4688.600142403622,4679.60241614806,0.0020924262,0.00017151676,0.0014293925,0.0017651493,0.017151676,UP,0.0023231584779187225,13.616855118959567,9.368292548336717,0.221022383085499,0.0017326549225956738,0.0011485430877655745,51.72445297241211
2026-08-23 22:00:00-04:00,gold,4700.400115640368,4689.431218665268,0.0025135395,0.00017722783,0.0014709332,0.001769146,0.017722784,UP,0.0023431195038055574,13.616855118959567,9.368292548336717,0.221022383085499,0.0017326549225956738,0.0011485430877655745,51.72445297241211
2026-08-23 23:00:00-04:00,gold,4698.200041530537,4701.232554704533,-0.00046809248,0.00017709748,0.0015005384,0.0018108704,0.017709747,UP,0.0023536096437693074,13.616855118959567,9.368292548336717,0.221022383085499,0.0017326549225956738,0.0011485430877655745,51.72445297241211
2026-08-24 00:00:00-04:00,gold,4695.200465172995,4698.987092408468,-0.0006387463,0.00016746379,0.001726132,0.0018953794,0.01674638,UP,0.002304126078414878,13.616855118959567,9.368292548336717,0.221022383085499,0.0017326549225956738,0.0011485430877655745,51.72445297241211
2026-08-24 01:00:00-04:00,gold,4697.299673072412,4695.918305140804,0.0004470821,0.00015284137,0.0017539819,0.0020377499,0.015284137,UP,0.0023048711045003333,13.616855118959567,9.368292548336717,0.221022383085499,0.0017326549225956738,0.0011485430877655745,51.72445297241211
2026-08-24 02:00:00-04:00,gold,4706.70044292463,4697.857526612934,0.001999233,0.00011877605,0.0020928658,0.0022516365,0.011877605,UP,0.0023130128943809974,13.616855118959567,9.368292548336717,0.221022383085499,0.0017326549225956738,0.0011485430877655745,51.72445297241211
2026-08-24 03:00:00-04:00,gold,4697.399693675339,4707.2119024489075,-0.0019779236,0.00010875039,0.0016425783,0.0024788207,0.010875039,UP,0.002243430095197687,13.616855118959567,9.368292548336717,0.221022383085499,0.0017326549225956738,0.0011485430877655745,51.72445297241211
2026-08-24 04:00:00-04:00,gold,4693.499965474621,4697.918997968372,-0.0008305706,0.000110462985,0.0013987164,0.002728279,0.011046299,UP,0.0021709002298562936,13.616855118959567,9.368292548336717,0.221022383085499,0.0017326549225956738,0.0011485430877655745,51.72445297241211
2026-08-24 05:00:00-04:00,gold,4702.400106489658,4694.0063554644585,0.001894423,0.000107869084,0.0013470625,0.002963382,0.010786909,UP,0.0021804835872796255,13.616855118959567,9.368292548336717,0.221022383085499,0.0017326549225956738,0.0011485430877655745,51.72445297241211
2026-08-24 06:00:00-04:00,gold,4700.299727769598,4702.870220365294,-0.000446701,0.00010002265,0.0028917596,0.0031021999,0.010002265,UP,0.0021898503383442464,13.616855118959567,9.368292548336717,0.221022383085499,0.0017326549225956738,0.0011485430877655745,51.72445297241211
2026-08-24 07:00:00-04:00,gold,4714.9997841567965,4700.732931584003,0.003122621,9.2152695e-05,0.002408509,0.0029908728,0.009215269,UP,0.00222975357106453,13.616855118959567,9.368292548336717,0.221022383085499,0.0017326549225956738,0.0011485430877655745,51.72445297241211
2026-08-24 08:00:00-04:00,gold,4720.699970126152,4715.50811290741,0.001208219,0.000107745596,0.0022285848,0.0026354557,0.010774559,UP,0.0021974740529434916,13.616855118959567,9.368292548336717,0.221022383085499,0.0017326549225956738,0.0011485430877655745,51.72445297241211
2026-08-24 09:00:00-04:00,gold,4721.7998113848735,4721.352424088283,0.0002329064,0.00013812596,0.002185607,0.0021751854,0.013812596,UP,0.0021930319549880216,13.616855118959567,9.368292548336717,0.221022383085499,0.0017326549225956738,0.0011485430877655745,51.72445297241211
2026-08-24 10:00:00-04:00,gold,4727.599744938314,4722.639625228476,0.0012276534,0.00017790323,0.002782648,0.001802746,0.017790323,UP,0.0021947508940848457,13.616855118959567,9.368292548336717,0.221022383085499,0.0017326549225956738,0.0011485430877655745,51.72445297241211
2026-08-24 11:00:00-04:00,gold,4706.000284535548,4728.532812376216,-0.0045794044,0.00019723785,0.0018553863,0.0016280644,0.019723786,UP,0.0022951924818226757,13.616855118959567,9.368292548336717,0.221022383085499,0.0017326549225956738,0.0011485430877655745,51.72445297241211
2026-08-24 12:00:00-04:00,gold,4701.899939417839,4706.845986366272,-0.00087162876,0.00017968401,0.0021215754,0.0016976983,0.017968401,UP,0.002304340950067753,13.616855118959567,9.368292548336717,0.221022383085499,0.0017326549225956738,0.0011485430877655745,51.72445297241211
2026-08-24 13:00:00-04:00,gold,4693.2997149048315,4702.757482868503,-0.0018307434,0.00018238647,0.0015100894,0.0018616668,0.018238647,UP,0.0023347827594852825,13.616855118959567,9.368292548336717,0.221022383085499,0.0017326549225956738,0.0011485430877655745,51.72445297241211
2026-08-24 14:00:00-04:00,gold,4692.999920762144,4694.238060924108,-6.388133e-05,0.00019993857,0.0012635741,0.0019637793,0.019993857,UP,0.0023182125461242192,13.616855118959567,9.368292548336717,0.221022383085499,0.0017326549225956738,0.0011485430877655745,51.72445297241211
2026-08-24 15:00:00-04:00,gold,4707.499804258347,4693.9868683815,0.0030849448,0.00021023207,0.0034661593,0.0019704015,0.021023206,UP,0.002209884632098505,13.616855118959567,9.368292548336717,0.221022383085499,0.0017326549225956738,0.0011485430877655745,51.72445297241211
2026-08-24 16:00:00-04:00,gold,4710.000046789646,4708.46185863018,0.00053092645,0.0002042893,0.0045111007,0.0019335671,0.02042893,UP,0.0022093635762923548,13.616855118959567,9.368292548336717,0.221022383085499,0.0017326549225956738,0.0011485430877655745,51.72445297241211
2026-08-24 18:00:00-04:00,gold,4724.500111341476,4710.912959575653,0.0030738271,0.00019376422,0.004059427,0.0018839233,0.019376423,UP,0.0022402820028864325,13.616855118959567,9.368292548336717,0.221022383085499,0.0017326549225956738,0.0011485430877655745,51.72445297241211
2026-08-24 19:00:00-04:00,gold,4737.200256705284,4725.355507314205,0.00268455,0.00018103432,0.0033361237,0.0018319419,0.018103432,UP,0.002107566588930796,13.616855118959567,9.368292548336717,0.221022383085499,0.0017326549225956738,0.0011485430877655745,51.72445297241211
2026-08-24 20:00:00-04:00,gold,4741.000184549601,4738.015648494009,0.0008017988,0.0001720837,0.00417758,0.0017808353,0.01720837,UP,0.0020482770906954263,13.616855118959567,9.368292548336717,0.221022383085499,0.0017326549225956738,0.0011485430877655745,51.72445297241211
2026-08-24 21:00:00-04:00,gold,4714.700321435928,4741.8262803554535,-0.0055627553,0.00017426157,0.003609727,0.0017430787,0.017426157,UP,0.002290078104805764,13.616855118959567,9.368292548336717,0.221022383085499,0.0017326549225956738,0.0011485430877655745,51.72445297241211
2026-08-24 22:00:00-04:00,gold,4685.4998927954,4715.532570718438,-0.0062126955,0.00017650517,0.0022613334,0.0017544386,0.017650517,UP,0.0025729417367286902,13.616855118959567,9.368292548336717,0.221022383085499,0.0017326549225956738,0.0011485430877655745,51.72445297241211
2026-08-24 23:00:00-04:00,gold,4688.300036847591,4686.28141862154,0.0005973681,0.00016664661,0.0022386762,0.0018505886,0.016664661,UP,0.002558046851629378,13.616855118959567,9.368292548336717,0.221022383085499,0.0017326549225956738,0.0011485430877655745,51.72445297241211
2026-08-25 00:00:00-04:00,gold,4681.10019802046,4689.0246835764265,-0.0015368557,0.0001545789,0.002142465,0.002021176,0.01545789,UP,0.0025652087982821225,13.616855118959567,9.368292548336717,0.221022383085499,0.0017326549225956738,0.0011485430877655745,51.72445297241211
2026-08-25 01:00:00-04:00,gold,4698.500050323608,4681.679891467269,0.0037101628,0.00012391343,0.0012249299,0.002299809,0.012391343,UP,0.0025509470003718384,13.616855118959567,9.368292548336717,0.221022383085499,0.0017326549225956738,0.0011485430877655745,51.72445297241211
2026-08-25 02:00:00-04:00,gold,4694.60027000308,4699.085869669914,-0.00083037606,0.00012471477,0.0012058662,0.0026793408,0.0124714775,UP,0.0024589320779103336,13.616855118959567,9.368292548336717,0.221022383085499,0.0017326549225956738,0.0011485430877655745,51.72445297241211
2026-08-25 03:00:00-04:00,gold,4686.099726571643,4695.211784113257,-0.001812232,0.00013031231,0.00073414564,0.0032963702,0.013031231,UP,0.0024805920004621748,13.616855118959567,9.368292548336717,0.221022383085499,0.0017326549225956738,0.0011485430877655745,51.72445297241211
2026-08-25 04:00:00-04:00,gold,4685.700400278583,4686.672689986241,-8.534162e-05,0.00012218682,0.002647532,0.0035137562,0.012218681,UP,0.002450529779468761,13.616855118959567,9.368292548336717,0.221022383085499,0.0017326549225956738,0.0011485430877655745,51.72445297241211
2026-08-25 05:00:00-04:00,gold,4691.699892258388,4686.237548302161,0.0012796725,0.000114699695,0.0034237034,0.003554455,0.0114699695,UP,0.002416601496824153,13.616855118959567,9.368292548336717,0.221022383085499,0.0017326549225956738,0.0011485430877655745,51.72445297241211
2026-08-25 06:00:00-04:00,gold,4695.000590664451,4692.220338962274,0.0007030809,0.00011092117,0.00384032,0.0033904898,0.011092117,UP,0.002419225346631867,13.616855118959567,9.368292548336717,0.221022383085499,0.0017326549225956738,0.0011485430877655745,51.72445297241211
2026-08-25 07:00:00-04:00,gold,4698.399542570114,4695.549613237381,0.0007238917,0.00011703248,0.00399177,0.003101701,0.011703248,UP,0.002420001654300011,13.616855118959567,9.368292548336717,0.221022383085499,0.0017326549225956738,0.0011485430877655745,51.72445297241211
2026-08-25 08:00:00-04:00,gold,4695.700534542877,4699.016004549572,-0.00057476654,0.00013110955,0.0039895363,0.002813495,0.013110955,UP,0.0024210529558044863,13.616855118959567,9.368292548336717,0.221022383085499,0.0017326549225956738,0.0011485430877655745,51.72445297241211
2026-08-25 09:00:00-04:00,gold,4671.399692889594,4696.4027080232045,-0.0051884465,0.0001496404,0.0024770885,0.0026107996,0.01496404,UP,0.002565825611785459,13.616855118959567,9.368292548336717,0.221022383085499,0.0017326549225956738,0.0011485430877655745,51.72445297241211
2026-08-25 10:00:00-04:00,gold,4691.600516254606,4672.196789414913,0.0043149046,0.0001705642,0.0021100559,0.0025224518,0.01705642,UP,0.00267500049302614,13.616855118959567,9.368292548336717,0.221022383085499,0.0017326549225956738,0.0011485430877655745,51.72445297241211
2026-08-25 11:00:00-04:00,gold,4709.499928131758,4692.537454815349,0.0038080488,0.00019971299,0.0019099051,0.0025071148,0.019971298,UP,0.0027606319781253606,13.616855118959567,9.368292548336717,0.221022383085499,0.0017326549225956738,0.0011485430877655745,51.72445297241211
2026-08-25 12:00:00-04:00,gold,4700.800014644861,4710.561637938023,-0.0018490799,0.00022537864,0.0017724155,0.0024339496,0.022537863,UP,0.0027620492398980102,13.616855118959567,9.368292548336717,0.221022383085499,0.0017326549225956738,0.0011485430877655745,51.72445297241211
2026-08-25 13:00:00-04:00,gold,4705.800066549447,4701.907113601454,0.0010630835,0.00023543971,0.0028499952,0.0023654383,0.02354397,UP,0.0027675306271715337,13.616855118959567,9.368292548336717,0.221022383085499,0.0017326549225956738,0.0011485430877655745,51.72445297241211
2026-08-25 14:00:00-04:00,gold,4711.400018626475,4706.894267012947,0.0011893341,0.00023255468,0.003287984,0.0023299092,0.023255467,UP,0.0027151730137143105,13.616855118959567,9.368292548336717,0.221022383085499,0.0017326549225956738,0.0011485430877655745,51.72445297241211
2026-08-25 15:00:00-04:00,gold,4723.399397243687,4712.459721996274,0.0025437756,0.00022486228,0.0037410038,0.002259586,0.022486228,UP,0.002746894168584471,13.616855118959567,9.368292548336717,0.221022383085499,0.0017326549225956738,0.0011485430877655745,51.72445297241211
2026-08-25 16:00:00-04:00,gold,4715.90004956731,4724.42694776319,-0.0015891012,0.0002173951,0.0036866947,0.0021859468,0.02173951,UP,0.0027621615942099277,13.616855118959567,9.368292548336717,0.221022383085499,0.0017326549225956738,0.0011485430877655745,51.72445297241211
2026-08-25 18:00:00-04:00,gold,4729.700274324743,4716.889337519184,0.0029220595,0.00020973798,0.003443992,0.002095685,0.020973798,UP,0.0028060519049002354,13.616855118959567,9.368292548336717,0.221022383085499,0.0017326549225956738,0.0011485430877655745,51.72445297241211
2026-08-25 19:00:00-04:00,gold,4712.100140995171,4730.630505242618,-0.0037281276,0.00019666221,0.0031447553,0.0020284315,0.019666221,UP,0.0027621857862066,13.616855118959567,9.368292548336717,0.221022383085499,0.0017326549225956738,0.0011485430877655745,51.72445297241211
2026-08-25 20:00:00-04:00,gold,4694.200414459483,4712.979760736576,-0.0038059435,0.00018664087,0.0025985115,0.001965643,0.018664086,UP,0.002846173043020809,13.616855118959567,9.368292548336717,0.221022383085499,0.0017326549225956738,0.0011485430877655745,51.72445297241211
2026-08-25 21:00:00-04:00,gold,4713.799914579489,4695.054692709236,0.0041665896,0.00018205043,0.0012544765,0.0019249187,0.018205043,UP,0.0029267790582478306,13.616855118959567,9.368292548336717,0.221022383085499,0.0017326549225956738,0.0011485430877655745,51.72445297241211
2026-08-25 22:00:00-04:00,gold,4715.200693000923,4714.6219064133475,0.00029703905,0.0001743706,0.0010306704,0.0019320416,0.01743706,UP,0.0029266138355118184,13.616855118959567,9.368292548336717,0.221022383085499,0.0017326549225956738,0.0011485430877655745,51.72445297241211
2026-08-25 23:00:00-04:00,gold,4701.100025546621,4715.980946191703,-0.0029948296,0.00016551153,0.0004532939,0.0019657842,0.016551154,UP,0.002927362633068724,13.616855118959567,9.368292548336717,0.221022383085499,0.0017326549225956738,0.0011485430877655745,51.72445297241211
2026-08-26 00:00:00-04:00,gold,4697.600587420486,4701.833120218245,-0.00074478384,0.00015580343,0.00045865096,0.0020635447,0.015580343,UP,0.00292802757024991,13.616855118959567,9.368292548336717,0.221022383085499,0.0017326549225956738,0.0011485430877655745,51.72445297241211
2026-08-26 01:00:00-04:00,gold,4696.299503299379,4698.24185487174,-0.00027683773,0.0001365977,0.0003699989,0.0022046268,0.01365977,UP,0.0028665070860953304,13.616855118959567,9.368292548336717,0.221022383085499,0.0017326549225956738,0.0011485430877655745,51.72445297241211
2026-08-26 02:00:00-04:00,gold,4690.600047551212,4696.887079536333,-0.0012143961,0.00012504408,0.00083383213,0.0023821404,0.012504408,UP,0.0028192822051523593,13.616855118959567,9.368292548336717,0.221022383085499,0.0017326549225956738,0.0011485430877655745,51.72445297241211
2026-08-26 03:00:00-04:00,gold,4685.10016935342,4691.192810547771,-0.0011732457,0.00012625923,0.0011708132,0.0025801947,0.012625922,UP,0.0028150930354912344,13.616855118959567,9.368292548336717,0.221022383085499,0.0017326549225956738,0.0011485430877655745,51.72445297241211
2026-08-26 04:00:00-04:00,gold,4683.700477976236,4685.6971421247,-0.00029884346,0.00012747222,0.0022860449,0.002777633,0.012747222,UP,0.002641349882911499,13.616855118959567,9.368292548336717,0.221022383085499,0.0017326549225956738,0.0011485430877655745,51.72445297241211
2026-08-26 05:00:00-04:00,gold,4679.500078353973,4684.294828022481,-0.0008971709,0.0001269475,0.003638618,0.002968284,0.01269475,UP,0.0023934463007908788,13.616855118959567,9.368292548336717,0.221022383085499,0.0017326549225956738,0.0011485430877655745,51.72445297241211
2026-08-26 06:00:00-04:00,gold,4675.899701476097,4680.069554507732,-0.00076962996,0.00012165173,0.0036449651,0.0030391598,0.012165173,UP,0.002393902531900569,13.616855118959567,9.368292548336717,0.221022383085499,0.0017326549225956738,0.0011485430877655745,51.72445297241211
2026-08-26 07:00:00-04:00,gold,4680.300102451933,4676.4444926028955,0.000940532,0.00011649161,0.0034820258,0.0030447752,0.011649161,UP,0.0023848553665712,13.616855118959567,9.368292548336717,0.221022383085499,0.0017326549225956738,0.0011485430877655745,51.72445297241211
2026-08-26 08:00:00-04:00,gold,4669.500410673674,4680.826495530084,-0.002310169,0.00011256161,0.0036253226,0.002975436,0.011256161,UP,0.002313388346100429,13.616855118959567,9.368292548336717,0.221022383085499,0.0017326549225956738,0.0011485430877655745,51.72445297241211
2026-08-26 09:00:00-04:00,gold,4686.599663078785,4670.037165105343,0.003655394,0.000115020026,0.0027088076,0.0028927717,0.011502002,UP,0.0024146190944597714,13.616855118959567,9.368292548336717,0.221022383085499,0.0017326549225956738,0.0011485430877655745,51.72445297241211
2026-08-26 10:00:00-04:00,gold,4658.200398592453,4687.196774590528,-0.0060782447,0.00012726033,0.0011113452,0.0027664625,0.012726032,UP,0.0026357173734395077,13.616855118959567,9.368292548336717,0.221022383085499,0.0017326549225956738,0.0011485430877655745,51.72445297241211
2026-08-26 11:00:00-04:00,gold,4651.399982501054,4658.9448535993,-0.0014609208,0.00015980651,0.00094087754,0.0025389236,0.015980652,UP,0.002645661258848571,13.616855118959567,9.368292548336717,0.221022383085499,0.0017326549225956738,0.0011485430877655745,51.72445297241211
2026-08-26 12:00:00-04:00,gold,4647.099831790605,4652.264352375001,-0.0009248384,0.00018580597,0.0016932413,0.0024880385,0.018580597,UP,0.002632516055018674,13.616855118959567,9.368292548336717,0.221022383085499,0.0017326549225956738,0.0011485430877655745,51.72445297241211
2026-08-26 13:00:00-04:00,gold,4653.199943921005,4648.091163405741,0.0013118067,0.00021314327,0.0019992485,0.0024483476,0.021314327,UP,0.002642973763601441,13.616855118959567,9.368292548336717,0.221022383085499,0.0017326549225956738,0.0011485430877655745,51.72445297241211
2026-08-26 14:00:00-04:00,gold,4648.500182479038,4654.2818694568705,-0.0010106099,0.00023245969,0.0029453964,0.0024478515,0.023245968,UP,0.0026388840668197205,13.616855118959567,9.368292548336717,0.221022383085499,0.0017326549225956738,0.0011485430877655745,51.72445297241211
2026-08-26 15:00:00-04:00,gold,4648.900092244148,4649.616046786308,8.602456e-05,0.00024006466,0.004298381,0.0024226035,0.024006465,UP,0.002639722901720793,13.616855118959567,9.368292548336717,0.221022383085499,0.0017326549225956738,0.0011485430877655745,51.72445297241211
2026-08-26 16:00:00-04:00,gold,4647.800108211493,4650.009394836961,-0.00023666411,0.00023871922,0.004651594,0.002346848,0.023871923,UP,0.0024761080665718998,13.616855118959567,9.368292548336717,0.221022383085499,0.0017326549225956738,0.0011485430877655745,51.72445297241211
2026-08-26 18:00:00-04:00,gold,4663.300212780945,4648.866926005343,0.0033293627,0.00022963303,0.0046382733,0.0022142043,0.022963304,UP,0.0024202032778858247,13.616855118959567,9.368292548336717,0.221022383085499,0.0017326549225956738,0.0011485430877655745,51.72445297241211
2026-08-26 19:00:00-04:00,gold,4677.499935413711,4664.289322096389,0.003040469,0.00021219536,0.004486938,0.0021008807,0.021219537,UP,0.00237990227113373,13.616855118959567,9.368292548336717,0.221022383085499,0.0017326549225956738,0.0011485430877655745,51.72445297241211
2026-08-26 20:00:00-04:00,gold,4659.200635552406,4678.4166967868805,-0.0039199777,0.00019590979,0.004233939,0.0020024036,0.01959098,UP,0.0024570669724416367,13.616855118959567,9.368292548336717,0.221022383085499,0.0017326549225956738,0.0011485430877655745,51.72445297241211
2026-08-26 21:00:00-04:00,gold,4694.599885517149,4660.0488769887015,0.0075691305,0.00018210124,0.00066689803,0.0019362723,0.018210124,UP,0.0028411042328278452,13.616855118959567,9.368292548336717,0.221022383085499,0.0017326549225956738,0.0011485430877655745,51.72445297241211
2026-08-26 22:00:00-04:00,gold,4683.7005501387175,4695.422768371529,-0.0023244952,0.0001752023,0.0008447113,0.0019034918,0.01752023,UP,0.002859450722114847,13.616855118959567,9.368292548336717,0.221022383085499,0.0017326549225956738,0.0011485430877655745,51.72445297241211
2026-08-26 23:00:00-04:00,gold,4679.000084371073,4684.500297353254,-0.0010040256,0.00017081291,0.00097171357,0.0019043017,0.01708129,UP,0.002815286412663123,13.616855118959567,9.368292548336717,0.221022383085499,0.0017326549225956738,0.0011485430877655745,51.72445297241211
2026-08-27 00:00:00-04:00,gold,4673.000236570835,4679.761927843094,-0.0012831481,0.0001627053,0.0016561963,0.001936107,0.01627053,UP,0.0028110575683848896,13.616855118959567,9.368292548336717,0.221022383085499,0.0017326549225956738,0.0011485430877655745,51.72445297241211
2026-08-27 01:00:00-04:00,gold,4661.20024895668,4673.720285058022,-0.0025282959,0.00015409701,0.0022701938,0.0020280555,0.0154097015,UP,0.0027711713333268607,13.616855118959567,9.368292548336717,0.221022383085499,0.0017326549225956738,0.0011485430877655745,51.72445297241211
2026-08-27 02:00:00-04:00,gold,4654.300029751612,4661.852538231527,-0.0014814859,0.000139875,0.0025223207,0.0021728268,0.0139875,UP,0.0027103982667472117,13.616855118959567,9.368292548336717,0.221022383085499,0.0017326549225956738,0.0011485430877655745,51.72445297241211
2026-08-27 03:00:00-04:00,gold,4653.399861063575,4654.896253143554,-0.00019336728,0.00012816794,0.002803399,0.0023803557,0.012816794,UP,0.0026337056406268294,13.616855118959567,9.368292548336717,0.221022383085499,0.0017326549225956738,0.0011485430877655745,51.72445297241211
2026-08-27 04:00:00-04:00,gold,4652.299598371232,4654.004556404776,-0.00023643521,0.00012995132,0.0029627648,0.0025806231,0.012995132,UP,0.002495460188037749,13.616855118959567,9.368292548336717,0.221022383085499,0.0017326549225956738,0.0011485430877655745,51.72445297241211
2026-08-27 05:00:00-04:00,gold,4633.20002639608,4652.90819798538,-0.0041138628,0.00013077725,0.003182183,0.0027465273,0.013077725,UP,0.0025789953719861647,13.616855118959567,9.368292548336717,0.221022383085499,0.0017326549225956738,0.0011485430877655745,51.72445297241211
2026-08-27 06:00:00-04:00,gold,4643.000018008403,4633.8066432254855,0.002112893,0.00013084442,0.0035516883,0.0028351007,0.013084441,UP,0.0025829993183315403,13.616855118959567,9.368292548336717,0.221022383085499,0.0017326549225956738,0.0011485430877655745,51.72445297241211
2026-08-27 07:00:00-04:00,gold,4652.30027115345,4643.604963183403,0.0020009698,0.00013019219,0.0035042774,0.0028487656,0.013019219,UP,0.002619228023487972,13.616855118959567,9.368292548336717,0.221022383085499,0.0017326549225956738,0.0011485430877655745,51.72445297241211
2026-08-27 08:00:00-04:00,gold,4639.299488100805,4652.912080166861,-0.0027982283,0.0001315821,0.0032966703,0.0027950793,0.01315821,UP,0.0026578526929945997,13.616855118959567,9.368292548336717,0.221022383085499,0.0017326549225956738,0.0011485430877655745,51.72445297241211
2026-08-27 09:00:00-04:00,gold,4625.899460522225,4639.929172894685,-0.002892525,0.00013562641,0.0025620034,0.0027306676,0.013562641,UP,0.0026928108553402465,13.616855118959567,9.368292548336717,0.221022383085499,0.0017326549225956738,0.0011485430877655745,51.72445297241211
2026-08-27 10:00:00-04:00,gold,4645.100296831108,4626.595832547755,0.0041419957,0.00015046302,0.0022374415,0.0026508558,0.015046302,UP,0.0028167252305313292,13.616855118959567,9.368292548336717,0.221022383085499,0.0017326549225956738,0.0011485430877655745,51.72445297241211
2026-08-27 11:00:00-04:00,gold,4664.500346412824,4645.8930520224385,0.004167726,0.00017070712,0.0012161761,0.0025128513,0.017070713,UP,0.0029319489491520636,13.616855118959567,9.368292548336717,0.221022383085499,0.0017326549225956738,0.0011485430877655745,51.72445297241211
