date,asset,actual_price,predicted_price,actual_return,predicted_return,actual_volatility,predicted_volatility,predicted_return_percent,trend,volatility_30,rmse,mae,mape,volatility_rmse,volatility_mae,volatility_mape
2024-01-23,gold,2023.7001859177253,2020.6841890548822,0.0019289742,0.00043769443,0.0035265165,0.0074561583,0.04376944,UP,0.008629545320509677,57.233923331087844,35.78343472793122,0.9941678590192871,0.007351394246165675,0.004330888856202364,36.667545318603516
2024-01-24,gold,2013.9001441697474,2024.568187728437,-0.0048543424,0.00042898676,0.0031650495,0.0074342713,0.042898677,UP,0.008175440479696332,57.233923331087844,35.78343472793122,0.9941678590192871,0.007351394246165675,0.004330888856202364,36.667545318603516
2024-01-25,gold,2016.9000090009067,2014.7251642207993,0.0014885386,0.00040962608,0.0030677791,0.0073856385,0.040962607,UP,0.007935094528863602,57.233923331087844,35.78343472793122,0.9941678590192871,0.007351394246165675,0.004330888856202364,36.667545318603516
2024-01-26,gold,2016.8000041949563,2017.6718150470697,-4.9570197e-05,0.00038260868,0.006139451,0.0073065194,0.038260866,UP,0.007934925302376938,57.233923331087844,35.78343472793122,0.9941678590192871,0.007351394246165675,0.004330888856202364,36.667545318603516
2024-01-29,gold,2025.1998882420012,2017.4967897583847,0.0041563157,0.00034544573,0.0066680103,0.007189611,0.034544572,UP,0.0079554881261284,57.233923331087844,35.78343472793122,0.9941678590192871,0.007351394246165675,0.004330888856202364,36.667545318603516
2024-01-30,gold,2031.5001165778376,2025.8853500677797,0.0031059994,0.0003383779,0.0068295207,0.007129897,0.033837788,UP,0.006637825684197036,57.233923331087844,35.78343472793122,0.9941678590192871,0.007351394246165675,0.004330888856202364,36.667545318603516
2024-01-31,gold,2048.399847507477,2032.1177850365639,0.008284517,0.00030400068,0.005247168,0.007014041,0.030400068,UP,0.00674746661560605,57.233923331087844,35.78343472793122,0.9941678590192871,0.007351394246165675,0.004330888856202364,36.667545318603516
2024-02-01,gold,2052.9999214840354,2048.9476166940876,0.002243185,0.00026740463,0.004870695,0.006886697,0.026740463,UP,0.006744212914904097,57.233923331087844,35.78343472793122,0.9941678590192871,0.007351394246165675,0.004330888856202364,36.667545318603516
2024-02-02,gold,2036.099831521511,2053.5080733299255,-0.008265937,0.0002474266,0.0038281328,0.006788786,0.02474266,UP,0.006841685382472008,57.233923331087844,35.78343472793122,0.9941678590192871,0.007351394246165675,0.004330888856202364,36.667545318603516
2024-02-05,gold,2025.6999433393576,2036.597313028571,-0.0051209056,0.0002442604,0.003315373,0.006697317,0.02442604,UP,0.006896886283673461,57.233923331087844,35.78343472793122,0.9941678590192871,0.007351394246165675,0.004330888856202364,36.667545318603516
2024-02-06,gold,2034.50004740007,2026.209720205894,0.0043347925,0.00025159406,0.005042542,0.006628062,0.025159406,UP,0.006932098642656592,57.233923331087844,35.78343472793122,0.9941678590192871,0.007351394246165675,0.004330888856202364,36.667545318603516
2024-02-07,gold,2035.1999453306198,2035.016591668129,0.0003439817,0.0002538968,0.004720173,0.006581696,0.02538968,UP,0.006727394929929816,57.233923331087844,35.78343472793122,0.9941678590192871,0.007351394246165675,0.004330888856202364,36.667545318603516
2024-02-08,gold,2032.1998986010294,2035.7159927244356,-0.0014751442,0.00025353656,0.0066499407,0.0065469835,0.025353657,UP,0.006728438666639402,57.233923331087844,35.78343472793122,0.9941678590192871,0.007351394246165675,0.004330888856202364,36.667545318603516
2024-02-09,gold,2023.3000305049209,2032.714020764397,-0.00438906,0.0002528581,0.0073698075,0.0065166317,0.02528581,UP,0.0063741880303370135,57.233923331087844,35.78343472793122,0.9941678590192871,0.007351394246165675,0.004330888856202364,36.667545318603516
2024-02-12,gold,2018.1999559959804,2023.8137966518407,-0.002523865,0.00025396876,0.0083107175,0.006480444,0.025396876,UP,0.0063579184755935,57.233923331087844,35.78343472793122,0.9941678590192871,0.007351394246165675,0.004330888856202364,36.667545318603516
2024-02-13,gold,1992.9000587981573,2018.7191404693876,-0.012615125,0.0002571816,0.004611393,0.006435277,0.025718158,UP,0.0066556501182598714,57.233923331087844,35.78343472793122,0.9941678590192871,0.007351394246165675,0.004330888856202364,36.667545318603516
2024-02-14,gold,1990.3001530865222,1993.4179318014649,-0.0013054709,0.00025978498,0.004607052,0.0063884496,0.025978498,UP,0.006643962055952359,57.233923331087844,35.78343472793122,0.9941678590192871,0.007351394246165675,0.004330888856202364,36.667545318603516
2024-02-15,gold,2002.1000498090289,1990.823449362244,0.005911212,0.0002629913,0.0053487616,0.0063400613,0.02629913,UP,0.006259809568834447,57.233923331087844,35.78343472793122,0.9941678590192871,0.007351394246165675,0.004330888856202364,36.667545318603516
2024-02-16,gold,2011.499950830752,2002.6300592477055,0.004684095,0.0002647268,0.0064861327,0.006295959,0.02647268,UP,0.00627878506313903,57.233923331087844,35.78343472793122,0.9941678590192871,0.007351394246165675,0.004330888856202364,36.667545318603516
2024-02-20,gold,2027.4999534487724,2012.031373500824,0.007922795,0.00026414785,0.00558921,0.006259514,0.026414786,UP,0.006465188653262687,57.233923331087844,35.78343472793122,0.9941678590192871,0.007351394246165675,0.004330888856202364,36.667545318603516
2024-02-21,gold,2022.299892604351,2028.0278658866882,-0.0025680054,0.0002602731,0.0053638555,0.00623887,0.02602731,UP,0.006325418650545638,57.233923331087844,35.78343472793122,0.9941678590192871,0.007351394246165675,0.004330888856202364,36.667545318603516
2024-02-22,gold,2019.7000338999496,2022.8186053520476,-0.0012865404,0.00025629895,0.0055914493,0.0062219556,0.025629895,UP,0.006329435551960815,57.233923331087844,35.78343472793122,0.9941678590192871,0.007351394246165675,0.004330888856202364,36.667545318603516
2024-02-23,gold,2038.6001603802433,2020.2118218059768,0.009314325,0.00025346378,0.009472953,0.006205394,0.025346378,UP,0.0065431224962291265,57.233923331087844,35.78343472793122,0.9941678590192871,0.007351394246165675,0.004330888856202364,36.667545318603516
2024-02-26,gold,2028.4999405997587,2039.1105607210047,-0.0049666823,0.0002504914,0.008488367,0.006193684,0.02504914,UP,0.0065743114128108664,57.233923331087844,35.78343472793122,0.9941678590192871,0.007351394246165675,0.004330888856202364,36.667545318603516
2024-02-27,gold,2033.99986410141,2028.9991083145142,0.002707694,0.00024611162,0.007910771,0.0061881845,0.024611162,UP,0.005880746603425781,57.233923331087844,35.78343472793122,0.9941678590192871,0.007351394246165675,0.004330888856202364,36.667545318603516
2024-02-28,gold,2033.0000467300415,2034.496824502945,-0.000491763,0.00024424223,0.005883638,0.0061800196,0.024424223,UP,0.0055753418155579165,57.233923331087844,35.78343472793122,0.9941678590192871,0.007351394246165675,0.004330888856202364,36.667545318603516
2024-02-29,gold,2045.6997549533844,2033.4975496530533,0.006227471,0.00024466135,0.0065303957,0.0061667515,0.024466135,UP,0.005225559350344963,57.233923331087844,35.78343472793122,0.9941678590192871,0.007351394246165675,0.004330888856202364,36.667545318603516
2024-03-01,gold,2086.8997226417996,2046.2047546981485,0.019939661,0.00024661527,0.004019141,0.0061505176,0.024661526,UP,0.006190004456056757,57.233923331087844,35.78343472793122,0.9941678590192871,0.007351394246165675,0.004330888856202364,36.667545318603516
2024-03-04,gold,2117.6998446476064,2087.4061652781093,0.014650906,0.00024251864,0.0032141665,0.006163421,0.024251863,UP,0.006657327641236624,57.233923331087844,35.78343472793122,0.9941678590192871,0.007351394246165675,0.004330888856202364,36.667545318603516
2024-03-05,gold,2133.500008445262,2118.192227709864,0.0074332524,0.00023238316,0.0077451034,0.0062104343,0.023238316,UP,0.006680053087257469,57.233923331087844,35.78343472793122,0.9941678590192871,0.007351394246165675,0.004330888856202364,36.667545318603516
2024-03-06,gold,2150.299967586994,2133.9636490941048,0.007843566,0.00021735164,0.007595423,0.006294329,0.021735163,UP,0.00677010542596946,57.233923331087844,35.78343472793122,0.9941678590192871,0.007351394246165675,0.004330888856202364,36.667545318603516
2024-03-07,gold,2158.000118156284,2150.737613938254,0.0035744768,0.00020350912,0.0083145425,0.00639855,0.02035091,UP,0.0066481019043282946,57.233923331087844,35.78343472793122,0.9941678590192871,0.007351394246165675,0.004330888856202364,36.667545318603516
2024-03-08,gold,2178.6001002788544,2158.420352458954,0.009500647,0.00019482807,0.006614218,0.006514435,0.019482806,UP,0.006774596710216626,57.233923331087844,35.78343472793122,0.9941678590192871,0.007351394246165675,0.004330888856202364,36.667545318603516
2024-03-11,gold,2182.4998935540207,2179.031994338322,0.0017884952,0.0001982116,0.0065845214,0.0066496427,0.01982116,UP,0.006758128964745835,57.233923331087844,35.78343472793122,0.9941678590192871,0.007351394246165675,0.004330888856202364,36.667545318603516
2024-03-12,gold,2160.399886518717,2183.018527328968,-0.010177664,0.00023755056,0.004832899,0.0067919497,0.023755055,UP,0.007141026862191906,57.233923331087844,35.78343472793122,0.9941678590192871,0.007351394246165675,0.004330888856202364,36.667545318603516
2024-03-13,gold,2175.4000468149316,2161.015164776647,0.0069191665,0.0002847653,0.002905892,0.0069527114,0.028476529,UP,0.00719232645399242,57.233923331087844,35.78343472793122,0.9941678590192871,0.007351394246165675,0.004330888856202364,36.667545318603516
2024-03-14,gold,2163.000010248361,2176.118240562617,-0.005716364,0.0003300954,0.005604882,0.0071023297,0.03300954,UP,0.007243609392379162,57.233923331087844,35.78343472793122,0.9941678590192871,0.007351394246165675,0.004330888856202364,36.667545318603516
2024-03-15,gold,2157.3001036047935,2163.803717494011,-0.0026386844,0.0003715587,0.008062017,0.0072329477,0.03715587,UP,0.00728889067438142,57.233923331087844,35.78343472793122,0.9941678590192871,0.007351394246165675,0.004330888856202364,36.667545318603516
2024-03-18,gold,2160.700096123881,2158.1793137630157,0.0015747582,0.00040746678,0.008781958,0.007343883,0.040746678,UP,0.007044911334899945,57.233923331087844,35.78343472793122,0.9941678590192871,0.007351394246165675,0.004330888856202364,36.667545318603516
2024-03-19,gold,2156.3000463764765,2161.6429350997496,-0.002038408,0.0004362768,0.008617608,0.007430291,0.04362768,UP,0.006959770390612421,57.233923331087844,35.78343472793122,0.9941678590192871,0.007351394246165675,0.004330888856202364,36.667545318603516
2024-03-20,gold,2157.8999342327006,2157.2765855652688,0.00074166874,0.00045270973,0.008864998,0.0074759703,0.045270972,UP,0.006950930337277238,57.233923331087844,35.78343472793122,0.9941678590192871,0.007351394246165675,0.004330888856202364,36.667545318603516
2024-03-21,gold,2182.399860453501,2158.8938843277283,0.011289663,0.00046050665,0.009074282,0.007491228,0.046050664,UP,0.007148953743435394,57.233923331087844,35.78343472793122,0.9941678590192871,0.007351394246165675,0.004330888856202364,36.667545318603516
2024-03-22,gold,2158.100219288026,2183.4137549900333,-0.011196893,0.00046450843,0.004287213,0.007491946,0.046450842,UP,0.0075345453556691444,57.233923331087844,35.78343472793122,0.9941678590192871,0.007351394246165675,0.004330888856202364,36.667545318603516
2024-03-25,gold,2174.79997821321,2159.1072923996835,0.0077084787,0.00046658798,0.0046175653,0.007480252,0.0466588,UP,0.007503671321904835,57.233923331087844,35.78343472793122,0.9941678590192871,0.007351394246165675,0.004330888856202364,36.667545318603516
2024-03-26,gold,2175.6001139820437,2175.818667100888,0.0003678047,0.00046817254,0.0030426227,0.007462247,0.046817254,UP,0.0074562454727902586,57.233923331087844,35.78343472793122,0.9941678590192871,0.007351394246165675,0.004330888856202364,36.667545318603516
2024-03-27,gold,2190.59996500588,2176.723868754285,0.00687099,0.00051633746,0.006643238,0.0075499797,0.051633745,UP,0.006927285544243411,57.233923331087844,35.78343472793122,0.9941678590192871,0.007351394246165675,0.004330888856202364,36.667545318603516
2024-03-28,gold,2217.399839117774,2191.74937427399,0.012159771,0.0005245267,0.0073190555,0.0075619016,0.05245267,UP,0.0070646275735456385,57.233923331087844,35.78343472793122,0.9941678590192871,0.007351394246165675,0.004330888856202364,36.667545318603516
2024-04-01,gold,2236.499932377774,2218.535748407885,0.0085768495,0.0005119891,0.007978118,0.00752851,0.05119891,UP,0.0071115770764728515,57.233923331087844,35.78343472793122,0.9941678590192871,0.007351394246165675,0.004330888856202364,36.667545318603516
2024-04-02,gold,2261.000004172325,2237.6029720902443,0.010895049,0.00049306115,0.007937867,0.0074838987,0.049306113,UP,0.007231928461280187,57.233923331087844,35.78343472793122,0.9941678590192871,0.007351394246165675,0.004330888856202364,36.667545318603516
2024-04-03,gold,2294.399891614914,2262.081632733345,0.014664136,0.00047825504,0.008409921,0.0074635497,0.047825504,UP,0.007466076967601891,57.233923331087844,35.78343472793122,0.9941678590192871,0.007351394246165675,0.004330888856202364,36.667545318603516
2024-04-04,gold,2288.7998444079712,2295.4518363504903,-0.0024436447,0.0004584347,0.008328058,0.007428516,0.045843467,UP,0.0074622589005385416,57.233923331087844,35.78343472793122,0.9941678590192871,0.007351394246165675,0.004330888856202364,36.667545318603516
2024-04-05,gold,2325.7000455145317,2289.826769183128,0.015993364,0.00044845793,0.006117029,0.007417204,0.044845793,UP,0.007697165674530724,57.233923331087844,35.78343472793122,0.9941678590192871,0.007351394246165675,0.004330888856202364,36.667545318603516
2024-04-08,gold,2331.699811058439,2326.7459967035975,0.0025765465,0.00044963852,0.0061514215,0.0074345656,0.04496385,UP,0.007656374342372216,57.233923331087844,35.78343472793122,0.9941678590192871,0.007351394246165675,0.004330888856202364,36.667545318603516
2024-04-09,gold,2343.5001995595812,2332.7706542267697,0.005047944,0.0004591469,0.0070475964,0.0074792146,0.045914687,UP,0.007444613803574873,57.233923331087844,35.78343472793122,0.9941678590192871,0.007351394246165675,0.004330888856202364,36.667545318603516
2024-04-10,gold,2329.5999567210674,2344.609086871147,-0.0059489175,0.0004731716,0.0077994647,0.0075412397,0.04731716,UP,0.007693293747409777,57.233923331087844,35.78343472793122,0.9941678590192871,0.007351394246165675,0.004330888856202364,36.667545318603516
2024-04-11,gold,2354.800333697989,2330.7542603022885,0.010759198,0.0004952698,0.006794259,0.0076336022,0.04952698,UP,0.0077141754839918615,57.233923331087844,35.78343472793122,0.9941678590192871,0.007351394246165675,0.004330888856202364,36.667545318603516
2024-04-12,gold,2356.1999697498686,2356.0371556061727,0.0005943122,0.000525236,0.006956952,0.0077410727,0.0525236,UP,0.007750068616230912,57.233923331087844,35.78343472793122,0.9941678590192871,0.007351394246165675,0.004330888856202364,36.667545318603516
2024-04-15,gold,2365.800180212391,2357.53357379057,0.004066121,0.00056584616,0.015673183,0.007854293,0.056584615,UP,0.007184425421477121,57.233923331087844,35.78343472793122,0.9941678590192871,0.007351394246165675,0.004330888856202364,36.667545318603516
2024-04-16,gold,2390.799903336563,2367.222584658419,0.010511806,0.00060111936,0.013907411,0.007952672,0.060111936,UP,0.007010968106090772,57.233923331087844,35.78343472793122,0.9941678590192871,0.007351394246165675,0.004330888856202364,36.667545318603516
2024-04-17,gold,2371.6998301896674,2392.2880629366555,-0.008021082,0.00062228827,0.013905806,0.008016198,0.062228825,UP,0.007314557107497906,57.233923331087844,35.78343472793122,0.9941678590192871,0.007351394246165675,0.004330888856202364,36.667545318603516
2024-04-18,gold,2382.300014325301,2373.192475800781,0.004459451,0.00062919373,0.013604123,0.008069587,0.06291937,UP,0.007271595763009374,57.233923331087844,35.78343472793122,0.9941678590192871,0.007351394246165675,0.004330888856202364,36.667545318603516
2024-04-19,gold,2398.3998560986656,2383.814011759794,0.00673538,0.00063530507,0.012790382,0.008113081,0.063530505,UP,0.007296712449951984,57.233923331087844,35.78343472793122,0.9941678590192871,0.007351394246165675,0.004330888856202364,36.667545318603516
2024-04-22,gold,2332.1997994674894,2399.934103712556,-0.027989801,0.00063939637,0.002718117,0.00813603,0.06393964,UP,0.009158918712067863,57.233923331087844,35.78343472793122,0.9941678590192871,0.007351394246165675,0.004330888856202364,36.667545318603516
2024-04-23,gold,2327.699782072348,2333.726280418865,-0.0019313726,0.0006542489,0.011460224,0.008236506,0.06542489,UP,0.009191378797459852,57.233923331087844,35.78343472793122,0.9941678590192871,0.007351394246165675,0.004330888856202364,36.667545318603516
2024-04-24,gold,2324.5000119403703,2329.253858533688,-0.0013756725,0.00066740357,0.011873651,0.008361406,0.06674036,UP,0.008921933197535994,57.233923331087844,35.78343472793122,0.9941678590192871,0.007351394246165675,0.004330888856202364,36.667545318603516
2024-04-25,gold,2329.7998527288437,2326.023783862591,0.0022774858,0.0006553172,0.01168887,0.008474805,0.06553172,UP,0.008882062668693222,57.233923331087844,35.78343472793122,0.9941678590192871,0.007351394246165675,0.004330888856202364,36.667545318603516
2024-04-26,gold,2334.800090584642,2331.268982941896,0.0021438072,0.0006302522,0.011501496,0.008554366,0.06302522,UP,0.0087521300067111,57.233923331087844,35.78343472793122,0.9941678590192871,0.007351394246165675,0.004330888856202364,36.667545318603516
2024-04-29,gold,2345.3999630283797,2336.2178611098207,0.004529666,0.0006070417,0.012562478,0.008602918,0.06070417,UP,0.008702365784891548,57.233923331087844,35.78343472793122,0.9941678590192871,0.007351394246165675,0.004330888856202364,36.667545318603516
2024-04-30,gold,2291.4000610185903,2346.7830511709326,-0.023292981,0.00058950845,0.0048931446,0.008622951,0.058950845,UP,0.0099007927974694,57.233923331087844,35.78343472793122,0.9941678590192871,0.007351394246165675,0.004330888856202364,36.667545318603516
2024-05-01,gold,2299.8999755574623,2292.694935671927,0.0037026596,0.00056501233,0.0049203536,0.008664778,0.056501232,UP,0.009875415886797688,57.233923331087844,35.78343472793122,0.9941678590192871,0.007351394246165675,0.004330888856202364,36.667545318603516
2024-05-02,gold,2299.199947780289,2301.192062883347,-0.0003043862,0.00056170876,0.005631604,0.008637845,0.056170877,UP,0.009882583393801289,57.233923331087844,35.78343472793122,0.9941678590192871,0.007351394246165675,0.004330888856202364,36.667545318603516
2024-05-03,gold,2299.00000544019,2300.4996669493266,-8.696935e-05,0.0005651036,0.0074202074,0.008581883,0.05651036,UP,0.009735381165865566,57.233923331087844,35.78343472793122,0.9941678590192871,0.007351394246165675,0.004330888856202364,36.667545318603516
2024-05-06,gold,2321.6002616882324,2300.3275570869446,0.0097824,0.0005772209,0.01077291,0.0085076345,0.05772209,UP,0.009526402608488744,57.233923331087844,35.78343472793122,0.9941678590192871,0.007351394246165675,0.004330888856202364,36.667545318603516
2024-05-07,gold,2315.1999698807776,2322.955096492544,-0.0027605896,0.00058350794,0.010784582,0.008436744,0.058350794,UP,0.009519401338955654,57.233923331087844,35.78343472793122,0.9941678590192871,0.007351394246165675,0.004330888856202364,36.667545318603516
2024-05-08,gold,2313.600155768756,2316.536034937337,-0.00069126056,0.0005769225,0.01157457,0.008376711,0.05769225,UP,0.009528125561286606,57.233923331087844,35.78343472793122,0.9941678590192871,0.007351394246165675,0.004330888856202364,36.667545318603516
2024-05-09,gold,2332.0998344600666,2314.923674448568,0.007964396,0.0005719453,0.0123205315,0.008316688,0.057194527,UP,0.009549353289053604,57.233923331087844,35.78343472793122,0.9941678590192871,0.007351394246165675,0.004330888856202364,36.667545318603516
2024-05-10,gold,2367.3000800448353,2333.4059012125363,0.014980895,0.00055980595,0.011993952,0.008191248,0.055980597,UP,0.009667204380515118,57.233923331087844,35.78343472793122,0.9941678590192871,0.007351394246165675,0.004330888856202364,36.667545318603516
2024-05-13,gold,2336.100121641357,2368.5696853303525,-0.013267172,0.00053626526,0.007311225,0.008103179,0.053626526,UP,0.009984450906716619,57.233923331087844,35.78343472793122,0.9941678590192871,0.007351394246165675,0.004330888856202364,36.667545318603516
2024-05-14,gold,2353.3998539646273,2337.3145700127934,0.0073781353,0.00051975553,0.00945166,0.008075823,0.051975552,UP,0.009889155190227124,57.233923331087844,35.78343472793122,0.9941678590192871,0.007351394246165675,0.004330888856202364,36.667545318603516
2024-05-15,gold,2388.7000255718594,2354.599521873286,0.014888215,0.0005095542,0.010976244,0.00808785,0.05095542,UP,0.009899853442331037,57.233923331087844,35.78343472793122,0.9941678590192871,0.007351394246165675,0.004330888856202364,36.667545318603516
2024-05-16,gold,2379.999967186668,2389.905320035614,-0.003648777,0.000504449,0.015184546,0.008141021,0.0504449,UP,0.009918302283212537,57.233923331087844,35.78343472793122,0.9941678590192871,0.007351394246165675,0.004330888856202364,36.667545318603516
2024-05-17,gold,2412.2000193595886,2381.192183494568,0.013438687,0.00050074264,0.012144277,0.008214597,0.050074264,UP,0.00979570268686767,57.233923331087844,35.78343472793122,0.9941678590192871,0.007351394246165675,0.004330888856202364,36.667545318603516
2024-05-20,gold,2433.9001256364863,2413.3892854449805,0.008955695,0.0004929016,0.01238167,0.00829752,0.04929016,UP,0.009894944334557478,57.233923331087844,35.78343472793122,0.9941678590192871,0.007351394246165675,0.004330888856202364,36.667545318603516
2024-05-21,gold,2421.6998043008207,2435.042197217408,-0.0050251163,0.00046922392,0.012354417,0.008407042,0.046922393,UP,0.0099400060715258,57.233923331087844,35.78343472793122,0.9941678590192871,0.007351394246165675,0.004330888856202364,36.667545318603516
2024-05-22,gold,2389.199906217691,2422.7392320423387,-0.013511192,0.00042907993,0.012108016,0.008525491,0.042907994,UP,0.010214054926912661,57.233923331087844,35.78343472793122,0.9941678590192871,0.007351394246165675,0.004330888856202364,36.667545318603516
2024-05-23,gold,2334.9998316636047,2390.1307260323083,-0.02294667,0.00038956568,0.00715115,0.008633146,0.038956568,UP,0.010900057671972085,57.233923331087844,35.78343472793122,0.9941678590192871,0.007351394246165675,0.004330888856202364,36.667545318603516
2024-05-24,gold,2332.49982714653,2335.820865035057,-0.0010712375,0.000351379,0.008726227,0.008777098,0.035137903,UP,0.010899987819650134,57.233923331087844,35.78343472793122,0.9941678590192871,0.007351394246165675,0.004330888856202364,36.667545318603516
2024-05-28,gold,2355.1999086141586,2333.224891126156,0.009684975,0.00031073607,0.008176629,0.008902066,0.031073608,UP,0.011026121091310289,57.233923331087844,35.78343472793122,0.9941678590192871,0.007351394246165675,0.004330888856202364,36.667545318603516
2024-05-29,gold,2340.300067447577,2355.8327880728175,-0.006346482,0.00026861762,0.010023234,0.0090298625,0.02686176,UP,0.010893639532930066,57.233923331087844,35.78343472793122,0.9941678590192871,0.007351394246165675,0.004330888856202364,36.667545318603516
2024-05-30,gold,2342.899914759997,2340.822588681156,0.0011102895,0.00022319982,0.010338472,0.009220719,0.022319982,UP,0.010808706324283098,57.233923331087844,35.78343472793122,0.9941678590192871,0.007351394246165675,0.004330888856202364,36.667545318603516
2024-05-31,gold,2322.899975340726,2343.3719116252614,-0.008573073,0.00020138221,0.016918547,0.00929249,0.02013822,UP,0.010869381970533878,57.233923331087844,35.78343472793122,0.9941678590192871,0.007351394246165675,0.004330888856202364,36.667545318603516
2024-06-03,gold,2346.600182156777,2323.364005593816,0.010151151,0.00019964937,0.01580264,0.009262809,0.019964937,UP,0.010969536393464029,57.233923331087844,35.78343472793122,0.9941678590192871,0.007351394246165675,0.004330888856202364,36.667545318603516
2024-06-04,gold,2325.5001306335907,2347.0750902850414,-0.009032444,0.00020232145,0.015501018,0.009218135,0.020232145,UP,0.009864503560439377,57.233923331087844,35.78343472793122,0.9941678590192871,0.007351394246165675,0.004330888856202364,36.667545318603516
2024-06-05,gold,2354.0998026132584,2326.0233936309814,0.012223461,0.00022501168,0.015512566,0.0090893265,0.022501169,UP,0.01010993225152774,57.233923331087844,35.78343472793122,0.9941678590192871,0.007351394246165675,0.004330888856202364,36.667545318603516
2024-06-06,gold,2370.3003409430385,2354.7087854280253,0.00685802,0.00025843404,0.015698029,0.008952456,0.025843404,UP,0.010171423353006574,57.233923331087844,35.78343472793122,0.9941678590192871,0.007351394246165675,0.004330888856202364,36.667545318603516
2024-06-07,gold,2305.199932813688,2370.985826279939,-0.02784913,0.00028920593,0.011687147,0.008830631,0.028920593,UP,0.01138904371595391,57.233923331087844,35.78343472793122,0.9941678590192871,0.007351394246165675,0.004330888856202364,36.667545318603516
2024-06-10,gold,2307.7000929302885,2305.8833818767744,0.001083917,0.00029638826,0.012618053,0.008808946,0.029638825,UP,0.011382858832728672,57.233923331087844,35.78343472793122,0.9941678590192871,0.007351394246165675,0.004330888856202364,36.667545318603516
2024-06-11,gold,2307.5000915510027,2308.3879744503356,-8.6649e-05,0.0002980619,0.013022112,0.008824316,0.029806191,UP,0.01134594016493301,57.233923331087844,35.78343472793122,0.9941678590192871,0.007351394246165675,0.004330888856202364,36.667545318603516
2024-06-12,gold,2336.000015735626,2308.1780609488487,0.012275378,0.00029381659,0.01260377,0.008856853,0.029381659,UP,0.010744528914652628,57.233923331087844,35.78343472793122,0.9941678590192871,0.007351394246165675,0.004330888856202364,36.667545318603516
2024-06-13,gold,2300.199941635132,2336.6549682617188,-0.015444011,0.00028027897,0.012797612,0.008903518,0.028027896,UP,0.011116213766053294,57.233923331087844,35.78343472793122,0.9941678590192871,0.007351394246165675,0.004330888856202364,36.667545318603516
2024-06-14,gold,2331.3998416714894,2300.7845566625474,0.013472849,0.00025403584,0.0113759255,0.008979175,0.025403583,UP,0.011385456282433289,57.233923331087844,35.78343472793122,0.9941678590192871,0.007351394246165675,0.004330888856202364,36.667545318603516
2024-06-17,gold,2312.39973108485,2331.9096159244655,-0.008183,0.00021865679,0.010992774,0.009081264,0.021865679,UP,0.011495071983356633,57.233923331087844,35.78343472793122,0.9941678590192871,0.007351394246165675,0.004330888856202364,36.667545318603516
2024-06-18,gold,2330.399919608026,2312.832963496039,0.007753981,0.00018726144,0.01054048,0.009177141,0.018726144,UP,0.011442261721688662,57.233923331087844,35.78343472793122,0.9941678590192871,0.007351394246165675,0.004330888856202364,36.667545318603516
2024-06-20,gold,2353.8002775876666,2330.800775415788,0.009991179,0.00017188422,0.010831702,0.009199082,0.017188422,UP,0.01156652080347249,57.233923331087844,35.78343472793122,0.9941678590192871,0.007351394246165675,0.004330888856202364,36.667545318603516
2024-06-21,gold,2316.399984621021,2354.1839025577065,-0.016016848,0.00016307097,0.0077669164,0.009197735,0.016307097,UP,0.011952163099176238,57.233923331087844,35.78343472793122,0.9941678590192871,0.007351394246165675,0.004330888856202364,36.667545318603516
2024-06-24,gold,2330.000171660213,2316.7459012362524,0.0058540534,0.0001492799,0.007272484,0.009224546,0.014927991,UP,0.011910035661671724,57.233923331087844,35.78343472793122,0.9941678590192871,0.007351394246165675,0.004330888856202364,36.667545318603516
2024-06-25,gold,2316.60013794899,2330.326087474823,-0.005767632,0.00013987203,0.0067248447,0.009245127,0.013987203,UP,0.011605602960106123,57.233923331087844,35.78343472793122,0.9941678590192871,0.007351394246165675,0.004330888856202364,36.667545318603516
2024-06-26,gold,2299.2000686701504,2316.919338907348,-0.0075394204,0.00013780582,0.007701434,0.009233083,0.013780583,UP,0.011439634776290059,57.233923331087844,35.78343472793122,0.9941678590192871,0.007351394246165675,0.004330888856202364,36.667545318603516
2024-06-27,gold,2324.4997328153695,2299.541462318797,0.010943747,0.00014844134,0.007928461,0.009175112,0.0148441335,UP,0.011543420422903084,57.233923331087844,35.78343472793122,0.9941678590192871,0.007351394246165675,0.004330888856202364,36.667545318603516
2024-06-28,gold,2327.69997382164,2324.881015241146,0.0013756724,0.00016386625,0.011901886,0.009111753,0.016386624,UP,0.01118115754850007,57.233923331087844,35.78343472793122,0.9941678590192871,0.007351394246165675,0.004330888856202364,36.667545318603516
2024-07-01,gold,2327.600057127187,2328.1122915896703,-4.289887e-05,0.00017707668,0.011832916,0.0090516545,0.017707668,UP,0.01116892627944203,57.233923331087844,35.78343472793122,0.9941678590192871,0.007351394246165675,0.004330888856202364,36.667545318603516
2024-07-02,gold,2322.999896762485,2328.046271915082,-0.0019782821,0.00019167227,0.011542454,0.008984726,0.019167228,UP,0.010842642804771156,57.233923331087844,35.78343472793122,0.9941678590192871,0.007351394246165675,0.004330888856202364,36.667545318603516
2024-07-03,gold,2359.8000444173813,2323.488492488861,0.015717437,0.00021019438,0.012109345,0.008880488,0.021019438,UP,0.011132734098065724,57.233923331087844,35.78343472793122,0.9941678590192871,0.007351394246165675,0.004330888856202364,36.667545318603516
2024-07-05,gold,2388.499866554921,2360.3283491720795,0.012088664,0.00022387072,0.011455946,0.008809278,0.022387072,UP,0.011357008162187836,57.233923331087844,35.78343472793122,0.9941678590192871,0.007351394246165675,0.004330888856202364,36.667545318603516
2024-07-08,gold,2355.1999523341656,2389.0483926534653,-0.014039925,0.00022953375,0.007129292,0.00877752,0.022953374,UP,0.011378008441956567,57.233923331087844,35.78343472793122,0.9941678590192871,0.007351394246165675,0.004330888856202364,36.667545318603516
2024-07-09,gold,2360.100085347629,2355.744067371532,0.0020784037,0.0002309796,0.008078095,0.008778947,0.02309796,UP,0.010576673452136977,57.233923331087844,35.78343472793122,0.9941678590192871,0.007351394246165675,0.004330888856202364,36.667545318603516
2024-07-10,gold,2372.1999388813856,2360.6509728421224,0.005113742,0.00023337868,0.009620607,0.008777591,0.023337869,UP,0.01060722142521542,57.233923331087844,35.78343472793122,0.9941678590192871,0.007351394246165675,0.004330888856202364,36.667545318603516
2024-07-11,gold,2415.000238753535,2372.7626998308697,0.017881513,0.00023720779,0.007754575,0.008775871,0.023720779,UP,0.010956233637081921,57.233923331087844,35.78343472793122,0.9941678590192871,0.007351394246165675,0.004330888856202364,36.667545318603516
2024-07-12,gold,2414.00001257658,2415.5726140737534,-0.00041416445,0.00023707125,0.014264668,0.0088039115,0.023707125,UP,0.010874742146670183,57.233923331087844,35.78343472793122,0.9941678590192871,0.007351394246165675,0.004330888856202364,36.667545318603516
2024-07-15,gold,2422.89990067482,2414.552808523178,0.0036800068,0.00022897642,0.013976824,0.008855792,0.022897642,UP,0.010885065478558373,57.233923331087844,35.78343472793122,0.9941678590192871,0.007351394246165675,0.004330888856202364,36.667545318603516
2024-07-16,gold,2462.399724238494,2423.4319312119624,0.016171314,0.00021958552,0.010812108,0.00890469,0.021958552,UP,0.011063941267662506,57.233923331087844,35.78343472793122,0.9941678590192871,0.007351394246165675,0.004330888856202364,36.667545318603516
2024-07-17,gold,2454.7999805603467,2462.8921705050743,-0.003091133,0.00019982463,0.011465084,0.008981149,0.019982463,UP,0.010990199955766533,57.233923331087844,35.78343472793122,0.9941678590192871,0.007351394246165675,0.004330888856202364,36.667545318603516
2024-07-18,gold,2451.8001014351175,2455.2489508718136,-0.001222843,0.00018282713,0.015004349,0.009029569,0.018282713,UP,0.010823191498698013,57.233923331087844,35.78343472793122,0.9941678590192871,0.007351394246165675,0.004330888856202364,36.667545318603516
2024-07-19,gold,2395.4999796979973,2452.2218050325464,-0.023230493,0.00017190022,0.014487903,0.0090597635,0.017190022,UP,0.011537245775567627,57.233923331087844,35.78343472793122,0.9941678590192871,0.007351394246165675,0.004330888856202364,36.667545318603516
2024-07-22,gold,2391.9999621212482,2395.864953160286,-0.0014621413,0.0001523333,0.014487716,0.009153676,0.01523333,UP,0.01148217303383308,57.233923331087844,35.78343472793122,0.9941678590192871,0.007351394246165675,0.004330888856202364,36.667545318603516
2024-07-23,gold,2404.6001472473145,2392.331627845764,0.005253774,0.0001385523,0.01544157,0.009230988,0.013855231,UP,0.010233484490135652,57.233923331087844,35.78343472793122,0.9941678590192871,0.007351394246165675,0.004330888856202364,36.667545318603516
2024-07-24,gold,2413.300232120033,2404.9188532005064,0.0036115155,0.0001325068,0.0159216,0.009274137,0.01325068,UP,0.010240739719328703,57.233923331087844,35.78343472793122,0.9941678590192871,0.007351394246165675,0.004330888856202364,36.667545318603516
2024-07-25,gold,2351.899995777465,2413.6190945809067,-0.025771655,0.00013216227,0.0056313626,0.0092915585,0.013216227,UP,0.011364574151422125,57.233923331087844,35.78343472793122,0.9941678590192871,0.007351394246165675,0.004330888856202364,36.667545318603516
2024-07-26,gold,2380.0000972285634,2352.2164381730254,0.011877017,0.00013447335,0.0065042386,0.009305316,0.013447335,UP,0.011350547742043977,57.233923331087844,35.78343472793122,0.9941678590192871,0.007351394246165675,0.004330888856202364,36.667545318603516
2024-07-29,gold,2377.3001384735107,2380.305280685425,-0.0011350772,0.00012822352,0.008920436,0.009354209,0.012822351,UP,0.010948920755145591,57.233923331087844,35.78343472793122,0.9941678590192871,0.007351394246165675,0.004330888856202364,36.667545318603516
2024-07-30,gold,2405.0000484791526,2377.5403688480146,0.011584493,0.00010098331,0.007480288,0.009534648,0.010098331,UP,0.010879553652214744,57.233923331087844,35.78343472793122,0.9941678590192871,0.007351394246165675,0.004330888856202364,36.667545318603516
2024-07-31,gold,2426.49979531765,2405.2067095041275,0.008899987,8.5962354e-05,0.0052217664,0.00960887,0.008596236,UP,0.010826136611260691,57.233923331087844,35.78343472793122,0.9941678590192871,0.007351394246165675,0.004330888856202364,36.667545318603516
2024-08-01,gold,2434.9999445080757,2426.6958299279213,0.0034968667,8.066633e-05,0.008796492,0.009607601,0.008066633,UP,0.010770751960282864,57.233923331087844,35.78343472793122,0.9941678590192871,0.007351394246165675,0.004330888856202364,36.667545318603516
2024-08-02,gold,2425.699746310711,2435.1944839954376,-0.003826634,7.984732e-05,0.008883621,0.009575348,0.007984732,UP,0.010689638346964398,57.233923331087844,35.78343472793122,0.9941678590192871,0.007351394246165675,0.004330888856202364,36.667545318603516
2024-08-05,gold,2401.699898755862,2425.902078183397,-0.009943322,8.3280465e-05,0.007856432,0.009530893,0.008328047,UP,0.010414365456148383,57.233923331087844,35.78343472793122,0.9941678590192871,0.007351394246165675,0.004330888856202364,36.667545318603516
2024-08-06,gold,2389.1002431570087,2401.967932600295,-0.005260033,0.0001114702,0.005969132,0.0093821995,0.01114702,UP,0.010442339909860024,57.233923331087844,35.78343472793122,0.9941678590192871,0.007351394246165675,0.004330888856202364,36.667545318603516
2024-08-07,gold,2390.4999040341354,2389.469771853299,0.0005857822,0.00015477958,0.009853591,0.00918778,0.015477958,UP,0.01036723122298935,57.233923331087844,35.78343472793122,0.9941678590192871,0.007351394246165675,0.004330888856202364,36.667545318603516
2024-08-08,gold,2422.200041294098,2390.9915729165077,0.013173648,0.00020567057,0.008603258,0.008988107,0.020567058,UP,0.010465512346894038,57.233923331087844,35.78343472793122,0.9941678590192871,0.007351394246165675,0.004330888856202364,36.667545318603516
2024-08-09,gold,2432.100279060105,2422.7933298229764,0.0040789237,0.00024494092,0.01122254,0.008835833,0.024494093,UP,0.010330894914563417,57.233923331087844,35.78343472793122,0.9941678590192871,0.007351394246165675,0.004330888856202364,36.667545318603516
2024-08-12,gold,2462.3999897248577,2432.7417103667394,0.012381324,0.0002637069,0.010574275,0.008726643,0.02637069,UP,0.010520443177425887,57.233923331087844,35.78343472793122,0.9941678590192871,0.007351394246165675,0.004330888856202364,36.667545318603516
2024-08-13,gold,2466.699983617,2463.087081691192,0.0017447607,0.00027905547,0.010544643,0.008663771,0.027905548,UP,0.010513938885377317,57.233923331087844,35.78343472793122,0.9941678590192871,0.007351394246165675,0.004330888856202364,36.667545318603516
2024-08-14,gold,2439.4000197092537,2467.4121488668607,-0.011129137,0.00028866174,0.0075969123,0.008629549,0.028866174,UP,0.01076033527234931,57.233923331087844,35.78343472793122,0.9941678590192871,0.007351394246165675,0.004330888856202364,36.667545318603516
2024-08-15,gold,2453.1000309227966,2440.0966570575256,0.005600503,0.000285553,0.010876025,0.008632579,0.028555298,UP,0.010454112141936105,57.233923331087844,35.78343472793122,0.9941678590192871,0.007351394246165675,0.004330888856202364,36.667545318603516
2024-08-16,gold,2498.6002271645702,2453.794039551227,0.018378042,0.00028282922,0.008575841,0.008637808,0.028282922,UP,0.010742955705171217,57.233923331087844,35.78343472793122,0.9941678590192871,0.007351394246165675,0.004330888856202364,36.667545318603516
2024-08-19,gold,2501.800266200211,2499.2795079735224,0.0012798782,0.00027182902,0.008678631,0.008679774,0.027182901,UP,0.010337396714472862,57.233923331087844,35.78343472793122,0.9941678590192871,0.007351394246165675,0.004330888856202364,36.667545318603516
2024-08-20,gold,2511.2998176759866,2502.446628392441,0.0037900745,0.00025835677,0.008583328,0.008725325,0.025835676,UP,0.010342226521668621,57.233923331087844,35.78343472793122,0.9941678590192871,0.007351394246165675,0.004330888856202364,36.667545318603516
2024-08-21,gold,2508.40004878366,2511.926032114279,-0.001155506,0.00024920006,0.009056339,0.008767585,0.024920007,UP,0.010342922146824755,57.233923331087844,35.78343472793122,0.9941678590192871,0.007351394246165675,0.004330888856202364,36.667545318603516
2024-08-22,gold,2478.8999323885655,2509.0126036882284,-0.0118301865,0.00024415614,0.0073566237,0.008795838,0.024415614,UP,0.010170269728375704,57.233923331087844,35.78343472793122,0.9941678590192871,0.007351394246165675,0.004330888856202364,36.667545318603516
2024-08-23,gold,2508.399864608189,2479.497714817815,0.011830187,0.00024111799,0.008678031,0.008825489,0.024111798,UP,0.010361243584091899,57.233923331087844,35.78343472793122,0.9941678590192871,0.007351394246165675,0.004330888856202364,36.667545318603516
2024-08-26,gold,2517.7001645282144,2508.9946622140124,0.0037007064,0.0002370655,0.008248422,0.0088573415,0.02370655,UP,0.010361407123886588,57.233923331087844,35.78343472793122,0.9941678590192871,0.007351394246165675,0.004330888856202364,36.667545318603516
2024-08-27,gold,2515.9999965997413,2518.2735057600366,-0.0006754282,0.00022775187,0.008396962,0.008899113,0.022775186,UP,0.009971873123921735,57.233923331087844,35.78343472793122,0.9941678590192871,0.007351394246165675,0.004330888856202364,36.667545318603516
2024-08-28,gold,2501.000172138214,2516.5638694763184,-0.0059796865,0.00022410559,0.008815606,0.008899406,0.022410559,UP,0.010023866143157107,57.233923331087844,35.78343472793122,0.9941678590192871,0.007351394246165675,0.004330888856202364,36.667545318603516
2024-08-29,gold,2525.699908018112,2501.572731614113,0.00982758,0.00022889799,0.0076805158,0.008876261,0.022889799,UP,0.010155537692385648,57.233923331087844,35.78343472793122,0.9941678590192871,0.007351394246165675,0.004330888856202364,36.667545318603516
2024-08-30,gold,2493.8000955430616,2526.2912858371856,-0.012710562,0.00023411476,0.0053926073,0.008861571,0.023411477,UP,0.009465156811206384,57.233923331087844,35.78343472793122,0.9941678590192871,0.007351394246165675,0.004330888856202364,36.667545318603516
2024-09-03,gold,2489.899829657006,2494.4047247528215,-0.0015651614,0.00024240356,0.005418049,0.008840475,0.024240356,UP,0.009466241881251102,57.233923331087844,35.78343472793122,0.9941678590192871,0.007351394246165675,0.004330888856202364,36.667545318603516
2024-09-04,gold,2493.399994331412,2490.5374699819367,0.001404692,0.00025608117,0.0054847756,0.008794484,0.025608117,UP,0.00943778784965792,57.233923331087844,35.78343472793122,0.9941678590192871,0.007351394246165675,0.004330888856202364,36.667545318603516
2024-09-05,gold,2511.399648891238,2494.080276534136,0.007193126,0.00027272615,0.008198317,0.008725786,0.027272614,UP,0.009491654748335333,57.233923331087844,35.78343472793122,0.9941678590192871,0.007351394246165675,0.004330888856202364,36.667545318603516
2024-09-06,gold,2493.5001400993788,2512.133388729184,-0.007152982,0.00029208348,0.0064264145,0.008659264,0.029208347,UP,0.008209907709307823,57.233923331087844,35.78343472793122,0.9941678590192871,0.007351394246165675,0.004330888856202364,36.667545318603516
2024-09-09,gold,2501.8000660538673,2494.301976084709,0.0033231461,0.00032151878,0.007113454,0.008565108,0.032151878,UP,0.007997230969432107,57.233923331087844,35.78343472793122,0.9941678590192871,0.007351394246165675,0.004330888856202364,36.667545318603516
2024-09-10,gold,2512.3001072787156,2502.689393966866,0.0041881953,0.00035543134,0.009103236,0.008456067,0.035543136,UP,0.007991401423819471,57.233923331087844,35.78343472793122,0.9941678590192871,0.007351394246165675,0.004330888856202364,36.667545318603516
2024-09-11,gold,2512.1001395842322,2513.2350550594856,-7.959208e-05,0.00037209623,0.008878069,0.008339762,0.037209623,UP,0.007780670481379399,57.233923331087844,35.78343472793122,0.9941678590192871,0.007351394246165675,0.004330888856202364,36.667545318603516
2024-09-12,gold,2551.2001320541603,2513.079050924687,0.015444722,0.00038963772,0.0068383156,0.008198068,0.038963772,UP,0.008087576593520798,57.233923331087844,35.78343472793122,0.9941678590192871,0.007351394246165675,0.004330888856202364,36.667545318603516
2024-09-13,gold,2581.2999822577694,2552.2266830247827,0.011729349,0.00040244168,0.007009136,0.008104253,0.04024417,UP,0.008290490401522467,57.233923331087844,35.78343472793122,0.9941678590192871,0.007351394246165675,0.004330888856202364,36.667545318603516
2024-09-16,gold,2580.4001364716532,2582.3268935993838,-0.00034877914,0.00039776092,0.0067836246,0.008048389,0.03977609,UP,0.008230776008461341,57.233923331087844,35.78343472793122,0.9941678590192871,0.007351394246165675,0.004330888856202364,36.667545318603516
2024-09-17,gold,2564.3001799239137,2581.4180836292217,-0.0062588323,0.0003944497,0.0042745895,0.008022259,0.039444968,UP,0.008072725087460257,57.233923331087844,35.78343472793122,0.9941678590192871,0.007351394246165675,0.004330888856202364,36.667545318603516
2024-09-18,gold,2570.6999408986885,2565.305763621407,0.0024926604,0.00039219222,0.0041521974,0.00800262,0.039219223,UP,0.007948695768399778,57.233923331087844,35.78343472793122,0.9941678590192871,0.007351394246165675,0.004330888856202364,36.667545318603516
2024-09-19,gold,2588.0000472478278,2571.7063372897683,0.0067071603,0.0003913554,0.004332821,0.007991711,0.039135538,UP,0.00797742685909689,57.233923331087844,35.78343472793122,0.9941678590192871,0.007351394246165675,0.004330888856202364,36.667545318603516
2024-09-20,gold,2619.900002002716,2589.0156269073486,0.012250735,0.00039241943,0.0069782655,0.007986891,0.039241944,UP,0.007936397535461754,57.233923331087844,35.78343472793122,0.9941678590192871,0.007351394246165675,0.004330888856202364,36.667545318603516
2024-09-23,gold,2626.5000849528587,2620.9296095345053,0.0025160497,0.00039302424,0.007290848,0.008012147,0.039302424,UP,0.007931761778601424,57.233923331087844,35.78343472793122,0.9941678590192871,0.007351394246165675,0.004330888856202364,36.667545318603516
2024-09-24,gold,2651.2000851631165,2627.526665389538,0.009360188,0.0003907886,0.008043414,0.008045228,0.03907886,UP,0.00781963220406338,57.233923331087844,35.78343472793122,0.9941678590192871,0.007351394246165675,0.004330888856202364,36.667545318603516
2024-09-25,gold,2659.199749608524,2652.2308986473945,0.003012958,0.00038880832,0.0088129155,0.008078388,0.038880832,UP,0.007818878999296255,57.233923331087844,35.78343472793122,0.9941678590192871,0.007351394246165675,0.004330888856202364,36.667545318603516
2024-09-26,gold,2669.9000142993755,2660.230839519645,0.004015675,0.0003875369,0.008779278,0.0081076585,0.03875369,UP,0.0073869322558517605,57.233923331087844,35.78343472793122,0.9941678590192871,0.007351394246165675,0.004330888856202364,36.667545318603516
2024-09-27,gold,2644.2997796779673,2670.9304828505265,-0.009634583,0.00038592634,0.007716789,0.008122215,0.038592633,UP,0.007718277366656243,57.233923331087844,35.78343472793122,0.9941678590192871,0.007351394246165675,0.004330888856202364,36.667545318603516
2024-09-30,gold,2636.1002551293204,2645.3254761766,-0.0031058092,0.00038775167,0.007526375,0.008147188,0.03877517,UP,0.007161321370560196,57.233923331087844,35.78343472793122,0.9941678590192871,0.007351394246165675,0.004330888856202364,36.667545318603516
2024-10-01,gold,2667.299858343089,2637.125801887363,0.011766153,0.00038909013,0.0059221005,0.008160354,0.038909014,UP,0.007389947297627286,57.233923331087844,35.78343472793122,0.9941678590192871,0.007351394246165675,0.004330888856202364,36.667545318603516
2024-10-02,gold,2647.100244819885,2668.3477499080764,-0.0076020053,0.00039267514,0.005564084,0.008173305,0.039267514,UP,0.007592102668577287,57.233923331087844,35.78343472793122,0.9941678590192871,0.007351394246165675,0.004330888856202364,36.667545318603516
2024-10-03,gold,2657.1001598947914,2648.151855543314,0.0037706012,0.00039735145,0.0061550857,0.008188281,0.039735146,UP,0.007579644916913356,57.233923331087844,35.78343472793122,0.9941678590192871,0.007351394246165675,0.004330888856202364,36.667545318603516
2024-10-04,gold,2645.8001635749533,2658.17229984171,-0.004261844,0.00040351902,0.009542621,0.00818971,0.0403519,UP,0.00722712503153715,57.233923331087844,35.78343472793122,0.9941678590192871,0.007351394246165675,0.004330888856202364,36.667545318603516
2024-10-07,gold,2644.800060623311,2646.884722991934,-0.00037802896,0.00040983612,0.009765439,0.008174915,0.040983614,UP,0.007003001650633825,57.233923331087844,35.78343472793122,0.9941678590192871,0.007351394246165675,0.004330888856202364,36.667545318603516
2024-10-08,gold,2615.000123904334,2645.89692442058,-0.011331368,0.00041470947,0.007377163,0.008150335,0.04147095,UP,0.007384910042989948,57.233923331087844,35.78343472793122,0.9941678590192871,0.007351394246165675,0.004330888856202364,36.667545318603516
2024-10-09,gold,2606.000132858753,2616.086698770523,-0.0034476188,0.00041558026,0.0062704924,0.008117155,0.041558027,UP,0.007427459816234365,57.233923331087844,35.78343472793122,0.9941678590192871,0.007351394246165675,0.004330888856202364,36.667545318603516
2024-10-10,gold,2620.600060224533,2607.082026720047,0.005586858,0.00041515433,0.0062924563,0.008071149,0.041515432,UP,0.007342615851715965,57.233923331087844,35.78343472793122,0.9941678590192871,0.007351394246165675,0.004330888856202364,36.667545318603516
2024-10-11,gold,2657.6001141507877,2621.679751627147,0.01402016,0.00041196562,0.0046274755,0.007994817,0.041196562,UP,0.0075458811876258,57.233923331087844,35.78343472793122,0.9941678590192871,0.007351394246165675,0.004330888856202364,36.667545318603516
2024-10-14,gold,2647.8001947616576,2658.68834213441,-0.0036943718,0.00040945932,0.0018687261,0.007945763,0.040945932,UP,0.0071240637786721284,57.233923331087844,35.78343472793122,0.9941678590192871,0.007351394246165675,0.004330888856202364,36.667545318603516
2024-10-15,gold,2661.3998156671296,2648.866288729303,0.0051231384,0.0004026165,0.002051761,0.007901464,0.040261652,UP,0.007112725055456441,57.233923331087844,35.78343472793122,0.9941678590192871,0.007351394246165675,0.004330888856202364,36.667545318603516
2024-10-16,gold,2674.0000258829095,2662.4459204051527,0.004723215,0.00039297077,0.008007873,0.007861248,0.039297078,UP,0.0071250978076247634,57.233923331087844,35.78343472793122,0.9941678590192871,0.007351394246165675,0.004330888856202364,36.667545318603516
2024-10-17,gold,2691.0000903606415,2675.0021991729736,0.006337393,0.00037475847,0.008147891,0.007825519,0.037475847,UP,0.007106542150194509,57.233923331087844,35.78343472793122,0.9941678590192871,0.007351394246165675,0.004330888856202364,36.667545318603516
2024-10-18,gold,2713.6998975276947,2691.947299361229,0.008400128,0.00035194858,0.0076202145,0.0077845734,0.03519486,UP,0.006958902111412169,57.233923331087844,35.78343472793122,0.9941678590192871,0.007351394246165675,0.004330888856202364,36.667545318603516
2024-10-21,gold,2723.100163123745,2714.5856893618475,0.0034579735,0.00032634658,0.0075868513,0.0077410974,0.032634657,UP,0.006959268033278522,57.233923331087844,35.78343472793122,0.9941678590192871,0.007351394246165675,0.004330888856202364,36.667545318603516
2024-10-22,gold,2744.199996858544,2723.9223571476177,0.007718602,0.00030183746,0.007927435,0.007696779,0.030183746,UP,0.007012923870028225,57.233923331087844,35.78343472793122,0.9941678590192871,0.007351394246165675,0.004330888856202364,36.667545318603516
2024-10-23,gold,2714.3999950466095,2744.9641364915296,-0.010918678,0.00027842156,0.0037025518,0.007654422,0.027842157,UP,0.007437906373525862,57.233923331087844,35.78343472793122,0.9941678590192871,0.007351394246165675,0.004330888856202364,36.667545318603516
2024-10-24,gold,2734.900096346508,2715.1263432241394,0.0075239376,0.0002674849,0.010874464,0.0076380726,0.02674849,UP,0.007092599441046444,57.233923331087844,35.78343472793122,0.9941678590192871,0.007351394246165675,0.004330888856202364,36.667545318603516
2024-10-25,gold,2740.900075173704,2735.626287100604,0.0021914616,0.00026561174,0.010821197,0.007639603,0.026561175,UP,0.006864247781671431,57.233923331087844,35.78343472793122,0.9941678590192871,0.007351394246165675,0.004330888856202364,36.667545318603516
2024-10-28,gold,2742.89988235262,2741.6357224679086,0.00072942127,0.00026843886,0.010812073,0.0076509337,0.026843887,UP,0.006854207276656162,57.233923331087844,35.78343472793122,0.9941678590192871,0.007351394246165675,0.004330888856202364,36.667545318603516
2024-10-29,gold,2768.400025210867,2743.6591479269555,0.009253781,0.00027680176,0.00954908,0.007681039,0.027680175,UP,0.006792125522777305,57.233923331087844,35.78343472793122,0.9941678590192871,0.007351394246165675,0.004330888856202364,36.667545318603516
2024-10-30,gold,2788.50003867771,2769.2064687444363,0.0072343163,0.00029131403,0.012876937,0.0077307834,0.029131403,UP,0.006845626570443009,57.233923331087844,35.78343472793122,0.9941678590192871,0.007351394246165675,0.004330888856202364,36.667545318603516
2024-10-31,gold,2738.300000667572,2789.368933081627,-0.018166509,0.0003115103,0.014272942,0.007795646,0.031151028,UP,0.0077744489737012175,57.233923331087844,35.78343472793122,0.9941678590192871,0.007351394246165675,0.004330888856202364,36.667545318603516
2024-11-01,gold,2738.6000387364475,2739.2483303119952,0.00010956885,0.00034615258,0.014171928,0.007896108,0.034615256,UP,0.0075261825141171405,57.233923331087844,35.78343472793122,0.9941678590192871,0.007351394246165675,0.004330888856202364,36.667545318603516
2024-11-04,gold,2736.1001798811194,2739.577212106262,-0.00091329217,0.0003567345,0.01779327,0.007989455,0.03567345,UP,0.007536321021553701,57.233923331087844,35.78343472793122,0.9941678590192871,0.007351394246165675,0.004330888856202364,36.667545318603516
2024-11-05,gold,2740.2998438903596,2737.0916500445455,0.0015338367,0.0003622693,0.017078647,0.008069336,0.03622693,UP,0.007383197616232444,57.233923331087844,35.78343472793122,0.9941678590192871,0.007351394246165675,0.004330888856202364,36.667545318603516
2024-11-06,gold,2667.5999768118054,2741.301616662706,-0.026888195,0.00036540255,0.014424415,0.0081310775,0.036540255,UP,0.008931106751924083,57.233923331087844,35.78343472793122,0.9941678590192871,0.007351394246165675,0.004330888856202364,36.667545318603516
2024-11-07,gold,2698.3999323676107,2668.5684159156517,0.01147974,0.00036295917,0.01065533,0.008231802,0.036295917,UP,0.009146774198918071,57.233923331087844,35.78343472793122,0.9941678590192871,0.007351394246165675,0.004330888856202364,36.667545318603516
2024-11-08,gold,2687.4999674927094,2699.3520583761856,-0.0040475754,0.0003527984,0.01115372,0.008352651,0.03527984,UP,0.00899274685521083,57.233923331087844,35.78343472793122,0.9941678590192871,0.007351394246165675,0.004330888856202364,36.667545318603516
2024-11-11,gold,2611.200138926506,2688.382312655449,-0.028801527,0.00032828713,0.009991072,0.008466453,0.032828715,UP,0.010421513676657078,57.233923331087844,35.78343472793122,0.9941678590192871,0.007351394246165675,0.004330888856202364,36.667545318603516
2024-11-12,gold,2599.999966640098,2611.9383056502556,-0.004298422,0.00028270035,0.009987647,0.0086070215,0.028270034,UP,0.010189218256630985,57.233923331087844,35.78343472793122,0.9941678590192871,0.007351394246165675,0.004330888856202364,36.667545318603516
2024-11-13,gold,2580.8000445365906,2600.6170988082886,-0.0074119978,0.00023724858,0.008611652,0.008742816,0.023724858,UP,0.010184953292617665,57.233923331087844,35.78343472793122,0.9941678590192871,0.007351394246165675,0.004330888856202364,36.667545318603516
2024-11-14,gold,2568.200024366408,2581.318140421179,-0.004894202,0.00020077068,0.0065529705,0.008856589,0.020077068,UP,0.01017361091905017,57.233923331087844,35.78343472793122,0.9941678590192871,0.007351394246165675,0.004330888856202364,36.667545318603516
2024-11-15,gold,2565.6997503159946,2568.649996510532,-0.0009739186,0.00017527789,0.004602198,0.008931843,0.017527789,UP,0.010155983459336437,57.233923331087844,35.78343472793122,0.9941678590192871,0.007351394246165675,0.004330888856202364,36.667545318603516
2024-11-18,gold,2610.600116280548,2566.104291836673,0.017348789,0.0001574967,0.020017302,0.008954304,0.01574967,UP,0.010702010912058885,57.233923331087844,35.78343472793122,0.9941678590192871,0.007351394246165675,0.004330888856202364,36.667545318603516
2024-11-19,gold,2627.1000231000944,2610.970746125735,0.006300496,0.00014185382,0.019777773,0.008984323,0.014185382,UP,0.010565780190395344,57.233923331087844,35.78343472793122,0.9941678590192871,0.007351394246165675,0.004330888856202364,36.667545318603516
2024-11-20,gold,2648.2002455090987,2627.4220412850846,0.007999532,0.00012255624,0.019720268,0.009027012,0.012255625,UP,0.010636518358856185,57.233923331087844,35.78343472793122,0.9941678590192871,0.007351394246165675,0.004330888856202364,36.667545318603516
2024-11-21,gold,2672.0998966340267,2648.49228014407,0.008984571,0.000110377034,0.019442674,0.009009278,0.011037704,UP,0.010710226849980676,57.233923331087844,35.78343472793122,0.9941678590192871,0.007351394246165675,0.004330888856202364,36.667545318603516
2024-11-22,gold,2709.8998649345012,2672.363848075969,0.014046981,9.866667e-05,0.017559854,0.008976598,0.009866667,UP,0.010711402655618726,57.233923331087844,35.78343472793122,0.9941678590192871,0.007351394246165675,0.004330888856202364,36.667545318603516
2024-11-25,gold,2616.7998787932447,2710.142509320576,-0.03495948,8.9584326e-05,0.0063257595,0.008934573,0.008958433,UP,0.01246501917083696,57.233923331087844,35.78343472793122,0.9941678590192871,0.007351394246165675,0.004330888856202364,36.667545318603516
2024-11-26,gold,2620.3000927624526,2616.9769227060897,0.0013366177,6.755791e-05,0.006330307,0.009034088,0.0067557907,UP,0.01242695327270162,57.233923331087844,35.78343472793122,0.9941678590192871,0.007351394246165675,0.004330888856202364,36.667545318603516
2024-11-27,gold,2639.899647100421,2620.3484652647458,0.0074521666,1.842741e-05,0.0077147507,0.0093727065,0.001842741,UP,0.012476411130933271,57.233923331087844,35.78343472793122,0.9941678590192871,0.007351394246165675,0.004330888856202364,36.667545318603516
2024-11-29,gold,2657.000103103346,2639.8449870904733,0.006456666,-2.0765205e-05,0.007290441,0.009638253,-0.0020765206,DOWN,0.012478656058629894,57.233923331087844,35.78343472793122,0.9941678590192871,0.007351394246165675,0.004330888856202364,36.667545318603516
2024-12-02,gold,2634.8998472690582,2656.8858155608177,-0.008352473,-4.2937958e-05,0.007503809,0.0097904345,-0.0042937957,DOWN,0.012446867262071469,57.233923331087844,35.78343472793122,0.9941678590192871,0.007351394246165675,0.004330888856202364,36.667545318603516
2024-12-03,gold,2644.6996500555542,2634.7384526074165,0.0037124252,-6.123324e-05,0.008766089,0.009895215,-0.006123324,DOWN,0.012450045831883853,57.233923331087844,35.78343472793122,0.9941678590192871,0.007351394246165675,0.004330888856202364,36.667545318603516
2024-12-04,gold,2653.79998533614,2644.514886036952,0.0034349747,-6.9999456e-05,0.009686302,0.00996777,-0.0069999457,DOWN,0.012371484383007359,57.233923331087844,35.78343472793122,0.9941678590192871,0.007351394246165675,0.004330888856202364,36.667545318603516
2024-12-05,gold,2626.600095331887,2653.5983708463755,-0.010302322,-7.5991e-05,0.012572492,0.010008127,-0.0075991005,DOWN,0.012355285786454664,57.233923331087844,35.78343472793122,0.9941678590192871,0.007351394246165675,0.004330888856202364,36.667545318603516
2024-12-06,gold,2638.599921958754,2626.3784121430945,0.004558239,-8.439421e-05,0.014551079,0.009918124,-0.008439421,DOWN,0.012295760588113288,57.233923331087844,35.78343472793122,0.9941678590192871,0.007351394246165675,0.004330888856202364,36.667545318603516
2024-12-09,gold,2664.8998879629653,2638.3674911532144,0.009917987,-8.809782e-05,0.01373914,0.009786911,-0.008809782,DOWN,0.01244896308120229,57.233923331087844,35.78343472793122,0.9941678590192871,0.007351394246165675,0.004330888856202364,36.667545318603516
2024-12-10,gold,2697.600060289842,2664.687056191615,0.012196029,-7.9858175e-05,0.011609393,0.009656851,-0.007985817,DOWN,0.01267606960732742,57.233923331087844,35.78343472793122,0.9941678590192871,0.007351394246165675,0.004330888856202364,36.667545318603516
2024-12-11,gold,2733.800244688173,2697.406346314092,0.013330076,-7.1885996e-05,0.0068382802,0.009563648,-0.0071885996,DOWN,0.012807339641119492,57.233923331087844,35.78343472793122,0.9941678590192871,0.007351394246165675,0.004330888856202364,36.667545318603516
2024-12-12,gold,2687.5000739291863,2733.621458717971,-0.017081209,-6.537206e-05,0.0067895437,0.009499102,-0.0065372065,DOWN,0.013071426840827904,57.233923331087844,35.78343472793122,0.9941678590192871,0.007351394246165675,0.004330888856202364,36.667545318603516
2024-12-13,gold,2655.9997722506523,2687.3308420181274,-0.011790161,-6.288025e-05,0.010957314,0.009499382,-0.006288025,DOWN,0.012840361380710891,57.233923331087844,35.78343472793122,0.9941678590192871,0.007351394246165675,0.004330888856202364,36.667545318603516
2024-12-16,gold,2651.3999881744385,2655.836940765381,-0.001733466,-6.144366e-05,0.011108758,0.009525899,-0.0061443658,DOWN,0.012839591199178928,57.233923331087844,35.78343472793122,0.9941678590192871,0.007351394246165675,0.004330888856202364,36.667545318603516
2024-12-17,gold,2644.39986686263,2651.2349130214425,-0.002643606,-6.226046e-05,0.011426398,0.009560248,-0.0062260455,DOWN,0.012843070226149627,57.233923331087844,35.78343472793122,0.9941678590192871,0.007351394246165675,0.004330888856202364,36.667545318603516
2024-12-18,gold,2636.5000622805674,2644.231250530749,-0.0029918796,-6.3744694e-05,0.01205669,0.00959433,-0.0063744695,DOWN,0.012838159281652302,57.233923331087844,35.78343472793122,0.9941678590192871,0.007351394246165675,0.004330888856202364,36.667545318603516
2024-12-19,gold,2592.1999214589596,2636.331694871187,-0.016945362,-6.38497e-05,0.009268133,0.009609277,-0.00638497,DOWN,0.012287545179357245,57.233923331087844,35.78343472793122,0.9941678590192871,0.007351394246165675,0.004330888856202364,36.667545318603516
2024-12-20,gold,2628.700103978219,2592.0442079573404,0.013982492,-6.0140213e-05,0.0065126866,0.00958549,-0.006014021,DOWN,0.012384283262844261,57.233923331087844,35.78343472793122,0.9941678590192871,0.007351394246165675,0.004330888856202364,36.667545318603516
2024-12-23,gold,2612.3001268393273,2628.553609505034,-0.006258331,-5.5657467e-05,0.0073308162,0.009557527,-0.0055657467,DOWN,0.01241062043775521,57.233923331087844,35.78343472793122,0.9941678590192871,0.007351394246165675,0.004330888856202364,36.667545318603516
2024-12-24,gold,2619.9999831923633,2612.1728376662795,0.0029432399,-4.874033e-05,0.0086219525,0.009513063,-0.004874033,DOWN,0.011281907332514609,57.233923331087844,35.78343472793122,0.9941678590192871,0.007351394246165675,0.004330888856202364,36.667545318603516
2024-12-26,gold,2638.799979686737,2619.9064576625824,0.007149969,-3.5749137e-05,0.008888807,0.009434428,-0.0035749138,DOWN,0.011319620068213911,57.233923331087844,35.78343472793122,0.9941678590192871,0.007351394246165675,0.004330888856202364,36.667545318603516
2024-12-27,gold,2617.1999782618514,2638.740123342359,-0.008219262,-2.271295e-05,0.0077912393,0.009363107,-0.002271295,DOWN,0.011339922231251163,57.233923331087844,35.78343472793122,0.9941678590192871,0.007351394246165675,0.004330888856202364,36.667545318603516
2024-12-30,gold,2606.100277177946,2617.169219709016,-0.0042501367,-1.1724827e-05,0.0072730146,0.009305282,-0.0011724827,DOWN,0.011329971377469935,57.233923331087844,35.78343472793122,0.9941678590192871,0.007351394246165675,0.004330888856202364,36.667545318603516
2024-12-31,gold,2629.1997545553604,2606.0974569498503,0.008824711,-1.0769872e-06,0.0067210393,0.009252083,-0.000107698725,DOWN,0.011426275157505807,57.233923331087844,35.78343472793122,0.9941678590192871,0.007351394246165675,0.004330888856202364,36.667545318603516
2025-01-02,gold,2658.899796268117,2629.239756154275,0.011232868,1.504214e-05,0.0055856635,0.009175978,0.001504214,UP,0.011168309909284956,57.233923331087844,35.78343472793122,0.9941678590192871,0.007351394246165675,0.004330888856202364,36.667545318603516
2025-01-03,gold,2645.000169757899,2658.9930902208434,-0.0052414015,3.4960656e-05,0.004638623,0.009084014,0.0034960657,UP,0.011165928521822334,57.233923331087844,35.78343472793122,0.9941678590192871,0.007351394246165675,0.004330888856202364,36.667545318603516
2025-01-06,gold,2638.399803340435,2645.1330602169037,-0.0024984295,5.032154e-05,0.009036418,0.00899824,0.0050321543,UP,0.011079230714804099,57.233923331087844,35.78343472793122,0.9941678590192871,0.007351394246165675,0.004330888856202364,36.667545318603516
2025-01-07,gold,2656.699722947844,2638.5546470584814,0.006912097,5.8667036e-05,0.00871569,0.008931792,0.0058667036,UP,0.011026576500493414,57.233923331087844,35.78343472793122,0.9941678590192871,0.007351394246165675,0.004330888856202364,36.667545318603516
2025-01-08,gold,2664.4997203823877,2656.872871181171,0.00293169,6.511976e-05,0.010153007,0.008880564,0.006511976,UP,0.010711424145450552,57.233923331087844,35.78343472793122,0.9941678590192871,0.007351394246165675,0.004330888856202364,36.667545318603516
2025-01-09,gold,2683.8000255823135,2664.690897524357,0.007217296,7.157092e-05,0.010862032,0.008827101,0.007157092,UP,0.008678114843710536,57.233923331087844,35.78343472793122,0.9941678590192871,0.007351394246165675,0.004330888856202364,36.667545318603516
2025-01-10,gold,2708.4999054872605,2684.02144308493,0.009161257,8.2495506e-05,0.010728854,0.008743542,0.008249551,UP,0.008810249836379144,57.233923331087844,35.78343472793122,0.9941678590192871,0.007351394246165675,0.004330888856202364,36.667545318603516
2025-01-13,gold,2673.5001471340656,2708.7482934594154,-0.0130065,9.172555e-05,0.0063353013,0.008674895,0.009172555,UP,0.009087205413767584,57.233923331087844,35.78343472793122,0.9941678590192871,0.007351394246165675,0.004330888856202364,36.667545318603516
2025-01-14,gold,2677.5000794529915,2673.768350481987,0.0014950479,0.00010034148,0.0059244446,0.008630104,0.010034148,UP,0.009018742303569713,57.233923331087844,35.78343472793122,0.9941678590192871,0.007351394246165675,0.004330888856202364,36.667545318603516
2025-01-15,gold,2712.4999979138374,2677.7990743517876,0.012987196,0.000111746456,0.005593268,0.008594144,0.011174645,UP,0.009158731063925497,57.233923331087844,35.78343472793122,0.9941678590192871,0.007351394246165675,0.004330888856202364,36.667545318603516
2025-01-16,gold,2746.399912238121,2712.824971973896,0.012420209,0.00011976244,0.0031795409,0.008581813,0.011976244,UP,0.009385738264071361,57.233923331087844,35.78343472793122,0.9941678590192871,0.007351394246165675,0.004330888856202364,36.667545318603516
2025-01-17,gold,2744.299981954857,2746.734828841698,-0.0007648765,0.000121923236,0.008246248,0.008596922,0.012192324,UP,0.009384084205714188,57.233923331087844,35.78343472793122,0.9941678590192871,0.007351394246165675,0.004330888856202364,36.667545318603516
2025-01-21,gold,2755.0000149842526,2744.622287696373,0.0038913917,0.00011737444,0.009588817,0.008633773,0.0117374435,UP,0.009143295227897483,57.233923331087844,35.78343472793122,0.9941678590192871,0.007351394246165675,0.004330888856202364,36.667545318603516
2025-01-22,gold,2767.5998944044113,2755.3018194437027,0.0045631113,0.000109578425,0.009370763,0.008678937,0.010957843,UP,0.009143349466888082,57.233923331087844,35.78343472793122,0.9941678590192871,0.007351394246165675,0.004330888856202364,36.667545318603516
2025-01-23,gold,2763.1001041493437,2767.886471376987,-0.0016272808,0.00010340271,0.012532895,0.008721839,0.010340271,UP,0.009023148432817832,57.233923331087844,35.78343472793122,0.9941678590192871,0.007351394246165675,0.004330888856202364,36.667545318603516
2025-01-24,gold,2777.2999798309756,2763.391275940696,0.005125977,0.000105347106,0.013001668,0.008721281,0.01053471,UP,0.008814214808060085,57.233923331087844,35.78343472793122,0.9941678590192871,0.007351394246165675,0.004330888856202364,36.667545318603516
2025-01-27,gold,2737.499932912615,2777.607953196217,-0.014434156,0.000110832625,0.008908666,0.008701102,0.011083262,UP,0.008922300216927177,57.233923331087844,35.78343472793122,0.9941678590192871,0.007351394246165675,0.004330888856202364,36.667545318603516
2025-01-28,gold,2766.7997002601624,2737.819482386112,0.01064634,0.00011667932,0.00866992,0.008693065,0.011667932,UP,0.008522290683847404,57.233923331087844,35.78343472793122,0.9941678590192871,0.007351394246165675,0.004330888856202364,36.667545318603516
2025-01-29,gold,2769.099941341934,2767.149996620632,0.00083095755,0.0001265477,0.008157388,0.008679823,0.01265477,UP,0.008177100024203703,57.233923331087844,35.78343472793122,0.9941678590192871,0.007351394246165675,0.004330888856202364,36.667545318603516
2025-01-30,gold,2822.999886768521,2769.466841484129,0.019277755,0.00013241004,0.006352577,0.008738869,0.013241004,UP,0.008788009035106216,57.233923331087844,35.78343472793122,0.9941678590192871,0.007351394246165675,0.004330888856202364,36.667545318603516
2025-01-31,gold,2812.4999953508377,2823.3738824129105,-0.0037263818,0.00013244018,0.005377416,0.008802946,0.013244018,UP,0.008810391590999474,57.233923331087844,35.78343472793122,0.9941678590192871,0.007351394246165675,0.004330888856202364,36.667545318603516
2025-02-03,gold,2833.9000046253204,2812.8594160079956,0.0075800526,0.00012784419,0.0077541056,0.008843634,0.01278442,UP,0.008812057969138736,57.233923331087844,35.78343472793122,0.9941678590192871,0.007351394246165675,0.004330888856202364,36.667545318603516
2025-02-04,gold,2853.2999667873373,2834.2367160561844,0.006822416,0.00011881672,0.008162851,0.008887248,0.011881672,UP,0.008055994313087603,57.233923331087844,35.78343472793122,0.9941678590192871,0.007351394246165675,0.004330888856202364,36.667545318603516
2025-02-05,gold,2871.6002542051137,2853.6150183493155,0.006393164,0.00011029694,0.0083359955,0.008923018,0.011029694,UP,0.007818178999349005,57.233923331087844,35.78343472793122,0.9941678590192871,0.007351394246165675,0.004330888856202364,36.667545318603516
2025-02-06,gold,2855.999826472951,2871.9133217441267,-0.005447355,0.00010898546,0.007042565,0.008905756,0.010898546,UP,0.007786719896343934,57.233923331087844,35.78343472793122,0.9941678590192871,0.007351394246165675,0.004330888856202364,36.667545318603516
2025-02-07,gold,2867.299924850464,2856.324119567871,0.003948793,0.000113422284,0.011240256,0.008869324,0.011342228,UP,0.007788634550925721,57.233923331087844,35.78343472793122,0.9941678590192871,0.007351394246165675,0.004330888856202364,36.667545318603516
2025-02-10,gold,2914.3001263039187,2867.6490356147115,0.016258832,0.000121690944,0.011324601,0.008825066,0.012169095,UP,0.008131568160261301,57.233923331087844,35.78343472793122,0.9941678590192871,0.007351394246165675,0.004330888856202364,36.667545318603516
2025-02-11,gold,2912.500109129789,2914.6832438652345,-0.0006178516,0.00013141595,0.0115745645,0.008782054,0.013141595,UP,0.007874774606255719,57.233923331087844,35.78343472793122,0.9941678590192871,0.007351394246165675,0.004330888856202364,36.667545318603516
2025-02-12,gold,2909.000253677368,2912.9100397229195,-0.0012024394,0.00014082258,0.011858809,0.008736965,0.014082258,UP,0.007789508052488261,57.233923331087844,35.78343472793122,0.9941678590192871,0.007351394246165675,0.004330888856202364,36.667545318603516
2025-02-13,gold,2925.8999679088593,2909.4411039352417,0.005792713,0.00015152137,0.011714565,0.008695184,0.015152137,UP,0.007739505265221147,57.233923331087844,35.78343472793122,0.9941678590192871,0.007351394246165675,0.004330888856202364,36.667545318603516
2025-02-14,gold,2883.6000299803272,2926.379145916202,-0.014562544,0.00016382238,0.007984695,0.008658071,0.016382238,UP,0.008266636667356539,57.233923331087844,35.78343472793122,0.9941678590192871,0.007351394246165675,0.004330888856202364,36.667545318603516
2025-02-18,gold,2931.5998968644417,2884.0806628389983,0.016508836,0.00016662234,0.008403595,0.00866413,0.016662234,UP,0.008500877186359505,57.233923331087844,35.78343472793122,0.9941678590192871,0.007351394246165675,0.004330888856202364,36.667545318603516
2025-02-19,gold,2919.3997868050064,2932.076780144358,-0.0041703004,0.0001626233,0.00866083,0.008712141,0.01626233,UP,0.008546518952232192,57.233923331087844,35.78343472793122,0.9941678590192871,0.007351394246165675,0.004330888856202364,36.667545318603516
2025-02-20,gold,2940.000225832395,2919.840843162092,0.0070314994,0.00015095389,0.008787516,0.008782686,0.0150953885,UP,0.00854825536756546,57.233923331087844,35.78343472793122,0.9941678590192871,0.007351394246165675,0.004330888856202364,36.667545318603516
2025-02-21,gold,2937.5999450683594,2940.41916847229,-0.0008166267,0.00014264435,0.010046465,0.008838988,0.014264435,UP,0.00858293935690247,57.233923331087844,35.78343472793122,0.9941678590192871,0.007351394246165675,0.004330888856202364,36.667545318603516
2025-02-24,gold,2947.899863013299,2937.9930099617923,0.0035000646,0.00013366924,0.015041118,0.008886946,0.013366924,UP,0.008550692241767459,57.233923331087844,35.78343472793122,0.9941678590192871,0.007351394246165675,0.004330888856202364,36.667545318603516
2025-02-25,gold,2904.500247712189,2948.2699445005856,-0.014831762,0.00012555893,0.0142060695,0.00892512,0.0125558935,UP,0.009068535909663571,57.233923331087844,35.78343472793122,0.9941678590192871,0.007351394246165675,0.004330888856202364,36.667545318603516
2025-02-26,gold,2916.7999498844147,2904.8327398896217,0.004225883,0.00011456158,0.014087084,0.0089764055,0.011456158,UP,0.008599676522867096,57.233923331087844,35.78343472793122,0.9941678590192871,0.007351394246165675,0.004330888856202364,36.667545318603516
2025-02-27,gold,2883.1999949552555,2917.124809652043,-0.01158637,0.00011136089,0.012582326,0.008988193,0.0111360885,UP,0.008994457943398242,57.233923331087844,35.78343472793122,0.9941678590192871,0.007351394246165675,0.004330888856202364,36.667545318603516
2025-02-28,gold,2836.8002254714665,2883.5295635167568,-0.016224097,0.00011424636,0.008680282,0.008960754,0.011424636,UP,0.009381276398015134,57.233923331087844,35.78343472793122,0.9941678590192871,0.007351394246165675,0.004330888856202364,36.667545318603516
2025-03-03,gold,2890.199919856823,2837.137207227788,0.018649012,0.0001188312,0.0046860315,0.008930149,0.01188312,UP,0.009701776756120776,57.233923331087844,35.78343472793122,0.9941678590192871,0.007351394246165675,0.004330888856202364,36.667545318603516
2025-03-04,gold,2909.600235325168,2890.5389772357885,0.006689961,0.00011730843,0.004994755,0.008944207,0.011730843,UP,0.009730998027305638,57.233923331087844,35.78343472793122,0.9941678590192871,0.007351394246165675,0.004330888856202364,36.667545318603516
2025-03-05,gold,2915.2999060636503,2909.9081016643904,0.001957099,0.000105801184,0.0063870056,0.008995764,0.010580119,UP,0.0097243685893119,57.233923331087844,35.78343472793122,0.9941678590192871,0.007351394246165675,0.004330888856202364,36.667545318603516
2025-03-06,gold,2916.6001617291768,2915.5554840011464,0.00044584056,8.756199e-05,0.008715083,0.009062844,0.008756199,UP,0.009714910198644521,57.233923331087844,35.78343472793122,0.9941678590192871,0.007351394246165675,0.004330888856202364,36.667545318603516
2025-03-07,gold,2904.7000287482224,2916.8083614657517,-0.00408849,7.138509e-05,0.0073932493,0.009108637,0.007138509,UP,0.009754961110325578,57.233923331087844,35.78343472793122,0.9941678590192871,0.007351394246165675,0.004330888856202364,36.667545318603516
2025-03-10,gold,2890.9998887100082,2904.859234091942,-0.004727635,5.4870063e-05,0.005270625,0.009145885,0.005487006,UP,0.009801451956197929,57.233923331087844,35.78343472793122,0.9941678590192871,0.007351394246165675,0.004330888856202364,36.667545318603516
2025-03-11,gold,2912.9001157283783,2891.1333733797073,0.0075466516,4.608571e-05,0.0056047533,0.009149723,0.004608571,UP,0.009397990856985389,57.233923331087844,35.78343472793122,0.9941678590192871,0.007351394246165675,0.004330888856202364,36.667545318603516
2025-03-12,gold,2939.100211552577,2913.0412309480016,0.00895433,4.839062e-05,0.0065821228,0.00909393,0.0048390618,UP,0.009349198264747786,57.233923331087844,35.78343472793122,0.9941678590192871,0.007351394246165675,0.004330888856202364,36.667545318603516
2025-03-13,gold,2984.300026690762,2939.277033513703,0.015261784,6.0173857e-05,0.004577484,0.008983376,0.006017386,UP,0.009655630609327379,57.233923331087844,35.78343472793122,0.9941678590192871,0.007351394246165675,0.004330888856202364,36.667545318603516
2025-03-14,gold,2994.4999373793544,2984.4882439048088,0.003412043,6.306614e-05,0.006706908,0.008909248,0.006306614,UP,0.009115232006900866,57.233923331087844,35.78343472793122,0.9941678590192871,0.007351394246165675,0.004330888856202364,36.667545318603516
2025-03-17,gold,2999.999870955944,2994.693835914135,0.001835016,6.4677355e-05,0.006856666,0.008846367,0.0064677354,UP,0.009051068102991522,57.233923331087844,35.78343472793122,0.9941678590192871,0.007351394246165675,0.004330888856202364,36.667545318603516
2025-03-18,gold,3035.1001024246216,3000.1909732818604,0.0116321165,6.3639774e-05,0.004063446,0.008800898,0.0063639777,UP,0.009165576560720198,57.233923331087844,35.78343472793122,0.9941678590192871,0.007351394246165675,0.004330888856202364,36.667545318603516
2025-03-19,gold,3035.899702455499,3035.29077264684,0.00026348367,6.2794395e-05,0.0040237075,0.008770834,0.0062794397,UP,0.009132462549045274,57.233923331087844,35.78343472793122,0.9941678590192871,0.007351394246165675,0.004330888856202364,36.667545318603516
2025-03-20,gold,3040.0003139845794,3036.083027523826,0.0013496267,6.03426e-05,0.007519014,0.008745873,0.00603426,UP,0.009096904829895464,57.233923331087844,35.78343472793122,0.9941678590192871,0.007351394246165675,0.004330888856202364,36.667545318603516
2025-03-21,gold,3018.2002353668213,3040.160541534424,-0.007196904,5.2771327e-05,0.006249049,0.008745326,0.0052771326,UP,0.009150876742195486,57.233923331087844,35.78343472793122,0.9941678590192871,0.007351394246165675,0.004330888856202364,36.667545318603516
2025-03-24,gold,3013.1000019064086,3018.3373938061413,-0.0016911295,4.5510416e-05,0.0057973256,0.008766419,0.004551042,UP,0.00916482071389324,57.233923331087844,35.78343472793122,0.9941678590192871,0.007351394246165675,0.004330888856202364,36.667545318603516
2025-03-25,gold,3023.700139639608,3013.2315610212972,0.0035117494,4.3587323e-05,0.006841783,0.008771127,0.004358732,UP,0.008744721301662576,57.233923331087844,35.78343472793122,0.9941678590192871,0.007351394246165675,0.004330888856202364,36.667545318603516
2025-03-26,gold,3020.9001315390196,3023.8372838117357,-0.00092646305,4.5392168e-05,0.0055913315,0.008762595,0.004539217,UP,0.008747192819662634,57.233923331087844,35.78343472793122,0.9941678590192871,0.007351394246165675,0.004330888856202364,36.667545318603516
2025-03-27,gold,3060.199724953505,3021.046470911533,0.01292549,4.848279e-05,0.0102128815,0.008749193,0.004848279,UP,0.00899092169296923,57.233923331087844,35.78343472793122,0.9941678590192871,0.007351394246165675,0.004330888856202364,36.667545318603516
2025-03-28,gold,3086.5001496410114,3060.3433192468656,0.008557506,4.679931e-05,0.016028458,0.008832888,0.004679931,UP,0.009048686059158848,57.233923331087844,35.78343472793122,0.9941678590192871,0.007351394246165675,0.004330888856202364,36.667545318603516
2025-03-31,gold,3122.8001724481583,3086.61884444952,0.011692288,3.845463e-05,0.014024183,0.008896741,0.003845463,UP,0.008680791738803198,57.233923331087844,35.78343472793122,0.9941678590192871,0.007351394246165675,0.004330888856202364,36.667545318603516
2025-04-01,gold,3118.8999959574285,3122.8864147199783,-0.0012497067,2.764602e-05,0.015551659,0.008938153,0.002764602,UP,0.008295464743233632,57.233923331087844,35.78343472793122,0.9941678590192871,0.007351394246165675,0.004330888856202364,36.667545318603516
2025-04-02,gold,3139.900013957522,3118.961249647604,0.0067105773,1.9661034e-05,0.023032902,0.008947364,0.0019661034,UP,0.008250253965693908,57.233923331087844,35.78343472793122,0.9941678590192871,0.007351394246165675,0.004330888856202364,36.667545318603516
2025-04-03,gold,3097.0002177169954,3139.953802297823,-0.01375702,1.7120998e-05,0.027470335,0.008936282,0.0017120998,UP,0.008707043603951362,57.233923331087844,35.78343472793122,0.9941678590192871,0.007351394246165675,0.004330888856202364,36.667545318603516
2025-04-04,gold,3011.999824821949,3097.0472564697266,-0.027829591,1.530489e-05,0.021474805,0.008954577,0.001530489,UP,0.010208060568449329,57.233923331087844,35.78343472793122,0.9941678590192871,0.007351394246165675,0.004330888856202364,36.667545318603516
2025-04-07,gold,2951.299924135208,3012.0100536346436,-0.020358544,3.346533e-06,0.015902882,0.009064871,0.0003346533,UP,0.0108896812588139,57.233923331087844,35.78343472793122,0.9941678590192871,0.007351394246165675,0.004330888856202364,36.667545318603516
2025-04-08,gold,2968.39967206397,2951.256071030366,0.0057772864,-1.4927471e-05,0.016157938,0.009216865,-0.0014927471,DOWN,0.01056641328997985,57.233923331087844,35.78343472793122,0.9941678590192871,0.007351394246165675,0.004330888856202364,36.667545318603516
2025-04-09,gold,3056.49992881855,2968.3043599160155,0.029247414,-3.2193755e-05,0.016975818,0.009360183,-0.0032193754,DOWN,0.011802226293083517,57.233923331087844,35.78343472793122,0.9941678590192871,0.007351394246165675,0.004330888856202364,36.667545318603516
2025-04-10,gold,3155.199794948101,3056.3287492990494,0.0317814,-5.60513e-05,0.016989723,0.00958944,-0.00560513,DOWN,0.012788616741637162,57.233923331087844,35.78343472793122,0.9941678590192871,0.007351394246165675,0.004330888856202364,36.667545318603516
2025-04-11,gold,3222.2002118232485,3154.963742069085,0.02101247,-7.4906915e-05,0.018648375,0.009922392,-0.0074906917,DOWN,0.012673382130975021,57.233923331087844,35.78343472793122,0.9941678590192871,0.007351394246165675,0.004330888856202364,36.667545318603516
2025-04-14,gold,3204.8002570404788,3221.925884286742,-0.0054146396,-8.504154e-05,0.017862545,0.010309613,-0.008504154,DOWN,0.012488602615561199,57.233923331087844,35.78343472793122,0.9941678590192871,0.007351394246165675,0.004330888856202364,36.667545318603516
2025-04-15,gold,3218.6998806210177,3204.608072754796,0.004327835,-5.9848127e-05,0.028680852,0.010671413,-0.005984813,DOWN,0.012475222139232566,57.233923331087844,35.78343472793122,0.9941678590192871,0.007351394246165675,0.004330888856202364,36.667545318603516
2025-04-16,gold,3326.5999285303405,3218.550308587437,0.032973256,-4.6510715e-05,0.02524736,0.01090973,-0.0046510715,DOWN,0.013623636649131611,57.233923331087844,35.78343472793122,0.9941678590192871,0.007351394246165675,0.004330888856202364,36.667545318603516
2025-04-17,gold,3308.7000986089697,3326.4628873307956,-0.0053954422,-4.125951e-05,0.026140636,0.011040563,-0.004125951,DOWN,0.0137245623425507,57.233923331087844,35.78343472793122,0.9941678590192871,0.007351394246165675,0.004330888856202364,36.667545318603516
2025-04-21,gold,3406.2001294767833,3308.5717621464573,0.029041938,-3.879465e-05,0.022563215,0.011141282,-0.003879465,DOWN,0.014369453668431892,57.233923331087844,35.78343472793122,0.9941678590192871,0.007351394246165675,0.004330888856202364,36.667545318603516
2025-04-22,gold,3400.800289279141,3406.0811813490727,-0.0015865737,-3.491412e-05,0.022513343,0.011236329,-0.003491412,DOWN,0.014304497054725593,57.233923331087844,35.78343472793122,0.9941678590192871,0.007351394246165675,0.004330888856202364,36.667545318603516
2025-04-23,gold,3276.299977517716,3400.687751100835,-0.03729596,-3.2982964e-05,0.013763238,0.011315415,-0.0032982964,DOWN,0.016231172727781278,57.233923331087844,35.78343472793122,0.9941678590192871,0.007351394246165675,0.004330888856202364,36.667545318603516
2025-04-24,gold,3331.9997523860366,3276.237558363937,0.016857974,-1.9083149e-05,0.016287059,0.011522449,-0.0019083149,DOWN,0.01638034735743139,57.233923331087844,35.78343472793122,0.9941678590192871,0.007351394246165675,0.004330888856202364,36.667545318603516
2025-04-25,gold,3282.3999745845795,3332.003972053528,-0.014997892,1.2092642e-06,0.01667762,0.011777829,0.000120926416,UP,0.01660622699810098,57.233923331087844,35.78343472793122,0.9941678590192871,0.007351394246165675,0.004330888856202364,36.667545318603516
2025-04-28,gold,3332.5002191896783,3282.4578136426862,0.015147941,1.7607643e-05,0.019442946,0.012054724,0.0017607643,UP,0.016749045199321938,57.233923331087844,35.78343472793122,0.9941678590192871,0.007351394246165675,0.004330888856202364,36.667545318603516
2025-04-29,gold,3318.7999206781387,3332.6080560684204,-0.0041194865,3.2372656e-05,0.02365789,0.012273656,0.0032372656,UP,0.01680704394577492,57.233923331087844,35.78343472793122,0.9941678590192871,0.007351394246165675,0.004330888856202364,36.667545318603516
2025-04-30,gold,3304.9998183365824,3318.952367069578,-0.004166813,4.5850582e-05,0.024220087,0.012446186,0.0045850584,UP,0.016789893892296768,57.233923331087844,35.78343472793122,0.9941678590192871,0.007351394246165675,0.004330888856202364,36.667545318603516
2025-05-01,gold,3209.9997594952583,3305.159564614296,-0.029165536,4.8275484e-05,0.022932561,0.012500226,0.0048275483,UP,0.017759027906146214,57.233923331087844,35.78343472793122,0.9941678590192871,0.007351394246165675,0.004330888856202364,36.667545318603516
2025-05-02,gold,3231.9001185894012,3210.1607179641724,0.0067992317,5.005402e-05,0.02311542,0.012541971,0.005005402,UP,0.01778007788882939,57.233923331087844,35.78343472793122,0.9941678590192871,0.007351394246165675,0.004330888856202364,36.667545318603516
2025-05-05,gold,3311.3003247945453,3232.046691162919,0.02427071,4.5415072e-05,0.02660094,0.012491032,0.004541507,UP,0.01814407899028875,57.233923331087844,35.78343472793122,0.9941678590192871,0.007351394246165675,0.004330888856202364,36.667545318603516
2025-05-06,gold,3411.4000098922406,3311.443733360502,0.02978186,4.3388485e-05,0.020060927,0.012447805,0.0043388484,UP,0.018769344487416264,57.233923331087844,35.78343472793122,0.9941678590192871,0.007351394246165675,0.004330888856202364,36.667545318603516
2025-05-07,gold,3381.39981522609,3411.5646039200365,-0.00883294,4.8302696e-05,0.020337138,0.012470941,0.0048302696,UP,0.018921410689658694,57.233923331087844,35.78343472793122,0.9941678590192871,0.007351394246165675,0.004330888856202364,36.667545318603516
2025-05-08,gold,3296.5999509148824,3381.5821009583306,-0.025398131,5.3818454e-05,0.02118363,0.012510929,0.0053818454,UP,0.01963451405397562,57.233923331087844,35.78343472793122,0.9941678590192871,0.007351394246165675,0.004330888856202364,36.667545318603516
2025-05-09,gold,3335.3999347974895,3296.8068079532823,0.011700919,6.267949e-05,0.019166172,0.0125960205,0.0062679495,UP,0.019614236543752283,57.233923331087844,35.78343472793122,0.9941678590192871,0.007351394246165675,0.004330888856202364,36.667545318603516
2025-05-12,gold,3219.999970965757,3335.643637673871,-0.03521122,7.30484e-05,0.01487828,0.012685674,0.0073048403,UP,0.020746594684589385,57.233923331087844,35.78343472793122,0.9941678590192871,0.007351394246165675,0.004330888856202364,36.667545318603516
2025-05-13,gold,3240.3001141548157,3220.2721524238586,0.0062845736,8.446947e-05,0.016331006,0.012799486,0.008446948,UP,0.020678436506851142,57.233923331087844,35.78343472793122,0.9941678590192871,0.007351394246165675,0.004330888856202364,36.667545318603516
2025-05-14,gold,3181.3996576672216,3240.6109992908605,-0.01834461,9.5910014e-05,0.011479815,0.012905257,0.009591001,UP,0.020983040059280623,57.233923331087844,35.78343472793122,0.9941678590192871,0.007351394246165675,0.004330888856202364,36.667545318603516
2025-05-15,gold,3220.699934587523,3181.72492166952,0.012277391,0.00010224059,0.012419324,0.0129590845,0.010224059,UP,0.021062085864331025,57.233923331087844,35.78343472793122,0.9941678590192871,0.007351394246165675,0.004330888856202364,36.667545318603516
2025-05-16,gold,3182.0000258292857,3221.023226423131,-0.012088782,0.00010038528,0.010130003,0.0129098855,0.010038529,UP,0.021024498327814313,57.233923331087844,35.78343472793122,0.9941678590192871,0.007351394246165675,0.004330888856202364,36.667545318603516
2025-05-19,gold,3228.899993658066,3182.3015625476837,0.014631561,9.482782e-05,0.016544253,0.012819465,0.009482781,UP,0.020451190038498247,57.233923331087844,35.78343472793122,0.9941678590192871,0.007351394246165675,0.004330888856202364,36.667545318603516
2025-05-20,gold,3280.2998935412616,3229.185894087248,0.015793405,8.853787e-05,0.015308887,0.012710349,0.008853787,UP,0.020129906204552205,57.233923331087844,35.78343472793122,0.9941678590192871,0.007351394246165675,0.004330888856202364,36.667545318603516
2025-05-21,gold,3309.300132265227,3280.573778394959,0.008801805,8.3469466e-05,0.015105382,0.012612307,0.008346947,UP,0.02014837954419364,57.233923331087844,35.78343472793122,0.9941678590192871,0.007351394246165675,0.004330888856202364,36.667545318603516
2025-05-22,gold,3292.299890160066,3309.5328034196864,-0.005150278,7.036401e-05,0.015491559,0.012438929,0.007036401,UP,0.01960326428824132,57.233923331087844,35.78343472793122,0.9941678590192871,0.007351394246165675,0.004330888856202364,36.667545318603516
2025-05-23,gold,3363.5997883403907,3292.4672422195436,0.021425433,5.073467e-05,0.016600834,0.0122475,0.0050734673,UP,0.0191397226100964,57.233923331087844,35.78343472793122,0.9941678590192871,0.007351394246165675,0.004330888856202364,36.667545318603516
2025-05-27,gold,3299.1002823938325,3363.693925192696,-0.019362126,2.7865404e-05,0.013397095,0.012035918,0.0027865404,UP,0.01918399497168349,57.233923331087844,35.78343472793122,0.9941678590192871,0.007351394246165675,0.004330888856202364,36.667545318603516
2025-05-28,gold,3293.600029603753,3299.1402125608874,-0.0016685126,1.2168835e-05,0.013186367,0.011892094,0.0012168835,UP,0.01915337050766129,57.233923331087844,35.78343472793122,0.9941678590192871,0.007351394246165675,0.004330888856202364,36.667545318603516
2025-05-29,gold,3317.1000450426363,3293.651139260852,0.0071097156,1.5459838e-05,0.014013882,0.011898271,0.0015459838,UP,0.019176528765637392,57.233923331087844,35.78343472793122,0.9941678590192871,0.007351394246165675,0.004330888856202364,36.667545318603516
2025-05-30,gold,3288.8998703939433,3317.132522846223,-0.008537804,9.759853e-06,0.01398647,0.011825797,0.0009759853,UP,0.018244925621957158,57.233923331087844,35.78343472793122,0.9941678590192871,0.007351394246165675,0.004330888856202364,36.667545318603516
2025-06-02,gold,3370.6000876844046,3288.8955896021216,0.024537664,-1.340406e-06,0.0067617134,0.011691852,-0.0001340406,DOWN,0.018776660839668516,57.233923331087844,35.78343472793122,0.9941678590192871,0.007351394246165675,0.004330888856202364,36.667545318603516
2025-06-03,gold,3350.199962430226,3370.577998279885,-0.006070768,-6.594986e-06,0.006487061,0.011621788,-0.0006594986,DOWN,0.018010155143341314,57.233923331087844,35.78343472793122,0.9941678590192871,0.007351394246165675,0.004330888856202364,36.667545318603516
2025-06-04,gold,3373.499885481753,3350.165005863222,0.00693075,-1.0418706e-05,0.0046664183,0.011582294,-0.0010418706,DOWN,0.018058121313074067,57.233923331087844,35.78343472793122,0.9941678590192871,0.007351394246165675,0.004330888856202364,36.667545318603516
2025-06-05,gold,3350.6999618411064,3373.4469158649445,-0.0067815166,-1.5768834e-05,0.009873924,0.011529159,-0.0015768834,DOWN,0.01675288735060558,57.233923331087844,35.78343472793122,0.9941678590192871,0.007351394246165675,0.004330888856202364,36.667545318603516
2025-06-06,gold,3322.6999879029754,3350.6094792438817,-0.008391574,-2.7053407e-05,0.009317465,0.011420466,-0.0027053407,DOWN,0.016550187956463545,57.233923331087844,35.78343472793122,0.9941678590192871,0.007351394246165675,0.004330888856202364,36.667545318603516
2025-06-09,gold,3332.100118069793,3322.5710216958396,0.0028250744,-3.885271e-05,0.012006581,0.011306877,-0.003885271,DOWN,0.016313634325765183,57.233923331087844,35.78343472793122,0.9941678590192871,0.007351394246165675,0.004330888856202364,36.667545318603516
2025-06-10,gold,3320.899761861132,3331.9364441346843,-0.003366964,-4.9136754e-05,0.011936801,0.011196317,-0.0049136756,DOWN,0.016090412355889882,57.233923331087844,35.78343472793122,0.9941678590192871,0.007351394246165675,0.004330888856202364,36.667545318603516
2025-06-11,gold,3321.300139165076,3320.7037427542673,0.00012048612,-5.9077487e-05,0.011876805,0.011083244,-0.005907749,DOWN,0.016071585119333577,57.233923331087844,35.78343472793122,0.9941678590192871,0.007351394246165675,0.004330888856202364,36.667545318603516
2025-06-12,gold,3380.900156372809,3321.0474456034717,0.017785631,-7.6080265e-05,0.009612793,0.010894679,-0.0076080263,DOWN,0.01637110480937182,57.233923331087844,35.78343472793122,0.9941678590192871,0.007351394246165675,0.004330888856202364,36.667545318603516
2025-06-13,gold,3431.199838937784,3380.6048809613567,0.014768123,-8.718576e-05,0.0053176875,0.0107620545,-0.008718576,DOWN,0.015565964396152711,57.233923331087844,35.78343472793122,0.9941678590192871,0.007351394246165675,0.004330888856202364,36.667545318603516
2025-06-16,gold,3396.399601477897,3430.876612238717,-0.010194022,-9.42093e-05,0.008250782,0.010672593,-0.00942093,DOWN,0.01570507706601502,57.233923331087844,35.78343472793122,0.9941678590192871,0.007351394246165675,0.004330888856202364,36.667545318603516
2025-06-17,gold,3386.599925823655,3396.0644572592864,-0.0028895212,-9.881795e-05,0.008950082,0.010623815,-0.009881795,DOWN,0.015120157289117761,57.233923331087844,35.78343472793122,0.9941678590192871,0.007351394246165675,0.004330888856202364,36.667545318603516
2025-06-18,gold,3389.8003400533344,3386.2498755950073,0.0009444399,-0.000103437196,0.009082329,0.010576014,-0.010343719,DOWN,0.014067347490539235,57.233923331087844,35.78343472793122,0.9941678590192871,0.007351394246165675,0.004330888856202364,36.667545318603516
2025-06-20,gold,3368.1001121256268,3389.4298972076504,-0.0064221206,-0.00010921431,0.011301137,0.010513199,-0.010921431,DOWN,0.014023164587592764,57.233923331087844,35.78343472793122,0.9941678590192871,0.007351394246165675,0.004330888856202364,36.667545318603516
2025-06-23,gold,3377.7001735371305,3367.7146491892636,0.002846174,-0.00011446918,0.012035494,0.010455482,-0.011446917,DOWN,0.013206629457671941,57.233923331087844,35.78343472793122,0.9941678590192871,0.007351394246165675,0.004330888856202364,36.667545318603516
2025-06-24,gold,3317.400015504638,3377.293271428265,-0.018013675,-0.00012043232,0.011572301,0.01038341,-0.012043232,DOWN,0.013470265406698751,57.233923331087844,35.78343472793122,0.9941678590192871,0.007351394246165675,0.004330888856202364,36.667545318603516
2025-06-25,gold,3327.1002605205285,3316.979918635334,0.002919769,-0.00012663723,0.011591653,0.010309806,-0.012663723,DOWN,0.011793467993256526,57.233923331087844,35.78343472793122,0.9941678590192871,0.007351394246165675,0.004330888856202364,36.667545318603516
2025-06-26,gold,3333.499977967236,3326.6414051934553,0.00192172,-0.00013791322,0.011891834,0.010174928,-0.013791322,DOWN,0.011754610089003463,57.233923331087844,35.78343472793122,0.9941678590192871,0.007351394246165675,0.004330888856202364,36.667545318603516
2025-06-27,gold,3273.699842363596,3333.0012828707695,-0.018101975,-0.0001496778,0.006609413,0.010033166,-0.01496778,DOWN,0.011741270621437027,57.233923331087844,35.78343472793122,0.9941678590192871,0.007351394246165675,0.004330888856202364,36.667545318603516
2025-06-30,gold,3294.3998805058072,3273.194570370106,0.0063031986,-0.0001543982,0.0065643988,0.009920485,-0.0154398205,DOWN,0.011591228853115311,57.233923331087844,35.78343472793122,0.9941678590192871,0.007351394246165675,0.004330888856202364,36.667545318603516
2025-07-01,gold,3336.699711690133,3293.8991804271354,0.012758252,-0.00015194167,0.0043949964,0.0098379385,-0.015194166,DOWN,0.011530322532225586,57.233923331087844,35.78343472793122,0.9941678590192871,0.007351394246165675,0.004330888856202364,36.667545318603516
2025-07-02,gold,3348.000074972253,3336.2071195555327,0.0033808725,-0.00014768972,0.0038682478,0.009806685,-0.014768971,DOWN,0.011269191654335022,57.233923331087844,35.78343472793122,0.9941678590192871,0.007351394246165675,0.004330888856202364,36.667545318603516
2025-07-03,gold,3331.6000599861145,3347.512084722519,-0.004910454,-0.00014575367,0.0038423312,0.009799061,-0.014575367,DOWN,0.010973064700700736,57.233923331087844,35.78343472793122,0.9941678590192871,0.007351394246165675,0.004330888856202364,36.667545318603516
2025-07-04,gold,3332.5000569607364,3331.119338283752,0.00027007467,-0.0001442699,0.0068297847,0.009763269,-0.0144269895,DOWN,0.010861458975560939,57.233923331087844,35.78343472793122,0.9941678590192871,0.007351394246165675,0.004330888856202364,36.667545318603516
2025-07-07,gold,3332.200064957142,3332.025069743395,-9.004123e-05,-0.00014252914,0.006920643,0.009708669,-0.014252914,DOWN,0.010813485259554856,57.233923331087844,35.78343472793122,0.9941678590192871,0.007351394246165675,0.004330888856202364,36.667545318603516
2025-07-08,gold,3306.9999300477066,3331.723474759885,-0.007591298,-0.00014300924,0.0065836394,0.009651944,-0.014300924,DOWN,0.010132743098374196,57.233923331087844,35.78343472793122,0.9941678590192871,0.007351394246165675,0.004330888856202364,36.667545318603516
2025-07-09,gold,3311.600212931633,3306.5182569026947,0.0013900518,-0.00014571357,0.0070162625,0.009555289,-0.014571357,DOWN,0.009502897141656814,57.233923331087844,35.78343472793122,0.9941678590192871,0.007351394246165675,0.004330888856202364,36.667545318603516
2025-07-10,gold,3317.400109843584,3311.1082098815823,0.0017498283,-0.00014846522,0.007556693,0.009437785,-0.014846521,DOWN,0.009500608937648071,57.233923331087844,35.78343472793122,0.9941678590192871,0.007351394246165675,0.004330888856202364,36.667545318603516
2025-07-11,gold,3356.0000434241374,3316.918028380751,0.011568475,-0.00014531467,0.005444826,0.00929186,-0.014531467,DOWN,0.00964693546235658,57.233923331087844,35.78343472793122,0.9941678590192871,0.007351394246165675,0.004330888856202364,36.667545318603516
2025-07-14,gold,3351.499853372574,3355.543924331665,-0.0013417818,-0.00013585528,0.008396674,0.009179452,-0.013585528,DOWN,0.009505792263135655,57.233923331087844,35.78343472793122,0.9941678590192871,0.007351394246165675,0.004330888856202364,36.667545318603516
2025-07-15,gold,3329.799931168556,3351.058519423008,-0.0064957496,-0.00013169774,0.0069694333,0.009103562,-0.013169775,DOWN,0.008417333706133394,57.233923331087844,35.78343472793122,0.9941678590192871,0.007351394246165675,0.004330888856202364,36.667545318603516
2025-07-16,gold,3352.4996368399006,3329.377105957028,0.006794079,-0.00012708985,0.011191103,0.009033872,-0.012708985,DOWN,0.00844573160745179,57.233923331087844,35.78343472793122,0.9941678590192871,0.007351394246165675,0.004330888856202364,36.667545318603516
2025-07-17,gold,3340.1000860333443,3352.090159803629,-0.0037055602,-0.00012232314,0.011697513,0.008980597,-0.012232314,DOWN,0.008369342638708544,57.233923331087844,35.78343472793122,0.9941678590192871,0.007351394246165675,0.004330888856202364,36.667545318603516
2025-07-18,gold,3353.000040407642,3339.700732183701,0.0038546915,-0.00011954227,0.01289164,0.008940263,-0.0119542265,DOWN,0.008311050781834741,57.233923331087844,35.78343472793122,0.9941678590192871,0.007351394246165675,0.004330888856202364,36.667545318603516
2025-07-21,gold,3401.899568796158,3352.606886446476,0.014478602,-0.00011723017,0.009550041,0.008909482,-0.011723017,DOWN,0.008561884087439617,57.233923331087844,35.78343472793122,0.9941678590192871,0.007351394246165675,0.004330888856202364,36.667545318603516
2025-07-22,gold,3439.200077452406,3401.5040971869603,0.010904802,-0.000116293435,0.0067613423,0.0089097405,-0.011629343,DOWN,0.008754353178738412,57.233923331087844,35.78343472793122,0.9941678590192871,0.007351394246165675,0.004330888856202364,36.667545318603516
2025-07-23,gold,3394.100007125293,3438.7950913963577,-0.013200212,-0.00011768198,0.005916746,0.008931332,-0.011768198,DOWN,0.009099674601624648,57.233923331087844,35.78343472793122,0.9941678590192871,0.007351394246165675,0.004330888856202364,36.667545318603516
2025-07-24,gold,3370.9997981935157,3393.685778796673,-0.0068292227,-0.00012203489,0.0062794387,0.00898512,-0.012203489,DOWN,0.009203918958478014,57.233923331087844,35.78343472793122,0.9941678590192871,0.007351394246165675,0.004330888856202364,36.667545318603516
2025-07-25,gold,3334.0000492334366,3370.5754407048225,-0.011036652,-0.00012589904,0.010136685,0.009043721,-0.012589904,DOWN,0.008824423543878912,57.233923331087844,35.78343472793122,0.9941678590192871,0.007351394246165675,0.004330888856202364,36.667545318603516
2025-07-28,gold,3309.1003464460373,3333.5725492239,-0.007496506,-0.00012816762,0.0092858765,0.009093301,-0.012816763,DOWN,0.00842186908167908,57.233923331087844,35.78343472793122,0.9941678590192871,0.007351394246165675,0.004330888856202364,36.667545318603516
2025-07-29,gold,3323.3998335051583,3308.6716972939903,0.0043120473,-0.00012941129,0.009310226,0.009128574,-0.012941129,DOWN,0.008303858391759577,57.233923331087844,35.78343472793122,0.9941678590192871,0.007351394246165675,0.004330888856202364,36.667545318603516
2025-07-30,gold,3295.800012803462,3322.966877449362,-0.008339381,-0.00013026444,0.0072648064,0.009232083,-0.013026444,DOWN,0.008411499839696324,57.233923331087844,35.78343472793122,0.9941678590192871,0.007351394246165675,0.004330888856202364,36.667545318603516
2025-07-31,gold,3293.1999029251165,3295.3700307424733,-0.0007892238,-0.00013050222,0.00649557,0.009244771,-0.013050222,DOWN,0.00840454476434661,57.233923331087844,35.78343472793122,0.9941678590192871,0.007351394246165675,0.004330888856202364,36.667545318603516
2025-08-01,gold,3347.699873354606,3292.793041974379,0.016413808,-0.00012356468,0.0046858774,0.009170645,-0.012356468,DOWN,0.00891809304118207,57.233923331087844,35.78343472793122,0.9941678590192871,0.007351394246165675,0.004330888856202364,36.667545318603516
2025-08-04,gold,3374.399794284487,3347.29568623894,0.007943974,-0.00012072892,0.014169935,0.009133046,-0.012072892,DOWN,0.009026266767012878,57.233923331087844,35.78343472793122,0.9941678590192871,0.007351394246165675,0.004330888856202364,36.667545318603516
2025-08-05,gold,3381.9000365947722,3373.9865803838184,0.002220151,-0.00012246272,0.014040825,0.009127681,-0.012246272,DOWN,0.00837742266679471,57.233923331087844,35.78343472793122,0.9941678590192871,0.007351394246165675,0.004330888856202364,36.667545318603516
2025-08-06,gold,3379.999838085205,3381.479412842018,-0.0005619434,-0.00012433677,0.014213014,0.009114269,-0.012433677,DOWN,0.00836933760573691,57.233923331087844,35.78343472793122,0.9941678590192871,0.007351394246165675,0.004330888856202364,36.667545318603516
2025-08-07,gold,3400.2998852729797,3379.576724767685,0.0059879683,-0.00012524083,0.013736245,0.009090531,-0.012524082,DOWN,0.008425276899513912,57.233923331087844,35.78343472793122,0.9941678590192871,0.007351394246165675,0.004330888856202364,36.667545318603516
2025-08-08,gold,3439.100302812323,3399.874231433714,0.01134616,-0.0001252176,0.011352435,0.009070895,-0.012521761,DOWN,0.007872704613300687,57.233923331087844,35.78343472793122,0.9941678590192871,0.007351394246165675,0.004330888856202364,36.667545318603516
2025-08-11,gold,3353.0999237256765,3438.6788507282326,-0.025324516,-0.00012246208,0.0036376934,0.009031748,-0.012246208,DOWN,0.009200707248875723,57.233923331087844,35.78343472793122,0.9941678590192871,0.007351394246165675,0.004330888856202364,36.667545318603516
2025-08-12,gold,3348.899832746247,3352.687585914042,-0.0012534157,-0.00012302434,0.0040981914,0.009067072,-0.012302434,DOWN,0.008911006279868818,57.233923331087844,35.78343472793122,0.9941678590192871,0.007351394246165675,0.004330888856202364,36.667545318603516
2025-08-13,gold,3358.69995436701,3348.48251785661,0.002922075,-0.0001246153,0.006293429,0.00910941,-0.01246153,DOWN,0.008905654537562972,57.233923331087844,35.78343472793122,0.9941678590192871,0.007351394246165675,0.004330888856202364,36.667545318603516
2025-08-14,gold,3335.199964495405,3358.2733375074895,-0.0070213466,-0.00012709404,0.005409112,0.009151499,-0.012709404,DOWN,0.008954734437048062,57.233923331087844,35.78343472793122,0.9941678590192871,0.007351394246165675,0.004330888856202364,36.667545318603516
2025-08-15,gold,3335.9998958470533,3334.763202053742,0.00023985154,-0.00013098371,0.0073436736,0.009194447,-0.013098371,DOWN,0.00895471340789357,57.233923331087844,35.78343472793122,0.9941678590192871,0.007351394246165675,0.004330888856202364,36.667545318603516
2025-08-18,gold,3331.7002601623535,3335.5430631637573,-0.001289815,-0.00013700133,0.007224055,0.0092398,-0.013700133,DOWN,0.00895814484181912,57.233923331087844,35.78343472793122,0.9941678590192871,0.007351394246165675,0.004330888856202364,36.667545318603516
2025-08-19,gold,3313.3997668266093,3331.2261278579535,-0.005507847,-0.00014226098,0.0056651933,0.0092757195,-0.014226098,DOWN,0.008905435941634478,57.233923331087844,35.78343472793122,0.9941678590192871,0.007351394246165675,0.004330888856202364,36.667545318603516
2025-08-20,gold,3343.400034592487,3312.9199918649974,0.0090134,-0.00014486088,0.0051051136,0.009279276,-0.014486088,DOWN,0.009052348309143919,57.233923331087844,35.78343472793122,0.9941678590192871,0.007351394246165675,0.004330888856202364,36.667545318603516
2025-08-21,gold,3336.8999160161766,3342.925012948079,-0.0019460211,-0.00014197646,0.004251771,0.009224709,-0.014197646,DOWN,0.009057880447234363,57.233923331087844,35.78343472793122,0.9941678590192871,0.007351394246165675,0.004330888856202364,36.667545318603516
2025-08-22,gold,3374.399913155299,3336.441648878157,0.011175299,-0.0001373259,0.004575387,0.009151739,-0.01373259,DOWN,0.00904089612734539,57.233923331087844,35.78343472793122,0.9941678590192871,0.007351394246165675,0.004330888856202364,36.667545318603516
2025-08-25,gold,3373.7999318296497,3373.9511815200967,-0.0001777818,-0.00013297965,0.0071029933,0.00909684,-0.013297965,DOWN,0.009036456209046343,57.233923331087844,35.78343472793122,0.9941678590192871,0.007351394246165675,0.004330888856202364,36.667545318603516
2025-08-26,gold,3388.6001763340028,3373.3658865508187,0.0043771653,-0.00012866885,0.006335392,0.009044932,-0.0128668845,DOWN,0.008974669742314012,57.233923331087844,35.78343472793122,0.9941678590192871,0.007351394246165675,0.004330888856202364,36.667545318603516
2025-08-27,gold,3404.600256594189,3388.1763513681362,0.0047106016,-0.00012500919,0.010681131,0.009001257,-0.0125009185,DOWN,0.008932852519635175,57.233923331087844,35.78343472793122,0.9941678590192871,0.007351394246165675,0.004330888856202364,36.667545318603516
2025-08-28,gold,3431.8000203781994,3404.187135148124,0.007957432,-0.000121338526,0.010779486,0.008964258,-0.012133853,DOWN,0.008995687747058858,57.233923331087844,35.78343472793122,0.9941678590192871,0.007351394246165675,0.004330888856202364,36.667545318603516
2025-08-29,gold,3473.7003213168355,3431.4007648411207,0.012135376,-0.00011630583,0.01081284,0.008919236,-0.011630584,DOWN,0.009215512967248792,57.233923331087844,35.78343472793122,0.9941678590192871,0.007351394246165675,0.004330888856202364,36.667545318603516
2025-09-02,gold,3549.399836894736,3473.294756960604,0.021558255,-0.00011668424,0.008605851,0.00890686,-0.011668424,DOWN,0.00965924308263755,57.233923331087844,35.78343472793122,0.9941678590192871,0.007351394246165675,0.004330888856202364,36.667545318603516
2025-09-03,gold,3593.199741398217,3548.9662028670427,0.012264609,-0.00012218251,0.0078004096,0.008949455,-0.012218251,DOWN,0.0097090514648714,57.233923331087844,35.78343472793122,0.9941678590192871,0.007351394246165675,0.004330888856202364,36.667545318603516
2025-09-04,gold,3565.799932256152,3592.731344134023,-0.0076547107,-0.00013038499,0.006103763,0.009021121,-0.013038498,DOWN,0.009472914076678276,57.233923331087844,35.78343472793122,0.9941678590192871,0.007351394246165675,0.004330888856202364,36.667545318603516
2025-09-05,gold,3613.1999032073945,3565.300371413541,0.013205346,-0.00014016702,0.00333533,0.009118194,-0.014016702,DOWN,0.00956166562036339,57.233923331087844,35.78343472793122,0.9941678590192871,0.007351394246165675,0.004330888856202364,36.667545318603516
2025-09-08,gold,3638.0998482677096,3612.662403876893,0.006867802,-0.00014884514,0.0041301525,0.009223811,-0.014884514,DOWN,0.009253876444589724,57.233923331087844,35.78343472793122,0.9941678590192871,0.007351394246165675,0.004330888856202364,36.667545318603516
2025-09-09,gold,3643.300104638445,3637.515259506501,0.0014282835,-0.00016071077,0.004110635,0.009329415,-0.016071077,DOWN,0.009048580197494443,57.233923331087844,35.78343472793122,0.9941678590192871,0.007351394246165675,0.004330888856202364,36.667545318603516
2025-09-10,gold,3643.60016063854,3642.714374766845,8.2352926e-05,-0.0001607014,0.004485578,0.009419167,-0.01607014,DOWN,0.00906438744709322,57.233923331087844,35.78343472793122,0.9941678590192871,0.007351394246165675,0.004330888856202364,36.667545318603516
2025-09-11,gold,3636.899799453444,3643.0189360462828,-0.0018405872,-0.00015949213,0.007182542,0.009503976,-0.015949214,DOWN,0.008858125885608385,57.233923331087844,35.78343472793122,0.9941678590192871,0.007351394246165675,0.004330888856202364,36.667545318603516
2025-09-12,gold,3649.400080917403,3636.320242980786,0.0034311004,-0.00015937281,0.007838377,0.009550629,-0.01593728,DOWN,0.008823966237050727,57.233923331087844,35.78343472793122,0.9941678590192871,0.007351394246165675,0.004330888856202364,36.667545318603516
2025-09-15,gold,3682.1999218031415,3648.817815653165,0.0089476425,-0.00015946035,0.010862333,0.009565408,-0.015946034,DOWN,0.008540848292253028,57.233923331087844,35.78343472793122,0.9941678590192871,0.007351394246165675,0.004330888856202364,36.667545318603516
2025-09-16,gold,3688.900121218525,3681.6113159496163,0.0018178978,-0.00015984249,0.011295292,0.009547892,-0.015984248,DOWN,0.0084963609348189,57.233923331087844,35.78343472793122,0.9941678590192871,0.007351394246165675,0.004330888856202364,36.667545318603516
2025-09-17,gold,3681.8003401191963,3688.3051389315224,-0.0019265078,-0.00016119063,0.01375766,0.0095016295,-0.016119063,DOWN,0.008543219829214837,57.233923331087844,35.78343472793122,0.9941678590192871,0.007351394246165675,0.004330888856202364,36.667545318603516
2025-09-18,gold,3643.7000426246377,3681.20182162922,-0.010402141,-0.00016242731,0.011829886,0.009446663,-0.016242731,DOWN,0.008859813223036504,57.233923331087844,35.78343472793122,0.9941678590192871,0.007351394246165675,0.004330888856202364,36.667545318603516
2025-09-19,gold,3671.5000443786266,3643.1129097361554,0.0076006628,-0.00016109651,0.0120276855,0.009413996,-0.016109651,DOWN,0.00888660167825455,57.233923331087844,35.78343472793122,0.9941678590192871,0.007351394246165675,0.004330888856202364,36.667545318603516
2025-09-22,gold,3740.699782669544,3670.9189839065075,0.018672448,-0.00015828316,0.010483334,0.009399485,-0.015828315,DOWN,0.009237681297871005,57.233923331087844,35.78343472793122,0.9941678590192871,0.007351394246165675,0.004330888856202364,36.667545318603516
2025-09-23,gold,3780.6005342282006,3740.117571576091,0.010610007,-0.00015567977,0.009925969,0.009434793,-0.015567977,DOWN,0.007695929882883288,57.233923331087844,35.78343472793122,0.9941678590192871,0.007351394246165675,0.004330888856202364,36.667545318603516
2025-09-24,gold,3732.099884091702,3780.021871814097,-0.012911649,-0.0001529128,0.0042217704,0.009469124,-0.015291281,DOWN,0.008241153991794632,57.233923331087844,35.78343472793122,0.9941678590192871,0.007351394246165675,0.004330888856202364,36.667545318603516
2025-09-25,gold,3736.899689656915,3731.5370754392643,0.0012852605,-0.00015090127,0.007556351,0.009527712,-0.015090127,DOWN,0.00825155872053523,57.233923331087844,35.78343472793122,0.9941678590192871,0.007351394246165675,0.004330888856202364,36.667545318603516
2025-09-26,gold,3775.300136146776,3736.3443972851965,0.010223498,-0.00014863617,0.0076256236,0.009585348,-0.014863618,DOWN,0.008087951348796958,57.233923331087844,35.78343472793122,0.9941678590192871,0.007351394246165675,0.004330888856202364,36.667545318603516
2025-09-29,gold,3820.8996496495383,3774.7530120361625,0.012006109,-0.00014494517,0.008995225,0.009651033,-0.014494517,DOWN,0.008177812707033187,57.233923331087844,35.78343472793122,0.9941678590192871,0.007351394246165675,0.004330888856202364,36.667545318603516
2025-09-30,gold,3840.7996635238524,3820.353090485005,0.0051947194,-0.00014318037,0.008962664,0.00969016,-0.014318037,DOWN,0.008103093357992676,57.233923331087844,35.78343472793122,0.9941678590192871,0.007351394246165675,0.004330888856202364,36.667545318603516
2025-10-01,gold,3867.5000990447297,3840.2492443968367,0.0069276127,-0.0001434065,0.009953236,0.009711025,-0.01434065,DOWN,0.007874225395826785,57.233923331087844,35.78343472793122,0.9941678590192871,0.007351394246165675,0.004330888856202364,36.667545318603516
2025-10-02,gold,3839.7000938653946,3866.9372983276844,-0.0072140777,-0.00014542096,0.017169086,0.009703865,-0.014542095,DOWN,0.00815335601124089,57.233923331087844,35.78343472793122,0.9941678590192871,0.007351394246165675,0.004330888856202364,36.667545318603516
2025-10-03,gold,3880.7997973341553,3839.13465721134,0.010647105,-0.00014719908,0.016987836,0.009695309,-0.014719908,DOWN,0.008127259264956927,57.233923331087844,35.78343472793122,0.9941678590192871,0.007351394246165675,0.004330888856202364,36.667545318603516
2025-10-06,gold,3948.5000197345507,3880.220376674988,0.01729443,-0.00014931872,0.020823088,0.009652515,-0.014931872,DOWN,0.00836501265769785,57.233923331087844,35.78343472793122,0.9941678590192871,0.007351394246165675,0.004330888856202364,36.667545318603516
2025-10-07,gold,3976.6001927256584,3947.907391369343,0.0070914472,-0.00015016075,0.020821158,0.009624819,-0.015016075,DOWN,0.00830656881641851,57.233923331087844,35.78343472793122,0.9941678590192871,0.007351394246165675,0.004330888856202364,36.667545318603516
2025-10-08,gold,4043.3000273156795,3975.9985311598866,0.016633995,-0.00015131471,0.020308377,0.009611835,-0.015131472,DOWN,0.00855209823415065,57.233923331087844,35.78343472793122,0.9941678590192871,0.007351394246165675,0.004330888856202364,36.667545318603516
2025-10-09,gold,3946.2999339131784,4042.6855001971417,-0.024282757,-0.0001519387,0.011714208,0.009630621,-0.01519387,DOWN,0.010150445389319623,57.233923331087844,35.78343472793122,0.9941678590192871,0.007351394246165675,0.004330888856202364,36.667545318603516
2025-10-10,gold,3975.899858364137,3945.7101225541555,0.0074726697,-0.00014944188,0.020720806,0.00976138,-0.014944188,DOWN,0.01014584833188915,57.233923331087844,35.78343472793122,0.9941678590192871,0.007351394246165675,0.004330888856202364,36.667545318603516
2025-10-13,gold,4108.599925846851,3975.286118701275,0.03283125,-0.00015443459,0.02114214,0.009925027,-0.015443459,DOWN,0.011333329855124568,57.233923331087844,35.78343472793122,0.9941678590192871,0.007351394246165675,0.004330888856202364,36.667545318603516
2025-10-14,gold,4138.700220060535,4107.981501350005,0.007299415,-0.00015059771,0.037995517,0.01015228,-0.015059771,DOWN,0.010924205662296427,57.233923331087844,35.78343472793122,0.9941678590192871,0.007351394246165675,0.004330888856202364,36.667545318603516
2025-10-15,gold,4176.899977841647,4138.131584647286,0.009187546,-0.00013744074,0.037505157,0.010394304,-0.013744075,DOWN,0.010868632863350117,57.233923331087844,35.78343472793122,0.9941678590192871,0.007351394246165675,0.004330888856202364,36.667545318603516
2025-10-16,gold,4280.200474684243,4176.400981223327,0.024430461,-0.00011943217,0.03660835,0.010627553,-0.011943216,DOWN,0.011165028466453255,57.233923331087844,35.78343472793122,0.9941678590192871,0.007351394246165675,0.004330888856202364,36.667545318603516
2025-10-17,gold,4189.900027541444,4279.767001871369,-0.02132294,-0.00010115327,0.035779763,0.010864177,-0.010115327,DOWN,0.012131632731897019,57.233923331087844,35.78343472793122,0.9941678590192871,0.007351394246165675,0.004330888856202364,36.667545318603516
2025-10-20,gold,4336.399413425534,4189.556763025175,0.034367643,-8.19384e-05,0.029721575,0.011137606,-0.00819384,DOWN,0.013306844419657913,57.233923331087844,35.78343472793122,0.9941678590192871,0.007351394246165675,0.004330888856202364,36.667545318603516
2025-10-21,gold,4087.700218055543,4336.132903271966,-0.059062034,-6.151252e-05,0.017551282,0.011394965,-0.0061512515,DOWN,0.017623635509457062,57.233923331087844,35.78343472793122,0.9941678590192871,0.007351394246165675,0.004330888856202364,36.667545318603516
2025-10-22,gold,4044.3994448410085,4087.616624272865,-0.0106492685,-2.0350737e-05,0.017850233,0.011915952,-0.0020350737,DOWN,0.017812136352638366,57.233923331087844,35.78343472793122,0.9941678590192871,0.007351394246165675,0.004330888856202364,36.667545318603516
2025-10-23,gold,4125.4999604669865,4044.506453082373,0.019854043,2.6297581e-05,0.013771621,0.012421023,0.002629758,UP,0.018027063385349772,57.233923331087844,35.78343472793122,0.9941678590192871,0.007351394246165675,0.004330888856202364,36.667545318603516
2025-10-24,gold,4118.399913370609,4125.78475099802,-0.0017225097,6.9042726e-05,0.013594474,0.012897886,0.0069042724,UP,0.018060830459261788,57.233923331087844,35.78343472793122,0.9941678590192871,0.007351394246165675,0.004330888856202364,36.667545318603516
2025-10-27,gold,4001.9000508276513,4118.821629704966,-0.02869549,0.00010239912,0.006374568,0.013293261,0.010239912,UP,0.018978799296226374,57.233923331087844,35.78343472793122,0.9941678590192871,0.007351394246165675,0.004330888856202364,36.667545318603516
2025-10-28,gold,3966.200037188275,4002.4008191701723,-0.008960779,0.0001251777,0.007954615,0.0135867745,0.01251777,UP,0.019101860927008125,57.233923331087844,35.78343472793122,0.9941678590192871,0.007351394246165675,0.004330888856202364,36.667545318603516
2025-10-29,gold,3983.699989174929,3966.755973236868,0.0044025783,0.00014015536,0.008740457,0.013776789,0.014015536,UP,0.01908516440948607,57.233923331087844,35.78343472793122,0.9941678590192871,0.007351394246165675,0.004330888856202364,36.667545318603516
2025-10-30,gold,4001.299999223993,3984.26982402103,0.004408297,0.00014302958,0.008374869,0.013798183,0.014302958,UP,0.01892388484361824,57.233923331087844,35.78343472793122,0.9941678590192871,0.007351394246165675,0.004330888856202364,36.667545318603516
2025-10-31,gold,3982.1996142261924,4001.8061374845274,-0.0047849026,0.00012653813,0.008419977,0.013567573,0.012653813,UP,0.018961494873474708,57.233923331087844,35.78343472793122,0.9941678590192871,0.007351394246165675,0.004330888856202364,36.667545318603516
2025-11-03,gold,4000.299893348012,3982.615326995525,0.0045349523,0.000104266655,0.01486424,0.013259216,0.010426666,UP,0.018724679802218237,57.233923331087844,35.78343472793122,0.9941678590192871,0.007351394246165675,0.004330888856202364,36.667545318603516
2025-11-04,gold,3947.700011255045,4000.612400595186,-0.013236252,7.8076526e-05,0.011715348,0.012897265,0.0078076525,UP,0.018866884678699895,57.233923331087844,35.78343472793122,0.9941678590192871,0.007351394246165675,0.004330888856202364,36.667545318603516
2025-11-05,gold,3980.299998607341,3947.912192902324,0.008224087,5.372544e-05,0.013649184,0.012565569,0.005372544,UP,0.018702245610452733,57.233923331087844,35.78343472793122,0.9941678590192871,0.007351394246165675,0.004330888856202364,36.667545318603516
2025-11-06,gold,3979.9000548194454,3980.3902016889188,-0.000100536825,2.26931e-05,0.014564144,0.012209854,0.00226931,UP,0.01870660033339605,57.233923331087844,35.78343472793122,0.9941678590192871,0.007351394246165675,0.004330888856202364,36.667545318603516
2025-11-07,gold,3999.4003779633204,3979.8598120758834,0.004887657,-1.0104268e-05,0.021328973,0.0118823,-0.0010104268,DOWN,0.01865296554849742,57.233923331087844,35.78343472793122,0.9941678590192871,0.007351394246165675,0.004330888856202364,36.667545318603516
2025-11-10,gold,4111.7997813197435,3999.248290876276,0.027716517,-3.7958525e-05,0.016929548,0.011603372,-0.0037958524,DOWN,0.019171045998264056,57.233923331087844,35.78343472793122,0.9941678590192871,0.007351394246165675,0.004330888856202364,36.667545318603516
2025-11-11,gold,4106.800124405883,4111.62432571291,-0.0012167525,-4.2720087e-05,0.01692426,0.01148281,-0.004272009,DOWN,0.019177111297419863,57.233923331087844,35.78343472793122,0.9941678590192871,0.007351394246165675,0.004330888856202364,36.667545318603516
2025-11-12,gold,4204.399728567922,4106.623070391477,0.023487486,-4.3022097e-05,0.010581492,0.011440633,-0.0043022097,DOWN,0.019556247585445087,57.233923331087844,35.78343472793122,0.9941678590192871,0.007351394246165675,0.004330888856202364,36.667545318603516
2025-11-13,gold,4186.90013065454,4204.244529250893,-0.004170993,-3.695718e-05,0.010543722,0.011473965,-0.003695718,DOWN,0.019509774636718907,57.233923331087844,35.78343472793122,0.9941678590192871,0.007351394246165675,0.004330888856202364,36.667545318603516
2025-11-14,gold,4087.600003901578,4186.760149482172,-0.024002556,-3.3329386e-05,0.0047964645,0.011506125,-0.0033329385,DOWN,0.020050313189279818,57.233923331087844,35.78343472793122,0.9941678590192871,0.007351394246165675,0.004330888856202364,36.667545318603516
2025-11-17,gold,4068.2999152340926,4087.496550676733,-0.004732791,-2.5394722e-05,0.004421813,0.01160801,-0.0025394722,DOWN,0.01986636595896276,57.233923331087844,35.78343472793122,0.9941678590192871,0.007351394246165675,0.004330888856202364,36.667545318603516
2025-11-18,gold,4061.300102143912,4068.2394264333125,-0.0017221023,-1.4973455e-05,0.005954684,0.011716498,-0.0014973455,DOWN,0.019840944925291443,57.233923331087844,35.78343472793122,0.9941678590192871,0.007351394246165675,0.004330888856202364,36.667545318603516
2025-11-19,gold,4077.6999661748414,4061.284314125587,0.0040299604,-3.8865546e-06,0.006058976,0.011810627,-0.00038865546,DOWN,0.019624559115379504,57.233923331087844,35.78343472793122,0.9941678590192871,0.007351394246165675,0.004330888856202364,36.667545318603516
2025-11-20,gold,4056.500170437037,4077.6912013770198,-0.0052125594,-2.1158776e-06,0.004011139,0.011826944,-0.00021158776,DOWN,0.019110058702848456,57.233923331087844,35.78343472793122,0.9941678590192871,0.007351394246165675,0.004330888856202364,36.667545318603516
2025-11-21,gold,4076.699789762497,4056.4784810245037,0.004967293,-5.299895e-06,0.0040113763,0.011802515,-0.0005299895,DOWN,0.019086454135552745,57.233923331087844,35.78343472793122,0.9941678590192871,0.007351394246165675,0.004330888856202364,36.667545318603516
2025-11-24,gold,4091.899477442843,4076.628512037656,0.0037215604,-1.7599668e-05,0.010102242,0.011699191,-0.0017599668,DOWN,0.018094725179677522,57.233923331087844,35.78343472793122,0.9941678590192871,0.007351394246165675,0.004330888856202364,36.667545318603516
2025-11-25,gold,4139.200163570698,4091.775759157521,0.011493194,-3.032561e-05,0.009333228,0.011577545,-0.003032561,DOWN,0.018169984373734526,57.233923331087844,35.78343472793122,0.9941678590192871,0.007351394246165675,0.004330888856202364,36.667545318603516
2025-11-26,gold,4165.200067602564,4139.059814160399,0.006261761,-3.389147e-05,0.009149657,0.011535906,-0.0033891469,DOWN,0.018127186246119975,57.233923331087844,35.78343472793122,0.9941678590192871,0.007351394246165675,0.004330888856202364,36.667545318603516
2025-11-28,gold,4218.300166045083,4165.013996353955,0.012667817,-4.464996e-05,0.0070513748,0.01140549,-0.004464996,DOWN,0.01769175956792058,57.233923331087844,35.78343472793122,0.9941678590192871,0.007351394246165675,0.004330888856202364,36.667545318603516
2025-12-01,gold,4239.299762981362,4218.055917333928,0.004965958,-5.7794183e-05,0.006734494,0.011257034,-0.005779418,DOWN,0.017271981222307706,57.233923331087844,35.78343472793122,0.9941678590192871,0.007351394246165675,0.004330888856202364,36.667545318603516
2025-12-02,gold,4186.599949963973,4238.999871202221,-0.012509144,-7.069323e-05,0.00425785,0.011117299,-0.007069323,DOWN,0.016145133762326007,57.233923331087844,35.78343472793122,0.9941678590192871,0.007351394246165675,0.004330888856202364,36.667545318603516
2025-12-03,gold,4199.299728642101,4186.258476285118,0.003028826,-8.151721e-05,0.004296684,0.011005513,-0.008151721,DOWN,0.012153781279895894,57.233923331087844,35.78343472793122,0.9941678590192871,0.007351394246165675,0.004330888856202364,36.667545318603516
2025-12-04,gold,4211.7996754792985,4198.896574974933,0.0029722652,-9.6021744e-05,0.01056353,0.0108469445,-0.009602174,DOWN,0.011959584875881462,57.233923331087844,35.78343472793122,0.9941678590192871,0.007351394246165675,0.004330888856202364,36.667545318603516
2025-12-05,gold,4212.899874373921,4211.336630663893,0.00026116008,-0.00010998707,0.010417442,0.010687051,-0.010998707,DOWN,0.01143062278782831,57.233923331087844,35.78343472793122,0.9941678590192871,0.007351394246165675,0.004330888856202364,36.667545318603516
2025-12-08,gold,4187.200212925352,4212.3803590596945,-0.0061189244,-0.00012327469,0.009008037,0.010542913,-0.012327469,DOWN,0.011491230513283336,57.233923331087844,35.78343472793122,0.9941678590192871,0.007351394246165675,0.004330888856202364,36.667545318603516
2025-12-09,gold,4206.700112680206,4186.638148853788,0.0046462393,-0.0001341824,0.009433749,0.010427699,-0.01341824,DOWN,0.01012697384922655,57.233923331087844,35.78343472793122,0.9941678590192871,0.007351394246165675,0.004330888856202364,36.667545318603516
2025-12-10,gold,4196.39984249929,4206.085634340125,-0.0024515472,-0.00014612981,0.008719955,0.010300971,-0.014612981,DOWN,0.00996016049760401,57.233923331087844,35.78343472793122,0.9941678590192871,0.007351394246165675,0.004330888856202364,36.667545318603516
2025-12-11,gold,4285.5004038102925,4195.737321416062,0.021010239,-0.00015794829,0.0046102214,0.010178078,-0.015794829,DOWN,0.010560053579482335,57.233923331087844,35.78343472793122,0.9941678590192871,0.007351394246165675,0.004330888856202364,36.667545318603516
2025-12-12,gold,4300.100194036961,4284.803426831961,0.0034010694,-0.00016257097,0.0047454713,0.010120221,-0.016257096,DOWN,0.010555302997132768,57.233923331087844,35.78343472793122,0.9941678590192871,0.007351394246165675,0.004330888856202364,36.667545318603516
2025-12-15,gold,4306.69997558085,4299.393462182925,0.001533694,-0.0001643853,0.00845889,0.010101,-0.01643853,DOWN,0.0104687718088809,57.233923331087844,35.78343472793122,0.9941678590192871,0.007351394246165675,0.004330888856202364,36.667545318603516
2025-12-16,gold,4304.499768610345,4305.98862475506,-0.00051100785,-0.00016527518,0.0075565483,0.010098485,-0.016527519,DOWN,0.0104781935213518,57.233923331087844,35.78343472793122,0.9941678590192871,0.007351394246165675,0.004330888856202364,36.667545318603516
2025-12-17,gold,4347.500316083431,4303.787766695023,0.00993998,-0.0001654508,0.00832803,0.0101018865,-0.01654508,DOWN,0.010132550977660557,57.233923331087844,35.78343472793122,0.9941678590192871,0.007351394246165675,0.004330888856202364,36.667545318603516
2025-12-18,gold,4339.49984267354,4346.776764839888,-0.0018418331,-0.00016633904,0.0071775266,0.010095579,-0.016633904,DOWN,0.010128871525549758,57.233923331087844,35.78343472793122,0.9941678590192871,0.007351394246165675,0.004330888856202364,36.667545318603516
2025-12-19,gold,4361.399747014046,4338.772405296564,0.0050339503,-0.00016763591,0.025771173,0.010087032,-0.01676359,DOWN,0.010119293970184875,57.233923331087844,35.78343472793122,0.9941678590192871,0.007351394246165675,0.004330888856202364,36.667545318603516
2025-12-22,gold,4444.600521656568,4360.660836939671,0.018896814,-0.00016944628,0.024307821,0.010071147,-0.016944628,DOWN,0.010528724634015357,57.233923331087844,35.78343472793122,0.9941678590192871,0.007351394246165675,0.004330888856202364,36.667545318603516
2025-12-23,gold,4482.799800543871,4443.84454921016,0.008557909,-0.00017001713,0.023437645,0.010069591,-0.017001713,DOWN,0.00951532549851657,57.233923331087844,35.78343472793122,0.9941678590192871,0.007351394246165675,0.004330888856202364,36.667545318603516
2025-12-24,gold,4480.600249767769,4482.028945121972,-0.0004908198,-0.00017193885,0.023307072,0.010067052,-0.017193886,DOWN,0.009505350884505482,57.233923331087844,35.78343472793122,0.9941678590192871,0.007351394246165675,0.004330888856202364,36.667545318603516
2025-12-26,gold,4529.10009313433,4479.820536155399,0.010766278,-0.00017403893,0.02757708,0.010068464,-0.017403893,DOWN,0.008795335485684003,57.233923331087844,35.78343472793122,0.9941678590192871,0.007351394246165675,0.004330888856202364,36.667545318603516
2025-12-29,gold,4325.100469070865,4528.3002197987225,-0.04608798,-0.0001766833,0.0145866,0.010060459,-0.01766833,DOWN,0.01232489462601759,57.233923331087844,35.78343472793122,0.9941678590192871,0.007351394246165675,0.004330888856202364,36.667545318603516
2025-12-30,gold,4370.099945822149,4324.408688636904,0.010350631,-0.00015982758,0.015718566,0.010241473,-0.015982758,DOWN,0.011496852636676994,57.233923331087844,35.78343472793122,0.9941678590192871,0.007351394246165675,0.004330888856202364,36.667545318603516
2025-12-31,gold,4325.600251520664,4369.503081475268,-0.010235033,-0.00013668666,0.0140360845,0.010468342,-0.013668667,DOWN,0.011653946284563885,57.233923331087844,35.78343472793122,0.9941678590192871,0.007351394246165675,0.004330888856202364,36.667545318603516
2026-01-02,gold,4314.400142416824,4325.104298532737,-0.0025926393,-0.00011459191,0.013270822,0.010694468,-0.01145919,DOWN,0.011664873433774365,57.233923331087844,35.78343472793122,0.9941678590192871,0.007351394246165675,0.004330888856202364,36.667545318603516
2026-01-05,gold,4436.900331871526,4313.973533926124,0.027997669,-9.884543e-05,0.012188286,0.010862301,-0.009884543,DOWN,0.012614442114916483,57.233923331087844,35.78343472793122,0.9941678590192871,0.007351394246165675,0.004330888856202364,36.667545318603516
2026-01-06,gold,4482.200286619191,4436.546319534216,0.010158129,-7.971612e-05,0.012892052,0.011057163,-0.007971612,DOWN,0.012587154549672842,57.233923331087844,35.78343472793122,0.9941678590192871,0.007351394246165675,0.004330888856202364,36.667545318603516
2026-01-07,gold,4449.2997145740665,4481.922883283929,-0.007367304,-6.191878e-05,0.010980883,0.011251104,-0.0061918776,DOWN,0.012734269157062713,57.233923331087844,35.78343472793122,0.9941678590192871,0.007351394246165675,0.004330888856202364,36.667545318603516
2026-01-08,gold,4449.70025507838,4449.08499355067,8.998552e-05,-4.8329763e-05,0.011414331,0.011415756,-0.0048329765,DOWN,0.012744401929128958,57.233923331087844,35.78343472793122,0.9941678590192871,0.007351394246165675,0.004330888856202364,36.667545318603516
2026-01-09,gold,4490.299971014145,4449.473960264528,0.0090827495,-5.087006e-05,0.012769079,0.011407121,-0.005087006,DOWN,0.012694852253229876,57.233923331087844,35.78343472793122,0.9941678590192871,0.007351394246165675,0.004330888856202364,36.667545318603516
2026-01-12,gold,4604.299546886003,4490.038317745377,0.025071137,-5.8255566e-05,0.017598901,0.01133458,-0.005825557,DOWN,0.01333868247728703,57.233923331087844,35.78343472793122,0.9941678590192871,0.007351394246165675,0.004330888856202364,36.667545318603516
2026-01-13,gold,4589.199970510381,4604.007254148019,-0.0032848474,-6.359277e-05,0.016912466,0.011274526,-0.0063592773,DOWN,0.013273535379138997,57.233923331087844,35.78343472793122,0.9941678590192871,0.007351394246165675,0.004330888856202364,36.667545318603516
2026-01-14,gold,4626.299559360137,4588.886721168528,0.0080516115,-6.8327965e-05,0.017009955,0.011226153,-0.0068327966,DOWN,0.013302393477848923,57.233923331087844,35.78343472793122,0.9941678590192871,0.007351394246165675,0.004330888856202364,36.667545318603516
2026-01-15,gold,4616.299768780649,4625.951809504419,-0.0021638942,-7.524548e-05,0.015116924,0.011150848,-0.007524548,DOWN,0.013020686546846587,57.233923331087844,35.78343472793122,0.9941678590192871,0.007351394246165675,0.004330888856202364,36.667545318603516
2026-01-16,gold,4588.400125068671,4615.920643977472,-0.006062118,-8.209393e-05,0.009471959,0.0110771675,-0.008209393,DOWN,0.013133152294632655,57.233923331087844,35.78343472793122,0.9941678590192871,0.007351394246165675,0.004330888856202364,36.667545318603516
2026-01-20,gold,4759.5996858876315,4587.991308364028,0.036632296,-8.8990084e-05,0.0077143935,0.011003268,-0.008899009,DOWN,0.014547187639688012,57.233923331087844,35.78343472793122,0.9941678590192871,0.007351394246165675,0.004330888856202364,36.667545318603516
2026-01-21,gold,4831.800290158601,4759.207181088015,0.015055377,-8.255252e-05,0.015511938,0.011059661,-0.008255252,DOWN,0.014662642611411949,57.233923331087844,35.78343472793122,0.9941678590192871,0.007351394246165675,0.004330888856202364,36.667545318603516
2026-01-22,gold,4908.799448691658,4831.450751461787,0.015810445,-7.22367e-05,0.017028825,0.0111782495,-0.0072236694,DOWN,0.014655751147660238,57.233923331087844,35.78343472793122,0.9941678590192871,0.007351394246165675,0.004330888856202364,36.667545318603516
2026-01-23,gold,4976.200207889546,4908.495221340854,0.013637114,-6.196849e-05,0.06369883,0.01130871,-0.0061968486,DOWN,0.014732923869128669,57.233923331087844,35.78343472793122,0.9941678590192871,0.007351394246165675,0.004330888856202364,36.667545318603516
2026-01-26,gold,5079.700386175769,4975.930285085575,0.020585656,-5.417975e-05,0.061231345,0.011428692,-0.0054179747,DOWN,0.01489887866573777,57.233923331087844,35.78343472793122,0.9941678590192871,0.007351394246165675,0.004330888856202364,36.667545318603516
2026-01-27,gold,5079.900025971467,5079.461306842917,3.931395e-05,-4.7081412e-05,0.07073614,0.011550135,-0.004708141,DOWN,0.014676808659504397,57.233923331087844,35.78343472793122,0.9941678590192871,0.007351394246165675,0.004330888856202364,36.667545318603516
2026-01-28,gold,5301.600145596021,5079.703697256045,0.042717125,-3.8566854e-05,0.065834746,0.011652498,-0.0038566855,DOWN,0.01620994344715572,57.233923331087844,35.78343472793122,0.9941678590192871,0.007351394246165675,0.004330888856202364,36.667545318603516
2026-01-29,gold,5318.400553154468,5301.543217657949,0.0031638076,-1.0711665e-05,0.065137364,0.011901653,-0.0010711665,DOWN,0.016193231202543325,57.233923331087844,35.78343472793122,0.9941678590192871,0.007351394246165675,0.004330888856202364,36.667545318603516
2026-01-30,gold,4713.899591864581,5318.42906646675,-0.120656915,5.4500124e-06,0.031146621,0.012078199,0.00054500124,UP,0.027368708369745188,57.233923331087844,35.78343472793122,0.9941678590192871,0.007351394246165675,0.004330888856202364,36.667545318603516
2026-02-02,gold,4622.499692318903,4714.260668246425,-0.019579887,7.647963e-05,0.026485387,0.012879571,0.007647963,UP,0.027649450265634024,57.233923331087844,35.78343472793122,0.9941678590192871,0.007351394246165675,0.004330888856202364,36.667545318603516
2026-02-03,gold,4903.700437545776,4623.178336322308,0.05905438,0.00014665029,0.01496388,0.013794164,0.014665029,UP,0.029613336401825643,57.233923331087844,35.78343472793122,0.9941678590192871,0.007351394246165675,0.004330888856202364,36.667545318603516
2026-02-04,gold,4920.400094411336,4904.802103384514,0.003399746,0.00022463412,0.015521816,0.014818629,0.022463411,UP,0.02961385118911899,57.233923331087844,35.78343472793122,0.9941678590192871,0.007351394246165675,0.004330888856202364,36.667545318603516
2026-02-05,gold,4861.400148775923,4921.6809436543845,-0.012063365,0.00026023973,0.021476101,0.01571025,0.026023973,UP,0.029628590291719745,57.233923331087844,35.78343472793122,0.9941678590192871,0.007351394246165675,0.004330888856202364,36.667545318603516
2026-02-06,gold,4951.200048192462,4862.755988570629,0.01830357,0.00027893958,0.021752901,0.016410824,0.027893959,UP,0.029742594916662528,57.233923331087844,35.78343472793122,0.9941678590192871,0.007351394246165675,0.004330888856202364,36.667545318603516
2026-02-09,gold,5050.899917053175,4952.622057112516,0.019936416,0.00028713373,0.022889668,0.016900469,0.028713373,UP,0.02987900910935893,57.233923331087844,35.78343472793122,0.9941678590192871,0.007351394246165675,0.004330888856202364,36.667545318603516
2026-02-10,gold,5003.799820970191,5052.373275764112,-0.009368842,0.0002917488,0.02586125,0.01726543,0.02917488,UP,0.029957130833191944,57.233923331087844,35.78343472793122,0.9941678590192871,0.007351394246165675,0.004330888856202364,36.667545318603516
2026-02-11,gold,5071.600314736366,5005.165788358776,0.013458784,0.0002729292,0.024639523,0.017063767,0.02729292,UP,0.028541047292857023,57.233923331087844,35.78343472793122,0.9941678590192871,0.007351394246165675,0.004330888856202364,36.667545318603516
2026-02-12,gold,4923.699729574932,5072.889066148782,-0.02959605,0.00025406698,0.020938892,0.01665223,0.025406698,UP,0.02922366486585779,57.233923331087844,35.78343472793122,0.9941678590192871,0.007351394246165675,0.004330888856202364,36.667545318603516
2026-02-13,gold,5021.999780918355,4924.843575475272,0.01976794,0.00023219066,0.02268275,0.01610756,0.023219066,UP,0.02922283076810956,57.233923331087844,35.78343472793122,0.9941678590192871,0.007351394246165675,0.004330888856202364,36.667545318603516
2026-02-17,gold,4882.899545073509,5023.091373682022,-0.028088976,0.00021729244,0.015984595,0.015618646,0.021729244,UP,0.029813632889585016,57.233923331087844,35.78343472793122,0.9941678590192871,0.007351394246165675,0.004330888856202364,36.667545318603516
2026-02-18,gold,4986.500333728676,4883.906330815691,0.020994976,0.00020612382,0.014963815,0.015247342,0.020612381,UP,0.029644284131110928,57.233923331087844,35.78343472793122,0.9941678590192871,0.007351394246165675,0.004330888856202364,36.667545318603516
2026-02-19,gold,4975.8999972343445,4987.492709994316,-0.0021280218,0.00019907023,0.015687209,0.014963866,0.019907024,UP,0.02964561799628075,57.233923331087844,35.78343472793122,0.9941678590192871,0.007351394246165675,0.004330888856202364,36.667545318603516
2026-02-20,gold,5059.300095351879,4976.857284360216,0.016621858,0.00019228639,0.015055578,0.0147188045,0.01922864,UP,0.02965624494554902,57.233923331087844,35.78343472793122,0.9941678590192871,0.007351394246165675,0.004330888856202364,36.667545318603516
2026-02-23,gold,5204.700104178628,5060.2605677352985,0.028334007,0.00018984725,0.010178543,0.014548095,0.018984726,UP,0.029961289236959242,57.233923331087844,35.78343472793122,0.9941678590192871,0.007351394246165675,0.004330888856202364,36.667545318603516
2026-02-24,gold,5155.799537909799,5205.6997380274115,-0.009439845,0.00019198508,0.020365223,0.01447762,0.019198507,UP,0.030078603285849808,57.233923331087844,35.78343472793122,0.9941678590192871,0.007351394246165675,0.004330888856202364,36.667545318603516
2026-02-25,gold,5206.400176801719,5156.762913023704,0.009766363,0.00018672159,0.019569742,0.014386107,0.018672159,UP,0.029849370299422567,57.233923331087844,35.78343472793122,0.9941678590192871,0.007351394246165675,0.004330888856202364,36.667545318603516
2026-02-26,gold,5176.50002917106,5207.3426715673995,-0.0057594674,0.00018098047,0.019851768,0.014295051,0.018098047,UP,0.029875032950419086,57.233923331087844,35.78343472793122,0.9941678590192871,0.007351394246165675,0.004330888856202364,36.667545318603516
2026-02-27,gold,5230.500039339066,5177.3725608587265,0.010377724,0.00016856974,0.020979267,0.01413876,0.016856974,UP,0.029887900304313902,57.233923331087844,35.78343472793122,0.9941678590192871,0.007351394246165675,0.004330888856202364,36.667545318603516
2026-03-02,gold,5294.400005936623,5231.316816687584,0.0121427635,0.0001561187,0.01919878,0.013972805,0.015611869,UP,0.029891889766638324,57.233923331087844,35.78343472793122,0.9941678590192871,0.007351394246165675,0.004330888856202364,36.667545318603516
2026-03-03,gold,5107.399889294436,5295.170526299567,-0.035959188,0.00014555213,0.016522478,0.013821791,0.014555213,UP,0.03073187012990561,57.233923331087844,35.78343472793122,0.9941678590192871,0.007351394246165675,0.004330888856202364,36.667545318603516
2026-03-04,gold,5120.19974567258,5108.134174857405,0.0025030896,0.00014377316,0.01819669,0.01380583,0.0143773155,UP,0.03008305823263834,57.233923331087844,35.78343472793122,0.9941678590192871,0.007351394246165675,0.004330888856202364,36.667545318603516
2026-03-05,gold,5065.299977473333,5120.922879818827,-0.010780212,0.0001410965,0.018070294,0.013761438,0.014109651,UP,0.030090051877552076,57.233923331087844,35.78343472793122,0.9941678590192871,0.007351394246165675,0.004330888856202364,36.667545318603516
2026-03-06,gold,5146.100214334088,5065.99964457436,0.015825838,0.00013814517,0.01705137,0.013715341,0.013814517,UP,0.030090301278898515,57.233923331087844,35.78343472793122,0.9941678590192871,0.007351394246165675,0.004330888856202364,36.667545318603516
2026-03-09,gold,5091.499749178678,5146.808647348022,-0.010666683,0.00013758385,0.017157106,0.013684401,0.013758385,UP,0.030092036623853905,57.233923331087844,35.78343472793122,0.9941678590192871,0.007351394246165675,0.004330888856202364,36.667545318603516
2026-03-10,gold,5229.700413286686,5092.1992111206055,0.02678147,0.00013730586,0.005853318,0.01366641,0.0137305865,UP,0.030256244299680556,57.233923331087844,35.78343472793122,0.9941678590192871,0.007351394246165675,0.004330888856202364,36.667545318603516
2026-03-11,gold,5167.4000157036935,5230.447686497471,-0.011984311,0.00014291935,0.0084954575,0.013708246,0.014291935,UP,0.030353697893260253,57.233923331087844,35.78343472793122,0.9941678590192871,0.007351394246165675,0.004330888856202364,36.667545318603516
2026-03-12,gold,5115.79987284902,5168.161280903732,-0.01003589,0.00014729405,0.023776807,0.013749882,0.014729405,UP,0.02931910749622412,57.233923331087844,35.78343472793122,0.9941678590192871,0.007351394246165675,0.004330888856202364,36.667545318603516
2026-03-13,gold,5052.499724802095,5116.531015868881,-0.012450582,0.00014284991,0.024449898,0.013685341,0.014284991,UP,0.029384575830141618,57.233923331087844,35.78343472793122,0.9941678590192871,0.007351394246165675,0.004330888856202364,36.667545318603516
2026-03-16,gold,4994.000229686499,5053.189036846161,-0.011645979,0.0001363772,0.024902366,0.013593468,0.013637721,UP,0.0204840252544168,57.233923331087844,35.78343472793122,0.9941678590192871,0.007351394246165675,0.004330888856202364,36.667545318603516
2026-03-17,gold,5001.000499486923,4994.5905685424805,0.0014007005,0.0001182135,0.024255082,0.013342828,0.01182135,UP,0.0200786590886899,57.233923331087844,35.78343472793122,0.9941678590192871,0.007351394246165675,0.004330888856202364,36.667545318603516
2026-03-18,gold,4889.900058567524,5001.482298016548,-0.02246606,9.6378324e-05,0.036150124,0.01303499,0.009637833,UP,0.017343194529812235,57.233923331087844,35.78343472793122,0.9941678590192871,0.007351394246165675,0.004330888856202364,36.667545318603516
2026-03-19,gold,4600.700016689225,4890.24440894631,-0.060963325,7.051072e-05,0.029884215,0.012714475,0.007051072,UP,0.020413888271953885,57.233923331087844,35.78343472793122,0.9941678590192871,0.007351394246165675,0.004330888856202364,36.667545318603516
2026-03-20,gold,4570.39963955991,4600.934381840634,-0.0066078017,5.087562e-05,0.034143016,0.012511329,0.005087562,UP,0.02034671609820382,57.233923331087844,35.78343472793122,0.9941678590192871,0.007351394246165675,0.004330888856202364,36.667545318603516
2026-03-23,gold,4404.100182271912,4570.580787273357,-0.037064757,3.9590348e-05,0.028534338,0.0123667475,0.0039590346,UP,0.020914271264434372,57.233923331087844,35.78343472793122,0.9941678590192871,0.007351394246165675,0.004330888856202364,36.667545318603516
2026-03-24,gold,4399.299671978602,4404.251300433651,-0.0010905544,3.433705e-05,0.02960032,0.012275809,0.0034337048,UP,0.02043424356429409,57.233923331087844,35.78343472793122,0.9941678590192871,0.007351394246165675,0.004330888856202364,36.667545318603516
2026-03-25,gold,4549.799704331206,4399.451891534729,0.03363784,3.4528377e-05,0.02873445,0.0122210095,0.0034528377,UP,0.021585074556482394,57.233923331087844,35.78343472793122,0.9941678590192871,0.007351394246165675,0.004330888856202364,36.667545318603516
2026-03-26,gold,4375.499996562721,4550.040078319726,-0.039062433,5.2740856e-05,0.024023607,0.012311774,0.0052740853,UP,0.022284357536864235,57.233923331087844,35.78343472793122,0.9941678590192871,0.007351394246165675,0.004330888856202364,36.667545318603516
2026-03-27,gold,4491.999936640263,4375.82287055254,0.02627724,7.3702744e-05,0.02295663,0.012446749,0.0073702745,UP,0.022496438777401064,57.233923331087844,35.78343472793122,0.9941678590192871,0.007351394246165675,0.004330888856202364,36.667545318603516
2026-03-30,gold,4525.999747753143,4492.4856877326965,0.0075405105,0.00010811043,0.023171857,0.01269988,0.010811043,UP,0.022175316090690445,57.233923331087844,35.78343472793122,0.9941678590192871,0.007351394246165675,0.004330888856202364,36.667545318603516
2026-03-31,gold,4647.600187063217,4526.561662435532,0.02651243,0.00012400876,0.02179338,0.012789584,0.012400876,UP,0.02233554856880874,57.233923331087844,35.78343472793122,0.9941678590192871,0.007351394246165675,0.004330888856202364,36.667545318603516
2026-04-01,gold,4783.200125253352,4648.230037845497,0.028758839,0.00013554712,0.01765087,0.0128422445,0.013554712,UP,0.022658427023197626,57.233923331087844,35.78343472793122,0.9941678590192871,0.007351394246165675,0.004330888856202364,36.667545318603516
2026-04-02,gold,4651.499807845161,4783.862199714989,-0.027920071,0.00013835008,0.009969652,0.012823378,0.013835008,UP,0.023165871983692823,57.233923331087844,35.78343472793122,0.9941678590192871,0.007351394246165675,0.004330888856202364,36.667545318603516
2026-04-06,gold,4656.799375712872,4652.160411894321,0.0011387267,0.00014194631,0.010686521,0.012838406,0.014194631,UP,0.022904115138054387,57.233923331087844,35.78343472793122,0.9941678590192871,0.007351394246165675,0.004330888856202364,36.667545318603516
2026-04-07,gold,4657.100687205093,4657.457638236112,6.448274e-05,0.00014128683,0.011941929,0.012820956,0.014128683,UP,0.022140943739445453,57.233923331087844,35.78343472793122,0.9941678590192871,0.007351394246165675,0.004330888856202364,36.667545318603516
2026-04-08,gold,4749.500304204645,4657.699125648185,0.019646391,0.00012859268,0.010487558,0.01269664,0.012859268,UP,0.022510989409179685,57.233923331087844,35.78343472793122,0.9941678590192871,0.007351394246165675,0.004330888856202364,36.667545318603516
2026-04-09,gold,4792.1999379992485,4750.044103324413,0.0089502875,0.00011451362,0.009888087,0.012560387,0.011451362,UP,0.02249596720002618,57.233923331087844,35.78343472793122,0.9941678590192871,0.007351394246165675,0.004330888856202364,36.667545318603516
2026-04-10,gold,4761.899780945852,4792.689777799533,-0.0063429093,0.00010211705,0.011139252,0.012448648,0.010211704,UP,0.02249908776060765,57.233923331087844,35.78343472793122,0.9941678590192871,0.007351394246165675,0.004330888856202364,36.667545318603516
2026-04-13,gold,4742.3995531266555,4762.329623010883,-0.0041034115,9.022633e-05,0.012588815,0.01235083,0.009022633,UP,0.02236639595191005,57.233923331087844,35.78343472793122,0.9941678590192871,0.007351394246165675,0.004330888856202364,36.667545318603516
2026-04-14,gold,4824.999759499042,4742.752107994456,0.017267417,7.420036e-05,0.013683031,0.012226097,0.007420036,UP,0.02250823440284996,57.233923331087844,35.78343472793122,0.9941678590192871,0.007351394246165675,0.004330888856202364,36.667545318603516
2026-04-15,gold,4800.000166893005,4825.264585018158,-0.0051948167,5.47948e-05,0.014794334,0.012072879,0.00547948,UP,0.02166547490811922,57.233923331087844,35.78343472793122,0.9941678590192871,0.007351394246165675,0.004330888856202364,36.667545318603516
2026-04-16,gold,4785.399627685547,4800.174522399902,-0.0030463221,3.637196e-05,0.014855679,0.011932715,0.003637196,UP,0.021650787332136014,57.233923331087844,35.78343472793122,0.9941678590192871,0.007351394246165675,0.004330888856202364,36.667545318603516
2026-04-17,gold,4857.600123553304,4785.501444957568,0.014974914,2.11476e-05,0.011932197,0.011825589,0.00211476,UP,0.021805433031474596,57.233923331087844,35.78343472793122,0.9941678590192871,0.007351394246165675,0.004330888856202364,36.667545318603516
2026-04-20,gold,4806.600151562598,4857.647581482888,-0.010554516,9.738782e-06,0.011875904,0.011745457,0.0009738782,UP,0.021623561469182737,57.233923331087844,35.78343472793122,0.9941678590192871,0.007351394246165675,0.004330888856202364,36.667545318603516
2026-04-21,gold,4698.39984287729,4806.608119535609,-0.02276799,1.5858386e-06,0.010258027,0.0116939265,0.00015858386,UP,0.02189359557002918,57.233923331087844,35.78343472793122,0.9941678590192871,0.007351394246165675,0.004330888856202364,36.667545318603516
2026-04-22,gold,4732.500039250182,4698.395421600435,0.0072315997,-9.652576e-07,0.007923577,0.011686953,-9.6525764e-05,DOWN,0.021258838684001715,57.233923331087844,35.78343472793122,0.9941678590192871,0.007351394246165675,0.004330888856202364,36.667545318603516
2026-04-23,gold,4705.099976062775,4732.492101788521,-0.0058065564,-1.6287377e-06,0.013215202,0.011683148,-0.00016287377,DOWN,0.021200663558828534,57.233923331087844,35.78343472793122,0.9941678590192871,0.007351394246165675,0.004330888856202364,36.667545318603516
2026-04-24,gold,4722.2998397939955,4705.073735749174,0.00364888,-5.5531273e-06,0.013164735,0.011656609,-0.0005553127,DOWN,0.021189730450110755,57.233923331087844,35.78343472793122,0.9941678590192871,0.007351394246165675,0.004330888856202364,36.667545318603516
2026-04-27,gold,4675.399980386719,4722.255050798121,-0.009981228,-9.431125e-06,0.016001051,0.01162848,-0.00094311254,DOWN,0.021154940070765724,57.233923331087844,35.78343472793122,0.9941678590192871,0.007351394246165675,0.004330888856202364,36.667545318603516
2026-04-28,gold,4591.499611747335,4675.339708424872,-0.018107932,-1.2828154e-05,0.015637059,0.011605446,-0.0012828154,DOWN,0.021282117236339135,57.233923331087844,35.78343472793122,0.9941678590192871,0.007351394246165675,0.004330888856202364,36.667545318603516
2026-04-29,gold,4545.19998344779,4591.410508364439,-0.010134994,-1.9472296e-05,0.019087771,0.011555429,-0.0019472296,DOWN,0.02131138350685012,57.233923331087844,35.78343472793122,0.9941678590192871,0.007351394246165675,0.004330888856202364,36.667545318603516
2026-04-30,gold,4614.700198632781,4545.078283543116,0.015175129,-2.6775262e-05,0.018374449,0.011493799,-0.0026775263,DOWN,0.02124277522050778,57.233923331087844,35.78343472793122,0.9941678590192871,0.007351394246165675,0.004330888856202364,36.667545318603516
2026-05-01,gold,4629.899326288258,4614.567892623309,0.0032883459,-2.8641633e-05,0.018375453,0.011449917,-0.0028641634,DOWN,0.01827270423412865,57.233923331087844,35.78343472793122,0.9941678590192871,0.007351394246165675,0.004330888856202364,36.667545318603516
2026-05-04,gold,4519.500136629795,4629.742327162967,-0.02413388,-3.4094846e-05,0.010853443,0.011371355,-0.0034094846,DOWN,0.018764421400621036,57.233923331087844,35.78343472793122,0.9941678590192871,0.007351394246165675,0.004330888856202364,36.667545318603516
2026-05-05,gold,4555.79992389679,4519.329211056232,0.007999735,-3.7737715e-05,0.013384452,0.0113217775,-0.0037737715,DOWN,0.017522190849492435,57.233923331087844,35.78343472793122,0.9941678590192871,0.007351394246165675,0.004330888856202364,36.667545318603516
2026-05-06,gold,4681.899634963367,4555.616782124736,0.027302887,-4.0204934e-05,0.0056228624,0.011273892,-0.0040204935,DOWN,0.018163632543150395,57.233923331087844,35.78343472793122,0.9941678590192871,0.007351394246165675,0.004330888856202364,36.667545318603516
2026-05-07,gold,4699.799560042389,4681.739162066951,0.0038159234,-3.4344586e-05,0.0056429724,0.011303734,-0.0034344587,DOWN,0.017137446084947248,57.233923331087844,35.78343472793122,0.9941678590192871,0.007351394246165675,0.004330888856202364,36.667545318603516
2026-05-08,gold,4720.399997117347,4699.654697400401,0.004373608,-3.0886848e-05,0.011857027,0.011322404,-0.0030886848,DOWN,0.015428821993422014,57.233923331087844,35.78343472793122,0.9941678590192871,0.007351394246165675,0.004330888856202364,36.667545318603516
2026-05-11,gold,4718.699938761594,4720.245999649371,-0.00036014174,-3.2645272e-05,0.011806264,0.01129862,-0.0032645273,DOWN,0.014754558245977233,57.233923331087844,35.78343472793122,0.9941678590192871,0.007351394246165675,0.004330888856202364,36.667545318603516
2026-05-12,gold,4677.599909171986,4718.522441236768,-0.008748201,-3.762252e-05,0.011872411,0.011251447,-0.0037622522,DOWN,0.01483222546466558,57.233923331087844,35.78343472793122,0.9941678590192871,0.007351394246165675,0.004330888856202364,36.667545318603516
2026-05-13,gold,4697.7003873253125,4677.39935683785,0.00428789,-4.2887637e-05,0.012189157,0.011208422,-0.0042887637,DOWN,0.014036765483063126,57.233923331087844,35.78343472793122,0.9941678590192871,0.007351394246165675,0.004330888856202364,36.667545318603516
2026-05-14,gold,4678.1001427190495,4697.449311055243,-0.004181003,-5.340154e-05,0.012848638,0.011105914,-0.0053401543,DOWN,0.012963021900982264,57.233923331087844,35.78343472793122,0.9941678590192871,0.007351394246165675,0.004330888856202364,36.667545318603516
2026-05-15,gold,4555.799622784078,4677.795329367713,-0.026490964,-6.5101834e-05,0.00600311,0.010987277,-0.006510183,DOWN,0.012865719090263513,57.233923331087844,35.78343472793122,0.9941678590192871,0.007351394246165675,0.004330888856202364,36.667545318603516
2026-05-18,gold,4552.499967621174,4555.445164528792,-0.00072457094,-7.787568e-05,0.0061184815,0.010863063,-0.007787568,DOWN,0.012861466452820138,57.233923331087844,35.78343472793122,0.9941678590192871,0.007351394246165675,0.004330888856202364,36.667545318603516
2026-05-19,gold,4506.299652904272,4552.096230983734,-0.010200159,-8.866176e-05,0.0066615595,0.010746969,-0.008866176,DOWN,0.012975875946230517,57.233923331087844,35.78343472793122,0.9941678590192871,0.007351394246165675,0.004330888856202364,36.667545318603516
2026-05-20,gold,4531.299683131045,4505.859037996561,0.0055324566,-9.784193e-05,0.008738453,0.010645939,-0.009784193,DOWN,0.01243482948030309,57.233923331087844,35.78343472793122,0.9941678590192871,0.007351394246165675,0.004330888856202364,36.667545318603516
2026-05-21,gold,4539.799967494793,4530.82823363191,0.0018740842,-0.00010410705,0.0110721355,0.010563052,-0.010410705,DOWN,0.012295083349467877,57.233923331087844,35.78343472793122,0.9941678590192871,0.007351394246165675,0.004330888856202364,36.667545318603516
2026-05-22,gold,4521.000074670883,4539.308407518547,-0.004149707,-0.00010825548,0.014257032,0.010499722,-0.010825548,DOWN,0.012273406102443728,57.233923331087844,35.78343472793122,0.9941678590192871,0.007351394246165675,0.004330888856202364,36.667545318603516
2026-05-26,gold,4500.399897694588,4520.493122041225,-0.0045669484,-0.00011213112,0.014329024,0.010448395,-0.011213113,DOWN,0.012276857468537745,57.233923331087844,35.78343472793122,0.9941678590192871,0.007351394246165675,0.004330888856202364,36.667545318603516
2026-05-27,gold,4447.499894145643,4499.879775797686,-0.01182412,-0.000115543895,0.014312711,0.01040772,-0.011554389,DOWN,0.0118610277278518,57.233923331087844,35.78343472793122,0.9941678590192871,0.007351394246165675,0.004330888856202364,36.667545318603516
2026-05-28,gold,4499.299970269203,4446.974323242903,0.011579646,-0.00011819313,0.013765994,0.0103657,-0.011819313,DOWN,0.012131723509077834,57.233923331087844,35.78343472793122,0.9941678590192871,0.007351394246165675,0.004330888856202364,36.667545318603516
2026-05-29,gold,4560.499899579794,4498.754060083476,0.013510481,-0.000121315505,0.016335234,0.010303624,-0.01213155,DOWN,0.012462426190824324,57.233923331087844,35.78343472793122,0.9941678590192871,0.007351394246165675,0.004330888856202364,36.667545318603516
2026-06-01,gold,4475.199877411127,4559.936502665281,-0.01888118,-0.0001235682,0.015933342,0.010257098,-0.01235682,DOWN,0.012435932682448709,57.233923331087844,35.78343472793122,0.9941678590192871,0.007351394246165675,0.004330888856202364,36.667545318603516
2026-06-02,gold,4489.100158344372,4474.645103716466,0.0031011708,-0.00012407647,0.0155638615,0.0102456305,-0.0124076465,DOWN,0.012387975829872286,57.233923331087844,35.78343472793122,0.9941678590192871,0.007351394246165675,0.004330888856202364,36.667545318603516
2026-06-03,gold,4436.700288437336,4488.547830665018,-0.011741358,-0.00012304913,0.019447973,0.010248186,-0.012304913,DOWN,0.011924630039042096,57.233923331087844,35.78343472793122,0.9941678590192871,0.007351394246165675,0.004330888856202364,36.667545318603516
2026-06-04,gold,4475.799880902632,4436.159663724946,0.008774162,-0.00012184522,0.015938092,0.010254418,-0.012184522,DOWN,0.011968834572078714,57.233923331087844,35.78343472793122,0.9941678590192871,0.007351394246165675,0.004330888856202364,36.667545318603516
2026-06-05,gold,4337.100083991536,4475.265447437239,-0.031479117,-0.00011935542,0.024425102,0.0102690635,-0.011935542,DOWN,0.013090995177504412,57.233923331087844,35.78343472793122,0.9941678590192871,0.007351394246165675,0.004330888856202364,36.667545318603516
2026-06-08,gold,4335.89957112947,4336.611769790383,-0.0002767659,-0.0001125758,0.028498298,0.010341609,-0.01125758,DOWN,0.013045519584199838,57.233923331087844,35.78343472793122,0.9941678590192871,0.007351394246165675,0.004330888856202364,36.667545318603516
2026-06-09,gold,4260.0000174749,4335.442463944724,-0.017660018,-0.00010545744,0.026848452,0.010405115,-0.010545744,DOWN,0.01326061014973236,57.233923331087844,35.78343472793122,0.9941678590192871,0.007351394246165675,0.004330888856202364,36.667545318603516
2026-06-10,gold,4108.2002556324005,4259.566819667816,-0.036284138,-0.00010169344,0.0155007355,0.010441611,-0.010169344,DOWN,0.0143000456994701,57.233923331087844,35.78343472793122,0.9941678590192871,0.007351394246165675,0.004330888856202364,36.667545318603516
2026-06-11,gold,4090.300113291887,4107.805468397448,-0.004366695,-9.607774e-05,0.024613848,0.010499101,-0.009607774,DOWN,0.014248653463639837,57.233923331087844,35.78343472793122,0.9941678590192871,0.007351394246165675,0.004330888856202364,36.667545318603516
2026-06-12,gold,4215.000298868108,4089.9316656962765,0.03003126,-9.013334e-05,0.021313637,0.010543763,-0.009013334,DOWN,0.015176289536686621,57.233923331087844,35.78343472793122,0.9941678590192871,0.007351394246165675,0.004330888856202364,36.667545318603516
2026-06-15,gold,4328.000341057777,4214.688470363617,0.02645595,-7.395161e-05,0.014552757,0.010670293,-0.0073951613,DOWN,0.01608733906457617,57.233923331087844,35.78343472793122,0.9941678590192871,0.007351394246165675,0.004330888856202364,36.667545318603516
2026-06-16,gold,4330.900086402893,4327.7799525260925,0.0006698085,-5.0851726e-05,0.016780531,0.010868643,-0.0050851726,DOWN,0.015559712560312461,57.233923331087844,35.78343472793122,0.9941678590192871,0.007351394246165675,0.004330888856202364,36.667545318603516
2026-06-17,gold,4358.900021708454,4330.754310396616,0.006444359,-3.36784e-05,0.018027864,0.011033758,-0.0033678398,DOWN,0.015529904589727106,57.233923331087844,35.78343472793122,0.9941678590192871,0.007351394246165675,0.004330888856202364,36.667545318603516
2026-06-18,gold,4224.100508413772,4358.808448984288,-0.031413466,-2.1026266e-05,0.018948842,0.011168015,-0.0021026265,DOWN,0.01543744339184132,57.233923331087844,35.78343472793122,0.9941678590192871,0.007351394246165675,0.004330888856202364,36.667545318603516
2026-06-22,gold,4181.8999246735475,4224.051253115002,-0.010040578,-1.1526339e-05,0.019182518,0.011288319,-0.0011526339,DOWN,0.015423400207660452,57.233923331087844,35.78343472793122,0.9941678590192871,0.007351394246165675,0.004330888856202364,36.667545318603516
2026-06-23,gold,4129.89989161925,4181.859272856469,-0.012512496,-9.74923e-06,0.019237641,0.011326448,-0.000974923,DOWN,0.015422523016536141,57.233923331087844,35.78343472793122,0.9941678590192871,0.007351394246165675,0.004330888856202364,36.667545318603516
2026-06-24,gold,3990.2999070991063,4129.857316453272,-0.034386743,-1.0236603e-05,0.011030627,0.011331872,-0.0010236603,DOWN,0.01630886388565188,57.233923331087844,35.78343472793122,0.9941678590192871,0.007351394246165675,0.004330888856202364,36.667545318603516
2026-06-25,gold,4030.5003117831366,3990.249150978896,0.010024009,-1.2819219e-05,0.011152023,0.011320892,-0.0012819219,DOWN,0.016538133631202722,57.233923331087844,35.78343472793122,0.9941678590192871,0.007351394246165675,0.004330888856202364,36.667545318603516
2026-06-26,gold,4078.699614107609,4030.4284095168114,0.0118878605,-1.7720973e-05,0.010885656,0.011262323,-0.0017720973,DOWN,0.016741651302998328,57.233923331087844,35.78343472793122,0.9941678590192871,0.007351394246165675,0.004330888856202364,36.667545318603516
2026-06-29,gold,4022.3002578155865,4078.619968158964,-0.013924408,-1.965047e-05,0.0065783923,0.011223542,-0.0019650469,DOWN,0.01682648939618736,57.233923331087844,35.78343472793122,0.9941678590192871,0.007351394246165675,0.004330888856202364,36.667545318603516
2026-06-30,gold,4022.8998977376323,4022.209184424966,0.00014912084,-2.2583146e-05,0.0127907125,0.0111839175,-0.0022583148,DOWN,0.01635927265752239,57.233923331087844,35.78343472793122,0.9941678590192871,0.007351394246165675,0.004330888856202364,36.667545318603516
2026-07-01,gold,4068.3000343865133,4022.788163223595,0.011222223,-2.7794129e-05,0.013438457,0.011121266,-0.002779413,DOWN,0.016587745228063822,57.233923331087844,35.78343472793122,0.9941678590192871,0.007351394246165675,0.004330888856202364,36.667545318603516
2026-07-02,gold,4112.699890788819,4068.1763791427074,0.010854561,-3.0349678e-05,0.013146181,0.011082785,-0.003034968,DOWN,0.016746328698559604,57.233923331087844,35.78343472793122,0.9941678590192871,0.007351394246165675,0.004330888856202364,36.667545318603516
2026-07-06,gold,4155.099904333474,4112.574440526951,0.010256724,-3.0632888e-05,0.015693907,0.011069628,-0.0030632888,DOWN,0.016851449544217554,57.233923331087844,35.78343472793122,0.9941678590192871,0.007351394246165675,0.004330888856202364,36.667545318603516
2026-07-07,gold,4145.300062247261,4154.93738289093,-0.0023614038,-3.9137376e-05,0.019036066,0.010983407,-0.003913738,DOWN,0.01682911385866034,57.233923331087844,35.78343472793122,0.9941678590192871,0.007351394246165675,0.004330888856202364,36.667545318603516
2026-07-08,gold,4070.899833524949,4145.095964411565,-0.018111035,-4.917226e-05,0.017426392,0.010884399,-0.004917226,DOWN,0.017051881388968595,57.233923331087844,35.78343472793122,0.9941678590192871,0.007351394246165675,0.004330888856202364,36.667545318603516
2026-07-09,gold,4130.600165603915,4070.6693900282844,0.014558617,-5.66752e-05,0.015554395,0.010814765,-0.0056675198,DOWN,0.017363196327522843,57.233923331087844,35.78343472793122,0.9941678590192871,0.007351394246165675,0.004330888856202364,36.667545318603516
2026-07-10,gold,4104.0997967653675,4130.347247225029,-0.0064362003,-6.116653e-05,0.016779428,0.010761927,-0.006116653,DOWN,0.017294496063404455,57.233923331087844,35.78343472793122,0.9941678590192871,0.007351394246165675,0.004330888856202364,36.667545318603516
2026-07-13,gold,3996.9998020854255,4103.837372094102,-0.026442416,-6.402173e-05,0.011473844,0.010732666,-0.006402173,DOWN,0.017597810384814835,57.233923331087844,35.78343472793122,0.9941678590192871,0.007351394246165675,0.004330888856202364,36.667545318603516
2026-07-14,gold,4061.1003147363663,3996.747942328453,0.015909817,-6.30423e-05,0.01119028,0.0107523,-0.00630423,DOWN,0.017686172784440207,57.233923331087844,35.78343472793122,0.9941678590192871,0.007351394246165675,0.004330888856202364,36.667545318603516
2026-07-15,gold,4044.000222790317,4060.8650569799647,-0.004219596,-5.7870115e-05,0.013213104,0.010800571,-0.0057870112,DOWN,0.017458863086640384,57.233923331087844,35.78343472793122,0.9941678590192871,0.007351394246165675,0.004330888856202364,36.667545318603516
2026-07-16,gold,3985.600301027298,4043.782339811325,-0.014546411,-5.3759344e-05,0.01707586,0.010846556,-0.0053759343,DOWN,0.01753327866999534,57.233923331087844,35.78343472793122,0.9941678590192871,0.007351394246165675,0.004330888856202364,36.667545318603516
2026-07-17,gold,4012.699548813107,3985.397221178806,0.0067764292,-5.088988e-05,0.017003119,0.010888495,-0.005088988,DOWN,0.01757188136106623,57.233923331087844,35.78343472793122,0.9941678590192871,0.007351394246165675,0.004330888856202364,36.667545318603516
2026-07-20,gold,4010.300302826756,4012.504544743293,-0.00059825566,-4.8713933e-05,0.01692205,0.010914183,-0.0048713936,DOWN,0.017433629519855717,57.233923331087844,35.78343472793122,0.9941678590192871,0.007351394246165675,0.004330888856202364,36.667545318603516
2026-07-21,gold,4071.099879969348,4010.101412812437,0.0150471935,-4.9523107e-05,0.016151167,0.01091229,-0.0049523106,DOWN,0.016954490893772354,57.233923331087844,35.78343472793122,0.9941678590192871,0.007351394246165675,0.004330888856202364,36.667545318603516
2026-07-22,gold,4146.90015674266,4070.899906064238,0.018447787,-4.9213006e-05,0.011911611,0.0109180985,-0.0049213003,DOWN,0.017365488864610323,57.233923331087844,35.78343472793122,0.9941678590192871,0.007351394246165675,0.004330888856202364,36.667545318603516
2026-07-23,gold,4046.5999524728977,4146.687826626527,-0.024483997,-5.1099836e-05,0.009254695,0.010904024,-0.0051099835,DOWN,0.017620959945389165,57.233923331087844,35.78343472793122,0.9941678590192871,0.007351394246165675,0.004330888856202364,36.667545318603516
2026-07-24,gold,4067.6000826419913,4046.3919453689887,0.0051761223,-5.1460112e-05,0.011211822,0.010920072,-0.0051460112,DOWN,0.016435341762079888,57.233923331087844,35.78343472793122,0.9941678590192871,0.007351394246165675,0.004330888856202364,36.667545318603516
2026-07-27,gold,4074.5001637208043,4067.3877133318456,0.0016948708,-5.2260468e-05,0.011162067,0.010922014,-0.005226047,DOWN,0.01641969516415345,57.233923331087844,35.78343472793122,0.9941678590192871,0.007351394246165675,0.004330888856202364,36.667545318603516
2026-07-28,gold,4036.3002024888992,4074.2765696048737,-0.009419598,-5.4869684e-05,0.012430592,0.010903032,-0.0054869684,DOWN,0.015452061073211907,57.233923331087844,35.78343472793122,0.9941678590192871,0.007351394246165675,0.004330888856202364,36.667545318603516
2026-07-29,gold,4034.70017699452,4036.061872419814,-0.0003965054,-5.898706e-05,0.018978674,0.010871758,-0.005898706,DOWN,0.014513707270180087,57.233923331087844,35.78343472793122,0.9941678590192871,0.007351394246165675,0.004330888856202364,36.667545318603516
2026-07-30,gold,4100.100352032256,4034.467159893946,0.016079452,-5.766994e-05,0.0191811,0.0108908005,-0.005766994,DOWN,0.014893244628033852,57.233923331087844,35.78343472793122,0.9941678590192871,0.007351394246165675,0.004330888856202364,36.667545318603516
2026-07-31,gold,4049.1003674876993,4099.858156496484,-0.012516729,-5.8994017e-05,0.016645992,0.010871489,-0.005899402,DOWN,0.014935025495496098,57.233923331087844,35.78343472793122,0.9941678590192871,0.007351394246165675,0.004330888856202364,36.667545318603516
2026-08-03,gold,4033.699862168345,4048.835583346663,-0.0038106018,-6.540769e-05,0.014675403,0.0108218575,-0.006540769,DOWN,0.013932626326677897,57.233923331087844,35.78343472793122,0.9941678590192871,0.007351394246165675,0.004330888856202364,36.667545318603516
2026-08-04,gold,4095.399835328426,4033.3842701890535,0.015180313,-7.8273384e-05,0.015462585,0.010710875,-0.007827339,DOWN,0.014160647269482228,57.233923331087844,35.78343472793122,0.9941678590192871,0.007351394246165675,0.004330888856202364,36.667545318603516
2026-08-05,gold,4245.799739303067,4095.040335890284,0.036065847,-8.78236e-05,0.0090470025,0.010620309,-0.008782361,DOWN,0.015522590298283848,57.233923331087844,35.78343472793122,0.9941678590192871,0.007351394246165675,0.004330888856202364,36.667545318603516
2026-08-06,gold,4241.9999678094755,4245.44727902842,-0.0008953569,-8.304685e-05,0.011807648,0.010661799,-0.008304685,DOWN,0.01407034431765283,57.233923331087844,35.78343472793122,0.9941678590192871,0.007351394246165675,0.004330888856202364,36.667545318603516
2026-08-07,gold,4340.700261354446,4241.667764425278,0.023000814,-7.8318146e-05,0.006829843,0.010724193,-0.007831815,DOWN,0.014525795210814861,57.233923331087844,35.78343472793122,0.9941678590192871,0.007351394246165675,0.004330888856202364,36.667545318603516
2026-08-10,gold,4361.79980935622,4340.389465514745,0.004849101,-7.154039e-05,0.007405789,0.010810602,-0.0071540386,DOWN,0.014425159959360416,57.233923331087844,35.78343472793122,0.9941678590192871,0.007351394246165675,0.004330888856202364,36.667545318603516
2026-08-11,gold,4382.99990148982,4361.514862740878,0.00484865,-6.5401895e-05,0.009546103,0.010902329,-0.0065401895,DOWN,0.014102814207628316,57.233923331087844,35.78343472793122,0.9941678590192871,0.007351394246165675,0.004330888856202364,36.667545318603516
2026-08-12,gold,4408.90004324913,4382.717330574989,0.0058917818,-6.4549386e-05,0.016156875,0.010950753,-0.0064549386,DOWN,0.014102398503663394,57.233923331087844,35.78343472793122,0.9941678590192871,0.007351394246165675,0.004330888856202364,36.667545318603516
2026-08-13,gold,4363.600004841923,4408.6053137308045,-0.010327776,-6.6734734e-05,0.014160417,0.010975071,-0.0066734734,DOWN,0.014222606927609871,57.233923331087844,35.78343472793122,0.9941678590192871,0.007351394246165675,0.004330888856202364,36.667545318603516
2026-08-14,gold,4380.399884790648,4363.306715195766,0.0038425948,-6.719475e-05,0.015764512,0.011021505,-0.0067194747,DOWN,0.014135622532390067,57.233923331087844,35.78343472793122,0.9941678590192871,0.007351394246165675,0.004330888856202364,36.667545318603516
2026-08-17,gold,4417.799268413277,4380.078236777801,0.008501768,-7.344506e-05,0.016093848,0.010996707,-0.0073445057,DOWN,0.014104245559877299,57.233923331087844,35.78343472793122,0.9941678590192871,0.007351394246165675,0.004330888856202364,36.667545318603516
2026-08-18,gold,4366.000011195021,4417.444057492248,-0.011794532,-8.0532685e-05,0.012759943,0.010957178,-0.008053268,DOWN,0.014309477985174296,57.233923331087844,35.78343472793122,0.9941678590192871,0.007351394246165675,0.004330888856202364,36.667545318603516
2026-08-19,gold,4489.399782657623,4365.607827544212,0.027871784,-8.976954e-05,0.011889254,0.010899492,-0.008976954,DOWN,0.014591606120940936,57.233923331087844,35.78343472793122,0.9941678590192871,0.007351394246165675,0.004330888856202364,36.667545318603516
2026-08-20,gold,4516.300098024774,4489.0011946049635,0.005973991,-8.886232e-05,0.012548073,0.010921508,-0.008886232,DOWN,0.014445277872965661,57.233923331087844,35.78343472793122,0.9941678590192871,0.007351394246165675,0.004330888856202364,36.667545318603516
