date,asset,actual_price,predicted_price,actual_return,predicted_return,actual_volatility,predicted_volatility,predicted_return_percent,trend,volatility_30,rmse,mae,mape,volatility_rmse,volatility_mae,volatility_mape
2024-01-22,gold,2019.8000861406326,2027.1488775014877,-0.0033116462,0.00032012604,0.0033672343,0.0076773595,0.032012604,UP,0.008621349327871716,57.17006428653708,35.66840964420635,0.9916146979679984,0.008092226833241975,0.004818953573703766,36.59798049926758
2024-01-23,gold,2023.7001859177253,2020.429685727082,0.0019289742,0.00031169946,0.0035265165,0.007641016,0.031169947,UP,0.008629545320509677,57.17006428653708,35.66840964420635,0.9916146979679984,0.008092226833241975,0.004818953573703766,36.59798049926758
2024-01-24,gold,2013.9001441697474,2024.3163291663222,-0.0048543424,0.0003045599,0.0031650495,0.007607258,0.030455988,UP,0.008175440479696332,57.17006428653708,35.66840964420635,0.9916146979679984,0.008092226833241975,0.004818953573703766,36.59798049926758
2024-01-25,gold,2016.9000090009067,2014.487489385574,0.0014885385,0.00029170918,0.0030677777,0.007560492,0.029170917,UP,0.007935094528863602,57.17006428653708,35.66840964420635,0.9916146979679984,0.008092226833241975,0.004818953573703766,36.59798049926758
2024-01-26,gold,2016.8000041949563,2017.4539825506508,-4.957014e-05,0.0002745661,0.006139451,0.0074981293,0.02745661,UP,0.007934925302376938,57.17006428653708,35.66840964420635,0.9916146979679984,0.008092226833241975,0.004818953573703766,36.59798049926758
2024-01-29,gold,2025.1998882420012,2017.309020722314,0.0041563157,0.00025228068,0.0066680103,0.007415521,0.025228068,UP,0.0079554881261284,57.17006428653708,35.66840964420635,0.9916146979679984,0.008092226833241975,0.004818953573703766,36.59798049926758
2024-01-30,gold,2031.5001165778376,2025.6823136213352,0.0031059997,0.00023818317,0.0068295207,0.007325005,0.023818318,UP,0.006637825684197036,57.17006428653708,35.66840964420635,0.9916146979679984,0.008092226833241975,0.004818953573703766,36.59798049926758
2024-01-31,gold,2048.399847507477,2031.9407560825348,0.008284517,0.00021688189,0.005247168,0.0072200946,0.02168819,UP,0.00674746661560605,57.17006428653708,35.66840964420635,0.9916146979679984,0.008092226833241975,0.004818953573703766,36.59798049926758
2024-02-01,gold,2052.9999214840354,2048.8057432934875,0.0022431852,0.00019810862,0.004870695,0.0071222,0.019810863,UP,0.006744212914904097,57.17006428653708,35.66840964420635,0.9916146979679984,0.008092226833241975,0.004818953573703766,36.59798049926758
2024-02-02,gold,2036.099831521511,2053.3800760507584,-0.008265937,0.00018515908,0.0038281307,0.0070407647,0.018515907,UP,0.006841685382472008,57.17006428653708,35.66840964420635,0.9916146979679984,0.008092226833241975,0.004818953573703766,36.59798049926758
2024-02-05,gold,2025.6999433393576,2036.4555633621494,-0.0051209056,0.00017464854,0.0033153717,0.0069745393,0.017464854,UP,0.006896886283673461,57.17006428653708,35.66840964420635,0.9916146979679984,0.008092226833241975,0.004818953573703766,36.59798049926758
2024-02-06,gold,2034.50004740007,2026.046478203527,0.004334793,0.0001710568,0.005042542,0.006924112,0.01710568,UP,0.006932098642656592,57.17006428653708,35.66840964420635,0.9916146979679984,0.008092226833241975,0.004818953573703766,36.59798049926758
2024-02-07,gold,2035.1999453306198,2034.8562784790993,0.00034398172,0.00017506086,0.004720173,0.0068924194,0.017506087,UP,0.006727394929929816,57.17006428653708,35.66840964420635,0.9916146979679984,0.008092226833241975,0.004818953573703766,36.59798049926758
2024-02-08,gold,2032.1998986010294,2035.562660208583,-0.0014751442,0.00017816332,0.006649938,0.006871958,0.017816331,UP,0.006728438666639402,57.17006428653708,35.66840964420635,0.9916146979679984,0.008092226833241975,0.004818953573703766,36.59798049926758
2024-02-09,gold,2023.3000305049209,2032.5638213547063,-0.00438906,0.00017906957,0.0073698075,0.006856555,0.017906956,UP,0.0063741880303370135,57.17006428653708,35.66840964420635,0.9916146979679984,0.008092226833241975,0.004818953573703766,36.59798049926758
2024-02-12,gold,2018.1999559959804,2023.657019146951,-0.002523865,0.00017643806,0.0083107175,0.0068351217,0.017643806,UP,0.0063579184755935,57.17006428653708,35.66840964420635,0.9916146979679984,0.008092226833241975,0.004818953573703766,36.59798049926758
2024-02-13,gold,1992.9000587981573,2018.547841683554,-0.012615124,0.00017232502,0.004611391,0.0068055983,0.017232502,UP,0.0066556501182598714,57.17006428653708,35.66840964420635,0.9916146979679984,0.008092226833241975,0.004818953573703766,36.59798049926758
2024-02-14,gold,1990.3001530865222,1993.232625488541,-0.0013054709,0.00016682287,0.004607052,0.006778037,0.016682286,UP,0.006643962055952359,57.17006428653708,35.66840964420635,0.9916146979679984,0.008092226833241975,0.004818953573703766,36.59798049926758
2024-02-15,gold,2002.1000498090289,1990.6227254946716,0.005911212,0.00016212971,0.0053487616,0.0067471643,0.016212972,UP,0.006259809568834447,57.17006428653708,35.66840964420635,0.9916146979679984,0.008092226833241975,0.004818953573703766,36.59798049926758
2024-02-16,gold,2011.499950830752,2002.4195532640588,0.0046840953,0.0001595769,0.0064861327,0.0067149433,0.01595769,UP,0.00627878506313903,57.17006428653708,35.66840964420635,0.9916146979679984,0.008092226833241975,0.004818953573703766,36.59798049926758
2024-02-20,gold,2027.4999534487724,2011.8227566480637,0.007922795,0.00016043152,0.00558921,0.0066877883,0.016043153,UP,0.006465188653262687,57.17006428653708,35.66840964420635,0.9916146979679984,0.008092226833241975,0.004818953573703766,36.59798049926758
2024-02-21,gold,2022.299892604351,2027.8340250253677,-0.0025680051,0.00016474565,0.0053638555,0.006672454,0.016474565,UP,0.006325418650545638,57.17006428653708,35.66840964420635,0.9916146979679984,0.008092226833241975,0.004818953573703766,36.59798049926758
2024-02-22,gold,2019.7000338999496,2022.637556561036,-0.0012865402,0.0001669277,0.0055914493,0.0066624074,0.016692769,UP,0.006329435551960815,57.17006428653708,35.66840964420635,0.9916146979679984,0.008092226833241975,0.004818953573703766,36.59798049926758
2024-02-23,gold,2038.6001603802433,2020.0406364716182,0.009314325,0.00016864612,0.009472953,0.006653436,0.016864613,UP,0.0065431224962291265,57.17006428653708,35.66840964420635,0.9916146979679984,0.008092226833241975,0.004818953573703766,36.59798049926758
2024-02-26,gold,2028.4999405997587,2038.9518686252413,-0.0049666823,0.00017268414,0.008488367,0.00664243,0.017268414,UP,0.0065743114128108664,57.17006428653708,35.66840964420635,0.9916146979679984,0.008092226833241975,0.004818953573703766,36.59798049926758
2024-02-27,gold,2033.99986410141,2028.8545023202896,0.0027076942,0.00017482239,0.007910771,0.006637177,0.017482238,UP,0.005880746603425781,57.17006428653708,35.66840964420635,0.9916146979679984,0.008092226833241975,0.004818953573703766,36.59798049926758
2024-02-28,gold,2033.0000467300415,2034.361525297165,-0.000491763,0.00017770819,0.0058836346,0.0066299876,0.01777082,UP,0.0055753418155579165,57.17006428653708,35.66840964420635,0.9916146979679984,0.008092226833241975,0.004818953573703766,36.59798049926758
2024-02-29,gold,2045.6997549533844,2033.368618130684,0.006227471,0.00018127693,0.0065303957,0.0066201244,0.018127693,UP,0.005225559350344963,57.17006428653708,35.66840964420635,0.9916146979679984,0.008092226833241975,0.004818953573703766,36.59798049926758
2024-03-01,gold,2086.8997226417996,2046.0820898799284,0.01993966,0.00018668674,0.004019141,0.006606602,0.018668674,UP,0.006190004456056757,57.17006428653708,35.66840964420635,0.9916146979679984,0.008092226833241975,0.004818953573703766,36.59798049926758
2024-03-04,gold,2117.6998446476064,2087.291727464937,0.014650907,0.00018765936,0.0032141665,0.006612531,0.018765936,UP,0.006657327641236624,57.17006428653708,35.66840964420635,0.9916146979679984,0.008092226833241975,0.004818953573703766,36.59798049926758
2024-03-05,gold,2133.500008445262,2118.087966063613,0.0074332524,0.00018320243,0.0077451034,0.0066450466,0.018320242,UP,0.006680053087257469,57.17006428653708,35.66840964420635,0.9916146979679984,0.008092226833241975,0.004818953573703766,36.59798049926758
2024-03-06,gold,2150.299967586994,2133.922192811966,0.007843566,0.0001978306,0.007595423,0.006717217,0.01978306,UP,0.00677010542596946,57.17006428653708,35.66840964420635,0.9916146979679984,0.008092226833241975,0.004818953573703766,36.59798049926758
2024-03-07,gold,2158.000118156284,2150.7891374222236,0.0035744768,0.00022740876,0.0083145425,0.0068146875,0.022740876,UP,0.0066481019043282946,57.17006428653708,35.66840964420635,0.9916146979679984,0.008092226833241975,0.004818953573703766,36.59798049926758
2024-03-08,gold,2178.6001002788544,2158.5402326583862,0.009500647,0.00025028115,0.006614218,0.0069298795,0.025028115,UP,0.006774596710216626,57.17006428653708,35.66840964420635,0.9916146979679984,0.008092226833241975,0.004818953573703766,36.59798049926758
2024-03-11,gold,2182.4998935540207,2179.19872775377,0.0017884953,0.00027480721,0.0065845186,0.007049519,0.027480721,UP,0.006758128964745835,57.17006428653708,35.66840964420635,0.9916146979679984,0.008092226833241975,0.004818953573703766,36.59798049926758
2024-03-12,gold,2160.399886518717,2183.1621435284615,-0.010177664,0.0003033155,0.004832899,0.0071744574,0.03033155,UP,0.007141026862191906,57.17006428653708,35.66840964420635,0.9916146979679984,0.008092226833241975,0.004818953573703766,36.59798049926758
2024-03-13,gold,2175.4000468149316,2161.117923131911,0.006919166,0.00033225844,0.002905892,0.0073086033,0.033225846,UP,0.00719232645399242,57.17006428653708,35.66840964420635,0.9916146979679984,0.008092226833241975,0.004818953573703766,36.59798049926758
2024-03-14,gold,2163.000010248361,2176.1802199251833,-0.0057163634,0.00035860308,0.005604882,0.0074335514,0.035860308,UP,0.007243609392379162,57.17006428653708,35.66840964420635,0.9916146979679984,0.008092226833241975,0.004818953573703766,36.59798049926758
2024-03-15,gold,2157.3001036047935,2163.822798371315,-0.0026386846,0.00038034082,0.008062017,0.0075503103,0.03803408,UP,0.00728889067438142,57.17006428653708,35.66840964420635,0.9916146979679984,0.008092226833241975,0.004818953573703766,36.59798049926758
2024-03-18,gold,2160.700096123881,2158.155396933842,0.0015747582,0.00039652188,0.008781958,0.0076524396,0.039652187,UP,0.007044911334899945,57.17006428653708,35.66840964420635,0.9916146979679984,0.008092226833241975,0.004818953573703766,36.59798049926758
2024-03-19,gold,2156.3000463764765,2161.5847230353684,-0.002038408,0.00040939724,0.008617608,0.007736544,0.040939722,UP,0.006959770390612421,57.17006428653708,35.66840964420635,0.9916146979679984,0.008092226833241975,0.004818953573703766,36.59798049926758
2024-03-20,gold,2157.8999342327006,2157.1943292462674,0.00074166874,0.00041468625,0.008864998,0.0077932933,0.041468624,UP,0.006950930337277238,57.17006428653708,35.66840964420635,0.9916146979679984,0.008092226833241975,0.004818953573703766,36.59798049926758
2024-03-21,gold,2182.399860453501,2158.794331784302,0.011289663,0.00041442236,0.009074282,0.007826437,0.041442238,UP,0.007148953743435394,57.17006428653708,35.66840964420635,0.9916146979679984,0.008092226833241975,0.004818953573703766,36.59798049926758
2024-03-22,gold,2158.100219288026,2183.3000640466344,-0.011196894,0.0004124097,0.004287213,0.007842771,0.041240968,UP,0.0075345453556691444,57.17006428653708,35.66840964420635,0.9916146979679984,0.008092226833241975,0.004818953573703766,36.59798049926758
2024-03-25,gold,2174.79997821321,2158.9789168755524,0.0077084787,0.00040714318,0.0046175653,0.007851593,0.040714316,UP,0.007503671321904835,57.17006428653708,35.66840964420635,0.9916146979679984,0.008092226833241975,0.004818953573703766,36.59798049926758
2024-03-26,gold,2175.6001139820437,2175.674261303502,0.00036780472,0.00040180955,0.0030426227,0.007848782,0.040180955,UP,0.0074562454727902586,57.17006428653708,35.66840964420635,0.9916146979679984,0.008092226833241975,0.004818953573703766,36.59798049926758
2024-03-27,gold,2190.59996500588,2176.478522006364,0.0068709906,0.0004036472,0.006643238,0.007837522,0.04036472,UP,0.006927285544243411,57.17006428653708,35.66840964420635,0.9916146979679984,0.008092226833241975,0.004818953573703766,36.59798049926758
2024-03-28,gold,2217.399839117774,2191.465776362864,0.01215977,0.00039508857,0.0073190555,0.0078059086,0.039508857,UP,0.0070646275735456385,57.17006428653708,35.66840964420635,0.9916146979679984,0.008092226833241975,0.004818953573703766,36.59798049926758
2024-04-01,gold,2236.499932377774,2218.249738298182,0.00857685,0.000383155,0.007978118,0.0077709653,0.0383155,UP,0.0071115770764728515,57.17006428653708,35.66840964420635,0.9916146979679984,0.008092226833241975,0.004818953573703766,36.59798049926758
2024-04-02,gold,2261.000004172325,2237.3350274562836,0.01089505,0.0003733781,0.007937867,0.007741825,0.03733781,UP,0.007231928461280187,57.17006428653708,35.66840964420635,0.9916146979679984,0.008092226833241975,0.004818953573703766,36.59798049926758
2024-04-03,gold,2294.399891614914,2261.8420186042786,0.014664135,0.00037227085,0.008409921,0.0077300575,0.037227087,UP,0.007466076967601891,57.17006428653708,35.66840964420635,0.9916146979679984,0.008092226833241975,0.004818953573703766,36.59798049926758
2024-04-04,gold,2288.7998444079712,2295.247248041327,-0.002443645,0.00036918648,0.008328058,0.0077142245,0.036918648,UP,0.0074622589005385416,57.17006428653708,35.66840964420635,0.9916146979679984,0.008092226833241975,0.004818953573703766,36.59798049926758
2024-04-05,gold,2325.7000455145317,2289.651329058688,0.015993364,0.0003718103,0.006117029,0.0077164755,0.03718103,UP,0.007697165674530724,57.17006428653708,35.66840964420635,0.9916146979679984,0.008092226833241975,0.004818953573703766,36.59798049926758
2024-04-08,gold,2331.699811058439,2326.5882442764705,0.0025765465,0.00038187142,0.0061514215,0.007734884,0.038187142,UP,0.007656374342372216,57.17006428653708,35.66840964420635,0.9916146979679984,0.008092226833241975,0.004818953573703766,36.59798049926758
2024-04-09,gold,2343.5001995595812,2332.624447111797,0.0050479444,0.0003963756,0.007047593,0.007772737,0.039637562,UP,0.007444613803574873,57.17006428653708,35.66840964420635,0.9916146979679984,0.008092226833241975,0.004818953573703766,36.59798049926758
2024-04-10,gold,2329.5999567210674,2344.468565285206,-0.0059489175,0.00041318606,0.0077994647,0.007822953,0.041318607,UP,0.007693293747409777,57.17006428653708,35.66840964420635,0.9916146979679984,0.008092226833241975,0.004818953573703766,36.59798049926758
2024-04-11,gold,2354.800333697989,2330.6117950863554,0.010759198,0.00043425395,0.006794259,0.00789491,0.043425396,UP,0.0077141754839918615,57.17006428653708,35.66840964420635,0.9916146979679984,0.008092226833241975,0.004818953573703766,36.59798049926758
2024-04-12,gold,2356.1999697498686,2355.8765871748037,0.0005943122,0.0004570699,0.006956952,0.007975048,0.04570699,UP,0.007750068616230912,57.17006428653708,35.66840964420635,0.9916146979679984,0.008092226833241975,0.004818953573703766,36.59798049926758
2024-04-15,gold,2365.800180212391,2357.3313395265723,0.004066121,0.00047998427,0.015673183,0.008062833,0.04799843,UP,0.007184425421477121,57.17006428653708,35.66840964420635,0.9916146979679984,0.008092226833241975,0.004818953573703766,36.59798049926758
2024-04-16,gold,2390.799903336563,2366.9794788127183,0.010511807,0.0004984391,0.013907411,0.008142403,0.04984391,UP,0.007010968106090772,57.17006428653708,35.66840964420635,0.9916146979679984,0.008092226833241975,0.004818953573703766,36.59798049926758
2024-04-17,gold,2371.6998301896674,2392.018732668017,-0.008021081,0.0005096048,0.013905806,0.008200972,0.05096048,UP,0.007314557107497906,57.17006428653708,35.66840964420635,0.9916146979679984,0.008092226833241975,0.004818953573703766,36.59798049926758
2024-04-18,gold,2382.300014325301,2372.9281244978774,0.0044594514,0.00051766186,0.013604123,0.008258852,0.051766187,UP,0.007271595763009374,57.17006428653708,35.66840964420635,0.9916146979679984,0.008092226833241975,0.004818953573703766,36.59798049926758
2024-04-19,gold,2398.3998560986656,2383.5433671014034,0.00673538,0.0005217365,0.012790382,0.008308935,0.05217365,UP,0.007296712449951984,57.17006428653708,35.66840964420635,0.9916146979679984,0.008092226833241975,0.004818953573703766,36.59798049926758
2024-04-22,gold,2332.1997994674894,2399.6527667489136,-0.027989803,0.0005222761,0.002718117,0.008340385,0.05222761,UP,0.009158918712067863,57.17006428653708,35.66840964420635,0.9916146979679984,0.008092226833241975,0.004818953573703766,36.59798049926758
2024-04-23,gold,2327.699782072348,2333.444646260905,-0.0019313726,0.0005335941,0.011460224,0.008424104,0.05335941,UP,0.009191378797459852,57.17006428653708,35.66840964420635,0.9916146979679984,0.008092226833241975,0.004818953573703766,36.59798049926758
2024-04-24,gold,2324.5000119403703,2328.9602810356882,-0.0013756724,0.0005412224,0.011873651,0.008514725,0.05412224,UP,0.008921933197535994,57.17006428653708,35.66840964420635,0.9916146979679984,0.008092226833241975,0.004818953573703766,36.59798049926758
2024-04-25,gold,2329.7998527288437,2325.7325496673584,0.0022774858,0.0005300339,0.01168887,0.008593927,0.05300339,UP,0.008882062668693222,57.17006428653708,35.66840964420635,0.9916146979679984,0.008092226833241975,0.004818953573703766,36.59798049926758
2024-04-26,gold,2334.800090584642,2330.9970815432607,0.0021438075,0.0005136691,0.011501496,0.008642946,0.05136691,UP,0.0087521300067111,57.17006428653708,35.66840964420635,0.9916146979679984,0.008092226833241975,0.004818953573703766,36.59798049926758
2024-04-29,gold,2345.3999630283797,2335.962910962582,0.0045296666,0.000497955,0.012562478,0.00866306,0.0497955,UP,0.008702365784891548,57.17006428653708,35.66840964420635,0.9916146979679984,0.008092226833241975,0.004818953573703766,36.59798049926758
2024-04-30,gold,2291.4000610185903,2346.5375681165024,-0.02329298,0.0004848814,0.0048931446,0.008658608,0.04848814,UP,0.0099007927974694,57.17006428653708,35.66840964420635,0.9916146979679984,0.008092226833241975,0.004818953573703766,36.59798049926758
2024-05-01,gold,2299.8999755574623,2292.480234934541,0.0037026594,0.00047137923,0.0049203513,0.008662796,0.047137924,UP,0.009875415886797688,57.17006428653708,35.66840964420635,0.9916146979679984,0.008092226833241975,0.004818953573703766,36.59798049926758
2024-05-02,gold,2299.199947780289,2300.9581963566598,-0.00030438614,0.00046006477,0.005631604,0.008626419,0.04600648,UP,0.009882583393801289,57.17006428653708,35.66840964420635,0.9916146979679984,0.008092226833241975,0.004818953573703766,36.59798049926758
2024-05-03,gold,2299.00000544019,2300.238188912277,-8.696932e-05,0.00045140312,0.0074202074,0.008563839,0.04514031,UP,0.009735381165865566,57.17006428653708,35.66840964420635,0.9916146979679984,0.008092226833241975,0.004818953573703766,36.59798049926758
2024-05-06,gold,2321.6002616882324,2300.023896217346,0.0097824,0.00044527507,0.01077291,0.008482504,0.04452751,UP,0.009526402608488744,57.17006428653708,35.66840964420635,0.9916146979679984,0.008092226833241975,0.004818953573703766,36.59798049926758
2024-05-07,gold,2315.1999698807776,2322.609427876014,-0.0027605896,0.00043474053,0.010784582,0.008391415,0.043474052,UP,0.009519401338955654,57.17006428653708,35.66840964420635,0.9916146979679984,0.008092226833241975,0.004818953573703766,36.59798049926758
2024-05-08,gold,2313.600155768756,2316.175311640196,-0.0006912606,0.00042130274,0.01157457,0.008301779,0.042130273,UP,0.009528125561286606,57.17006428653708,35.66840964420635,0.9916146979679984,0.008092226833241975,0.004818953573703766,36.59798049926758
2024-05-09,gold,2332.0998344600666,2314.5295524989488,0.007964396,0.00040178056,0.0123205315,0.008213374,0.040178057,UP,0.009549353289053604,57.17006428653708,35.66840964420635,0.9916146979679984,0.008092226833241975,0.004818953573703766,36.59798049926758
2024-05-10,gold,2367.3000800448353,2332.954972243344,0.014980895,0.0003665638,0.011993952,0.008094957,0.03665638,UP,0.009667204380515118,57.17006428653708,35.66840964420635,0.9916146979679984,0.008092226833241975,0.004818953573703766,36.59798049926758
2024-05-13,gold,2336.100121641357,2368.1190052916645,-0.013267172,0.00034583829,0.007311225,0.007995065,0.03458383,UP,0.009984450906716619,57.17006428653708,35.66840964420635,0.9916146979679984,0.008092226833241975,0.004818953573703766,36.59798049926758
2024-05-14,gold,2353.3998539646273,2336.8901591273607,0.007378136,0.00033822237,0.00945166,0.007939317,0.03382224,UP,0.009889155190227124,57.17006428653708,35.66840964420635,0.9916146979679984,0.008092226833241975,0.004818953573703766,36.59798049926758
2024-05-15,gold,2388.7000255718594,2354.2005838538753,0.014888216,0.00034018644,0.010976244,0.007911975,0.034018643,UP,0.009899853442331037,57.17006428653708,35.66840964420635,0.9916146979679984,0.008092226833241975,0.004818953573703766,36.59798049926758
2024-05-16,gold,2379.999967186668,2389.5385553069355,-0.0036487766,0.0003510401,0.015184546,0.007914503,0.03510401,UP,0.009918302283212537,57.17006428653708,35.66840964420635,0.9916146979679984,0.008092226833241975,0.004818953573703766,36.59798049926758
2024-05-17,gold,2412.2000193595886,2380.866758823395,0.013438687,0.00036412553,0.012144277,0.007941158,0.036412552,UP,0.00979570268686767,57.17006428653708,35.66840964420635,0.9916146979679984,0.008092226833241975,0.004818953573703766,36.59798049926758
2024-05-20,gold,2433.9001256364863,2413.1175444178807,0.008955696,0.0003803503,0.01238167,0.007982574,0.03803503,UP,0.009894944334557478,57.17006428653708,35.66840964420635,0.9916146979679984,0.008092226833241975,0.004818953573703766,36.59798049926758
2024-05-21,gold,2421.6998043008207,2434.8861000261386,-0.0050251163,0.00040515646,0.012354417,0.0080508115,0.040515646,UP,0.0099400060715258,57.17006428653708,35.66840964420635,0.9916146979679984,0.008092226833241975,0.004818953573703766,36.59798049926758
2024-05-22,gold,2389.199906217691,2422.7432736901683,-0.013511192,0.0004308384,0.012108016,0.008138278,0.04308384,UP,0.010214054926912661,57.17006428653708,35.66840964420635,0.9916146979679984,0.008092226833241975,0.004818953573703766,36.59798049926758
2024-05-23,gold,2334.9998316636047,2390.282247521216,-0.022946673,0.00045286675,0.00715115,0.008231731,0.045286674,UP,0.010900057671972085,57.17006428653708,35.66840964420635,0.9916146979679984,0.008092226833241975,0.004818953573703766,36.59798049926758
2024-05-24,gold,2332.49982714653,2336.115919947624,-0.0010712373,0.00047767983,0.008726227,0.008350867,0.047767982,UP,0.010899987819650134,57.17006428653708,35.66840964420635,0.9916146979679984,0.008092226833241975,0.004818953573703766,36.59798049926758
2024-05-28,gold,2355.1999086141586,2333.621120452881,0.009684975,0.00048060692,0.008176629,0.008458677,0.048060693,UP,0.011026121091310289,57.17006428653708,35.66840964420635,0.9916146979679984,0.008092226833241975,0.004818953573703766,36.59798049926758
2024-05-29,gold,2340.300067447577,2356.3210326916014,-0.0063464814,0.0004758778,0.010023234,0.008556843,0.047587782,UP,0.010893639532930066,57.17006428653708,35.66840964420635,0.9916146979679984,0.008092226833241975,0.004818953573703766,36.59798049926758
2024-05-30,gold,2342.899914759997,2341.3883712876413,0.0011102895,0.00046491146,0.010338472,0.008632068,0.046491146,UP,0.010808706324283098,57.17006428653708,35.66840964420635,0.9916146979679984,0.008092226833241975,0.004818953573703766,36.59798049926758
2024-05-31,gold,2322.899975340726,2343.9525668301503,-0.008573074,0.00044920342,0.016918547,0.008666257,0.04492034,UP,0.010869381970533878,57.17006428653708,35.66840964420635,0.9916146979679984,0.008092226833241975,0.004818953573703766,36.59798049926758
2024-06-03,gold,2346.600182156777,2323.9009365018574,0.010151151,0.00043087295,0.01580264,0.008665982,0.043087296,UP,0.010969536393464029,57.17006428653708,35.66840964420635,0.9916146979679984,0.008092226833241975,0.004818953573703766,36.59798049926758
2024-06-04,gold,2325.5001306335907,2347.5861689262674,-0.009032444,0.00042012686,0.015501018,0.008654732,0.042012688,UP,0.009864503560439377,57.17006428653708,35.66840964420635,0.9916146979679984,0.008092226833241975,0.004818953573703766,36.59798049926758
2024-06-05,gold,2354.0998026132584,2326.4492053985596,0.012223461,0.00040806475,0.015512566,0.008595766,0.040806476,UP,0.01010993225152774,57.17006428653708,35.66840964420635,0.9916146979679984,0.008092226833241975,0.004818953573703766,36.59798049926758
2024-06-06,gold,2370.3003409430385,2355.050593499036,0.0068580196,0.0004037487,0.015698029,0.008516004,0.04037487,UP,0.010171423353006574,57.17006428653708,35.66840964420635,0.9916146979679984,0.008092226833241975,0.004818953573703766,36.59798049926758
2024-06-07,gold,2305.199932813688,2371.2624542673,-0.02784913,0.0004059215,0.011687147,0.008430414,0.040592153,UP,0.01138904371595391,57.17006428653708,35.66840964420635,0.9916146979679984,0.008092226833241975,0.004818953573703766,36.59798049926758
2024-06-10,gold,2307.7000929302885,2306.1309778016293,0.001083917,0.00040386603,0.012618053,0.008393219,0.040386602,UP,0.011382858832728672,57.17006428653708,35.66840964420635,0.9916146979679984,0.008092226833241975,0.004818953573703766,36.59798049926758
2024-06-11,gold,2307.5000915510027,2308.6347384970286,-8.664894e-05,0.00040495113,0.013022112,0.008373132,0.040495113,UP,0.01134594016493301,57.17006428653708,35.66840964420635,0.9916146979679984,0.008092226833241975,0.004818953573703766,36.59798049926758
2024-06-12,gold,2336.000015735626,2308.438007235527,0.012275378,0.00040642725,0.01260377,0.008362064,0.040642723,UP,0.010744528914652628,57.17006428653708,35.66840964420635,0.9916146979679984,0.008092226833241975,0.004818953573703766,36.59798049926758
2024-06-13,gold,2300.199941635132,2336.9579467773438,-0.0154440105,0.00041002256,0.012797612,0.008357847,0.041002255,UP,0.011116213766053294,57.17006428653708,35.66840964420635,0.9916146979679984,0.008092226833241975,0.004818953573703766,36.59798049926758
2024-06-14,gold,2331.3998416714894,2301.1539110696467,0.0134728495,0.00041474818,0.0113759255,0.008380722,0.04147482,UP,0.011385456282433289,57.17006428653708,35.66840964420635,0.9916146979679984,0.008092226833241975,0.004818953573703766,36.59798049926758
2024-06-17,gold,2312.39973108485,2332.388201958267,-0.008183,0.00042393216,0.010992774,0.008423992,0.042393215,UP,0.011495071983356633,57.17006428653708,35.66840964420635,0.9916146979679984,0.008092226833241975,0.004818953573703766,36.59798049926758
2024-06-18,gold,2330.399919608026,2313.382904297323,0.007753981,0.00042510577,0.01054048,0.0084778685,0.042510577,UP,0.011442261721688662,57.17006428653708,35.66840964420635,0.9916146979679984,0.008092226833241975,0.004818953573703766,36.59798049926758
2024-06-20,gold,2353.8002775876666,2331.3772214479977,0.00999118,0.00041924242,0.010831702,0.008500651,0.041924242,UP,0.01156652080347249,57.17006428653708,35.66840964420635,0.9916146979679984,0.008092226833241975,0.004818953573703766,36.59798049926758
2024-06-21,gold,2316.399984621021,2354.776799436804,-0.01601685,0.00041486401,0.0077669164,0.008511814,0.0414864,UP,0.011952163099176238,57.17006428653708,35.66840964420635,0.9916146979679984,0.008092226833241975,0.004818953573703766,36.59798049926758
2024-06-24,gold,2330.000171660213,2317.348430831975,0.0058540534,0.0004094831,0.007272484,0.008540113,0.04094831,UP,0.011910035661671724,57.17006428653708,35.66840964420635,0.9916146979679984,0.008092226833241975,0.004818953573703766,36.59798049926758
2024-06-25,gold,2316.60013794899,2330.943820476532,-0.0057676323,0.00040499785,0.0067248447,0.008563291,0.040499784,UP,0.011605602960106123,57.17006428653708,35.66840964420635,0.9916146979679984,0.008092226833241975,0.004818953573703766,36.59798049926758
2024-06-26,gold,2299.2000686701504,2317.5244060190744,-0.0075394204,0.0003989149,0.007701434,0.008569632,0.039891493,UP,0.011439634776290059,57.17006428653708,35.66840964420635,0.9916146979679984,0.008092226833241975,0.004818953573703766,36.59798049926758
2024-06-27,gold,2324.4997328153695,2300.100049571949,0.010943747,0.00039141424,0.007928461,0.008546424,0.039141424,UP,0.011543420422903084,57.17006428653708,35.66840964420635,0.9916146979679984,0.008092226833241975,0.004818953573703766,36.59798049926758
2024-06-28,gold,2327.69997382164,2325.4055693149567,0.0013756724,0.00038957593,0.011901886,0.0085071195,0.038957592,UP,0.01118115754850007,57.17006428653708,35.66840964420635,0.9916146979679984,0.008092226833241975,0.004818953573703766,36.59798049926758
2024-07-01,gold,2327.600057127187,2328.61176181311,-4.2898842e-05,0.0003917631,0.011832916,0.008464378,0.03917631,UP,0.01116892627944203,57.17006428653708,35.66840964420635,0.9916146979679984,0.008092226833241975,0.004818953573703766,36.59798049926758
2024-07-02,gold,2322.999896762485,2328.5179735568818,-0.001978282,0.0003943029,0.011542454,0.008416392,0.03943029,UP,0.010842642804771156,57.17006428653708,35.66840964420635,0.9916146979679984,0.008092226833241975,0.004818953573703766,36.59798049926758
2024-07-03,gold,2359.8000444173813,2323.8958464860916,0.015717436,0.00038561833,0.012109345,0.0083421795,0.038561832,UP,0.011132734098065724,57.17006428653708,35.66840964420635,0.9916146979679984,0.008092226833241975,0.004818953573703766,36.59798049926758
2024-07-05,gold,2388.499866554921,2360.698834557057,0.012088664,0.0003808997,0.011455946,0.008280082,0.03808997,UP,0.011357008162187836,57.17006428653708,35.66840964420635,0.9916146979679984,0.008092226833241975,0.004818953573703766,36.59798049926758
2024-07-08,gold,2355.1999523341656,2389.4165503382683,-0.014039924,0.00038359608,0.007129292,0.008243402,0.03835961,UP,0.011378008441956567,57.17006428653708,35.66840964420635,0.9916146979679984,0.008092226833241975,0.004818953573703766,36.59798049926758
2024-07-09,gold,2360.100085347629,2356.1152343560243,0.0020784037,0.0003885863,0.008078095,0.008234939,0.03885863,UP,0.010576673452136977,57.17006428653708,35.66840964420635,0.9916146979679984,0.008092226833241975,0.004818953573703766,36.59798049926758
2024-07-10,gold,2372.1999388813856,2361.028257634898,0.005113742,0.00039322127,0.009620607,0.008229675,0.039322127,UP,0.01060722142521542,57.17006428653708,35.66840964420635,0.9916146979679984,0.008092226833241975,0.004818953573703766,36.59798049926758
2024-07-11,gold,2415.000238753535,2373.14135332554,0.017881515,0.00039681373,0.007754575,0.008227226,0.039681375,UP,0.010956233637081921,57.17006428653708,35.66840964420635,0.9916146979679984,0.008092226833241975,0.004818953573703766,36.59798049926758
2024-07-12,gold,2414.00001257658,2415.9840095043182,-0.00041416445,0.00040739964,0.014264668,0.008242722,0.040739965,UP,0.010874742146670183,57.17006428653708,35.66840964420635,0.9916146979679984,0.008092226833241975,0.004818953573703766,36.59798049926758
2024-07-15,gold,2422.89990067482,2415.0187101364136,0.003680007,0.00042195496,0.013976824,0.008280691,0.042195495,UP,0.010885065478558373,57.17006428653708,35.66840964420635,0.9916146979679984,0.008092226833241975,0.004818953573703766,36.59798049926758
2024-07-16,gold,2462.399724238494,2423.9544286183664,0.016171316,0.00043522913,0.010812108,0.008326922,0.043522913,UP,0.011063941267662506,57.17006428653708,35.66840964420635,0.9916146979679984,0.008092226833241975,0.004818953573703766,36.59798049926758
2024-07-17,gold,2454.7999805603467,2463.507725862437,-0.0030911332,0.00044985613,0.011465084,0.00839669,0.044985615,UP,0.010990199955766533,57.17006428653708,35.66840964420635,0.9916146979679984,0.008092226833241975,0.004818953573703766,36.59798049926758
2024-07-18,gold,2451.8001014351175,2455.9255229220144,-0.0012228428,0.00045839738,0.015004349,0.00846701,0.045839738,UP,0.010823191498698013,57.17006428653708,35.66840964420635,0.9916146979679984,0.008092226833241975,0.004818953573703766,36.59798049926758
2024-07-19,gold,2395.4999796979973,2452.912456391554,-0.023230493,0.0004535526,0.014487903,0.00852998,0.04535526,UP,0.011537245775567627,57.17006428653708,35.66840964420635,0.9916146979679984,0.008092226833241975,0.004818953573703766,36.59798049926758
2024-07-22,gold,2391.9999621212482,2396.562019407749,-0.0014621413,0.0004431832,0.014487716,0.008627546,0.044318322,UP,0.01148217303383308,57.17006428653708,35.66840964420635,0.9916146979679984,0.008092226833241975,0.004818953573703766,36.59798049926758
2024-07-23,gold,2404.6001472473145,2393.032238006592,0.005253774,0.00043146015,0.01544157,0.0087134335,0.043146014,UP,0.010233484490135652,57.17006428653708,35.66840964420635,0.9916146979679984,0.008092226833241975,0.004818953573703766,36.59798049926758
2024-07-24,gold,2413.300232120033,2405.5985019374057,0.0036115157,0.00041518424,0.0159216,0.008774365,0.041518424,UP,0.010240739719328703,57.17006428653708,35.66840964420635,0.9916146979679984,0.008092226833241975,0.004818953573703766,36.59798049926758
2024-07-25,gold,2351.899995777465,2414.2692689734104,-0.025771655,0.00040151447,0.0056313626,0.008811534,0.040151447,UP,0.011364574151422125,57.17006428653708,35.66840964420635,0.9916146979679984,0.008092226833241975,0.004818953573703766,36.59798049926758
2024-07-26,gold,2380.0000972285634,2352.8088564256905,0.011877017,0.00038641784,0.0065042386,0.008839835,0.038641784,UP,0.011350547742043977,57.17006428653708,35.66840964420635,0.9916146979679984,0.008092226833241975,0.004818953573703766,36.59798049926758
2024-07-29,gold,2377.3001384735107,2380.8988189697266,-0.0011350771,0.00037764537,0.008920436,0.008871819,0.037764538,UP,0.010948920755145591,57.17006428653708,35.66840964420635,0.9916146979679984,0.008092226833241975,0.004818953573703766,36.59798049926758
2024-07-30,gold,2405.0000484791526,2378.1890628639667,0.011584493,0.00037390352,0.007480288,0.008906924,0.03739035,UP,0.010879553652214744,57.17006428653708,35.66840964420635,0.9916146979679984,0.008092226833241975,0.004818953573703766,36.59798049926758
2024-07-31,gold,2426.49979531765,2405.888764858246,0.008899987,0.00036955217,0.0052217664,0.008917254,0.03695522,UP,0.010826136611260691,57.17006428653708,35.66840964420635,0.9916146979679984,0.008092226833241975,0.004818953573703766,36.59798049926758
2024-08-01,gold,2434.9999445080757,2427.3848504424095,0.003496867,0.00036458625,0.008796492,0.008912932,0.036458626,UP,0.010770751960282864,57.17006428653708,35.66840964420635,0.9916146979679984,0.008092226833241975,0.004818953573703766,36.59798049926758
2024-08-02,gold,2425.699746310711,2435.87779045105,-0.003826634,0.0003604383,0.008883621,0.00890163,0.03604383,UP,0.010689638346964398,57.17006428653708,35.66840964420635,0.9916146979679984,0.008092226833241975,0.004818953573703766,36.59798049926758
2024-08-05,gold,2401.699898755862,2426.565424913628,-0.009943322,0.0003567704,0.007856432,0.00888559,0.03567704,UP,0.010414365456148383,57.17006428653708,35.66840964420635,0.9916146979679984,0.008092226833241975,0.004818953573703766,36.59798049926758
2024-08-06,gold,2389.1002431570087,2402.5577207867755,-0.0052600326,0.00035704477,0.005969132,0.008810164,0.03570448,UP,0.010442339909860024,57.17006428653708,35.66840964420635,0.9916146979679984,0.008092226833241975,0.004818953573703766,36.59798049926758
2024-08-07,gold,2390.4999040341354,2389.948240767815,0.0005857822,0.000354925,0.009853591,0.008694155,0.0354925,UP,0.01036723122298935,57.17006428653708,35.66840964420635,0.9916146979679984,0.008092226833241975,0.004818953573703766,36.59798049926758
2024-08-08,gold,2422.200041294098,2391.3586140275,0.01317365,0.00035917503,0.008603258,0.008555573,0.035917502,UP,0.010465512346894038,57.17006428653708,35.66840964420635,0.9916146979679984,0.008092226833241975,0.004818953573703766,36.59798049926758
2024-08-09,gold,2432.100279060105,2423.0996922311606,0.004078924,0.00037140382,0.01122254,0.00842826,0.03714038,UP,0.010330894914563417,57.17006428653708,35.66840964420635,0.9916146979679984,0.008092226833241975,0.004818953573703766,36.59798049926758
2024-08-12,gold,2462.3999897248577,2433.014243556012,0.012381323,0.00037573453,0.010574275,0.008315895,0.037573453,UP,0.010520443177425887,57.17006428653708,35.66840964420635,0.9916146979679984,0.008092226833241975,0.004818953573703766,36.59798049926758
2024-08-13,gold,2466.699983617,2463.3239692321513,0.0017447607,0.00037521604,0.010544643,0.008238482,0.037521604,UP,0.010513938885377317,57.17006428653708,35.66840964420635,0.9916146979679984,0.008092226833241975,0.004818953573703766,36.59798049926758
2024-08-14,gold,2439.4000197092537,2467.6265139038733,-0.011129137,0.000375558,0.0075969123,0.008188453,0.037555803,UP,0.01076033527234931,57.17006428653708,35.66840964420635,0.9916146979679984,0.008092226833241975,0.004818953573703766,36.59798049926758
2024-08-15,gold,2453.1000309227966,2440.3263883696636,0.0056005036,0.00037969285,0.010876025,0.008169852,0.037969284,UP,0.010454112141936105,57.17006428653708,35.66840964420635,0.9916146979679984,0.008092226833241975,0.004818953573703766,36.59798049926758
2024-08-16,gold,2498.6002271645702,2454.043776752369,0.018378044,0.00038455077,0.008575836,0.0081620775,0.038455077,UP,0.010742955705171217,57.17006428653708,35.66840964420635,0.9916146979679984,0.008092226833241975,0.004818953573703766,36.59798049926758
2024-08-19,gold,2501.800266200211,2499.5964271219564,0.0012798783,0.0003987256,0.008678631,0.008180643,0.03987256,UP,0.010337396714472862,57.17006428653708,35.66840964420635,0.9916146979679984,0.008092226833241975,0.004818953573703766,36.59798049926758
2024-08-20,gold,2511.2998176759866,2502.831056924915,0.0037900747,0.00041212543,0.008583328,0.008212455,0.041212544,UP,0.010342226521668621,57.17006428653708,35.66840964420635,0.9916146979679984,0.008092226833241975,0.004818953573703766,36.59798049926758
2024-08-21,gold,2508.40004878366,2512.366705188033,-0.0011555061,0.00042463242,0.009056339,0.008250587,0.042463243,UP,0.010342922146824755,57.17006428653708,35.66840964420635,0.9916146979679984,0.008092226833241975,0.004818953573703766,36.59798049926758
2024-08-22,gold,2478.8999323885655,2509.4820722635486,-0.0118301865,0.0004313459,0.0073566237,0.008285647,0.04313459,UP,0.010170269728375704,57.17006428653708,35.66840964420635,0.9916146979679984,0.008092226833241975,0.004818953573703766,36.59798049926758
2024-08-23,gold,2508.399864608189,2479.980279212352,0.011830187,0.0004357109,0.008678031,0.008323642,0.043571092,UP,0.010361243584091899,57.17006428653708,35.66840964420635,0.9916146979679984,0.008092226833241975,0.004818953573703766,36.59798049926758
2024-08-26,gold,2517.7001645282144,2509.5056952045998,0.0037007064,0.00044073196,0.008248422,0.008362877,0.044073198,UP,0.010361407123886588,57.17006428653708,35.66840964420635,0.9916146979679984,0.008092226833241975,0.004818953573703766,36.59798049926758
2024-08-27,gold,2515.9999965997413,2518.8260510226246,-0.00067542813,0.0004471253,0.008396962,0.008408481,0.04471253,UP,0.009971873123921735,57.17006428653708,35.66840964420635,0.9916146979679984,0.008092226833241975,0.004818953573703766,36.59798049926758
2024-08-28,gold,2501.000022172928,2517.124439716339,-0.005979687,0.0004468779,0.008815606,0.0084334165,0.044687793,UP,0.010023866143157107,57.17006428653708,35.66840964420635,0.9916146979679984,0.008092226833241975,0.004818953573703766,36.59798049926758
2024-08-29,gold,2525.699908018112,2502.1070028543472,0.009827581,0.00044255963,0.0076805158,0.008442059,0.044255964,UP,0.010155537692385648,57.17006428653708,35.66840964420635,0.9916146979679984,0.008092226833241975,0.004818953573703766,36.59798049926758
2024-08-30,gold,2493.8000955430616,2526.8118650817487,-0.012710562,0.00044019448,0.0053926073,0.008444129,0.044019446,UP,0.009465156811206384,57.17006428653708,35.66840964420635,0.9916146979679984,0.008092226833241975,0.004818953573703766,36.59798049926758
2024-09-03,gold,2489.899829657006,2494.882163068978,-0.0015651614,0.0004338411,0.005418049,0.008438329,0.043384112,UP,0.009466241881251102,57.17006428653708,35.66840964420635,0.9916146979679984,0.008092226833241975,0.004818953573703766,36.59798049926758
2024-09-04,gold,2493.399994331412,2490.958062786085,0.001404692,0.0004249404,0.005484773,0.008408481,0.04249404,UP,0.00943778784965792,57.17006428653708,35.66840964420635,0.9916146979679984,0.008092226833241975,0.004818953573703766,36.59798049926758
2024-09-05,gold,2511.399946127669,2494.433987886936,0.0071931263,0.00041465834,0.008198317,0.008356352,0.041465834,UP,0.009491654748335333,57.17006428653708,35.66840964420635,0.9916146979679984,0.008092226833241975,0.004818953573703766,36.59798049926758
2024-09-06,gold,2493.5001400993788,2512.421693785989,-0.007152982,0.00040686375,0.0064264145,0.008298462,0.040686376,UP,0.008209907709307823,57.17006428653708,35.66840964420635,0.9916146979679984,0.008092226833241975,0.004818953573703766,36.59798049926758
2024-09-09,gold,2501.8000660538673,2494.4699214100838,0.0033231464,0.00038896283,0.007113454,0.008223834,0.03889628,UP,0.007997230969432107,57.17006428653708,35.66840964420635,0.9916146979679984,0.008092226833241975,0.004818953573703766,36.59798049926758
2024-09-10,gold,2512.3001072787156,2502.7057970462192,0.0041881953,0.00036204283,0.009103236,0.008131163,0.036204282,UP,0.007991401423819471,57.17006428653708,35.66840964420635,0.9916146979679984,0.008092226833241975,0.004818953573703766,36.59798049926758
2024-09-11,gold,2512.1001395842322,2513.1386194392107,-7.959208e-05,0.00033364637,0.008878069,0.0080250595,0.03336464,UP,0.007780670481379399,57.17006428653708,35.66840964420635,0.9916146979679984,0.008092226833241975,0.004818953573703766,36.59798049926758
2024-09-12,gold,2551.2001320541603,2512.857446330425,0.015444722,0.0003014004,0.0068383156,0.00789967,0.03014004,UP,0.008087576593520798,57.17006428653708,35.66840964420635,0.9916146979679984,0.008092226833241975,0.004818953573703766,36.59798049926758
2024-09-13,gold,2581.2999822577694,2551.92407692477,0.011729349,0.0002838478,0.007009136,0.007796687,0.028384779,UP,0.008290490401522467,57.17006428653708,35.66840964420635,0.9916146979679984,0.008092226833241975,0.004818953573703766,36.59798049926758
2024-09-16,gold,2580.4001364716532,2582.0151783601614,-0.00034877908,0.0002770031,0.0067836246,0.0077241105,0.02770031,UP,0.008230776008461341,57.17006428653708,35.66840964420635,0.9916146979679984,0.008092226833241975,0.004818953573703766,36.59798049926758
2024-09-17,gold,2564.3001799239137,2581.1110912053846,-0.006258832,0.00027565894,0.0042745895,0.007678029,0.027565895,UP,0.008072725087460257,57.17006428653708,35.66840964420635,0.9916146979679984,0.008092226833241975,0.004818953573703766,36.59798049926758
2024-09-18,gold,2570.6999408986885,2565.0034378066484,0.0024926604,0.00027432202,0.0041521955,0.0076460685,0.027432203,UP,0.007948695768399778,57.17006428653708,35.66840964420635,0.9916146979679984,0.008092226833241975,0.004818953573703766,36.59798049926758
2024-09-19,gold,2588.0000472478278,2571.4072408064967,0.0067071603,0.00027511182,0.004332821,0.0076241945,0.027511181,UP,0.00797742685909689,57.17006428653708,35.66840964420635,0.9916146979679984,0.008092226833241975,0.004818953573703766,36.59798049926758
2024-09-20,gold,2619.900002002716,2588.7169857025146,0.012250736,0.00027699975,0.0069782655,0.007610661,0.027699975,UP,0.007936397535461754,57.17006428653708,35.66840964420635,0.9916146979679984,0.008092226833241975,0.004818953573703766,36.59798049926758
2024-09-23,gold,2626.5000849528587,2620.649461718276,0.0025160497,0.00028612977,0.0072908443,0.0076156673,0.028612977,UP,0.007931761778601424,57.17006428653708,35.66840964420635,0.9916146979679984,0.008092226833241975,0.004818953573703766,36.59798049926758
2024-09-24,gold,2651.2000851631165,2627.2780614495277,0.009360189,0.0002961479,0.008043414,0.0076333946,0.02961479,UP,0.00781963220406338,57.17006428653708,35.66840964420635,0.9916146979679984,0.008092226833241975,0.004818953573703766,36.59798049926758
2024-09-25,gold,2659.199749608524,2652.01219366485,0.0030129582,0.0003062695,0.0088129155,0.0076578166,0.03062695,UP,0.007818878999296255,57.17006428653708,35.66840964420635,0.9916146979679984,0.008092226833241975,0.004818953573703766,36.59798049926758
2024-09-26,gold,2669.9000142993755,2660.0387367094518,0.0040156743,0.00031541009,0.008779274,0.0076867295,0.03154101,UP,0.0073869322558517605,57.17006428653708,35.66840964420635,0.9916146979679984,0.008092226833241975,0.004818953573703766,36.59798049926758
2024-09-27,gold,2644.2997796779673,2670.756703679217,-0.009634583,0.0003209109,0.007716789,0.0077053974,0.032091092,UP,0.007718277366656243,57.17006428653708,35.66840964420635,0.9916146979679984,0.008092226833241975,0.004818953573703766,36.59798049926758
2024-09-30,gold,2636.1002551293204,2645.169124512031,-0.003105809,0.00032864106,0.007526375,0.007737441,0.032864105,UP,0.007161321370560196,57.17006428653708,35.66840964420635,0.9916146979679984,0.008092226833241975,0.004818953573703766,36.59798049926758
2024-10-01,gold,2667.299858343089,2636.9799909917638,0.011766155,0.00033377652,0.0059221005,0.0077658165,0.03337765,UP,0.007389947297627286,57.17006428653708,35.66840964420635,0.9916146979679984,0.008092226833241975,0.004818953573703766,36.59798049926758
2024-10-02,gold,2647.100244819885,2668.2062546180678,-0.0076020053,0.00033971432,0.005564084,0.0077909683,0.033971433,UP,0.007592102668577287,57.17006428653708,35.66840964420635,0.9916146979679984,0.008092226833241975,0.004818953573703766,36.59798049926758
2024-10-03,gold,2657.1001598947914,2648.010485146253,0.0037706012,0.00034390372,0.0061550857,0.007818492,0.03439037,UP,0.007579644916913356,57.17006428653708,35.66840964420635,0.9916146979679984,0.008092226833241975,0.004818953573703766,36.59798049926758
2024-10-04,gold,2645.8001635749533,2658.014874587301,-0.004261844,0.00034425975,0.009542621,0.007834035,0.034425974,UP,0.00722712503153715,57.17006428653708,35.66840964420635,0.9916146979679984,0.008092226833241975,0.004818953573703766,36.59798049926758
2024-10-07,gold,2644.800060623311,2646.69737304913,-0.0003780289,0.00033916035,0.009765439,0.007835444,0.033916034,UP,0.007003001650633825,57.17006428653708,35.66840964420635,0.9916146979679984,0.008092226833241975,0.004818953573703766,36.59798049926758
2024-10-08,gold,2615.000123904334,2645.677486245142,-0.011331369,0.00033172895,0.007377163,0.007823724,0.033172894,UP,0.007384910042989948,57.17006428653708,35.66840964420635,0.9916146979679984,0.008092226833241975,0.004818953573703766,36.59798049926758
2024-10-09,gold,2606.000132858753,2615.8407419919968,-0.0034476188,0.00032139133,0.0062704924,0.0078048557,0.032139134,UP,0.007427459816234365,57.17006428653708,35.66840964420635,0.9916146979679984,0.008092226833241975,0.004818953573703766,36.59798049926758
2024-10-10,gold,2620.600060224533,2606.803675889969,0.005586858,0.0003083438,0.0062924563,0.0077733076,0.030834379,UP,0.007342615851715965,57.17006428653708,35.66840964420635,0.9916146979679984,0.008092226833241975,0.004818953573703766,36.59798049926758
2024-10-11,gold,2657.6001141507877,2621.3567301555304,0.014020161,0.00028868366,0.0046274755,0.007717028,0.028868366,UP,0.0075458811876258,57.17006428653708,35.66840964420635,0.9916146979679984,0.008092226833241975,0.004818953573703766,36.59798049926758
2024-10-14,gold,2647.8001947616576,2658.333514240512,-0.0036943718,0.00027595903,0.0018687249,0.0076658144,0.027595904,UP,0.0071240637786721284,57.17006428653708,35.66840964420635,0.9916146979679984,0.008092226833241975,0.004818953573703766,36.59798049926758
2024-10-15,gold,2661.3998156671296,2648.494777668413,0.005123139,0.00026228325,0.002051761,0.007615558,0.026228325,UP,0.007112725055456441,57.17006428653708,35.66840964420635,0.9916146979679984,0.008092226833241975,0.004818953573703766,36.59798049926758
2024-10-16,gold,2674.0000258829095,2662.0655213588616,0.0047232155,0.00025006535,0.008007873,0.0075652413,0.025006535,UP,0.0071250978076247634,57.17006428653708,35.66840964420635,0.9916146979679984,0.008092226833241975,0.004818953573703766,36.59798049926758
2024-10-17,gold,2691.0000903606415,2674.64040017128,0.0063373935,0.00023950716,0.008147891,0.007517942,0.023950716,UP,0.007106542150194509,57.17006428653708,35.66840964420635,0.9916146979679984,0.008092226833241975,0.004818953573703766,36.59798049926758
2024-10-18,gold,2713.6998975276947,2691.615921020508,0.008400127,0.00022881027,0.0076202145,0.0074670813,0.022881027,UP,0.006958902111412169,57.17006428653708,35.66840964420635,0.9916146979679984,0.008092226833241975,0.004818953573703766,36.59798049926758
2024-10-21,gold,2723.100163123745,2714.2955114376673,0.0034579737,0.00021945195,0.0075868513,0.007415751,0.021945195,UP,0.006959268033278522,57.17006428653708,35.66840964420635,0.9916146979679984,0.008092226833241975,0.004818953573703766,36.59798049926758
2024-10-22,gold,2744.199996858544,2723.686034640821,0.0077186027,0.00021517112,0.007927432,0.0073697474,0.021517113,UP,0.007012923870028225,57.17006428653708,35.66840964420635,0.9916146979679984,0.008092226833241975,0.004818953573703766,36.59798049926758
2024-10-23,gold,2714.3999950466095,2744.782904185413,-0.010918677,0.0002123158,0.0037025518,0.007326021,0.02123158,UP,0.007437906373525862,57.17006428653708,35.66840964420635,0.9916146979679984,0.008092226833241975,0.004818953573703766,36.59798049926758
2024-10-24,gold,2734.900096346508,2714.975554159435,0.007523938,0.00021198741,0.010874464,0.0073038763,0.021198742,UP,0.007092599441046444,57.17006428653708,35.66840964420635,0.9916146979679984,0.008092226833241975,0.004818953573703766,36.59798049926758
2024-10-25,gold,2740.900075173704,2735.487074223056,0.0021914616,0.00021462058,0.010821197,0.007292238,0.021462059,UP,0.006864247781671431,57.17006428653708,35.66840964420635,0.9916146979679984,0.008092226833241975,0.004818953573703766,36.59798049926758
2024-10-28,gold,2742.89988235262,2741.495877435431,0.00072942127,0.00021738032,0.010812073,0.007289655,0.021738032,UP,0.006854207276656162,57.17006428653708,35.66840964420635,0.9916146979679984,0.008092226833241975,0.004818953573703766,36.59798049926758
2024-10-29,gold,2768.400025210867,2743.508083560271,0.009253781,0.00022178737,0.00954908,0.0072993105,0.022178737,UP,0.006792125522777305,57.17006428653708,35.66840964420635,0.9916146979679984,0.008092226833241975,0.004818953573703766,36.59798049926758
2024-10-30,gold,2788.50003867771,2769.03188870108,0.0072343163,0.00022826905,0.012876937,0.007321349,0.022826906,UP,0.006845626570443009,57.17006428653708,35.66840964420635,0.9916146979679984,0.008092226833241975,0.004818953573703766,36.59798049926758
2024-10-31,gold,2738.300000667572,2789.1664922833443,-0.01816651,0.00023898185,0.014272942,0.0073574833,0.023898186,UP,0.0077744489737012175,57.17006428653708,35.66840964420635,0.9916146979679984,0.008092226833241975,0.004818953573703766,36.59798049926758
2024-11-01,gold,2738.6000387364475,2739.0005693322164,0.00010956888,0.00025572145,0.014171928,0.0074246493,0.025572145,UP,0.0075261825141171405,57.17006428653708,35.66840964420635,0.9916146979679984,0.008092226833241975,0.004818953573703766,36.59798049926758
2024-11-04,gold,2736.1001798811194,2739.341503241274,-0.0009132921,0.00027073172,0.01779327,0.0074922503,0.027073171,UP,0.007536321021553701,57.17006428653708,35.66840964420635,0.9916146979679984,0.008092226833241975,0.004818953573703766,36.59798049926758
2024-11-05,gold,2740.2998438903596,2736.8692030942766,0.0015338368,0.000280988,0.017078647,0.007552709,0.0280988,UP,0.007383197616232444,57.17006428653708,35.66840964420635,0.9916146979679984,0.008092226833241975,0.004818953573703766,36.59798049926758
2024-11-06,gold,2667.5999768118054,2741.085361637757,-0.026888194,0.0002865725,0.014424415,0.0076011945,0.02865725,UP,0.008931106751924083,57.17006428653708,35.66840964420635,0.9916146979679984,0.008092226833241975,0.004818953573703766,36.59798049926758
2024-11-07,gold,2698.3999323676107,2668.3931964210933,0.01147974,0.00029731076,0.01065533,0.0076750866,0.029731076,UP,0.009146774198918071,57.17006428653708,35.66840964420635,0.9916146979679984,0.008092226833241975,0.004818953573703766,36.59798049926758
2024-11-08,gold,2687.4999674927094,2699.24333245086,-0.004047575,0.00031255482,0.01115372,0.0077537876,0.031255484,UP,0.00899274685521083,57.17006428653708,35.66840964420635,0.9916146979679984,0.008092226833241975,0.004818953573703766,36.59798049926758
2024-11-11,gold,2611.200138926506,2688.3659735322,-0.028801525,0.00032222,0.009991067,0.0078248065,0.032222,UP,0.010421513676657078,57.17006428653708,35.66840964420635,0.9916146979679984,0.008092226833241975,0.004818953573703766,36.59798049926758
2024-11-12,gold,2599.999966640098,2612.0681091146253,-0.004298422,0.000332381,0.009987647,0.007909308,0.033238098,UP,0.010189218256630985,57.17006428653708,35.66840964420635,0.9916146979679984,0.008092226833241975,0.004818953573703766,36.59798049926758
2024-11-13,gold,2580.8000445365906,2600.885820388794,-0.0074119978,0.0003406678,0.008611652,0.007984016,0.034066778,UP,0.010184953292617665,57.17006428653708,35.66840964420635,0.9916146979679984,0.008092226833241975,0.004818953573703766,36.59798049926758
2024-11-14,gold,2568.200024366408,2581.6836349654477,-0.004894202,0.00034234006,0.0065529705,0.008041538,0.034234006,UP,0.01017361091905017,57.17006428653708,35.66840964420635,0.9916146979679984,0.008092226833241975,0.004818953573703766,36.59798049926758
2024-11-15,gold,2565.6997503159946,2569.0682019068627,-0.00097391865,0.0003379117,0.004602198,0.0080763465,0.03379117,UP,0.010155983459336437,57.17006428653708,35.66840964420635,0.9916146979679984,0.008092226833241975,0.004818953573703766,36.59798049926758
2024-11-18,gold,2610.600116280548,2566.532795067673,0.01734879,0.00032447066,0.020017298,0.008076462,0.032447066,UP,0.010702010912058885,57.17006428653708,35.66840964420635,0.9916146979679984,0.008092226833241975,0.004818953573703766,36.59798049926758
2024-11-19,gold,2627.1000231000944,2611.4247982810484,0.0063004964,0.00031590418,0.019777773,0.008070525,0.031590417,UP,0.010565780190395344,57.17006428653708,35.66840964420635,0.9916146979679984,0.008092226833241975,0.004818953573703766,36.59798049926758
2024-11-20,gold,2648.2002455090987,2627.915604669368,0.007999532,0.00031045306,0.019720268,0.008067186,0.031045306,UP,0.010636518358856185,57.17006428653708,35.66840964420635,0.9916146979679984,0.008092226833241975,0.004818953573703766,36.59798049926758
2024-11-21,gold,2672.0998966340267,2648.9885448787245,0.008984571,0.00029779886,0.019442674,0.008037865,0.029779887,UP,0.010710226849980676,57.17006428653708,35.66840964420635,0.9916146979679984,0.008092226833241975,0.004818953573703766,36.59798049926758
2024-11-22,gold,2709.8998649345012,2672.8623618523707,0.014046982,0.00028521384,0.017559854,0.007999042,0.028521385,UP,0.010711402655618726,57.17006428653708,35.66840964420635,0.9916146979679984,0.008092226833241975,0.004818953573703766,36.59798049926758
2024-11-25,gold,2616.7998787932447,2710.6441985815763,-0.034959484,0.0002745779,0.0063257595,0.00795531,0.02745779,UP,0.01246501917083696,57.17006428653708,35.66840964420635,0.9916146979679984,0.008092226833241975,0.004818953573703766,36.59798049926758
2024-11-26,gold,2620.3000927624526,2617.561199202435,0.0013366179,0.00029088376,0.006330307,0.007996071,0.029088376,UP,0.01242695327270162,57.17006428653708,35.66840964420635,0.9916146979679984,0.008092226833241975,0.004818953573703766,36.59798049926758
2024-11-27,gold,2639.899647100421,2621.1621737640817,0.007452167,0.00032900684,0.0077147507,0.008084842,0.032900684,UP,0.012476411130933271,57.17006428653708,35.66840964420635,0.9916146979679984,0.008092226833241975,0.004818953573703766,36.59798049926758
2024-11-29,gold,2657.000103103346,2640.8565921429545,0.006456666,0.00036222502,0.007290441,0.008186543,0.036222503,UP,0.012478656058629894,57.17006428653708,35.66840964420635,0.9916146979679984,0.008092226833241975,0.004818953573703766,36.59798049926758
2024-12-02,gold,2634.8998472690582,2658.013248324394,-0.008352473,0.0003812963,0.007503809,0.008293588,0.03812963,UP,0.012446867262071469,57.17006428653708,35.66840964420635,0.9916146979679984,0.008092226833241975,0.004818953573703766,36.59798049926758
2024-12-03,gold,2644.6999641600996,2635.949011525372,0.0037124255,0.00039803865,0.008766089,0.008412889,0.039803866,UP,0.012450045831883853,57.17006428653708,35.66840964420635,0.9916146979679984,0.008092226833241975,0.004818953573703766,36.59798049926758
2024-12-04,gold,2653.79998533614,2645.720804505574,0.003434975,0.00038592008,0.009686302,0.008541719,0.038592007,UP,0.012371484383007359,57.17006428653708,35.66840964420635,0.9916146979679984,0.008092226833241975,0.004818953573703766,36.59798049926758
2024-12-05,gold,2626.600095331887,2654.7747466505098,-0.010302322,0.00036717803,0.012572492,0.008660515,0.036717802,UP,0.012355285786454664,57.17006428653708,35.66840964420635,0.9916146979679984,0.008092226833241975,0.004818953573703766,36.59798049926758
2024-12-06,gold,2638.599921958754,2627.5018692351878,0.004558239,0.00034332735,0.014551079,0.008705422,0.034332734,UP,0.012295760588113288,57.17006428653708,35.66840964420635,0.9916146979679984,0.008092226833241975,0.004818953573703766,36.59798049926758
2024-12-09,gold,2664.8998879629653,2639.458178170491,0.009917987,0.00032514852,0.01373914,0.008698832,0.03251485,UP,0.01244896308120229,57.17006428653708,35.66840964420635,0.9916146979679984,0.008092226833241975,0.004818953573703766,36.59798049926758
2024-12-10,gold,2697.600060289842,2665.74112116592,0.012196029,0.00031560793,0.011609388,0.008664006,0.031560794,UP,0.01267606960732742,57.17006428653708,35.66840964420635,0.9916146979679984,0.008092226833241975,0.004818953573703766,36.59798049926758
2024-12-11,gold,2733.800244688173,2698.4481014558696,0.013330076,0.00031435394,0.0068382802,0.008626241,0.031435393,UP,0.012807339641119492,57.17006428653708,35.66840964420635,0.9916146979679984,0.008092226833241975,0.004818953573703766,36.59798049926758
2024-12-12,gold,2687.5000739291863,2734.6698608792212,-0.017081209,0.00031815475,0.006789541,0.008590448,0.031815477,UP,0.013071426840827904,57.17006428653708,35.66840964420635,0.9916146979679984,0.008092226833241975,0.004818953573703766,36.59798049926758
2024-12-13,gold,2655.9997722506523,2688.363090157509,-0.011790162,0.00032100282,0.010957314,0.008588781,0.032100283,UP,0.012840361380710891,57.17006428653708,35.66840964420635,0.9916146979679984,0.008092226833241975,0.004818953573703766,36.59798049926758
2024-12-16,gold,2651.3999881744385,2656.8545570373535,-0.001733466,0.00032169992,0.011108758,0.008600838,0.03216999,UP,0.012839591199178928,57.17006428653708,35.66840964420635,0.9916146979679984,0.008092226833241975,0.004818953573703766,36.59798049926758
2024-12-17,gold,2644.39986686263,2652.259300748643,-0.002643606,0.00032405232,0.011426398,0.00861958,0.03240523,UP,0.012843070226149627,57.17006428653708,35.66840964420635,0.9916146979679984,0.008092226833241975,0.004818953573703766,36.59798049926758
2024-12-18,gold,2636.5000622805674,2645.258608023403,-0.0029918796,0.00032464668,0.01205669,0.008642294,0.03246467,UP,0.012838159281652302,57.17006428653708,35.66840964420635,0.9916146979679984,0.008092226833241975,0.004818953573703766,36.59798049926758
2024-12-19,gold,2592.1999214589596,2637.351425945759,-0.016945364,0.00032280694,0.009268133,0.008656012,0.032280695,UP,0.012287545179357245,57.17006428653708,35.66840964420635,0.9916146979679984,0.008092226833241975,0.004818953573703766,36.59798049926758
2024-12-20,gold,2628.700103978219,2593.022856291529,0.013982492,0.00031742375,0.0065126866,0.008645319,0.031742375,UP,0.012384283262844261,57.17006428653708,35.66840964420635,0.9916146979679984,0.008092226833241975,0.004818953573703766,36.59798049926758
2024-12-23,gold,2612.3001268393273,2629.5347567403223,-0.0062583312,0.00031753533,0.0073308162,0.008620691,0.031753533,UP,0.01241062043775521,57.17006428653708,35.66840964420635,0.9916146979679984,0.008092226833241975,0.004818953573703766,36.59798049926758
2024-12-24,gold,2619.9999831923633,2613.1268435275124,0.0029432399,0.00031640942,0.0086219525,0.008583492,0.031640943,UP,0.011281907332514609,57.17006428653708,35.66840964420635,0.9916146979679984,0.008092226833241975,0.004818953573703766,36.59798049926758
2024-12-26,gold,2638.799979686737,2620.827045440674,0.0071499697,0.00031561582,0.008888807,0.008521686,0.031561583,UP,0.011319620068213911,57.17006428653708,35.66840964420635,0.9916146979679984,0.008092226833241975,0.004818953573703766,36.59798049926758
2024-12-27,gold,2617.1999782618514,2639.6427804626,-0.008219262,0.0003192893,0.0077912393,0.00845829,0.03192893,UP,0.011339922231251163,57.17006428653708,35.66840964420635,0.9916146979679984,0.008092226833241975,0.004818953573703766,36.59798049926758
2024-12-30,gold,2606.100277177946,2618.048576339148,-0.0042501367,0.00032414432,0.0072730146,0.008401072,0.032414433,UP,0.011329971377469935,57.17006428653708,35.66840964420635,0.9916146979679984,0.008092226833241975,0.004818953573703766,36.59798049926758
2024-12-31,gold,2629.1997545553604,2606.957550557796,0.008824711,0.00032899427,0.0067210393,0.008343869,0.03289943,UP,0.011426275157505807,57.17006428653708,35.66840964420635,0.9916146979679984,0.008092226833241975,0.004818953573703766,36.59798049926758
2025-01-02,gold,2658.899796268117,2630.038676627795,0.011232868,0.00031896483,0.0055856635,0.00827499,0.031896483,UP,0.011168309909284956,57.17006428653708,35.66840964420635,0.9916146979679984,0.008092226833241975,0.004818953573703766,36.59798049926758
2025-01-03,gold,2645.000169757899,2659.7126020609867,-0.005241401,0.00030559197,0.004638623,0.008193268,0.030559197,UP,0.011165928521822334,57.17006428653708,35.66840964420635,0.9916146979679984,0.008092226833241975,0.004818953573703766,36.59798049926758
2025-01-06,gold,2638.399803340435,2645.777866244316,-0.0024984295,0.00029402378,0.009036418,0.008113162,0.029402377,UP,0.011079230714804099,57.17006428653708,35.66840964420635,0.9916146979679984,0.008092226833241975,0.004818953573703766,36.59798049926758
2025-01-07,gold,2656.699722947844,2639.141859217838,0.0069120973,0.00028111596,0.00871569,0.008039153,0.028111596,UP,0.011026576500493414,57.17006428653708,35.66840964420635,0.9916146979679984,0.008092226833241975,0.004818953573703766,36.59798049926758
2025-01-08,gold,2664.4997203823877,2657.422984837118,0.0029316903,0.00027207722,0.010153007,0.007975558,0.027207721,UP,0.010711424145450552,57.17006428653708,35.66840964420635,0.9916146979679984,0.008092226833241975,0.004818953573703766,36.59798049926758
2025-01-09,gold,2683.8000255823135,2665.202604532242,0.0072172964,0.0002636482,0.010862032,0.007916526,0.02636482,UP,0.008678114843710536,57.17006428653708,35.66840964420635,0.9916146979679984,0.008092226833241975,0.004818953573703766,36.59798049926758
2025-01-10,gold,2708.4999054872605,2684.4709502103797,0.009161257,0.00024991098,0.010728854,0.00784271,0.024991099,UP,0.008810249836379144,57.17006428653708,35.66840964420635,0.9916146979679984,0.008092226833241975,0.004818953573703766,36.59798049926758
2025-01-13,gold,2673.5001471340656,2709.154474437237,-0.0130065,0.00024151552,0.0063353013,0.007776466,0.024151552,UP,0.009087205413767584,57.17006428653708,35.66840964420635,0.9916146979679984,0.008092226833241975,0.004818953573703766,36.59798049926758
2025-01-14,gold,2677.5000794529915,2674.1329501867294,0.0014950479,0.00023659489,0.005924442,0.0077314256,0.023659488,UP,0.009018742303569713,57.17006428653708,35.66840964420635,0.9916146979679984,0.008092226833241975,0.004818953573703766,36.59798049926758
2025-01-15,gold,2712.4999979138374,2678.129428625107,0.012987196,0.0002350643,0.005593268,0.0076959347,0.02350643,UP,0.009158731063925497,57.17006428653708,35.66840964420635,0.9916146979679984,0.008092226833241975,0.004818953573703766,36.59798049926758
2025-01-16,gold,2746.399912238121,2713.149943947792,0.012420209,0.0002395468,0.0031795409,0.007676883,0.02395468,UP,0.009385738264071361,57.17006428653708,35.66840964420635,0.9916146979679984,0.008092226833241975,0.004818953573703766,36.59798049926758
2025-01-17,gold,2744.299981954857,2747.086452555086,-0.00076487643,0.00024999207,0.008246248,0.007679871,0.024999207,UP,0.009384084205714188,57.17006428653708,35.66840964420635,0.9916146979679984,0.008092226833241975,0.004818953573703766,36.59798049926758
2025-01-21,gold,2755.0000149842526,2745.0279488097003,0.0038913917,0.00026524373,0.009588817,0.0077072713,0.026524372,UP,0.009143295227897483,57.17006428653708,35.66840964420635,0.9916146979679984,0.008092226833241975,0.004818953573703766,36.59798049926758
2025-01-22,gold,2767.5998944044113,2755.7793444395065,0.0045631113,0.0002828468,0.009370763,0.0077504823,0.02828468,UP,0.009143349466888082,57.17006428653708,35.66840964420635,0.9916146979679984,0.008092226833241975,0.004818953573703766,36.59798049926758
2025-01-23,gold,2763.1001041493437,2768.430185538018,-0.0016272808,0.0002999187,0.012532895,0.0078020794,0.029991869,UP,0.009023148432817832,57.17006428653708,35.66840964420635,0.9916146979679984,0.008092226833241975,0.004818953573703766,36.59798049926758
2025-01-24,gold,2777.2999798309756,2763.94662275922,0.0051259776,0.00030630038,0.013001668,0.00783488,0.030630039,UP,0.008814214808060085,57.17006428653708,35.66840964420635,0.9916146979679984,0.008092226833241975,0.004818953573703766,36.59798049926758
2025-01-27,gold,2737.499932912615,2778.1585391791596,-0.014434155,0.00030914438,0.008908666,0.007853485,0.030914437,UP,0.008922300216927177,57.17006428653708,35.66840964420635,0.9916146979679984,0.008092226833241975,0.004818953573703766,36.59798049926758
2025-01-28,gold,2766.7997002601624,2738.355651497841,0.01064634,0.00031254627,0.00866992,0.007877579,0.031254627,UP,0.008522290683847404,57.17006428653708,35.66840964420635,0.9916146979679984,0.008092226833241975,0.004818953573703766,36.59798049926758
2025-01-29,gold,2769.099941341934,2767.671455112577,0.00083095755,0.00031488427,0.008157388,0.0078905905,0.031488426,UP,0.008177100024203703,57.17006428653708,35.66840964420635,0.9916146979679984,0.008092226833241975,0.004818953573703766,36.59798049926758
2025-01-30,gold,2822.999886768521,2769.984772236552,0.019277757,0.0003194825,0.006352577,0.007895881,0.03194825,UP,0.008788009035106216,57.17006428653708,35.66840964420635,0.9916146979679984,0.008092226833241975,0.004818953573703766,36.59798049926758
2025-01-31,gold,2812.4999953508377,2823.9342012405396,-0.0037263818,0.00033090689,0.005377416,0.0079148915,0.03309069,UP,0.008810391590999474,57.17006428653708,35.66840964420635,0.9916146979679984,0.008092226833241975,0.004818953573703766,36.59798049926758
2025-02-03,gold,2833.9000046253204,2813.456878066063,0.007580053,0.00034011624,0.0077541056,0.007947461,0.034011625,UP,0.008812057969138736,57.17006428653708,35.66840964420635,0.9916146979679984,0.008092226833241975,0.004818953573703766,36.59798049926758
2025-02-04,gold,2853.2999667873373,2834.9025734555908,0.006822416,0.00035383174,0.008162851,0.007994782,0.035383172,UP,0.008055994313087603,57.17006428653708,35.66840964420635,0.9916146979679984,0.008092226833241975,0.004818953573703766,36.59798049926758
2025-02-05,gold,2871.6002542051137,2854.348359912692,0.0063931635,0.0003673692,0.0083359955,0.008046843,0.03673692,UP,0.007818178999349005,57.17006428653708,35.66840964420635,0.9916146979679984,0.008092226833241975,0.004818953573703766,36.59798049926758
2025-02-06,gold,2855.999826472951,2872.6623209837708,-0.0054473556,0.00036992153,0.007042565,0.0080725355,0.03699215,UP,0.007786719896343934,57.17006428653708,35.66840964420635,0.9916146979679984,0.008092226833241975,0.004818953573703766,36.59798049926758
2025-02-07,gold,2867.299924850464,2857.0479412078857,0.0039487933,0.00036694648,0.011240256,0.008083285,0.03669465,UP,0.007788634550925721,57.17006428653708,35.66840964420635,0.9916146979679984,0.008092226833241975,0.004818953573703766,36.59798049926758
2025-02-10,gold,2914.3001263039187,2868.339147585444,0.016258834,0.00036226364,0.011324601,0.008079883,0.036226366,UP,0.008131568160261301,57.17006428653708,35.66840964420635,0.9916146979679984,0.008092226833241975,0.004818953573703766,36.59798049926758
2025-02-11,gold,2912.500109129789,2915.3450630363077,-0.0006178517,0.00035845028,0.0115745645,0.0080669895,0.03584503,UP,0.007874774606255719,57.17006428653708,35.66840964420635,0.9916146979679984,0.008092226833241975,0.004818953573703766,36.59798049926758
2025-02-12,gold,2909.000253677368,2913.5252729058266,-0.0012024394,0.00035189764,0.011858809,0.008046505,0.035189763,UP,0.007789508052488261,57.17006428653708,35.66840964420635,0.9916146979679984,0.008092226833241975,0.004818953573703766,36.59798049926758
2025-02-13,gold,2925.8999679088593,2910.0060082674026,0.005792713,0.000345784,0.011714565,0.008022844,0.0345784,UP,0.007739505265221147,57.17006428653708,35.66840964420635,0.9916146979679984,0.008092226833241975,0.004818953573703766,36.59798049926758
2025-02-14,gold,2883.6000299803272,2926.8967568780063,-0.014562545,0.00034054896,0.007984695,0.00799665,0.034054894,UP,0.008266636667356539,57.17006428653708,35.66840964420635,0.9916146979679984,0.008092226833241975,0.004818953573703766,36.59798049926758
2025-02-18,gold,2931.5998968644417,2884.5890719271847,0.016508836,0.00034293768,0.008403595,0.007996624,0.034293767,UP,0.008500877186359505,57.17006428653708,35.66840964420635,0.9916146979679984,0.008092226833241975,0.004818953573703766,36.59798049926758
2025-02-19,gold,2919.3997868050064,2932.641180597653,-0.0041703,0.0003551122,0.00866083,0.0080193365,0.035511218,UP,0.008546518952232192,57.17006428653708,35.66840964420635,0.9916146979679984,0.008092226833241975,0.004818953573703766,36.59798049926758
2025-02-20,gold,2940.000225832395,2920.47806702822,0.0070314994,0.00036922327,0.008787516,0.0080618905,0.03692233,UP,0.00854825536756546,57.17006428653708,35.66840964420635,0.9916146979679984,0.008092226833241975,0.004818953573703766,36.59798049926758
2025-02-21,gold,2937.5999450683594,2941.113109588623,-0.00081662665,0.0003784737,0.010046465,0.00809988,0.03784737,UP,0.00858293935690247,57.17006428653708,35.66840964420635,0.9916146979679984,0.008092226833241975,0.004818953573703766,36.59798049926758
2025-02-24,gold,2947.899863013299,2938.7322594065336,0.0035000648,0.00038530084,0.015041118,0.0081361085,0.038530085,UP,0.008550692241767459,57.17006428653708,35.66840964420635,0.9916146979679984,0.008092226833241975,0.004818953573703766,36.59798049926758
2025-02-25,gold,2904.500247712189,2949.0493875241955,-0.014831761,0.00038982305,0.014206063,0.008167153,0.038982306,UP,0.009068535909663571,57.17006428653708,35.66840964420635,0.9916146979679984,0.008092226833241975,0.004818953573703766,36.59798049926758
2025-02-26,gold,2916.7999498844147,2905.6408719420433,0.004225883,0.00039273116,0.014087084,0.008202443,0.039273117,UP,0.008599676522867096,57.17006428653708,35.66840964420635,0.9916146979679984,0.008092226833241975,0.004818953573703766,36.59798049926758
2025-02-27,gold,2883.1999949552555,2917.9287143896217,-0.011586371,0.0003869777,0.012582326,0.008211366,0.03869777,UP,0.008994457943398242,57.17006428653708,35.66840964420635,0.9916146979679984,0.008092226833241975,0.004818953573703766,36.59798049926758
2025-02-28,gold,2836.8002254714665,2884.2778075989336,-0.0162241,0.00037382834,0.008680282,0.008195875,0.037382834,UP,0.009381276398015134,57.17006428653708,35.66840964420635,0.9916146979679984,0.008092226833241975,0.004818953573703766,36.59798049926758
2025-03-03,gold,2890.199919856823,2837.8172729667276,0.018649014,0.0003585407,0.0046860315,0.008171072,0.03585407,UP,0.009701776756120776,57.17006428653708,35.66840964420635,0.9916146979679984,0.008092226833241975,0.004818953573703766,36.59798049926758
2025-03-04,gold,2909.600235325168,2891.2187520570296,0.0066899615,0.0003523635,0.004994755,0.0081552025,0.03523635,UP,0.009730998027305638,57.17006428653708,35.66840964420635,0.9916146979679984,0.008092226833241975,0.004818953573703766,36.59798049926758
2025-03-05,gold,2915.2999060636503,2910.624349723861,0.001957099,0.0003519706,0.0063870056,0.008155071,0.03519706,UP,0.0097243685893119,57.17006428653708,35.66840964420635,0.9916146979679984,0.008092226833241975,0.004818953573703766,36.59798049926758
2025-03-06,gold,2916.6001617291768,2916.3318679147924,0.0004458406,0.00035392758,0.008715083,0.008166114,0.035392758,UP,0.009714910198644521,57.17006428653708,35.66840964420635,0.9916146979679984,0.008092226833241975,0.004818953573703766,36.59798049926758
2025-03-07,gold,2904.7000287482224,2917.625423155783,-0.00408849,0.00035149514,0.0073932493,0.008171828,0.035149515,UP,0.009754961110325578,57.17006428653708,35.66840964420635,0.9916146979679984,0.008092226833241975,0.004818953573703766,36.59798049926758
2025-03-10,gold,2890.9998887100082,2905.712090248737,-0.004727635,0.00034836255,0.005270625,0.00817716,0.034836255,UP,0.009801451956197929,57.17006428653708,35.66840964420635,0.9916146979679984,0.008092226833241975,0.004818953573703766,36.59798049926758
2025-03-11,gold,2912.9001157283783,2891.9822070598602,0.007546652,0.00033967468,0.0056047533,0.0081683295,0.03396747,UP,0.009397990856985389,57.17006428653708,35.66840964420635,0.9916146979679984,0.008092226833241975,0.004818953573703766,36.59798049926758
2025-03-12,gold,2939.100211552577,2913.8444080036134,0.00895433,0.00032422485,0.0065821228,0.008127388,0.032422487,UP,0.009349198264747786,57.17006428653708,35.66840964420635,0.9916146979679984,0.008092226833241975,0.004818953573703766,36.59798049926758
2025-03-13,gold,2984.300026690762,2939.9791710549616,0.015261785,0.0002991306,0.004577484,0.008052128,0.02991306,UP,0.009655630609327379,57.17006428653708,35.66840964420635,0.9916146979679984,0.008092226833241975,0.004818953573703766,36.59798049926758
2025-03-14,gold,2994.4999373793544,2985.141768207017,0.003412043,0.00028193853,0.0067069046,0.00798117,0.028193852,UP,0.009115232006900866,57.17006428653708,35.66840964420635,0.9916146979679984,0.008092226833241975,0.004818953573703766,36.59798049926758
2025-03-17,gold,2999.999870955944,2995.3017596006393,0.0018350161,0.0002676669,0.0068566627,0.007915299,0.026766691,UP,0.009051068102991522,57.17006428653708,35.66840964420635,0.9916146979679984,0.008092226833241975,0.004818953573703766,36.59798049926758
2025-03-18,gold,3035.1001024246216,3000.7781982421875,0.0116321165,0.00025932043,0.004063446,0.007861817,0.025932042,UP,0.009165576560720198,57.17006428653708,35.66840964420635,0.9916146979679984,0.008092226833241975,0.004818953573703766,36.59798049926758
2025-03-19,gold,3035.899702455499,3035.8754610430333,0.0002634837,0.00025547008,0.0040237075,0.0078195585,0.025547007,UP,0.009132462549045274,57.17006428653708,35.66840964420635,0.9916146979679984,0.008092226833241975,0.004818953573703766,36.59798049926758
2025-03-20,gold,3040.0003139845794,3036.670765255927,0.0013496266,0.00025397097,0.007519014,0.0077879033,0.025397096,UP,0.009096904829895464,57.17006428653708,35.66840964420635,0.9916146979679984,0.008092226833241975,0.004818953573703766,36.59798049926758
2025-03-21,gold,3018.2002353668213,3040.791835784912,-0.0071969046,0.00026042009,0.006249049,0.0077788406,0.026042009,UP,0.009150876742195486,57.17006428653708,35.66840964420635,0.9916146979679984,0.008092226833241975,0.004818953573703766,36.59798049926758
2025-03-24,gold,3013.1000019064086,3019.0163316356193,-0.0016911295,0.00027043355,0.005797322,0.007793799,0.027043356,UP,0.00916482071389324,57.17006428653708,35.66840964420635,0.9916146979679984,0.008092226833241975,0.004818953573703766,36.59798049926758
2025-03-25,gold,3023.700139639608,3013.93162139965,0.0035117497,0.00027587384,0.00684178,0.007806043,0.027587384,UP,0.008744721301662576,57.17006428653708,35.66840964420635,0.9916146979679984,0.008092226833241975,0.004818953573703766,36.59798049926758
2025-03-26,gold,3020.9001315390196,3024.539806948451,-0.000926463,0.0002777275,0.0055913315,0.0078110253,0.027772749,UP,0.008747192819662634,57.17006428653708,35.66840964420635,0.9916146979679984,0.008092226833241975,0.004818953573703766,36.59798049926758
2025-03-27,gold,3060.199724953505,3021.737539908034,0.012925489,0.00027729533,0.0102128815,0.007812049,0.027729534,UP,0.00899092169296923,57.17006428653708,35.66840964420635,0.9916146979679984,0.008092226833241975,0.004818953573703766,36.59798049926758
2025-03-28,gold,3086.5001496410114,3061.076211009349,0.008557506,0.00028631627,0.016028458,0.007820991,0.028631628,UP,0.009048686059158848,57.17006428653708,35.66840964420635,0.9916146979679984,0.008092226833241975,0.004818953573703766,36.59798049926758
2025-03-31,gold,3122.8001724481583,3087.4187448620796,0.011692288,0.00029766432,0.014024183,0.007841873,0.029766431,UP,0.008680791738803198,57.17006428653708,35.66840964420635,0.9916146979679984,0.008092226833241975,0.004818953573703766,36.59798049926758
2025-04-01,gold,3118.8999959574285,3123.764964309521,-0.0012497066,0.00030898934,0.015551659,0.007875295,0.030898934,UP,0.008295464743233632,57.17006428653708,35.66840964420635,0.9916146979679984,0.008092226833241975,0.004818953573703766,36.59798049926758
2025-04-02,gold,3139.900013957522,3119.8814592054114,0.0067105773,0.0003146562,0.023032902,0.007906159,0.03146562,UP,0.008250253965693908,57.17006428653708,35.66840964420635,0.9916146979679984,0.008092226833241975,0.004818953573703766,36.59798049926758
2025-04-03,gold,3097.0002177169954,3140.89517996792,-0.013757021,0.00031690212,0.027470326,0.007927054,0.031690214,UP,0.008707043603951362,57.17006428653708,35.66840964420635,0.9916146979679984,0.008092226833241975,0.004818953573703766,36.59798049926758
2025-04-04,gold,3011.999824821949,3097.996077775955,-0.027829591,0.00032165254,0.021474805,0.007961696,0.032165255,UP,0.010208060568449329,57.17006428653708,35.66840964420635,0.9916146979679984,0.008092226833241975,0.004818953573703766,36.59798049926758
2025-04-07,gold,2951.299924135208,3013.0197257995605,-0.020358542,0.00033843037,0.015902882,0.008040077,0.033843037,UP,0.0108896812588139,57.17006428653708,35.66840964420635,0.9916146979679984,0.008092226833241975,0.004818953573703766,36.59798049926758
2025-04-08,gold,2968.39967206397,2952.3495349938457,0.0057772864,0.0003556101,0.016157938,0.008132016,0.03556101,UP,0.01056641328997985,57.17006428653708,35.66840964420635,0.9916146979679984,0.008092226833241975,0.004818953573703766,36.59798049926758
2025-04-09,gold,3056.49992881855,2969.485901272332,0.029247416,0.00036571664,0.016975828,0.008211862,0.036571663,UP,0.011802226293083517,57.17006428653708,35.66840964420635,0.9916146979679984,0.008092226833241975,0.004818953573703766,36.59798049926758
2025-04-10,gold,3155.199794948101,3057.681994199753,0.031781398,0.00038660885,0.016989723,0.008329463,0.038660884,UP,0.012788616741637162,57.17006428653708,35.66840964420635,0.9916146979679984,0.008092226833241975,0.004818953573703766,36.59798049926758
2025-04-11,gold,3222.2002118232485,3156.45058057757,0.021012472,0.00039623363,0.018648375,0.008533483,0.039623365,UP,0.012673382130975021,57.17006428653708,35.66840964420635,0.9916146979679984,0.008092226833241975,0.004818953573703766,36.59798049926758
2025-04-14,gold,3204.8002570404788,3223.4356528810167,-0.0054146396,0.00038344454,0.017862545,0.008797746,0.038344454,UP,0.012488602615561199,57.17006428653708,35.66840964420635,0.9916146979679984,0.008092226833241975,0.004818953573703766,36.59798049926758
2025-04-15,gold,3218.7002626629546,3205.8556306999817,0.0043278355,0.00032936613,0.028680852,0.009093917,0.032936614,UP,0.012475222139232566,57.17006428653708,35.66840964420635,0.9916146979679984,0.008092226833241975,0.004818953573703766,36.59798049926758
2025-04-16,gold,3326.5999285303405,3219.5663433658774,0.032973252,0.00026915935,0.02524736,0.009348791,0.026915936,UP,0.013623636649131611,57.17006428653708,35.66840964420635,0.9916146979679984,0.008092226833241975,0.004818953573703766,36.59798049926758
2025-04-17,gold,3308.7000986089697,3327.3285813783878,-0.0053954427,0.0002188641,0.026140636,0.009544492,0.02188641,UP,0.0137245623425507,57.17006428653708,35.66840964420635,0.9916146979679984,0.008092226833241975,0.004818953573703766,36.59798049926758
2025-04-21,gold,3406.2001294767833,3309.295537105354,0.029041938,0.00017997499,0.022563215,0.009710248,0.0179975,UP,0.014369453668431892,57.17006428653708,35.66840964420635,0.9916146979679984,0.008092226833241975,0.004818953573703766,36.59798049926758
2025-04-22,gold,3400.800289279141,3406.768422118621,-0.0015865737,0.00016690414,0.022513343,0.009842156,0.016690414,UP,0.014304497054725593,57.17006428653708,35.66840964420635,0.9916146979679984,0.008092226833241975,0.004818953573703766,36.59798049926758
2025-04-23,gold,3276.299977517716,3401.3420779306034,-0.037295964,0.00015932893,0.013763238,0.009948386,0.015932893,UP,0.016231172727781278,57.17006428653708,35.66840964420635,0.9916146979679984,0.008092226833241975,0.004818953573703766,36.59798049926758
2025-04-24,gold,3331.9997523860366,3276.8452781281667,0.016857972,0.00016645734,0.016287059,0.010097094,0.016645733,UP,0.01638034735743139,57.17006428653708,35.66840964420635,0.9916146979679984,0.008092226833241975,0.004818953573703766,36.59798049926758
2025-04-25,gold,3282.3999745845795,3332.6402950286865,-0.014997892,0.0001921297,0.01667762,0.010256618,0.019212969,UP,0.01660622699810098,57.17006428653708,35.66840964420635,0.9916146979679984,0.008092226833241975,0.004818953573703766,36.59798049926758
2025-04-28,gold,3332.5002191896783,3283.117532899487,0.015147941,0.00021854087,0.019442942,0.010435817,0.021854086,UP,0.016749045199321938,57.17006428653708,35.66840964420635,0.9916146979679984,0.008092226833241975,0.004818953573703766,36.59798049926758
2025-04-29,gold,3318.7999206781387,3333.3310782909393,-0.0041194865,0.00024926866,0.02365789,0.010588407,0.024926865,UP,0.01680704394577492,57.17006428653708,35.66840964420635,0.9916146979679984,0.008092226833241975,0.004818953573703766,36.59798049926758
2025-04-30,gold,3304.9998183365824,3319.7119801178633,-0.004166813,0.00027482852,0.024220087,0.0107248435,0.027482852,UP,0.016789893892296768,57.17006428653708,35.66840964420635,0.9916146979679984,0.008092226833241975,0.004818953573703766,36.59798049926758
2025-05-01,gold,3209.9997594952583,3305.943992137909,-0.029165536,0.00028552976,0.022932561,0.010806774,0.028552976,UP,0.017759027906146214,57.17006428653708,35.66840964420635,0.9916146979679984,0.008092226833241975,0.004818953573703766,36.59798049926758
2025-05-02,gold,3231.9001185894012,3210.934842824936,0.0067992327,0.00029118685,0.023115426,0.01086928,0.029118685,UP,0.01778007788882939,57.17006428653708,35.66840964420635,0.9916146979679984,0.008092226833241975,0.004818953573703766,36.59798049926758
2025-05-05,gold,3311.3003247945453,3232.828409047681,0.024270708,0.00028728024,0.02660094,0.010874189,0.028728025,UP,0.01814407899028875,57.17006428653708,35.66840964420635,0.9916146979679984,0.008092226833241975,0.004818953573703766,36.59798049926758
2025-05-06,gold,3411.4000098922406,3312.247814108996,0.02978186,0.0002861499,0.020060927,0.01086741,0.02861499,UP,0.018769344487416264,57.17006428653708,35.66840964420635,0.9916146979679984,0.008092226833241975,0.004818953573703766,36.59798049926758
2025-05-07,gold,3381.39981522609,3412.3978718948783,-0.00883294,0.00029254094,0.020337138,0.0108810775,0.029254094,UP,0.018921410689658694,57.17006428653708,35.66840964420635,0.9916146979679984,0.008092226833241975,0.004818953573703766,36.59798049926758
2025-05-08,gold,3296.5999509148824,3382.400382346823,-0.025398133,0.0002958373,0.02118363,0.010903162,0.02958373,UP,0.01963451405397562,57.17006428653708,35.66840964420635,0.9916146979679984,0.008092226833241975,0.004818953573703766,36.59798049926758
2025-05-09,gold,3335.3999347974895,3297.5927786644315,0.011700919,0.00030101955,0.019166172,0.010945611,0.030101955,UP,0.019614236543752283,57.17006428653708,35.66840964420635,0.9916146979679984,0.008092226833241975,0.004818953573703766,36.59798049926758
2025-05-12,gold,3219.999970965757,3336.4332924301852,-0.035211224,0.00030968076,0.01487828,0.010986779,0.030968076,UP,0.020746594684589385,57.17006428653708,35.66840964420635,0.9916146979679984,0.008092226833241975,0.004818953573703766,36.59798049926758
2025-05-13,gold,3240.3001141548157,3221.030263900757,0.006284574,0.0003198769,0.016331006,0.011039115,0.03198769,UP,0.020678436506851142,57.17006428653708,35.66840964420635,0.9916146979679984,0.008092226833241975,0.004818953573703766,36.59798049926758
2025-05-14,gold,3181.3996576672216,3241.3812293811643,-0.018344613,0.00033356453,0.011479815,0.011091567,0.033356454,UP,0.020983040059280623,57.17006428653708,35.66840964420635,0.9916146979679984,0.008092226833241975,0.004818953573703766,36.59798049926758
2025-05-15,gold,3220.699934587523,3182.481150999258,0.012277392,0.00033988067,0.012419324,0.0111264,0.033988066,UP,0.021062085864331025,57.17006428653708,35.66840964420635,0.9916146979679984,0.008092226833241975,0.004818953573703766,36.59798049926758
2025-05-16,gold,3182.0000258292857,3221.783806319494,-0.012088782,0.00033649371,0.010130003,0.011121738,0.03364937,UP,0.021024498327814313,57.17006428653708,35.66840964420635,0.9916146979679984,0.008092226833241975,0.004818953573703766,36.59798049926758
2025-05-19,gold,3228.899993658066,3183.037451028824,0.014631562,0.0003260321,0.016544253,0.011093872,0.03260321,UP,0.020451190038498247,57.17006428653708,35.66840964420635,0.9916146979679984,0.008092226833241975,0.004818953573703766,36.59798049926758
2025-05-20,gold,3280.2998935412616,3229.91299826419,0.015793405,0.0003136397,0.015308887,0.011049457,0.03136397,UP,0.020129906204552205,57.17006428653708,35.66840964420635,0.9916146979679984,0.008092226833241975,0.004818953573703766,36.59798049926758
2025-05-21,gold,3309.300132265227,3281.292514029017,0.008801805,0.00030244645,0.015105382,0.011003809,0.030244645,UP,0.02014837954419364,57.17006428653708,35.66840964420635,0.9916146979679984,0.008092226833241975,0.004818953573703766,36.59798049926758
2025-05-22,gold,3292.299890160066,3310.2279111999087,-0.005150278,0.00028028464,0.015491559,0.010925551,0.028028464,UP,0.01960326428824132,57.17006428653708,35.66840964420635,0.9916146979679984,0.008092226833241975,0.004818953573703766,36.59798049926758
2025-05-23,gold,3363.5997883403907,3293.133660948719,0.021425435,0.00025313825,0.016600834,0.010832327,0.025313824,UP,0.0191397226100964,57.17006428653708,35.66840964420635,0.9916146979679984,0.008092226833241975,0.004818953573703766,36.59798049926758
2025-05-27,gold,3299.1002823938325,3364.3515198925743,-0.019362126,0.00022338306,0.013397095,0.010716148,0.022338307,UP,0.01918399497168349,57.17006428653708,35.66840964420635,0.9916146979679984,0.008092226833241975,0.004818953573703766,36.59798049926758
2025-05-28,gold,3293.600029603753,3299.759633882495,-0.0016685124,0.0001998298,0.013186367,0.010612028,0.019982979,UP,0.01915337050766129,57.17006428653708,35.66840964420635,0.9916146979679984,0.008092226833241975,0.004818953573703766,36.59798049926758
2025-05-29,gold,3317.1000450426363,3294.198069685546,0.007109716,0.00018140832,0.014013882,0.0105163315,0.018140832,UP,0.019176528765637392,57.17006428653708,35.66840964420635,0.9916146979679984,0.008092226833241975,0.004818953573703766,36.59798049926758
2025-05-30,gold,3288.8998703939433,3317.6426264445763,-0.008537804,0.000163522,0.01398647,0.010420691,0.016352199,UP,0.018244925621957158,57.17006428653708,35.66840964420635,0.9916146979679984,0.008092226833241975,0.004818953573703766,36.59798049926758
2025-06-02,gold,3370.6000876844046,3289.3703832486644,0.024537668,0.00014305685,0.0067617134,0.01031403,0.014305685,UP,0.018776660839668516,57.17006428653708,35.66840964420635,0.9916146979679984,0.008092226833241975,0.004818953573703766,36.59798049926758
2025-06-03,gold,3350.199962430226,3371.0629791393876,-0.0060707685,0.00013736478,0.006487061,0.0102461,0.013736478,UP,0.018010155143341314,57.17006428653708,35.66840964420635,0.9916146979679984,0.008092226833241975,0.004818953573703766,36.59798049926758
2025-06-04,gold,3373.499885481753,3350.647251122631,0.00693075,0.00013352517,0.0046664183,0.01020284,0.013352517,UP,0.018058121313074067,57.17006428653708,35.66840964420635,0.9916146979679984,0.008092226833241975,0.004818953573703766,36.59798049926758
2025-06-05,gold,3350.6999618411064,3373.938748419285,-0.0067815166,0.00013001722,0.009873924,0.010167823,0.013001721,UP,0.01675288735060558,57.17006428653708,35.66840964420635,0.9916146979679984,0.008092226833241975,0.004818953573703766,36.59798049926758
2025-06-06,gold,3322.6999879029754,3351.0977879943093,-0.008391574,0.00011870716,0.009317465,0.010108796,0.011870716,UP,0.016550187956463545,57.17006428653708,35.66840964420635,0.9916146979679984,0.008092226833241975,0.004818953573703766,36.59798049926758
2025-06-09,gold,3332.100118069793,3323.0536655254837,0.0028250746,0.0001065025,0.012006581,0.010042476,0.01065025,UP,0.016313634325765183,57.17006428653708,35.66840964420635,0.9916146979679984,0.008092226833241975,0.004818953573703766,36.59798049926758
2025-06-10,gold,3320.899761861132,3332.4182687018183,-0.003366964,9.547896e-05,0.011936801,0.009968539,0.009547896,UP,0.016090412355889882,57.17006428653708,35.66840964420635,0.9916146979679984,0.008092226833241975,0.004818953573703766,36.59798049926758
2025-06-11,gold,3321.300139165076,3321.1778115906054,0.00012048615,8.361263e-05,0.011876805,0.009885584,0.008361263,UP,0.016071585119333577,57.17006428653708,35.66840964420635,0.9916146979679984,0.008092226833241975,0.004818953573703766,36.59798049926758
2025-06-12,gold,3380.900156372809,3321.506328263931,0.017785631,6.2157866e-05,0.009612788,0.009756609,0.0062157866,UP,0.01637110480937182,57.17006428653708,35.66840964420635,0.9916146979679984,0.008092226833241975,0.004818953573703766,36.59798049926758
2025-06-13,gold,3431.199838937784,3381.094971126644,0.014768124,5.766831e-05,0.0053176875,0.009637756,0.005766831,UP,0.015565964396152711,57.17006428653708,35.66840964420635,0.9916146979679984,0.008092226833241975,0.004818953573703766,36.59798049926758
2025-06-16,gold,3396.399601477897,3431.42819041881,-0.010194022,6.6512875e-05,0.008250782,0.009523883,0.0066512874,UP,0.01570507706601502,57.17006428653708,35.66840964420635,0.9916146979679984,0.008092226833241975,0.004818953573703766,36.59798049926758
2025-06-17,gold,3386.599925823655,3396.644451325061,-0.0028895212,7.192229e-05,0.008950082,0.009443569,0.007192229,UP,0.015120157289117761,57.17006428653708,35.66840964420635,0.9916146979679984,0.008092226833241975,0.004818953573703766,36.59798049926758
2025-06-18,gold,3389.8003400533344,3386.8689713078784,0.00094443996,7.940232e-05,0.009082329,0.009368761,0.007940232,UP,0.014067347490539235,57.17006428653708,35.66840964420635,0.9916146979679984,0.008092226833241975,0.004818953573703766,36.59798049926758
2025-06-20,gold,3368.1001121256268,3390.107565621991,-0.0064221206,9.070372e-05,0.011301137,0.009285553,0.009070372,UP,0.014023164587592764,57.17006428653708,35.66840964420635,0.9916146979679984,0.008092226833241975,0.004818953573703766,36.59798049926758
2025-06-23,gold,3377.7001735371305,3368.4562359793927,0.002846174,0.00010573381,0.012035494,0.009206178,0.010573381,UP,0.013206629457671941,57.17006428653708,35.66840964420635,0.9916146979679984,0.008092226833241975,0.004818953573703766,36.59798049926758
2025-06-24,gold,3317.400015504638,3378.1142813265033,-0.018013677,0.000122654,0.011572301,0.009114342,0.0122654,UP,0.013470265406698751,57.17006428653708,35.66840964420635,0.9916146979679984,0.008092226833241975,0.004818953573703766,36.59798049926758
2025-06-25,gold,3327.1002605205285,3317.8523141727783,0.002919769,0.00013628408,0.011591649,0.009019706,0.013628408,UP,0.011793467993256526,57.17006428653708,35.66840964420635,0.9916146979679984,0.008092226833241975,0.004818953573703766,36.59798049926758
2025-06-26,gold,3333.499977967236,3327.571680309309,0.0019217201,0.00014181479,0.011891834,0.008883046,0.014181479,UP,0.011754610089003463,57.17006428653708,35.66840964420635,0.9916146979679984,0.008092226833241975,0.004818953573703766,36.59798049926758
2025-06-27,gold,3273.699842363596,3334.0082543492317,-0.018101975,0.00015245123,0.006609413,0.008732038,0.015245124,UP,0.011741270621437027,57.17006428653708,35.66840964420635,0.9916146979679984,0.008092226833241975,0.004818953573703766,36.59798049926758
2025-06-30,gold,3294.3998805058072,3274.2416257300647,0.0063031986,0.00016534899,0.0065643988,0.00859607,0.016534898,UP,0.011591228853115311,57.17006428653708,35.66840964420635,0.9916146979679984,0.008092226833241975,0.004818953573703766,36.59798049926758
2025-07-01,gold,3336.699711690133,3295.001554089831,0.012758253,0.00018266945,0.0043949964,0.0084756585,0.018266944,UP,0.011530322532225586,57.17006428653708,35.66840964420635,0.9916146979679984,0.008092226833241975,0.004818953573703766,36.59798049926758
2025-07-02,gold,3348.000074972253,3337.372572853259,0.0033808725,0.00020145829,0.0038682478,0.008387863,0.020145828,UP,0.011269191654335022,57.17006428653708,35.66840964420635,0.9916146979679984,0.008092226833241975,0.004818953573703766,36.59798049926758
2025-07-03,gold,3331.6000599861145,3348.7315735816956,-0.004910454,0.00021842771,0.0038423312,0.008327343,0.02184277,UP,0.010973064700700736,57.17006428653708,35.66840964420635,0.9916146979679984,0.008092226833241975,0.004818953573703766,36.59798049926758
2025-07-04,gold,3332.5000569607364,3332.3487398843863,0.0002700747,0.0002247093,0.0068297847,0.00826974,0.02247093,UP,0.010861458975560939,57.17006428653708,35.66840964420635,0.9916146979679984,0.008092226833241975,0.004818953573703766,36.59798049926758
2025-07-07,gold,3332.200064957142,3333.254803419113,-9.00412e-05,0.00022643688,0.006920643,0.008204055,0.022643689,UP,0.010813485259554856,57.17006428653708,35.66840964420635,0.9916146979679984,0.008092226833241975,0.004818953573703766,36.59798049926758
2025-07-08,gold,3306.9999300477066,3332.9197304620175,-0.007591298,0.00021599795,0.0065836394,0.008132812,0.021599796,UP,0.010132743098374196,57.17006428653708,35.66840964420635,0.9916146979679984,0.008092226833241975,0.004818953573703766,36.59798049926758
2025-07-09,gold,3311.600212931633,3307.6926535367966,0.0013900518,0.00020933709,0.0070162625,0.0080440575,0.020933708,UP,0.009502897141656814,57.17006428653708,35.66840964420635,0.9916146979679984,0.008092226833241975,0.004818953573703766,36.59798049926758
2025-07-10,gold,3317.400109843584,3312.273186465085,0.0017498285,0.00020319111,0.007556693,0.007938602,0.020319112,UP,0.009500608937648071,57.17006428653708,35.66840964420635,0.9916146979679984,0.008092226833241975,0.004818953573703766,36.59798049926758
2025-07-11,gold,3356.0000434241374,3318.020386749122,0.011568475,0.00018702779,0.005444826,0.00781398,0.018702779,UP,0.00964693546235658,57.17006428653708,35.66840964420635,0.9916146979679984,0.008092226833241975,0.004818953573703766,36.59798049926758
2025-07-14,gold,3351.499853372574,3356.5960988998413,-0.0013417818,0.00017751518,0.008396674,0.0077033616,0.017751517,UP,0.009505792263135655,57.17006428653708,35.66840964420635,0.9916146979679984,0.008092226833241975,0.004818953573703766,36.59798049926758
2025-07-15,gold,3329.799931168556,3352.077720284462,-0.0064957505,0.00017235949,0.0069694333,0.007612766,0.01723595,UP,0.008417333706133394,57.17006428653708,35.66840964420635,0.9916146979679984,0.008092226833241975,0.004818953573703766,36.59798049926758
2025-07-16,gold,3352.4996368399006,3330.3553722224606,0.0067940797,0.00016675101,0.011191103,0.0075328373,0.016675102,UP,0.00844573160745179,57.17006428653708,35.66840964420635,0.9916146979679984,0.008092226833241975,0.004818953573703766,36.59798049926758
2025-07-17,gold,3340.1000860333443,3353.049517571926,-0.0037055602,0.00016388777,0.011697513,0.0074646384,0.016388778,UP,0.008369342638708544,57.17006428653708,35.66840964420635,0.9916146979679984,0.008092226833241975,0.004818953573703766,36.59798049926758
2025-07-18,gold,3353.000040407642,3340.645591870998,0.0038546917,0.00016318318,0.01289164,0.0074110986,0.016318318,UP,0.008311050781834741,57.17006428653708,35.66840964420635,0.9916146979679984,0.008092226833241975,0.004818953573703766,36.59798049926758
2025-07-21,gold,3401.899568796158,3353.555195450783,0.014478603,0.00016553717,0.009550041,0.0073707146,0.016553717,UP,0.008561884087439617,57.17006428653708,35.66840964420635,0.9916146979679984,0.008092226833241975,0.004818953573703766,36.59798049926758
2025-07-22,gold,3439.200077452406,3402.480632860679,0.010904802,0.00017072516,0.0067613423,0.0073498604,0.017072517,UP,0.008754353178738412,57.17006428653708,35.66840964420635,0.9916146979679984,0.008092226833241975,0.004818953573703766,36.59798049926758
2025-07-23,gold,3394.100007125293,3439.809188261919,-0.013200213,0.00017713399,0.005916746,0.0073476103,0.0177134,UP,0.009099674601624648,57.17006428653708,35.66840964420635,0.9916146979679984,0.008092226833241975,0.004818953573703766,36.59798049926758
2025-07-24,gold,3370.9997981935157,3394.720766729093,-0.0068292227,0.00018275139,0.0062794387,0.007372837,0.01827514,UP,0.009203918958478014,57.17006428653708,35.66840964420635,0.9916146979679984,0.008092226833241975,0.004818953573703766,36.59798049926758
2025-07-25,gold,3334.0000492334366,3371.631313443184,-0.011036652,0.00018722822,0.010136682,0.00740982,0.018722821,UP,0.008824423543878912,57.17006428653708,35.66840964420635,0.9916146979679984,0.008092226833241975,0.004818953573703766,36.59798049926758
2025-07-28,gold,3309.1003464460373,3334.637499809265,-0.007496506,0.00019121412,0.009285872,0.0074506137,0.019121412,UP,0.00842186908167908,57.17006428653708,35.66840964420635,0.9916146979679984,0.008092226833241975,0.004818953573703766,36.59798049926758
2025-07-29,gold,3323.3998335051583,3309.7379644939792,0.0043120477,0.00019273236,0.009310226,0.0074853688,0.019273236,UP,0.008303858391759577,57.17006428653708,35.66840964420635,0.9916146979679984,0.008092226833241975,0.004818953573703766,36.59798049926758
2025-07-30,gold,3295.800012803462,3324.0512224959675,-0.00833938,0.00019587879,0.0072648064,0.007512122,0.019587878,UP,0.008411499839696324,57.17006428653708,35.66840964420635,0.9916146979679984,0.008092226833241975,0.004818953573703766,36.59798049926758
2025-07-31,gold,3293.1999029251165,3296.432601699664,-0.0007892239,0.00019181694,0.00649557,0.007516927,0.019181695,UP,0.00840454476434661,57.17006428653708,35.66840964420635,0.9916146979679984,0.008092226833241975,0.004818953573703766,36.59798049926758
2025-08-01,gold,3347.699873354606,3293.792747011932,0.016413806,0.0001800551,0.004685875,0.007488568,0.018005509,UP,0.00891809304118207,57.17006428653708,35.66840964420635,0.9916146979679984,0.008092226833241975,0.004818953573703766,36.59798049926758
2025-08-04,gold,3374.399794284487,3348.289387801633,0.007943974,0.00017610875,0.014169935,0.0074674366,0.017610874,UP,0.009026266767012878,57.17006428653708,35.66840964420635,0.9916146979679984,0.008092226833241975,0.004818953573703766,36.59798049926758
2025-08-05,gold,3381.9000365947722,3374.9984649484977,0.002220151,0.00017740435,0.014040825,0.007462258,0.017740434,UP,0.00837742266679471,57.17006428653708,35.66840964420635,0.9916146979679984,0.008092226833241975,0.004818953573703766,36.59798049926758
2025-08-06,gold,3379.999838085205,3382.4993921702844,-0.00056194334,0.00017727171,0.014213014,0.00745704,0.01772717,UP,0.00836933760573691,57.17006428653708,35.66840964420635,0.9916146979679984,0.008092226833241975,0.004818953573703766,36.59798049926758
2025-08-07,gold,3400.2998852729797,3380.595123767853,0.005987968,0.00017607868,0.013736245,0.007448202,0.017607868,UP,0.008425276899513912,57.17006428653708,35.66840964420635,0.9916146979679984,0.008092226833241975,0.004818953573703766,36.59798049926758
2025-08-08,gold,3439.100302812323,3400.8979361739184,0.01134616,0.00017577776,0.011352435,0.007438466,0.017577777,UP,0.007872704613300687,57.17006428653708,35.66840964420635,0.9916146979679984,0.008092226833241975,0.004818953573703766,36.59798049926758
2025-08-11,gold,3353.0999237256765,3439.696197932004,-0.025324518,0.00017329972,0.0036376934,0.0074153445,0.017329972,UP,0.009200707248875723,57.17006428653708,35.66840964420635,0.9916146979679984,0.008092226833241975,0.004818953573703766,36.59798049926758
2025-08-12,gold,3348.899832746247,3353.6944823080557,-0.0012534156,0.00017721743,0.0040981914,0.0074304687,0.017721742,UP,0.008911006279868818,57.17006428653708,35.66840964420635,0.9916146979679984,0.008092226833241975,0.004818953573703766,36.59798049926758
2025-08-13,gold,3358.69995436701,3349.5095112503623,0.0029220753,0.000182006,0.006293429,0.0074508553,0.0182006,UP,0.008905654537562972,57.17006428653708,35.66840964420635,0.9916146979679984,0.008092226833241975,0.004818953573703766,36.59798049926758
2025-08-14,gold,3335.199964495405,3359.3265587596397,-0.0070213466,0.00018655293,0.005409112,0.0074742306,0.018655293,UP,0.008954734437048062,57.17006428653708,35.66840964420635,0.9916146979679984,0.008092226833241975,0.004818953573703766,36.59798049926758
2025-08-15,gold,3335.9998958470533,3335.8337045576773,0.00023985156,0.00019007138,0.0073436704,0.007503445,0.019007139,UP,0.00895471340789357,57.17006428653708,35.66840964420635,0.9916146979679984,0.008092226833241975,0.004818953573703766,36.59798049926758
2025-08-18,gold,3331.7002601623535,3336.6470289230347,-0.001289815,0.00019390424,0.007224055,0.0075362646,0.019390425,UP,0.00895814484181912,57.17006428653708,35.66840964420635,0.9916146979679984,0.008092226833241975,0.004818953573703766,36.59798049926758
2025-08-19,gold,3313.3997668266093,3332.3525007986755,-0.005507847,0.0001958324,0.0056651933,0.007567208,0.01958324,UP,0.008905435941634478,57.17006428653708,35.66840964420635,0.9916146979679984,0.008092226833241975,0.004818953573703766,36.59798049926758
2025-08-20,gold,3343.400034592487,3314.0425478984253,0.009013401,0.0001939034,0.0051051136,0.0075855055,0.019390339,UP,0.009052348309143919,57.17006428653708,35.66840964420635,0.9916146979679984,0.008092226833241975,0.004818953573703766,36.59798049926758
2025-08-21,gold,3336.8999160161766,3344.027242594515,-0.0019460211,0.00018752115,0.004251771,0.00757454,0.018752115,UP,0.009057880447234363,57.17006428653708,35.66840964420635,0.9916146979679984,0.008092226833241975,0.004818953573703766,36.59798049926758
2025-08-22,gold,3374.399913155299,3337.4953931753407,0.011175299,0.00017840236,0.004575385,0.00754497,0.017840236,UP,0.00904089612734539,57.17006428653708,35.66840964420635,0.9916146979679984,0.008092226833241975,0.004818953573703766,36.59798049926758
2025-08-25,gold,3373.7999318296497,3374.984788114787,-0.0001777818,0.00017320555,0.00710299,0.0075112483,0.017320555,UP,0.009036456209046343,57.17006428653708,35.66840964420635,0.9916146979679984,0.008092226833241975,0.004818953573703766,36.59798049926758
2025-08-26,gold,3388.6001763340028,3374.367938717478,0.004377166,0.0001683079,0.006335392,0.0074737566,0.01683079,UP,0.008974669742314012,57.17006428653708,35.66840964420635,0.9916146979679984,0.008092226833241975,0.004818953573703766,36.59798049926758
2025-08-27,gold,3404.600256594189,3389.1599759740056,0.0047106016,0.00016519295,0.010681131,0.007436065,0.016519295,UP,0.008932852519635175,57.17006428653708,35.66840964420635,0.9916146979679984,0.008092226833241975,0.004818953573703766,36.59798049926758
2025-08-28,gold,3431.8000203781994,3405.1577492397046,0.0079574315,0.00016370376,0.010779486,0.0073995483,0.016370377,UP,0.008995687747058858,57.17006428653708,35.66840964420635,0.9916146979679984,0.008092226833241975,0.004818953573703766,36.59798049926758
2025-08-29,gold,3473.7003213168355,3432.3605191787356,0.012135376,0.0001632756,0.01081284,0.007359508,0.01632756,UP,0.009215512967248792,57.17006428653708,35.66840964420635,0.9916146979679984,0.008092226833241975,0.004818953573703766,36.59798049926758
2025-09-02,gold,3549.399836894736,3474.288797537156,0.021558255,0.00016947952,0.008605851,0.007336653,0.016947951,UP,0.00965924308263755,57.17006428653708,35.66840964420635,0.9916146979679984,0.008092226833241975,0.004818953573703766,36.59798049926758
2025-09-03,gold,3593.199741398217,3550.044316297921,0.01226461,0.00018156419,0.0078004096,0.0073474245,0.018156419,UP,0.0097090514648714,57.17006428653708,35.66840964420635,0.9916146979679984,0.008092226833241975,0.004818953573703766,36.59798049926758
2025-09-04,gold,3565.799932256152,3593.8998633289593,-0.0076547107,0.00019482416,0.006103763,0.0073873396,0.019482415,UP,0.009472914076678276,57.17006428653708,35.66840964420635,0.9916146979679984,0.008092226833241975,0.004818953573703766,36.59798049926758
2025-09-05,gold,3613.1999032073945,3566.5405320745776,0.013205347,0.00020765462,0.00333533,0.0074575976,0.020765463,UP,0.00956166562036339,57.17006428653708,35.66840964420635,0.9916146979679984,0.008092226833241975,0.004818953573703766,36.59798049926758
2025-09-08,gold,3638.0998482677096,3614.0148866543313,0.006867802,0.00022549658,0.0041301525,0.007547089,0.022549657,UP,0.009253876444589724,57.17006428653708,35.66840964420635,0.9916146979679984,0.008092226833241975,0.004818953573703766,36.59798049926758
2025-09-09,gold,3643.300104638445,3638.9796317813452,0.0014282835,0.0002417723,0.004110635,0.0076444824,0.02417723,UP,0.009048580197494443,57.17006428653708,35.66840964420635,0.9916146979679984,0.008092226833241975,0.004818953573703766,36.59798049926758
2025-09-10,gold,3643.60016063854,3644.2377353674674,8.2352955e-05,0.00025741,0.004485578,0.0077484837,0.025741,UP,0.00906438744709322,57.17006428653708,35.66840964420635,0.9916146979679984,0.008092226833241975,0.004818953573703766,36.59798049926758
2025-09-11,gold,3636.899799453444,3644.5912865904393,-0.0018405872,0.00027200975,0.007182542,0.007854739,0.027200975,UP,0.008858125885608385,57.17006428653708,35.66840964420635,0.9916146979679984,0.008092226833241975,0.004818953573703766,36.59798049926758
2025-09-12,gold,3649.400080917403,3637.932623811648,0.0034311004,0.00028391532,0.007838377,0.007943298,0.028391533,UP,0.008823966237050727,57.17006428653708,35.66840964420635,0.9916146979679984,0.008092226833241975,0.004818953573703766,36.59798049926758
2025-09-15,gold,3682.1999218031415,3650.4766322086216,0.0089476425,0.0002950402,0.010862327,0.008009304,0.02950402,UP,0.008540848292253028,57.17006428653708,35.66840964420635,0.9916146979679984,0.008092226833241975,0.004818953573703766,36.59798049926758
2025-09-16,gold,3688.900121218525,3683.2995270344836,0.0018178979,0.0002986187,0.011295292,0.008045297,0.02986187,UP,0.0084963609348189,57.17006428653708,35.66840964420635,0.9916146979679984,0.008092226833241975,0.004818953573703766,36.59798049926758
2025-09-17,gold,3681.8003401191963,3689.982129890879,-0.0019265078,0.00029326905,0.01375766,0.008051871,0.029326905,UP,0.008543219829214837,57.17006428653708,35.66840964420635,0.9916146979679984,0.008092226833241975,0.004818953573703766,36.59798049926758
2025-09-18,gold,3643.7000426246377,3682.8547369858425,-0.010402141,0.0002864559,0.011829886,0.008040441,0.02864559,UP,0.008859813223036504,57.17006428653708,35.66840964420635,0.9916146979679984,0.008092226833241975,0.004818953573703766,36.59798049926758
2025-09-19,gold,3671.5000443786266,3644.7259163003764,0.0076006628,0.00028154353,0.0120276855,0.008029457,0.028154353,UP,0.00888660167825455,57.17006428653708,35.66840964420635,0.9916146979679984,0.008092226833241975,0.004818953573703766,36.59798049926758
2025-09-22,gold,3740.699782669544,3672.5263523459435,0.01867245,0.00027948536,0.010483334,0.0080172075,0.027948536,UP,0.009237681297871005,57.17006428653708,35.66840964420635,0.9916146979679984,0.008092226833241975,0.004818953573703766,36.59798049926758
2025-09-23,gold,3780.6005342282006,3741.766160676867,0.010610007,0.00028496695,0.009925969,0.008023341,0.028496696,UP,0.007695929882883288,57.17006428653708,35.66840964420635,0.9916146979679984,0.008092226833241975,0.004818953573703766,36.59798049926758
2025-09-24,gold,3732.099884091702,3781.6907496734057,-0.0129116485,0.0002883411,0.0042217704,0.008028937,0.02883411,UP,0.008241153991794632,57.17006428653708,35.66840964420635,0.9916146979679984,0.008092226833241975,0.004818953573703766,36.59798049926758
2025-09-25,gold,3736.899689656915,3733.1856560991146,0.0012852605,0.00029088836,0.007556351,0.008049813,0.029088836,UP,0.00825155872053523,57.17006428653708,35.66840964420635,0.9916146979679984,0.008092226833241975,0.004818953573703766,36.59798049926758
2025-09-26,gold,3775.300136146776,3737.9935390067403,0.010223498,0.00029264882,0.0076256236,0.008070807,0.029264882,UP,0.008087951348796958,57.17006428653708,35.66840964420635,0.9916146979679984,0.008092226833241975,0.004818953573703766,36.59798049926758
2025-09-29,gold,3820.8996496495383,3776.4130245471897,0.012006109,0.00029475277,0.008995225,0.008088343,0.029475277,UP,0.008177812707033187,57.17006428653708,35.66840964420635,0.9916146979679984,0.008092226833241975,0.004818953573703766,36.59798049926758
2025-09-30,gold,3840.7996635238524,3822.023588187585,0.0051947194,0.00029404502,0.008962664,0.008094709,0.029404502,UP,0.008103093357992676,57.17006428653708,35.66840964420635,0.9916146979679984,0.008092226833241975,0.004818953573703766,36.59798049926758
2025-10-01,gold,3867.5000990447297,3841.925008502003,0.0069276127,0.0002928499,0.009953236,0.008096003,0.02928499,UP,0.007874225395826785,57.17006428653708,35.66840964420635,0.9916146979679984,0.008092226833241975,0.004818953573703766,36.59798049926758
2025-10-02,gold,3839.7000938653946,3868.6230981349945,-0.0072140777,0.00029043108,0.017169086,0.0080844145,0.029043108,UP,0.00815335601124089,57.17006428653708,35.66840964420635,0.9916146979679984,0.008092226833241975,0.004818953573703766,36.59798049926758
2025-10-03,gold,3880.7997973341553,3840.8035331466526,0.010647105,0.00028743935,0.016987836,0.008071129,0.028743936,UP,0.008127259264956927,57.17006428653708,35.66840964420635,0.9916146979679984,0.008092226833241975,0.004818953573703766,36.59798049926758
2025-10-06,gold,3948.5000197345507,3881.9029525895603,0.01729443,0.00028412748,0.020823088,0.008038533,0.028412748,UP,0.00836501265769785,57.17006428653708,35.66840964420635,0.9916146979679984,0.008092226833241975,0.004818953573703766,36.59798049926758
2025-10-07,gold,3976.6001927256584,3949.623085141182,0.0070914477,0.0002843777,0.020821158,0.008006873,0.028437769,UP,0.00830656881641851,57.17006428653708,35.66840964420635,0.9916146979679984,0.008092226833241975,0.004818953573703766,36.59798049926758
2025-10-08,gold,4043.3000273156795,3977.736863974831,0.016633995,0.00028584016,0.020308377,0.007980896,0.028584016,UP,0.00855209823415065,57.17006428653708,35.66840964420635,0.9916146979679984,0.008092226833241975,0.004818953573703766,36.59798049926758
2025-10-09,gold,3946.2999339131784,4044.4751622103504,-0.024282759,0.0002905813,0.011714208,0.007970619,0.029058129,UP,0.010150445389319623,57.17006428653708,35.66840964420635,0.9916146979679984,0.008092226833241975,0.004818953573703766,36.59798049926758
2025-10-10,gold,3975.899858364137,3947.485546603566,0.0074726697,0.00030040022,0.020720806,0.008022717,0.030040022,UP,0.01014584833188915,57.17006428653708,35.66840964420635,0.9916146979679984,0.008092226833241975,0.004818953573703766,36.59798049926758
2025-10-13,gold,4108.599925846851,3977.135053055943,0.032831248,0.00031060693,0.02114214,0.008098983,0.031060694,UP,0.011333329855124568,57.17006428653708,35.66840964420635,0.9916146979679984,0.008092226833241975,0.004818953573703766,36.59798049926758
2025-10-14,gold,4138.700220060535,4109.976878508867,0.0072994144,0.00033506012,0.037995517,0.008217154,0.033506013,UP,0.010924205662296427,57.17006428653708,35.66840964420635,0.9916146979679984,0.008092226833241975,0.004818953573703766,36.59798049926758
2025-10-15,gold,4176.899977841647,4140.1354130349355,0.009187545,0.000346719,0.037505157,0.008362028,0.0346719,UP,0.010868632863350117,57.17006428653708,35.66840964420635,0.9916146979679984,0.008092226833241975,0.004818953573703766,36.59798049926758
2025-10-16,gold,4280.200474684243,4178.277163640247,0.024430463,0.00032968854,0.03660835,0.008521158,0.032968853,UP,0.011165028466453255,57.17006428653708,35.66840964420635,0.9916146979679984,0.008092226833241975,0.004818953573703766,36.59798049926758
2025-10-17,gold,4189.900027541444,4281.533451451105,-0.02132294,0.00031137373,0.035779763,0.008685884,0.031137373,UP,0.012131632731897019,57.17006428653708,35.66840964420635,0.9916146979679984,0.008092226833241975,0.004818953573703766,36.59798049926758
2025-10-20,gold,4336.399413425534,4191.0971438963315,0.034367643,0.00028569545,0.029721575,0.00887616,0.028569546,UP,0.013306844419657913,57.17006428653708,35.66840964420635,0.9916146979679984,0.008092226833241975,0.004818953573703766,36.59798049926758
2025-10-21,gold,4087.700218055543,4337.5547444083495,-0.059062038,0.0002662151,0.017551282,0.009056571,0.02662151,UP,0.017623635509457062,57.17006428653708,35.66840964420635,0.9916146979679984,0.008092226833241975,0.004818953573703766,36.59798049926758
2025-10-22,gold,4044.3994448410085,4088.6092376838787,-0.010649269,0.00022234384,0.017850233,0.009382772,0.022234384,UP,0.017812136352638366,57.17006428653708,35.66840964420635,0.9916146979679984,0.008092226833241975,0.004818953573703766,36.59798049926758
2025-10-23,gold,4125.4999604669865,4045.11152628134,0.01985404,0.00017594597,0.013771621,0.00973701,0.017594596,UP,0.018027063385349772,57.17006428653708,35.66840964420635,0.9916146979679984,0.008092226833241975,0.004818953573703766,36.59798049926758
2025-10-24,gold,4118.399913370609,4126.211631596088,-0.0017225097,0.00017247965,0.013594467,0.01006221,0.017247964,UP,0.018060830459261788,57.17006428653708,35.66840964420635,0.9916146979679984,0.008092226833241975,0.004818953573703766,36.59798049926758
2025-10-27,gold,4001.9000508276513,4119.257594660448,-0.028695492,0.0002082001,0.006374568,0.010323827,0.02082001,UP,0.018978799296226374,57.17006428653708,35.66840964420635,0.9916146979679984,0.008092226833241975,0.004818953573703766,36.59798049926758
2025-10-28,gold,3966.200037188275,4002.846396613866,-0.008960779,0.00023647066,0.007954615,0.0105470065,0.023647066,UP,0.019101860927008125,57.17006428653708,35.66840964420635,0.9916146979679984,0.008092226833241975,0.004818953573703766,36.59798049926758
2025-10-29,gold,3983.699989174929,3967.2306723467773,0.0044025783,0.00025981752,0.008740457,0.010723934,0.025981752,UP,0.01908516440948607,57.17006428653708,35.66840964420635,0.9916146979679984,0.008092226833241975,0.004818953573703766,36.59798049926758
2025-10-30,gold,4001.299999223993,3984.769412552123,0.004408297,0.00026833327,0.008374865,0.0108267395,0.026833327,UP,0.01892388484361824,57.17006428653708,35.66840964420635,0.9916146979679984,0.008092226833241975,0.004818953573703766,36.59798049926758
2025-10-31,gold,3982.1996142261924,4002.303163290344,-0.004784902,0.00025070424,0.008419977,0.010811701,0.025070423,UP,0.018961494873474708,57.17006428653708,35.66840964420635,0.9916146979679984,0.008092226833241975,0.004818953573703766,36.59798049926758
2025-11-03,gold,4000.299893348012,3983.08576978551,0.0045349523,0.00022242742,0.01486424,0.010731396,0.022242742,UP,0.018724679802218237,57.17006428653708,35.66840964420635,0.9916146979679984,0.008092226833241975,0.004818953573703766,36.59798049926758
2025-11-04,gold,3947.700011255045,4001.0473087044375,-0.013236252,0.00018666251,0.011715348,0.010596666,0.01866625,UP,0.018866884678699895,57.17006428653708,35.66840964420635,0.9916146979679984,0.008092226833241975,0.004818953573703766,36.59798049926758
2025-11-05,gold,3980.299998607341,3948.2900867150747,0.008224088,0.00014949008,0.013649184,0.010446965,0.014949008,UP,0.018702245610452733,57.17006428653708,35.66840964420635,0.9916146979679984,0.008092226833241975,0.004818953573703766,36.59798049926758
2025-11-06,gold,3979.9000548194454,3980.7427468234964,-0.00010053677,0.000111157424,0.014564144,0.01026382,0.011115743,UP,0.01870660033339605,57.17006428653708,35.66840964420635,0.9916146979679984,0.008092226833241975,0.004818953573703766,36.59798049926758
2025-11-07,gold,3999.4003779633204,3980.220150045643,0.004887657,8.0433296e-05,0.021328973,0.010068641,0.008043329,UP,0.01865296554849742,57.17006428653708,35.66840964420635,0.9916146979679984,0.008092226833241975,0.004818953573703766,36.59798049926758
2025-11-10,gold,4111.7997813197435,3999.6215983575094,0.027716517,5.5373035e-05,0.016929548,0.0098766275,0.0055373036,UP,0.019171045998264056,57.17006428653708,35.66840964420635,0.9916146979679984,0.008092226833241975,0.004818953573703766,36.59798049926758
2025-11-11,gold,4106.800124405883,4111.980185309425,-0.0012167525,4.390767e-05,0.01692426,0.009757633,0.004390767,UP,0.019177111297419863,57.17006428653708,35.66840964420635,0.9916146979679984,0.008092226833241975,0.004818953573703766,36.59798049926758
2025-11-12,gold,4204.399728567922,4106.954997961293,0.023487484,3.771184e-05,0.010581492,0.009687291,0.003771184,UP,0.019556247585445087,57.17006428653708,35.66840964420635,0.9916146979679984,0.008092226833241975,0.004818953573703766,36.59798049926758
2025-11-13,gold,4186.90013065454,4204.571815152944,-0.004170993,4.0843704e-05,0.010543722,0.009662968,0.0040843706,UP,0.019509774636718907,57.17006428653708,35.66840964420635,0.9916146979679984,0.008092226833241975,0.004818953573703766,36.59798049926758
2025-11-14,gold,4087.600003901578,4187.07409430336,-0.024002556,4.1592168e-05,0.0047964645,0.009655503,0.004159217,UP,0.020050313189279818,57.17006428653708,35.66840964420635,0.9916146979679984,0.008092226833241975,0.004818953573703766,36.59798049926758
2025-11-17,gold,4068.2999152340926,4087.7979332971154,-0.004732791,4.8371352e-05,0.004421813,0.009692494,0.0048371353,UP,0.01986636595896276,57.17006428653708,35.66840964420635,0.9916146979679984,0.008092226833241975,0.004818953573703766,36.59798049926758
2025-11-18,gold,4061.300102143912,4068.5381735949486,-0.0017221023,5.853825e-05,0.005954684,0.009746254,0.0058538252,UP,0.019840944925291443,57.17006428653708,35.66840964420635,0.9916146979679984,0.008092226833241975,0.004818953573703766,36.59798049926758
2025-11-19,gold,4077.6999661748414,4061.5808527503395,0.0040299604,6.9082365e-05,0.006058976,0.009804445,0.0069082365,UP,0.019624559115379504,57.17006428653708,35.66840964420635,0.9916146979679984,0.008092226833241975,0.004818953573703766,36.59798049926758
2025-11-20,gold,4056.500170437037,4077.9901527012407,-0.0052125594,7.107915e-05,0.004011139,0.009832879,0.007107915,UP,0.019110058702848456,57.17006428653708,35.66840964420635,0.9916146979679984,0.008092226833241975,0.004818953573703766,36.59798049926758
2025-11-21,gold,4076.699789762497,4056.777087032795,0.004967293,6.825762e-05,0.0040113763,0.009840365,0.006825762,UP,0.019086454135552745,57.17006428653708,35.66840964420635,0.9916146979679984,0.008092226833241975,0.004818953573703766,36.59798049926758
2025-11-24,gold,4091.899477442843,4076.9332218142226,0.0037215606,5.721068e-05,0.010102242,0.009805263,0.005721068,UP,0.018094725179677522,57.17006428653708,35.66840964420635,0.9916146979679984,0.008092226833241975,0.004818953573703766,36.59798049926758
2025-11-25,gold,4139.200163570698,4092.081361146411,0.011493194,4.42772e-05,0.009333228,0.009751,0.00442772,UP,0.018169984373734526,57.17006428653708,35.66840964420635,0.9916146979679984,0.008092226833241975,0.004818953573703766,36.59798049926758
2025-11-26,gold,4165.200067602564,4139.32059250446,0.006261761,2.9074581e-05,0.009149657,0.009674734,0.0029074582,UP,0.018127186246119975,57.17006428653708,35.66840964420635,0.9916146979679984,0.008092226833241975,0.004818953573703766,36.59798049926758
2025-11-28,gold,4218.300166045083,4165.250344898668,0.012667817,1.1953816e-05,0.0070513748,0.009581309,0.0011953816,UP,0.01769175956792058,57.17006428653708,35.66840964420635,0.9916146979679984,0.008092226833241975,0.004818953573703766,36.59798049926758
2025-12-01,gold,4239.299762981362,4218.320924829459,0.004965958,4.9179944e-06,0.006734494,0.009479496,0.00049179944,UP,0.017271981222307706,57.17006428653708,35.66840964420635,0.9916146979679984,0.008092226833241975,0.004818953573703766,36.59798049926758
2025-12-02,gold,4186.599949963973,4239.338212345261,-0.012509143,9.092473e-06,0.00425785,0.009366813,0.0009092473,UP,0.016145133762326007,57.17006428653708,35.66840964420635,0.9916146979679984,0.008092226833241975,0.004818953573703766,36.59798049926758
2025-12-03,gold,4199.299728642101,4186.670468165132,0.0030288263,1.6683596e-05,0.004296684,0.009262279,0.0016683596,UP,0.012153781279895894,57.17006428653708,35.66840964420635,0.9916146979679984,0.008092226833241975,0.004818953573703766,36.59798049926758
2025-12-04,gold,4211.7996754792985,4199.366884490708,0.0029722652,1.5851605e-05,0.01056353,0.009121599,0.0015851605,UP,0.011959584875881462,57.17006428653708,35.66840964420635,0.9916146979679984,0.008092226833241975,0.004818953573703766,36.59798049926758
2025-12-05,gold,4212.899874373921,4211.906246847939,0.0002611601,2.5216752e-05,0.010417442,0.008963826,0.002521675,UP,0.01143062278782831,57.17006428653708,35.66840964420635,0.9916146979679984,0.008092226833241975,0.004818953573703766,36.59798049926758
2025-12-08,gold,4187.200212925352,4213.075678225257,-0.006118924,4.1749357e-05,0.009008037,0.008808791,0.0041749356,UP,0.011491230513283336,57.17006428653708,35.66840964420635,0.9916146979679984,0.008092226833241975,0.004818953573703766,36.59798049926758
2025-12-09,gold,4206.700112680206,4187.45476342435,0.0046462393,6.0800667e-05,0.009433749,0.008671036,0.006080067,UP,0.01012697384922655,57.17006428653708,35.66840964420635,0.9916146979679984,0.008092226833241975,0.004818953573703766,36.59798049926758
2025-12-10,gold,4196.39984249929,4207.08031544066,-0.002451547,9.039964e-05,0.008719955,0.0085328445,0.0090399645,UP,0.00996016049760401,57.17006428653708,35.66840964420635,0.9916146979679984,0.008092226833241975,0.004818953573703766,36.59798049926758
2025-12-11,gold,4285.5004038102925,4196.926665436884,0.02101024,0.00012548943,0.0046102214,0.00840063,0.012548943,UP,0.010560053579482335,57.17006428653708,35.66840964420635,0.9916146979679984,0.008092226833241975,0.004818953573703766,36.59798049926758
2025-12-12,gold,4300.100194036961,4286.182013332844,0.0034010697,0.00015915258,0.0047454713,0.008301656,0.015915258,UP,0.010555302997132768,57.17006428653708,35.66840964420635,0.9916146979679984,0.008092226833241975,0.004818953573703766,36.59798049926758
2025-12-15,gold,4306.69997558085,4300.881830769649,0.0015336941,0.00018180399,0.00845889,0.008241555,0.018180398,UP,0.0104687718088809,57.17006428653708,35.66840964420635,0.9916146979679984,0.008092226833241975,0.004818953573703766,36.59798049926758
2025-12-16,gold,4304.499768610345,4307.560651484411,-0.00051100785,0.00019965103,0.0075565483,0.008201027,0.019965103,UP,0.0104781935213518,57.17006428653708,35.66840964420635,0.9916146979679984,0.008092226833241975,0.004818953573703766,36.59798049926758
2025-12-17,gold,4347.500316083431,4305.416974723339,0.009939981,0.00021307435,0.00832803,0.008173052,0.021307435,UP,0.010132550977660557,57.17006428653708,35.66840964420635,0.9916146979679984,0.008092226833241975,0.004818953573703766,36.59798049926758
2025-12-18,gold,4339.49984267354,4348.47796112299,-0.0018418331,0.00022486868,0.0071775266,0.008146524,0.022486867,UP,0.010128871525549758,57.17006428653708,35.66840964420635,0.9916146979679984,0.008092226833241975,0.004818953573703766,36.59798049926758
2025-12-19,gold,4361.399747014046,4340.500992357731,0.0050339503,0.00023057824,0.025771173,0.008123072,0.023057824,UP,0.010119293970184875,57.17006428653708,35.66840964420635,0.9916146979679984,0.008092226833241975,0.004818953573703766,36.59798049926758
2025-12-22,gold,4444.600521656568,4362.412705303403,0.018896814,0.00023223247,0.024307821,0.008096771,0.023223247,UP,0.010528724634015357,57.17006428653708,35.66840964420635,0.9916146979679984,0.008092226833241975,0.004818953573703766,36.59798049926758
2025-12-23,gold,4482.799800543871,4445.652885007148,0.008557909,0.00023679106,0.023437645,0.008078353,0.023679106,UP,0.00951532549851657,57.17006428653708,35.66840964420635,0.9916146979679984,0.008092226833241975,0.004818953573703766,36.59798049926758
2025-12-24,gold,4480.600249767769,4483.876603318029,-0.0004908198,0.00024007804,0.023307072,0.008063863,0.024007803,UP,0.009505350884505482,57.17006428653708,35.66840964420635,0.9916146979679984,0.008092226833241975,0.004818953573703766,36.59798049926758
2025-12-26,gold,4529.10009313433,4481.688652872923,0.010766278,0.00024283228,0.02757708,0.008054974,0.024283228,UP,0.008795335485684003,57.17006428653708,35.66840964420635,0.9916146979679984,0.008092226833241975,0.004818953573703766,36.59798049926758
2025-12-29,gold,4325.100469070865,4530.210694182024,-0.046087984,0.0002452772,0.0145866,0.008041477,0.02452772,UP,0.01232489462601759,57.17006428653708,35.66840964420635,0.9916146979679984,0.008092226833241975,0.004818953573703766,36.59798049926758
2025-12-30,gold,4370.099945822149,4326.215323389915,0.010350631,0.0002578014,0.015718566,0.008123919,0.025780141,UP,0.011496852636676994,57.17006428653708,35.66840964420635,0.9916146979679984,0.008092226833241975,0.004818953573703766,36.59798049926758
2025-12-31,gold,4325.600251520664,4371.2336990609765,-0.010235033,0.000259313,0.0140360845,0.008234837,0.0259313,UP,0.011653946284563885,57.17006428653708,35.66840964420635,0.9916146979679984,0.008092226833241975,0.004818953573703766,36.59798049926758
2026-01-02,gold,4314.400142416824,4326.6468706367305,-0.0025926393,0.00024186156,0.013270822,0.008360282,0.024186157,UP,0.011664873433774365,57.17006428653708,35.66840964420635,0.9916146979679984,0.008092226833241975,0.004818953573703766,36.59798049926758
2026-01-05,gold,4436.900331871526,4315.311785581929,0.02799767,0.00021131721,0.012188286,0.008485602,0.02113172,UP,0.012614442114916483,57.17006428653708,35.66840964420635,0.9916146979679984,0.008092226833241975,0.004818953573703766,36.59798049926758
2026-01-06,gold,4482.200286619191,4437.751463036868,0.010158129,0.00019186782,0.012892052,0.008630846,0.019186782,UP,0.012587154549672842,57.17006428653708,35.66840964420635,0.9916146979679984,0.008092226833241975,0.004818953573703766,36.59798049926758
2026-01-07,gold,4449.2997145740665,4482.967478690203,-0.007367304,0.00017117304,0.010980883,0.008786628,0.017117305,UP,0.012734269157062713,57.17006428653708,35.66840964420635,0.9916146979679984,0.008092226833241975,0.004818953573703766,36.59798049926758
2026-01-08,gold,4449.70025507838,4449.953254861757,8.998552e-05,0.00014677738,0.011414325,0.008938469,0.014677739,UP,0.012744401929128958,57.17006428653708,35.66840964420635,0.9916146979679984,0.008092226833241975,0.004818953573703766,36.59798049926758
2026-01-09,gold,4490.299971014145,4450.224806009908,0.0090827495,0.00011790739,0.012769079,0.00900434,0.011790738,UP,0.012694852253229876,57.17006428653708,35.66840964420635,0.9916146979679984,0.008092226833241975,0.004818953573703766,36.59798049926758
2026-01-12,gold,4604.299546886003,4490.730174188968,0.025071137,9.580495e-05,0.017598901,0.00901735,0.009580495,UP,0.01333868247728703,57.17006428653708,35.66840964420635,0.9916146979679984,0.008092226833241975,0.004818953573703766,36.59798049926758
2026-01-13,gold,4589.199970510381,4604.684017403517,-0.0032848476,8.341894e-05,0.016912466,0.009010551,0.0083418945,UP,0.013273535379138997,57.17006428653708,35.66840964420635,0.9916146979679984,0.008092226833241975,0.004818953573703766,36.59798049926758
2026-01-14,gold,4626.299559360137,4589.543211522396,0.008051611,7.4810174e-05,0.017009955,0.008994499,0.007481017,UP,0.013302393477848923,57.17006428653708,35.66840964420635,0.9916146979679984,0.008092226833241975,0.004818953573703766,36.59798049926758
2026-01-15,gold,4616.299768780649,4626.623533962411,-0.0021638942,6.995723e-05,0.015116924,0.008950833,0.0069957227,UP,0.013020686546846587,57.17006428653708,35.66840964420635,0.9916146979679984,0.008092226833241975,0.004818953573703766,36.59798049926758
2026-01-16,gold,4588.400125068671,4616.620082674781,-0.006062118,6.9232396e-05,0.009471959,0.008895189,0.0069232397,UP,0.013133152294632655,57.17006428653708,35.66840964420635,0.9916146979679984,0.008092226833241975,0.004818953573703766,36.59798049926758
2026-01-20,gold,4759.5996858876315,4588.726449339592,0.036632292,7.110578e-05,0.0077143935,0.008832091,0.007110578,UP,0.014547187639688012,57.17006428653708,35.66840964420635,0.9916146979679984,0.008092226833241975,0.004818953573703766,36.59798049926758
2026-01-21,gold,4831.800290158601,4760.002943524043,0.015055377,8.45078e-05,0.015511938,0.00882658,0.00845078,UP,0.014662642611411949,57.17006428653708,35.66840964420635,0.9916146979679984,0.008092226833241975,0.004818953573703766,36.59798049926758
2026-01-22,gold,4908.799448691658,4832.253689080011,0.015810443,9.39547e-05,0.017028825,0.008863823,0.00939547,UP,0.014655751147660238,57.17006428653708,35.66840964420635,0.9916146979679984,0.008092226833241975,0.004818953573703766,36.59798049926758
2026-01-23,gold,4976.200207889546,4909.291351298802,0.013637113,0.000100102334,0.06369883,0.008921839,0.010010233,UP,0.014732923869128669,57.17006428653708,35.66840964420635,0.9916146979679984,0.008092226833241975,0.004818953573703766,36.59798049926758
2026-01-26,gold,5079.700386175769,4976.708575673983,0.020585658,0.000102085876,0.061231345,0.008985861,0.010208588,UP,0.01489887866573777,57.17006428653708,35.66840964420635,0.9916146979679984,0.008092226833241975,0.004818953573703766,36.59798049926758
2026-01-27,gold,5079.900025971467,5080.22278276307,3.9313978e-05,0.00010278163,0.07073614,0.009051637,0.0102781635,UP,0.014676808659504397,57.17006428653708,35.66840964420635,0.9916146979679984,0.008092226833241975,0.004818953573703766,36.59798049926758
2026-01-28,gold,5301.600145596021,5080.420693625929,0.04271712,0.00010253742,0.065834746,0.009110411,0.010253742,UP,0.01620994344715572,57.17006428653708,35.66840964420635,0.9916146979679984,0.008092226833241975,0.004818953573703766,36.59798049926758
2026-01-29,gold,5318.400553154468,5302.186593638733,0.0031638078,0.000110542955,0.065137364,0.009181322,0.011054295,UP,0.016193231202543325,57.17006428653708,35.66840964420635,0.9916146979679984,0.008092226833241975,0.004818953573703766,36.59798049926758
2026-01-30,gold,4713.899591864581,5318.985086811765,-0.12065692,0.00010997182,0.031146621,0.009244263,0.010997182,UP,0.027368708369745188,57.17006428653708,35.66840964420635,0.9916146979679984,0.008092226833241975,0.004818953573703766,36.59798049926758
2026-02-02,gold,4622.499692318903,4714.375304140733,-0.019579886,0.00010078077,0.026485387,0.009655065,0.010078077,UP,0.027649450265634024,57.17006428653708,35.66840964420635,0.9916146979679984,0.008092226833241975,0.004818953573703766,36.59798049926758
2026-02-03,gold,4903.700437545776,4623.213052153587,0.05905438,0.00015417907,0.01496388,0.010127294,0.015417907,UP,0.029613336401825643,57.17006428653708,35.66840964420635,0.9916146979679984,0.008092226833241975,0.004818953573703766,36.59798049926758
2026-02-04,gold,4920.400094411336,4905.053467029589,0.0033997463,0.0002759198,0.015521816,0.0106570525,0.02759198,UP,0.02961385118911899,57.17006428653708,35.66840964420635,0.9916146979679984,0.008092226833241975,0.004818953573703766,36.59798049926758
2026-02-05,gold,4861.400148775923,4922.307973490038,-0.012063366,0.00038782577,0.021476101,0.011197054,0.038782578,UP,0.029628590291719745,57.17006428653708,35.66840964420635,0.9916146979679984,0.008092226833241975,0.004818953573703766,36.59798049926758
2026-02-06,gold,4951.200048192462,4863.761462760216,0.01830357,0.00048568842,0.021752901,0.011684697,0.04856884,UP,0.029742594916662528,57.17006428653708,35.66840964420635,0.9916146979679984,0.008092226833241975,0.004818953573703766,36.59798049926758
2026-02-09,gold,5050.899917053175,4953.948301805183,0.019936414,0.0005549849,0.022889664,0.012101378,0.05549849,UP,0.02987900910935893,57.17006428653708,35.66840964420635,0.9916146979679984,0.008092226833241975,0.004818953573703766,36.59798049926758
2026-02-10,gold,5003.799820970191,5054.003198873601,-0.009368842,0.0006142238,0.02586125,0.012448673,0.06142238,UP,0.029957130833191944,57.17006428653708,35.66840964420635,0.9916146979679984,0.008092226833241975,0.004818953573703766,36.59798049926758
2026-02-11,gold,5071.600314736366,5006.864618706284,0.013458784,0.00061231176,0.024639523,0.012549719,0.061231177,UP,0.028541047292857023,57.17006428653708,35.66840964420635,0.9916146979679984,0.008092226833241975,0.004818953573703766,36.59798049926758
2026-02-12,gold,4923.699729574932,5074.566176185501,-0.02959605,0.0005846316,0.020938886,0.012494427,0.058463156,UP,0.02922366486585779,57.17006428653708,35.66840964420635,0.9916146979679984,0.008092226833241975,0.004818953573703766,36.59798049926758
2026-02-13,gold,5021.999780918355,4926.326800152543,0.019767942,0.0005333123,0.02268275,0.012330376,0.053331234,UP,0.02922283076810956,57.17006428653708,35.66840964420635,0.9916146979679984,0.008092226833241975,0.004818953573703766,36.59798049926758
2026-02-17,gold,4882.899545073509,5024.446760416031,-0.028088976,0.00048710543,0.015984595,0.0121368375,0.048710544,UP,0.029813632889585016,57.17006428653708,35.66840964420635,0.9916146979679984,0.008092226833241975,0.004818953573703766,36.59798049926758
2026-02-18,gold,4986.500333728676,4885.079236177728,0.020994976,0.00044626632,0.014963815,0.01196474,0.04462663,UP,0.029644284131110928,57.17006428653708,35.66840964420635,0.9916146979679984,0.008092226833241975,0.004818953573703766,36.59798049926758
2026-02-19,gold,4975.8999972343445,4988.579341053963,-0.0021280218,0.00041689785,0.015687209,0.0118116345,0.041689783,UP,0.02964561799628075,57.17006428653708,35.66840964420635,0.9916146979679984,0.008092226833241975,0.004818953573703766,36.59798049926758
2026-02-20,gold,5059.300095351879,4977.838393316371,0.016621856,0.00038950963,0.015055578,0.011671409,0.038950965,UP,0.02965624494554902,57.17006428653708,35.66840964420635,0.9916146979679984,0.008092226833241975,0.004818953573703766,36.59798049926758
2026-02-23,gold,5204.700104178628,5061.1779064645525,0.028334007,0.00037123312,0.010178543,0.011562506,0.03712331,UP,0.029961289236959242,57.17006428653708,35.66840964420635,0.9916146979679984,0.008092226833241975,0.004818953573703766,36.59798049926758
2026-02-24,gold,5155.799537909799,5206.59628627263,-0.009439845,0.00036432728,0.020365223,0.011495422,0.03643273,UP,0.030078603285849808,57.17006428653708,35.66840964420635,0.9916146979679984,0.008092226833241975,0.004818953573703766,36.59798049926758
2026-02-25,gold,5206.400176801719,5157.611087563564,0.009766363,0.0003513486,0.019569742,0.011429253,0.03513486,UP,0.029849370299422567,57.17006428653708,35.66840964420635,0.9916146979679984,0.008092226833241975,0.004818953573703766,36.59798049926758
2026-02-26,gold,5176.50002917106,5208.165034451755,-0.005759467,0.00033894862,0.019851768,0.011362156,0.033894863,UP,0.029875032950419086,57.17006428653708,35.66840964420635,0.9916146979679984,0.008092226833241975,0.004818953573703766,36.59798049926758
2026-02-27,gold,5230.500039339066,5178.145153641701,0.010377724,0.00031774817,0.020979267,0.011272606,0.03177482,UP,0.029887900304313902,57.17006428653708,35.66840964420635,0.9916146979679984,0.008092226833241975,0.004818953573703766,36.59798049926758
2026-03-02,gold,5294.400005936623,5232.0488340854645,0.012142764,0.0002960845,0.01919878,0.0111731645,0.02960845,UP,0.029891889766638324,57.17006428653708,35.66840964420635,0.9916146979679984,0.008092226833241975,0.004818953573703766,36.59798049926758
2026-03-03,gold,5107.399889294436,5295.854683849204,-0.03595919,0.00027473344,0.016522478,0.011070711,0.027473344,UP,0.03073187012990561,57.17006428653708,35.66840964420635,0.9916146979679984,0.008092226833241975,0.004818953573703766,36.59798049926758
2026-03-04,gold,5120.19974567258,5108.744242070243,0.0025030898,0.0002631492,0.0181967,0.011021227,0.026314922,UP,0.03008305823263834,57.17006428653708,35.66840964420635,0.9916146979679984,0.008092226833241975,0.004818953573703766,36.59798049926758
2026-03-05,gold,5065.299977473333,5121.493580843671,-0.010780212,0.00025257235,0.018070294,0.010969777,0.025257235,UP,0.030090051877552076,57.17006428653708,35.66840964420635,0.9916146979679984,0.008092226833241975,0.004818953573703766,36.59798049926758
2026-03-06,gold,5146.100214334088,5066.527996516554,0.015825838,0.00024240572,0.01705137,0.010927099,0.024240572,UP,0.030090301278898515,57.17006428653708,35.66840964420635,0.9916146979679984,0.008092226833241975,0.004818953573703766,36.59798049926758
2026-03-09,gold,5091.499749178678,5147.325183140638,-0.010666682,0.00023805136,0.017157106,0.010895713,0.023805136,UP,0.030092036623853905,57.17006428653708,35.66840964420635,0.9916146979679984,0.008092226833241975,0.004818953573703766,36.59798049926758
2026-03-10,gold,5229.700413286686,5092.693271756172,0.02678147,0.00023441284,0.005853318,0.010878452,0.023441285,UP,0.030256244299680556,57.17006428653708,35.66840964420635,0.9916146979679984,0.008092226833241975,0.004818953573703766,36.59798049926758
2026-03-11,gold,5167.4000157036935,5230.96076843678,-0.011984311,0.00024095231,0.0084954575,0.010884996,0.024095232,UP,0.030353697893260253,57.17006428653708,35.66840964420635,0.9916146979679984,0.008092226833241975,0.004818953573703766,36.59798049926758
2026-03-12,gold,5115.79987284902,5168.6694826124585,-0.01003589,0.0002456746,0.023776801,0.010902299,0.02456746,UP,0.02931910749622412,57.17006428653708,35.66840964420635,0.9916146979679984,0.008092226833241975,0.004818953573703766,36.59798049926758
2026-03-13,gold,5052.499724802095,5117.01462760102,-0.012450581,0.00023741946,0.024449898,0.010883184,0.023741946,UP,0.029384575830141618,57.17006428653708,35.66840964420635,0.9916146979679984,0.008092226833241975,0.004818953573703766,36.59798049926758
2026-03-16,gold,4994.000229686499,5053.640163242817,-0.011645979,0.00022559408,0.024902366,0.010848972,0.022559408,UP,0.0204840252544168,57.17006428653708,35.66840964420635,0.9916146979679984,0.008092226833241975,0.004818953573703766,36.59798049926758
2026-03-17,gold,5001.000499486923,4994.968603849411,0.0014007005,0.00019391456,0.024255082,0.010740406,0.019391457,UP,0.0200786590886899,57.17006428653708,35.66840964420635,0.9916146979679984,0.008092226833241975,0.004818953573703766,36.59798049926758
2026-03-18,gold,4889.900058567524,5001.772034525871,-0.02246606,0.00015437265,0.03615014,0.0105911745,0.015437266,UP,0.017343194529812235,57.17006428653708,35.66840964420635,0.9916146979679984,0.008092226833241975,0.004818953573703766,36.59798049926758
2026-03-19,gold,4600.700016689225,4890.416953708336,-0.06096333,0.00010570607,0.029884225,0.010422241,0.010570607,UP,0.020413888271953885,57.17006428653708,35.66840964420635,0.9916146979679984,0.008092226833241975,0.004818953573703766,36.59798049926758
2026-03-20,gold,4570.39963955991,4601.010067416471,-0.006607801,6.727761e-05,0.034143016,0.010292717,0.0067277607,UP,0.02034671609820382,57.17006428653708,35.66840964420635,0.9916146979679984,0.008092226833241975,0.004818953573703766,36.59798049926758
2026-03-23,gold,4404.100182271912,4570.6042151407455,-0.037064765,4.466073e-05,0.028534338,0.010178582,0.004466073,UP,0.020914271264434372,57.17006428653708,35.66840964420635,0.9916146979679984,0.008092226833241975,0.004818953573703766,36.59798049926758
2026-03-24,gold,4399.299671978602,4404.2303000479005,-0.0010905545,2.9622548e-05,0.02960032,0.010095982,0.002962255,UP,0.02043424356429409,57.17006428653708,35.66840964420635,0.9916146979679984,0.008092226833241975,0.004818953573703766,36.59798049926758
2026-03-25,gold,4549.799704331206,4399.400496669114,0.03363784,2.2826716e-05,0.02873445,0.010041311,0.0022826716,UP,0.021585074556482394,57.17006428653708,35.66840964420635,0.9916146979679984,0.008092226833241975,0.004818953573703766,36.59798049926758
2026-03-26,gold,4375.499996562721,4549.9641453434015,-0.039062437,3.6187936e-05,0.024023607,0.010066107,0.0036187936,UP,0.022284357536864235,57.17006428653708,35.66840964420635,0.9916146979679984,0.008092226833241975,0.004818953573703766,36.59798049926758
2026-03-27,gold,4491.999936640263,4375.733155310154,0.026277239,5.318533e-05,0.02295663,0.010133824,0.0053185327,UP,0.022496438777401064,57.17006428653708,35.66840964420635,0.9916146979679984,0.008092226833241975,0.004818953573703766,36.59798049926758
2026-03-30,gold,4525.999747753143,4492.381803035736,0.0075405105,8.488324e-05,0.023171857,0.010244106,0.0084883245,UP,0.022175316090690445,57.17006428653708,35.66840964420635,0.9916146979679984,0.008092226833241975,0.004818953573703766,36.59798049926758
2026-03-31,gold,4647.600187063217,4526.464005470276,0.026512433,0.000102475315,0.02179338,0.010320967,0.010247531,UP,0.02233554856880874,57.17006428653708,35.66840964420635,0.9916146979679984,0.008092226833241975,0.004818953573703766,36.59798049926758
2026-04-01,gold,4783.200125253352,4648.159675133065,0.02875884,0.000120416764,0.01765087,0.010390271,0.012041677,UP,0.022658427023197626,57.17006428653708,35.66840964420635,0.9916146979679984,0.008092226833241975,0.004818953573703766,36.59798049926758
2026-04-02,gold,4651.499807845161,4783.832549216342,-0.027920073,0.00013218219,0.009969652,0.010432737,0.013218219,UP,0.023165871983692823,57.17006428653708,35.66840964420635,0.9916146979679984,0.008092226833241975,0.004818953573703766,36.59798049926758
2026-04-06,gold,4656.799375712872,4652.165402412415,0.0011387268,0.00014312271,0.010686521,0.010481809,0.014312271,UP,0.022904115138054387,57.17006428653708,35.66840964420635,0.9916146979679984,0.008092226833241975,0.004818953573703766,36.59798049926758
2026-04-07,gold,4657.100687205093,4657.489280862501,6.448277e-05,0.00014790855,0.011941929,0.0105118295,0.014790854,UP,0.022140943739445453,57.17006428653708,35.66840964420635,0.9916146979679984,0.008092226833241975,0.004818953573703766,36.59798049926758
2026-04-08,gold,4749.500304204645,4657.735211671796,0.019646391,0.00013628599,0.010487558,0.010488813,0.013628599,UP,0.022510989409179685,57.17006428653708,35.66840964420635,0.9916146979679984,0.008092226833241975,0.004818953573703766,36.59798049926758
2026-04-09,gold,4792.1999379992485,4750.083736240864,0.0089502875,0.00012293362,0.009888087,0.010443618,0.012293362,UP,0.02249596720002618,57.17006428653708,35.66840964420635,0.9916146979679984,0.008092226833241975,0.004818953573703766,36.59798049926758
2026-04-10,gold,4761.899780945852,4792.735479781986,-0.0063429093,0.000111665344,0.011139252,0.010398354,0.011166534,UP,0.02249908776060765,57.17006428653708,35.66840964420635,0.9916146979679984,0.008092226833241975,0.004818953573703766,36.59798049926758
2026-04-13,gold,4742.3995531266555,4762.3733330391115,-0.0041034115,9.9369936e-05,0.012588815,0.010351589,0.009936994,UP,0.02236639595191005,57.17006428653708,35.66840964420635,0.9916146979679984,0.008092226833241975,0.004818953573703766,36.59798049926758
2026-04-14,gold,4824.999759499042,4742.792812339321,0.017267419,8.282077e-05,0.013683031,0.010288153,0.008282077,UP,0.02250823440284996,57.17006428653708,35.66840964420635,0.9916146979679984,0.008092226833241975,0.004818953573703766,36.59798049926758
2026-04-15,gold,4800.000166893005,4825.300821661949,-0.005194817,6.232e-05,0.014794334,0.010202241,0.0062320004,UP,0.02166547490811922,57.17006428653708,35.66840964420635,0.9916146979679984,0.008092226833241975,0.004818953573703766,36.59798049926758
2026-04-16,gold,4785.399627685547,4800.193977355957,-0.0030463221,4.0437182e-05,0.014855679,0.010109452,0.0040437183,UP,0.021650787332136014,57.17006428653708,35.66840964420635,0.9916146979679984,0.008092226833241975,0.004818953573703766,36.59798049926758
2026-04-17,gold,4857.600123553304,4785.503726814059,0.014974914,2.1740532e-05,0.011932197,0.010026613,0.0021740533,UP,0.021805433031474596,57.17006428653708,35.66840964420635,0.9916146979679984,0.008092226833241975,0.004818953573703766,36.59798049926758
2026-04-20,gold,4806.600151562598,4857.633104706474,-0.010554516,6.7299115e-06,0.011875904,0.009951072,0.00067299115,UP,0.021623561469182737,57.17006428653708,35.66840964420635,0.9916146979679984,0.008092226833241975,0.004818953573703766,36.59798049926758
2026-04-21,gold,4698.39984287729,4806.590070307051,-0.022767989,-2.0759471e-06,0.010258027,0.009884032,-0.00020759471,DOWN,0.02189359557002918,57.17006428653708,35.66840964420635,0.9916146979679984,0.008092226833241975,0.004818953573703766,36.59798049926758
2026-04-22,gold,4732.500039250182,4698.374698162603,0.0072316,-5.420792e-06,0.007923577,0.009838487,-0.0005420792,DOWN,0.021258838684001715,57.17006428653708,35.66840964420635,0.9916146979679984,0.008092226833241975,0.004818953573703766,36.59798049926758
2026-04-23,gold,4705.099976062775,4732.467560917139,-0.0058065564,-6.8143127e-06,0.013215202,0.009795552,-0.00068143127,DOWN,0.021200663558828534,57.17006428653708,35.66840964420635,0.9916146979679984,0.008092226833241975,0.004818953573703766,36.59798049926758
2026-04-24,gold,4722.2998397939955,4705.051580529398,0.0036488802,-1.0243326e-05,0.013164735,0.009748708,-0.0010243326,DOWN,0.021189730450110755,57.17006428653708,35.66840964420635,0.9916146979679984,0.008092226833241975,0.004818953573703766,36.59798049926758
2026-04-27,gold,4675.399980386719,4722.2381625379785,-0.009981228,-1.3089564e-05,0.016001051,0.009704614,-0.0013089564,DOWN,0.021154940070765724,57.17006428653708,35.66840964420635,0.9916146979679984,0.008092226833241975,0.004818953573703766,36.59798049926758
2026-04-28,gold,4591.499611747335,4675.3232665674,-0.018107932,-1.633208e-05,0.015637059,0.009666813,-0.001633208,DOWN,0.021282117236339135,57.17006428653708,35.66840964420635,0.9916146979679984,0.008092226833241975,0.004818953573703766,36.59798049926758
2026-04-29,gold,4545.19998344779,4591.380677819252,-0.010134994,-2.5961024e-05,0.019087771,0.009617566,-0.0025961024,DOWN,0.02131138350685012,57.17006428653708,35.66840964420635,0.9916146979679984,0.008092226833241975,0.004818953573703766,36.59798049926758
2026-04-30,gold,4614.700198632781,4545.034666221181,0.015175129,-3.636573e-05,0.018374449,0.009559494,-0.003636573,DOWN,0.02124277522050778,57.17006428653708,35.66840964420635,0.9916146979679984,0.008092226833241975,0.004818953573703766,36.59798049926758
2026-05-01,gold,4629.899326288258,4614.506829843682,0.0032883459,-4.192826e-05,0.018375453,0.009507943,-0.004192826,DOWN,0.01827270423412865,57.17006428653708,35.66840964420635,0.9916146979679984,0.008092226833241975,0.004818953573703766,36.59798049926758
2026-05-04,gold,4519.500136629795,4629.65374286694,-0.024133882,-5.321033e-05,0.010853443,0.009441486,-0.005321033,DOWN,0.018764421400621036,57.17006428653708,35.66840964420635,0.9916146979679984,0.008092226833241975,0.004818953573703766,36.59798049926758
2026-05-05,gold,4555.79992389679,4519.21526196599,0.007999735,-6.2989566e-05,0.013384452,0.009385525,-0.0062989565,DOWN,0.017522190849492435,57.17006428653708,35.66840964420635,0.9916146979679984,0.008092226833241975,0.004818953573703766,36.59798049926758
2026-05-06,gold,4681.899634963367,4555.478564788762,0.027302887,-7.0512644e-05,0.0056228624,0.009328285,-0.0070512644,DOWN,0.018163632543150395,57.17006428653708,35.66840964420635,0.9916146979679984,0.008092226833241975,0.004818953573703766,36.59798049926758
2026-05-07,gold,4699.799560042389,4681.611351221858,0.0038159236,-6.157305e-05,0.0056429724,0.009304798,-0.006157305,DOWN,0.017137446084947248,57.17006428653708,35.66840964420635,0.9916146979679984,0.008092226833241975,0.004818953573703766,36.59798049926758
2026-05-08,gold,4720.399997117347,4699.530319725745,0.004373608,-5.73257e-05,0.011857027,0.009287488,-0.00573257,DOWN,0.015428821993422014,57.17006428653708,35.66840964420635,0.9916146979679984,0.008092226833241975,0.004818953573703766,36.59798049926758
2026-05-11,gold,4718.699938761594,4720.130642968026,-0.00036014174,-5.7105382e-05,0.011806264,0.009255472,-0.0057105385,DOWN,0.014754558245977233,57.17006428653708,35.66840964420635,0.9916146979679984,0.008092226833241975,0.004818953573703766,36.59798049926758
2026-05-12,gold,4677.599909171986,4718.427376557025,-0.008748201,-5.7778496e-05,0.011872411,0.009212651,-0.00577785,DOWN,0.01483222546466558,57.17006428653708,35.66840964420635,0.9916146979679984,0.008092226833241975,0.004818953573703766,36.59798049926758
2026-05-13,gold,4697.7003873253125,4677.331328004948,0.00428789,-5.752247e-05,0.012189157,0.00916428,-0.005752247,DOWN,0.014036765483063126,57.17006428653708,35.66840964420635,0.9916146979679984,0.008092226833241975,0.004818953573703766,36.59798049926758
2026-05-14,gold,4678.1001427190495,4697.398630195239,-0.004181003,-6.413896e-05,0.012848638,0.009081251,-0.0064138966,DOWN,0.012963021900982264,57.17006428653708,35.66840964420635,0.9916146979679984,0.008092226833241975,0.004818953573703766,36.59798049926758
2026-05-15,gold,4555.799622784078,4677.7741377941275,-0.026490962,-6.968941e-05,0.0060031074,0.008979513,-0.0069689415,DOWN,0.012865719090263513,57.17006428653708,35.66840964420635,0.9916146979679984,0.008092226833241975,0.004818953573703766,36.59798049926758
2026-05-18,gold,4552.499967621174,4555.511150408245,-0.000724571,-6.3361105e-05,0.0061184815,0.008872491,-0.0063361106,DOWN,0.012861466452820138,57.17006428653708,35.66840964420635,0.9916146979679984,0.008092226833241975,0.004818953573703766,36.59798049926758
2026-05-19,gold,4506.299652904272,4552.304627895355,-0.010200158,-4.289372e-05,0.0066615595,0.00875909,-0.004289372,DOWN,0.012975875946230517,57.17006428653708,35.66840964420635,0.9916146979679984,0.008092226833241975,0.004818953573703766,36.59798049926758
2026-05-20,gold,4531.299683131045,4506.215734014579,0.0055324566,-1.8611783e-05,0.008738449,0.00864979,-0.0018611783,DOWN,0.01243482948030309,57.17006428653708,35.66840964420635,0.9916146979679984,0.008092226833241975,0.004818953573703766,36.59798049926758
2026-05-21,gold,4539.799967494793,4531.3251928199315,0.0018740844,5.5630517e-06,0.0110721355,0.008547583,0.00055630517,UP,0.012295083349467877,57.17006428653708,35.66840964420635,0.9916146979679984,0.008092226833241975,0.004818953573703766,36.59798049926758
2026-05-22,gold,4521.000074670883,4539.933477705927,-0.004149707,2.9414572e-05,0.014257032,0.008457915,0.002941457,UP,0.012273406102443728,57.17006428653708,35.66840964420635,0.9916146979679984,0.008092226833241975,0.004818953573703766,36.59798049926758
2026-05-26,gold,4500.399897694588,4521.2231233119965,-0.0045669484,4.9298164e-05,0.014329024,0.008385027,0.0049298164,UP,0.012276857468537745,57.17006428653708,35.66840964420635,0.9916146979679984,0.008092226833241975,0.004818953573703766,36.59798049926758
2026-05-27,gold,4447.499894145643,4500.682632297103,-0.01182412,6.272399e-05,0.014312711,0.008328101,0.0062723993,UP,0.0118610277278518,57.17006428653708,35.66840964420635,0.9916146979679984,0.008092226833241975,0.004818953573703766,36.59798049926758
2026-05-28,gold,4499.299970269203,4447.828713655472,0.011579645,7.391916e-05,0.013765994,0.0082488945,0.007391916,UP,0.012131723509077834,57.17006428653708,35.66840964420635,0.9916146979679984,0.008092226833241975,0.004818953573703766,36.59798049926758
2026-05-29,gold,4560.499899579794,4499.708509737393,0.013510481,9.080005e-05,0.016335234,0.008167781,0.009080005,UP,0.012462426190824324,57.17006428653708,35.66840964420635,0.9916146979679984,0.008092226833241975,0.004818953573703766,36.59798049926758
2026-06-01,gold,4475.199877411127,4560.999074339867,-0.01888118,0.000109369226,0.015933342,0.008101954,0.010936922,UP,0.012435932682448709,57.17006428653708,35.66840964420635,0.9916146979679984,0.008092226833241975,0.004818953573703766,36.59798049926758
2026-06-02,gold,4489.100158344372,4475.750218796893,0.003101171,0.00012288798,0.0155638615,0.008062817,0.012288799,UP,0.012387975829872286,57.17006428653708,35.66840964420635,0.9916146979679984,0.008092226833241975,0.004818953573703766,36.59798049926758
2026-06-03,gold,4436.700288437336,4489.696781469451,-0.011741357,0.00013281159,0.019447973,0.008038153,0.013281159,UP,0.011924630039042096,57.17006428653708,35.66840964420635,0.9916146979679984,0.008092226833241975,0.004818953573703766,36.59798049926758
2026-06-04,gold,4475.799880902632,4437.296260967269,0.008774162,0.00013433301,0.015938092,0.008021964,0.013433301,UP,0.011968834572078714,57.17006428653708,35.66840964420635,0.9916146979679984,0.008092226833241975,0.004818953573703766,36.59798049926758
2026-06-05,gold,4337.100083991536,4476.414462253451,-0.03147912,0.00013737535,0.024425102,0.008015383,0.013737535,UP,0.013090995177504412,57.17006428653708,35.66840964420635,0.9916146979679984,0.008092226833241975,0.004818953573703766,36.59798049926758
2026-06-08,gold,4335.89957112947,4337.710701372067,-0.0002767659,0.00014081044,0.028498298,0.00804766,0.014081044,UP,0.013045519584199838,57.17006428653708,35.66840964420635,0.9916146979679984,0.008092226833241975,0.004818953573703766,36.59798049926758
2026-06-09,gold,4260.0000174749,4336.5103370886645,-0.017660018,0.00014068672,0.026848452,0.008086088,0.014068672,UP,0.01326061014973236,57.17006428653708,35.66840964420635,0.9916146979679984,0.008092226833241975,0.004818953573703766,36.59798049926758
2026-06-10,gold,4108.2002556324005,4260.558614730835,-0.03628414,0.00013112547,0.0155007355,0.008120569,0.013112548,UP,0.0143000456994701,57.17006428653708,35.66840964420635,0.9916146979679984,0.008092226833241975,0.004818953573703766,36.59798049926758
2026-06-11,gold,4090.300113291887,4108.678667019703,-0.004366695,0.0001165272,0.024613848,0.008169522,0.011652719,UP,0.014248653463639837,57.17006428653708,35.66840964420635,0.9916146979679984,0.008092226833241975,0.004818953573703766,36.59798049926758
2026-06-12,gold,4215.000298868108,4090.7154855300905,0.030031264,0.0001014579,0.021313632,0.008212649,0.01014579,UP,0.015176289536686621,57.17006428653708,35.66840964420635,0.9916146979679984,0.008092226833241975,0.004818953573703766,36.59798049926758
2026-06-15,gold,4328.000341057777,4215.382879972458,0.02645595,9.0804795e-05,0.014552757,0.008296119,0.00908048,UP,0.01608733906457617,57.17006428653708,35.66840964420635,0.9916146979679984,0.008092226833241975,0.004818953573703766,36.59798049926758
2026-06-16,gold,4330.900086402893,4328.332263946533,0.00066980853,7.677739e-05,0.016780531,0.008431258,0.007677739,UP,0.015559712560312461,57.17006428653708,35.66840964420635,0.9916146979679984,0.008092226833241975,0.004818953573703766,36.59798049926758
2026-06-17,gold,4358.900021708454,4331.134811336466,0.0064443597,5.4122385e-05,0.018027864,0.008579256,0.0054122387,UP,0.015529904589727106,57.17006428653708,35.66840964420635,0.9916146979679984,0.008092226833241975,0.004818953573703766,36.59798049926758
2026-06-18,gold,4224.100508413772,4359.01577790716,-0.03141347,2.6560825e-05,0.018948842,0.008741978,0.0026560826,UP,0.01543744339184132,57.17006428653708,35.66840964420635,0.9916146979679984,0.008092226833241975,0.004818953573703766,36.59798049926758
2026-06-22,gold,4181.8999246735475,4224.175126900023,-0.010040578,1.7732731e-05,0.019182518,0.0089034885,0.0017732731,UP,0.015423400207660452,57.17006428653708,35.66840964420635,0.9916146979679984,0.008092226833241975,0.004818953573703766,36.59798049926758
2026-06-23,gold,4129.89989161925,4181.891427481372,-0.012512496,-1.970533e-06,0.019237641,0.009017341,-0.0001970533,DOWN,0.015422523016536141,57.17006428653708,35.66840964420635,0.9916146979679984,0.008092226833241975,0.004818953573703766,36.59798049926758
2026-06-24,gold,3990.2999070991063,4129.81793065861,-0.034386743,-1.9804807e-05,0.011030627,0.009096919,-0.0019804807,DOWN,0.01630886388565188,57.17006428653708,35.66840964420635,0.9916146979679984,0.008092226833241975,0.004818953573703766,36.59798049926758
2026-06-25,gold,4030.5003117831366,3990.148544482523,0.010024009,-3.802046e-05,0.011152023,0.009151215,-0.0038020457,DOWN,0.016538133631202722,57.17006428653708,35.66840964420635,0.9916146979679984,0.008092226833241975,0.004818953573703766,36.59798049926758
2026-06-26,gold,4078.699614107609,4030.3015646338463,0.0118878605,-4.9309194e-05,0.010885656,0.00915771,-0.0049309195,DOWN,0.016741651302998328,57.17006428653708,35.66840964420635,0.9916146979679984,0.008092226833241975,0.004818953573703766,36.59798049926758
2026-06-29,gold,4022.3002578155865,4078.4840699698543,-0.013924408,-5.2895106e-05,0.0065783923,0.009159366,-0.005289511,DOWN,0.01682648939618736,57.17006428653708,35.66840964420635,0.9916146979679984,0.008092226833241975,0.004818953573703766,36.59798049926758
2026-06-30,gold,4022.8998977376323,4022.0708499642205,0.00014912087,-5.7028956e-05,0.0127907125,0.009155597,-0.0057028956,DOWN,0.01635927265752239,57.17006428653708,35.66840964420635,0.9916146979679984,0.008092226833241975,0.004818953573703766,36.59798049926758
2026-07-01,gold,4068.3000343865133,4022.659879040584,0.011222223,-5.9737387e-05,0.013438457,0.009131486,-0.0059737386,DOWN,0.016587745228063822,57.17006428653708,35.66840964420635,0.9916146979679984,0.008092226833241975,0.004818953573703766,36.59798049926758
2026-07-02,gold,4112.699890788819,4068.063621488356,0.010854561,-5.804462e-05,0.013146175,0.009115432,-0.0058044624,DOWN,0.016746328698559604,57.17006428653708,35.66840964420635,0.9916146979679984,0.008092226833241975,0.004818953573703766,36.59798049926758
2026-07-06,gold,4155.099904333474,4112.476876385335,0.010256724,-5.4285716e-05,0.015693907,0.0091150515,-0.0054285717,DOWN,0.016851449544217554,57.17006428653708,35.66840964420635,0.9916146979679984,0.008092226833241975,0.004818953573703766,36.59798049926758
2026-07-07,gold,4145.300062247261,4154.877943707252,-0.0023614035,-5.343923e-05,0.019036066,0.0090729445,-0.0053439233,DOWN,0.01682911385866034,57.17006428653708,35.66840964420635,0.9916146979679984,0.008092226833241975,0.004818953573703766,36.59798049926758
2026-07-08,gold,4070.899833524949,4145.090528670873,-0.018111033,-5.0474337e-05,0.017426392,0.009008264,-0.0050474335,DOWN,0.017051881388968595,57.17006428653708,35.66840964420635,0.9916146979679984,0.008092226833241975,0.004818953573703766,36.59798049926758
2026-07-09,gold,4130.600165603915,4070.7101543114404,0.014558618,-4.6618312e-05,0.015554395,0.008947394,-0.004661831,DOWN,0.017363196327522843,57.17006428653708,35.66840964420635,0.9916146979679984,0.008092226833241975,0.004818953573703766,36.59798049926758
2026-07-10,gold,4104.0997967653675,4130.417415066215,-0.0064362003,-4.4185e-05,0.016779428,0.008887425,-0.0044185,DOWN,0.017294496063404455,57.17006428653708,35.66840964420635,0.9916146979679984,0.008092226833241975,0.004818953573703766,36.59798049926758
2026-07-13,gold,3996.9998020854255,4103.939624687191,-0.026442418,-3.908566e-05,0.011473838,0.008842568,-0.0039085657,DOWN,0.017597810384814835,57.17006428653708,35.66840964420635,0.9916146979679984,0.008092226833241975,0.004818953573703766,36.59798049926758
2026-07-14,gold,4061.1003147363663,3996.8694446086884,0.015909817,-3.2681506e-05,0.01119028,0.008831291,-0.0032681506,DOWN,0.017686172784440207,57.17006428653708,35.66840964420635,0.9916146979679984,0.008092226833241975,0.004818953573703766,36.59798049926758
2026-07-15,gold,4044.000222790317,4061.010051176767,-0.004219596,-2.2210996e-05,0.013213104,0.008843849,-0.0022210996,DOWN,0.017458863086640384,57.17006428653708,35.66840964420635,0.9916146979679984,0.008092226833241975,0.004818953573703766,36.59798049926758
2026-07-16,gold,3985.600301027298,4043.9491403102875,-0.014546411,-1.258406e-05,0.01707586,0.008873562,-0.001258406,DOWN,0.01753327866999534,57.17006428653708,35.66840964420635,0.9916146979679984,0.008092226833241975,0.004818953573703766,36.59798049926758
2026-07-17,gold,4012.699548813107,3985.569452380383,0.0067764292,-7.6153083e-06,0.017003119,0.008912881,-0.0007615308,DOWN,0.01757188136106623,57.17006428653708,35.66840964420635,0.9916146979679984,0.008092226833241975,0.004818953573703766,36.59798049926758
2026-07-20,gold,4010.300302826756,4012.6822521807917,-0.0005982556,-4.404108e-06,0.01692205,0.008946728,-0.0004404108,DOWN,0.017433629519855717,57.17006428653708,35.66840964420635,0.9916146979679984,0.008092226833241975,0.004818953573703766,36.59798049926758
2026-07-21,gold,4071.099879969348,4010.2778188047087,0.015047194,-5.501468e-06,0.016151167,0.008968119,-0.0005501468,DOWN,0.016954490893772354,57.17006428653708,35.66840964420635,0.9916146979679984,0.008092226833241975,0.004818953573703766,36.59798049926758
2026-07-22,gold,4146.90015674266,4071.0806851382367,0.018447787,-4.77882e-06,0.011911611,0.008989826,-0.000477882,DOWN,0.017365488864610323,57.17006428653708,35.66840964420635,0.9916146979679984,0.008092226833241975,0.004818953573703766,36.59798049926758
2026-07-23,gold,4046.5999524728977,4146.8823529545625,-0.024483997,-4.189118e-06,0.009254695,0.008998695,-0.0004189118,DOWN,0.017620959945389165,57.17006428653708,35.66840964420635,0.9916146979679984,0.008092226833241975,0.004818953573703766,36.59798049926758
2026-07-24,gold,4067.6000826419913,4046.5769428247586,0.0051761228,-5.7861325e-06,0.011211822,0.00902211,-0.00057861325,DOWN,0.016435341762079888,57.17006428653708,35.66840964420635,0.9916146979679984,0.008092226833241975,0.004818953573703766,36.59798049926758
2026-07-27,gold,4074.5001637208043,4067.5748830789234,0.0016948709,-6.244285e-06,0.011162067,0.009031,-0.0006244285,DOWN,0.01641969516415345,57.17006428653708,35.66840964420635,0.9916146979679984,0.008092226833241975,0.004818953573703766,36.59798049926758
2026-07-28,gold,4036.3002024888992,4074.47352835536,-0.009419597,-6.523798e-06,0.012430592,0.009022678,-0.0006523798,DOWN,0.015452061073211907,57.17006428653708,35.66840964420635,0.9916146979679984,0.008092226833241975,0.004818953573703766,36.59798049926758
2026-07-29,gold,4034.70017699452,4036.275509440602,-0.00039650546,-6.0692546e-06,0.018978674,0.0090015875,-0.00060692546,DOWN,0.014513707270180087,57.17006428653708,35.66840964420635,0.9916146979679984,0.008092226833241975,0.004818953573703766,36.59798049926758
2026-07-30,gold,4100.100352032256,4034.6718142095633,0.01607945,-6.9596863e-06,0.0191811,0.00896469,-0.0006959686,DOWN,0.014893244628033852,57.17006428653708,35.66840964420635,0.9916146979679984,0.008092226833241975,0.004818953573703766,36.59798049926758
2026-07-31,gold,4049.1003674876993,4100.080791240471,-0.012516729,-4.6749774e-06,0.016645992,0.008921603,-0.00046749774,DOWN,0.014935025495496098,57.17006428653708,35.66840964420635,0.9916146979679984,0.008092226833241975,0.004818953573703766,36.59798049926758
2026-08-03,gold,4033.699862168345,4049.089478468639,-0.0038106018,-2.6164053e-06,0.014675403,0.008876464,-0.00026164053,DOWN,0.013932626326677897,57.17006428653708,35.66840964420635,0.9916146979679984,0.008092226833241975,0.004818953573703766,36.59798049926758
2026-08-04,gold,4095.399835328426,4033.6997107446223,0.015180312,-8.20728e-08,0.015462585,0.008795724,-8.20728e-06,DOWN,0.014160647269482228,57.17006428653708,35.66840964420635,0.9916146979679984,0.008092226833241975,0.004818953573703766,36.59798049926758
2026-08-05,gold,4245.799739303067,4095.4399355401983,0.036065843,9.699899e-06,0.0090470025,0.008716837,0.0009699899,UP,0.015522590298283848,57.17006428653708,35.66840964420635,0.9916146979679984,0.008092226833241975,0.004818953573703766,36.59798049926758
2026-08-06,gold,4241.9999678094755,4245.92431482696,-0.0008953568,2.9290415e-05,0.011807648,0.008710434,0.0029290416,UP,0.01407034431765283,57.17006428653708,35.66840964420635,0.9916146979679984,0.008092226833241975,0.004818953573703766,36.59798049926758
2026-08-07,gold,4340.700261354446,4242.1759786605835,0.023000814,4.1463267e-05,0.00682984,0.0087354025,0.004146327,UP,0.014525795210814861,57.17006428653708,35.66840964420635,0.9916146979679984,0.008092226833241975,0.004818953573703766,36.59798049926758
2026-08-10,gold,4361.79980935622,4340.924769387813,0.004849101,5.1774317e-05,0.007405789,0.00878791,0.0051774317,UP,0.014425159959360416,57.17006428653708,35.66840964420635,0.9916146979679984,0.008092226833241975,0.004818953573703766,36.59798049926758
2026-08-11,gold,4382.99990148982,4362.049388874322,0.00484865,5.719153e-05,0.009546103,0.008857687,0.005719153,UP,0.014102814207628316,57.17006428653708,35.66840964420635,0.9916146979679984,0.008092226833241975,0.004818953573703766,36.59798049926758
2026-08-12,gold,4408.90004324913,4383.2507972717285,0.0058917818,5.7167723e-05,0.016156875,0.008911054,0.0057167723,UP,0.014102398503663394,57.17006428653708,35.66840964420635,0.9916146979679984,0.008092226833241975,0.004818953573703766,36.59798049926758
2026-08-13,gold,4363.600004841923,4409.153758365253,-0.010327776,5.7519937e-05,0.014160417,0.008951447,0.0057519935,UP,0.014222606927609871,57.17006428653708,35.66840964420635,0.9916146979679984,0.008092226833241975,0.004818953573703766,36.59798049926758
2026-08-14,gold,4380.399884790648,4363.85030503833,0.0038425953,5.738862e-05,0.015764512,0.009000184,0.005738862,UP,0.014135622532390067,57.17006428653708,35.66840964420635,0.9916146979679984,0.008092226833241975,0.004818953573703766,36.59798049926758
2026-08-17,gold,4417.799268413277,4380.642195886932,0.008501768,5.5298326e-05,0.016093848,0.009007028,0.0055298326,UP,0.014104245559877299,57.17006428653708,35.66840964420635,0.9916146979679984,0.008092226833241975,0.004818953573703766,36.59798049926758
2026-08-18,gold,4366.000011195021,4418.052593220025,-0.011794533,5.713466e-05,0.012759943,0.00899413,0.005713466,UP,0.014309477985174296,57.17006428653708,35.66840964420635,0.9916146979679984,0.008092226833241975,0.004818953573703766,36.59798049926758
2026-08-19,gold,4489.399782657623,4366.2519063949585,0.027871784,5.7584635e-05,0.009227155,0.008962951,0.0057584634,UP,0.014591606120940936,57.17006428653708,35.66840964420635,0.9916146979679984,0.008092226833241975,0.004818953573703766,36.59798049926758
